ts,open,high,low,close,volume
1601510400000,10777.3,10828.3,10777.3,10807.8,799.17408032
1601511300000,10806.5,10816.7,10798,10798,430.17508203
1601512200000,10798,10809.3,10787.6,10794.3,408.20101589
1601513100000,10794.3,10797,10781.4,10789.1,393.35207136
1601514000000,10789.2,10806,10787,10804.5,205.83809936
1601514900000,10804.5,10809.3,10798.3,10801.1,219.56809026
1601515800000,10801.1,10816.6,10801.1,10815.7,179.42965637
1601516700000,10815.7,10847.6,10814.4,10838.1,311.08265231
1601517600000,10838.2,10860.1,10816.6,10819.7,375.76364184
1601518500000,10819.7,10823,10810,10814.3,340.13217697
1601519400000,10814.3,10832.7,10814.3,10827.9,244.5513739
1601520300000,10827.9,10830.2,10809.7,10816,931.38415034
1601521200000,10816,10821.3,10793.5,10800.1,675.32374875
1601522100000,10800.1,10810,10798.4,10804.1,300.30063292
1601523000000,10804.2,10810,10795.9,10803.3,1160.28794343
1601523900000,10804,10804,10792.1,10798.1,232.70887543
1601524800000,10798.2,10817.9,10796.1,10817.9,141.25984881
1601525700000,10817.9,10825.3,10814,10816.1,396.70758548
1601526600000,10816,10821.2,10803.1,10803.1,427.85595141
1601527500000,10803.1,10806.6,10799.3,10802.1,154.15910065
1601528400000,10801.2,10801.3,10792.4,10795.9,152.24621531
1601529300000,10795.9,10812.9,10795.9,10810.7,223.82169707
1601530200000,10811.1,10817.6,10792.2,10814,462.49864527
1601531100000,10814,10824.4,10811.6,10819.2,112.00134172
1601532000000,10819.2,10839.6,10819.2,10837.3,365.21585922
1601532900000,10837.3,10843.4,10820.2,10820.2,424.8842715
1601533800000,10820.1,10829.4,10818.6,10823.9,275.44064528
1601534700000,10823.8,10824.9,10811.9,10819.8,300.44588102
1601535600000,10819.7,10834.2,10817.5,10825.5,559.5574021
1601536500000,10825.5,10839.1,10821.4,10829.9,350.0719694
1601537400000,10829.8,10829.9,10806.6,10808.9,386.51085482
1601538300000,10809,10826.5,10806.6,10824.1,207.60321681
1601539200000,10824.5,10922,10810,10849.5,1359.68039755
1601540100000,10849.5,10920,10849.5,10892.9,698.64910923
1601541000000,10893.3,10917,10877.3,10893.6,684.8819341
1601541900000,10894,10895.9,10869.9,10869.9,613.91496685
1601542800000,10870,10890,10870,10882.3,471.06083262
1601543700000,10882.3,10883.9,10873.1,10876,252.08987223
1601544600000,10876,10893.1,10876,10893,321.81908658
1601545500000,10893.1,10900,10884.4,10894.8,448.14981675
1601546400000,10894.9,10910,10870,10873.2,297.28280509
1601547300000,10872.9,10874.9,10852,10853.1,448.70362419
1601548200000,10853,10863.8,10844.6,10861.3,434.88824607
1601549100000,10861.4,10870,10853,10865.1,346.12512664
1601550000000,10865.2,10874.5,10850.9,10870.9,263.36523137
1601550900000,10871,10877,10860.6,10864.1,243.79657035
1601551800000,10864.1,10889.6,10859.7,10883.8,339.38650669
1601552700000,10883.9,10900.4,10878.4,10900.3,520.75068669
1601553600000,10900.4,10906.5,10866.1,10870.6,354.74244288
1601554500000,10869.5,10872.8,10860.8,10871,217.30939668
1601555400000,10871.1,10896.2,10871.1,10886,578.1164723
1601556300000,10886,10889.7,10875.6,10882.7,483.76533439
1601557200000,10882.7,10886.3,10867.4,10874.3,301.03857526
1601558100000,10874.3,10874.8,10865.7,10866.8,177.34369687
1601559000000,10866.7,10892.1,10863.8,10873.5,471.56890192
1601559900000,10872.4,10874.4,10844.9,10857.1,367.99396188
1601560800000,10857,10862.2,10831.6,10841.5,386.63180899
1601561700000,10841.5,10858.2,10834.8,10841.9,300.01846879
1601562600000,10841.8,10862.7,10841.8,10860,705.02103467
1601563500000,10860.1,10862.6,10848.3,10858.2,315.83125949
1601564400000,10858.2,10869.2,10848.5,10861,465.77981985
1601565300000,10861,10877.2,10861,10874.3,284.51452115
1601566200000,10874.4,10880.8,10868.7,10871.8,421.54442332
1601567100000,10871.8,10871.8,10712,10716.2,911.66413494
1601568000000,10716.3,10716.3,10624.6,10632.6,1127.46838131
1601568900000,10632.1,10632.1,10516.5,10571,1440.01678078
1601569800000,10571,10596.2,10467.2,10474.3,1662.44200478
1601570700000,10473.6,10544.8,10448.6,10522.5,970.47932865
1601571600000,10522.5,10534.3,10482.6,10510.1,1408.31054493
1601572500000,10511.1,10533.6,10471.4,10518.3,391.5720256
1601573400000,10518.6,10531,10488.1,10498.5,366.89413219
1601574300000,10498.4,10514,10480.5,10484.3,375.85465821
1601575200000,10484.3,10522.4,10464.1,10517.9,426.39234685
1601576100000,10517.9,10551.6,10506.7,10549.9,260.86739579
1601577000000,10550.3,10578.1,10539.1,10571.5,404.26433929
1601577900000,10571.4,10595.2,10551.9,10585.2,1001.04976797
1601578800000,10585.2,10639.3,10581.5,10635.7,410.23149795
1601579700000,10635.7,10636.5,10586.9,10586.9,326.71707377
1601580600000,10586.9,10591,10571.3,10571.3,209.50916062
1601581500000,10571.3,10618.2,10567.1,10617.2,235.48261706
1601582400000,10617.1,10617.1,10568.3,10573.7,321.30942448
1601583300000,10573.5,10593.9,10571.5,10579.4,216.47478587
1601584200000,10579.5,10585.1,10571.7,10583,614.51365183
1601585100000,10583.5,10618.4,10580,10605.1,233.79736714
1601586000000,10604.8,10615.3,10604.7,10606.1,408.94711996
1601586900000,10606.1,10618.1,10588.3,10617.8,217.00227496
1601587800000,10617.8,10627.7,10612,10612,207.27980463
1601588700000,10612,10623.4,10585.3,10585.3,515.68419813
1601589600000,10585.3,10626.1,10573.3,10624.5,188.4271741
1601590500000,10624.4,10631.2,10603.2,10612.6,512.76808059
1601591400000,10612.6,10634.4,10603.1,10623.8,347.50715007
1601592300000,10623.8,10625.7,10604.1,10607.5,383.34908498
1601593200000,10607.4,10611.1,10594.4,10602.7,327.82440085
1601594100000,10603,10613.5,10595.1,10595.9,565.63072396
1601595000000,10595.8,10618.5,10595.8,10599.2,316.99063455
1601595900000,10600,10623.5,10600,10619.9,231.76324777
1601596800000,10619.2,10619.2,10585.3,10595.7,191.71960498
1601597700000,10597.3,10616,10597.3,10605,336.71741448
1601598600000,10605.1,10616.5,10595,10595,416.27639863
1601599500000,10595.1,10604.2,10594.6,10594.6,667.09898639
1601600400000,10594.6,10615.6,10593.1,10611.3,468.960956
1601601300000,10611.3,10618.8,10604.7,10607.3,339.8538531
1601602200000,10607.3,10612.2,10593.1,10595.4,334.69866935
1601603100000,10595.4,10601.8,10588.3,10591.2,409.70602568
1601604000000,10591.2,10609.4,10588.1,10603.3,646.73977931
1601604900000,10603.3,10615.4,10600.9,10614.1,469.07834066
1601605800000,10614.1,10620.4,10602.9,10602.9,492.44587573
1601606700000,10602.9,10607.1,10594.7,10603.3,464.10816433
1601607600000,10605.1,10618.5,10602,10610.4,415.85663178
1601608500000,10610.4,10623.6,10607.7,10621.4,323.51754525
1601609400000,10621.4,10627.8,10609,10610.1,536.38778807
1601610300000,10610.9,10653.6,10609,10647.5,805.77220573
1601611200000,10648.4,10665.5,10631.6,10639.6,634.06224999
1601612100000,10639.6,10662.8,10638.9,10651,471.65358843
1601613000000,10651,10654.2,10640,10641.1,560.08199264
1601613900000,10641.1,10646.1,10587.9,10588.2,661.34483718
1601614800000,10588.2,10588.8,10472,10492.1,1568.3160299
1601615700000,10492.4,10515.5,10384.8,10422.4,1399.25622185
1601616600000,10422.4,10455.2,10383.6,10454.9,872.02767023
1601617500000,10454.8,10454.8,10420,10440.6,429.55447583
1601618400000,10440.6,10471.8,10410.7,10465.6,444.62224788
1601619300000,10465.6,10498,10457.7,10482.9,370.82871756
1601620200000,10482.8,10516.5,10481.3,10508.1,469.94061201
1601621100000,10507.7,10526.3,10490.6,10499.4,583.45817539
1601622000000,10498.8,10505.5,10483.9,10487.3,218.45749676
1601622900000,10487.3,10514.1,10484.7,10500.8,423.8450108
1601623800000,10500.8,10501.3,10483.3,10492,267.4652264
1601624700000,10492.1,10496.5,10469.4,10489.7,545.43234968
1601625600000,10488.4,10488.4,10446.1,10446.1,258.8106715
1601626500000,10446,10493.7,10445.3,10479.4,147.52253361
1601627400000,10479.3,10482.4,10461.7,10464.9,402.16715706
1601628300000,10464.8,10469.3,10425.2,10454.7,371.53059501
1601629200000,10454.6,10485.1,10444.3,10457.3,149.69995869
1601630100000,10457.2,10467.2,10421.2,10426.5,256.24185346
1601631000000,10426.5,10444.4,10423.6,10430.1,247.69011029
1601631900000,10430,10450.9,10430,10448.8,576.84207063
1601632800000,10448.1,10467.7,10437.8,10450.3,242.15970847
1601633700000,10450.3,10454.9,10375,10429.3,734.6582622
1601634600000,10429.3,10450,10428.5,10448.2,263.08356321
1601635500000,10448.2,10463.2,10426.8,10459.4,623.85721339
1601636400000,10459.5,10467.1,10446.2,10454.6,193.257479
1601637300000,10454.5,10459.8,10443.7,10452.4,480.45874151
1601638200000,10452.5,10477.7,10447.3,10447.4,445.2283074
1601639100000,10447.4,10459.5,10431.9,10433.5,357.55654318
1601640000000,10433.8,10469.3,10429.6,10467.4,487.91285238
1601640900000,10469.3,10494.1,10467.8,10482.6,487.34797079
1601641800000,10482.8,10487.6,10460.6,10466.9,631.38494322
1601642700000,10466.9,10492.4,10465.1,10487.5,195.2342445
1601643600000,10487.5,10492.2,10458.5,10459.2,553.72244044
1601644500000,10458.8,10461.8,10435,10457.3,366.94573463
1601645400000,10457.6,10532.6,10445,10532.4,340.86230485
1601646300000,10532.4,10602.5,10514.8,10527.4,935.70070603
1601647200000,10527.4,10549.6,10525.4,10538.6,333.11563743
1601648100000,10538.7,10552.1,10506,10529,326.3187091
1601649000000,10529.3,10532.7,10510.8,10511.9,283.75076645
1601649900000,10511.9,10550.8,10511.9,10521.9,479.12001657
1601650800000,10521.4,10534.3,10520,10524.4,450.39348828
1601651700000,10524.4,10544.7,10520.9,10536.9,451.02689672
1601652600000,10537.8,10545.8,10528.8,10533.9,571.70007857
1601653500000,10533.8,10537.3,10504.2,10511.4,425.28556798
1601654400000,10511.4,10555.8,10492.9,10536,591.40112443
1601655300000,10536.3,10560.5,10536.3,10537.9,2730.97848762
1601656200000,10537.1,10554.4,10529,10549.6,338.04145333
1601657100000,10549.6,10549.9,10535,10542.1,324.37957404
1601658000000,10542.2,10551.6,10535.8,10540.1,328.913225
1601658900000,10540.6,10557.7,10538.9,10554.9,695.88235977
1601659800000,10554.9,10558.3,10518,10522.3,638.15379251
1601660700000,10522.8,10539.3,10521.5,10536.4,584.87015748
1601661600000,10536.5,10547.9,10535.2,10541.8,228.93988743
1601662500000,10541.9,10547.6,10532.8,10536.8,430.16742144
1601663400000,10536.9,10545,10535.1,10538,291.38839132
1601664300000,10537.2,10551.7,10523,10550,341.34373015
1601665200000,10549.9,10549.9,10520.6,10526.3,643.85023892
1601666100000,10526.3,10537.5,10525.6,10534.8,720.81117694
1601667000000,10534.9,10535.2,10517.2,10530.4,450.69324727
1601667900000,10530.6,10531.7,10511.5,10514.3,582.94444624
1601668800000,10514.2,10525,10509.2,10525,258.35796874
1601669700000,10525,10538.8,10525,10533.7,927.01699393
1601670600000,10533.7,10550,10533.7,10542.4,387.4572553
1601671500000,10542.4,10544.4,10532.5,10540.7,578.35906918
1601672400000,10540.8,10553.3,10538.1,10539.8,730.96849413
1601673300000,10538.7,10538.7,10520.3,10520.3,663.04942862
1601674200000,10520.3,10526.2,10492,10499.7,308.06324977
1601675100000,10500,10511.2,10462.7,10469.7,246.14368655
1601676000000,10469.8,10493.5,10468.7,10493.5,212.32831689
1601676900000,10493.5,10519.7,10482.9,10518.1,493.76623159
1601677800000,10518.9,10578,10518.9,10554,259.02690532
1601678700000,10554,10561.7,10544.2,10551.6,462.65033565
1601679600000,10551.6,10567,10548.1,10558.7,627.11769136
1601680500000,10558.7,10568,10558.1,10564.2,287.0175655
1601681400000,10565.4,10576.4,10556.7,10557.7,422.96786176
1601682300000,10557.7,10571,10555.2,10570.6,624.98515656
1601683200000,10570.6,10577.9,10534,10546.6,396.06639267
1601684100000,10546.5,10565.5,10538.7,10539.9,168.58281432
1601685000000,10542.2,10549,10534.1,10542.9,404.96821208
1601685900000,10543,10555,10536.5,10545.7,253.85000171
1601686800000,10545.6,10555.5,10536.7,10536.7,295.03106277
1601687700000,10537.5,10548.8,10537.5,10543.5,307.910091
1601688600000,10543.5,10549.6,10528.4,10539.3,218.34457954
1601689500000,10538.9,10540.1,10523.9,10537.5,512.00866855
1601690400000,10537.5,10547.2,10525.5,10528.4,282.77109209
1601691300000,10529.3,10535.7,10521,10527,352.32596655
1601692200000,10527,10538,10524.4,10531.9,288.17732952
1601693100000,10531.9,10542.9,10531.9,10540.7,127.89879597
1601694000000,10540.8,10546.5,10531,10543.9,274.82506874
1601694900000,10543.9,10562.2,10543.9,10551.9,180.4740921
1601695800000,10551.9,10558.9,10543,10557.8,240.07149122
1601696700000,10557.8,10557.8,10544.6,10552.1,402.40310687
1601697600000,10552.1,10557.2,10542.3,10554,214.8044435
1601698500000,10554,10558.9,10551.1,10555.5,944.30755797
1601699400000,10555.5,10555.5,10544.1,10547.1,391.93380578
1601700300000,10546.7,10556.6,10546.7,10556.6,623.31110298
1601701200000,10556.6,10562.2,10542.1,10542.1,198.30452587
1601702100000,10542,10543.6,10532.1,10537.6,506.51900174
1601703000000,10537.6,10540.1,10534,10536.5,382.16358833
1601703900000,10536.5,10538,10533.3,10536.3,984.10518496
1601704800000,10536.2,10547.6,10496,10504,327.68906466
1601705700000,10504,10525,10502.5,10519.9,184.81716726
1601706600000,10519.8,10528.8,10513.8,10525.7,599.67826316
1601707500000,10526.4,10531.8,10521.7,10528.6,672.43062969
1601708400000,10528.7,10528.7,10510.8,10514.3,372.20916129
1601709300000,10515.1,10525.1,10513.9,10516.9,549.02316149
1601710200000,10517,10529.2,10514.1,10529.2,320.67596092
1601711100000,10529.3,10530.3,10520.4,10527.3,377.49283938
1601712000000,10527.2,10527.2,10506.7,10510.3,276.73525143
1601712900000,10510.3,10551.7,10500,10536.1,441.15671104
1601713800000,10534.4,10538,10520.2,10520.2,634.16526162
1601714700000,10520.1,10520.1,10502.4,10508.5,294.92146421
1601715600000,10508.5,10523.8,10504.8,10514.7,925.87852674
1601716500000,10515.5,10538,10512.9,10527.3,764.98132105
1601717400000,10527.2,10536.5,10522.6,10523.7,397.13492753
1601718300000,10524.6,10527.4,10516.7,10527.4,417.33073543
1601719200000,10528.2,10541.6,10519.3,10534.3,415.05125852
1601720100000,10534,10535.1,10520,10530.5,475.50683633
1601721000000,10530.4,10535.7,10523.5,10535.1,174.35637954
1601721900000,10534.9,10548.6,10531.5,10548.6,414.56879837
1601722800000,10548.5,10550,10538,10545.5,356.65381827
1601723700000,10545.5,10561.9,10527.9,10538,542.47405846
1601724600000,10538.2,10542.3,10530.5,10532.4,297.67441962
1601725500000,10532.4,10540.8,10532.4,10536.1,457.38807044
1601726400000,10536,10537.3,10522.1,10524,317.22485911
1601727300000,10524,10539.3,10518.6,10530.7,291.50413528
1601728200000,10532.1,10539.8,10526.5,10533.6,383.21308126
1601729100000,10533.6,10542.3,10530.6,10536.2,531.55548173
1601730000000,10536.5,10547.3,10533.4,10536.3,471.92729829
1601730900000,10537.4,10543.6,10532.2,10532.2,220.34742193
1601731800000,10532.4,10532.5,10526,10530,742.3675044
1601732700000,10530,10541.3,10524.5,10528,267.02170383
1601733600000,10528.5,10538,10524.1,10533.4,192.42759102
1601734500000,10532.8,10539.2,10529.5,10536.9,631.23762793
1601735400000,10537,10540.3,10530.8,10531.9,259.00979333
1601736300000,10531.9,10538.4,10530,10534.8,373.75549354
1601737200000,10534.8,10542.6,10529.9,10540.1,370.6377673
1601738100000,10540.1,10552.4,10540.1,10545.7,304.16689497
1601739000000,10545.6,10545.6,10533.4,10533.8,126.09406462
1601739900000,10533.8,10549.3,10530.5,10541.6,406.01063556
1601740800000,10541.3,10549.1,10536.5,10547.3,425.08744687
1601741700000,10547.3,10554.2,10542.9,10546.1,286.19974657
1601742600000,10547.2,10554.1,10544.1,10551.9,393.99708866
1601743500000,10551.9,10601.9,10550.6,10578.1,683.38670658
1601744400000,10578.1,10584,10568.7,10569.1,2409.41862584
1601745300000,10569,10572.3,10561.6,10566.9,537.5191012
1601746200000,10567,10577.3,10567,10572.9,175.91784034
1601747100000,10572.8,10583.2,10571.7,10579.6,249.25663197
1601748000000,10579.5,10582.7,10571.6,10578.3,296.2882525
1601748900000,10578.2,10586.9,10576.7,10578.6,243.03778719
1601749800000,10578.7,10580.7,10562.3,10568.1,507.36807617
1601750700000,10568.1,10572.1,10561.1,10572.1,161.77173642
1601751600000,10572.4,10587.8,10568.8,10587.8,311.95036764
1601752500000,10587,10588.5,10577.9,10586.1,343.34799192
1601753400000,10586.1,10592.1,10572.2,10574.7,192.5090753
1601754300000,10574.7,10582.4,10574.7,10580.4,262.22075887
1601755200000,10580.4,10588,10571.7,10573.3,223.09314299
1601756100000,10573.4,10578.3,10563,10563.1,162.51321264
1601757000000,10563.1,10568.6,10555.4,10563.8,576.62069766
1601757900000,10564.6,10567.4,10557.8,10562.3,333.89369909
1601758800000,10563.9,10567,10555,10556,187.63064771
1601759700000,10556,10562,10552.9,10553.3,681.13449126
1601760600000,10553.3,10570.4,10553.3,10566.5,89.1192405
1601761500000,10566.5,10572.5,10566.5,10567.8,84.73795741
1601762400000,10567.9,10567.9,10526.4,10543.9,227.23355358
1601763300000,10543.9,10550.3,10537.9,10548.6,344.84575055
1601764200000,10548.7,10550,10535.1,10546,141.58513841
1601765100000,10546.5,10560.6,10538.7,10557.5,536.75778221
1601766000000,10557.9,10563.2,10547.8,10559,357.26381241
1601766900000,10559,10559.4,10547.1,10556.1,262.52886961
1601767800000,10556,10562.3,10541.4,10541.4,242.71778623
1601768700000,10541.4,10546.3,10537.5,10541.8,146.89821185
1601769600000,10541.8,10545.8,10518.7,10545.8,531.87295993
1601770500000,10545.8,10557.2,10545.1,10549.2,269.06384572
1601771400000,10549.2,10550.6,10536.4,10536.7,159.37827672
1601772300000,10536.8,10553.6,10536.7,10544.5,603.98734785
1601773200000,10544.5,10544.5,10535.7,10535.8,248.08890041
1601774100000,10535.8,10538,10522.9,10527.7,302.21338439
1601775000000,10527.3,10537.1,10518.7,10537.1,359.75841863
1601775900000,10537.1,10548,10532,10541.6,258.6922268
1601776800000,10542,10542,10536.3,10536.4,256.70391442
1601777700000,10536.3,10543.5,10530.6,10540.7,332.86702191
1601778600000,10539.9,10548.1,10539.9,10545.8,270.37325264
1601779500000,10545.7,10554.9,10541.8,10550.8,230.1374595
1601780400000,10550.8,10560.8,10550.5,10553,342.46440336
1601781300000,10553.1,10556.3,10548.6,10554.4,311.11715321
1601782200000,10554.5,10557.9,10543.9,10544.5,251.24971529
1601783100000,10544.6,10548.2,10544.6,10547.2,311.76795803
1601784000000,10547.2,10562.6,10547.2,10562,319.16005005
1601784900000,10562,10578.8,10562,10572.4,272.3789391
1601785800000,10572.7,10574.8,10568.7,10568.7,659.17289836
1601786700000,10568.7,10571.7,10564.5,10566.2,205.45224166
1601787600000,10566.6,10576.5,10566.6,10575.2,313.27634516
1601788500000,10575.2,10575.2,10565.7,10573.4,338.71102274
1601789400000,10573.5,10576.4,10569,10569.5,151.77770934
1601790300000,10569.5,10576.4,10561.1,10562.2,181.3841576
1601791200000,10562.3,10576.5,10562.3,10576.4,107.11145559
1601792100000,10576.3,10589,10573.8,10583.3,180.14097363
1601793000000,10583.3,10638.6,10580,10612.2,831.47368848
1601793900000,10612.2,10621.9,10608.1,10616.3,482.65523137
1601794800000,10616.4,10630,10600.7,10603.2,699.78439882
1601795700000,10603.3,10621.1,10601,10614.2,146.82342367
1601796600000,10614.2,10618.7,10607.4,10607.5,224.01321669
1601797500000,10607.5,10615.6,10606.6,10611.7,93.85173902
1601798400000,10611.8,10618.9,10604.8,10613.8,363.42087242
1601799300000,10613.9,10622.3,10607.5,10617.3,612.79188884
1601800200000,10617.3,10619.3,10587.8,10590.8,390.93119363
1601801100000,10591.3,10605.6,10585,10598.8,241.08243928
1601802000000,10598.9,10603.8,10597,10598.8,865.98043224
1601802900000,10598.9,10599.4,10588.8,10590.4,892.54070366
1601803800000,10590.4,10597.1,10584.5,10592.9,295.61447006
1601804700000,10593,10600.2,10592.9,10595.8,391.67277453
1601805600000,10595.2,10598.2,10571.8,10579,378.72837256
1601806500000,10578.9,10587.8,10578,10584.8,146.42298585
1601807400000,10584.8,10587.9,10573.2,10573.2,481.39688494
1601808300000,10573.7,10585.6,10573.2,10584.9,330.97037473
1601809200000,10585.3,10591.9,10581.5,10586.5,416.87236136
1601810100000,10587.1,10588.4,10575.6,10577.2,507.34629685
1601811000000,10576.9,10597.9,10576.3,10597.6,408.45747905
1601811900000,10597.7,10610,10591.9,10600.4,450.14677138
1601812800000,10600.4,10606.6,10588.4,10592.3,352.19773876
1601813700000,10592.5,10594.4,10585,10586.9,421.29431058
1601814600000,10586.9,10591.7,10574.2,10591.7,662.61932381
1601815500000,10591.8,10606.4,10591.7,10606.4,471.77318643
1601816400000,10606.4,10621.7,10606.4,10611,263.43670831
1601817300000,10611,10616.8,10604.8,10607.6,171.80722531
1601818200000,10608,10612.3,10597.2,10603.9,518.61167888
1601819100000,10603.8,10609.4,10603,10609.4,198.58411374
1601820000000,10609.4,10614.1,10601,10603.7,339.51106113
1601820900000,10603.7,10603.7,10589.3,10599.9,198.34896236
1601821800000,10599.9,10609.5,10597.3,10600.8,127.69218301
1601822700000,10600.9,10602.5,10590,10602.5,408.93189892
1601823600000,10602.5,10607.4,10597,10605.6,129.86633483
1601824500000,10605.9,10605.9,10592.4,10602.7,923.23588615
1601825400000,10603.2,10606.2,10599.5,10601,185.42590762
1601826300000,10601,10601.1,10588.9,10591.8,249.4508106
1601827200000,10591.9,10601,10583,10600.9,228.27458503
1601828100000,10601,10604.1,10596.9,10602.2,185.5885698
1601829000000,10602.2,10605.1,10597.5,10598.2,274.0406938
1601829900000,10598.3,10600.4,10591.8,10599.6,610.70675119
1601830800000,10599.6,10604,10595.9,10597.9,155.53534829
1601831700000,10597.9,10603.5,10592,10596.5,1073.89556088
1601832600000,10596.5,10608.6,10592.8,10604.1,1993.43508403
1601833500000,10604,10605,10596.7,10605,387.44914299
1601834400000,10606.2,10650,10595.2,10634,498.55601624
1601835300000,10634,10645.2,10620.1,10633.6,262.22890683
1601836200000,10633.7,10642,10617.3,10630.1,189.16611238
1601837100000,10630.1,10636,10620,10632.2,104.33611562
1601838000000,10632.2,10684,10630.6,10651.8,490.97325369
1601838900000,10651.8,10681.2,10651.8,10674.7,190.90584733
1601839800000,10674.8,10697,10656.2,10669.8,171.32433422
1601840700000,10669.9,10688.5,10669.9,10673.1,324.59115506
1601841600000,10673.2,10691.5,10669,10671.3,397.43573993
1601842500000,10671.4,10679.6,10670,10674.9,123.90587706
1601843400000,10675.2,10679.7,10663.6,10669.2,478.87651268
1601844300000,10669.1,10671.8,10638.5,10643.5,218.84811788
1601845200000,10643.5,10665.8,10642.8,10656.2,386.5291341
1601846100000,10656.2,10659.9,10652.3,10653.9,269.44048246
1601847000000,10654,10658.3,10653.9,10657.3,53.115206
1601847900000,10657.3,10657.4,10645.2,10645.3,289.86301688
1601848800000,10645.4,10680,10640.3,10671.2,90.97973691
1601849700000,10671.2,10671.2,10654.7,10655.3,494.69056158
1601850600000,10655.3,10661.7,10650.8,10653.3,554.98175364
1601851500000,10653.4,10662.6,10652.9,10659,391.58591791
1601852400000,10658.4,10663.2,10646.5,10663.2,326.81799148
1601853300000,10663.1,10663.1,10656.3,10659.4,309.06501864
1601854200000,10659.7,10665.5,10658.1,10660.9,278.95385459
1601855100000,10660.8,10674.6,10654.7,10667.9,403.40703889
1601856000000,10666.8,10741.6,10658.1,10715.9,449.82799281
1601856900000,10716,10722.3,10703.9,10711,469.3065431
1601857800000,10711.1,10719.1,10703.9,10704.9,567.6950175
1601858700000,10705,10709.1,10702.2,10705.2,498.29480494
1601859600000,10705.1,10707,10693.8,10699.6,880.16930984
1601860500000,10699.6,10707.8,10697.4,10705.6,719.23718904
1601861400000,10705.6,10706.8,10689.2,10693.4,389.59703696
1601862300000,10693.4,10702.2,10686.6,10691.6,732.24231137
1601863200000,10691.9,10703.9,10688,10699.2,390.26724096
1601864100000,10699.2,10702.3,10694.8,10698.2,364.88180857
1601865000000,10698.3,10701,10688.6,10698.3,327.96757355
1601865900000,10698.3,10712.1,10697.5,10708.7,516.9287505
1601866800000,10708.6,10712.3,10693.8,10694.1,109.6295361
1601867700000,10694,10700,10683.6,10685.3,404.16086033
1601868600000,10685.2,10692.8,10685.2,10689.7,264.76358676
1601869500000,10689.8,10689.8,10664.4,10665.6,158.41836518
1601870400000,10666.5,10666.5,10646,10655.8,414.73618924
1601871300000,10655.9,10672.8,10655.9,10663,481.64834693
1601872200000,10664,10669.9,10658.5,10660.8,315.17057451
1601873100000,10660.7,10660.7,10648,10658.3,627.97569952
1601874000000,10658.2,10662.7,10654,10656.6,650.76048922
1601874900000,10656.7,10664.7,10653.5,10664.4,634.47357932
1601875800000,10664.4,10666.9,10657.7,10664.3,535.69170584
1601876700000,10664.3,10678,10664.3,10676.6,134.015902
1601877600000,10676.6,10676.6,10632.6,10633.3,273.74727665
1601878500000,10632.7,10641.5,10618.2,10631.2,231.95052711
1601879400000,10631.1,10642.7,10627.6,10641.6,162.46263403
1601880300000,10641.6,10642.1,10633.3,10639.6,336.76916134
1601881200000,10638.4,10670.8,10629.8,10663.6,237.35824151
1601882100000,10662.5,10665,10645.8,10646.1,382.83280836
1601883000000,10646.2,10675.1,10646.1,10673.6,456.25391819
1601883900000,10673.5,10692,10673.5,10685.9,407.54639594
1601884800000,10686,10693.1,10672.7,10682.8,413.18236944
1601885700000,10682.8,10688.7,10675.6,10685.9,390.01821402
1601886600000,10685.8,10687.3,10676.5,10681.6,157.67126467
1601887500000,10681.5,10681.6,10668.8,10671.6,282.79979707
1601888400000,10671.6,10687.4,10663.2,10682.5,409.52765062
1601889300000,10682.5,10684.9,10675.7,10676.2,102.83758955
1601890200000,10676.2,10687.8,10671.3,10681.6,147.56499751
1601891100000,10681.9,10682.6,10671.4,10678.1,172.88423948
1601892000000,10677.8,10677.8,10658.4,10664.7,180.60013288
1601892900000,10664.8,10666.8,10659.4,10663.5,216.5401838
1601893800000,10663.4,10688,10662.1,10686.1,290.19177031
1601894700000,10686.6,10686.6,10673.5,10683.8,246.23077808
1601895600000,10684,10698.8,10681.6,10688.3,260.38772824
1601896500000,10688.3,10688.4,10665.6,10669.8,112.33679238
1601897400000,10669.7,10676.1,10666.4,10676.1,343.79700512
1601898300000,10676.1,10679.7,10665.3,10667.7,217.87190648
1601899200000,10666.8,10676.8,10659.8,10676.8,448.9388882
1601900100000,10676.8,10687.7,10673.6,10681,661.63048703
1601901000000,10681,10685.9,10674,10680.4,178.80387512
1601901900000,10680.4,10697.3,10676.3,10694.5,383.9934385
1601902800000,10694.5,10736.3,10694.5,10703.3,425.00768347
1601903700000,10703.4,10713.1,10698.4,10706.8,315.76665327
1601904600000,10706.9,10730.2,10699.9,10710.5,299.71604112
1601905500000,10710.6,10730.1,10704.7,10725,243.81294664
1601906400000,10725,10775.5,10714.3,10727.9,612.81819463
1601907300000,10727.9,10734.5,10719.4,10729.8,101.62959257
1601908200000,10729.9,10746.2,10727.4,10734.5,366.52129655
1601909100000,10734.1,10737.1,10719.1,10723.5,413.31642987
1601910000000,10723.6,10724.6,10719.4,10723.3,260.58685582
1601910900000,10723.3,10732.8,10717.5,10719.4,415.26556054
1601911800000,10718.2,10722.5,10707.2,10718.6,177.79198134
1601912700000,10718.5,10724.1,10711.5,10724.1,146.16784043
1601913600000,10724,10730,10712.3,10720.8,332.80266463
1601914500000,10722,10724.1,10714.3,10719.3,148.51633588
1601915400000,10719.2,10720.9,10701.7,10720.9,420.37864301
1601916300000,10720.9,10742.9,10720.8,10742.7,289.90400017
1601917200000,10742.7,10743.5,10723.6,10723.6,799.90550467
1601918100000,10723.6,10723.6,10713.2,10715.3,1445.47745576
1601919000000,10715.2,10721.6,10711.8,10711.8,1240.6188219
1601919900000,10711.8,10715.7,10687.9,10695.6,488.8566939
1601920800000,10695.5,10701.8,10684.9,10693.1,607.29018771
1601921700000,10691.7,10697.6,10679.7,10691,159.81905281
1601922600000,10691.4,10698.6,10681.7,10698.5,150.46279597
1601923500000,10698.6,10716.2,10694.7,10714.1,274.21360204
1601924400000,10714.2,10731.2,10711,10727.2,281.67060588
1601925300000,10727.2,10734.6,10719.4,10730.4,285.36235977
1601926200000,10729.5,10739.1,10726.3,10734.7,229.91404868
1601927100000,10734.7,10740.7,10729,10729.8,659.06791623
1601928000000,10729.9,10741.1,10729.5,10734.5,308.03511728
1601928900000,10734.6,10754.7,10730.2,10751.6,331.90911049
1601929800000,10751.6,10751.6,10732.2,10735.3,266.24816394
1601930700000,10735.3,10744.3,10732.9,10737.3,126.8692743
1601931600000,10737.3,10747.2,10735,10743.3,279.01814397
1601932500000,10743.3,10760.1,10743.3,10751.9,234.66794805
1601933400000,10751.9,10758.8,10741.7,10741.8,197.07100027
1601934300000,10741.8,10741.8,10731.2,10739.4,212.52441108
1601935200000,10739.4,10757,10739.4,10752.4,918.94448649
1601936100000,10752.7,10767.5,10750.1,10763.9,534.87882429
1601937000000,10763.9,10763.9,10750.1,10756.5,128.67705457
1601937900000,10756.6,10757.2,10742.5,10746.3,91.3581471
1601938800000,10746.4,10757.1,10735.3,10738,152.99774858
1601939700000,10738,10751.2,10735,10750.9,151.84444773
1601940600000,10750.5,10798,10749.6,10770.7,425.19170896
1601941500000,10770.8,10798.7,10770.5,10791.3,253.50746502
1601942400000,10791.4,10800,10773.4,10786.6,169.4455704
1601943300000,10785.9,10785.9,10759.9,10759.9,309.09542726
1601944200000,10762.3,10763.2,10748.5,10757.7,178.58041412
1601945100000,10757.7,10763.1,10745,10752.5,669.44230495
1601946000000,10752.5,10772.7,10752.4,10768.3,306.7923449
1601946900000,10769.2,10769.2,10754,10754,544.56266124
1601947800000,10754.1,10763.6,10742.3,10752,394.85818682
1601948700000,10752.3,10767.9,10752.2,10764,872.54594625
1601949600000,10763.9,10772.2,10763.1,10768.2,218.95604343
1601950500000,10768.2,10772.7,10762.4,10767.1,338.49222528
1601951400000,10767.1,10775.4,10763.8,10773.5,532.73232281
1601952300000,10773.6,10793.1,10759.6,10759.6,272.43619393
1601953200000,10759.6,10765.2,10752.8,10759,171.58860293
1601954100000,10758.9,10770.4,10758,10770.4,269.46317588
1601955000000,10770.4,10785,10770,10777,119.7042629
1601955900000,10776.9,10783.6,10763.1,10765.9,250.02285662
1601956800000,10766,10778.7,10762.9,10770.1,143.75756565
1601957700000,10770.5,10782.6,10768.4,10779.5,171.47722311
1601958600000,10780.5,10783.3,10771.5,10774.5,237.46634975
1601959500000,10774.6,10775.6,10763,10766.6,500.07150582
1601960400000,10766.6,10766.7,10744.4,10752.9,474.4807018
1601961300000,10752.9,10760.2,10750.8,10755.5,208.29832041
1601962200000,10755.4,10759.2,10742.6,10745.5,175.90522908
1601963100000,10745.2,10753.9,10740.7,10747.3,96.00042352
1601964000000,10747.2,10749.1,10735,10738.1,377.71956024
1601964900000,10738.1,10753.3,10732.8,10743.2,162.3572023
1601965800000,10743.2,10743.2,10732.2,10736.5,186.172954
1601966700000,10736.7,10744.3,10736,10743,174.35811037
1601967600000,10742,10765,10742,10759.9,379.12239186
1601968500000,10759.9,10759.9,10752,10758.8,346.7858941
1601969400000,10758.7,10758.7,10736.4,10737.2,250.90096881
1601970300000,10737.2,10737.2,10701.4,10709.9,333.74151834
1601971200000,10709.1,10722.9,10700,10719.7,391.3218289
1601972100000,10719.7,10726.1,10715.1,10721.1,320.31782143
1601973000000,10721.2,10730.6,10720.1,10724.1,220.30003323
1601973900000,10724.1,10739.5,10718,10739.4,215.95687229
1601974800000,10739.5,10741.3,10732.9,10740.8,275.22518114
1601975700000,10741,10744,10733.8,10736,387.26000876
1601976600000,10735.9,10739.6,10733,10737,261.26008037
1601977500000,10737,10751.5,10736.9,10745.1,313.2404754
1601978400000,10745.2,10751.1,10732.2,10738.4,467.37048279
1601979300000,10738.3,10738.4,10719.9,10720,345.26829836
1601980200000,10719.9,10723.3,10708.2,10715.8,532.24039925
1601981100000,10715.8,10717.7,10701.8,10701.8,487.75425077
1601982000000,10701.5,10701.5,10654,10674.5,788.59149471
1601982900000,10674.5,10687.6,10663.5,10679.9,528.14518747
1601983800000,10679.9,10712.4,10676.9,10708.7,395.64782763
1601984700000,10708.1,10708.1,10690.1,10697.1,387.60548045
1601985600000,10697.6,10711.6,10687.2,10711.6,266.64892674
1601986500000,10711.9,10711.9,10698.4,10708.7,326.24869463
1601987400000,10708.6,10722.7,10708.6,10713.8,246.20244369
1601988300000,10713.8,10713.9,10699.5,10699.5,472.11960971
1601989200000,10699.1,10712.5,10689.7,10706.5,235.23742993
1601990100000,10706.4,10709.4,10698.2,10703.1,159.94891887
1601991000000,10703.2,10718.3,10699.9,10706.9,382.85842952
1601991900000,10707,10707.1,10671.9,10678.3,430.38747767
1601992800000,10677.6,10699.8,10667.6,10699.7,395.18095476
1601993700000,10699.7,10701.7,10691.9,10697.3,171.05131489
1601994600000,10697.2,10697.2,10655.7,10660.7,369.43234075
1601995500000,10659.8,10684.1,10657.1,10672.6,382.29886792
1601996400000,10672.6,10672.6,10621,10653.5,752.55718592
1601997300000,10653.5,10698.8,10651.9,10685.7,468.22563596
1601998200000,10685.7,10716,10683.8,10714.5,432.90129167
1601999100000,10714.5,10761.5,10713.9,10734.1,340.13303412
1602000000000,10734.2,10750.3,10715.1,10735,363.7532809
1602000900000,10734.9,10741.4,10726.5,10728.1,344.54514734
1602001800000,10728.1,10728.1,10714.8,10720.5,180.47665915
1602002700000,10720.4,10734.6,10720.3,10723.2,221.19376866
1602003600000,10723.2,10732.9,10709.1,10709.1,249.73908057
1602004500000,10709.1,10721.7,10704,10712.3,354.78508569
1602005400000,10711.3,10715.7,10706.6,10708.8,587.59543841
1602006300000,10708.8,10718.9,10707.3,10713.2,244.94733627
1602007200000,10713.2,10721.9,10704.9,10720.1,334.54824388
1602008100000,10720.2,10722.8,10716.3,10721.7,269.41745652
1602009000000,10721.7,10735.6,10718.9,10730.6,1606.23544268
1602009900000,10730.6,10732.7,10581.4,10604.3,1827.39300162
1602010800000,10604.4,10612.5,10538.1,10581.6,600.65229051
1602011700000,10581.6,10593.9,10549.8,10578,241.07549201
1602012600000,10577.9,10597.8,10565,10577,391.19710086
1602013500000,10577.3,10587.9,10557.1,10572.9,249.12548579
1602014400000,10572.9,10580.2,10553.8,10573.4,283.9449693
1602015300000,10572.7,10575.9,10554,10575.7,291.57773966
1602016200000,10575.7,10575.7,10552.3,10556.6,274.57918407
1602017100000,10556.6,10560.2,10527,10550.9,281.54604876
1602018000000,10550.9,10550.9,10530.5,10548.7,165.85885997
1602018900000,10548.7,10577.8,10548.7,10563.5,88.34540702
1602019800000,10563.4,10573.4,10552,10568.8,103.22220753
1602020700000,10568.8,10579.5,10566.9,10568.1,86.22083605
1602021600000,10568.2,10600.9,10563.3,10596.2,209.89311616
1602022500000,10595.5,10597.6,10585.6,10596.5,244.88465822
1602023400000,10596.5,10597,10581.7,10589.9,178.69398148
1602024300000,10589.8,10594.4,10578.5,10586.8,265.9155836
1602025200000,10586.7,10596.2,10575,10578.2,200.35828622
1602026100000,10578.2,10591.2,10575.9,10586.4,178.82608098
1602027000000,10586.2,10608.5,10583,10600.8,378.23493602
1602027900000,10600.8,10615.4,10591.4,10600.6,297.90016353
1602028800000,10600.7,10608.2,10580,10582.2,467.19825031
1602029700000,10581.9,10599.5,10581.9,10589.1,219.88025869
1602030600000,10589.2,10595,10578.6,10581.6,680.63252992
1602031500000,10581.6,10593.9,10579.5,10593.4,450.87814333
1602032400000,10593.5,10598.8,10565,10579.9,403.07979652
1602033300000,10580,10587.1,10577.4,10580,256.80626216
1602034200000,10580,10580,10550,10572.6,484.4502943
1602035100000,10572.6,10586.7,10571.1,10583.7,441.52782965
1602036000000,10583.7,10593.6,10583.1,10592.4,292.01987709
1602036900000,10592.4,10600,10583.6,10584.3,345.51149381
1602037800000,10584.2,10594.9,10582.5,10591.5,299.90709017
1602038700000,10591.5,10604.6,10590.7,10594.1,176.94172397
1602039600000,10594,10597.4,10585.9,10592.8,154.37323402
1602040500000,10592.9,10597.5,10575.5,10583.1,312.84518321
1602041400000,10583.1,10590.8,10575.1,10575.2,266.71449139
1602042300000,10575.1,10591.6,10573.8,10575.2,306.92592656
1602043200000,10575.3,10583.7,10572.4,10576.6,206.3591536
1602044100000,10576.6,10592.1,10573.5,10591.9,182.60626902
1602045000000,10592,10592,10581.1,10587.5,176.72573203
1602045900000,10587.6,10597.3,10585.2,10590.1,147.26368725
1602046800000,10590.2,10598.7,10580,10598.5,306.97692732
1602047700000,10598.6,10612.5,10594.7,10603,329.03488903
1602048600000,10603,10611.5,10594.4,10610.2,336.85143284
1602049500000,10610.2,10613.1,10605.4,10607.2,328.41150608
1602050400000,10607.2,10612.2,10602.1,10602.9,383.4654636
1602051300000,10602.9,10627.5,10602.8,10610.7,340.17827978
1602052200000,10610.8,10617,10606,10611,270.35733812
1602053100000,10611,10627.5,10610.8,10621.7,357.25117351
1602054000000,10621.7,10631.3,10612.6,10622.8,237.35383638
1602054900000,10622.8,10626.3,10607.5,10612.4,273.00501188
1602055800000,10612.5,10615.7,10602.3,10603.6,259.5221029
1602056700000,10603.5,10624.2,10601.6,10619,204.21969755
1602057600000,10618.7,10625.2,10598.8,10600.3,235.66967188
1602058500000,10600.3,10614.4,10600.2,10601.3,180.83672543
1602059400000,10601.3,10615.4,10597.9,10606.4,360.69185218
1602060300000,10606.4,10613.7,10605.5,10612.4,216.56997546
1602061200000,10612.5,10620.8,10596.6,10599.5,169.22524167
1602062100000,10599.5,10599.6,10584.6,10595.6,278.77890336
1602063000000,10595.6,10615.8,10593.4,10611.5,263.74083293
1602063900000,10611.6,10613.7,10584.6,10584.7,259.89845069
1602064800000,10584.7,10596,10581.8,10590.3,339.3898665
1602065700000,10590.3,10594.1,10581.6,10588.9,228.10145159
1602066600000,10588.9,10589,10573,10575.8,683.84710903
1602067500000,10575.8,10600.8,10575.8,10597.3,272.41127415
1602068400000,10596.8,10601.2,10587.3,10587.4,245.85471224
1602069300000,10587.4,10588.3,10580.4,10585.5,382.84279066
1602070200000,10585.5,10596.9,10584.6,10596.8,109.25395087
1602071100000,10596.8,10608.5,10596.8,10600.8,316.51375053
1602072000000,10600.8,10619.8,10600.8,10614.6,257.70858733
1602072900000,10614.6,10624,10610.7,10613,367.89883628
1602073800000,10613,10627.9,10613,10623.9,177.36316085
1602074700000,10623.9,10631.8,10617.4,10623.3,247.31527305
1602075600000,10623.3,10628.3,10615.3,10618.1,396.27782428
1602076500000,10618.1,10620.2,10613.9,10618.4,269.94545388
1602077400000,10618.4,10638.3,10617.5,10617.6,417.05894519
1602078300000,10617.6,10617.6,10609.3,10611.5,488.36757675
1602079200000,10611.6,10613.8,10595.4,10598.2,406.05172315
1602080100000,10598.2,10618.1,10598.1,10613.5,559.9221087
1602081000000,10613.5,10623.4,10612.7,10623.4,485.91829996
1602081900000,10623.4,10630.4,10617.5,10630.3,203.60676261
1602082800000,10630.4,10636.9,10613.6,10624.2,490.67381206
1602083700000,10624.2,10649,10624.1,10635,489.61193691
1602084600000,10635,10642.7,10626.3,10628.1,286.93514825
1602085500000,10627.6,10634.9,10620.9,10629.9,271.25176323
1602086400000,10629.5,10633.2,10612.2,10632.7,350.49764116
1602087300000,10632.7,10633,10601.1,10605.6,501.15615313
1602088200000,10605.7,10622.2,10605.7,10620.3,325.41356067
1602089100000,10620.4,10627.5,10617.5,10627.4,159.08551002
1602090000000,10627.5,10631.4,10621.7,10623.3,491.61040631
1602090900000,10623.3,10628.9,10616.5,10624.8,451.35076891
1602091800000,10624.8,10646.5,10624.7,10645.4,492.75151546
1602092700000,10645.3,10645.4,10635.1,10637,721.99958749
1602093600000,10637,10643.2,10631.1,10633.8,2117.4221168
1602094500000,10633.8,10666.9,10633.8,10656.6,710.99095048
1602095400000,10657.9,10660.9,10649.9,10650,231.92705901
1602096300000,10650.1,10663.3,10650.1,10662.8,141.89221446
1602097200000,10662.9,10679.9,10662.9,10672.2,159.5370426
1602098100000,10672.2,10676.3,10662.5,10665.3,255.46379421
1602099000000,10665.3,10665.8,10651.7,10656.9,316.82874007
1602099900000,10657.1,10662.8,10647.9,10651.6,425.39570724
1602100800000,10651.6,10654.4,10641.6,10653.2,344.05355184
1602101700000,10653.2,10655.4,10648.7,10650.1,132.71725415
1602102600000,10650.1,10663.5,10650.1,10658,239.31542097
1602103500000,10658,10665.2,10656.2,10660,116.06151928
1602104400000,10660,10663.6,10656.1,10662.5,340.58503716
1602105300000,10662.5,10663.9,10658.8,10662.9,106.44048445
1602106200000,10662.8,10662.9,10654.5,10655.3,318.40471242
1602107100000,10655.4,10663.7,10654.3,10661.2,132.44507704
1602108000000,10661.2,10661.9,10647.5,10649.1,152.09972563
1602108900000,10649.1,10653,10642.9,10643.2,373.51422221
1602109800000,10643.3,10654.4,10643.3,10647.1,128.0357093
1602110700000,10647.1,10659.9,10644.4,10658.9,417.05938964
1602111600000,10658.9,10659.9,10650.6,10651.5,72.59731315
1602112500000,10651.3,10663.2,10651.2,10663.2,195.43298671
1602113400000,10663.1,10672.9,10660.6,10672.8,101.93891889
1602114300000,10672.7,10672.7,10659.1,10664.7,252.02630334
1602115200000,10664.8,10670.2,10649.5,10653.7,305.27587068
1602116100000,10653.8,10655.5,10649.6,10653.3,250.15404145
1602117000000,10653.3,10653.4,10640,10644.7,131.56259959
1602117900000,10644.7,10647.8,10641,10641.6,206.21436757
1602118800000,10642.4,10642.5,10632.6,10638.1,120.23463909
1602119700000,10639.8,10639.8,10624.6,10624.7,268.61492937
1602120600000,10624.1,10629.6,10618.3,10629.5,218.25552986
1602121500000,10629.5,10646.3,10624,10641.7,254.07470599
1602122400000,10641.7,10641.7,10633.2,10636.1,180.3978491
1602123300000,10636.2,10636.2,10624.1,10628.8,223.83150752
1602124200000,10628.7,10639.4,10626.1,10639.3,278.2140612
1602125100000,10639.3,10644.1,10636.9,10639.2,193.72918046
1602126000000,10639.2,10652.5,10638.2,10652.5,154.80099545
1602126900000,10652.5,10654.9,10639.5,10641.2,344.39417195
1602127800000,10641.3,10641.3,10637,10640.6,415.07743987
1602128700000,10640.5,10643.7,10638.1,10639.5,223.71365611
1602129600000,10639.5,10640.5,10629.1,10634.2,473.93747135
1602130500000,10634.3,10642.5,10634.3,10642.5,53.0552249
1602131400000,10642.6,10645.5,10641.1,10645.4,55.72510657
1602132300000,10645.4,10645.5,10632.7,10632.8,191.30125757
1602133200000,10632.7,10632.7,10603.4,10622.6,636.8545067
1602134100000,10622.6,10638.8,10620,10620,478.10019049
1602135000000,10620.1,10631.2,10616.5,10616.5,290.94690651
1602135900000,10616.5,10622.1,10605,10616,329.93293036
1602136800000,10616,10628.2,10605.9,10625.9,312.1754989
1602137700000,10625.9,10628,10620.7,10620.7,293.22887833
1602138600000,10620.7,10624.2,10611.7,10611.7,205.42326377
1602139500000,10611.8,10624,10610,10623.7,185.51932846
1602140400000,10623.7,10623.7,10564.2,10595.6,754.45233741
1602141300000,10595.5,10618.3,10591.1,10595.4,391.41548421
1602142200000,10594.5,10607.7,10584,10599.8,444.59917394
1602143100000,10599.7,10600,10583.3,10591.8,216.42278382
1602144000000,10591.7,10603.1,10582.7,10598.3,230.96967471
1602144900000,10598.3,10602.4,10584.5,10584.5,581.91734866
1602145800000,10584.5,10601,10584.5,10592.4,250.77008674
1602146700000,10591.7,10597.5,10553,10565.6,464.2094303
1602147600000,10565.5,10577.6,10533.1,10554.9,705.33183862
1602148500000,10555.4,10571.3,10552.6,10563.3,406.53223551
1602149400000,10563.2,10572.5,10561.2,10564.7,314.18912045
1602150300000,10564.8,10573.7,10563.8,10564.7,544.90955459
1602151200000,10564.7,10578.3,10558.8,10576.8,271.77121211
1602152100000,10576.8,10632,10576.8,10614.1,718.27777135
1602153000000,10614.1,10628.2,10610.5,10616.5,483.57295973
1602153900000,10616.5,10629.4,10603.9,10607.8,519.84471908
1602154800000,10607.9,10608.4,10597.5,10605.6,221.54150738
1602155700000,10605.6,10606.7,10596.2,10601.4,183.09617376
1602156600000,10601.4,10611.5,10597.8,10611.4,217.42090333
1602157500000,10611.4,10611.4,10604.1,10605.3,285.48725596
1602158400000,10605.4,10625.6,10594.1,10617.7,154.78765053
1602159300000,10617.7,10640,10615.4,10638.7,277.69868868
1602160200000,10638.6,10652.2,10628.4,10631.3,560.03392873
1602161100000,10631.2,10638.8,10625,10638.8,278.59666782
1602162000000,10638.8,10721.4,10619.7,10700.4,632.01089662
1602162900000,10700.4,10746.6,10700.4,10733.6,815.78725953
1602163800000,10734.3,10747.6,10721.6,10725.7,556.57385634
1602164700000,10725.7,10738.8,10710.4,10734,577.23612003
1602165600000,10734.4,10748.5,10713,10720.3,498.28354156
1602166500000,10720.4,10743.6,10717.6,10733.7,399.02034121
1602167400000,10733.7,10880,10732.8,10855.9,1670.36131092
1602168300000,10856.7,10947.4,10856.7,10911.7,1079.81549628
1602169200000,10911.8,10936.9,10893.3,10903.5,312.78615802
1602170100000,10903.1,10917.9,10876.7,10880.7,511.80073825
1602171000000,10880.8,10899.8,10860.5,10899.8,372.18530812
1602171900000,10899.9,10910.4,10882,10893.8,239.48119138
1602172800000,10893.8,10922,10890.4,10890.6,381.71389321
1602173700000,10890.6,10900.7,10880,10895.7,326.21361229
1602174600000,10895.7,10923.7,10894.6,10905.9,373.43571694
1602175500000,10905.3,10935.6,10898.3,10924.1,557.19572015
1602176400000,10924,10929.6,10908.1,10927.2,1031.37270358
1602177300000,10927.2,10950,10893.9,10894,2519.75518743
1602178200000,10894,10898.7,10883.2,10890.6,513.28533255
1602179100000,10890.7,10891.7,10867.4,10879.3,478.7619753
1602180000000,10879.3,10894.2,10879.3,10882.6,309.08133786
1602180900000,10882.7,10895.1,10861,10861.8,495.37723453
1602181800000,10861.8,10878.8,10846.9,10878.6,492.84093833
1602182700000,10878.6,10882.1,10868,10871.6,537.89578637
1602183600000,10871.6,10876.3,10857.3,10873.1,206.04181405
1602184500000,10872.4,10895,10871.3,10882.6,335.16140009
1602185400000,10882.5,10890.2,10879.5,10888.7,247.38453464
1602186300000,10888.8,10893.5,10878.8,10880,301.69809884
1602187200000,10880.5,10894,10862.2,10867.5,367.35413443
1602188100000,10866.2,10876.7,10863.9,10872.4,405.03686356
1602189000000,10872.4,10891.3,10871.6,10888.3,330.64035496
1602189900000,10888.3,10902.7,10885.9,10887.7,339.76241519
1602190800000,10888.3,10889.1,10875.4,10875.5,105.35724412
1602191700000,10875.5,10881.6,10871.3,10879.5,357.55062088
1602192600000,10879.5,10900.8,10879.5,10898.2,828.75447417
1602193500000,10898.2,10898.2,10875.8,10875.8,686.70642159
1602194400000,10875.9,10906,10872.9,10904.7,281.95168145
1602195300000,10904.8,10908.6,10891.8,10896.5,659.19355244
1602196200000,10896.5,10902.4,10889.7,10890.1,741.18761761
1602197100000,10890.2,10902.9,10890.2,10896.2,741.81768153
1602198000000,10896.2,10900,10886.3,10895.3,138.38796202
1602198900000,10895.3,10900,10881.3,10883.6,330.86020028
1602199800000,10882.8,10892.9,10879.5,10892.9,187.71155043
1602200700000,10892.9,10937.1,10878.6,10924.5,505.31856736
1602201600000,10924.4,10938.7,10913,10922.1,413.20101566
1602202500000,10922.1,10923.4,10871.2,10881.9,556.76402926
1602203400000,10881.9,10881.9,10861.3,10874.5,431.39205864
1602204300000,10874.5,10882.2,10868.6,10879.9,383.37451351
1602205200000,10879.9,10887.7,10872.5,10887.1,836.1449979
1602206100000,10887.1,10895.4,10882.2,10893.1,307.71752849
1602207000000,10893.1,10893.9,10879.5,10879.5,120.21322229
1602207900000,10879.5,10900,10879.5,10899.5,637.59363811
1602208800000,10899.6,10902.8,10890.4,10898.5,247.87201209
1602209700000,10898.5,10920,10898.4,10905.9,383.9327238
1602210600000,10905.9,10905.9,10896.5,10896.6,536.30185654
1602211500000,10896.6,10904.3,10895.5,10901,380.68032267
1602212400000,10901,10906.3,10886.1,10888.5,527.85166465
1602213300000,10888.5,10889.3,10879.7,10885.7,467.10088452
1602214200000,10885.6,10888.8,10881.8,10888.1,377.62939884
1602215100000,10888.8,10895.6,10884.4,10886.9,264.34028417
1602216000000,10885.9,10892,10880.8,10880.8,349.59420564
1602216900000,10880.7,10884.1,10873.8,10877,164.13257128
1602217800000,10876.9,10886.4,10868.2,10884.7,659.6850855
1602218700000,10884.6,10884.6,10875.3,10875.3,195.6161563
1602219600000,10875.3,10887.3,10870.7,10876.1,311.1512049
1602220500000,10876,10883.8,10874.3,10883.7,254.47757977
1602221400000,10883.4,10887.2,10872.4,10872.4,135.86945929
1602222300000,10871.5,10874.3,10860.6,10861.7,470.49008472
1602223200000,10861.7,10861.7,10831.2,10838.1,523.07795337
1602224100000,10838.1,10861.1,10838,10858.2,415.24557022
1602225000000,10858.3,10870.1,10857.2,10863.5,163.85749395
1602225900000,10863.6,10865.1,10849.8,10852.6,352.91264663
1602226800000,10852.6,10881.8,10851.3,10879.7,801.78767977
1602227700000,10879.7,10885,10870.3,10884.9,195.00930236
1602228600000,10885,10902.8,10875.9,10897.8,605.83388881
1602229500000,10897.9,10899.1,10889.5,10893.1,211.01362001
1602230400000,10893.1,10896.5,10879.6,10892,339.15907475
1602231300000,10891.7,10896.3,10882.1,10888.6,289.259978
1602232200000,10887.8,10888.5,10881.6,10881.7,222.96205703
1602233100000,10881.7,10896.3,10881.5,10894.3,200.81927589
1602234000000,10894.3,10894.3,10877.8,10880.4,329.56285777
1602234900000,10880.4,10882.6,10870.6,10874.2,355.19977788
1602235800000,10874.3,10876.9,10862.9,10875.8,170.8277611
1602236700000,10875.8,10879.8,10869.6,10876.8,109.70439035
1602237600000,10876.9,10894.5,10870.7,10894.5,189.79119468
1602238500000,10894.5,10909.1,10890.8,10899.6,297.15069587
1602239400000,10899.7,11005.2,10899.6,10983.1,1534.32924446
1602240300000,10983.2,10988.8,10969.3,10983.4,552.39876407
1602241200000,10983.4,11064.8,10983.2,11039.4,1607.90502197
1602242100000,11039.4,11096.8,11030.7,11062.2,1248.10825084
1602243000000,11062.2,11069.4,11047.5,11050.3,352.73211556
1602243900000,11050.2,11061.8,11019.1,11047.6,502.34704021
1602244800000,11047.7,11054,11040,11045,160.61324218
1602245700000,11045.9,11063.6,11045,11057.9,178.82539006
1602246600000,11057.9,11069.1,11055.3,11069.1,301.13649409
1602247500000,11069.1,11099,11055,11065.5,484.12938967
1602248400000,11065.7,11082,11061.2,11064.4,174.62917741
1602249300000,11064.5,11064.5,11046,11051.2,194.05937786
1602250200000,11051.2,11069,11045.4,11064.6,213.62725519
1602251100000,11064.6,11077.2,11064.6,11072.7,327.75335508
1602252000000,11072.7,11078.5,11062.1,11067.5,339.41729383
1602252900000,11067.5,11074.2,11046.2,11051.3,254.12744744
1602253800000,11051.4,11060.4,11036.1,11056.4,191.32905922
1602254700000,11056.4,11067.2,11054,11057.9,177.63540031
1602255600000,11057.8,11064.9,11042.7,11060.5,237.91774411
1602256500000,11060.5,11062.9,11044.6,11052.9,147.46554885
1602257400000,11053.8,11068.6,11049.9,11059.4,247.82674227
1602258300000,11060.4,11089.5,11060.4,11084,401.01885416
1602259200000,11084,11100,11040.4,11054.6,320.75067885
1602260100000,11054.5,11064.1,11046.1,11055.3,221.2929048
1602261000000,11055.4,11060.1,11046.9,11046.9,352.75338957
1602261900000,11046.9,11050.9,11043.6,11047.6,937.08690621
1602262800000,11047.6,11060.5,11045,11054.5,1081.03741911
1602263700000,11054.4,11059.7,11045.9,11048,801.06793859
1602264600000,11047.9,11054.8,11045.1,11052.6,92.64536081
1602265500000,11052.6,11059.7,11052.2,11055,423.49341099
1602266400000,11055,11056.2,11031.2,11041.8,316.26777904
1602267300000,11042.3,11043.1,11032.4,11041,297.99932334
1602268200000,11041,11053.2,11035.3,11040.1,352.64445749
1602269100000,11040.2,11045.8,11033,11045.6,150.93710563
1602270000000,11045.6,11047.1,11015.4,11033.9,278.79733831
1602270900000,11033.9,11046.8,11029.1,11046.6,176.47837818
1602271800000,11046.6,11050.6,11027.9,11029.1,389.97997822
1602272700000,11029.1,11039.8,11024.5,11036,137.17469368
1602273600000,11035.5,11050.1,11033.5,11046.1,286.124022
1602274500000,11045.9,11045.9,11035.4,11038.1,153.99297461
1602275400000,11038,11046.8,11034,11037.6,176.35994197
1602276300000,11037.5,11037.5,11030.1,11030.9,116.81813235
1602277200000,11030.9,11033.4,11029.8,11031.5,108.96120039
1602278100000,11031.5,11031.6,11017,11019.1,300.7164405
1602279000000,11019,11043,11019,11043,210.93828365
1602279900000,11043,11051.7,11043,11051.7,68.4317369
1602280800000,11051.8,11058.2,11048.2,11048.5,61.90907638
1602281700000,11048.5,11050.1,11042,11042,45.85441395
1602282600000,11042,11045.5,11041.6,11042.3,35.42357233
1602283500000,11042.3,11072.7,11041.1,11072.7,139.82077924
1602284400000,11072.5,11089.6,11068.7,11072.7,187.36760764
1602285300000,11072.7,11093.2,11072.6,11078.3,271.13685482
1602286200000,11078.2,11078.4,11050.3,11061.5,316.61061063
1602287100000,11061.5,11069,11051.5,11051.6,227.15151089
1602288000000,11051.5,11072.5,11051.5,11071.5,506.76761088
1602288900000,11071.8,11091.4,11071.2,11087.6,318.47757501
1602289800000,11087.5,11091.1,11072,11072.1,299.6283036
1602290700000,11072.1,11077.5,11070.2,11077.5,193.91307529
1602291600000,11077.5,11077.5,11056.7,11065.3,263.40667504
1602292500000,11065.3,11082.7,11065.2,11076.3,189.40260727
1602293400000,11076.3,11088.3,11076.3,11088.3,413.46715293
1602294300000,11088.2,11088.6,11082.5,11085.5,263.13846543
1602295200000,11085.5,11400,11079.3,11357.3,3914.44779022
1602296100000,11356.4,11450,11340.3,11386.1,1622.96098785
1602297000000,11385.8,11434.8,11378.3,11410.4,1532.35033459
1602297900000,11410.4,11410.5,11373.7,11385.7,733.57153565
1602298800000,11385.7,11489.6,11385.6,11445.2,1677.8247598
1602299700000,11445.1,11460.6,11388.5,11394.5,989.38918879
1602300600000,11394.5,11414.1,11394.4,11411.7,505.11358691
1602301500000,11411.8,11430.2,11404.3,11410,273.30460638
1602302400000,11410,11421,11397.1,11397.1,415.29446829
1602303300000,11397.2,11399.8,11380.7,11388.6,296.75027761
1602304200000,11388.6,11409.3,11381.6,11400.5,511.17113298
1602305100000,11400.5,11409.8,11394.3,11404.2,240.59339278
1602306000000,11404.2,11404.2,11383.5,11385.1,364.56629236
1602306900000,11385.1,11403.9,11385,11399.7,321.27650342
1602307800000,11399.6,11400.2,11384.3,11384.6,308.15340814
1602308700000,11384.5,11384.5,11360.6,11372.6,622.57515768
1602309600000,11372.7,11387.3,11372.2,11385.1,267.36339534
1602310500000,11385.1,11388.6,11371.9,11378.5,574.44868004
1602311400000,11378.6,11392.3,11378,11383.8,283.86813711
1602312300000,11383.9,11387.7,11352.7,11356.6,627.74976913
1602313200000,11356.6,11373.8,11353.8,11373.7,266.2380606
1602314100000,11373.8,11379.2,11372.3,11379.2,150.96437827
1602315000000,11380,11381.7,11361.5,11364.3,181.16490154
1602315900000,11364.3,11383.4,11364.3,11381.2,323.88023601
1602316800000,11381.1,11381.2,11364.2,11364.3,165.37903456
1602317700000,11364.2,11381.4,11364.2,11381.3,426.868927
1602318600000,11381.3,11391.2,11378.1,11391.1,171.31699419
1602319500000,11391.1,11395,11374.5,11376.6,167.88667357
1602320400000,11376.7,11386,11371.2,11372.1,207.77808292
1602321300000,11372.1,11372.2,11352.3,11356.3,320.36765455
1602322200000,11356.2,11375.6,11350,11352.8,247.56354348
1602323100000,11352.1,11354.4,11280.9,11316.4,700.48164375
1602324000000,11316.4,11317.2,11238.3,11263.1,684.57760164
1602324900000,11263.2,11304.2,11262.7,11296,425.23331968
1602325800000,11295.9,11308.2,11283.5,11303.1,260.23432123
1602326700000,11303.2,11322,11292.2,11315.2,226.72335344
1602327600000,11315.2,11357.5,11308,11325,528.60224067
1602328500000,11324.5,11326.1,11307,11307.6,138.1380724
1602329400000,11307.6,11308.2,11299.8,11307.7,220.41925814
1602330300000,11307.8,11328.1,11306.7,11318.8,309.94881065
1602331200000,11318.8,11338.1,11315,11315.6,362.77422824
1602332100000,11315.6,11315.6,11287.6,11300.5,341.3822951
1602333000000,11300.5,11324.3,11287.5,11317,395.27937637
1602333900000,11317,11342.6,11317,11342.5,189.91090635
1602334800000,11342.6,11347.9,11321.6,11330.7,301.20938513
1602335700000,11330.7,11331.1,11315,11322.2,222.0698138
1602336600000,11319.4,11362,11313.3,11352,346.11373163
1602337500000,11352.7,11380,11344.9,11353,400.28162512
1602338400000,11353.2,11353.2,11333,11341.7,202.56218085
1602339300000,11341.6,11344.6,11321.1,11326,206.3722179
1602340200000,11326,11357.3,11325.5,11349.3,192.86605788
1602341100000,11349.2,11353,11334.8,11352.9,135.99210496
1602342000000,11353,11377.7,11353,11372.4,232.63855641
1602342900000,11372.3,11379.5,11363.5,11376.6,242.67899152
1602343800000,11376.6,11378.6,11360.9,11378.6,212.91657079
1602344700000,11378.5,11414.7,11310.1,11349.5,666.81690028
1602345600000,11349.5,11374.7,11331.1,11331.9,343.2528976
1602346500000,11331.6,11345.5,11319.2,11340.4,270.18242919
1602347400000,11340.5,11343.2,11310.5,11330,256.93796793
1602348300000,11329.2,11340.4,11328.1,11334.1,217.0417449
1602349200000,11334,11354.3,11330.5,11354.2,186.02674593
1602350100000,11354.3,11367.7,11344.2,11353.8,226.89698689
1602351000000,11353.8,11359.6,11335.4,11346.8,252.46018666
1602351900000,11346.8,11355.3,11343.1,11355.2,163.26009299
1602352800000,11355.2,11357,11349.7,11349.8,73.42132124
1602353700000,11348.7,11354.4,11344.2,11354.2,287.77547572
1602354600000,11354.2,11372.2,11352.1,11369.7,204.3226071
1602355500000,11369.7,11371.9,11360.4,11365.2,245.90804929
1602356400000,11365.2,11365.2,11346.9,11357,409.63844323
1602357300000,11357,11370.9,11346.8,11361.5,2121.98052235
1602358200000,11361.7,11370.3,11361.4,11366.5,446.9508171
1602359100000,11366.5,11370.7,11352.7,11352.7,166.53284974
1602360000000,11352.6,11354.8,11340.5,11354.2,192.71103037
1602360900000,11354.2,11361.5,11346.8,11361.1,178.05039352
1602361800000,11361,11367.2,11355.6,11366.2,71.2129053
1602362700000,11366.4,11367.1,11363,11364.4,51.96123526
1602363600000,11364.4,11364.4,11318.3,11341.8,191.21246035
1602364500000,11341.9,11374.7,11341.8,11363.5,463.21899792
1602365400000,11364.4,11373.1,11360,11368.3,44.74996642
1602366300000,11368.4,11375.1,11367.3,11370.4,79.46009454
1602367200000,11370.4,11370.4,11327.7,11354.2,174.19604439
1602368100000,11354.3,11367.3,11337.6,11341.4,132.4244327
1602369000000,11341.3,11367.2,11340.1,11357.9,277.78374863
1602369900000,11357.9,11360.2,11348.7,11348.7,155.76796775
1602370800000,11348.7,11348.7,11293.5,11300.6,268.33837663
1602371700000,11302.1,11317.9,11294.3,11305.3,182.9666121
1602372600000,11305,11305.7,11265.3,11304,245.48987596
1602373500000,11303.1,11309,11275.6,11294.3,183.07768442
1602374400000,11294.3,11320.7,11286.9,11299.7,341.23604396
1602375300000,11299.7,11308,11291.4,11302.9,143.51502154
1602376200000,11302.9,11303,11282.9,11284.2,98.08584444
1602377100000,11284.2,11306.8,11273.7,11301.9,147.7948438
1602378000000,11301.9,11332.9,11301,11314.6,165.31631663
1602378900000,11314.6,11321.9,11310.8,11321.9,107.22617069
1602379800000,11321.8,11326.5,11311.7,11324.4,84.04738213
1602380700000,11325.9,11397.2,11324.3,11366.5,507.85868773
1602381600000,11365.6,11372,11357.1,11358.1,64.46580219
1602382500000,11358,11363.2,11349.5,11358.8,71.471358
1602383400000,11358.8,11363.8,11348.7,11348.7,81.62327818
1602384300000,11348.7,11356.5,11347.9,11354.8,72.90343107
1602385200000,11354.8,11354.9,11334.4,11337.7,404.6630949
1602386100000,11337.7,11351.9,11334.6,11334.7,136.12952228
1602387000000,11334.7,11335.7,11309,11322.9,196.31636364
1602387900000,11322.6,11332,11321.5,11332,80.94283562
1602388800000,11332,11338.3,11332,11336,120.62546183
1602389700000,11335.9,11341.3,11313.9,11320.3,134.74872007
1602390600000,11320.2,11321.2,11303.5,11308.1,187.02602125
1602391500000,11308,11319.6,11305.4,11319.6,162.95561981
1602392400000,11320.3,11331.5,11310.4,11312.2,192.05457441
1602393300000,11312.2,11326.5,11304.7,11326.5,228.47224708
1602394200000,11326.4,11341.8,11325.8,11332.3,91.91144701
1602395100000,11332.3,11341.4,11326.8,11338.7,132.50147547
1602396000000,11337.8,11355.4,11337.8,11349.8,150.1461604
1602396900000,11349.8,11372,11343.5,11356.3,112.84840292
1602397800000,11356.4,11357.3,11336.1,11338.9,90.05351516
1602398700000,11339,11360.8,11337.3,11358,59.922969
1602399600000,11358.4,11370.1,11358.1,11365.2,186.87890452
1602400500000,11365.1,11365.2,11344.3,11344.3,157.1790159
1602401400000,11344.3,11357.4,11344.3,11357.4,106.46145758
1602402300000,11357.4,11362.8,11352.1,11353,74.91513333
1602403200000,11353.1,11356.9,11338.7,11338.7,151.56236852
1602404100000,11338.7,11360,11338.6,11351.2,104.98498528
1602405000000,11351.8,11366.3,11349.5,11356.8,81.19347192
1602405900000,11356.7,11365,11346.1,11348.9,102.35722921
1602406800000,11348.1,11350.7,11330.1,11338,163.25965427
1602407700000,11338,11350.9,11338,11350.9,61.51559416
1602408600000,11350.9,11355.8,11346,11346,85.42054443
1602409500000,11346,11352,11340.8,11351.8,83.5678923
1602410400000,11351.9,11359.8,11341.8,11342,389.34504881
1602411300000,11341.9,11361.7,11341.9,11356.6,179.73629329
1602412200000,11356.7,11391.1,11356.3,11371.9,174.69584112
1602413100000,11371.9,11405.2,11371.9,11395.6,197.56849004
1602414000000,11395.7,11410.5,11384.3,11391.8,199.86070124
1602414900000,11391.9,11395.4,11363.8,11369.1,315.62719207
1602415800000,11367.8,11370.6,11350,11362.1,210.85176658
1602416700000,11362.1,11374.1,11361.2,11372.5,85.5846579
1602417600000,11372.6,11382.6,11365,11365.3,221.01690811
1602418500000,11365.2,11367.8,11349.4,11355.4,112.62457418
1602419400000,11355.5,11368.6,11355.4,11368.6,78.90062685
1602420300000,11368.6,11369.2,11356.3,11356.3,92.55833331
1602421200000,11355.7,11365.8,11335.7,11362.1,261.90234163
1602422100000,11362.1,11379.6,11361.7,11376.9,103.70642308
1602423000000,11376.9,11376.9,11358.4,11363.1,174.59198273
1602423900000,11363.1,11374.9,11363.1,11367.4,122.74246235
1602424800000,11367.4,11394.8,11364.1,11386.5,111.5015391
1602425700000,11387.2,11389.4,11379.7,11384.7,105.13759143
1602426600000,11385.6,11443.8,11370.1,11378,413.30335885
1602427500000,11378,11387.3,11350,11377.2,326.37941121
1602428400000,11377.3,11427.7,11377.3,11422.7,291.11288668
1602429300000,11422.6,11439.6,11413.8,11430,266.97310688
1602430200000,11430,11430,11406,11406.5,180.0579598
1602431100000,11406.5,11411.6,11394.2,11403.3,203.1432575
1602432000000,11403.2,11409,11362.7,11394.4,410.56585414
1602432900000,11394.4,11425.7,11387,11407.4,251.57170174
1602433800000,11407.4,11416.5,11403,11410.7,133.65279251
1602434700000,11410.7,11418.1,11390.1,11394.3,1330.6137347
1602435600000,11393.4,11410.1,11393.1,11404.1,1235.49556212
1602436500000,11404.1,11414.2,11401.7,11404.4,301.78592287
1602437400000,11404.3,11429,11402.6,11414.1,145.7788552
1602438300000,11414,11423.4,11406.9,11423.4,117.07686636
1602439200000,11423.6,11426.6,11406,11407,138.61886768
1602440100000,11407,11411.6,11397.9,11411.6,302.56168411
1602441000000,11411.6,11420.6,11404.1,11404.2,74.48237077
1602441900000,11404.2,11409.9,11381.5,11409.1,83.49784987
1602442800000,11409,11414.2,11400.7,11400.7,63.76718818
1602443700000,11400.6,11403.6,11381.8,11381.8,137.17127857
1602444600000,11381.2,11392.5,11311.8,11349.9,623.01471519
1602445500000,11350,11361.3,11321,11333.1,236.78205089
1602446400000,11332.7,11350,11332.2,11339.1,163.74884555
1602447300000,11338.5,11357.1,11338.5,11353.3,139.13156709
1602448200000,11353.2,11354.9,11342.6,11349.2,105.10322797
1602449100000,11349.2,11352,11327.3,11327.6,120.29856682
1602450000000,11327.7,11338,11272.9,11314.8,443.93829828
1602450900000,11314.8,11322.1,11301.9,11316.7,268.254656
1602451800000,11316.7,11342,11316.7,11334.2,59.8443708
1602452700000,11334.2,11334.2,11322.3,11326,75.86186987
1602453600000,11326,11345.3,11298.2,11329.9,133.48721109
1602454500000,11329.9,11348.3,11329.2,11345.1,259.55576095
1602455400000,11345.1,11345.1,11329.1,11338.1,89.64478434
1602456300000,11338.7,11356.9,11338.6,11352.8,100.56351171
1602457200000,11352.9,11356.7,11345.3,11354,160.40017934
1602458100000,11354,11376.3,11345.2,11370.5,264.17243421
1602459000000,11370.8,11394.4,11363.5,11383.5,122.17846089
1602459900000,11383.5,11391,11368.3,11371.4,183.43330243
1602460800000,11371.3,11371.4,11355.6,11359.7,154.93017306
1602461700000,11359.7,11362.4,11347.5,11351.8,160.10206753
1602462600000,11351.7,11372.3,11347.3,11369.5,191.81588781
1602463500000,11369.4,11380.2,11368.5,11378.5,75.58426843
1602464400000,11379.1,11380.7,11367.7,11369.6,161.77027558
1602465300000,11369.5,11376.5,11355.9,11376.5,143.20052792
1602466200000,11376.4,11402.8,11375.6,11396.5,262.59565719
1602467100000,11396.5,11400.6,11387.5,11394.2,128.65835994
1602468000000,11394.2,11394.2,11372.6,11378.5,123.8288236
1602468900000,11378.5,11383,11372.4,11381.4,86.26671957
1602469800000,11381.4,11390.5,11377,11389.2,362.53243519
1602470700000,11389.2,11409.7,11389.2,11400.5,121.85803329
1602471600000,11400.5,11410.9,11385.3,11386.4,114.45971271
1602472500000,11386.5,11394.7,11385.1,11388.7,81.81541431
1602473400000,11388.7,11406.7,11385.9,11386.2,200.06321976
1602474300000,11386.3,11397.6,11386.2,11386.4,72.4108377
1602475200000,11386.5,11386.5,11371.6,11375.6,157.87394033
1602476100000,11375.6,11382.6,11367.4,11382.4,255.38806681
1602477000000,11382.3,11394,11379.4,11388.9,68.0427206
1602477900000,11389,11391.6,11383.7,11386.3,70.82524795
1602478800000,11386.2,11401.5,11377.7,11400,101.17126214
1602479700000,11400,11415,11399.9,11401.8,218.31290445
1602480600000,11401.8,11408,11390,11396.7,146.19123646
1602481500000,11396.7,11401,11389.9,11399.6,81.54091387
1602482400000,11399.6,11403,11380.1,11384.3,79.76371614
1602483300000,11384.3,11384.3,11360,11362.4,129.68999374
1602484200000,11362.3,11365.1,11354.1,11365.1,161.70607698
1602485100000,11365.2,11370,11337.5,11342.8,98.69129355
1602486000000,11342.8,11363.3,11329.2,11356.2,222.80368501
1602486900000,11356.3,11375.9,11356.2,11375.9,79.92893734
1602487800000,11376,11394.5,11375.9,11383.8,140.72283478
1602488700000,11383.9,11388.7,11373.8,11379.8,134.75791396
1602489600000,11379.7,11385,11366,11367.6,202.62177326
1602490500000,11367.7,11390.4,11365,11390.4,193.29652056
1602491400000,11389.9,11393.9,11374.8,11375.4,116.96327585
1602492300000,11375.5,11376.8,11358.9,11358.9,248.07975194
1602493200000,11358.9,11374.3,11349.8,11362.8,133.08654069
1602494100000,11362.8,11363.8,11350.5,11358.2,143.59316153
1602495000000,11358.1,11358.1,11342.3,11345.4,157.29361166
1602495900000,11345.4,11357.1,11312.5,11357.1,238.46699529
1602496800000,11357.1,11365.1,11353.5,11360,86.07121586
1602497700000,11360,11362.8,11336.7,11336.9,167.34583762
1602498600000,11336.9,11337.2,11143.9,11234.4,1198.03432489
1602499500000,11234.4,11279,11218.6,11263.7,518.49979137
1602500400000,11264.2,11274.3,11240,11248.1,212.66680185
1602501300000,11248.1,11266.9,11240.3,11257.2,201.66822378
1602502200000,11257.2,11265.8,11250.2,11262.9,145.9547245
1602503100000,11262.9,11263.3,11245.1,11248,255.1677238
1602504000000,11248,11276.5,11240.4,11270.4,186.53063894
1602504900000,11270.4,11274.2,11261.3,11263.1,115.1707343
1602505800000,11263.1,11285.7,11261.3,11268.4,237.25213593
1602506700000,11268.4,11290.7,11263.5,11289.8,333.46553657
1602507600000,11289.9,11307.4,11278.7,11303,484.00703005
1602508500000,11303,11317.8,11290.3,11309,209.67556788
1602509400000,11308.1,11409.6,11297.3,11397.2,1239.00634635
1602510300000,11397.2,11526.8,11397.2,11488.7,1915.3107466
1602511200000,11488.7,11500,11460.7,11476.2,555.86137228
1602512100000,11476.9,11489.7,11473.9,11479.2,340.97297899
1602513000000,11479.2,11484.9,11448.9,11468.9,452.73795225
1602513900000,11468.9,11474.2,11462.3,11468.2,225.63753081
1602514800000,11468.2,11487.1,11468.2,11477.4,243.27401389
1602515700000,11477.3,11528,11476.3,11519.6,628.11932202
1602516600000,11519,11594.1,11488.8,11557.1,1370.05276948
1602517500000,11557.2,11559.3,11509.7,11549.2,447.96642269
1602518400000,11549.3,11574.3,11529.4,11570.5,624.12642434
1602519300000,11570.5,11578,11558.3,11569.9,1907.3621393
1602520200000,11569.8,11575,11550,11575,1528.60376881
1602521100000,11575,11580,11552.6,11552.7,384.25989245
1602522000000,11552.6,11567,11549.7,11551.4,319.86618408
1602522900000,11551.3,11551.3,11528.5,11535.8,303.7899741
1602523800000,11536.6,11551.8,11536.6,11545,278.79638901
1602524700000,11545.1,11556.1,11544.4,11555.5,160.25010808
1602525600000,11555.5,11564.6,11551.4,11552.9,199.94434474
1602526500000,11552.9,11557.6,11541.5,11557,383.94299014
1602527400000,11557,11565.8,11547.1,11549.3,288.07931929
1602528300000,11549,11558.6,11546,11548.8,161.62801079
1602529200000,11548.9,11571,11540.4,11564.3,313.27737817
1602530100000,11564.3,11571.3,11556.2,11571.3,386.33469668
1602531000000,11571.3,11575.3,11557.4,11562.6,154.65333583
1602531900000,11562.6,11566.2,11537.2,11545.4,219.23825258
1602532800000,11545.4,11554.1,11532.4,11553,324.03861473
1602533700000,11553,11568.5,11549.5,11568.5,124.63546736
1602534600000,11568.5,11574.4,11562.1,11569.9,205.79620338
1602535500000,11570,11572.3,11552,11559.4,309.66371585
1602536400000,11559.5,11576,11557.3,11571.9,234.0201643
1602537300000,11571.9,11652.5,11569.6,11648.4,487.93384476
1602538200000,11648.4,11724.6,11648.4,11679.7,574.02572323
1602539100000,11679.8,11702,11664.5,11685.4,367.08467177
1602540000000,11685.5,11706.2,11681.5,11697.1,319.0461135
1602540900000,11697.1,11702,11676.8,11676.9,262.40659738
1602541800000,11676.8,11684.2,11660.5,11660.5,329.75546318
1602542700000,11660.5,11665.8,11639.3,11658.2,352.54843692
1602543600000,11658.3,11658.3,11473.8,11568.7,1489.0200244
1602544500000,11568.8,11588.7,11537.9,11552.8,632.9866065
1602545400000,11552.8,11552.8,11485.9,11539.7,696.80677362
1602546300000,11539.7,11556.5,11527.7,11531.8,363.89446869
1602547200000,11531.8,11545.6,11480.4,11510.7,458.2994802
1602548100000,11510.8,11538.9,11510.8,11523.4,247.87178329
1602549000000,11523.7,11528.1,11431.3,11463.3,499.63810637
1602549900000,11463.3,11496.5,11460,11492.8,243.82583189
1602550800000,11492.9,11501.6,11454.7,11461.6,303.44844122
1602551700000,11463,11484.6,11453,11484.6,228.04379899
1602552600000,11484.9,11492.3,11469.6,11489.7,147.0364065
1602553500000,11490,11510.9,11483,11502.6,249.89746444
1602554400000,11502.7,11502.7,11474.5,11485.5,276.329904
1602555300000,11485.6,11492.4,11459.5,11469.1,233.79770315
1602556200000,11469.1,11508.3,11461.3,11502.7,456.22889533
1602557100000,11503.3,11503.3,11480,11487.5,184.75542266
1602558000000,11487.5,11487.5,11412.1,11460.6,542.31610454
1602558900000,11459.8,11475.6,11455.3,11460.8,214.38776601
1602559800000,11460.8,11475,11452,11467.8,182.30769375
1602560700000,11467.7,11470.8,11454.8,11457.7,215.32966813
1602561600000,11458.9,11483.9,11449.3,11475.6,255.44105406
1602562500000,11474.7,11474.7,11456.8,11467.4,153.0597285
1602563400000,11467.5,11476.6,11467.5,11471.1,84.86019692
1602564300000,11471.1,11486.8,11471,11482.7,155.89095056
1602565200000,11482.7,11492.1,11479.5,11485.6,178.62364967
1602566100000,11486.8,11513.3,11486.8,11511.2,195.55791461
1602567000000,11512,11514.3,11503.7,11507.1,165.67942823
1602567900000,11509.2,11519.8,11504.4,11507.4,202.57802721
1602568800000,11507.3,11509.4,11482.8,11484.6,230.29172508
1602569700000,11484.7,11492.5,11475.6,11492.5,260.4749124
1602570600000,11492.4,11493.3,11461.7,11469.5,170.15084455
1602571500000,11469.5,11484.5,11469.5,11480.1,68.84609159
1602572400000,11480.1,11480.1,11435,11470.8,428.61584065
1602573300000,11470.8,11470.8,11430,11448.8,336.15576952
1602574200000,11448.8,11466.7,11439.6,11458.9,144.6043138
1602575100000,11459,11462.1,11452.9,11453.2,145.91607237
1602576000000,11453.2,11474.4,11445.7,11467.4,233.66611494
1602576900000,11467.4,11467.5,11451.3,11463.2,225.72231565
1602577800000,11463.1,11489.7,11463.1,11484.7,256.17680009
1602578700000,11483.8,11488.3,11476.3,11488.2,134.8922138
1602579600000,11488.2,11491.5,11477.4,11480.4,356.89279491
1602580500000,11480.4,11482.6,11465.2,11482.6,420.56352395
1602581400000,11482.6,11490.5,11474.5,11477.8,109.02778959
1602582300000,11477.7,11479.2,11463.4,11470.6,162.28829239
1602583200000,11470.6,11470.8,11378.6,11425.4,633.32680188
1602584100000,11425.9,11522.2,11420.8,11519.7,782.77728577
1602585000000,11519.7,11560,11519,11540.9,496.75937494
1602585900000,11540.9,11540.9,11515.1,11517.7,179.28192586
1602586800000,11517.6,11526.6,11497.2,11508.8,243.14677784
1602587700000,11508.8,11521.8,11500.6,11508.9,250.96413791
1602588600000,11508.8,11528.3,11506.8,11516.2,165.11774531
1602589500000,11516.2,11516.2,11460.9,11486.5,331.84964351
1602590400000,11485.9,11492.6,11466.2,11492.6,320.99010808
1602591300000,11492.5,11506.8,11482,11484.9,237.0238842
1602592200000,11484.8,11492.6,11471.8,11483.6,307.80699251
1602593100000,11483.6,11483.6,11424.7,11446.7,501.69336188
1602594000000,11446.7,11446.7,11402,11404.6,641.12499362
1602594900000,11404.6,11446.1,11388.4,11423.4,494.7321635
1602595800000,11423.4,11423.4,11329,11366,1194.30263827
1602596700000,11366,11379.9,11321.3,11348.9,832.55465668
1602597600000,11348.9,11372.3,11307,11320.5,913.59752626
1602598500000,11319.5,11374.6,11304.5,11370.4,619.36835618
1602599400000,11370.3,11389.1,11359.2,11374,558.37864385
1602600300000,11374,11391.5,11364.2,11391,479.20757881
1602601200000,11391.1,11394.4,11371.7,11394.2,296.68297915
1602602100000,11394.2,11419.7,11378.2,11387.7,405.50658988
1602603000000,11388.6,11409.4,11388.2,11392.8,369.47086948
1602603900000,11392.4,11398.4,11378.3,11383.9,466.94379548
1602604800000,11383.9,11385.1,11341.9,11358.8,814.56939261
1602605700000,11358.9,11393.3,11358.9,11387.7,1264.26538055
1602606600000,11387.8,11397.5,11368.2,11369.3,1561.54478827
1602607500000,11369.2,11394.8,11363.8,11394.2,290.14803405
1602608400000,11394.3,11397.3,11372.7,11385.6,394.3706475
1602609300000,11385.7,11400.1,11381.3,11385.8,278.72511949
1602610200000,11385.8,11387.2,11359.7,11359.8,430.21878791
1602611100000,11359.8,11376,11352.1,11356.8,439.03264971
1602612000000,11356.4,11382.3,11346,11381.1,492.4193277
1602612900000,11381.2,11398.7,11381.2,11392.6,405.99849636
1602613800000,11392.7,11392.7,11367.9,11376.8,361.28051533
1602614700000,11376.3,11382.3,11357.4,11377.7,343.67697496
1602615600000,11377.8,11397.9,11368.6,11396.7,254.57377437
1602616500000,11396.6,11413.7,11393.4,11413.7,164.81062506
1602617400000,11413.7,11429.6,11396.2,11400,384.46832219
1602618300000,11400.1,11408.2,11386.3,11388.3,341.18327521
1602619200000,11388.3,11406,11386.8,11406,427.26025553
1602620100000,11406,11424.9,11403,11421.7,274.73504807
1602621000000,11421.7,11421.7,11406.1,11416.6,189.6408817
1602621900000,11416.6,11423.5,11416.6,11423.3,273.98920829
1602622800000,11423.4,11446.4,11418.9,11432.9,115.33294093
1602623700000,11433,11457.2,11433,11444,127.63174542
1602624600000,11444,11445.1,11416.8,11427.3,156.90884997
1602625500000,11428.5,11458,11428.5,11445,102.14015721
1602626400000,11445,11452.8,11429.9,11447.5,150.87750966
1602627300000,11447.6,11447.6,11423.9,11434,109.45173426
1602628200000,11433.9,11433.9,11414.4,11432.6,179.20579112
1602629100000,11432.6,11440.9,11426,11433.1,145.48356925
1602630000000,11433.1,11443.5,11431.2,11439.8,404.7573993
1602630900000,11439.8,11446.6,11426,11427.3,305.0680635
1602631800000,11427.3,11430.7,11407.2,11426.4,354.07205849
1602632700000,11426.6,11428,11415.9,11419.2,211.73405152
1602633600000,11419.2,11439.6,11406.4,11439.6,229.77817445
1602634500000,11439.7,11454.9,11432.6,11449.8,272.73536064
1602635400000,11449.9,11469,11449.7,11466.2,311.7418127
1602636300000,11466.2,11484.3,11459.1,11474.9,246.06501339
1602637200000,11474.9,11482.8,11462.1,11465.4,216.90256533
1602638100000,11465.8,11471.5,11436.5,11437.7,220.42128152
1602639000000,11437.6,11447,11433.6,11446.5,164.70696919
1602639900000,11446.6,11448.1,11440.7,11445.2,90.75556433
1602640800000,11445.2,11446.2,11421.3,11428.9,215.62497201
1602641700000,11429,11441.6,11428.9,11438.5,445.10697459
1602642600000,11438.5,11443.6,11426.8,11429,259.90461081
1602643500000,11429.1,11431.6,11416.7,11422.4,124.02623774
1602644400000,11422.4,11438.4,11422.4,11437.4,231.78415393
1602645300000,11437.4,11442.4,11430,11430,144.52325893
1602646200000,11430,11444,11430,11438,199.89422939
1602647100000,11437.7,11448.2,11390,11390.6,226.18561978
1602648000000,11390.7,11393.3,11361.3,11383.5,288.9195823
1602648900000,11383.4,11413.7,11376.4,11413.4,178.86828492
1602649800000,11413.5,11415.5,11402.6,11402.6,382.63186452
1602650700000,11402.7,11407.8,11392,11393.4,162.45421347
1602651600000,11393.4,11396,11379.2,11395,158.83853248
1602652500000,11395,11407.6,11394.6,11399.3,174.04520661
1602653400000,11399.3,11401.7,11387.4,11392.3,268.22679474
1602654300000,11392.6,11414,11392.6,11409.3,180.63942317
1602655200000,11409.3,11412.1,11390.8,11393.1,243.25017994
1602656100000,11393.2,11406.1,11392.8,11406,171.91965833
1602657000000,11406.1,11416.3,11395.3,11409.5,180.07356376
1602657900000,11409.1,11423.6,11409.1,11422.9,216.98891761
1602658800000,11423,11429.3,11397.5,11397.8,269.9096425
1602659700000,11397.8,11398.4,11383.4,11397.5,376.78745141
1602660600000,11397.5,11408.2,11394.7,11403.7,114.59151026
1602661500000,11403.7,11414.9,11403.4,11414.9,338.85515631
1602662400000,11414.9,11440,11412.8,11416.3,210.86719769
1602663300000,11416.3,11425.6,11413.8,11424.6,198.73704278
1602664200000,11425.6,11442,11425.6,11435.3,236.23054954
1602665100000,11435.3,11445.7,11432.1,11436.1,276.78072119
1602666000000,11436.1,11446.3,11418.4,11425.5,187.73557292
1602666900000,11425.5,11432,11419.3,11419.3,414.52137662
1602667800000,11419.4,11421.7,11412.3,11416.9,232.077682
1602668700000,11416.9,11419.7,11398.6,11415.6,241.41327916
1602669600000,11415.6,11423.6,11370.2,11373.3,351.20555041
1602670500000,11373.9,11403.1,11373.1,11392.1,320.72230213
1602671400000,11392.1,11392.1,11358.6,11369.1,410.84219776
1602672300000,11369.1,11384.9,11363.2,11376.8,356.06786758
1602673200000,11376.7,11404.5,11370.3,11399,214.794282
1602674100000,11398.9,11414.3,11389.5,11409.6,212.37809171
1602675000000,11409.6,11409.6,11386.2,11392.7,381.75633605
1602675900000,11392.8,11396.1,11362.9,11365.1,261.34884024
1602676800000,11365.1,11391.3,11349.9,11373.4,335.35696824
1602677700000,11373.4,11403.6,11373.3,11393,303.32777725
1602678600000,11392.5,11402.6,11391.4,11398.9,202.88922272
1602679500000,11398.9,11406.4,11390.3,11406.4,226.03083508
1602680400000,11406.4,11419.6,11400,11417.8,342.96596084
1602681300000,11417.5,11418,11405.7,11406.1,153.76871437
1602682200000,11406.1,11516.8,11401.9,11507.6,630.99336206
1602683100000,11507.6,11547,11507.6,11528.6,546.71435264
1602684000000,11528.8,11534,11505.6,11515.5,317.60765939
1602684900000,11515.4,11515.5,11358.1,11386.7,1178.09060463
1602685800000,11387.3,11403,11356.7,11395.1,364.43388762
1602686700000,11394.4,11408.9,11375.9,11385.9,258.32192122
1602687600000,11387.5,11409.6,11368.9,11406,328.81716247
1602688500000,11405.7,11405.7,11390,11390.1,295.91492259
1602689400000,11390.1,11398.8,11382.6,11386,458.80874566
1602690300000,11385.9,11386,11283.8,11321.3,1212.37640055
1602691200000,11321.4,11352.2,11298.3,11337.1,733.44141769
1602692100000,11337.1,11356.7,11325.5,11347.6,1636.98677077
1602693000000,11347.2,11354.2,11326.2,11344.2,2024.9352085
1602693900000,11344.2,11346.9,11330.3,11340.6,668.22869723
1602694800000,11340.6,11343.2,11320.8,11324.9,557.69948291
1602695700000,11324.9,11345.2,11323,11337.9,476.57951724
1602696600000,11337.9,11347.3,11329.4,11341.3,432.25161236
1602697500000,11341.2,11350.5,11335.3,11336.4,358.01988882
1602698400000,11336.4,11344.9,11323.9,11344.9,220.98862332
1602699300000,11344.9,11349.4,11330.2,11333.8,344.49662055
1602700200000,11333.9,11333.9,11290,11310.2,748.04686377
1602701100000,11310.1,11344.8,11306.1,11333.3,597.35615139
1602702000000,11333.3,11370.7,11330.5,11359.5,411.05769055
1602702900000,11359.5,11363.5,11344.6,11349.1,587.04511657
1602703800000,11349.1,11364.5,11344.5,11355.8,366.83908624
1602704700000,11355.7,11355.7,11338.8,11340.5,181.55009144
1602705600000,11342.2,11361.9,11336.7,11359,212.09254106
1602706500000,11359,11376,11355.8,11371.1,246.54231453
1602707400000,11371,11374.8,11357.8,11374.8,98.9980871
1602708300000,11374.7,11387.1,11374.7,11382.5,217.66884847
1602709200000,11382.5,11388.2,11377.2,11387.5,177.1602285
1602710100000,11387.6,11403.4,11386,11386,92.23876814
1602711000000,11385.1,11397.5,11381,11391.7,313.09078806
1602711900000,11391.7,11391.7,11368.8,11370.2,44.34925237
1602712800000,11370.3,11401.2,11370.2,11396.4,703.72858774
1602713700000,11396.4,11409.9,11390.2,11390.2,301.85753725
1602714600000,11390.2,11393.1,11375.4,11380.1,313.18309815
1602715500000,11380.1,11397.2,11374,11395.4,220.49636376
1602716400000,11395.4,11403.1,11383.3,11389.7,157.48968216
1602717300000,11389.7,11395.1,11380.6,11392.3,260.76201769
1602718200000,11392.2,11423.9,11391.5,11419.6,274.38178422
1602719100000,11419.6,11433.4,11410.9,11417.8,322.4863132
1602720000000,11419,11425.6,11403,11416.4,256.77908099
1602720900000,11416.4,11417.2,11399.1,11400,226.02726504
1602721800000,11399.9,11401.7,11391.2,11399.4,110.48627477
1602722700000,11398.4,11399.3,11390.3,11394.1,199.33755892
1602723600000,11394.2,11404.2,11380.4,11404.2,196.37947601
1602724500000,11404.3,11414.5,11373,11379.2,200.48692193
1602725400000,11378.4,11385.9,11373.1,11383.9,310.95277657
1602726300000,11383.8,11391.5,11373,11389.8,242.04151806
1602727200000,11389.8,11399,11386,11389.9,145.31198497
1602728100000,11389.9,11390,11371.4,11381.2,215.11399344
1602729000000,11381.2,11391.6,11373.1,11388.3,154.41460572
1602729900000,11388.3,11401.3,11360.1,11363.2,279.49174818
1602730800000,11363.1,11370.5,11360,11368.3,406.86054348
1602731700000,11368.2,11375.9,11368.2,11375.6,340.69488049
1602732600000,11375.6,11380,11368,11378.9,303.50285422
1602733500000,11378.8,11381.6,11374.3,11379.2,133.14459505
1602734400000,11379.7,11386.2,11370.3,11370.4,117.91109756
1602735300000,11370.3,11383.9,11368,11382.5,193.98093911
1602736200000,11382.6,11402.6,11382.6,11394.9,333.46907127
1602737100000,11395.7,11403.3,11390.2,11390.2,209.4474954
1602738000000,11390.2,11398.7,11386.4,11392.8,152.25298994
1602738900000,11392.8,11392.8,11380.2,11380.3,137.08907083
1602739800000,11380.3,11398.8,11374.3,11398.8,260.79049545
1602740700000,11398.8,11412,11396.5,11404.6,284.46487329
1602741600000,11404.5,11404.5,11381.1,11389.9,266.24697498
1602742500000,11390.4,11398.3,11390.3,11391.5,213.16617937
1602743400000,11391.4,11422.4,11391.4,11410.2,313.91865782
1602744300000,11410.2,11410.2,11394.7,11396.3,334.02013985
1602745200000,11396.3,11407.7,11382.5,11384.7,256.39008723
1602746100000,11384.8,11386.9,11380.3,11384.2,338.70503585
1602747000000,11383.9,11387.3,11383.2,11387.3,113.53550728
1602747900000,11387.6,11399.2,11387.6,11397.5,170.43314479
1602748800000,11397.6,11405.9,11378.1,11382,344.33798693
1602749700000,11382.6,11384.9,11360.1,11360.1,507.65684551
1602750600000,11360.1,11369.4,11336.7,11344,534.8611809
1602751500000,11344,11360.7,11332.3,11343.9,414.83152872
1602752400000,11343.9,11344.7,11323,11335.4,334.98145023
1602753300000,11335.5,11339.9,11300.1,11325.2,333.00047751
1602754200000,11325.3,11325.3,11288.9,11291.3,411.08543114
1602755100000,11291.3,11324.5,11253.2,11311,607.0818151
1602756000000,11311.1,11339.2,11307.7,11326.6,331.64284562
1602756900000,11326.5,11332.8,11302.2,11323,398.26684797
1602757800000,11323.7,11324.4,11304.4,11320.1,362.29781785
1602758700000,11320.1,11331.6,11310.7,11331.6,259.4810984
1602759600000,11331.6,11334.8,11310.7,11313.9,336.36780169
1602760500000,11313.9,11333.1,11311.7,11331.8,375.68411411
1602761400000,11331.9,11337.6,11324.7,11324.9,208.66213481
1602762300000,11324.8,11328.2,11308,11313.7,185.58772953
1602763200000,11314.2,11320.7,11290.1,11298.9,325.97471078
1602764100000,11299.4,11384.9,11275.5,11376.3,470.1631358
1602765000000,11375,11399,11360.9,11380,269.11926544
1602765900000,11380,11391.6,11368.2,11377.1,320.85786323
1602766800000,11377,11398.3,11369.7,11372.4,154.41059582
1602767700000,11372.3,11378.5,11361,11361.1,183.24321701
1602768600000,11361,11388.5,11355.3,11388.5,258.98250634
1602769500000,11388.6,11415,11382,11402.3,277.17868064
1602770400000,11404.5,11405.4,11377.2,11380.2,165.47220785
1602771300000,11380.2,11397.3,11378.9,11385.5,157.78073632
1602772200000,11385.5,11386.3,11362.3,11368.6,231.67227062
1602773100000,11368.6,11385,11366.8,11385,174.78424519
1602774000000,11384.9,11398.9,11373.5,11395.2,158.22328858
1602774900000,11395.2,11411.3,11388.5,11390.3,143.08652474
1602775800000,11390.3,11392.8,11379,11386.1,189.57202018
1602776700000,11386.4,11413.3,11385.3,11397.2,288.94123454
1602777600000,11397.3,11406.5,11388.3,11402.6,160.42383089
1602778500000,11402.5,11474.7,11397.9,11443.5,1774.87579979
1602779400000,11443.5,11451.5,11363,11374.4,1421.61226707
1602780300000,11374.4,11385.5,11368.6,11381.2,354.84132088
1602781200000,11381.2,11419.6,11380.4,11419.6,272.86822132
1602782100000,11419.6,11430.5,11407.6,11423.9,185.52587656
1602783000000,11424,11455,11423.8,11447.5,315.31585961
1602783900000,11447.6,11483.6,11441.6,11460.5,412.80966437
1602784800000,11460.6,11476.3,11454,11471.2,243.59536524
1602785700000,11471.3,11484.1,11450.2,11456.2,230.0450758
1602786600000,11456.2,11480.6,11455.9,11477.4,158.85474681
1602787500000,11477.4,11483.7,11466.6,11466.7,165.31035248
1602788400000,11466.6,11537.1,11466.6,11500.1,547.21020413
1602789300000,11500.1,11519.5,11467.5,11518.5,497.10666559
1602790200000,11518.5,11534.6,11502.9,11514.3,422.96160469
1602791100000,11514.3,11529.3,11507.7,11521.2,471.56808317
1602792000000,11521.3,11615.3,11520.5,11556.6,1219.18007844
1602792900000,11556.5,11565.9,11534.7,11535.2,409.29546489
1602793800000,11535.2,11547.1,11525.5,11536.8,275.52435805
1602794700000,11536.8,11542,11521.6,11540.4,223.98466047
1602795600000,11540.4,11543.9,11441.5,11508.1,610.77402959
1602796500000,11508.3,11519.6,11496.4,11499.5,88.42764683
1602797400000,11499.5,11519.2,11487.2,11491,170.71335333
1602798300000,11491.3,11514.8,11481.8,11491,320.76425544
1602799200000,11491,11510.9,11491,11496.9,251.18181255
1602800100000,11496.9,11513,11490.5,11507.3,347.22463178
1602801000000,11507.4,11508.4,11489,11499,632.13811499
1602801900000,11499,11499.6,11475.4,11481.6,256.9815469
1602802800000,11480.7,11503.4,11471.2,11498.3,306.02238574
1602803700000,11498.3,11504.1,11482.3,11499.2,441.47960658
1602804600000,11499.2,11504.7,11486.7,11490.5,231.29408935
1602805500000,11490.5,11504,11481.9,11503.9,284.18820064
1602806400000,11503.9,11503.9,11471.4,11475.8,236.20771799
1602807300000,11475.7,11492,11468.9,11491.5,324.59425927
1602808200000,11491.5,11498.8,11487,11496.3,213.38354206
1602809100000,11496.2,11507,11495.1,11503.9,235.25309464
1602810000000,11503.8,11533.8,11503.2,11528.4,171.49403956
1602810900000,11528.3,11539,11520.6,11527.9,191.59815741
1602811800000,11528.8,11536.6,11523.1,11533.7,115.32291085
1602812700000,11533.7,11536.2,11520.5,11524.2,128.06258605
1602813600000,11524.2,11531.5,11509.8,11509.8,153.78644706
1602814500000,11509.7,11519.5,11509.7,11518.9,96.26194711
1602815400000,11518.9,11525.3,11516.8,11519.7,68.98179555
1602816300000,11519.8,11528.4,11515.9,11517,180.44296459
1602817200000,11517.1,11528.4,11513.4,11513.7,156.52124964
1602818100000,11513.7,11514.3,11491.4,11491.4,410.99771476
1602819000000,11491.4,11497,11485.3,11492.1,203.1655999
1602819900000,11492,11505.1,11492,11505,231.92515691
1602820800000,11505.1,11505.1,11300,11352.1,2098.4991968
1602821700000,11352,11366.1,11180.8,11255.5,2807.47513303
1602822600000,11255.4,11292.3,11242.7,11284.2,646.44356322
1602823500000,11284.2,11284.2,11241.1,11273.1,635.80387187
1602824400000,11273.1,11352.6,11261.5,11331.5,750.30121483
1602825300000,11331.5,11347,11316.5,11316.5,559.11700822
1602826200000,11316.6,11360,11310.1,11354.1,330.61536206
1602827100000,11354.1,11361.7,11332.3,11341,302.66072807
1602828000000,11341,11341,11320.4,11328.9,335.78693222
1602828900000,11329,11352.7,11328.9,11336.3,187.75738918
1602829800000,11336.3,11337.3,11317,11319.6,307.45417186
1602830700000,11319.4,11329.4,11309,11329.4,290.32023229
1602831600000,11329.3,11334.8,11321.4,11328,261.10423032
1602832500000,11327.9,11328.6,11312.2,11324.1,199.17748487
1602833400000,11324.1,11334.1,11321.5,11322,356.33097678
1602834300000,11321.9,11321.9,11305.7,11305.7,170.65253153
1602835200000,11305.7,11342.7,11301.7,11338.5,299.9435333
1602836100000,11338.5,11338.5,11306.7,11321.1,416.10126741
1602837000000,11321.1,11321.1,11309.3,11318.5,209.3974545
1602837900000,11317.5,11317.5,11296.6,11300,321.43565625
1602838800000,11300,11300,11230,11244.9,537.27121649
1602839700000,11244.9,11278.4,11204,11257.6,1189.32173495
1602840600000,11256.9,11276.9,11245.6,11264.8,560.33377805
1602841500000,11264.8,11265,11216.1,11243.3,818.70446267
1602842400000,11244.6,11282.8,11238.9,11261.2,488.57850499
1602843300000,11261.2,11283.4,11252.1,11282.9,383.72053776
1602844200000,11282.9,11323.8,11274.6,11310.8,532.53941114
1602845100000,11310.7,11314.3,11292,11297.4,392.56266435
1602846000000,11297.8,11311,11291.3,11301.3,178.37327097
1602846900000,11301.4,11335.2,11301.4,11311.2,306.80922385
1602847800000,11311.2,11320.6,11300.3,11305.8,228.54072429
1602848700000,11306.3,11395.1,11296.1,11364,737.61336824
1602849600000,11364.1,11368.1,11340.1,11348.6,242.81382707
1602850500000,11348.6,11367.8,11340.2,11362.7,205.77861171
1602851400000,11362.8,11366.5,11350.4,11364.4,156.93208762
1602852300000,11364.4,11394.5,11353.4,11362.4,397.04584705
1602853200000,11362.4,11380.8,11340.1,11347.6,249.87162321
1602854100000,11347.7,11362.2,11346.9,11355.4,185.39321842
1602855000000,11355,11357,11327.7,11336.7,241.35465437
1602855900000,11336,11349.4,11326.9,11345.3,205.26466566
1602856800000,11345.4,11358.8,11344.4,11351.4,141.56949956
1602857700000,11351.3,11380.7,11344.2,11375.6,285.99993166
1602858600000,11375.6,11378.6,11321.8,11332,275.7108064
1602859500000,11331.9,11331.9,11306.9,11321.9,466.0390004
1602860400000,11322.3,11334,11308.3,11330.6,251.21098364
1602861300000,11330.6,11330.9,11280.6,11304.9,282.22504172
1602862200000,11304.9,11318.8,11296.9,11316.1,217.38817429
1602863100000,11316.2,11326.2,11307.6,11326.1,290.81933205
1602864000000,11326.2,11329.6,11305.7,11328.6,161.39137273
1602864900000,11328.7,11347.8,11328.7,11336.9,412.53128989
1602865800000,11336.9,11343,11325.6,11325.9,2063.7382864
1602866700000,11325.7,11341.5,11325.7,11340.1,699.53652495
1602867600000,11340.1,11350.6,11335.1,11335.1,152.64345244
1602868500000,11335.2,11343.4,11322.4,11339.8,141.33990793
1602869400000,11340.7,11342.8,11317.8,11330.1,142.57399176
1602870300000,11330.1,11335.2,11314.3,11331.6,158.67236299
1602871200000,11331.6,11362,11330.7,11355.5,150.95836074
1602872100000,11355.5,11359.2,11345.9,11354.7,156.69195314
1602873000000,11354.6,11365,11352.6,11360.6,81.70818943
1602873900000,11360.7,11365.3,11353.2,11359.2,171.1648749
1602874800000,11359.3,11362.9,11337.3,11341.7,120.16190312
1602875700000,11341.8,11348.2,11340.7,11345.8,123.02581653
1602876600000,11344.9,11351.9,11336.8,11341.9,255.82208459
1602877500000,11341.8,11345.4,11307.7,11307.7,189.26094637
1602878400000,11307.7,11315.7,11273.1,11297.5,353.35479557
1602879300000,11297.5,11300.6,11278.3,11287.5,136.64383594
1602880200000,11287.6,11303.9,11287.6,11292.1,415.27406037
1602881100000,11292.1,11308.2,11289.6,11308.1,239.52830045
1602882000000,11308.2,11310.7,11305.8,11306.7,83.58453272
1602882900000,11306.6,11310.8,11297.9,11306.9,134.03140338
1602883800000,11307,11324.9,11306.9,11323.5,205.52751122
1602884700000,11323.5,11334.8,11320.7,11329.8,178.20133949
1602885600000,11329.9,11333,11310.7,11328.6,153.65822228
1602886500000,11328.6,11346,11328.6,11338.5,200.56718645
1602887400000,11338.5,11347.3,11333.5,11337.1,118.24814331
1602888300000,11337.2,11344,11333.2,11341.7,127.04150027
1602889200000,11341.8,11345.1,11328.9,11338.9,182.17958265
1602890100000,11338.8,11340.8,11313.4,11322.9,140.73548168
1602891000000,11323,11338.1,11323,11330.8,180.89411478
1602891900000,11330.8,11331.6,11304.4,11315.4,154.90119928
1602892800000,11317.4,11322.7,11291.1,11291.3,242.62554983
1602893700000,11291.4,11311.5,11286.4,11286.4,110.90590421
1602894600000,11286.4,11294.1,11263.8,11279.8,304.0737042
1602895500000,11280.4,11293.2,11274.8,11292.2,241.14053649
1602896400000,11292.3,11301.8,11289.4,11299.6,117.82662311
1602897300000,11299.6,11320.1,11299.6,11317.5,434.24345558
1602898200000,11317.5,11329.9,11305.1,11325,253.6447059
1602899100000,11324.9,11341.7,11321.5,11324.4,136.14266296
1602900000000,11323.6,11341.5,11318.4,11324.8,146.56685701
1602900900000,11324.9,11341.7,11321.8,11340.2,278.39947119
1602901800000,11340.3,11346.9,11333.9,11334.4,166.63594521
1602902700000,11334.4,11341.3,11326.6,11335.1,255.20342842
1602903600000,11335.2,11337.9,11321.4,11325.8,128.0841511
1602904500000,11325.6,11336.8,11322.3,11327,169.0453627
1602905400000,11327,11346.4,11327,11345.9,285.56039135
1602906300000,11346,11360,11340.3,11357.1,209.41617867
1602907200000,11357.1,11360,11343.7,11344,168.69781304
1602908100000,11344,11348.5,11340,11340,97.93128876
1602909000000,11340,11347.6,11332.1,11333.5,88.82082122
1602909900000,11333.5,11345.2,11333.5,11343.1,137.89401683
1602910800000,11343.1,11352,11342.5,11352,110.10906015
1602911700000,11352,11352.9,11329.3,11331.3,345.76744524
1602912600000,11331.2,11345,11331.2,11335.5,91.52376368
1602913500000,11335.5,11346.9,11335.4,11344.1,210.39589066
1602914400000,11344.3,11349.8,11336.7,11336.7,46.79927034
1602915300000,11336.7,11374,11334.6,11374,192.60635021
1602916200000,11373.9,11374,11333.5,11337.2,536.94167864
1602917100000,11337.2,11349.6,11337.2,11340.8,178.61089816
1602918000000,11341.5,11345.9,11340.7,11345.8,216.79574916
1602918900000,11345.7,11348.6,11334.4,11337.9,122.33395462
1602919800000,11338,11358.2,11333.9,11357.2,152.40661067
1602920700000,11357.3,11357.8,11340.3,11341.4,309.51914301
1602921600000,11341.5,11353.5,11340,11344.3,325.99157184
1602922500000,11344.2,11344.2,11332.1,11334.8,292.89925099
1602923400000,11334.8,11347.6,11334.8,11335.5,302.01758208
1602924300000,11335.4,11335.5,11313.3,11313.3,433.93639722
1602925200000,11313.4,11329.6,11311.3,11324.4,299.30205615
1602926100000,11325.3,11329.7,11318.5,11319.6,222.26786833
1602927000000,11318.2,11319.1,11308.2,11315.6,141.06245689
1602927900000,11315.6,11335.3,11315.5,11332.3,83.18320461
1602928800000,11332.3,11341.7,11330.5,11330.9,248.40402141
1602929700000,11331,11343.4,11330.9,11338.4,163.657872
1602930600000,11338.5,11338.5,11329.6,11335.3,197.86899633
1602931500000,11335.3,11348,11335.3,11347.4,213.86918716
1602932400000,11347.3,11347.3,11336.1,11336.4,211.33927674
1602933300000,11337.2,11342.1,11334,11342.1,85.03189311
1602934200000,11342.1,11352.7,11339.9,11340.4,111.04958403
1602935100000,11340.4,11342,11331.6,11340.8,118.77276895
1602936000000,11340.7,11341.8,11331.6,11332,106.01148337
1602936900000,11332,11333.2,11331.6,11331.7,75.08104331
1602937800000,11331.8,11331.8,11313.3,11329.5,150.69444747
1602938700000,11329.4,11344.4,11325.1,11343.6,154.81549181
1602939600000,11343.7,11346.9,11334.7,11334.8,98.62476825
1602940500000,11334.7,11334.7,11321.6,11324.5,279.00482835
1602941400000,11324.5,11337.5,11319.2,11327.6,219.1232842
1602942300000,11327.5,11330.1,11310.5,11318.7,362.12363511
1602943200000,11318.7,11326.1,11318.7,11323.9,69.79993466
1602944100000,11323.8,11333.7,11323.8,11327.5,110.44447858
1602945000000,11327.5,11328.5,11288.8,11292.7,467.79339657
1602945900000,11292.7,11359.9,11209.6,11352.4,750.0744454
1602946800000,11352.4,11400,11350,11353.2,387.96838917
1602947700000,11352.2,11358,11330,11341.7,279.40801252
1602948600000,11341.7,11343.5,11330,11331.2,267.90133489
1602949500000,11331.2,11339.5,11321,11331.8,346.52495692
1602950400000,11331.8,11338.9,11313.8,11319.8,157.82459978
1602951300000,11319.9,11333.8,11315.6,11327.3,108.34985457
1602952200000,11327.2,11327.2,11296.2,11319.8,451.55784982
1602953100000,11319.7,11326.4,11311.3,11319.5,270.14333261
1602954000000,11319.5,11326.7,11290.2,11320.7,313.58024479
1602954900000,11320.8,11325.6,11312.3,11318.8,153.28757852
1602955800000,11318.7,11326.4,11313.6,11320.3,221.05979408
1602956700000,11320.3,11340.6,11320.3,11336.9,907.37875938
1602957600000,11336.9,11340.7,11328,11334.3,903.09490347
1602958500000,11334.2,11337.9,11329.8,11335.2,559.73378689
1602959400000,11335.1,11338.1,11330.1,11335.6,362.95565693
1602960300000,11335.6,11340.4,11335,11340.3,122.1923861
1602961200000,11340.3,11345.5,11332.1,11337.8,90.63254117
1602962100000,11335.5,11351.8,11335.4,11351.5,56.22159947
1602963000000,11351.5,11351.5,11333.6,11335.5,107.33697369
1602963900000,11335.5,11343.8,11331.1,11336.7,252.07510747
1602964800000,11336.7,11337.1,11330.4,11334.1,243.09056168
1602965700000,11334,11336,11319.9,11319.9,199.01340572
1602966600000,11319.9,11327.8,11319.3,11325,74.37122936
1602967500000,11325,11356.9,11325,11344.9,171.26275312
1602968400000,11344.9,11349.7,11344.9,11349.7,32.16016333
1602969300000,11349.7,11360,11349.6,11351.9,31.5553679
1602970200000,11351.2,11351.2,11342.1,11344.1,11.23655837
1602971100000,11344,11344.1,11334.3,11339,48.1687149
1602972000000,11339,11347.9,11338,11344.7,48.36056198
1602972900000,11344.7,11344.7,11330.4,11334,46.21593202
1602973800000,11334.1,11347.8,11333.2,11347,155.12117634
1602974700000,11347,11347,11336.7,11336.8,180.8722728
1602975600000,11336.8,11349.7,11336.7,11349.7,227.88227742
1602976500000,11349.7,11349.7,11337.1,11341,123.53805413
1602977400000,11341,11356,11341,11356,47.38644212
1602978300000,11356,11360.5,11353.8,11355.9,80.67583001
1602979200000,11355.9,11355.9,11339.5,11353.8,146.57354957
1602980100000,11353.7,11371.8,11353.7,11368,132.60997319
1602981000000,11368.1,11380,11349.7,11373.3,148.44026997
1602981900000,11373.4,11379.2,11366.3,11366.4,135.67950562
1602982800000,11366.4,11380.8,11366.4,11373.4,189.04164928
1602983700000,11373.4,11387.1,11367.9,11387.1,152.81338567
1602984600000,11387.1,11398.4,11386.4,11386.4,190.36141349
1602985500000,11385.9,11390.4,11378.2,11388.7,165.30000625
1602986400000,11388.8,11396.2,11370.4,11370.4,80.58368268
1602987300000,11369.7,11373.6,11363.3,11364.3,230.09511004
1602988200000,11364.3,11370.3,11363.6,11367.5,93.51436028
1602989100000,11367.5,11378.4,11367.5,11370,150.84707992
1602990000000,11370,11376.9,11367.5,11376.2,77.4493336
1602990900000,11376.1,11380.1,11374.9,11374.9,73.59074527
1602991800000,11374.9,11377,11361,11364.4,181.70096864
1602992700000,11364.4,11365.5,11361.1,11362.7,150.63010608
1602993600000,11362.4,11379.6,11362.3,11378.5,162.48714394
1602994500000,11378.5,11378.9,11371.7,11375.8,279.82722846
1602995400000,11376.6,11381.3,11369.6,11371.1,91.44755859
1602996300000,11371.1,11374,11360.7,11366.7,230.5495289
1602997200000,11366.7,11374.4,11366,11369.6,119.02749256
1602998100000,11369.4,11378.4,11369.4,11372.1,185.64285026
1602999000000,11372.1,11390,11372.1,11388.9,180.45676877
1602999900000,11388.9,11389.5,11380.6,11385.7,94.39421356
1603000800000,11385.8,11389.7,11375.8,11376.6,134.02133107
1603001700000,11376.6,11382.6,11376.5,11379.5,63.75026602
1603002600000,11379.6,11464.2,11379.6,11428.8,436.41065693
1603003500000,11429.8,11446.2,11421.4,11445.9,172.25152739
1603004400000,11446,11456,11432.7,11434.5,433.85394313
1603005300000,11434.3,11442.4,11427.6,11434.8,268.75580904
1603006200000,11434.9,11439.4,11426.8,11439.4,186.87572563
1603007100000,11438.1,11453,11435.2,11453,118.52783937
1603008000000,11453,11476.4,11430.1,11430.3,322.42898795
1603008900000,11430.3,11434,11417.8,11424.6,197.88078034
1603009800000,11424.6,11427.3,11418.4,11419.6,135.53939325
1603010700000,11419.6,11430.3,11419.6,11430.2,471.20645476
1603011600000,11430.2,11433.5,11412,11416.3,88.75076195
1603012500000,11416.6,11431.2,11416.5,11430.7,146.15829879
1603013400000,11430.7,11430.7,11414.6,11414.8,108.10202374
1603014300000,11414.9,11417.8,11399.1,11402.5,223.03756534
1603015200000,11402.8,11414.4,11401.6,11411.7,162.19480495
1603016100000,11412.7,11419.3,11409.9,11417,137.6423315
1603017000000,11417,11419.6,11409.7,11414.2,63.58179115
1603017900000,11414.2,11423,11407.4,11421.6,117.13826278
1603018800000,11421.7,11423.5,11409.8,11422.1,172.62716065
1603019700000,11422.1,11430.3,11420.8,11428.7,267.41903252
1603020600000,11428.6,11430.5,11417.9,11418.4,213.56240794
1603021500000,11418.3,11420.2,11411.9,11419.7,159.83311366
1603022400000,11419.7,11423.5,11419.7,11423.5,59.43501218
1603023300000,11423.5,11431.4,11423.4,11428.4,127.10429831
1603024200000,11428.4,11428.4,11409.6,11412.1,75.33060561
1603025100000,11412.1,11416.8,11408.7,11411.5,149.55080627
1603026000000,11414.5,11436.9,11414.5,11433.4,129.43601356
1603026900000,11433.3,11433.3,11423.8,11425.2,40.20916713
1603027800000,11425.1,11427.2,11418.3,11425.6,244.14994678
1603028700000,11425.7,11439.8,11425.7,11438.2,268.38509651
1603029600000,11437.8,11449.3,11435.5,11446.8,85.85587257
1603030500000,11446.9,11500,11429.8,11462.7,714.96007631
1603031400000,11462.7,11472.5,11431.2,11434.5,204.32333942
1603032300000,11434.6,11434.6,11421,11431.2,142.88624262
1603033200000,11431.3,11438.7,11424.2,11433.5,178.31483392
1603034100000,11433.5,11441.4,11428.7,11429,300.21268301
1603035000000,11429,11445.5,11428.8,11445.5,163.28935093
1603035900000,11445.5,11457.3,11443.4,11446.3,300.91269698
1603036800000,11446.4,11454.2,11431,11436.8,183.87495898
1603037700000,11436.9,11448,11434.8,11447.9,282.00578549
1603038600000,11448,11458.2,11446.3,11451.4,118.94112435
1603039500000,11451.5,11463.5,11451.5,11455.9,460.30094919
1603040400000,11455.9,11455.9,11445,11445.9,177.19966842
1603041300000,11445.9,11457.2,11445,11451.3,97.5703763
1603042200000,11451.3,11459.1,11445,11447.4,119.82597729
1603043100000,11447.4,11466.3,11444.3,11464,59.0348972
1603044000000,11463.9,11472.2,11463.8,11470.2,295.17829586
1603044900000,11470.2,11477.3,11459.8,11461.7,117.24528358
1603045800000,11461.7,11463.7,11447.3,11448.3,65.00803212
1603046700000,11448.4,11451.2,11438.7,11438.8,105.97996908
1603047600000,11438.7,11445.4,11435.9,11441.7,266.10166112
1603048500000,11441.6,11448.8,11440.7,11446.4,23.82243417
1603049400000,11446.7,11446.7,11434.1,11437.3,122.22586111
1603050300000,11437.3,11441,11431,11431,37.56210403
1603051200000,11431.1,11435.4,11422.6,11428,84.29748688
1603052100000,11428,11429,11412.3,11424.8,253.10709155
1603053000000,11425.7,11436.8,11425.7,11432.1,69.66854263
1603053900000,11432.5,11440.6,11432.5,11437.2,77.18197209
1603054800000,11437.1,11445.9,11437.1,11445.8,263.02873987
1603055700000,11445.9,11452.5,11443.8,11452.4,640.57841668
1603056600000,11452.5,11459.6,11448.6,11453.7,552.57680719
1603057500000,11453.7,11453.7,11444,11452.5,41.95428978
1603058400000,11452.6,11464.2,11445.7,11464.1,48.87450015
1603059300000,11464.2,11464.2,11447.3,11453.7,261.23448448
1603060200000,11453.7,11461,11443.5,11460,253.40948644
1603061100000,11459.9,11473.9,11455.8,11458.7,76.80940041
1603062000000,11458.7,11478.5,11451.9,11476.1,204.11241475
1603062900000,11476.2,11480.9,11460,11464.2,169.09476643
1603063800000,11464.4,11489.4,11461.5,11484,253.39395548
1603064700000,11483.9,11512,11477.3,11501.3,236.858745
1603065600000,11501.4,11536,11473.8,11491,348.17422734
1603066500000,11491.1,11491.1,11464.3,11471.3,205.50336976
1603067400000,11471.3,11472.6,11458.9,11465.9,108.99876999
1603068300000,11465.8,11471.5,11447,11466.1,125.9603796
1603069200000,11466.1,11471.1,11459.5,11470.6,69.48801143
1603070100000,11470.6,11477.5,11464.2,11464.2,80.52107022
1603071000000,11463.3,11466.5,11461.1,11463.6,120.26678922
1603071900000,11463.7,11466.5,11458.1,11459.5,280.72060646
1603072800000,11459.4,11471.6,11458.2,11469.7,202.25324095
1603073700000,11469.7,11469.8,11450.8,11451.6,208.9018482
1603074600000,11451.6,11451.6,11437.6,11447.4,128.22662033
1603075500000,11447.4,11457.3,11442.7,11452.6,96.20914431
1603076400000,11452.6,11458.1,11446.4,11446.4,490.05706272
1603077300000,11446.3,11446.3,11422.7,11426.1,292.15805022
1603078200000,11426.1,11436.3,11420.8,11429.4,71.99191446
1603079100000,11429.5,11436,11404.9,11414.2,98.22886754
1603080000000,11411.6,11434.1,11404.8,11434,145.42462095
1603080900000,11434.1,11438.2,11432.3,11436.8,65.48481412
1603081800000,11436.7,11439.7,11431.1,11439.6,67.023123
1603082700000,11439.6,11439.7,11432.7,11437.3,40.96421202
1603083600000,11437.4,11446.6,11433.3,11433.3,94.56602049
1603084500000,11433.2,11435.7,11428.2,11428.5,161.86133544
1603085400000,11429.5,11429.6,11417,11420.2,63.18189086
1603086300000,11420.3,11436.5,11420.3,11436.5,569.50787086
1603087200000,11436.4,11440.9,11428.5,11428.6,261.46300247
1603088100000,11428.5,11442.1,11421,11442.1,53.92914652
1603089000000,11442.1,11453.6,11435.6,11453.5,112.44262719
1603089900000,11453.5,11455,11447.3,11447.3,345.08320594
1603090800000,11447.3,11460,11447.3,11452.6,172.830833
1603091700000,11452.6,11455.4,11440.5,11446,183.29559367
1603092600000,11446,11464.1,11442,11463.4,287.37732664
1603093500000,11463.4,11465.5,11457.8,11458.2,315.74623002
1603094400000,11458.5,11458.5,11444.4,11456.8,337.6073396
1603095300000,11456.9,11466.3,11456.6,11461.1,137.89967392
1603096200000,11461.1,11465.4,11457.1,11457.3,115.49705286
1603097100000,11457.3,11462.1,11454.5,11462.1,75.79025368
1603098000000,11462.6,11472.1,11459.1,11472.1,88.7232837
1603098900000,11472.1,11475,11451,11453.2,168.62292848
1603099800000,11453.2,11469.6,11453.1,11469.5,231.20811848
1603100700000,11469.6,11485.1,11466.5,11485.1,506.5321343
1603101600000,11485.1,11498.8,11473.3,11473.3,98.24550199
1603102500000,11473.4,11477.8,11463.4,11463.4,554.69558914
1603103400000,11463.4,11474.9,11456.8,11474.9,399.28059899
1603104300000,11474.9,11478.7,11462.6,11477.5,114.12700259
1603105200000,11477.9,11483.3,11473.1,11477.8,367.93596977
1603106100000,11477.8,11481,11473.8,11480.7,44.86579054
1603107000000,11480.7,11530,11480.7,11502.1,368.23284936
1603107900000,11502.2,11518.9,11469.2,11469.2,436.38274705
1603108800000,11468.8,11493.4,11468.7,11493.3,169.86379627
1603109700000,11493.4,11517.7,11493.4,11516.3,284.32079035
1603110600000,11517.2,11526.8,11510.4,11511,191.73130806
1603111500000,11511.2,11514.5,11494.7,11509.6,268.30402664
1603112400000,11509.7,11630,11509.6,11598.9,843.84650567
1603113300000,11598.9,11670,11598.9,11650.5,411.31776747
1603114200000,11650.4,11668,11626.6,11648,311.46031482
1603115100000,11648,11668.3,11638.4,11638.4,233.9454323
1603116000000,11637.7,11678,11608.8,11624.6,489.64326146
1603116900000,11624.5,11650.7,11623.9,11643.4,204.95554437
1603117800000,11643.4,11650.1,11623.9,11626,300.97656575
1603118700000,11626,11651.3,11618.7,11647.1,221.44739688
1603119600000,11646.7,11660.3,11632.6,11652.3,193.70356358
1603120500000,11652.4,11704.9,11650.1,11674.1,359.95633619
1603121400000,11674.2,11763.9,11664.5,11733.9,665.8058717
1603122300000,11733.9,11820,11733.9,11803.9,710.4315217
1603123200000,11803.8,11828.2,11759,11765.2,362.62252472
1603124100000,11765.3,11789.6,11765.3,11771.6,171.74110899
1603125000000,11771.5,11771.5,11750,11754.4,252.20595715
1603125900000,11754.3,11771.4,11754,11759.8,153.396034
1603126800000,11759.8,11773.1,11732.7,11744.8,100.98820333
1603127700000,11744.8,11759.4,11743.3,11743.8,124.43470675
1603128600000,11743.6,11753.5,11731.1,11734.8,398.94269116
1603129500000,11734.7,11737,11716.3,11716.4,212.69402454
1603130400000,11716.4,11745.6,11716.4,11745,158.32828518
1603131300000,11744.9,11746.2,11731.8,11731.9,100.01358312
1603132200000,11731.8,11732.6,11682.8,11693.4,193.14247457
1603133100000,11691.5,11693.5,11661.9,11663.2,326.6392485
1603134000000,11663.2,11690.5,11650.4,11678.5,155.6874195
1603134900000,11678.5,11681.2,11656.1,11681.2,216.71646552
1603135800000,11681.2,11685.8,11667.6,11671.4,113.59500956
1603136700000,11671.4,11682.9,11668.6,11682.8,148.0155106
1603137600000,11683.1,11687.3,11662.1,11665.8,73.93810302
1603138500000,11665.8,11683,11658.1,11679.8,158.72083813
1603139400000,11679.9,11713.2,11679.8,11709.6,153.57963644
1603140300000,11709.5,11722.3,11708.5,11719.2,100.68947615
1603141200000,11719.2,11721.2,11693.9,11721.1,464.27830514
1603142100000,11721.1,11740.2,11714.2,11714.3,168.89716647
1603143000000,11714.2,11734.2,11714.2,11725.5,162.01699683
1603143900000,11725.5,11749.2,11725.5,11739.6,149.09010807
1603144800000,11739.7,11739.7,11705.7,11727.1,179.27736145
1603145700000,11727.1,11744.7,11727.1,11737.6,123.58959597
1603146600000,11736.6,11770.3,11736.6,11768.3,336.00044513
1603147500000,11768.3,11768.4,11722.3,11722.5,146.70603243
1603148400000,11722.7,11734.1,11711.7,11714.7,85.93599242
1603149300000,11714.8,11728.8,11701.4,11728,127.7549928
1603150200000,11728.1,11743.4,11719.8,11724.4,213.82435387
1603151100000,11724.4,11743.9,11724.4,11743.9,181.26280828
1603152000000,11743.9,11747.2,11710.1,11718.9,230.07641803
1603152900000,11718.9,11731.8,11710.9,11727.5,201.13734845
1603153800000,11727.5,11737.8,11708.4,11711.5,252.27841062
1603154700000,11711.5,11719.3,11691.4,11716.8,208.82357396
1603155600000,11716.8,11729.3,11708.2,11724,335.45508385
1603156500000,11724,11724.1,11690.4,11693.2,399.69784764
1603157400000,11693.2,11703.3,11686.5,11690.7,172.87009758
1603158300000,11692.4,11698.1,11670.2,11690.1,241.71358135
1603159200000,11690,11710,11684.9,11704.4,83.85886058
1603160100000,11704.4,11711.9,11702.4,11704.3,62.49007841
1603161000000,11704.4,11706.9,11699.3,11706,383.45221752
1603161900000,11706,11724,11705.9,11713.4,327.5101536
1603162800000,11713.4,11727.1,11699.9,11720.6,127.6378875
1603163700000,11720.6,11721.7,11711,11712.1,304.19747975
1603164600000,11712.1,11742.5,11712.1,11739.7,122.12896291
1603165500000,11739.7,11758.6,11731.4,11735.8,293.93564312
1603166400000,11735.9,11739.7,11716.3,11722.5,173.52085665
1603167300000,11722.5,11750.2,11722.5,11746.3,80.77041259
1603168200000,11747.1,11747.1,11732.8,11738.6,607.44440825
1603169100000,11737.3,11737.4,11714.2,11717.3,238.37913563
1603170000000,11717.3,11736.2,11708,11736.1,103.96546179
1603170900000,11736,11744.5,11719.4,11744.5,172.78257553
1603171800000,11744.5,11745.8,11734.6,11738,184.69612731
1603172700000,11737.9,11754,11728.8,11750.6,188.1051217
1603173600000,11750.6,11761,11734.6,11756.4,123.42485228
1603174500000,11756.5,11770.8,11756.5,11769.9,255.73875008
1603175400000,11769.9,11794,11769.9,11790.2,123.74996974
1603176300000,11790.2,11791.1,11765.4,11779.4,204.02784055
1603177200000,11779.3,11793.1,11774.1,11787.8,140.50829954
1603178100000,11787.9,11844.2,11783.1,11827.8,282.41413232
1603179000000,11827.7,11830.1,11743.8,11747.6,304.79188876
1603179900000,11747.6,11756.1,11702.6,11727,329.55697786
1603180800000,11727,11737,11694.8,11737,241.37527595
1603181700000,11736.9,11739.8,11725.5,11730.2,83.33002627
1603182600000,11730.2,11741.5,11718.1,11738.7,82.08071252
1603183500000,11738.7,11749.8,11730.1,11730.2,337.50787344
1603184400000,11730.2,11733.1,11717.1,11730.3,208.67263469
1603185300000,11730.3,11748.3,11730.3,11748.3,288.71756513
1603186200000,11748.3,11771.2,11744.5,11770.8,100.08722657
1603187100000,11770.8,11809.7,11769.8,11776.8,224.43225681
1603188000000,11776.8,11793.9,11767.3,11779.8,208.64627359
1603188900000,11779.8,11784.7,11766.5,11778.6,182.93731897
1603189800000,11778.7,11826.3,11777.4,11812.2,170.01191422
1603190700000,11810.7,11836,11798.1,11824.6,231.02101499
1603191600000,11824.5,11912.6,11813,11905.3,734.25483855
1603192500000,11905.2,11925.5,11718,11799.2,809.69444062
1603193400000,11799.2,11806.6,11757.2,11783.8,247.06064688
1603194300000,11783.8,11786.6,11749.7,11765.2,288.40952704
1603195200000,11765.2,11817.9,11754.2,11811.2,254.4803249
1603196100000,11811.2,11859,11808.4,11852.6,139.73179139
1603197000000,11852.7,11875.6,11824.9,11871.3,221.89258501
1603197900000,11871.4,11883.8,11853.6,11872.5,188.89417587
1603198800000,11872.5,11881.6,11841.8,11854,256.37570373
1603199700000,11854,11861.4,11819.7,11847.8,171.17748027
1603200600000,11847.9,11870.5,11824.8,11869,225.5594695
1603201500000,11869.4,11941.7,11865,11921.9,335.37560721
1603202400000,11921.8,11921.9,11862.2,11890.8,172.41803085
1603203300000,11890.8,11948,11890.8,11905.2,198.48357074
1603204200000,11905.2,11924,11881.1,11896.6,158.16854255
1603205100000,11896.7,11933.6,11892.9,11906.8,220.23359169
1603206000000,11906.8,11949.3,11889.5,11943.7,278.0761627
1603206900000,11943.8,11969,11923,11963.8,292.66707847
1603207800000,11962.5,11975,11948.1,11961.3,201.9178375
1603208700000,11961.3,11966.6,11862.1,11917.3,507.1532852
1603209600000,11916.5,11980,11907.4,11969.5,436.62560862
1603210500000,11969.4,11977.6,11922.1,11925.4,179.21985711
1603211400000,11925.3,11963.9,11892.5,11952.8,229.71053675
1603212300000,11952,11961,11934.8,11958.9,161.08005176
1603213200000,11958.9,11968.5,11950.3,11954.2,227.2079619
1603214100000,11954.1,11970.4,11948.4,11948.8,137.04174407
1603215000000,11948.9,11969,11937,11968.9,141.1016977
1603215900000,11969,12041,11952.3,11959.7,739.73739167
1603216800000,11959.8,11968.7,11908.2,11932,254.77368534
1603217700000,11932,11936.7,11917.1,11920.6,148.05209446
1603218600000,11920.7,11942.3,11920.6,11939.7,130.2496815
1603219500000,11939.8,11955.9,11939.7,11955.8,208.57955157
1603220400000,11955.8,11971.4,11884.9,11914.6,214.07552196
1603221300000,11913.2,11944.7,11904.3,11939.9,206.71332872
1603222200000,11937.5,11942.7,11913.3,11931.1,170.51505175
1603223100000,11930.1,11930.8,11904.3,11904.8,175.89436877
1603224000000,11904.8,11904.8,11867.1,11868.6,183.76016368
1603224900000,11868.6,11890.6,11843.6,11872.9,203.05515475
1603225800000,11872.8,11877.5,11843.1,11869.8,151.00324377
1603226700000,11869.8,11888.8,11857.1,11885.5,124.3663772
1603227600000,11885.4,11906.8,11883.8,11906.8,117.45910296
1603228500000,11906.8,11926.1,11904.5,11907.3,135.49865084
1603229400000,11907.3,11907.3,11875.5,11875.5,331.42526575
1603230300000,11875.5,11912.2,11869.2,11911.1,274.90012897
1603231200000,11911.2,11943.8,11911.2,11929.8,216.4864112
1603232100000,11929.9,11938.1,11919.1,11920.6,82.15775782
1603233000000,11920.6,11922.9,11910.6,11914.5,171.02567163
1603233900000,11914.5,11942.5,11913.3,11941.5,218.03835925
1603234800000,11939.7,11950,11920.4,11936.9,229.89455773
1603235700000,11936.8,11938.8,11913.7,11917.3,196.08215553
1603236600000,11918.3,11927.7,11879.5,11879.5,274.38217911
1603237500000,11879.4,11911.2,11879.4,11899.1,265.04514164
1603238400000,11899.2,11913.2,11876.6,11913.1,260.4056068
1603239300000,11913.2,11943.5,11913.2,11931.6,514.66504951
1603240200000,11931.6,11954.5,11931.6,11943.8,338.99752956
1603241100000,11943.9,11978.2,11939.1,11972.1,145.21433806
1603242000000,11972.2,12012,11966.3,11994.9,295.3298719
1603242900000,11994.8,12013.5,11991.5,12009.4,236.7297884
1603243800000,12009.3,12009.3,11960.5,11970.6,233.54406124
1603244700000,11970.6,11987.2,11970.5,11986.2,277.90317526
1603245600000,11986.3,11993.9,11974.4,11977.5,391.22653069
1603246500000,11977.4,12030,11971.9,12026.6,249.57638763
1603247400000,12026.6,12049.4,12001.1,12033.3,378.11361083
1603248300000,12033.3,12142,12027.8,12121,658.17728413
1603249200000,12121,12187.2,12121,12174.8,664.53948201
1603250100000,12174.8,12230,12162.7,12211.3,498.05620891
1603251000000,12211.2,12221.7,12163.1,12189.8,378.74293253
1603251900000,12189.8,12210,12172,12182,270.04961053
1603252800000,12182.1,12211.1,12169.6,12199.9,289.01858795
1603253700000,12200.9,12299,12183,12298.5,697.9872199
1603254600000,12298.4,12298.4,12233.1,12234.2,280.53077539
1603255500000,12234.6,12266.9,12216.5,12265.6,493.94658317
1603256400000,12265.2,12274.9,12222.2,12227.1,298.00307022
1603257300000,12227.1,12250.3,12212.7,12231.8,280.76412089
1603258200000,12231.9,12259.7,12213.6,12259.6,216.63766821
1603259100000,12259.7,12262.5,12222.5,12227.5,164.90276227
1603260000000,12226.5,12266,12226.4,12263.5,147.01289738
1603260900000,12263.4,12275,12255.3,12257.8,356.75153787
1603261800000,12257.8,12260.6,12219.6,12232.5,188.14096157
1603262700000,12231.2,12246.9,12227.9,12228,158.75878882
1603263600000,12228,12241.7,12180,12200,402.5124908
1603264500000,12200,12212.6,12188,12188.1,276.82967188
1603265400000,12188.1,12200,12127.1,12164.2,390.76561057
1603266300000,12163.3,12195.8,12162,12195.8,303.6710055
1603267200000,12195.8,12200,12165.4,12165.4,331.5569761
1603268100000,12165.6,12190.2,12160.9,12166.1,109.53936183
1603269000000,12166,12175.1,12155,12167.7,281.04490914
1603269900000,12167.7,12177.6,12138.2,12148.4,177.90482489
1603270800000,12149.5,12185.4,12130.8,12177.3,183.15288664
1603271700000,12177.3,12199.9,12171.7,12190.4,285.69815202
1603272600000,12190.3,12196,12178.2,12189.4,340.94576173
1603273500000,12189.4,12194.6,12172.9,12194.5,190.61253116
1603274400000,12194.6,12225.8,12194.6,12202.4,149.46021823
1603275300000,12202.3,12225.3,12200.8,12220.9,323.55018246
1603276200000,12219.4,12250,12219.2,12243.6,210.975656
1603277100000,12243.6,12245.4,12210.4,12214.3,189.52690085
1603278000000,12214.3,12224.9,12204.8,12208.2,139.22164514
1603278900000,12208.8,12230,12189.5,12191.5,183.45164594
1603279800000,12192.2,12247.6,12175.6,12247.6,184.70765597
1603280700000,12247.6,12364,12247.6,12327.2,818.2787608
1603281600000,12329.9,12342.4,12277,12288.7,302.84267193
1603282500000,12288.6,12364,12271.5,12335.1,386.61538076
1603283400000,12335.1,12364,12307.6,12363.9,437.06521194
1603284300000,12363.8,12432,12358.1,12400.7,536.38223629
1603285200000,12400.7,12427.5,12362,12423.9,241.26212558
1603286100000,12424,12424,12366.9,12376.7,230.08841372
1603287000000,12375.9,12443.6,12353.6,12428.5,348.64931576
1603287900000,12428.5,12469.1,12411,12465.6,360.0184346
1603288800000,12466.5,12484.8,12417.3,12442.8,335.71663593
1603289700000,12442.8,12876.4,12435.1,12720,1981.47192134
1603290600000,12720,12756.9,12666.6,12706.5,595.16961862
1603291500000,12706.6,12730.8,12680,12724.1,311.03357022
1603292400000,12724.2,12724.2,12685.3,12708.7,195.95564192
1603293300000,12708.8,12735.6,12591.7,12659.9,505.94051551
1603294200000,12657.9,12711.2,12652.1,12709.8,236.03027822
1603295100000,12709.8,12729.2,12697.8,12729.2,173.35883347
1603296000000,12729.4,12832.6,12705.1,12778.3,704.33881195
1603296900000,12778.3,12897,12760.8,12826,566.50754825
1603297800000,12825.9,12881.9,12819.6,12830.2,252.04844944
1603298700000,12829.6,12840.1,12781.6,12820.5,271.28886653
1603299600000,12821,12851.1,12795.5,12831.1,129.77956462
1603300500000,12831.1,12847.4,12811.9,12811.9,256.03982357
1603301400000,12812,12829.9,12717.1,12751.4,375.41965926
1603302300000,12748.4,12790.2,12739.9,12756.1,206.93656593
1603303200000,12756.6,12785.1,12754.7,12755.4,172.06146311
1603304100000,12755.5,12762.9,12716.4,12739.5,253.21720153
1603305000000,12739.5,12760,12731.5,12760,158.2221164
1603305900000,12759.9,12767.6,12725.8,12757.9,170.39175813
1603306800000,12757.9,12785.5,12729.8,12731.5,149.77112624
1603307700000,12732.5,12758,12725.8,12737.9,244.27995095
1603308600000,12736.2,12766.2,12736.2,12753.2,217.58715343
1603309500000,12754.5,12754.5,12640,12675,585.0482212
1603310400000,12674.1,12703.8,12670.7,12699.8,173.62796939
1603311300000,12701.9,12734.1,12698.1,12711.9,392.73307924
1603312200000,12710.9,12752.7,12710.9,12752.6,414.29690874
1603313100000,12752.7,12830,12752.7,12826.9,294.36283178
1603314000000,12827,12842.1,12800,12826.6,226.63572143
1603314900000,12826.7,12968.9,12794.9,12842.2,481.44026231
1603315800000,12842.2,12910.9,12740.9,12893.9,223.4766329
1603316700000,12893.5,12932.3,12866.7,12894.5,358.48297276
1603317600000,12894.5,12966,12872.8,12953.1,185.67722109
1603318500000,12953,13038,12926.5,13016.5,682.73702924
1603319400000,13017.2,13079.6,12999.5,13065.1,326.9415418
1603320300000,13065.3,13183.2,13062.3,13176.1,412.58335704
1603321200000,13176.1,13198,12682.3,12850.8,1426.42721358
1603322100000,12849.3,12865.8,12708,12825.3,501.38396498
1603323000000,12825.2,12859.8,12767.8,12789.4,211.01398491
1603323900000,12789.4,12810,12753.9,12770,162.43097387
1603324800000,12769.1,12885.5,12760.9,12874.2,231.76177966
1603325700000,12875,12915.1,12837.8,12837.8,231.35122353
1603326600000,12837.9,12866.2,12812.7,12858,279.78827619
1603327500000,12857.1,12888.6,12844.2,12884.2,210.69765283
1603328400000,12884.1,12884.1,12831.4,12838.9,314.9927023
1603329300000,12838.5,12870,12825.1,12857.5,243.54587659
1603330200000,12857.5,12875,12825.3,12825.5,205.59281137
1603331100000,12825.5,12860,12821,12821,191.68810324
1603332000000,12821.1,12833.8,12769.4,12779,477.70714398
1603332900000,12779,12787.1,12672.6,12704.9,364.21139673
1603333800000,12704.1,12761.7,12700.3,12759.3,326.13840514
1603334700000,12759.3,12777.9,12743,12777.8,204.77101217
1603335600000,12777.8,12778.9,12755.1,12762.3,139.55693076
1603336500000,12762.3,12792.2,12756.4,12758.1,229.84690093
1603337400000,12758.1,12767.4,12736.2,12745,94.20242968
1603338300000,12743.3,12764.8,12704,12710.1,82.05924603
1603339200000,12710.1,12758,12693.5,12752.1,228.0381307
1603340100000,12751.2,12766.1,12715.1,12715.6,164.31842471
1603341000000,12715.6,12716.1,12666.1,12710,164.40412697
1603341900000,12710,12744.1,12709.9,12740.9,169.16334154
1603342800000,12740.8,12744.2,12691.4,12744.2,168.43594435
1603343700000,12744.2,12778.4,12743,12776.9,158.61226705
1603344600000,12777,12777,12746.4,12768.8,171.30151356
1603345500000,12769.6,12782,12744.2,12750,369.33264921
1603346400000,12750,12780,12744.2,12774.9,170.73271525
1603347300000,12774.9,12802.4,12774.9,12799.1,152.1007234
1603348200000,12799,12799,12765,12783.2,153.98621649
1603349100000,12783.1,12810.8,12778.7,12800,150.74877125
1603350000000,12800,12800,12761.9,12787.4,302.95136611
1603350900000,12786.6,12786.6,12750,12781.2,157.70802627
1603351800000,12781.1,12782.6,12755.4,12763.8,216.17428634
1603352700000,12763.7,12763.8,12714.8,12744.4,116.51510847
1603353600000,12744.4,12785.3,12735.9,12773.9,248.45894289
1603354500000,12773.9,12824.7,12750.4,12822.8,453.59258068
1603355400000,12822.8,12840.9,12815,12840.6,337.64398741
1603356300000,12840.7,12842.5,12800.1,12801.6,212.91962552
1603357200000,12802.2,12816.4,12625,12775.8,615.54717871
1603358100000,12776.6,12898,12774.9,12848,649.85726774
1603359000000,12848,12893.3,12848,12853.8,157.54842984
1603359900000,12853.6,12870,12840.4,12867.7,228.27477234
1603360800000,12867.8,12888,12841.7,12878.6,391.02422262
1603361700000,12878.6,12970,12871.5,12948.9,403.03255342
1603362600000,12948.9,12974.2,12921.9,12950.4,265.01663949
1603363500000,12949.3,12970,12936.2,12953.6,181.25810675
1603364400000,12953.7,13016,12945.7,13007.8,345.83566822
1603365300000,13007.7,13016,12965,12984.6,199.51992747
1603366200000,12984,12984,12917.6,12948,256.41492762
1603367100000,12948,12963.7,12933.7,12956.1,199.69897475
1603368000000,12956.1,12959.2,12835,12909.2,283.66163811
1603368900000,12909.7,12914.2,12800,12845.7,230.8802913
1603369800000,12845.5,12854.7,12788,12837.9,268.5214001
1603370700000,12837.9,12846.3,12815.2,12833.3,181.60072302
1603371600000,12833.3,12898.3,12823.6,12893.6,194.41328384
1603372500000,12893.9,13000.1,12877,12930.3,604.45161575
1603373400000,12930.2,12954.8,12902.1,12938.5,232.80217577
1603374300000,12938.5,12939.3,12903.9,12912.4,126.82940413
1603375200000,12912.3,12912.4,12852.3,12889.5,129.45444264
1603376100000,12889.9,12909.4,12832.4,12858,177.45677674
1603377000000,12858.1,12872.2,12838.9,12856.5,199.21005309
1603377900000,12856.5,12915.9,12855.2,12915.6,200.88669771
1603378800000,12915.6,12961.5,12894.2,12951.9,248.51440961
1603379700000,12951.9,12951.9,12915.1,12924.5,168.77993161
1603380600000,12924.5,12939.8,12895.8,12903.1,147.36501615
1603381500000,12903.1,12927.2,12895.7,12912.6,165.02169642
1603382400000,12913.4,12967.2,12897.3,12948,195.97975944
1603383300000,12948.7,12974.6,12920.2,12936.9,166.44702315
1603384200000,12937,12941.3,12909,12938.7,144.69850077
1603385100000,12940,13045,12940,13018.1,295.697872
1603386000000,13018.2,13048.7,12985.6,13036.4,248.60605726
1603386900000,13037.5,13050,12979.6,13011.5,351.79655088
1603387800000,13011.5,13011.5,12922.2,12990,272.62065111
1603388700000,12992.2,13040.8,12975.8,13014.4,176.83940232
1603389600000,13014.4,13028.6,12993.7,13007.9,139.34751753
1603390500000,13008,13024.8,12970.5,12982.5,224.91193124
1603391400000,12982.3,13014.2,12975.6,13003.4,92.16703209
1603392300000,13003.5,13015.7,12997,13008.7,158.28794915
1603393200000,13008.7,13098.2,12991.3,13039.9,397.57566357
1603394100000,13040,13109.9,13040,13104.7,204.25588169
1603395000000,13105.9,13107.3,13019.2,13060.8,326.93756369
1603395900000,13061.3,13061.3,13028.3,13034.4,131.61334322
1603396800000,13035.6,13105.8,13035.3,13094.2,164.51095781
1603397700000,13094.2,13116,13068.2,13091.9,152.13917605
1603398600000,13091.9,13135.7,13066.4,13114.9,226.45692403
1603399500000,13114.9,13116.1,13053,13064.6,219.58976857
1603400400000,13063.5,13089.2,13040.1,13065.2,116.79007347
1603401300000,13065.2,13110.9,13063,13098.7,93.97822048
1603402200000,13096.5,13100.4,13023,13034.8,71.2088052
1603403100000,13034.8,13105.7,12900,13095.3,272.5858538
1603404000000,13093.4,13124.3,13056.9,13116.1,167.51212823
1603404900000,13116.1,13145,13099.3,13105.6,258.66859415
1603405800000,13105.5,13115.6,13056.4,13074.4,128.69758641
1603406700000,13074.4,13088.9,12952.6,12957.9,200.27655077
1603407600000,12959.6,13006.2,12910.1,12911.8,352.62523238
1603408500000,12910.4,12957.8,12884.9,12943.2,215.6217777
1603409400000,12943.2,12949.5,12912.9,12944.2,163.6840548
1603410300000,12944.2,12944.2,12885.1,12911.3,189.96950451
1603411200000,12912.2,12914.4,12827.9,12833.9,219.42736733
1603412100000,12833.9,12870.7,12803.1,12852.5,218.11441644
1603413000000,12852.5,12876.3,12780.7,12794.9,278.15442108
1603413900000,12793.9,12872.2,12788.4,12866.2,122.64858054
1603414800000,12866.2,12882.4,12840.4,12858.5,171.23905419
1603415700000,12858.5,12895,12858.4,12880.2,118.03251928
1603416600000,12880.3,12900,12860.3,12873.4,185.49252574
1603417500000,12872.1,12895,12853.2,12865.3,219.98898768
1603418400000,12866.8,12889.8,12839.9,12842.9,139.46932707
1603419300000,12842.8,12901.9,12840.8,12890.6,233.31985149
1603420200000,12891.2,12942.8,12891.2,12935,147.04292567
1603421100000,12935,12953.8,12931.5,12946,148.60513497
1603422000000,12946.1,12965.6,12926.7,12950.2,241.15328851
1603422900000,12950.2,12950.2,12923.2,12940.8,173.15119492
1603423800000,12940.8,12943.1,12917.9,12922.9,239.63456821
1603424700000,12924.6,12934.2,12917.6,12928.1,110.45199638
1603425600000,12928.2,12949.5,12906,12917.3,261.75697776
1603426500000,12917.3,12917.4,12885.1,12894.7,366.97167262
1603427400000,12894.6,12929.1,12893.5,12913.5,76.02154418
1603428300000,12911.2,12919.3,12885.3,12890.1,80.072384
1603429200000,12889.5,12939,12880.6,12939,139.47355443
1603430100000,12939,12944.7,12925,12926.2,77.83186566
1603431000000,12926.2,12960,12920,12939.9,177.29918774
1603431900000,12940,12969,12933.7,12968.2,117.88038567
1603432800000,12968.2,12970.3,12905.6,12907.4,171.62696315
1603433700000,12907.4,12938.8,12878.1,12926,168.21354821
1603434600000,12926,12944,12890,12897.8,182.34389706
1603435500000,12895.6,12897.7,12851.2,12862.2,161.49593675
1603436400000,12862.2,12904.5,12860,12866,356.9178828
1603437300000,12865.9,12893.2,12858.9,12874.1,128.00314815
1603438200000,12872.8,12895,12872.8,12879.5,238.08751546
1603439100000,12879.4,12884.3,12851.2,12869.3,180.78181245
1603440000000,12869.3,12919.3,12840.1,12910.1,100.91339705
1603440900000,12910.1,12942,12905.2,12930.3,306.16038231
1603441800000,12930.3,12934.6,12911.2,12916.2,133.53582501
1603442700000,12915.5,12924.3,12907,12907,264.59545136
1603443600000,12907,12942,12900,12926.4,264.67198217
1603444500000,12926.4,12960.7,12916.1,12951.1,200.27504285
1603445400000,12951.1,12961,12931.1,12932.8,258.55296916
1603446300000,12932.7,12944.6,12901,12926.2,396.30257939
1603447200000,12926.2,12994.6,12926.2,12989.8,205.16465949
1603448100000,12989.9,12990,12949.2,12949.2,165.01329971
1603449000000,12949.2,12965.5,12947.6,12953.6,101.04806172
1603449900000,12953.5,13016,12940,12998.8,319.37938075
1603450800000,12998.8,13007.5,12976.4,12988.1,303.3471515
1603451700000,12987.1,13004.6,12964.8,12965,281.83420415
1603452600000,12965,12989.2,12961.6,12975,215.65612544
1603453500000,12975,12997.2,12916.9,12920,274.55066524
1603454400000,12920,12930,12898.2,12903.2,175.54332511
1603455300000,12902.2,12920,12896.9,12911.6,84.24771072
1603456200000,12911.5,12918.9,12902.8,12915.7,137.68398234
1603457100000,12916.3,12929.1,12915.1,12929.1,119.11574603
1603458000000,12929.1,12974.4,12927.4,12963.6,308.16301052
1603458900000,12963.6,12970,12941.5,12968.2,161.5044664
1603459800000,12968.2,12976.4,12941.2,12941.5,315.48827331
1603460700000,12941.4,12941.5,12912.8,12916.8,221.73313946
1603461600000,12916.9,12924.7,12870,12893,307.88559517
1603462500000,12894.3,12922.1,12887.6,12898.7,310.82120297
1603463400000,12899.6,12924.9,12875.9,12882.7,282.70646975
1603464300000,12880.5,12901.3,12866.9,12890,182.69148707
1603465200000,12890,12896.6,12851.8,12890.4,223.36668066
1603466100000,12890.4,12905,12882.7,12898.5,210.92904726
1603467000000,12898.5,12914.9,12883.6,12906.8,244.19505285
1603467900000,12906.9,12906.9,12868.1,12877.2,214.64603099
1603468800000,12875.2,12903,12824.2,12826.8,208.38553606
1603469700000,12826.8,12844.9,12751,12801.9,763.18349782
1603470600000,12800.8,12808,12703,12721.3,245.46490058
1603471500000,12721.3,12773.4,12705.1,12764,135.31045339
1603472400000,12764,12782.6,12725.1,12750.8,157.13638809
1603473300000,12750.9,12802.4,12743.7,12773.6,191.430144
1603474200000,12775.4,12777.7,12745.1,12750.4,220.70103046
1603475100000,12750.3,12785.7,12750.3,12760.6,306.51810084
1603476000000,12760.5,12801.8,12760.5,12800.8,154.94092148
1603476900000,12802,12821.2,12785.6,12813.2,291.37140986
1603477800000,12813.2,12841.8,12802.1,12834.3,106.37683008
1603478700000,12834.3,12846.8,12825.1,12827.5,136.88165781
1603479600000,12826.5,12850,12809.8,12845.2,136.31341133
1603480500000,12845.2,12852.8,12835,12840.2,82.72387123
1603481400000,12840.2,12859.9,12840.2,12856.5,240.60503818
1603482300000,12856.6,12893.7,12856.5,12893.6,154.96358885
1603483200000,12893.6,12902.4,12875,12886.5,131.70515586
1603484100000,12887.1,12892.2,12865.4,12884.2,603.27672458
1603485000000,12884.3,12915,12884.3,12898.7,311.51165725
1603485900000,12900.2,12919.9,12900.2,12907.9,195.870661
1603486800000,12905,12905.9,12887.6,12893,408.37746708
1603487700000,12892.8,12892.8,12847.9,12875.3,410.09045242
1603488600000,12874.4,12887.8,12860,12868.9,240.53515963
1603489500000,12869,12897.3,12869,12885.1,300.14582545
1603490400000,12885,12914,12871.9,12908.4,226.5660635
1603491300000,12907,12910.9,12893,12910.9,113.46646817
1603492200000,12912.5,12917.9,12890.9,12914.4,291.78081391
1603493100000,12914.3,12919.9,12897.3,12914.6,274.12835836
1603494000000,12913.9,12947.2,12905.2,12943.7,126.58512196
1603494900000,12943.8,12947.1,12920.2,12930.8,180.9395658
1603495800000,12930.8,12930.9,12903.9,12920.9,159.14671966
1603496700000,12920.9,12925,12902.3,12905.1,187.92459617
1603497600000,12903.8,12913.3,12882.3,12896,399.67822349
1603498500000,12897.2,12897.2,12850.9,12865.9,82.66956092
1603499400000,12865.9,12894.2,12860.1,12893,443.0808673
1603500300000,12892.9,12903.1,12887,12888,155.08246376
1603501200000,12888,12912.8,12887,12912.7,499.41325441
1603502100000,12912.7,12948.1,12904,12925.1,215.51225871
1603503000000,12925.1,12949.9,12925,12941.9,160.72839277
1603503900000,12941.9,12954.9,12937.1,12946.3,139.60847319
1603504800000,12946.3,12955,12927.3,12954.9,116.93231191
1603505700000,12954.9,12969,12954.9,12959.4,99.27966125
1603506600000,12959.4,12959.5,12936,12943.8,141.60913679
1603507500000,12943.7,12965.9,12943,12965.8,66.71052061
1603508400000,12965.8,12990.3,12960.1,12972.1,235.77395711
1603509300000,12972.1,12974.9,12954.7,12966.4,249.20056306
1603510200000,12966.4,12972.7,12947.2,12959.7,177.91800893
1603511100000,12959.7,12959.8,12935.9,12947.5,104.69705439
1603512000000,12947.5,12978.8,12947.5,12978.7,137.17848659
1603512900000,12975.2,12975.2,12958.1,12958.2,193.9986628
1603513800000,12958.2,12958.2,12935,12939,189.26070601
1603514700000,12939.9,12959.5,12932.8,12944.1,297.53151836
1603515600000,12944.1,12951.1,12923,12932.9,396.9959642
1603516500000,12934.6,12941.4,12927.6,12939.5,99.34196564
1603517400000,12939.5,12940,12912.9,12921.5,228.67977598
1603518300000,12921.5,12939.4,12921.5,12939.2,246.45954703
1603519200000,12939.2,12952.7,12936.8,12937.7,241.19212328
1603520100000,12937,12937,12925,12925,207.05664116
1603521000000,12925,12950,12925,12942.9,150.77886231
1603521900000,12942.9,12945.9,12927,12927.7,186.00226393
1603522800000,12927.7,12938.4,12916,12937.1,146.04571919
1603523700000,12937.1,12951.4,12922.9,12935.9,288.09685307
1603524600000,12935.9,12935.9,12915.2,12916.1,242.28479383
1603525500000,12916.2,12929,12888,12905.7,234.72876642
1603526400000,12903.6,12924.1,12900.5,12924.1,73.79258714
1603527300000,12924.1,12924.4,12887.7,12894.5,167.34009878
1603528200000,12894.4,12912.7,12890,12907.3,69.82081642
1603529100000,12907.5,12913.9,12905.9,12908.4,238.16680147
1603530000000,12908.3,12910,12885.5,12898,176.75237946
1603530900000,12898,12928.7,12898,12928.6,185.17213231
1603531800000,12928.6,12938,12922.5,12931,202.20320951
1603532700000,12931.1,12934,12925.7,12927.6,112.750262
1603533600000,12927.6,12931.6,12908.1,12910.9,105.27062474
1603534500000,12910.8,12958.8,12908,12958.8,128.93395083
1603535400000,12959.1,12969.2,12950.7,12959.6,154.35812596
1603536300000,12959.5,12969.8,12949.9,12960.4,183.73635847
1603537200000,12960.4,12964.2,12941.7,12954.1,309.92982962
1603538100000,12954.2,12974.5,12953.1,12971.2,129.50147029
1603539000000,12971.2,12980.5,12956.1,12961.1,210.74810313
1603539900000,12961.1,12978.3,12956.6,12975.2,231.86647265
1603540800000,12975.2,12990,12955,12955.1,175.88613735
1603541700000,12955.1,12971.4,12954.5,12968,186.15620375
1603542600000,12968.1,12980,12968,12971.4,259.52633392
1603543500000,12971.4,12971.4,12951.5,12959.9,134.82167868
1603544400000,12959.9,12973.7,12955.6,12960.5,450.25456948
1603545300000,12960.5,12961.5,12944.4,12956.3,82.0407384
1603546200000,12956.3,12981.6,12950.8,12968.9,296.85508094
1603547100000,12968.9,12976.5,12964.7,12972.8,355.59621413
1603548000000,12972.8,13058.8,12959.1,13058.4,264.78202645
1603548900000,13058.4,13072.6,12911,12977.2,455.23784802
1603549800000,12977.3,13059.8,12948.1,13038.5,400.71978018
1603550700000,13038.5,13063.2,13010.1,13049.5,211.99514059
1603551600000,13049.5,13154.6,13049.4,13091.6,615.3488821
1603552500000,13091.6,13124.2,13074.3,13107.5,176.94824263
1603553400000,13107.4,13119,13076.1,13117,174.81011585
1603554300000,13117,13143.3,13084.8,13091.3,132.54636886
1603555200000,13091.4,13113.3,12952.1,13040.3,405.53473778
1603556100000,13039.6,13062.8,13034.7,13045.3,121.79641188
1603557000000,13045.2,13055,13023.3,13041.3,196.08640369
1603557900000,13039.8,13064.9,13035.2,13062.5,202.07900553
1603558800000,13062.4,13112.8,13060.4,13093.7,246.1983214
1603559700000,13093.8,13102.3,13079.8,13090.5,178.90405167
1603560600000,13090.5,13124.9,13088.2,13124.8,208.58102033
1603561500000,13124.8,13125,13091.3,13108.6,159.44787922
1603562400000,13111.3,13111.3,13082.3,13094,192.09964915
1603563300000,13094,13108.4,13064.3,13090,228.51378828
1603564200000,13090,13107.1,13081.4,13107,165.90120742
1603565100000,13107,13112.1,13075.4,13081.8,208.55422365
1603566000000,13081.7,13108.5,13073.7,13102.1,84.64671059
1603566900000,13102.1,13108.6,13078.3,13080.2,274.25855832
1603567800000,13080.2,13080.3,13051.1,13067.5,175.47534524
1603568700000,13067.6,13095,13063.5,13090.6,191.78847357
1603569600000,13092.6,13105.6,13061.6,13079.2,166.62037012
1603570500000,13077.9,13102.7,13069.2,13092.1,268.68873314
1603571400000,13092.1,13095.7,13076.7,13080.4,206.99812777
1603572300000,13080.3,13080.3,13056.8,13062.2,123.01933555
1603573200000,13062.2,13080.4,13052.2,13069.2,145.28194078
1603574100000,13069.2,13091.5,13069.2,13088.2,26.48435143
1603575000000,13085.5,13092.7,13061.8,13066.8,138.3999524
1603575900000,13064.6,13071.9,13003.1,13029,259.40419965
1603576800000,13029,13044.8,13005,13035.9,218.07891665
1603577700000,13034.5,13050.4,13022.3,13048,179.18889714
1603578600000,13048,13056.9,13030.7,13040.8,169.38468695
1603579500000,13040.8,13048.2,13022.2,13036,221.75750808
1603580400000,13035.8,13059.1,13031.1,13059.1,246.32757983
1603581300000,13059.1,13063,13037.6,13043,132.25373937
1603582200000,13043,13075,13043,13068.7,128.96647339
1603583100000,13068.7,13086.6,13068.7,13080.5,431.0701563
1603584000000,13080.5,13081,13035.9,13046.7,137.26714125
1603584900000,13046.7,13078.4,13046.7,13069.9,180.29853388
1603585800000,13069.9,13100,13067.8,13095.6,45.31110351
1603586700000,13095.5,13107.7,13094.6,13103.8,110.29925243
1603587600000,13103.8,13108.2,13085.3,13103.1,103.02124691
1603588500000,13101.4,13101.4,13089.8,13097.1,63.0574848
1603589400000,13098.2,13145,13098.1,13129.3,137.62328759
1603590300000,13127.2,13136.5,13099.8,13108.6,126.81327666
1603591200000,13108.7,13116.6,13090,13094.6,236.33724704
1603592100000,13094.6,13126.1,13092.4,13126,117.89776071
1603593000000,13126.1,13129.8,13103,13106.2,210.90640065
1603593900000,13106.3,13109.2,13096.2,13096.2,179.05992152
1603594800000,13096.3,13117.1,13096.3,13102.6,341.13374649
1603595700000,13102.6,13128.4,13102.6,13124.5,335.66511652
1603596600000,13124.6,13299.4,13124.6,13276.8,933.08100318
1603597500000,13276.8,13315.6,13258.4,13264.3,235.06775055
1603598400000,13264.3,13290,13225.9,13287,136.11961601
1603599300000,13287,13307.5,13246,13271.2,178.22110568
1603600200000,13271.3,13284.2,13253.5,13261.8,96.6170701
1603601100000,13260.6,13278.8,13255.9,13277.6,108.64805483
1603602000000,13276.3,13276.3,13233.4,13234.8,124.06362858
1603602900000,13233.6,13256.7,13230,13233.8,128.33159859
1603603800000,13233.8,13239.1,13148.3,13154.2,314.46839215
1603604700000,13154.6,13154.6,12759,12905.3,1151.16269647
1603605600000,12905.3,12970,12878.4,12936.2,186.7770985
1603606500000,12935.8,12967.7,12925.2,12954.5,123.04393982
1603607400000,12954.5,13000,12943.4,12987.5,103.99534446
1603608300000,12988.7,13015.2,12968.2,12978.3,116.29263407
1603609200000,12978.4,13000.1,12972.1,12984.5,119.90991874
1603610100000,12983.3,13002.8,12970.8,12999.9,299.61254789
1603611000000,13000,13000,12960,12965.1,89.76638391
1603611900000,12965.2,12994.2,12965,12992.4,129.76978123
1603612800000,12992.4,12992.4,12965,12965.1,280.08854613
1603613700000,12965,12968.2,12920.5,12947.6,163.35440868
1603614600000,12947.7,12966.2,12938.3,12966.2,108.61208359
1603615500000,12968.2,13000,12966.2,12990.1,134.97874103
1603616400000,12990.1,12990.1,12962.6,12970.9,255.14981879
1603617300000,12972.4,12984.3,12943,12950.9,206.08573607
1603618200000,12950.9,12967.7,12945,12960,236.42117506
1603619100000,12960,12981.5,12955,12961.9,197.66767208
1603620000000,12960.8,12968.2,12931.1,12936.1,102.90776503
1603620900000,12936.2,12952.8,12901.1,12923.3,233.4367195
1603621800000,12922.5,12947.2,12901.1,12938.3,166.93922111
1603622700000,12938.3,12960,12932.6,12952.6,282.74864025
1603623600000,12952.5,12952.5,12868.3,12871.9,297.39870536
1603624500000,12871.9,12920.7,12827.1,12906.4,178.66338527
1603625400000,12906.3,12925,12880,12914,203.05735235
1603626300000,12914,12929.7,12910,12925.5,103.21669543
1603627200000,12923.6,12936.7,12908.5,12936.7,211.44415998
1603628100000,12936.6,12962.7,12925,12951,353.69475063
1603629000000,12950.9,12959.2,12937,12951,192.44670757
1603629900000,12953.1,12960.9,12945.1,12946.5,73.87004304
1603630800000,12946.5,12954.3,12925.1,12935.9,208.93749567
1603631700000,12935.9,12984.5,12935.9,12980,168.26040874
1603632600000,12980.5,12982.4,12960,12960,330.77328883
1603633500000,12961.7,12975,12953.5,12954,322.15849416
1603634400000,12954.1,12963.7,12945.1,12952.2,175.62516513
1603635300000,12951.8,12971.3,12950.8,12963.5,347.17822822
1603636200000,12963.5,12973.8,12952.1,12962.3,364.81907636
1603637100000,12962.3,12964.7,12946.9,12959.3,222.54312859
1603638000000,12960,12973.6,12957.3,12957.3,188.58090658
1603638900000,12957.2,12963.6,12945.6,12947.5,130.21716029
1603639800000,12947.6,12955,12912.8,12944.7,360.35511556
1603640700000,12944.6,12944.8,12906.1,12915.6,423.33662592
1603641600000,12913.9,12967.9,12881.9,12965.7,88.99366435
1603642500000,12965.9,12971,12955.5,12958.6,116.65289193
1603643400000,12958.7,12970.9,12955,12965.8,301.16779877
1603644300000,12965.8,12971.3,12960.1,12971.1,197.42247084
1603645200000,12971,13013.5,12969.7,12985,183.74467277
1603646100000,12983.5,12997,12968.3,12980,182.66725548
1603647000000,12981.5,12987.3,12972.1,12986.9,163.09651411
1603647900000,12987.2,12987.2,12963.7,12975.6,215.57643488
1603648800000,12975.7,12978.1,12923.9,12955.6,701.5827854
1603649700000,12956.6,12960.9,12942.4,12950.2,77.53106762
1603650600000,12950.7,12963.4,12935,12960,239.80825519
1603651500000,12960.8,12978,12950.6,12958,320.91596444
1603652400000,12958,12977.9,12955.2,12977.9,362.51172899
1603653300000,12978,12995.1,12966.9,12984.9,125.24157233
1603654200000,12984.9,12997.1,12979.9,12983.2,357.73888903
1603655100000,12983.3,13021.5,12983.3,13017,279.10845214
1603656000000,13014.7,13022.9,13001.9,13021.7,234.31804646
1603656900000,13021.7,13021.7,13001.9,13009.2,152.06993708
1603657800000,13009.2,13009.2,12990.7,12990.8,181.80730308
1603658700000,12990.8,13005.7,12989.3,12992.4,267.58525021
1603659600000,12993,13006.4,12993,12997.3,18.99438201
1603660500000,12998.9,12998.9,12964.8,12979,490.70125585
1603661400000,12979.1,13000.4,12976.6,12997.9,430.54534835
1603662300000,12997.8,13008.9,12997.3,12997.3,26.69102045
1603663200000,12997.4,12997.4,12958.5,12968.6,72.00642086
1603664100000,12968.6,12978.1,12954.6,12970,222.90264208
1603665000000,12970,12984.2,12960.1,12966.1,252.22865899
1603665900000,12966.2,12994.4,12966.2,12984.9,282.06607574
1603666800000,12984.9,12997.3,12981.9,12994.7,609.736321
1603667700000,12994.8,13004.1,12993.5,13003.1,251.14760449
1603668600000,13003.2,13012.9,12999.3,13012,287.6888247
1603669500000,13012,13012,12986.7,13002,279.02015361
1603670400000,13001.9,13006.9,12970,12972,362.31137268
1603671300000,12971.9,12986.8,12945.3,12976.2,371.35729596
1603672200000,12976.2,13004.8,12969,12997.3,113.22898695
1603673100000,12997.3,13020.7,12980,13017.8,121.71026969
1603674000000,13021.6,13067.9,13021.6,13049.9,188.99189871
1603674900000,13050,13059.1,13032.1,13047,144.58364949
1603675800000,13044.7,13049.2,13014.3,13014.3,114.54117821
1603676700000,13014.3,13039.9,13014.3,13038.1,106.33982686
1603677600000,13036.9,13056.9,13022,13056.5,148.04934018
1603678500000,13056.5,13083.3,13048.2,13083.3,61.74948269
1603679400000,13083.2,13084.6,13055,13058,213.24805466
1603680300000,13058.1,13067.3,13046.2,13057.7,73.83756629
1603681200000,13058.3,13099.8,13057.9,13089.9,199.16803731
1603682100000,13090.4,13091.3,13070.9,13072.4,289.67768132
1603683000000,13072.4,13091.5,13063.9,13067.2,82.49151246
1603683900000,13067.2,13071,13055,13064.8,68.49938166
1603684800000,13064.8,13067.6,13046.8,13062.1,174.37358088
1603685700000,13062.1,13065,13016,13044.7,311.25066344
1603686600000,13044.7,13089.8,13043.5,13089.7,184.85877237
1603687500000,13089.7,13110,13080,13080,173.06865004
1603688400000,13080,13107,13075.9,13102,182.14846507
1603689300000,13102,13115.4,13085.5,13114.9,74.56938773
1603690200000,13114.9,13116.9,13078.7,13079.7,165.5518166
1603691100000,13078.6,13080.9,13053.6,13069.9,230.02868875
1603692000000,13069.9,13076.7,13044.1,13056,108.27534017
1603692900000,13056,13072.9,13045.8,13055.7,352.40653423
1603693800000,13055.7,13069.5,13028.6,13042.7,145.73075781
1603694700000,13042.7,13054,13032.8,13041.4,93.49902485
1603695600000,13041.3,13054.9,13029.8,13034.8,332.4913832
1603696500000,13034.8,13037.4,12991.2,13016.5,264.75451684
1603697400000,13016.5,13035.8,13016.5,13027.1,341.22290745
1603698300000,13027.2,13033.7,12992.9,13004.4,260.97111324
1603699200000,13004.4,13021.7,12995.7,13008.7,133.31501334
1603700100000,13008.7,13009.3,12887.6,12950,383.02554898
1603701000000,12948.7,13000,12945,12993.7,117.74914828
1603701900000,12993.7,13035.2,12980.1,13016.8,152.11410611
1603702800000,13018.6,13039,13014.5,13032,160.79212994
1603703700000,13032,13050,13026.8,13026.8,139.84167968
1603704600000,13026.9,13053,13026.9,13053,118.41055982
1603705500000,13053,13074,13052.9,13057.1,167.5201943
1603706400000,13057.2,13057.5,13037.6,13051.9,176.73570814
1603707300000,13052.3,13055.8,13032,13033,268.8758311
1603708200000,13031.5,13067.2,13025.1,13055.5,181.87876951
1603709100000,13055.3,13082.7,13052.8,13074.5,205.09991295
1603710000000,13074.5,13136,13074.5,13131.1,231.16607338
1603710900000,13133.1,13146.8,13116.1,13131.6,170.75439346
1603711800000,13131.6,13131.6,13103,13106.5,108.17029421
1603712700000,13107.5,13117.1,13083.2,13109.9,197.09943984
1603713600000,13110,13127.9,13079.5,13091.9,185.87908097
1603714500000,13091.8,13091.8,13060,13082.8,140.56323873
1603715400000,13082.8,13106.4,13077.1,13087.4,213.75048936
1603716300000,13087.4,13125,13084.7,13104,170.95520285
1603717200000,13104,13132.9,13083.7,13127.5,222.92481681
1603718100000,13127.6,13146.5,13124.3,13145.3,201.93990457
1603719000000,13145.3,13200,13124.5,13145.6,180.06136773
1603719900000,13146.8,13171.8,13115.4,13163.7,148.68337913
1603720800000,13163.3,13182,13129.6,13142.2,224.21578407
1603721700000,13141.7,13157.1,13129.7,13139.2,187.52452422
1603722600000,13139.2,13159.1,13060,13159.1,226.4588781
1603723500000,13159.1,13185.6,13127.9,13127.9,121.88618531
1603724400000,13127.7,13128.2,13080.9,13095.8,184.10466783
1603725300000,13095.8,13095.8,13019.2,13064.5,253.58827885
1603726200000,13064.3,13065,12905,12979.4,352.86106693
1603727100000,12979.4,12984.9,12884.3,12935,372.65889616
1603728000000,12934.4,12989.9,12895.1,12960.8,238.93577661
1603728900000,12959.4,12984.9,12932.4,12944,245.2443687
1603729800000,12941.8,12941.8,12782,12851.7,523.85215403
1603730700000,12850.1,12884.4,12805.7,12809.9,167.66914146
1603731600000,12810,12886.9,12762.3,12881.9,218.33344824
1603732500000,12881.9,12881.9,12827.6,12845.1,214.37223964
1603733400000,12845.1,12845.2,12746.8,12770.5,559.36557017
1603734300000,12770,12841.1,12723,12832.1,252.19523492
1603735200000,12832.2,12848.1,12807.1,12836.7,157.39839368
1603736100000,12836.8,12897.8,12835.9,12897.3,172.20918219
1603737000000,12897.2,12928.2,12888.2,12926,338.83541619
1603737900000,12926,12935,12911.5,12921.7,236.97548868
1603738800000,12923.6,12923.6,12885,12919.5,166.32095009
1603739700000,12919.5,12955.9,12905.8,12950.7,228.14356484
1603740600000,12950.8,12954.1,12917.8,12942.4,202.91409621
1603741500000,12942.5,12977,12917.6,12968.4,128.01289344
1603742400000,12968.4,12995,12958.5,12989.9,154.60562855
1603743300000,12990,12996.1,12970,12996.1,160.25199069
1603744200000,12996.9,13019.2,12973.5,12995.4,148.06050383
1603745100000,12995.4,13004.4,12970.1,12970.1,188.16947896
1603746000000,12970.1,13014.7,12970.1,13004.3,25.89962771
1603746900000,13003.3,13007.2,12996.9,12997.2,104.23170504
1603747800000,12997.2,13022,12993.5,13001.9,18.72721327
1603748700000,13001.2,13004.5,12985,12988.3,28.12762635
1603749600000,12987.9,13001.8,12955,12975.9,60.91849159
1603750500000,12974.4,13007.3,12968,13005.4,150.66187942
1603751400000,13005.3,13005.9,12985.1,12997.4,578.85304652
1603752300000,12997.4,13010.9,12980,13010.9,267.20439067
1603753200000,13012.4,13024.8,13006,13024.8,168.09770804
1603754100000,13024.7,13043.7,13024.3,13032.6,61.31488842
1603755000000,13032.6,13050,13025.7,13039.5,451.50247285
1603755900000,13037.7,13037.7,13014.4,13017.3,262.87715204
1603756800000,13016.1,13053.7,13007.9,13051.6,276.90326964
1603757700000,13051.7,13078.5,13037.9,13078.4,311.19812463
1603758600000,13078.4,13100,13049.5,13059.3,266.6323311
1603759500000,13059.3,13064,13043,13057.2,220.58860653
1603760400000,13057.2,13062.2,13033.5,13033.6,107.14513659
1603761300000,13033.5,13044.3,13027.9,13039,234.20501735
1603762200000,13039,13059.6,13032.7,13059.6,209.48050444
1603763100000,13059.7,13068.5,13052.4,13057.9,110.858433
1603764000000,13058,13084.8,13057.9,13075.6,172.11148513
1603764900000,13075.7,13075.7,13046.8,13059.4,217.90791197
1603765800000,13059.4,13085.9,13045.6,13077,340.38567714
1603766700000,13077,13077,13020.8,13036.3,226.85924033
1603767600000,13036.7,13065.2,13035.6,13064.4,98.77605951
1603768500000,13064.4,13076.9,13041.2,13041.2,170.06848938
1603769400000,13041.3,13051.7,13027.3,13043.5,145.04832703
1603770300000,13043.5,13056.6,13032.6,13043.4,601.78688186
1603771200000,13043.5,13070.4,13043.5,13069.3,335.46670739
1603772100000,13069.4,13070.4,13048.2,13059.4,439.73457204
1603773000000,13059.5,13059.6,13055,13058.9,154.59170961
1603773900000,13059,13082.8,13058.9,13082.1,337.81209883
1603774800000,13082.1,13114.8,13061.9,13061.9,243.21064529
1603775700000,13062,13067.1,13029.5,13031,159.1180061
1603776600000,13031,13054.4,13027.9,13033.6,382.2584452
1603777500000,13034.6,13057,13032.4,13035.7,187.5575095
1603778400000,13035.7,13041.1,13014.3,13033.5,170.66507049
1603779300000,13033.4,13037.1,13011.9,13020.3,94.7732302
1603780200000,13020.2,13022.9,12997.8,13022.9,172.51471754
1603781100000,13022.8,13048.7,13018,13048.7,93.00461163
1603782000000,13048.7,13061.2,13027.5,13061.2,223.29204336
1603782900000,13061.2,13075,13046.8,13046.9,94.93843442
1603783800000,13048.1,13074.7,13040.7,13074.4,208.97006559
1603784700000,13073,13103.1,13059.6,13090.1,433.31462976
1603785600000,13090.1,13113.6,13076.9,13078.2,141.92733174
1603786500000,13078.1,13095.2,13072.3,13095.1,130.0991047
1603787400000,13095.2,13108.5,13076.1,13094,152.52731161
1603788300000,13093.9,13112.3,13087.4,13091.9,69.13101555
1603789200000,13091.3,13094.9,13062.8,13071.4,81.40656196
1603790100000,13072.6,13077.6,13038.9,13065.8,80.94195414
1603791000000,13064.1,13100.1,13035.8,13060.8,545.75593949
1603791900000,13063.2,13100.4,13063.2,13100.3,56.59718801
1603792800000,13100.4,13106.3,13086.2,13102.7,156.81800732
1603793700000,13102.7,13167.8,13102.7,13152.3,162.05860437
1603794600000,13153.5,13255.3,13136.4,13255.2,327.00001313
1603795500000,13255.3,13266,13209.5,13220.1,156.38203178
1603796400000,13220.2,13268.1,13209.3,13232.7,157.98695361
1603797300000,13232.8,13433,13217.8,13407.7,699.63172457
1603798200000,13407.6,13462,13339,13370,352.34515329
1603799100000,13370,13405.8,13346.9,13403.7,178.48279939
1603800000000,13404.9,13416,13323.1,13347.8,177.48030919
1603800900000,13348.4,13387.9,13340.1,13355.2,137.95560771
1603801800000,13355.2,13390.4,13348.3,13350.4,274.1435741
1603802700000,13352.5,13371.4,13330,13343.3,208.7117071
1603803600000,13345.6,13402.3,13331.8,13375.7,137.28586994
1603804500000,13377.3,13385.5,13353.7,13385.5,151.96922552
1603805400000,13385.6,13390.3,13293.6,13347.1,260.13679176
1603806300000,13349.1,13356.1,13310.7,13354.8,82.51110728
1603807200000,13354.9,13375,13340.8,13370.6,78.84908858
1603808100000,13370.7,13382.1,13306,13310.5,124.53770748
1603809000000,13310.5,13358.6,13309.3,13333.6,202.97135182
1603809900000,13331.9,13370.3,13331.9,13352.3,164.1755571
1603810800000,13350.9,13415.9,13350.6,13407.5,165.37204172
1603811700000,13407.8,13453.5,13364.7,13407,196.55519847
1603812600000,13406.9,13499,13394.4,13484.9,293.06383503
1603813500000,13485,13593.7,13470,13570.2,690.72203876
1603814400000,13569.1,13600,13494.9,13519.5,468.16548743
1603815300000,13518.9,13563.4,13490.2,13551.6,170.26672375
1603816200000,13551.5,13572.8,13518.3,13566,176.64730524
1603817100000,13565.9,13616.5,13558.6,13614.3,151.63929498
1603818000000,13614.3,13636.3,13568.7,13577.9,162.56643358
1603818900000,13577.8,13624,13575,13597.9,145.15883812
1603819800000,13597.9,13697.9,13590.3,13691,263.86106467
1603820700000,13690.5,13708,13642.9,13643.5,249.52881319
1603821600000,13643.6,13718.7,13643.6,13700.8,225.81272218
1603822500000,13699.1,13707.4,13496.2,13542.7,421.04713819
1603823400000,13541.9,13604.2,13540.4,13579.2,210.5832562
1603824300000,13578.3,13619.2,13566.1,13605.3,129.38470548
1603825200000,13606,13617.1,13575.2,13591.8,142.92705268
1603826100000,13594.6,13618.8,13582.9,13604.8,128.96296962
1603827000000,13604.8,13647.9,13601.8,13641,175.18441234
1603827900000,13641.6,13645.2,13614.2,13626.8,280.65471316
1603828800000,13625.7,13635.1,13596.6,13631.3,190.5448446
1603829700000,13632.8,13675.5,13632.8,13641.8,130.75756237
1603830600000,13641.7,13650.4,13623.4,13634.3,196.84021858
1603831500000,13630.4,13630.4,13538.2,13572.5,150.20028766
1603832400000,13570.6,13603.7,13565.2,13603.7,54.0390715
1603833300000,13604.2,13644.3,13604.2,13642.8,93.81038481
1603834200000,13644.3,13685.2,13619.2,13671.1,29.46518018
1603835100000,13672.9,13700,13649.2,13653.3,97.26295691
1603836000000,13653.3,13667,13618.3,13621.8,53.43838476
1603836900000,13621.8,13648.8,13559.5,13623.3,216.72716026
1603837800000,13623.6,13669.8,13621.4,13653.9,91.2759279
1603838700000,13655.2,13691.4,13655.2,13681.6,129.53988191
1603839600000,13683.2,13740.9,13656.9,13710.2,155.20286938
1603840500000,13711.1,13719.9,13646.2,13652.9,96.65933134
1603841400000,13651.7,13651.7,13531,13614.3,194.99018876
1603842300000,13615.4,13638.1,13593.4,13595,97.44857471
1603843200000,13595.5,13651.9,13568,13647.3,308.30922914
1603844100000,13644.6,13660.4,13637.9,13657,250.27764361
1603845000000,13656.1,13684.7,13650.3,13683.2,136.32673132
1603845900000,13683.2,13710,13658.8,13673.5,200.6983738
1603846800000,13673.4,13684,13646.2,13671.7,166.39973595
1603847700000,13671.7,13674.1,13612.3,13650.2,235.07248585
1603848600000,13650.2,13700,13644.3,13698.2,346.47636167
1603849500000,13698.1,13708.1,13664.3,13668.9,248.15904975
1603850400000,13668.9,13679.2,13629.8,13679.2,285.80487618
1603851300000,13679.1,13706.3,13636.4,13703.7,187.47572787
1603852200000,13702.7,13756.8,13694.2,13737.5,213.14767155
1603853100000,13737.6,13788.6,13737.6,13776.6,193.87190334
1603854000000,13776.6,13777.2,13654.3,13710.7,251.65829878
1603854900000,13710.7,13770.8,13703.5,13747.6,117.15938867
1603855800000,13747.5,13774.3,13714.5,13730.5,164.09124851
1603856700000,13730.4,13740.7,13707,13714.7,104.24950411
1603857600000,13714.7,13756.8,13706.5,13714,218.61370466
1603858500000,13715.4,13715.7,13660.7,13680.5,172.7259217
1603859400000,13678.5,13722.6,13676.8,13699.8,95.15156292
1603860300000,13699.9,13699.9,13666.7,13678.9,106.56884961
1603861200000,13678.9,13706.8,13621.1,13640.7,299.32345967
1603862100000,13640.7,13674.4,13620.1,13667.2,147.75483216
1603863000000,13667.3,13684.7,13634.4,13658.7,127.38907225
1603863900000,13658.7,13698.1,13655.6,13668.6,128.74048253
1603864800000,13668.6,13710.4,13653.6,13710.4,147.31339572
1603865700000,13710.8,13718.3,13695.4,13698.3,78.77224664
1603866600000,13696.1,13717,13676.2,13690.4,122.3893588
1603867500000,13690.4,13700,13647.2,13654.9,152.29844561
1603868400000,13653.7,13670.6,13573.6,13611.9,283.09039021
1603869300000,13612.2,13614.5,13496.2,13547.7,437.70187873
1603870200000,13547.8,13601.7,13532.7,13568,150.47242435
1603871100000,13567.9,13613.4,13557.1,13603.4,174.79088172
1603872000000,13603.4,13605.1,13537.3,13571.2,121.41049088
1603872900000,13570.7,13624.4,13511.6,13616.5,131.91718046
1603873800000,13618.4,13618.4,13566.5,13580.1,198.92459476
1603874700000,13580.1,13630.9,13573.6,13624.2,111.49242672
1603875600000,13625.4,13643.4,13601.5,13604.8,249.75836619
1603876500000,13604.8,13625.5,13576.9,13585.2,250.39917349
1603877400000,13584.5,13600,13555.7,13568.5,117.61329476
1603878300000,13566.5,13586.4,13527.2,13544.1,98.53966682
1603879200000,13543.9,13543.9,13368,13520.7,618.80624602
1603880100000,13521.6,13554,13493.1,13532.1,194.93154384
1603881000000,13532.1,13574.8,13529.4,13562.2,272.64553862
1603881900000,13562.2,13571.2,13501.9,13509.7,172.30897534
1603882800000,13509.7,13523.9,13360,13441,387.313529
1603883700000,13441,13453.7,13222,13358.2,560.19927374
1603884600000,13358.3,13371.4,13280.5,13355.4,252.38955441
1603885500000,13354.4,13366.4,13250,13268.9,391.89940999
1603886400000,13268.4,13322.3,13245,13307.9,332.39828172
1603887300000,13307.9,13307.9,13166.6,13208.3,664.10099977
1603888200000,13207.2,13232.6,13117.8,13172.3,417.43526604
1603889100000,13170.9,13250.1,13146.7,13246.5,203.25713352
1603890000000,13246.6,13287.6,13238.7,13268.7,329.05024695
1603890900000,13268.7,13270,13214.5,13217.3,183.05169216
1603891800000,13217.7,13242.3,13150,13200.8,418.12020879
1603892700000,13199.1,13220,13068.8,13080.6,380.92242101
1603893600000,13079.4,13121.1,12946.8,12946.8,736.51820791
1603894500000,12946.6,13038.6,12870,13034.3,554.84009175
1603895400000,13031.5,13088,13005.3,13087.9,249.20755705
1603896300000,13087.9,13103.2,13023,13036.3,213.1711024
1603897200000,13035.3,13104,13013.3,13096,243.70117724
1603898100000,13096,13145,13077.1,13144.9,207.19818614
1603899000000,13144.9,13180,13109.9,13179,261.6540449
1603899900000,13179.1,13183.6,13145.8,13170.4,177.71197572
1603900800000,13170,13170,13119.1,13130,220.31370816
1603901700000,13130,13130,13065.7,13068.7,142.27198393
1603902600000,13068.6,13078.4,12989.9,13005.4,268.20808932
1603903500000,13005.5,13099.1,12982.5,13085.3,272.64401383
1603904400000,13085.6,13086.7,12995.1,12996.4,95.58228581
1603905300000,12996.5,13077,12955,13063,152.89379274
1603906200000,13064.5,13152.4,13064.5,13129.2,135.14745142
1603907100000,13129.2,13164.2,13110,13130.4,74.03706915
1603908000000,13130.5,13162.1,13085.8,13092.4,88.31610093
1603908900000,13092.4,13168.7,13086.8,13159,90.41069531
1603909800000,13159.6,13183.6,13134.3,13140,92.08425122
1603910700000,13140,13164.5,13105.6,13160.6,86.93188311
1603911600000,13162.7,13176.6,13125.4,13144.5,74.62711293
1603912500000,13145.2,13189.8,13123.4,13173.5,88.84398622
1603913400000,13173.5,13199.9,13140,13145.8,70.26598632
1603914300000,13146.9,13147.1,13094.8,13113.6,96.30425584
1603915200000,13113.5,13157.6,13099.2,13151.2,185.76386531
1603916100000,13150.5,13158.4,13124.3,13148.9,88.64774764
1603917000000,13149,13168.9,13114.4,13115.7,101.55374428
1603917900000,13115.8,13159.6,13110.4,13142.7,144.4679362
1603918800000,13142.6,13146.5,13103.9,13112.7,347.1843293
1603919700000,13112.7,13134.2,13050,13050.3,429.98508648
1603920600000,13051.8,13114.6,13051.6,13107.3,232.33846406
1603921500000,13107.3,13152,13107.3,13140,868.74400364
1603922400000,13140.1,13191.2,13136.1,13188.6,35.10175283
1603923300000,13188.6,13214.9,13162.8,13214.8,88.02784975
1603924200000,13215.2,13219.9,13195.1,13216.9,291.33259073
1603925100000,13216.9,13220,13187.7,13203.5,123.92755828
1603926000000,13204.4,13212.7,13179,13198.1,198.87935493
1603926900000,13199.1,13236.7,13199.1,13235.3,84.05683362
1603927800000,13235.3,13248.7,13200.3,13201,123.90999569
1603928700000,13201.3,13231.3,13200.6,13212.1,110.92884419
1603929600000,13210.1,13249.4,13200,13244.9,153.82826214
1603930500000,13247.3,13252.6,13222.7,13234.4,149.12708141
1603931400000,13232.9,13235.9,13200.7,13200.7,436.03313471
1603932300000,13200.8,13211,13173.3,13190,156.46245312
1603933200000,13190,13216.3,13190,13191.4,330.68349692
1603934100000,13191.3,13206.5,13126.3,13143.3,358.45780926
1603935000000,13143.3,13199.8,13143.3,13190.1,273.67879787
1603935900000,13191,13240.7,13191,13229.3,159.18135208
1603936800000,13229.3,13236.7,13187.9,13193,211.25475472
1603937700000,13193.1,13211.9,13162.2,13176.3,201.18306728
1603938600000,13177.1,13210,13168.2,13194.7,211.49311628
1603939500000,13194.7,13199.5,13174.3,13187.1,87.48068848
1603940400000,13187,13189.5,13142.2,13151.2,201.14055552
1603941300000,13151.2,13170,13125.9,13170,297.76237307
1603942200000,13170,13190.8,13168.5,13179.1,242.36980042
1603943100000,13179.2,13226.2,13179.2,13222,286.4198649
1603944000000,13222.1,13225.7,13191,13214.4,373.47585503
1603944900000,13214.4,13230,13185,13193.5,144.36681867
1603945800000,13193.5,13209.2,13179,13184.2,97.82643152
1603946700000,13184.1,13198.4,13162.9,13164.5,264.02817646
1603947600000,13165.3,13202.1,13165.3,13195.7,338.59814154
1603948500000,13194.8,13206.4,13166.6,13178,312.22188422
1603949400000,13177,13197,13174.5,13192.7,215.30813256
1603950300000,13192.3,13210,13170,13203.7,146.42742919
1603951200000,13204.2,13214.9,13175,13180,230.65325905
1603952100000,13180,13210,13180,13197.9,318.80617114
1603953000000,13198.7,13209.9,13193.2,13206.1,310.86081586
1603953900000,13205.9,13241.8,13185.4,13196.7,151.2961601
1603954800000,13196.7,13210,13161.5,13183.9,266.31537996
1603955700000,13184,13184,13125.1,13132.7,209.22984914
1603956600000,13131.6,13150.8,13111.9,13115.5,209.05099106
1603957500000,13116.9,13118.2,13036.5,13051.5,276.17147309
1603958400000,13051.4,13096,13012,13029.1,158.67314755
1603959300000,13030.3,13097.4,13030.3,13075,160.97102332
1603960200000,13076.3,13106.7,13076.3,13088.6,225.97977149
1603961100000,13087.3,13092.6,13045,13049.3,122.18770702
1603962000000,13049.8,13123,13047.6,13112.5,287.09926322
1603962900000,13113.4,13123,13091.1,13108.7,324.20075722
1603963800000,13108.8,13112.7,13075.8,13098.8,221.1870893
1603964700000,13099.1,13122.9,13096,13114,118.34184587
1603965600000,13114.2,13122.1,13081.4,13093.6,91.9300405
1603966500000,13093.6,13099.9,13047.6,13048.6,98.9395953
1603967400000,13047.1,13053.2,12966.3,12995.4,245.24589079
1603968300000,12995.4,13033,12995.4,13019.5,141.88620552
1603969200000,13017.9,13057.9,13000.1,13053,194.52493472
1603970100000,13054.3,13068.4,13041,13049,199.51007086
1603971000000,13049,13090,13038.3,13043.7,145.65870037
1603971900000,13044.5,13063,12975.2,12975.2,201.48788072
1603972800000,12975.2,13006.4,12961,12961,145.65984823
1603973700000,12961,12984.9,12908.1,12911.3,213.13589316
1603974600000,12910,13049,12910,13022.3,221.95704292
1603975500000,13026.2,13080.7,13020.8,13074.5,256.50968857
1603976400000,13074.5,13097.1,13050,13063.2,159.4227612
1603977300000,13065.2,13097.9,13041.1,13091.4,200.82393375
1603978200000,13091.5,13168.7,13087.5,13117.1,162.52706166
1603979100000,13115.1,13187.3,13107.7,13174.9,126.1765044
1603980000000,13177.7,13246.3,13174,13216.7,223.45450852
1603980900000,13219,13324.9,13215.7,13324.9,436.27295
1603981800000,13326,13416,13300,13395.6,361.96580284
1603982700000,13396.5,13401.5,13337.9,13361.4,238.74680647
1603983600000,13361.5,13384.5,13340,13350.3,154.39957558
1603984500000,13350.2,13400.7,13347.3,13373.8,117.99999136
1603985400000,13374,13382,13298.5,13312,181.14851501
1603986300000,13313.1,13374,13313.1,13365,89.70209293
1603987200000,13366.8,13380.3,13330,13379.9,170.28351478
1603988100000,13380.8,13495.5,13374.4,13490,236.98440726
1603989000000,13492,13531.8,13469.7,13514.6,316.41289598
1603989900000,13512.9,13513.5,13451.9,13471,120.54388247
1603990800000,13471,13490,13437.2,13477.8,177.45855892
1603991700000,13478.3,13491.7,13445.6,13481.7,73.69079295
1603992600000,13480.3,13554.7,13460,13549.2,119.31377564
1603993500000,13547.5,13557.1,13486.2,13500.8,86.19176329
1603994400000,13502.1,13544.9,13452.5,13457.6,113.02390066
1603995300000,13456,13496.1,13416.2,13483.8,195.93197978
1603996200000,13487.2,13511.4,13428.9,13478.7,149.07249681
1603997100000,13478.3,13501.8,13444.8,13470.7,110.56190564
1603998000000,13471.4,13520,13438.9,13457.8,193.25140364
1603998900000,13459.6,13499,13444.5,13472.8,322.76572827
1603999800000,13472.8,13496.2,13447.2,13451.5,106.95781611
1604000700000,13452.4,13487.3,13415.8,13417.4,188.61445284
1604001600000,13418.8,13458.9,13387.8,13397.2,182.195707
1604002500000,13399.2,13450,13398.9,13438.7,47.95872115
1604003400000,13439.5,13444.8,13370.1,13416,89.95811325
1604004300000,13416,13425.3,13385.7,13417.1,145.65082602
1604005200000,13417.1,13428,13388.7,13427.4,26.02068091
1604006100000,13427.6,13428.8,13401.5,13404,20.30224228
1604007000000,13404.3,13407.8,13364.2,13405.1,33.56428151
1604007900000,13405.7,13481.6,13397.5,13451.8,268.76025429
1604008800000,13452.7,13460,13405.9,13408.8,56.39200022
1604009700000,13408.5,13419.8,13392.8,13395.8,112.77479513
1604010600000,13395.8,13416.6,13382.3,13396.5,80.66012127
1604011500000,13396,13413.2,13333.6,13341.3,110.97507526
1604012400000,13342.6,13394.3,13338.5,13385.9,91.47628796
1604013300000,13384.9,13425.2,13380,13414.2,206.88354335
1604014200000,13414.9,13430.7,13403,13413.9,287.79085416
1604015100000,13412,13419.3,13386.1,13400.7,192.51053667
1604016000000,13400.8,13402,13285.2,13346.9,262.42189435
1604016900000,13345,13364.1,13316.2,13348.1,156.03378334
1604017800000,13348.1,13415.7,13348.1,13406.1,119.31819413
1604018700000,13406.1,13550,13406.1,13533,262.82061479
1604019600000,13533.4,13600,13521.3,13573.8,301.64566385
1604020500000,13573.8,13578.1,13534.9,13549.4,122.07645317
1604021400000,13549.4,13550.8,13484.7,13506.3,130.20766406
1604022300000,13506.6,13535.6,13492.9,13503.4,150.67294732
1604023200000,13501.9,13518.8,13463.6,13516.7,229.40748145
1604024100000,13515.4,13515.4,13461.5,13481.9,60.47622768
1604025000000,13482,13503.1,13436.5,13456.6,97.53212225
1604025900000,13456.5,13466.7,13387.8,13397.6,152.67574061
1604026800000,13398.3,13443.1,13370,13407.7,125.0591478
1604027700000,13404.5,13428.2,13390.9,13425.1,89.83887769
1604028600000,13425.1,13449.8,13381.2,13389.1,442.92124141
1604029500000,13388.5,13409.9,13340,13365.4,116.44221753
1604030400000,13365.5,13401,13307.7,13340.4,145.20492014
1604031300000,13340.4,13372.8,13328.7,13355.3,135.11000362
1604032200000,13355.3,13398.9,13355,13375.6,167.64122105
1604033100000,13375.2,13387.3,13348.1,13359.5,88.87304077
1604034000000,13358.3,13433.7,13352.3,13413.7,89.91979102
1604034900000,13413.6,13418.5,13317.8,13317.8,98.74631346
1604035800000,13316.6,13346,13253.8,13266.2,199.9577806
1604036700000,13265.7,13274.1,13103.2,13113.8,411.94204601
1604037600000,13111.1,13183.3,13086.8,13157,258.86221964
1604038500000,13157.1,13173.1,13105,13140.6,120.06562855
1604039400000,13143.4,13199.6,13130.5,13194.2,308.19523502
1604040300000,13194.2,13194.2,13133.2,13133.2,159.74489045
1604041200000,13133.3,13153.1,13083.2,13086.8,135.74258931
1604042100000,13088,13118.2,13051,13115.5,174.14094345
1604043000000,13116.2,13189.8,13106.6,13158,133.02349328
1604043900000,13158.2,13176.5,13117.9,13146.8,148.36727891
1604044800000,13146.8,13256,13115.9,13232.1,194.34166538
1604045700000,13231.1,13271.1,13210.1,13232.8,135.34207571
1604046600000,13232.8,13244,13194.1,13203.4,219.71046217
1604047500000,13203.3,13204.6,13162.6,13173.1,301.22203678
1604048400000,13173.1,13173.1,13073,13110.5,329.92888301
1604049300000,13112.3,13195.1,13090.1,13181.8,128.74273734
1604050200000,13181.6,13208,13160.1,13195.2,190.00526747
1604051100000,13195.2,13235.9,13183.7,13221.9,163.37071624
1604052000000,13221.9,13282.9,13207.2,13241.5,161.45749142
1604052900000,13242.8,13248.1,13161.6,13190.1,216.06514734
1604053800000,13190.3,13204.9,13158.1,13200.5,225.61366561
1604054700000,13200.5,13250,13197.3,13248.1,222.21930001
1604055600000,13248.2,13261.4,13221.4,13238.3,180.11504597
1604056500000,13238.3,13241.4,13204.5,13220.2,256.99341736
1604057400000,13217,13311.4,13194,13308.6,193.21189126
1604058300000,13308.6,13316,13286.5,13301,300.01073555
1604059200000,13301.5,13304,13237.3,13244,156.56274379
1604060100000,13245.6,13300,13240,13280.6,184.63827905
1604061000000,13280.6,13300,13247,13263.5,175.32474295
1604061900000,13263.5,13317,13250.9,13283.4,195.83936034
1604062800000,13283.4,13292,13216.7,13268.5,364.88959501
1604063700000,13269.6,13286.1,13232.3,13245.6,209.91534791
1604064600000,13245.7,13282.3,13185.1,13202.5,218.68445669
1604065500000,13202.3,13232.6,13184.9,13216,113.80738427
1604066400000,13217.6,13252.8,13207.8,13234.6,98.37847789
1604067300000,13234.6,13297.4,13223.5,13244.4,140.45814473
1604068200000,13244.4,13286.3,13242.8,13266.8,144.35437243
1604069100000,13270,13320,13256.6,13307.2,344.03761828
1604070000000,13306.7,13410,13305,13406.7,182.1702346
1604070900000,13406.6,13426,13380,13417.8,186.67838916
1604071800000,13417.9,13472.2,13402,13437.3,122.51071767
1604072700000,13436.7,13500,13426,13497.6,291.10553169
1604073600000,13497.6,13520.5,13435.2,13450.1,286.51119437
1604074500000,13449.1,13481.5,13443.9,13447.3,256.02586054
1604075400000,13447.3,13478.2,13437.1,13460.2,385.5304519
1604076300000,13459.6,13494.3,13450.1,13464.9,119.26608508
1604077200000,13464.9,13511.4,13464.9,13480.7,249.61472433
1604078100000,13480.7,13494.7,13444,13446,171.83042792
1604079000000,13446.1,13460,13410,13442.2,150.38098763
1604079900000,13441.1,13473,13436.9,13462.8,234.9187759
1604080800000,13460.4,13489.8,13445.1,13464.5,99.07455259
1604081700000,13464.5,13487.3,13454,13457.9,395.42168749
1604082600000,13458,13468.5,13432.2,13442.7,156.29245222
1604083500000,13440.9,13472.2,13434.4,13461.7,279.37079418
1604084400000,13461.7,13479.1,13448.4,13455.7,363.1754476
1604085300000,13455.7,13455.7,13421.5,13426.2,397.97625579
1604086200000,13426,13450.1,13415,13440.4,271.28402649
1604087100000,13440.4,13470,13436.7,13467.8,96.68215538
1604088000000,13467.8,13479.9,13441.1,13448.8,126.06706624
1604088900000,13448.8,13513.6,13446,13508.2,154.62047887
1604089800000,13508.3,13581,13508.3,13571.8,206.92759864
1604090700000,13571.5,13586,13547.9,13556.4,157.69088244
1604091600000,13556.4,13565.1,13379.6,13466.1,250.49842802
1604092500000,13466.1,13496.1,13460.8,13494.4,121.65258002
1604093400000,13494.9,13502.1,13454.1,13499.3,19.9514563
1604094300000,13498.7,13509.7,13473,13485.1,29.72584433
1604095200000,13485.2,13524.6,13468,13501.1,36.74660138
1604096100000,13501.2,13533.2,13496.6,13530.3,168.86591186
1604097000000,13532.7,13534.4,13475.7,13480.7,292.97008152
1604097900000,13481.5,13509.3,13480.1,13480.9,300.71200224
1604098800000,13482.6,13532.7,13482.6,13525.4,252.69641968
1604099700000,13524,13547.1,13508.8,13538.7,117.67104599
1604100600000,13539.9,13560,13511.9,13522.6,184.39928922
1604101500000,13521.5,13530.2,13464.8,13481.6,133.78351468
1604102400000,13481.6,13489.7,13464.1,13470.5,204.03217979
1604103300000,13469.7,13496.2,13439.3,13478.5,80.3785825
1604104200000,13479.2,13576.5,13470.3,13555.1,178.98234433
1604105100000,13557.1,13570,13526,13540.8,131.28556496
1604106000000,13540.9,13584.7,13540.9,13553.5,114.717698
1604106900000,13552.4,13560,13517.6,13517.6,236.57918567
1604107800000,13517.6,13553.9,13504.4,13541.5,336.97540441
1604108700000,13541.5,13574.1,13541.5,13570.3,513.27531471
1604109600000,13570.3,13660.5,13568.7,13639,423.31145879
1604110500000,13639.1,13647.5,13608.1,13621.4,133.17428315
1604111400000,13619.9,13646.4,13521,13546.4,224.31032241
1604112300000,13546.4,13561.6,13469.6,13522.4,268.48749026
1604113200000,13522.4,13530.1,13415.1,13415.1,244.73128579
1604114100000,13414,13443.9,13320.1,13393.1,219.18910934
1604115000000,13393.2,13415.5,13364.6,13364.8,230.38527261
1604115900000,13364.8,13412.4,13364.8,13399.2,201.6054866
1604116800000,13399.2,13426.7,13365,13421,226.41526162
1604117700000,13421,13421,13390,13417.3,184.95910715
1604118600000,13417.8,13425.3,13397.5,13405,167.80907669
1604119500000,13405.1,13419.8,13386.6,13419,394.90778476
1604120400000,13419.7,13426.8,13390.6,13404,512.52106562
1604121300000,13404,13425.8,13393.5,13424.7,291.19759633
1604122200000,13424.8,13424.8,13399.3,13409,394.92916696
1604123100000,13408.9,13418.5,13382.8,13382.8,170.48367158
1604124000000,13381.7,13399,13374,13399,354.75512899
1604124900000,13399,13428.4,13392.7,13426.5,157.56459699
1604125800000,13426.5,13471.5,13426.4,13455.5,157.13777711
1604126700000,13455.5,13494.5,13455.1,13494.5,165.55604156
1604127600000,13493.6,13494.8,13454.4,13479.3,294.32462822
1604128500000,13478.6,13485.3,13445,13457.6,109.9584414
1604129400000,13457.7,13478.4,13450,13478.4,492.94417454
1604130300000,13474.5,13482.4,13451.2,13469.7,516.05816846
1604131200000,13469.7,13567.1,13468.2,13558.1,137.49132605
1604132100000,13556.9,13695.9,13550,13684.4,434.61059164
1604133000000,13684.4,13708,13637.7,13662.4,340.55352621
1604133900000,13663.6,13663.6,13600,13625.8,116.51330922
1604134800000,13625.8,13678.1,13625.8,13650,86.4227147
1604135700000,13650,13690,13603.3,13621.9,268.84431778
1604136600000,13621.9,13678.4,13620.9,13665.4,207.52341807
1604137500000,13665.5,13824.3,13655.8,13778.2,525.67828972
1604138400000,13779.1,13950,13725.4,13776.7,651.25034277
1604139300000,13776.8,13817.9,13460,13637.1,865.71240804
1604140200000,13638.7,13768.1,13622.5,13763,340.94427694
1604141100000,13763,13778.5,13715,13747.6,108.52368881
1604142000000,13749.8,13806.2,13720.3,13766.9,114.5137223
1604142900000,13768.1,13804.3,13751.6,13759.7,92.4451621
1604143800000,13761.9,13785.5,13717.6,13780.7,112.26024956
1604144700000,13780.7,13844.3,13775.3,13836.1,186.14991033
1604145600000,13835.1,13835.2,13783.8,13800,299.46831847
1604146500000,13800,13800,13724,13778.6,103.21045754
1604147400000,13778.6,13809.2,13750,13762.8,111.22241285
1604148300000,13762.9,13799.1,13761.6,13765.6,100.47017406
1604149200000,13763.7,13815.6,13751.7,13760.5,109.27902356
1604150100000,13758.7,13784.7,13712.8,13780.3,84.31116026
1604151000000,13780.3,13785.6,13736.2,13774,122.15355295
1604151900000,13773.1,13781,13746.7,13748.4,217.22908683
1604152800000,13748,13751.9,13717.6,13741.7,78.29643441
1604153700000,13741.8,13746.8,13667.1,13670.6,70.30813468
1604154600000,13669.3,13711.8,13668.1,13680.9,115.02355495
1604155500000,13680.9,13717.2,13679.4,13683,163.45129314
1604156400000,13683.1,13686.4,13600,13629.2,184.54347601
1604157300000,13631,13675.5,13603.3,13675.5,82.7802922
1604158200000,13675.5,13675.5,13644.3,13650,194.99315216
1604159100000,13650,13740.5,13649.9,13717.5,323.00709949
1604160000000,13714.8,13743.4,13687.5,13692.2,94.20240832
1604160900000,13692.1,13703.5,13682,13682.3,181.6737459
1604161800000,13682.2,13690.9,13660,13673.7,66.33523378
1604162700000,13673.7,13696.4,13667.7,13676.2,70.68055989
1604163600000,13676.2,13677.4,13627.6,13653,137.47941647
1604164500000,13653.1,13654.4,13620,13620.1,133.75554746
1604165400000,13620,13653.8,13601,13649.1,122.47919799
1604166300000,13649.3,13656.7,13624.9,13640.5,260.94400044
1604167200000,13641.5,13641.5,13573.6,13592.5,102.11048079
1604168100000,13591.8,13611.6,13582.8,13608.7,204.01852137
1604169000000,13609.5,13636.3,13605.5,13606.2,278.38877696
1604169900000,13606.2,13614.5,13580.7,13591.4,143.83034285
1604170800000,13591.4,13600,13560,13600,120.41213515
1604171700000,13599.9,13649.8,13596.6,13642,121.42645894
1604172600000,13642,13653.9,13636.6,13648.5,154.93065646
1604173500000,13651.2,13680,13640,13656.3,171.20644561
1604174400000,13655.3,13669.3,13626.6,13667,134.82429988
1604175300000,13667,13684.3,13646.8,13684.2,186.21886304
1604176200000,13683.2,13696.4,13671.7,13672.5,228.59443048
1604177100000,13670.5,13710.3,13670.5,13710.2,394.16924028
1604178000000,13710.2,13717.2,13690.1,13715.6,122.08795512
1604178900000,13715.5,13715.5,13696.9,13705.2,224.67257448
1604179800000,13706.2,13713.3,13691.9,13710.2,466.71592632
1604180700000,13710.2,13717.2,13709.9,13711.7,68.21041682
1604181600000,13711.8,13712.7,13696.6,13698.4,388.59622142
1604182500000,13698.4,13727.5,13693.6,13723.6,191.45511861
1604183400000,13723.5,13756.4,13723.5,13754.7,512.15426191
1604184300000,13753.1,13801.1,13734.1,13757.5,319.3912166
1604185200000,13757.4,13757.4,13650.8,13666.1,254.31936874
1604186100000,13667.8,13698,13639.9,13660.1,161.53425717
1604187000000,13660.7,13680,13645.9,13680,470.39786247
1604187900000,13682.2,13694.9,13660,13666.5,152.901348
