ts,open,high,low,close,volume
1580515200000,9352,9376.7,9345.2,9374.2,158.29546222
1580516100000,9374.3,9378.2,9350.2,9352.5,39.11225165
1580517000000,9350.8,9391.5,9350.7,9384.8,65.22663276
1580517900000,9384.8,9387.8,9369.2,9382.2,28.47781349
1580518800000,9382.2,9408.5,9378.8,9406.4,148.22831178
1580519700000,9406.8,9413.7,9391.7,9405.6,123.25300029
1580520600000,9405.7,9410.2,9383.3,9397.2,142.92392867
1580521500000,9397.3,9432.3,9397.3,9428.3,118.63719583
1580522400000,9428.4,9450,9404.1,9440.4,204.76327181
1580523300000,9440.4,9463.4,9431,9436.4,157.29574854
1580524200000,9436.3,9460.8,9436.3,9449,93.40796434
1580525100000,9449,9449,9425.9,9441.3,86.41711264
1580526000000,9441.4,9454.4,9426.8,9431.1,131.29591327
1580526900000,9431.1,9432.8,9412.2,9432.7,75.28965665
1580527800000,9432.8,9434.7,9406.9,9423.5,103.03797463
1580528700000,9423.5,9430.9,9409.7,9430.9,65.07088146
1580529600000,9430.9,9450,9419.3,9419.3,107.90338623
1580530500000,9419.3,9441.7,9416.8,9434.4,124.75203387
1580531400000,9434.6,9446.2,9431.4,9433.1,99.14888874
1580532300000,9433.1,9433.1,9401.9,9402,76.46666421
1580533200000,9402,9414.1,9395,9404.4,109.0672882
1580534100000,9404.5,9411.7,9390,9408.2,65.56785952
1580535000000,9408.2,9410.7,9404.3,9405.4,80.04754618
1580535900000,9405.3,9406,9383,9383,50.88709184
1580536800000,9383.1,9396,9382.5,9383.6,83.66158865
1580537700000,9383.6,9401.4,9383.2,9401.4,79.13829068
1580538600000,9401.4,9407.2,9395.9,9403.8,36.12033344
1580539500000,9403.7,9405.3,9393.3,9396.1,38.10757891
1580540400000,9396.2,9440.2,9396.2,9437.8,95.8901292
1580541300000,9437.7,9441.9,9427.5,9431.9,76.29097628
1580542200000,9431.8,9452.9,9430,9430.8,81.69760439
1580543100000,9430.9,9435.9,9415.3,9421.6,99.98570277
1580544000000,9421.5,9424.6,9406.5,9413.9,77.76767565
1580544900000,9413.9,9415.7,9393,9396.6,74.37971882
1580545800000,9396.7,9401.2,9376.8,9384.4,167.4003487
1580546700000,9384.5,9396.8,9379.4,9382.7,39.86654286
1580547600000,9382.9,9391.1,9358.8,9363.3,140.1032408
1580548500000,9363.2,9381.3,9355.2,9381.2,65.69490335
1580549400000,9381.3,9386.1,9371.4,9381.6,57.94622819
1580550300000,9381.5,9392.1,9380.6,9386.8,68.64036737
1580551200000,9386.8,9407.8,9386.8,9394,78.98953039
1580552100000,9394,9394,9365.4,9374.8,83.44283308
1580553000000,9375,9375.2,9358.7,9370.5,134.36361377
1580553900000,9369.7,9384.2,9369.7,9376.7,31.87909286
1580554800000,9376.7,9382.3,9349.6,9352.7,96.91091581
1580555700000,9352.6,9360.4,9330,9330,234.18441854
1580556600000,9330,9349.2,9326.5,9340.1,109.69928969
1580557500000,9340.2,9351.1,9325.1,9350.1,80.55959897
1580558400000,9351.1,9364.7,9336.3,9344.5,66.09090882
1580559300000,9344.4,9347.7,9334.8,9336.6,40.61614885
1580560200000,9336.6,9336.6,9310,9333.5,123.95812324
1580561100000,9333.4,9333.5,9295.6,9311.7,302.0750409
1580562000000,9311.8,9356,9307.4,9343.3,164.64635768
1580562900000,9343.2,9372.5,9342.3,9353.9,87.54881862
1580563800000,9354,9358.3,9344,9347.4,72.25771817
1580564700000,9347.3,9365.3,9345.3,9345.7,80.67562273
1580565600000,9345.7,9345.7,9309.7,9310.2,140.66087759
1580566500000,9310.1,9335.6,9304.1,9318.8,80.08913651
1580567400000,9318.7,9326.2,9310.5,9323,110.75906446
1580568300000,9323,9353.3,9323,9350.9,159.18466172
1580569200000,9350.9,9363.2,9335.1,9363.2,85.09339224
1580570100000,9363.3,9372.8,9355.6,9355.7,57.73578157
1580571000000,9355.7,9372.6,9355.7,9357.9,61.08657199
1580571900000,9357.7,9358.2,9329.8,9335.5,129.83055654
1580572800000,9335.6,9356.2,9328.7,9340,118.13138053
1580573700000,9339.9,9363,9335.9,9356.7,57.8472236
1580574600000,9356.8,9398.9,9356.5,9379.4,179.4264077
1580575500000,9379.4,9405.7,9379.3,9402.6,104.5069682
1580576400000,9402.6,9405.8,9382.9,9398.2,55.24426337
1580577300000,9398.3,9422.1,9386.9,9417.5,136.28480012
1580578200000,9417.5,9417.5,9390,9390.9,70.45498167
1580579100000,9390.7,9397.6,9382.4,9382.5,45.99809257
1580580000000,9382.4,9401.6,9382.2,9396.6,36.53572546
1580580900000,9396.6,9398.3,9385.1,9394.8,27.12980904
1580581800000,9394.8,9394.8,9363.9,9365.3,30.83379316
1580582700000,9365.2,9390,9356.5,9390,81.81429106
1580583600000,9390,9390.1,9381.4,9386.2,22.25993809
1580584500000,9386.1,9386.1,9355.2,9366.6,46.56785674
1580585400000,9366.5,9375.2,9366.4,9371.2,44.51009433
1580586300000,9371.1,9372.2,9350.9,9365.1,39.59668771
1580587200000,9365.2,9366.4,9353.4,9365,13.31511465
1580588100000,9365.2,9383.4,9365.2,9380.8,33.66372723
1580589000000,9380.5,9388.2,9375.8,9378.3,26.10821779
1580589900000,9378.3,9382.8,9375.5,9381.1,31.89131779
1580590800000,9380.3,9380.3,9371.4,9379.2,8.21904985
1580591700000,9379.2,9379.2,9370,9370,28.16531424
1580592600000,9370.1,9375.5,9365.6,9365.6,26.09511046
1580593500000,9365.5,9377.1,9365.2,9377.1,20.49661219
1580594400000,9377.2,9398.4,9377.2,9398.4,30.4978388
1580595300000,9398.8,9404.3,9386.4,9386.9,46.23827832
1580596200000,9386.7,9386.7,9355.2,9368.8,47.89141364
1580597100000,9368.7,9381.5,9368.7,9378.3,30.52270635
1580598000000,9378.3,9408.1,9378.3,9399.9,104.11296729
1580598900000,9400,9403.1,9384.4,9388.8,35.7120515
1580599800000,9388.9,9409.2,9379.9,9385.9,101.91683946
1580600700000,9385.3,9398.2,9384.7,9385,53.34422389
1580601600000,9385.9,9385.9,9361,9362.6,52.98380048
1580602500000,9362.6,9373.4,9355.2,9355.7,53.47323511
1580603400000,9355.7,9360.8,9329.2,9358.9,107.68087121
1580604300000,9358.8,9359.2,9321.6,9328.3,101.0844694
1580605200000,9328.4,9337.8,9317.5,9319.8,42.94724525
1580606100000,9319.8,9343.8,9309.7,9338.4,140.63100376
1580607000000,9338.4,9343.3,9314.7,9329.1,98.42546816
1580607900000,9329.1,9344.4,9328.3,9331.2,76.62195759
1580608800000,9331.3,9331.9,9260,9266.3,352.24155919
1580609700000,9266.3,9284.1,9253.5,9273.4,169.81152566
1580610600000,9274.2,9285.8,9240,9283.9,496.52668559
1580611500000,9283.8,9291.4,9264.4,9267.8,183.518354
1580612400000,9267.8,9282.4,9260.2,9278.8,57.56841268
1580613300000,9278.9,9289.7,9278.8,9280.6,49.43794647
1580614200000,9280.6,9280.6,9251.3,9254.7,241.44975176
1580615100000,9254.7,9269.4,9253.9,9267.4,57.55435993
1580616000000,9267.4,9271.2,9159,9223.4,1952.75862833
1580616900000,9221.4,9263.2,9221.4,9258.8,533.86534525
1580617800000,9258.9,9329.9,9258.9,9308.6,368.08929921
1580618700000,9308.6,9330,9296.3,9322.1,125.93094106
1580619600000,9321.1,9339.2,9298.2,9300.8,374.25242562
1580620500000,9300.8,9327.4,9299.3,9301.8,134.52785091
1580621400000,9301.8,9315.7,9301.5,9306.8,68.57631551
1580622300000,9306.8,9324.2,9304,9309.5,70.87375454
1580623200000,9309.6,9309.9,9290.3,9292,94.0309361
1580624100000,9292.7,9333.5,9290.2,9326.3,124.82218674
1580625000000,9326.3,9366.6,9326.3,9363.5,905.75215632
1580625900000,9363.6,9377.3,9348.5,9351.3,364.97755621
1580626800000,9351.3,9372.3,9349.3,9349.3,144.16220967
1580627700000,9349.3,9371.1,9346.6,9364.3,121.87531519
1580628600000,9364.3,9385,9349.9,9376.3,126.76803131
1580629500000,9376.4,9376.9,9361.3,9369.9,56.73377139
1580630400000,9369.9,9385.4,9354.6,9357.8,85.16396599
1580631300000,9357.9,9363.7,9345.3,9351.3,54.94714357
1580632200000,9351.3,9371.2,9350.2,9370.8,98.39139701
1580633100000,9370.7,9386.6,9356.3,9364.8,130.19556642
1580634000000,9364.9,9383.7,9352.4,9356.3,88.62153332
1580634900000,9356.3,9373.6,9351.7,9357.6,98.72430455
1580635800000,9357.6,9374.6,9357.1,9374.6,86.10855758
1580636700000,9374.7,9380.6,9362.5,9379.3,53.91571286
1580637600000,9379.5,9436,9379.5,9426.7,497.93142124
1580638500000,9426.7,9431.4,9403.4,9411.6,150.12041499
1580639400000,9411.6,9451,9411.6,9441.3,292.49696619
1580640300000,9441.3,9443.7,9414.9,9423,169.21825937
1580641200000,9423,9430.5,9410.5,9410.5,81.48792513
1580642100000,9410.4,9431.7,9410,9419.1,99.51562441
1580643000000,9419.1,9440.1,9419,9432,60.60436431
1580643900000,9431.9,9433.7,9423.4,9433.7,80.71890494
1580644800000,9433.8,9451.1,9433.8,9441.2,149.30435792
1580645700000,9441.2,9473.1,9438,9439.2,274.08431045
1580646600000,9439.4,9440,9407.5,9412.2,168.84244799
1580647500000,9412.2,9427.7,9402.8,9421.4,97.37832345
1580648400000,9421.3,9421.3,9398.2,9415.1,119.5591207
1580649300000,9415.1,9427.6,9415.1,9416.3,58.51725117
1580650200000,9416.3,9428.4,9416.2,9421.8,58.49377009
1580651100000,9421.7,9423.2,9412.2,9419.2,55.04874923
1580652000000,9419.2,9421.2,9377.9,9388,159.89106788
1580652900000,9388,9408.7,9365,9404.4,160.9819051
1580653800000,9404.8,9457.1,9404.8,9437.2,401.37516518
1580654700000,9437.3,9453,9431.3,9448.9,115.83670631
1580655600000,9448.9,9464.1,9438.2,9450,122.10387979
1580656500000,9450,9463.1,9436.8,9446.2,69.53890287
1580657400000,9446.3,9459.3,9438.6,9451,139.22059483
1580658300000,9451,9467.1,9448.3,9448.3,148.69902044
1580659200000,9448.3,9459,9428.4,9443.7,149.46698826
1580660100000,9443.6,9447.7,9420.9,9428.7,68.81312387
1580661000000,9428.7,9451,9428.7,9447.7,115.79226887
1580661900000,9447.7,9448,9424.6,9428.1,56.30599374
1580662800000,9428.1,9440,9400,9410.6,106.4640311
1580663700000,9410.6,9437.6,9408.9,9436.1,93.19680275
1580664600000,9436.6,9447.5,9432,9444.9,100.37542701
1580665500000,9444.9,9446.5,9427.2,9427.2,249.01413266
1580666400000,9427.2,9444.5,9426.3,9436.9,64.01214743
1580667300000,9436.9,9446.9,9436.8,9442.9,94.72109783
1580668200000,9442.9,9453.9,9441.5,9442,43.38243046
1580669100000,9441.9,9448.9,9439.9,9443.2,24.33029489
1580670000000,9443.1,9444.2,9432.1,9443.9,34.0788394
1580670900000,9443.3,9455.9,9443.3,9449.5,43.91947264
1580671800000,9449.6,9457.2,9445.3,9457.2,35.05200221
1580672700000,9457.3,9459.6,9433.2,9435.7,61.76458715
1580673600000,9435.8,9444.3,9430.3,9438.2,45.75435835
1580674500000,9437.6,9451.2,9437.6,9451,21.85405775
1580675400000,9451.2,9454.8,9424,9427.2,69.549382
1580676300000,9427.3,9443.1,9420.3,9438.3,59.35837347
1580677200000,9438.3,9443,9427.6,9430.3,20.62031392
1580678100000,9430.2,9435.7,9425.2,9430.7,27.14090816
1580679000000,9430.7,9436.8,9428.5,9436.8,26.46025879
1580679900000,9437.2,9448.2,9437.1,9441.1,48.34166504
1580680800000,9441.7,9441.7,9407,9418.3,40.51027442
1580681700000,9418.3,9434.8,9407.2,9413,81.80901646
1580682600000,9413,9413,9379.4,9380.3,124.32261509
1580683500000,9380.2,9402.9,9378.1,9381.1,41.344864
1580684400000,9381.1,9415.6,9369.4,9400.7,97.36708005
1580685300000,9400.5,9402.2,9323.2,9359.3,402.10927305
1580686200000,9358.1,9358.7,9330.3,9355.4,239.18275184
1580687100000,9354.8,9360.2,9323.3,9333.1,119.39342772
1580688000000,9333.2,9361.1,9293.2,9355.8,488.29817259
1580688900000,9355.6,9372.1,9344,9353,123.92164274
1580689800000,9353.5,9405.7,9353.5,9397,157.25159533
1580690700000,9396,9421.7,9391.2,9412.2,116.95436756
1580691600000,9412.2,9415.9,9398.8,9402.9,73.21690276
1580692500000,9402.9,9460,9400.2,9446.9,264.65522913
1580693400000,9447,9609.7,9447,9562.8,1699.20385581
1580694300000,9562.9,9573.8,9500,9510.8,520.61305336
1580695200000,9510.5,9514.2,9300,9398.3,2214.4257254
1580696100000,9398.3,9440.5,9394.3,9411.5,272.79714304
1580697000000,9412.6,9437.3,9396.3,9408.8,259.73535656
1580697900000,9408.9,9416.7,9370.7,9378,258.75077858
1580698800000,9378,9397,9350,9385.3,305.5141514
1580699700000,9385.3,9390,9357.3,9364.9,153.73819771
1580700600000,9365,9384,9337.3,9383.9,294.82058614
1580701500000,9383.9,9387.6,9375.2,9385.7,182.50945106
1580702400000,9385.6,9402.3,9380,9382.3,93.56893942
1580703300000,9382.2,9393.1,9373.3,9375.8,79.72302539
1580704200000,9375.9,9402.6,9370.3,9389.9,109.14220989
1580705100000,9389.9,9397.8,9383.3,9392.3,47.43522994
1580706000000,9392.3,9420.7,9390.1,9415.9,210.60525502
1580706900000,9416.2,9424.4,9405.8,9420.3,194.91032638
1580707800000,9421.2,9421.2,9410,9418.2,86.21188616
1580708700000,9418.2,9418.2,9401.1,9404.2,163.29753707
1580709600000,9404,9407.8,9387.4,9397.6,73.61806053
1580710500000,9397.7,9403.9,9394.1,9395.6,40.69493519
1580711400000,9395.8,9407.1,9395.8,9407,51.51294654
1580712300000,9407.1,9414.6,9395.4,9395.9,78.56081369
1580713200000,9395.9,9395.9,9374.9,9388.7,48.3697015
1580714100000,9388.5,9391.4,9358.5,9366.7,95.24723983
1580715000000,9366.7,9381.8,9346.7,9370,158.51192782
1580715900000,9370,9379.1,9360.4,9369.9,71.27181171
1580716800000,9369.9,9376.6,9352.9,9375.4,143.50417534
1580717700000,9375.4,9391.4,9375.4,9385.7,94.43196443
1580718600000,9385.7,9397.2,9383.3,9390,54.02864953
1580719500000,9390,9390.8,9361.7,9370.8,114.44138812
1580720400000,9370.8,9372.3,9352.3,9360.2,69.1831514
1580721300000,9360.2,9367.3,9353.3,9366.7,55.80979374
1580722200000,9366.6,9372.8,9359.6,9364.9,61.56076578
1580723100000,9364.9,9365.7,9337.4,9343.2,178.10549824
1580724000000,9343.2,9343.7,9324.1,9338.1,160.0971116
1580724900000,9338.1,9338.2,9315.2,9324.3,157.3994492
1580725800000,9324.3,9344.1,9322.5,9336.3,115.94113627
1580726700000,9336.2,9336.2,9311.1,9312.1,212.0229729
1580727600000,9312.1,9349.6,9302.6,9349.5,142.63887744
1580728500000,9349.6,9352.3,9336,9348.7,85.52091236
1580729400000,9348.7,9396.3,9348.6,9365.8,212.35253032
1580730300000,9366.4,9377.6,9342.7,9349.4,96.08413832
1580731200000,9349.5,9358.1,9334.4,9347.5,126.73571821
1580732100000,9347.3,9366.7,9340.2,9360,29.23805642
1580733000000,9360,9373.1,9358,9362.3,66.67433052
1580733900000,9362.2,9370.9,9344.9,9346.8,126.26660957
1580734800000,9346.8,9349.1,9330.9,9330.9,61.29658164
1580735700000,9330.8,9342.3,9328.3,9335.9,59.33177109
1580736600000,9335.9,9336,9311,9312.2,151.46871952
1580737500000,9312.2,9329,9307.2,9328.3,120.29180344
1580738400000,9328.7,9328.7,9303,9306.4,127.8267147
1580739300000,9306.5,9344.8,9306.5,9344.8,133.72905462
1580740200000,9344.8,9351.1,9338.9,9346.5,207.38105435
1580741100000,9346.5,9359,9344.7,9354.3,241.74855334
1580742000000,9353.9,9353.9,9336.1,9342,92.19895068
1580742900000,9342.1,9342.1,9289.7,9303.3,493.98906931
1580743800000,9303.3,9328.1,9285.1,9298.4,1036.76281637
1580744700000,9298.4,9308.3,9264.9,9265,996.71338114
1580745600000,9265,9280,9251.4,9270,1984.52979699
1580746500000,9270,9316,9269.9,9291.3,1013.42342612
1580747400000,9291.3,9303.9,9267.2,9274.5,256.65237633
1580748300000,9274.6,9283.4,9255.7,9262.4,152.24838632
1580749200000,9262.4,9291.2,9235,9280.8,352.81022331
1580750100000,9279.4,9283.8,9268.1,9282.3,56.94817037
1580751000000,9282.3,9294.8,9279.3,9288.5,60.69030586
1580751900000,9288.5,9301.6,9288,9292,44.00591716
1580752800000,9292.1,9292.8,9265.8,9276.7,72.12536891
1580753700000,9276.6,9278.1,9260.7,9273.5,53.55953674
1580754600000,9273.7,9306.4,9269.4,9303.9,179.96038343
1580755500000,9303.9,9306.4,9293.3,9305,225.46979667
1580756400000,9305,9306.4,9287.4,9306.3,167.3744251
1580757300000,9306.3,9306.4,9291.1,9299.9,58.98393212
1580758200000,9299.8,9306.4,9291.8,9297.2,99.72409284
1580759100000,9297.1,9309.9,9291.2,9309.9,123.12959636
1580760000000,9309.9,9325.9,9297.2,9317.7,158.15044872
1580760900000,9317.7,9340.7,9308.2,9324,135.34995204
1580761800000,9323.4,9335.2,9318.3,9320.6,43.9398733
1580762700000,9320.6,9320.6,9309,9314.3,50.18588845
1580763600000,9314.7,9314.7,9290.5,9292.9,53.45202307
1580764500000,9292.9,9310.1,9292.9,9304.8,21.62473078
1580765400000,9305,9309,9275.4,9285.7,221.17060591
1580766300000,9285.6,9287.5,9274.1,9284.2,38.36196678
1580767200000,9284.1,9300.8,9284.1,9300.8,21.15996063
1580768100000,9300.9,9300.9,9285.7,9285.8,8.93276809
1580769000000,9286.3,9287.7,9261.2,9268.4,36.60876392
1580769900000,9268.3,9282.3,9266.8,9273.2,33.47867208
1580770800000,9273.2,9273.2,9251.1,9255.8,90.03397871
1580771700000,9255.7,9291.7,9249.4,9291.7,84.42410023
1580772600000,9291.7,9306.3,9277.4,9304,87.21625562
1580773500000,9303.9,9317.1,9295.7,9295.8,81.6428236
1580774400000,9295.7,9338.2,9295.7,9330.5,120.61674785
1580775300000,9330.5,9353.8,9312.3,9348.1,156.81332966
1580776200000,9348,9348,9320.7,9324.1,51.70859349
1580777100000,9323.8,9333.7,9322.1,9330.5,28.65406973
1580778000000,9330.5,9344.8,9322.6,9322.6,50.94865685
1580778900000,9322.5,9328.6,9314.1,9316,76.49307575
1580779800000,9316,9316,9270,9281.5,115.66938879
1580780700000,9281.4,9291.6,9272.7,9277.1,66.32074571
1580781600000,9277.1,9294,9277.1,9292.7,54.14401516
1580782500000,9292.7,9306.8,9292.7,9306.7,46.77691644
1580783400000,9306.8,9307.4,9289.3,9294,78.41925309
1580784300000,9294,9300.8,9283.8,9300.8,74.77108843
1580785200000,9300.8,9302,9270.3,9273.1,109.35311651
1580786100000,9273.1,9294.4,9262.2,9291,148.55786616
1580787000000,9291,9299.2,9288.6,9298.3,64.10010726
1580787900000,9298.5,9298.5,9282.3,9282.4,66.50269824
1580788800000,9282.4,9311.7,9279.4,9306,123.87198655
1580789700000,9306.3,9312.8,9300,9300.7,60.32762639
1580790600000,9301.6,9306.5,9273.2,9282.1,141.50563037
1580791500000,9282.1,9282.1,9253.8,9269.6,155.20713313
1580792400000,9269.8,9271.2,9251.2,9271.2,102.3502697
1580793300000,9271.1,9282.9,9255.3,9257.8,117.40371315
1580794200000,9257.8,9264.8,9246.1,9246.5,101.42735037
1580795100000,9246.6,9294,9222.3,9287.2,255.16120596
1580796000000,9287.2,9296.5,9276.8,9289.7,114.65805102
1580796900000,9289.9,9292.2,9257.1,9265.9,76.0311497
1580797800000,9266,9274.1,9249.9,9262.9,76.27690092
1580798700000,9263.8,9274.5,9254.5,9272.5,76.15296096
1580799600000,9272.6,9272.8,9262,9271.1,57.39502739
1580800500000,9271.1,9318.7,9258.3,9301.9,235.25976478
1580801400000,9301.8,9313.3,9288.7,9294,129.79339399
1580802300000,9294,9294,9269.5,9275.7,89.58679525
1580803200000,9275.7,9289.3,9275.7,9287.4,63.38594556
1580804100000,9287.4,9292.1,9257.4,9263.2,121.26749735
1580805000000,9262.5,9270,9256.6,9258.5,115.09810183
1580805900000,9258.4,9266.3,9239.6,9239.6,211.36362352
1580806800000,9239.5,9268.6,9229.8,9236.1,263.92303538
1580807700000,9236.2,9236.2,9181.4,9202.4,500.1097479
1580808600000,9202.3,9219.2,9194.6,9206.5,170.74553046
1580809500000,9206.5,9206.5,9161.1,9174.2,248.19339496
1580810400000,9174.2,9197.4,9164.2,9192.2,209.1451212
1580811300000,9192.1,9199.1,9170.6,9173.2,275.63866301
1580812200000,9172.4,9183.6,9159.1,9165,168.18910633
1580813100000,9164.9,9196.8,9155,9171.6,195.4516294
1580814000000,9171.7,9192.4,9171.7,9182.7,77.65054435
1580814900000,9181.9,9228.9,9109,9228,576.45141684
1580815800000,9228.8,9255.8,9201.2,9211.7,603.76730583
1580816700000,9211.5,9227.7,9184,9184,288.42382938
1580817600000,9183.9,9204.4,9156,9156.1,147.27840773
1580818500000,9156.1,9173.5,9144.7,9146.3,219.27250291
1580819400000,9145.9,9153.1,9098.9,9126.3,502.3225944
1580820300000,9125.9,9140.1,9099.2,9130.7,327.73378067
1580821200000,9130.8,9143.2,9112,9112,245.18018581
1580822100000,9112,9134.6,9096.6,9130.5,160.06118723
1580823000000,9130.5,9144.2,9125.3,9128.4,118.16221536
1580823900000,9128.4,9154.2,9121.2,9153.4,151.32075589
1580824800000,9153.4,9168.8,9142.8,9151.6,100.02925003
1580825700000,9151.5,9156.8,9133.1,9133.2,65.22222122
1580826600000,9133.1,9138.9,9116.2,9128.8,95.1872166
1580827500000,9128.8,9154.1,9127.6,9152.5,116.24138973
1580828400000,9153.6,9229.7,9145.6,9227.8,843.21480914
1580829300000,9227.9,9234,9186.9,9186.9,252.38183849
1580830200000,9186.7,9220.2,9177.7,9216.3,305.29231345
1580831100000,9216.3,9236.8,9201.8,9207.5,218.13861552
1580832000000,9207.6,9225,9204.9,9222.9,1009.89957813
1580832900000,9222.9,9248.7,9220,9235,516.41868704
1580833800000,9234.8,9240.9,9220,9224.9,241.81010898
1580834700000,9224.9,9230.3,9215,9229,429.06785498
1580835600000,9229.3,9229.6,9207.5,9220.4,228.8003618
1580836500000,9220.4,9223.6,9207.4,9221.3,403.73629289
1580837400000,9221.3,9224.8,9215.5,9223,254.45554346
1580838300000,9223,9240.1,9212.9,9233.7,707.66788326
1580839200000,9233.6,9246.6,9229.1,9233.2,1106.06785628
1580840100000,9233.2,9234.1,9218.4,9224.3,316.31303622
1580841000000,9224.3,9225.6,9211.2,9212.7,37.10125745
1580841900000,9212.7,9212.7,9180.3,9197.6,159.16025207
1580842800000,9197.5,9205.8,9177.9,9177.9,56.99351509
1580843700000,9177.7,9197.9,9177.5,9189.5,86.88043149
1580844600000,9189.2,9198.4,9180.1,9194.9,40.24966609
1580845500000,9194.7,9194.7,9177.2,9185.7,50.60433564
1580846400000,9185.7,9185.7,9152.3,9160.5,95.35147928
1580847300000,9160.6,9181.1,9160.5,9172.4,34.49060681
1580848200000,9172.3,9198.7,9171.1,9186.9,60.02761167
1580849100000,9186.9,9204.4,9186,9204.4,37.27293558
1580850000000,9204.8,9205.4,9182.4,9185.2,49.03742834
1580850900000,9185.2,9201.1,9185.2,9194.6,31.44727547
1580851800000,9194.5,9205.1,9175.6,9176.8,81.70217496
1580852700000,9176.7,9178.7,9168,9169.3,34.72160076
1580853600000,9169.4,9172.2,9165,9168.8,30.08856049
1580854500000,9168.8,9190.3,9168.8,9174.4,63.26736253
1580855400000,9174.5,9189.3,9174.5,9189.2,27.36209764
1580856300000,9189.3,9202.8,9189.3,9202.8,32.88785868
1580857200000,9202.8,9220,9182.5,9185.1,51.10357289
1580858100000,9185.5,9190.6,9179.9,9190.3,26.65591742
1580859000000,9190.7,9205.8,9190.7,9195.4,27.45662937
1580859900000,9195.5,9199.8,9194.5,9196.2,39.24219944
1580860800000,9196.2,9210.7,9187,9207.6,53.85371418
1580861700000,9207.5,9213.6,9193.2,9202.4,73.43731322
1580862600000,9203.3,9225.6,9195.9,9212.8,181.90638912
1580863500000,9212.9,9241.4,9212.5,9222.5,174.71107682
1580864400000,9222.6,9245.5,9214.2,9217.4,172.78146575
1580865300000,9217.3,9218.8,9205.2,9207,75.90046545
1580866200000,9207.2,9217.7,9196.3,9215.5,55.37673002
1580867100000,9215.5,9215.5,9191.7,9191.7,57.24030432
1580868000000,9191.8,9199.1,9178.3,9185.9,69.0049259
1580868900000,9185.8,9199.2,9177.3,9193.7,45.37134267
1580869800000,9193.8,9197.5,9183,9195.9,37.63555104
1580870700000,9195.9,9224.8,9195.8,9224.7,86.69900208
1580871600000,9224.7,9227,9204.5,9214.3,115.1739725
1580872500000,9214.3,9224.1,9210.9,9210.9,79.74393823
1580873400000,9210.9,9223.3,9210.9,9213,37.6067447
1580874300000,9213.1,9240.2,9212.3,9239,75.99556107
1580875200000,9239.1,9241.6,9229.4,9230.1,82.05366293
1580876100000,9230,9231.7,9221.1,9226,47.79162699
1580877000000,9226,9236.6,9220.1,9234,28.87415497
1580877900000,9234.2,9246.2,9229.6,9244.1,77.46730208
1580878800000,9244.2,9263.1,9244.2,9246,247.42512043
1580879700000,9244.9,9249.1,9234.4,9237.9,75.3899804
1580880600000,9238,9273.8,9238,9273.8,374.13600962
1580881500000,9273.8,9288.1,9265.6,9276.6,136.95626452
1580882400000,9276.7,9295.1,9276.7,9291.3,124.51539607
1580883300000,9291.3,9297.8,9280.9,9286.5,167.7152064
1580884200000,9286.5,9288.2,9267.8,9281.9,79.82312867
1580885100000,9281.8,9283.1,9266,9266.3,90.43329692
1580886000000,9266.3,9273.3,9263.3,9271.6,61.47136206
1580886900000,9271.8,9294.5,9271.7,9294.5,82.24884144
1580887800000,9294.6,9299.2,9268.3,9268.4,98.10582056
1580888700000,9268.4,9273,9258.1,9273,56.60507499
1580889600000,9273,9273,9248,9258.1,65.15335053
1580890500000,9258.1,9261.2,9240.4,9247.5,77.71797958
1580891400000,9247.5,9248.3,9237,9245.6,97.71406895
1580892300000,9245.5,9266.9,9239.3,9257.2,93.42792115
1580893200000,9256.3,9266.9,9247.3,9254.9,77.17179485
1580894100000,9254.8,9268.3,9247.3,9264.7,84.03198789
1580895000000,9264.7,9275,9256.5,9271.6,79.62504945
1580895900000,9271.6,9273.1,9255.7,9255.7,78.264134
1580896800000,9255.7,9264.9,9252.2,9256.8,58.72267642
1580897700000,9256.8,9350,9256.7,9324.6,567.52750774
1580898600000,9323.4,9381.8,9307.8,9370.3,555.39675472
1580899500000,9370.4,9399.8,9368.1,9382,479.18387031
1580900400000,9382,9417.6,9372.7,9395.9,336.01102906
1580901300000,9395.8,9401.5,9376.1,9377.5,223.37890493
1580902200000,9377.5,9415.7,9364.7,9405,297.16633065
1580903100000,9404.9,9421.4,9400,9415.6,274.32603742
1580904000000,9415.6,9477.7,9415.5,9461.8,525.01066776
1580904900000,9461.8,9473.2,9433.8,9433.8,353.63117971
1580905800000,9433.8,9452.5,9424.6,9452.5,251.78929922
1580906700000,9452.5,9466.7,9444.9,9452.3,169.19547325
1580907600000,9452.2,9467.1,9444,9457.2,181.03552394
1580908500000,9456.8,9464,9449,9458.1,156.56241493
1580909400000,9458.1,9461.2,9421.2,9427,221.67747064
1580910300000,9426.9,9450,9413.9,9446.5,228.47628789
1580911200000,9446.5,9478,9418.5,9430,315.99997118
1580912100000,9429.6,9437.4,9415,9421.5,146.79095364
1580913000000,9421.5,9446.3,9421.2,9440.4,160.39479074
1580913900000,9440.4,9448.8,9426.9,9444.1,163.91989526
1580914800000,9444.2,9452.7,9429.7,9452.7,166.68088338
1580915700000,9452.8,9460.1,9440.4,9450.4,216.22555237
1580916600000,9450.5,9467.5,9446.9,9455.7,165.86926937
1580917500000,9455.7,9493.8,9455.7,9484.4,710.59166955
1580918400000,9484.6,9543.1,9473.3,9543,1040.29562613
1580919300000,9543,9562.7,9523.3,9536.2,627.96844332
1580920200000,9536.2,9547.2,9507.3,9547.2,234.79778105
1580921100000,9547.1,9564.1,9530.2,9561.5,229.50441011
1580922000000,9561.5,9563.8,9541.4,9550.9,128.27210021
1580922900000,9551,9551,9522.7,9545.3,115.15846816
1580923800000,9545.3,9562.3,9543.3,9549.2,124.11411784
1580924700000,9549.3,9563.7,9545.3,9559.5,133.97710958
1580925600000,9559.7,9650,9559,9647.1,850.45153315
1580926500000,9647.2,9744,9595,9626.8,1317.6670783
1580927400000,9626.1,9678.2,9624,9643.2,386.80195593
1580928300000,9643.4,9670.9,9620.3,9658.7,391.93316637
1580929200000,9658.7,9678.1,9636.2,9669,177.64788322
1580930100000,9669.8,9711.3,9666.2,9701.3,211.26633039
1580931000000,9701.3,9709.1,9681.5,9695.6,121.27946348
1580931900000,9695.5,9702.1,9612.7,9655,256.0924612
1580932800000,9655.5,9693.6,9655.5,9680.9,174.20744169
1580933700000,9680.9,9699.8,9673.2,9673.4,206.10527567
1580934600000,9673.4,9673.4,9655.2,9658.2,52.88879657
1580935500000,9658.3,9680,9658.3,9677.4,78.7590508
1580936400000,9676.2,9702.7,9676.2,9698.4,91.98165893
1580937300000,9698.3,9712.7,9678.2,9708.8,154.82136239
1580938200000,9707.8,9715.2,9697.3,9709.3,112.06678373
1580939100000,9710.5,9723.1,9689.3,9692.8,143.07731155
1580940000000,9692.9,9693.7,9621.3,9634.2,161.14593352
1580940900000,9634.2,9667,9623.9,9647.3,128.83345271
1580941800000,9647.3,9654.1,9619.3,9649.1,93.33520746
1580942700000,9649.7,9649.9,9607.3,9630.8,257.64069855
1580943600000,9630.8,9652.1,9630.2,9647.9,183.48908211
1580944500000,9647.8,9669.4,9647.8,9655.6,191.09316958
1580945400000,9655.7,9655.7,9582.2,9612.5,234.62198
1580946300000,9612.5,9629.4,9598.2,9614.5,116.00887879
1580947200000,9613.4,9634,9571.3,9594.2,398.37225837
1580948100000,9594.2,9594.2,9525.8,9568.1,406.81058287
1580949000000,9566.4,9570.1,9534.8,9562.2,148.91829884
1580949900000,9562.2,9571.7,9535,9550,190.3262861
1580950800000,9550,9581,9540.7,9568.3,256.51339868
1580951700000,9568.3,9599.7,9560.4,9593.5,311.84018327
1580952600000,9593.5,9602.4,9583.4,9602.4,145.80428058
1580953500000,9602.5,9633,9602.5,9632,206.63030496
1580954400000,9632,9632.1,9603.6,9612.5,92.85242047
1580955300000,9612.5,9612.5,9570.4,9579.2,113.25382826
1580956200000,9579.2,9593.9,9567.9,9591.2,148.54133789
1580957100000,9591.2,9592.9,9576.4,9585.2,76.64088126
1580958000000,9585.2,9611.9,9575,9611.8,128.62127633
1580958900000,9611.9,9616.2,9585.2,9599,120.9224686
1580959800000,9599.1,9603.5,9576.8,9598.8,121.70257872
1580960700000,9598.7,9639.1,9597.4,9638.2,225.02263594
1580961600000,9638.3,9644.8,9618.4,9623.6,280.91356875
1580962500000,9623.7,9651.6,9623.7,9639.5,172.52195612
1580963400000,9639,9647.2,9620.1,9623.7,93.53669808
1580964300000,9623.7,9647.1,9623.7,9644.2,83.26043834
1580965200000,9644.1,9660.3,9635.5,9651.9,95.94213924
1580966100000,9651.8,9662.4,9642.2,9662,68.8443644
1580967000000,9661.9,9662,9634.3,9638.4,129.732687
1580967900000,9638.4,9647.8,9631.1,9639.8,82.98167919
1580968800000,9639.5,9639.5,9609.8,9611.5,70.82692838
1580969700000,9611.4,9636,9610.8,9633.6,150.97124475
1580970600000,9633.6,9675.9,9619.7,9671.7,178.99325845
1580971500000,9671.7,9688.1,9648,9649.6,140.04246849
1580972400000,9648.6,9662.5,9638.8,9662.5,105.53372973
1580973300000,9662.5,9686.6,9660.1,9683.5,113.42108581
1580974200000,9683.3,9684.1,9663.4,9672,161.41896326
1580975100000,9672,9698.7,9611.1,9629.3,506.69588636
1580976000000,9628.5,9660.2,9602,9652.7,286.75032307
1580976900000,9652.7,9658.7,9641.1,9649.4,101.78754793
1580977800000,9649.7,9661.8,9645.1,9657.2,169.7319014
1580978700000,9657.1,9661.2,9638.6,9643.5,104.0298216
1580979600000,9643.9,9645.4,9625.7,9637.1,123.22167905
1580980500000,9637.1,9637.1,9618.7,9634.3,102.25081788
1580981400000,9634.3,9650,9632.3,9643.8,98.41629968
1580982300000,9643.4,9661.2,9638.6,9661.1,77.81703157
1580983200000,9661.2,9672.6,9645.9,9670.3,110.62597742
1580984100000,9670.5,9670.7,9659.2,9666,60.41519508
1580985000000,9665.9,9690,9661.6,9684,124.61826598
1580985900000,9684.1,9691.9,9664.2,9676.9,145.54754916
1580986800000,9677,9678,9654.2,9675,111.85701417
1580987700000,9675.1,9679.7,9660.3,9665.2,90.46810672
1580988600000,9665.2,9685,9662.2,9682.9,64.89534982
1580989500000,9682.9,9703.6,9682.9,9695.4,188.79774035
1580990400000,9695.3,9769.3,9695.3,9726.5,822.78789698
1580991300000,9726.5,9763.1,9726.4,9748,265.55268192
1580992200000,9747.9,9785,9733.5,9746,481.24665894
1580993100000,9746,9835,9742.1,9826.1,736.15150965
1580994000000,9826.1,9864.1,9811,9849.8,446.00229578
1580994900000,9849.8,9865.1,9808.2,9811.5,431.96839008
1580995800000,9811.5,9836.6,9788,9795.4,304.85754583
1580996700000,9795.4,9795.4,9639.3,9742.9,1222.19144715
1580997600000,9744,9754.6,9685,9746,577.80047275
1580998500000,9746,9784.9,9742.8,9780.5,415.75237936
1580999400000,9780.6,9858.8,9779.6,9842.4,693.71852236
1581000300000,9842.3,9842.4,9809.2,9821,188.40185274
1581001200000,9822,9830,9786.1,9800.1,270.2475063
1581002100000,9800,9800,9758.1,9776.2,278.59941509
1581003000000,9776.3,9817.1,9775.1,9784.8,218.99564575
1581003900000,9784.9,9806.2,9776.1,9789.2,155.77803914
1581004800000,9789.2,9837.4,9788.1,9820.7,379.98989385
1581005700000,9820.7,9823.1,9754.2,9762.9,282.41867308
1581006600000,9762.8,9797.7,9762.8,9797.7,159.81483773
1581007500000,9797.8,9810,9776,9786,201.4197348
1581008400000,9786.8,9799.7,9766.7,9794.9,202.09877798
1581009300000,9794.8,9807.8,9780.5,9789.9,76.36942905
1581010200000,9790.3,9799.2,9740,9746.6,142.27314138
1581011100000,9745.3,9773.1,9735.4,9771.3,183.16624524
1581012000000,9771.1,9777.2,9750,9751.7,73.13489784
1581012900000,9751.4,9751.9,9717,9737.8,189.25707408
1581013800000,9737.8,9751.8,9723.3,9742,84.38947371
1581014700000,9741,9768.2,9734.9,9768,87.32478917
1581015600000,9767,9773.7,9763.5,9763.6,28.01451813
1581016500000,9763.6,9770,9749,9749,26.6954069
1581017400000,9748.9,9750.1,9723.2,9745,98.27094717
1581018300000,9744.7,9752.8,9726.8,9745.2,36.32156328
1581019200000,9745.2,9755.9,9741.3,9752.5,26.65095731
1581020100000,9752.5,9765.2,9751.6,9760.2,59.31896861
1581021000000,9760.2,9789.2,9759.7,9782.3,72.95336594
1581021900000,9782.2,9783,9770.5,9781.7,29.44811635
1581022800000,9781.7,9798.8,9764.1,9764.1,56.54347063
1581023700000,9764.1,9770.2,9739.8,9764,76.57829091
1581024600000,9764.1,9773.1,9754.1,9771.9,104.51057495
1581025500000,9772,9784.4,9749.1,9749.7,82.30885038
1581026400000,9749.6,9763.5,9749.6,9759.3,24.79382062
1581027300000,9759.3,9759.3,9720.9,9725.2,61.03684495
1581028200000,9725.4,9729.9,9719,9727.9,32.0920495
1581029100000,9728.6,9728.6,9695.3,9696.1,157.68918467
1581030000000,9695.9,9743.6,9666,9737.4,186.80812938
1581030900000,9737.5,9759.9,9733.6,9752.7,234.98487526
1581031800000,9752.8,9775.4,9740.5,9757.5,167.66636065
1581032700000,9757.2,9773.7,9748.7,9773.6,96.58648707
1581033600000,9773.7,9823.2,9770.5,9798.7,263.83672874
1581034500000,9798.6,9807.5,9778.3,9796,94.57698931
1581035400000,9795.6,9818.8,9792.9,9799.5,277.00123144
1581036300000,9799.5,9800.4,9754.6,9785.6,149.33347666
1581037200000,9785.6,9823.2,9769.9,9822.9,163.17252935
1581038100000,9823,9827.1,9797.7,9812.4,122.27526336
1581039000000,9812.1,9829.1,9799.5,9799.5,87.14168089
1581039900000,9799.2,9810,9785.4,9809.5,81.24298436
1581040800000,9809.6,9839.5,9809.6,9832.9,272.89052462
1581041700000,9833,9850,9813.7,9843.3,187.92242928
1581042600000,9843.3,9856,9808.9,9822.6,346.55551076
1581043500000,9822.8,9823.2,9791.2,9800.1,199.5423565
1581044400000,9801.4,9829.3,9801,9804.7,208.87709472
1581045300000,9804.5,9807.4,9777.8,9798.5,213.44443613
1581046200000,9798.5,9813.6,9782,9813.6,75.92626419
1581047100000,9813.6,9813.7,9780.5,9780.8,295.21757009
1581048000000,9780.8,9794.2,9763.9,9769.7,118.85073358
1581048900000,9769.7,9777.1,9745.4,9772.8,217.12529264
1581049800000,9772.5,9810.8,9768.5,9810.8,232.37267277
1581050700000,9810.8,9813.9,9794.2,9795.5,74.17099473
1581051600000,9795.5,9821.5,9790.2,9814.5,140.96959634
1581052500000,9814.8,9814.8,9778.7,9791.6,138.53830521
1581053400000,9791.6,9798.2,9750.7,9769.9,261.49546231
1581054300000,9769.7,9784.1,9750,9760,94.11594578
1581055200000,9760,9784.1,9758.7,9781.2,90.19486144
1581056100000,9781.2,9781.2,9750,9768.1,208.19390186
1581057000000,9768.2,9796.5,9768.1,9788.9,194.39609654
1581057900000,9789.1,9793.2,9774.2,9785.5,100.73197325
1581058800000,9785.5,9789.6,9763,9772.5,293.15003718
1581059700000,9772.5,9804,9770.8,9794.3,193.13926003
1581060600000,9794.2,9809.8,9782.5,9808.3,186.26834055
1581061500000,9808.3,9808.3,9795.8,9803.2,148.81531581
1581062400000,9803.2,9813.6,9792.3,9795.7,161.96662609
1581063300000,9795.6,9805,9790.4,9790.5,80.66283902
1581064200000,9790.5,9795.1,9779.9,9782,102.98028128
1581065100000,9782,9788,9767.4,9774.8,153.73396393
1581066000000,9774.9,9789.7,9771.7,9773.7,145.98976834
1581066900000,9773.7,9792.5,9773.7,9780.8,195.53286077
1581067800000,9780.9,9801.6,9780.8,9798.4,172.2752157
1581068700000,9798.4,9811.2,9794.2,9794.9,87.21543596
1581069600000,9795,9822.2,9794.9,9815.5,146.20330192
1581070500000,9815.6,9837.2,9814.1,9820.6,186.32101455
1581071400000,9820.6,9832.5,9806,9806,173.43383115
1581072300000,9805.9,9819.2,9795,9814.2,169.69493631
1581073200000,9814.1,9834.2,9808.5,9832.3,75.10176233
1581074100000,9832.3,9844.1,9823.7,9836.6,111.90035545
1581075000000,9836.6,9888,9831.1,9867.7,361.86335475
1581075900000,9867.7,9867.7,9802.5,9809.1,664.35166161
1581076800000,9809.1,9825.6,9751.9,9762.2,650.02535488
1581077700000,9762.1,9797.1,9762.1,9774.1,264.92776317
1581078600000,9774,9782.4,9732.7,9739.4,257.73381834
1581079500000,9739.4,9766.1,9737,9755.5,170.48701744
1581080400000,9755.6,9790,9755.6,9777.2,184.16541356
1581081300000,9777.2,9786.5,9764.5,9764.6,64.85444529
1581082200000,9764.6,9785.6,9762.8,9785.6,70.46109981
1581083100000,9785.7,9797.2,9783.6,9783.6,92.95417607
1581084000000,9783.6,9803.7,9782.8,9794.8,108.19259074
1581084900000,9794.6,9795,9782.8,9786.6,69.28468891
1581085800000,9786.7,9823,9786.7,9822.6,143.54349712
1581086700000,9822.6,9855.1,9821.1,9827,543.48745708
1581087600000,9826.9,9837.2,9813.7,9815.7,257.08755898
1581088500000,9815.8,9829.7,9805.2,9811.7,85.15463029
1581089400000,9811.8,9814.6,9785.4,9794.7,91.78360245
1581090300000,9794.5,9812.1,9792.8,9805,44.53702865
1581091200000,9805.1,9837,9765.1,9828.3,273.39840937
1581092100000,9828.3,9836.5,9804.3,9826.1,250.9759105
1581093000000,9826.2,9831.7,9790.9,9791,132.15316109
1581093900000,9791,9805.5,9788.8,9800.1,110.74913245
1581094800000,9800.1,9809.9,9781.9,9798.9,97.37625693
1581095700000,9798.9,9807.6,9790.8,9800.8,107.41462119
1581096600000,9800.9,9807.1,9790,9798.4,76.15403884
1581097500000,9798.3,9798.5,9784,9784.1,72.72507732
1581098400000,9784.1,9794.1,9782.2,9790.3,61.01090405
1581099300000,9790.4,9808.8,9789.9,9802.5,27.58064626
1581100200000,9802.5,9808.8,9793.6,9803.1,34.8708695
1581101100000,9803.1,9807,9796.4,9798.9,31.91156681
1581102000000,9798.9,9800.3,9786.5,9789.3,28.0524293
1581102900000,9789.3,9789.3,9769,9783.8,132.97700122
1581103800000,9783.8,9796.7,9777.5,9792.9,54.01134904
1581104700000,9792.9,9795.7,9777.1,9778.3,43.82193681
1581105600000,9778.3,9783,9769.7,9776.2,48.0514155
1581106500000,9776.3,9779.8,9772.3,9774.2,53.86504097
1581107400000,9774.2,9785.6,9771.2,9772.1,65.60207989
1581108300000,9772.2,9773.1,9745.5,9746.7,118.77358321
1581109200000,9746.6,9764,9736.4,9749,88.10161644
1581110100000,9748.8,9779,9743.6,9775,76.16218984
1581111000000,9775.1,9779.7,9764.3,9770.5,68.73799993
1581111900000,9770.4,9770.4,9759.3,9761.1,19.5507779
1581112800000,9761.2,9763.8,9760.7,9761,8.32780884
1581113700000,9761,9779.2,9759.2,9778.1,45.27791258
1581114600000,9778.5,9807.2,9778.5,9807.1,37.17054373
1581115500000,9807.4,9816.3,9802.5,9812.4,55.46374114
1581116400000,9812.3,9812.3,9792.1,9805.4,53.98316718
1581117300000,9805.4,9813,9802.3,9807.1,47.24153449
1581118200000,9807,9816.9,9807,9816.4,38.66020234
1581119100000,9816.4,9831.3,9808.5,9817.8,124.3419865
1581120000000,9817.6,9831.3,9807.1,9808.9,98.77471959
1581120900000,9808.9,9820.7,9798,9806.8,67.00310929
1581121800000,9806.6,9810.6,9795.4,9805.8,68.36782501
1581122700000,9806.4,9808,9779.1,9788.3,94.79271378
1581123600000,9788.3,9790.2,9770,9772.1,59.193841
1581124500000,9772.1,9791.7,9765,9776.1,77.35739945
1581125400000,9776,9784,9768.2,9775.6,60.46959084
1581126300000,9775.5,9790.9,9775.1,9787.4,114.23494672
1581127200000,9786.5,9786.5,9773.6,9784,149.17036386
1581128100000,9784.5,9784.8,9760.6,9763.9,126.68149275
1581129000000,9764.1,9765.1,9748.1,9758.9,200.00788093
1581129900000,9758.9,9758.9,9700.9,9730.2,462.46544343
1581130800000,9730.3,9730.3,9669,9687.6,638.76109725
1581131700000,9687.6,9715.2,9685,9707.7,225.30414129
1581132600000,9707.6,9709.7,9685,9701,162.05179567
1581133500000,9700.9,9719.4,9699,9713.6,119.42569991
1581134400000,9713.6,9743.4,9700,9735.2,224.16675769
1581135300000,9734.5,9745.5,9720.3,9742.9,210.03007453
1581136200000,9742.8,9760.7,9725.1,9760.1,321.61984222
1581137100000,9760.1,9769.2,9752.1,9758.5,197.02402066
1581138000000,9758.5,9765.9,9737,9738.5,107.00631836
1581138900000,9738.5,9753.5,9736.9,9748.1,148.54776058
1581139800000,9748,9774.5,9745.9,9774.5,190.54218748
1581140700000,9774.5,9778.6,9755.5,9762,98.30542983
1581141600000,9761.2,9795.2,9759.8,9791.3,183.05699282
1581142500000,9791.4,9792.9,9767,9782.8,131.49445147
1581143400000,9782.9,9782.9,9758,9770.3,137.21538505
1581144300000,9770.3,9770.3,9753.2,9762.2,120.81298163
1581145200000,9762.2,9776.6,9762.2,9775.6,67.67140116
1581146100000,9775.6,9775.7,9755.7,9758.8,95.03228619
1581147000000,9758.8,9766.9,9755,9761.4,43.5238744
1581147900000,9761.4,9768.6,9754.1,9768.6,148.67521961
1581148800000,9768.9,9791.9,9768.9,9787.7,163.95441226
1581149700000,9787.7,9805.5,9776.6,9798.6,230.73447579
1581150600000,9798.7,9830,9785.6,9809.9,292.52844122
1581151500000,9809.9,9829,9804.5,9808.1,266.12771159
1581152400000,9808.1,9823.1,9786,9796.9,173.00540793
1581153300000,9797,9805.9,9783.9,9792,173.97845786
1581154200000,9792,9816.2,9792,9809.4,73.68523159
1581155100000,9809.4,9816.2,9801.8,9808.8,68.39694725
1581156000000,9808.8,9837.2,9808.7,9822.8,199.04343239
1581156900000,9822.2,9844.9,9820.8,9835.8,189.56197282
1581157800000,9835.6,9835.6,9809.6,9828.9,176.49686541
1581158700000,9829,9829,9793.9,9795.1,112.01737749
1581159600000,9795.1,9808.6,9787.1,9803.4,201.85079795
1581160500000,9803.4,9816.1,9794.1,9810.1,124.85078629
1581161400000,9810.1,9818.2,9795.4,9795.4,56.14134384
1581162300000,9795.4,9812.8,9790.2,9809.8,248.47917079
1581163200000,9809.9,9821,9809.9,9816.8,100.22986277
1581164100000,9816.7,9831.6,9816.7,9828.7,97.20329041
1581165000000,9828.6,9828.7,9804.2,9822,231.71770109
1581165900000,9822,9822.3,9804.3,9810.2,91.50111518
1581166800000,9810.3,9812.6,9802.6,9812.2,53.33659681
1581167700000,9812.4,9830.2,9811.2,9827.1,130.59038804
1581168600000,9827.2,9868.7,9785,9788.2,514.23077332
1581169500000,9788.2,9810.4,9750,9795.3,747.19136214
1581170400000,9795.2,9832.1,9788.3,9816.3,234.94739125
1581171300000,9817,9820,9808.4,9814.7,180.98149729
1581172200000,9814.8,9820.2,9807.5,9820,101.41834438
1581173100000,9820,9848.6,9817.7,9840.6,254.86058343
1581174000000,9840.6,9847.9,9829.2,9832.8,142.15592819
1581174900000,9832.8,9833.2,9820,9830.8,122.60656369
1581175800000,9830.8,9845,9828.3,9845,127.45619613
1581176700000,9845.1,9846,9827.8,9828.6,130.8673037
1581177600000,9828.7,9849.1,9811.7,9835.4,303.88449126
1581178500000,9835.4,9846.6,9833.2,9840.6,61.95271486
1581179400000,9840.6,9863.1,9840.5,9859.4,205.56269966
1581180300000,9859.4,9869.2,9841.9,9857.2,172.5171617
1581181200000,9856.9,9884.9,9841.8,9865,390.38497678
1581182100000,9865,9881.9,9857.8,9869.8,190.12912584
1581183000000,9869.8,9879.6,9860.3,9863.4,107.66762949
1581183900000,9863.2,9872.6,9848.7,9863.9,113.27234878
1581184800000,9863.8,9868.7,9843.2,9847.3,80.0637442
1581185700000,9847.3,9855.2,9821.3,9845.6,170.53043312
1581186600000,9846.1,9860.6,9836.6,9846.5,109.24348195
1581187500000,9845.8,9851.3,9835.7,9843.2,82.48522662
1581188400000,9843.3,9866.5,9843.3,9861.1,63.88670659
1581189300000,9861.3,9866.7,9843.9,9858.9,48.80960471
1581190200000,9859.8,9859.8,9844.2,9845.3,24.22914879
1581191100000,9845.2,9860,9844.5,9859.2,32.51966967
1581192000000,9859.2,9861.1,9852.2,9853,21.781688
1581192900000,9853,9858,9846.8,9856.5,20.03222284
1581193800000,9856.1,9867.7,9853.6,9865.1,38.65575272
1581194700000,9865.7,9867.1,9858.8,9858.8,22.90008574
1581195600000,9858.8,9880,9858.7,9868.4,89.94572291
1581196500000,9868.5,9880.6,9868.5,9870.1,90.19057011
1581197400000,9870,9885,9870,9883.2,103.61525996
1581198300000,9883.3,9935.2,9883.3,9916,429.41645013
1581199200000,9915.8,9924.9,9838.8,9878.3,233.86150199
1581200100000,9877.7,9880.6,9860.7,9880.6,77.993788
1581201000000,9880.6,9912.8,9880.6,9912.7,79.52703015
1581201900000,9912.7,9916.2,9896.2,9912,57.54338437
1581202800000,9911.9,9918.5,9900.7,9907.6,62.00562742
1581203700000,9907.5,9909.6,9892.3,9892.3,138.37985107
1581204600000,9892.3,9912.4,9890.2,9899.5,70.71781205
1581205500000,9899.5,9908.1,9892.7,9892.7,105.9505171
1581206400000,9892.7,9924.5,9878.6,9916.3,182.86577208
1581207300000,9916.3,9922.2,9910.9,9922.2,234.55296677
1581208200000,9923,9928.5,9912.1,9922.8,150.51666016
1581209100000,9922.8,9941.1,9922.8,9933.5,158.97899455
1581210000000,9933.5,9934.4,9906.4,9920.3,118.30833721
1581210900000,9920.3,9938.5,9920.3,9933.4,108.59481308
1581211800000,9933.4,9934.6,9921.1,9924.6,75.50655112
1581212700000,9924.6,9938,9924.6,9937.1,178.17763036
1581213600000,9937.1,9937.1,9912.3,9925,116.81673269
1581214500000,9923.2,9953.2,9919.4,9953.2,146.79181167
1581215400000,9952.2,9957,9939.9,9941,238.11895307
1581216300000,9941,9979.6,9941,9958.5,308.99687393
1581217200000,9958.6,10000,9955.2,9964.7,599.02662022
1581218100000,9964.7,10011.7,9964.7,9985,753.869241
1581219000000,9985,10011.4,9980.2,10000.9,215.28895993
1581219900000,10000.8,10050,10000.8,10050,266.89290787
1581220800000,10049.8,10130.5,10049.8,10104.7,819.88170155
1581221700000,10104,10107.3,10070,10087.8,400.58947355
1581222600000,10087.7,10116,10086.5,10097.5,335.64744936
1581223500000,10097.8,10108.6,10094.5,10096,159.99828008
1581224400000,10096,10099.7,10057.8,10063.4,250.28317767
1581225300000,10063.3,10089,10063.3,10065,164.69025396
1581226200000,10065.1,10085.4,10050,10085.3,238.02307084
1581227100000,10085.3,10108.2,10085.3,10097.8,183.0913748
1581228000000,10097.8,10104.1,10089.3,10103.9,91.70792157
1581228900000,10104,10120.1,10096.3,10108.6,198.29339198
1581229800000,10108.5,10113.8,10090,10090.4,85.35428483
1581230700000,10090.4,10103.2,10090.4,10097.3,67.61129863
1581231600000,10097.3,10113.5,10093.2,10104.7,97.59223052
1581232500000,10104.2,10114.3,10104,10114.1,96.94551917
1581233400000,10114.1,10150,10106.6,10149.1,230.40710524
1581234300000,10149.1,10164.1,10115.6,10124.5,350.90684183
1581235200000,10124.5,10146.4,10114.3,10135.5,307.11177342
1581236100000,10135.4,10145.2,10124.1,10134.7,134.95954928
1581237000000,10134.7,10135.6,10100,10110.4,522.83926409
1581237900000,10110.4,10124.6,10097.5,10111.6,169.26702713
1581238800000,10111.8,10121.1,10089.3,10114.1,201.95642524
1581239700000,10114.2,10141.3,10096.4,10096.4,155.46575987
1581240600000,10096.5,10107.9,10076.3,10082.6,270.60414736
1581241500000,10082.6,10096.2,10074.4,10075.2,105.0038684
1581242400000,10075.3,10100,10045,10083.2,246.46865776
1581243300000,10083.2,10102.4,10083.2,10102.3,82.08175655
1581244200000,10102.4,10102.4,10078.2,10089.1,65.97320587
1581245100000,10089.1,10128.1,10089.1,10120.2,123.66491299
1581246000000,10120.2,10132.2,10115.4,10120.3,162.8051371
1581246900000,10120.3,10132.8,10100.2,10112.1,137.25974119
1581247800000,10112.2,10129.8,10112.2,10116.9,121.65697268
1581248700000,10116,10116.9,10100,10108.7,58.98486332
1581249600000,10107.7,10139.7,10107.7,10138.5,112.52952419
1581250500000,10138.6,10150,10125.5,10134.5,186.05859786
1581251400000,10134.7,10142.6,10132.8,10137.8,45.47385181
1581252300000,10137.8,10137.8,10111.6,10126.5,177.43732706
1581253200000,10126.5,10138.4,10126.5,10128.4,113.68426402
1581254100000,10128.4,10134.7,10120,10127.6,113.05006512
1581255000000,10127.6,10127.7,10110,10113.8,65.69406128
1581255900000,10113.8,10113.9,10091.5,10098.6,205.50199516
1581256800000,10098.6,10113.7,10089.5,10113.7,203.81791008
1581257700000,10113.7,10114.4,10092.8,10094.9,59.08393309
1581258600000,10095,10103.9,10084,10085.9,132.99948434
1581259500000,10085.8,10090.1,10062.4,10083.6,223.60333111
1581260400000,10083.7,10096.4,10064.9,10070.4,148.50116763
1581261300000,10070.4,10071.6,10003.5,10050,473.35462642
1581262200000,10050,10098.2,10036,10089.9,184.98393739
1581263100000,10089.8,10113.2,10088.9,10097.7,172.78979868
1581264000000,10097.8,10124.2,10093.6,10123.4,343.16111725
1581264900000,10123.4,10125,10086.4,10087.5,153.93983761
1581265800000,10087.5,10098.2,10074.6,10098.2,70.85237009
1581266700000,10098.2,10113.4,10094.5,10111.6,83.90473423
1581267600000,10111.5,10115.1,10103.4,10105,108.5979799
1581268500000,10104.9,10104.9,10087.1,10099,110.74815497
1581269400000,10099,10103.3,10092.5,10095.1,73.78979566
1581270300000,10095.1,10108.2,10094.2,10094.2,83.09872342
1581271200000,10093.6,10094.5,10072.7,10079,50.97157839
1581272100000,10078.8,10092.8,10078.4,10089.5,17.56663522
1581273000000,10089.5,10089.5,10065,10075.8,43.89796587
1581273900000,10075.9,10081,10059.2,10080,103.16558588
1581274800000,10080,10083.2,10074.6,10082.8,26.03123909
1581275700000,10082.9,10096.8,10082.9,10085,36.75742199
1581276600000,10085,10094.9,10084,10085,17.349899
1581277500000,10084.9,10084.9,10074.3,10075.1,9.47954225
1581278400000,10075.1,10085.9,10062,10084.8,33.27399173
1581279300000,10084.8,10090.3,10068.6,10071.7,53.6940146
1581280200000,10071.8,10075.9,10056.4,10057.8,41.97756163
1581281100000,10057.1,10078.1,10057.1,10065,35.67296018
1581282000000,10064.9,10088.2,10061,10087.1,35.47592312
1581282900000,10087.2,10098.4,10087.1,10091.3,33.00402364
1581283800000,10091.4,10091.6,10083.5,10085.9,37.43348191
1581284700000,10085.9,10086.4,10074.9,10083.4,36.85766285
1581285600000,10083.4,10101.2,10082.2,10099.9,35.10907373
1581286500000,10100,10116.5,10100,10112.2,38.75792297
1581287400000,10112.2,10116.9,10099.4,10116.8,32.02966425
1581288300000,10116.9,10123,10109.6,10123,132.54563158
1581289200000,10123,10149.2,10122.5,10147.6,114.94537882
1581290100000,10147.6,10155.8,10120.1,10128.7,244.32866237
1581291000000,10128.7,10150,10125.4,10140.4,108.60545307
1581291900000,10140.4,10162.2,10136.4,10154,234.94995421
1581292800000,10154.1,10185.2,10154.1,10183.2,330.45629214
1581293700000,10183.3,10183.3,10150.3,10165.5,136.48527803
1581294600000,10165.6,10179.2,10152.7,10179.1,63.93107877
1581295500000,10179.3,10183.9,10172.9,10182.9,96.18510066
1581296400000,10182.9,10182.9,10163.7,10171.1,81.69768986
1581297300000,10171.1,10171.1,10140.2,10150.9,163.50087423
1581298200000,10150.9,10152.7,10129.2,10148.6,84.01163283
1581299100000,10148.6,10163.2,10131.7,10133.2,79.21719635
1581300000000,10133.3,10142.5,10072.3,10089,574.0398767
1581300900000,10088.9,10128,10088.9,10120.7,133.53510485
1581301800000,10120.7,10132.2,10111.7,10112.5,69.34282133
1581302700000,10112.3,10131.1,10091.9,10120.5,173.91647884
1581303600000,10120.5,10120.5,10094.4,10094.4,210.56817092
1581304500000,10094.3,10109.4,10077.8,10078.9,275.62837617
1581305400000,10078.9,10088.5,10058,10069.3,371.8038606
1581306300000,10069.7,10097.6,10058,10089.2,199.06118037
1581307200000,10089.2,10102.1,10060.9,10064.8,148.39161331
1581308100000,10064.7,10070,10028,10048.8,363.89949619
1581309000000,10048.8,10065.3,10048.1,10053.9,121.76050451
1581309900000,10053.8,10076.7,10052.3,10060.1,107.34091494
1581310800000,10060.1,10069.1,10050.7,10063.1,75.04266724
1581311700000,10063.1,10080.7,10063.1,10079.7,123.38146405
1581312600000,10079.7,10079.7,10032.7,10034.2,132.07288317
1581313500000,10034.2,10037.2,9750,9836.8,1649.65248884
1581314400000,9836.5,9940.4,9824,9914.1,1659.04047715
1581315300000,9915.2,10020.7,9902.8,9976.4,690.55936365
1581316200000,9976.4,10006.4,9951,9968,629.80411846
1581317100000,9967.5,9981.2,9936.2,9956,448.64785454
1581318000000,9956,9977,9937.2,9947.2,272.8501249
1581318900000,9947.2,9984.8,9940.2,9984.7,282.46023593
1581319800000,9984.8,10000,9973.2,9989.9,332.7953366
1581320700000,9989.9,9991.2,9963.7,9966.2,178.17932171
1581321600000,9966.1,9970.2,9949.3,9954.8,172.80846143
1581322500000,9954.8,9965,9912.9,9913,209.54795344
1581323400000,9913,9931.4,9885.7,9892,322.90673476
1581324300000,9892,9914.2,9864.3,9892.7,191.74442187
1581325200000,9892.7,9892.7,9834.6,9850.2,370.97245585
1581326100000,9850.2,9861.8,9778.1,9778.4,670.38638859
1581327000000,9778.9,9824.1,9771.6,9812.3,533.31301395
1581327900000,9812.3,9834.7,9801.3,9832.1,189.09379373
1581328800000,9832.2,9858.1,9826,9833.8,284.75910054
1581329700000,9833.9,9845.6,9822.2,9824,314.95017876
1581330600000,9824,9861.2,9823.5,9861.2,127.24933448
1581331500000,9861.3,9866.8,9837.9,9842.4,190.48247902
1581332400000,9842.5,9842.5,9827.3,9835.2,144.14560014
1581333300000,9835.2,9836,9777.3,9802.5,607.90619327
1581334200000,9801.9,9814.1,9761.2,9805,418.59126406
1581335100000,9804.9,9819.9,9780.9,9816.1,301.69245938
1581336000000,9816.2,9816.2,9775.9,9804.6,360.98137011
1581336900000,9804.7,9836.6,9798.6,9823.9,224.38960488
1581337800000,9824,9829,9806.4,9820.7,131.56489573
1581338700000,9820.9,9845.2,9820.3,9845.2,310.1286701
1581339600000,9845.2,9864.6,9837.2,9859.4,396.96735797
1581340500000,9860.8,9862.1,9830.2,9830.3,275.33374977
1581341400000,9830.3,9837,9821.1,9821.7,259.38504187
1581342300000,9821.6,9831.7,9810.7,9818,250.24430674
1581343200000,9818.8,9850,9812,9846.1,196.15247462
1581344100000,9846.1,9849.1,9816.7,9828.2,187.20130824
1581345000000,9828.1,9889.5,9824.7,9886.6,385.49249761
1581345900000,9886.6,9898.2,9867.2,9885.8,355.87504756
1581346800000,9885.9,9919.6,9880.5,9907.2,294.02605043
1581347700000,9907.1,9925.2,9895.1,9905.6,238.75967568
1581348600000,9905.6,9921.5,9869.8,9875.3,301.70211608
1581349500000,9875.4,9894.9,9853.2,9865,240.95581231
1581350400000,9865,9890.8,9843.1,9890.8,172.97497099
1581351300000,9890.8,9892.6,9857,9886.8,174.8178585
1581352200000,9887.1,9889.1,9854.2,9864.9,141.09688245
1581353100000,9864.9,9864.9,9812.2,9830.6,312.79344388
1581354000000,9831,9844.1,9812.3,9839.1,157.9381828
1581354900000,9840,9851.1,9825.7,9829.2,103.8606679
1581355800000,9829.1,9842.1,9822.6,9838.2,66.73710969
1581356700000,9838.2,9850.8,9838.2,9843.1,72.38265323
1581357600000,9844.5,9862.4,9843.8,9860.5,55.14441091
1581358500000,9860.5,9861.8,9831.1,9841.2,116.04018461
1581359400000,9841.2,9846.1,9824.4,9827.2,74.86034315
1581360300000,9826.9,9842,9815.1,9842,125.01340275
1581361200000,9842,9847.9,9834.5,9842.3,55.737555
1581362100000,9842.2,9842.2,9821.2,9824.4,94.96341419
1581363000000,9824.5,9850.5,9801.3,9844.9,244.90401743
1581363900000,9844.5,9846.1,9826.2,9829.9,142.392252
1581364800000,9829.6,9858.1,9829.6,9839.2,79.40431681
1581365700000,9838.2,9860.4,9828.9,9844.8,109.01880421
1581366600000,9843.9,9878.5,9841.3,9868.1,122.85917455
1581367500000,9867.2,9870.1,9851.5,9853.8,120.42348437
1581368400000,9853.8,9858.5,9847.7,9850.6,76.8297282
1581369300000,9849.5,9866.1,9849.2,9850.5,58.73564782
1581370200000,9851.4,9871.4,9851.3,9867.8,87.92217673
1581371100000,9868.1,9871.1,9851.7,9867.1,60.44541047
1581372000000,9867.2,9867.9,9838.5,9851.9,67.76813592
1581372900000,9851.9,9851.9,9833,9833,89.32547219
1581373800000,9833.1,9833.4,9816.7,9819.8,60.18238794
1581374700000,9819.3,9849.2,9819.3,9842.6,102.70254283
1581375600000,9842.5,9870.1,9841.2,9856.3,126.1703173
1581376500000,9857.7,9882.2,9857.7,9865.4,157.97554375
1581377400000,9864.3,9890,9861.9,9877.5,231.6407544
1581378300000,9877.5,9883.9,9846.1,9846.7,316.17064063
1581379200000,9846.6,9856,9821.4,9837.9,237.23614156
1581380100000,9837.9,9837.9,9791.6,9798.3,375.47171625
1581381000000,9798.3,9820.2,9768.8,9806.3,386.02445527
1581381900000,9806.4,9828.1,9771.5,9777.3,178.85364661
1581382800000,9777.3,9804,9757.4,9761.1,286.17997511
1581383700000,9761,9787.9,9720,9785.7,621.50198519
1581384600000,9785.7,9795.8,9767.7,9795.8,239.20626303
1581385500000,9795.8,9819,9785.4,9810.7,163.54596341
1581386400000,9811.6,9819.5,9779.9,9806.6,326.16482654
1581387300000,9806.6,9806.7,9769.2,9785.8,83.52830439
1581388200000,9785.8,9785.8,9755.5,9764.5,153.86449068
1581389100000,9764.5,9780.1,9753,9759.1,150.92481658
1581390000000,9759,9766.2,9730,9764.5,321.54964489
1581390900000,9765.5,9773,9741.3,9759.6,197.80933986
1581391800000,9759.7,9765,9730.8,9733.8,288.04335097
1581392700000,9733.8,9745,9724.6,9731,278.06770051
1581393600000,9731,9761.8,9712.2,9755.7,435.89628142
1581394500000,9755.9,9757.5,9734.2,9752.2,297.06838836
1581395400000,9752.3,9753.8,9718.8,9718.9,164.64026183
1581396300000,9718.8,9748.6,9716.8,9747.8,247.95835557
1581397200000,9747.7,9768.4,9747.6,9758,136.47180432
1581398100000,9757.3,9779.8,9755.3,9778.4,168.59290666
1581399000000,9778.5,9784.1,9760,9767.2,202.46910252
1581399900000,9768.2,9769.3,9741,9751.8,227.75694891
1581400800000,9751.9,9764.1,9738.3,9751,174.59501237
1581401700000,9751.1,9756.7,9735.4,9745.5,186.94168748
1581402600000,9745.5,9775.4,9745,9767.6,194.19022827
1581403500000,9767.9,9786.2,9765.1,9765.8,163.73870688
1581404400000,9766.2,9787.6,9758.7,9759.6,157.72619401
1581405300000,9759.5,9764.7,9748.9,9754.3,107.98710121
1581406200000,9754.3,9759.2,9727.7,9757.2,228.00001348
1581407100000,9757.2,9757.2,9730,9739.3,170.82304489
1581408000000,9739.2,9755,9730.7,9742.5,91.20611145
1581408900000,9742.5,9754.2,9733.8,9754.2,115.95877151
1581409800000,9754.1,9772.9,9744.4,9768.4,239.92099166
1581410700000,9768.4,9790.5,9761.5,9790.4,199.08781722
1581411600000,9790.5,9825.3,9774.9,9775.3,582.64774177
1581412500000,9775.8,9798,9765.4,9797.7,200.66358926
1581413400000,9797.8,9799.2,9785,9788.7,127.43360507
1581414300000,9788.7,9789.5,9780,9782.8,65.51559575
1581415200000,9782.3,9782.3,9765,9767.5,237.64658207
1581416100000,9767.5,9784.2,9762.9,9784.1,87.41144106
1581417000000,9784.2,9789.1,9782.5,9786.4,72.80646067
1581417900000,9786.3,9803.2,9782.1,9786.6,217.52478092
1581418800000,9786.6,9800.6,9784.3,9785,163.78438935
1581419700000,9785,9791.5,9774,9790.5,117.021405
1581420600000,9789.5,9801,9778.5,9791.4,141.31487611
1581421500000,9791.5,9810.9,9786.2,9801.3,190.19988567
1581422400000,9801.2,9828,9790,9825.9,241.23027028
1581423300000,9826.6,9880,9818.5,9860.9,511.55437682
1581424200000,9860.5,9879,9854,9856.9,212.8970764
1581425100000,9856.8,9868.2,9844.1,9849.6,106.04267004
1581426000000,9849.6,9873.6,9849.6,9873.5,166.89333502
1581426900000,9873.5,9877,9861.7,9870,137.98171833
1581427800000,9870.1,9905.6,9870.1,9896.3,341.46171648
1581428700000,9896.4,9899,9852.9,9869.2,311.91339721
1581429600000,9869.2,9897.3,9869.2,9891.5,131.81625115
1581430500000,9891.3,9901,9880.7,9880.7,186.17026124
1581431400000,9880.6,9884.4,9865.8,9870.8,163.31314629
1581432300000,9870.9,9874,9845.5,9854.4,310.66427332
1581433200000,9854.5,9890.5,9850,9890.5,223.31276381
1581434100000,9891,9998,9890.9,9989.8,1223.55535738
1581435000000,9989.8,10156.7,9986.7,10145.1,2019.48967271
1581435900000,10145.1,10194.2,10104.7,10164.4,1590.51751643
1581436800000,10164.9,10308.4,10164.9,10207.4,2525.42814464
1581437700000,10207.4,10236,10176.1,10193.7,727.28686608
1581438600000,10194.8,10215,10175.3,10186.7,442.73223189
1581439500000,10186.7,10219.2,10178.5,10219.2,361.85944969
1581440400000,10219.1,10245,10216,10229.9,332.17817899
1581441300000,10229.2,10250.1,10218.9,10249.2,317.39054141
1581442200000,10249.4,10279.9,10233.3,10244.2,427.40636881
1581443100000,10243.4,10278.2,10239.8,10274,231.50911942
1581444000000,10274.9,10300,10268.4,10280.1,269.53609458
1581444900000,10280.5,10317.9,10260,10261.9,285.85053882
1581445800000,10262.9,10281.9,10211,10230.3,284.03533256
1581446700000,10230.3,10242.5,10194.4,10209,213.29007682
1581447600000,10208.2,10225,10203.1,10204.6,172.42649012
1581448500000,10204.6,10209.5,10173.2,10177.7,168.86208732
1581449400000,10177.7,10224.5,10150.1,10212.4,240.76352645
1581450300000,10212.4,10253.8,10207,10243.8,119.4446545
1581451200000,10243.8,10256.2,10225,10230.6,70.75584449
1581452100000,10230.5,10241.2,10209.3,10225.6,159.56000184
1581453000000,10225.4,10232.6,10216.2,10219.7,47.29651108
1581453900000,10219.6,10241.8,10209.9,10222.3,129.01788188
1581454800000,10223.7,10230.6,10203.4,10213.6,68.89864028
1581455700000,10212.9,10224.2,10202.6,10219.6,48.46361301
1581456600000,10218,10218.9,10174.4,10183.5,110.16565891
1581457500000,10183.6,10198.1,10173.7,10198.1,58.57090935
1581458400000,10198.2,10207.6,10191.8,10192.7,19.01360447
1581459300000,10192.7,10217.4,10192.6,10215.7,45.49280606
1581460200000,10215.6,10215.6,10185.3,10185.3,23.3531167
1581461100000,10185.2,10206.7,10183.2,10203.9,40.07449557
1581462000000,10203.9,10209.4,10184.4,10198.6,131.2077196
1581462900000,10198.6,10217.1,10189,10189.9,110.02306344
1581463800000,10190.7,10247.2,10189.9,10247,136.77098898
1581464700000,10247.1,10247.1,10220.3,10222.8,114.84563305
1581465600000,10223.2,10293.2,10223.1,10278.8,229.20091409
1581466500000,10278.8,10306.1,10246.2,10261.4,339.41299877
1581467400000,10261.4,10279.1,10241.2,10273.1,233.265026
1581468300000,10273.1,10318.2,10270.7,10316.8,416.51416162
1581469200000,10316.8,10316.9,10262.8,10291.1,305.22678551
1581470100000,10291.1,10300,10265.1,10265.6,228.35873516
1581471000000,10265.5,10300,10265.5,10300,357.90259425
1581471900000,10299.9,10305.9,10273.2,10278.5,191.75696051
1581472800000,10278.5,10289,10262.7,10265.3,192.24063428
1581473700000,10265.4,10265.4,10233.6,10238.3,282.3558817
1581474600000,10238.3,10255.3,10227.2,10252.5,180.66074512
1581475500000,10252.4,10266,10251.2,10257.3,121.04603547
1581476400000,10257.4,10274.2,10246.5,10265,222.20820101
1581477300000,10264.9,10285.9,10261.3,10285.8,128.136847
1581478200000,10285.9,10287.1,10258.7,10262.1,113.32429885
1581479100000,10262,10265.1,10245.9,10261.3,265.06500436
1581480000000,10261.4,10287.9,10258.1,10275,132.69783783
1581480900000,10275,10294.9,10272,10292.6,97.1861992
1581481800000,10292.6,10293.2,10276.2,10277.4,172.55015976
1581482700000,10277.2,10294.2,10265,10268.3,123.42335375
1581483600000,10268.2,10284.2,10253.3,10284.2,108.7775814
1581484500000,10284.2,10296.6,10282.5,10288.5,108.08015907
1581485400000,10288.5,10307.8,10278.8,10301.1,180.87864149
1581486300000,10301.2,10328.8,10295.5,10318.5,354.60862246
1581487200000,10318.2,10340.4,10297.2,10304.1,422.75708715
1581488100000,10304.2,10304.2,10272.1,10289.3,431.4929612
1581489000000,10289.3,10309.5,10277.5,10303,235.24870156
1581489900000,10303.4,10334.2,10300.3,10330.6,318.59509722
1581490800000,10330.2,10339.7,10310.4,10318.1,236.39362779
1581491700000,10318,10344.6,10315,10343.2,341.18469373
1581492600000,10343.2,10419.6,10327.2,10419.6,546.82024699
1581493500000,10419.6,10451.9,10325.9,10369.3,1154.80938586
1581494400000,10369.2,10369.3,10294.3,10322.4,613.30972686
1581495300000,10323.2,10337.9,10305.2,10317.5,146.95863165
1581496200000,10317.5,10319.7,10223.9,10255.6,507.60261555
1581497100000,10255.6,10302.2,10255,10296.7,354.36167709
1581498000000,10296.8,10296.9,10254.1,10257.2,340.44709872
1581498900000,10257.2,10279.1,10236.8,10268.2,285.15342795
1581499800000,10268.1,10288.7,10254.8,10278.4,277.29613101
1581500700000,10278.4,10278.4,10259.1,10274.7,138.03756616
1581501600000,10274.7,10276,10242.3,10275,179.51280626
1581502500000,10275.9,10322.9,10275,10314.7,320.35869334
1581503400000,10314.7,10324.1,10307.8,10315.1,149.69015379
1581504300000,10315.1,10316.3,10285.6,10304.1,199.08234364
1581505200000,10303.9,10331,10292.2,10326.5,157.14293821
1581506100000,10326.6,10368.7,10316.4,10368.4,331.37113073
1581507000000,10368.4,10369.9,10334.6,10355.2,247.20683984
1581507900000,10355.2,10357.6,10320.1,10337.9,323.79286251
1581508800000,10338,10340,10294.2,10303.2,308.26786571
1581509700000,10304.5,10326,10301.3,10301.7,116.98438099
1581510600000,10301.7,10332.2,10298.3,10323.9,177.53379783
1581511500000,10323.8,10341.5,10308.8,10337.6,142.94118647
1581512400000,10337.5,10368.2,10330.3,10368.1,258.5177423
1581513300000,10368.1,10378.2,10354.9,10367.7,168.20228248
1581514200000,10367.7,10380,10351.8,10353.7,343.91228686
1581515100000,10353.7,10372.3,10346.9,10370.3,151.37263313
1581516000000,10370.5,10416.1,10296,10310.5,701.78601463
1581516900000,10310.5,10348.7,10283.1,10346,464.74713881
1581517800000,10346.7,10377.3,10345.9,10365.2,274.67113369
1581518700000,10365.4,10366.2,10324.3,10347.4,206.19198149
1581519600000,10347.4,10347.4,10295.2,10311.3,329.55422169
1581520500000,10311.2,10330.1,10250,10283.9,535.73327902
1581521400000,10283.6,10321.2,10252.8,10296.8,377.4110138
1581522300000,10296.6,10335.2,10290.6,10318.4,177.42880437
1581523200000,10318.3,10333.2,10295.8,10316.9,189.61282133
1581524100000,10317.4,10332.6,10300.2,10325.4,161.78486813
1581525000000,10325.4,10358.5,10325.3,10339.3,130.87667333
1581525900000,10337.8,10376.2,10337.8,10342.9,240.94119808
1581526800000,10342,10366.1,10331.4,10347.6,216.98707648
1581527700000,10347.1,10347.1,10314.1,10328.3,341.50715855
1581528600000,10328.3,10344.1,10323.5,10338.1,145.56099006
1581529500000,10338.1,10357.7,10329.2,10352.5,160.45221066
1581530400000,10352.5,10353.3,10334.5,10338.3,154.88346285
1581531300000,10338.3,10343.1,10318.9,10342.5,168.55795846
1581532200000,10342.6,10351.1,10335.5,10344.2,232.59168332
1581533100000,10344.3,10346.5,10329.2,10343.2,81.52170879
1581534000000,10343.1,10345.6,10333.3,10343,124.71204102
1581534900000,10343.7,10344.6,10321.3,10325.1,155.93204512
1581535800000,10325.1,10335,10319,10332.2,122.75385833
1581536700000,10332.3,10338.4,10312.4,10312.8,93.01538391
1581537600000,10312.8,10349.1,10312.8,10341.7,236.15751481
1581538500000,10341.7,10373.7,10339.9,10371.2,227.8179455
1581539400000,10370.9,10384.4,10353.2,10366.1,145.64337192
1581540300000,10366,10382.6,10360.5,10375,159.18065844
1581541200000,10375,10410,10365.3,10409.9,248.94698388
1581542100000,10409.9,10411,10376.2,10379.7,182.06985536
1581543000000,10380.1,10381.6,10315,10337.7,264.00377496
1581543900000,10337.7,10376.1,10326.3,10374,226.15086928
1581544800000,10375.1,10382.1,10351.6,10351.7,105.09706581
1581545700000,10351.7,10358.1,10340.8,10357.2,71.72008068
1581546600000,10357.2,10371.1,10357.2,10367.2,52.23382527
1581547500000,10367.3,10369.1,10332.3,10339.7,66.8819588
1581548400000,10339.8,10366,10339.1,10356.7,115.40445567
1581549300000,10357.6,10357.8,10336.5,10339.3,111.06997109
1581550200000,10339.4,10352,10309.8,10309.9,131.71438172
1581551100000,10309.8,10356,10309.4,10328.8,302.58666297
1581552000000,10328.8,10358.2,10311.5,10344.4,276.99508543
1581552900000,10344.5,10357.2,10331.9,10334.2,159.16088835
1581553800000,10334.2,10347.1,10325.5,10347.1,109.62415931
1581554700000,10347.1,10381.7,10343.7,10370.6,235.84494013
1581555600000,10370.7,10388.1,10364.9,10377.8,211.71754894
1581556500000,10377.8,10379.3,10354.3,10364.9,171.24907656
1581557400000,10365,10380.8,10351.6,10371.2,168.41633234
1581558300000,10370.2,10404.2,10369.3,10395.3,277.36192755
1581559200000,10395.2,10403.9,10378.3,10399.2,279.54265655
1581560100000,10399.1,10409.9,10383.1,10383.8,449.40778775
1581561000000,10383.8,10422,10365.1,10415.7,499.97945278
1581561900000,10415.8,10425.6,10390,10405.7,572.01811317
1581562800000,10405.9,10445.2,10405.9,10431.4,515.70655213
1581563700000,10431.4,10437.2,10385.3,10401.1,469.93284137
1581564600000,10401.1,10403.5,10373.3,10390.1,396.58439718
1581565500000,10390,10396.3,10378.2,10382.4,212.0240689
1581566400000,10381.5,10423.5,10381.5,10417.7,302.76738622
1581567300000,10417.7,10420,10394.6,10397.2,275.49268144
1581568200000,10397.5,10412.1,10390.2,10394.1,197.02909141
1581569100000,10394.1,10399.5,10383.2,10396.1,224.63859472
1581570000000,10396.1,10417,10396.1,10409.4,89.10806584
1581570900000,10410.1,10423,10404.2,10409.7,141.59350528
1581571800000,10409.7,10433.5,10406.6,10433.4,197.55503262
1581572700000,10433.5,10442.3,10423.6,10437.1,235.73269216
1581573600000,10437.1,10459.4,10417.2,10438.2,574.89320323
1581574500000,10438.2,10450.2,10428.3,10450.2,227.62689523
1581575400000,10450.1,10459,10430.2,10439.1,370.48722169
1581576300000,10439,10453.9,10430.9,10446.9,485.39614088
1581577200000,10446.9,10486,10433.3,10482.2,588.29660435
1581578100000,10482.3,10486.4,10396.2,10415.1,1126.9104027
1581579000000,10415.1,10430,10403.4,10409,425.19527116
1581579900000,10408.9,10408.9,10331.1,10341.2,1177.35617229
1581580800000,10341.3,10368,10149.7,10202,2639.70366796
1581581700000,10201.9,10267.1,10194.9,10197.1,1780.06464413
1581582600000,10197,10269.5,10170.3,10267.4,1386.44242635
1581583500000,10267.2,10269.6,10230,10265.6,690.22769017
1581584400000,10265.5,10267.8,10202.9,10221.2,842.66016703
1581585300000,10221.9,10228.6,10100.8,10162,1527.24343114
1581586200000,10162,10206.2,10145.6,10170.7,557.33777358
1581587100000,10170.7,10178,10138,10164.6,698.21127683
1581588000000,10165.9,10171,10120.1,10171,579.99029149
1581588900000,10170.9,10198.3,10150.3,10195.8,490.64100518
1581589800000,10195.8,10207.2,10174.8,10177.5,359.08170079
1581590700000,10177.5,10190.9,10162.8,10168.7,403.30645389
1581591600000,10168.7,10190,10139.7,10178.6,298.61346507
1581592500000,10178.6,10188.8,10155.2,10160.7,256.7177361
1581593400000,10160.4,10163.9,10110,10114.9,641.41852096
1581594300000,10115,10160.1,10085.6,10154.9,860.51342117
1581595200000,10155,10156.5,10109.3,10145.5,536.23000924
1581596100000,10145.5,10192.9,10142.3,10188.1,357.81176612
1581597000000,10188.2,10192.2,10159.7,10175.8,329.07066733
1581597900000,10175.7,10238.7,10175.7,10213.9,343.23678093
1581598800000,10213.9,10256.2,10213.9,10245.1,556.39229286
1581599700000,10245.2,10302.8,10245.1,10278.5,609.7032501
1581600600000,10278.8,10471.4,10278.8,10418.9,2212.44194105
1581601500000,10419.2,10502,10140.6,10190,1787.58042357
1581602400000,10194,10349.2,10110,10272.4,3924.85193268
1581603300000,10272.3,10327.2,10234.5,10279.2,1290.30560028
1581604200000,10278,10310,10239.8,10268.3,1029.56907698
1581605100000,10268.3,10288.4,10212.9,10249,537.08103078
1581606000000,10249,10261,10203.6,10242.5,472.35210609
1581606900000,10242.5,10271.6,10232.6,10253.3,237.27847425
1581607800000,10253.4,10292.2,10244.2,10270.9,288.88072531
1581608700000,10270.4,10316.1,10247.3,10255.8,387.75160504
1581609600000,10257,10294.1,10234.6,10254.9,416.1073681
1581610500000,10253.9,10259,10222.2,10243.7,255.94846563
1581611400000,10243,10253,10181.2,10195.7,327.92053517
1581612300000,10195.4,10205.2,10158.4,10167.5,412.56376611
1581613200000,10167.5,10191.9,10152.5,10153.7,350.19958965
1581614100000,10153.7,10179.2,10146.6,10175,497.11115018
1581615000000,10174.8,10243.2,10160.7,10226.9,456.28233829
1581615900000,10227,10237.9,10181.7,10199.2,303.82313815
1581616800000,10200.1,10238.9,10186,10237.3,178.18300948
1581617700000,10237.4,10240.8,10209.6,10230.4,180.66916625
1581618600000,10229.8,10231,10208.4,10208.4,159.61235167
1581619500000,10208.4,10211,10197.4,10205.8,110.72046749
1581620400000,10205.9,10242.2,10200.1,10231.4,162.08590477
1581621300000,10231.8,10275.7,10203.4,10264,324.02894965
1581622200000,10264.6,10264.6,10236.5,10251.8,119.88611676
1581623100000,10251.9,10257.1,10230.7,10252.3,109.5885705
1581624000000,10251.7,10265.6,10235,10241.9,164.62385773
1581624900000,10242.2,10258.1,10225.4,10233.1,127.56410204
1581625800000,10233.1,10236.1,10216.8,10231.2,160.4362679
1581626700000,10231.3,10240.2,10211,10228.2,192.65740365
1581627600000,10227.5,10227.5,10189.2,10189.2,186.25414332
1581628500000,10189,10225.2,10181.7,10214.7,318.84176316
1581629400000,10214.6,10220.8,10186.1,10190.6,163.50756208
1581630300000,10190.6,10209,10187.8,10192.1,176.5460091
1581631200000,10192.1,10230.2,10187.8,10200,81.14101141
1581632100000,10201,10226.1,10199.7,10224.7,69.58449819
1581633000000,10224.7,10237.2,10208.6,10210.9,110.42631711
1581633900000,10210.5,10236.2,10210.3,10223,144.46830159
1581634800000,10223.1,10242.6,10215.4,10239.6,172.64668313
1581635700000,10240.6,10254.6,10221.3,10232.5,226.54507418
1581636600000,10232.6,10250,10215.4,10219.3,258.03729783
1581637500000,10219.3,10247.1,10206.9,10230,227.76602992
1581638400000,10229.9,10242.9,10216.2,10216.3,245.91541809
1581639300000,10216.2,10224,10178.9,10206,218.43413218
1581640200000,10206,10206.2,10178.1,10198.9,213.55784694
1581641100000,10198.8,10234.5,10178.5,10225.9,481.70907659
1581642000000,10225.9,10274.9,10225.8,10267.6,643.5404411
1581642900000,10268.6,10280.6,10222.3,10240.4,282.1076609
1581643800000,10239.5,10258.1,10222.2,10227.6,137.58134611
1581644700000,10227.6,10236.2,10209.7,10228.4,228.27011182
1581645600000,10228.5,10254.1,10226.3,10248.6,171.23708743
1581646500000,10248.5,10267,10237.7,10237.8,233.59084565
1581647400000,10237.8,10250.2,10234.6,10237.1,114.47739021
1581648300000,10237.1,10259.2,10237,10257.3,204.00791342
1581649200000,10256.3,10270,10248.2,10259.6,267.1467127
1581650100000,10259,10287,10253.8,10287,556.93735535
1581651000000,10287,10287,10213.3,10226.5,606.92571404
1581651900000,10226.5,10266,10216.3,10260.4,313.89508847
1581652800000,10261.1,10267.1,10224.6,10231.8,327.74073635
1581653700000,10231.9,10236.6,10204.2,10222.4,348.97986048
1581654600000,10222.4,10275,10208.8,10222.1,510.9813028
1581655500000,10222.3,10237.2,10212.4,10219.5,216.91588831
1581656400000,10219.5,10232.1,10203,10211.3,342.20899965
1581657300000,10211.3,10219.1,10180,10183.6,494.09442518
1581658200000,10183.5,10206.5,10173.9,10192.2,460.76212138
1581659100000,10191.2,10215.2,10159.7,10171.7,396.49903109
1581660000000,10171.7,10187.3,10154.1,10165,540.93050284
1581660900000,10165.1,10201.1,10162.3,10173.5,185.28411207
1581661800000,10173.5,10198.1,10173.4,10196.7,299.41485892
1581662700000,10196.8,10200.6,10171.2,10192.2,239.32023307
1581663600000,10192.1,10203.7,10166.2,10166.3,206.77110285
1581664500000,10166.3,10167.8,10146.7,10152.7,315.10384755
1581665400000,10152.6,10153.1,10110.4,10113.7,531.69712602
1581666300000,10113.6,10137.7,10111.2,10124.5,284.3831643
1581667200000,10125.2,10179.2,10114.2,10170.9,366.17244648
1581668100000,10171,10177,10136.7,10146.5,287.64536763
1581669000000,10146,10155.1,10134.1,10154,392.92309104
1581669900000,10154,10166.6,10133.3,10166.2,361.79075357
1581670800000,10166.2,10175.8,10156.6,10174.3,366.68967649
1581671700000,10174.3,10205.5,10169.8,10203.4,373.19271333
1581672600000,10203.3,10219.2,10190,10205.8,335.06844755
1581673500000,10205.8,10231.3,10196.2,10225.5,333.25238854
1581674400000,10225.6,10251,10209.2,10241.7,550.56697467
1581675300000,10242.4,10328.4,10227,10244,1203.3323021
1581676200000,10244.5,10297.3,10244.5,10271,974.18215344
1581677100000,10271,10297.8,10247.2,10250,482.2964135
1581678000000,10250.1,10260.3,10212.6,10236.2,646.38570674
1581678900000,10236.3,10269.2,10227.3,10257.3,367.78427499
1581679800000,10256.5,10276.7,10248.2,10269.7,336.60698889
1581680700000,10269.8,10278.2,10250.3,10268.9,314.22412102
1581681600000,10268.9,10289.5,10268.1,10279.5,280.39944356
1581682500000,10279.5,10280.4,10237.5,10251.6,291.76398737
1581683400000,10251.8,10270.9,10235.5,10268.3,308.97902023
1581684300000,10268.2,10271.2,10253.3,10258.7,342.39413571
1581685200000,10258.7,10267.2,10240.1,10263,371.93759024
1581686100000,10262.9,10262.9,10237.8,10249.7,554.93974236
1581687000000,10249.7,10265.9,10241.1,10246.3,379.40781178
1581687900000,10246.3,10265.2,10243.3,10252.7,390.51374318
1581688800000,10252.8,10292.1,10252.7,10291.8,491.94774835
1581689700000,10291.7,10318,10277.9,10310,641.09469187
1581690600000,10310,10350,10248.7,10271.5,940.38351668
1581691500000,10271.5,10272.7,10220,10240.3,550.40454655
1581692400000,10240.4,10288.9,10233.9,10274.5,465.53343333
1581693300000,10274.6,10280,10252.2,10265.2,332.53658607
1581694200000,10265.2,10278.2,10250.2,10264,434.10783597
1581695100000,10264,10265.1,10243.2,10251,356.64301051
1581696000000,10251.1,10279.6,10243.8,10270.1,378.9861968
1581696900000,10269.3,10305.9,10269.3,10302.5,536.74973719
1581697800000,10302.5,10302.5,10255.5,10263,498.19323632
1581698700000,10263.1,10282.2,10253.8,10282.1,358.99370807
1581699600000,10282.2,10286.4,10255.7,10255.8,420.66643194
1581700500000,10255.9,10275.1,10255.9,10273.2,376.0444587
1581701400000,10273.2,10290,10267.4,10268.3,465.53847719
1581702300000,10268.3,10285.6,10268.2,10275.9,323.06287872
1581703200000,10276,10332.1,10276,10328,447.00926408
1581704100000,10327.9,10327.9,10290.3,10308.3,198.8239941
1581705000000,10308.3,10332.6,10306.7,10320,147.30320892
1581705900000,10320,10360,10319.9,10355,505.96611739
1581706800000,10355.2,10372.3,10331.3,10346.9,432.99408452
1581707700000,10346.9,10348.1,10331,10333.9,56.61105563
1581708600000,10333.9,10350.9,10327.3,10329.3,98.75615126
1581709500000,10328.1,10342.8,10314.3,10339,163.90898519
1581710400000,10338.9,10366.1,10338.4,10354.6,76.4228022
1581711300000,10354.9,10367.1,10352.2,10357.1,94.25979711
1581712200000,10357.1,10371.8,10346,10361.9,104.22413901
1581713100000,10361.9,10362,10349.6,10353.8,96.24411249
1581714000000,10353.8,10370,10351.2,10365,90.60406622
1581714900000,10364.9,10370,10353.3,10364.2,91.50915219
1581715800000,10364.3,10377.6,10351.3,10352.3,167.5595167
1581716700000,10352.3,10358.7,10318.2,10331.4,165.46158828
1581717600000,10331,10331.5,10287.2,10311.1,91.77120524
1581718500000,10311,10337.9,10311,10335.5,61.73585007
1581719400000,10335.5,10337.2,10317.6,10333.6,71.67718166
1581720300000,10333.6,10343.9,10330.8,10343.5,114.95983753
1581721200000,10343.6,10348,10326.1,10343.4,154.54230964
1581722100000,10343.3,10344.2,10324.8,10344.2,48.01646001
1581723000000,10344.4,10344.4,10320,10320,87.82101367
1581723900000,10319.9,10362.1,10316.9,10340.9,280.90808998
1581724800000,10340.9,10373.4,10334.2,10344.2,289.84128089
1581725700000,10344.2,10357.1,10339.8,10356.2,130.16898523
1581726600000,10356.2,10356.2,10340.9,10353.4,114.1036232
1581727500000,10353.9,10355,10316.8,10330.1,105.14290788
1581728400000,10330,10347.1,10323.1,10341.4,131.1298317
1581729300000,10341.3,10341.4,10300,10300,179.32980084
1581730200000,10301.1,10323.2,10300,10313.5,155.70972299
1581731100000,10313.4,10313.6,10230,10243.9,383.36429826
1581732000000,10243.9,10276.4,10225.7,10236.2,254.67136318
1581732900000,10236.2,10258.9,10230.8,10233.8,489.28056352
1581733800000,10233.4,10256.7,10231,10253.9,316.10036386
1581734700000,10253.8,10254.8,10212,10236.2,300.77200886
1581735600000,10236.2,10267.9,10236.2,10266.8,320.86693702
1581736500000,10266.9,10269,10257.9,10264,170.28577045
1581737400000,10264,10278.7,10252.8,10271.3,160.47511064
1581738300000,10271.3,10278.5,10250.1,10270.7,224.75425216
1581739200000,10270.7,10277.2,10250.2,10273.3,321.77623518
1581740100000,10273.3,10274.5,10245.9,10254,130.47197013
1581741000000,10254,10271,10253.2,10269.9,305.04075195
1581741900000,10269.2,10281.2,10262.2,10262.2,193.81068174
1581742800000,10262.2,10263.4,10250,10250,226.39186423
1581743700000,10250,10257.4,10235,10241.8,181.28198124
1581744600000,10241.9,10258.7,10237.6,10238.5,216.5035671
1581745500000,10238.4,10246.2,10219.1,10222.5,397.94088296
1581746400000,10222.5,10244.3,10197,10244,592.36279673
1581747300000,10244,10255.7,10229,10255.1,353.08409402
1581748200000,10255,10259.1,10239.1,10246,454.04499783
1581749100000,10246,10259.8,10238.8,10238.8,205.08282321
1581750000000,10238.7,10244.2,10222.4,10227.1,237.87171887
1581750900000,10227.1,10245.2,10214.1,10217.7,330.41668891
1581751800000,10217.8,10237.8,10200,10211.8,516.3713328
1581752700000,10211.8,10230.1,10189.6,10223.1,440.42852809
1581753600000,10223.9,10243.6,10216.2,10236.6,372.52274647
1581754500000,10237.6,10239.3,10219.2,10230.2,249.35558174
1581755400000,10230.1,10245.9,10220.1,10238,243.65446723
1581756300000,10238.1,10253.4,10238.1,10253.4,235.65350557
1581757200000,10253.6,10254,10231.9,10235.8,177.29779833
1581758100000,10235.8,10241.5,10228.1,10233.7,107.98092756
1581759000000,10235,10266.4,10220.2,10263.7,225.95665725
1581759900000,10263.7,10272.6,10249.8,10257.5,221.36168461
1581760800000,10257.5,10276.5,10248.4,10270.7,314.24231818
1581761700000,10270.7,10275,10257.2,10257.3,196.88005828
1581762600000,10257.3,10271.2,10248,10249.1,268.11127539
1581763500000,10249.2,10265.3,10240.7,10242.4,420.05687228
1581764400000,10242.4,10253.6,10216.2,10230,624.18024335
1581765300000,10230,10245.6,10216,10245.6,292.36785538
1581766200000,10245.6,10252.2,10231.6,10244.8,216.33524486
1581767100000,10244.7,10248.3,10229.3,10230.1,87.60300085
1581768000000,10230.1,10230.1,10209,10213.5,351.42248662
1581768900000,10213.6,10242.9,10208.5,10240.9,337.36354863
1581769800000,10241,10243.6,10219.9,10222.7,272.22483887
1581770700000,10222.7,10248.3,10221.7,10243.2,178.16240233
1581771600000,10243.3,10245.6,10229.5,10229.5,138.59488888
1581772500000,10229.2,10238.2,10222.5,10227.5,265.11614587
1581773400000,10228.1,10244,10221.9,10221.9,171.49995655
1581774300000,10221.7,10237.4,10212.7,10237.3,264.86482874
1581775200000,10237.3,10263.7,10235.2,10256.8,427.24221353
1581776100000,10256.9,10262.1,10242.2,10258.7,248.53809269
1581777000000,10258.7,10258.8,10242,10251.6,279.02000351
1581777900000,10251.6,10251.6,10237.2,10246.6,218.90384124
1581778800000,10246.6,10247.3,10221.7,10228.7,324.52913611
1581779700000,10228.7,10241.2,10217.5,10232,318.37012275
1581780600000,10232,10232.8,10212.6,10214.6,278.78637818
1581781500000,10214.5,10214.5,9802.6,9981.7,4823.93259149
1581782400000,9981.6,10102.9,9978.9,10032.5,2605.09201848
1581783300000,10034.4,10080.7,9960,9980,1676.42894564
1581784200000,9980,9982.2,9864.9,9920.1,2657.65233968
1581785100000,9920.1,9959.6,9866.8,9898.5,1474.20363151
1581786000000,9898.4,9949.8,9889.4,9949.1,720.408749
1581786900000,9948.3,9948.5,9895.2,9928.7,779.89903741
1581787800000,9928.7,9936.9,9870,9905.3,560.13762691
1581788700000,9905.2,9913.9,9823.6,9841.2,880.30169152
1581789600000,9841.3,9904.7,9811,9874.6,1057.26828235
1581790500000,9875.8,9921.2,9872.7,9903.3,413.88359222
1581791400000,9903.3,9911,9862.3,9900.2,255.27754938
1581792300000,9900.3,9915.2,9890.8,9914.9,277.55455373
1581793200000,9915,9935.9,9901.3,9929,265.42725942
1581794100000,9929,9929,9911,9920.8,181.39720655
1581795000000,9921.5,9926.2,9908,9910.3,195.08270883
1581795900000,9911.1,9911.1,9891.2,9893.5,172.2425407
1581796800000,9894.2,9917.3,9879.2,9889.7,195.92436691
1581797700000,9891.5,9908.9,9890.3,9892,109.31114826
1581798600000,9891.2,9900,9877.3,9896.2,137.62649951
1581799500000,9896.1,9910.6,9889,9894,126.42918601
1581800400000,9895,9911.3,9891.3,9907.9,115.71261943
1581801300000,9907.1,9920.3,9900.3,9919.9,154.71378819
1581802200000,9919.3,9923.1,9907.8,9922.6,167.26800756
1581803100000,9923.2,9929.6,9919.6,9923.4,82.19375976
1581804000000,9923.4,9935.1,9923.3,9928.3,43.81955577
1581804900000,9928.4,9934.4,9912.9,9934.4,75.14539431
1581805800000,9934.3,9934.6,9915.2,9919.4,13.7511814
1581806700000,9919.4,9931.1,9919.4,9927.2,16.79283676
1581807600000,9927.2,9931.6,9911,9926.4,90.15469405
1581808500000,9926.4,9934.2,9915.9,9916,66.20890831
1581809400000,9916,9921.9,9898.5,9901.1,258.14675689
1581810300000,9901,9906.1,9880.1,9906,180.03113428
1581811200000,9905.9,9905.9,9854.3,9888,407.68862754
1581812100000,9888,9924.1,9888,9916.1,184.04966642
1581813000000,9915.2,9922.6,9901,9918,287.36823043
1581813900000,9918,9929.4,9902.9,9928.2,175.0112755
1581814800000,9928.1,9933.2,9919.3,9929.5,218.81525679
1581815700000,9929.4,9937.4,9924.5,9930.2,187.07554675
1581816600000,9930.2,9930.2,9910.2,9912.5,375.28253775
1581817500000,9912.5,9934.6,9909.5,9932,221.86537533
1581818400000,9932.1,9934.2,9921.8,9926.1,114.99594853
1581819300000,9926,9975.2,9924.6,9972.9,378.64209358
1581820200000,9973,9998.1,9970,9994.8,416.47757018
1581821100000,9994.9,10043.1,9994.9,10043,777.68373341
1581822000000,10043,10047.8,10011.7,10028.7,243.8875454
1581822900000,10028.7,10028.9,10002.3,10028.9,220.37268135
1581823800000,10028.9,10042.2,10002.9,10014.1,225.19192277
1581824700000,10014.1,10020,9993.8,10000.1,216.57025881
1581825600000,10000.2,10018.2,9976.1,10001.1,342.36003668
1581826500000,10001.2,10020,9992.9,9998.4,342.79405297
1581827400000,9998.4,10012.4,9992.9,10001.2,338.51815984
1581828300000,10001.1,10030.4,9995,10024.8,322.9685716
1581829200000,10024.4,10035.9,10000,10000.9,340.31917049
1581830100000,10001,10007.4,9982.5,9987,205.91905406
1581831000000,9987,9987,9960,9979.6,381.60416175
1581831900000,9980.1,9980.1,9937.2,9955.7,351.48976798
1581832800000,9956.2,9978.3,9950,9952.3,283.36181345
1581833700000,9952.5,9981.9,9952.5,9972.4,217.10647713
1581834600000,9972.4,9975.8,9957.2,9957.3,109.61131622
1581835500000,9957.2,9981.4,9955.2,9968.6,145.35752892
1581836400000,9968.5,9987.2,9968.2,9984.2,125.70720334
1581837300000,9984.2,9985.8,9961.1,9965,88.62950032
1581838200000,9964.7,9982.6,9958,9979.2,146.32222493
1581839100000,9979.1,9985,9960.3,9961.9,179.81221952
1581840000000,9961.8,9974.1,9956.8,9957.1,207.87062589
1581840900000,9957,9965.1,9946.3,9963.4,204.35311589
1581841800000,9963.5,9996.2,9954.9,9992.8,135.98632204
1581842700000,9992.9,10019.1,9977,9989.2,367.17895161
1581843600000,9988.3,10007.7,9988.3,10007.7,194.85964879
1581844500000,10007.8,10011.5,9979.8,9985.4,179.55466646
1581845400000,9985.3,9995.9,9974,9993.6,136.56353954
1581846300000,9994,9999.9,9964.5,9971.6,208.96473272
1581847200000,9971.6,9980.6,9959.6,9968.5,169.37444578
1581848100000,9969.6,9985,9961,9969.1,119.09141637
1581849000000,9969,9971,9959,9961.1,88.11584722
1581849900000,9960.9,9966.2,9926,9933.8,338.8446175
1581850800000,9933.8,9956.8,9901.3,9934.2,377.33380883
1581851700000,9934.8,9968.3,9934.8,9962.3,230.0616029
1581852600000,9962.1,9969.7,9937.2,9939.8,118.95967038
1581853500000,9939.7,9946.7,9920.7,9922.7,211.96655426
1581854400000,9921.4,9941.4,9877.1,9902.4,337.90293508
1581855300000,9902.4,9952.1,9894.6,9946.3,364.07741805
1581856200000,9946.3,9946.3,9900.9,9910.3,282.42326945
1581857100000,9910.4,9926.7,9902.2,9918,215.17142539
1581858000000,9918,9918,9867.5,9884,533.76297086
1581858900000,9884.1,9906.4,9868.3,9892.3,398.62968198
1581859800000,9891.1,9918.2,9858.5,9912,439.06384802
1581860700000,9912,9956,9909,9938.8,597.86181131
1581861600000,9938.9,9975.1,9934.2,9957.4,347.04577154
1581862500000,9957.3,9957.3,9914.6,9925.4,172.84286391
1581863400000,9925.4,9940.6,9894.7,9910.5,316.21542657
1581864300000,9910.5,9918.7,9885,9894.4,390.25557401
1581865200000,9894.5,9923.2,9887.3,9887.4,309.15910622
1581866100000,9887.3,9919.1,9850.1,9881.6,519.45273682
1581867000000,9881.5,9892.7,9825.1,9857,639.95188306
1581867900000,9857.4,9886.5,9848,9862.6,269.75010737
1581868800000,9862.6,9909.7,9840.3,9843.3,649.51802657
1581869700000,9843,9857.2,9766.8,9786.5,1361.1026664
1581870600000,9786.5,9808,9733.6,9750.7,1090.45922227
1581871500000,9751.7,9769.9,9640,9733.5,2017.97532746
1581872400000,9733.5,9795.9,9691.2,9769.7,777.76528429
1581873300000,9769.7,9798.2,9741.4,9778.9,521.02610716
1581874200000,9778.9,9786.6,9751,9774.5,344.68614921
1581875100000,9774.5,9775.3,9750.2,9755,299.0813735
1581876000000,9754.9,9799.9,9753.9,9797,199.23278386
1581876900000,9795.6,9841.2,9793.3,9798.7,401.19115638
1581877800000,9798.6,9823.2,9786.8,9820,245.75198449
1581878700000,9820,9826,9792.2,9798.3,207.09998307
1581879600000,9798.1,9798.1,9766.6,9787.4,210.59282812
1581880500000,9787.4,9792.6,9765.7,9776.8,200.19716167
1581881400000,9776.7,9779.9,9741.1,9747.9,139.20811604
1581882300000,9746.4,9764,9715.4,9747.9,206.08586247
1581883200000,9746.3,9771.9,9729.6,9759.6,227.03563092
1581884100000,9760.1,9769.2,9750.2,9759.2,106.58271747
1581885000000,9759.2,9759.2,9735.3,9753.4,137.6859405
1581885900000,9753.3,9781.6,9741,9781.5,87.10546189
1581886800000,9781.6,9787,9756.3,9774.1,123.38530161
1581887700000,9774.1,9789.1,9762.3,9789.1,171.72099438
1581888600000,9789,9793.9,9763.7,9764,138.98641294
1581889500000,9764,9776.7,9757.3,9760.2,120.08282153
1581890400000,9760.2,9776.2,9751.9,9776.2,79.86533576
1581891300000,9776.5,9813.8,9775.8,9808.2,76.38434062
1581892200000,9808.1,9862.1,9807.3,9862.1,251.20267211
1581893100000,9862.1,9876.9,9832.1,9876.4,210.5961989
1581894000000,9876.7,9931.9,9868.2,9881.6,706.81131519
1581894900000,9880.2,9963.6,9880.2,9963.6,531.19310109
1581895800000,9963.6,9969.9,9927.2,9961.2,476.53770548
1581896700000,9961.1,9998,9916.1,9917.7,611.97119314
1581897600000,9916.6,9964.9,9882.4,9917.3,619.19643757
1581898500000,9917.3,9930,9895.1,9917.4,295.29076292
1581899400000,9916.9,9916.9,9851.8,9879.9,371.96147241
1581900300000,9879.1,9916.2,9860,9863.5,390.05725452
1581901200000,9863.4,9900.9,9841,9893.2,359.58887313
1581902100000,9893.2,9906.1,9864.9,9904.2,247.5586983
1581903000000,9904.9,9904.9,9881.3,9881.3,222.71897789
1581903900000,9881.3,9881.8,9845,9849.3,411.2569753
1581904800000,9849.3,9858,9803.2,9823.4,292.78605412
1581905700000,9824.3,9853.4,9796,9831.8,611.30134468
1581906600000,9830.6,9844,9812.1,9837.2,204.55455565
1581907500000,9837.8,9852.1,9813.5,9842,232.0955517
1581908400000,9842.1,9855,9821.2,9827.5,304.04029609
1581909300000,9828.9,9844.3,9804.1,9804.2,322.8030918
1581910200000,9804.2,9825.8,9769.8,9810,562.45767748
1581911100000,9810.1,9825.7,9790.4,9806.9,494.10296698
1581912000000,9807,9807,9725.3,9752.1,1076.98314668
1581912900000,9752,9793.4,9728.5,9783.2,734.49531199
1581913800000,9783.5,9783.5,9735.5,9736,442.67304067
1581914700000,9735.6,9752.1,9700,9739.4,884.07841764
1581915600000,9739.4,9804.2,9737.7,9776.3,673.04487503
1581916500000,9776.3,9799.9,9745.6,9751.9,404.29795714
1581917400000,9751.9,9791.3,9751.6,9780.1,416.52001812
1581918300000,9780.2,9786.1,9750,9761.9,315.05121759
1581919200000,9761.9,9800.4,9745.5,9797.6,366.96805083
1581920100000,9797.7,9830.7,9787.5,9809.5,582.56547131
1581921000000,9809.6,9811.7,9782,9797,285.82743502
1581921900000,9797,9799.9,9761.6,9773,473.24318574
1581922800000,9772.1,9800.2,9767.1,9791.6,365.35787002
1581923700000,9791.6,9812,9788,9789.6,322.3756276
1581924600000,9789.7,9790.9,9766,9784.4,438.02717307
1581925500000,9785.2,9785.3,9746.2,9755.2,393.85070654
1581926400000,9755.2,9776.3,9739,9753.2,350.0211878
1581927300000,9753.2,9776.2,9750.9,9770.9,379.96405281
1581928200000,9771,9790.1,9760,9763.7,349.97352681
1581929100000,9763.3,9812.5,9760.1,9799.3,309.40209994
1581930000000,9799.3,9827,9797.6,9818.7,500.31957087
1581930900000,9817.7,9828.2,9789,9791.4,448.34734979
1581931800000,9791.4,9806.4,9784.7,9794.3,284.28832268
1581932700000,9794.3,9812.6,9788.6,9790.9,285.98191375
1581933600000,9791,9791.1,9750.2,9751.9,422.88921001
1581934500000,9751.3,9751.3,9685.4,9735.1,972.43888052
1581935400000,9735.2,9762.5,9699.9,9717.3,712.02704663
1581936300000,9717.4,9735,9702.7,9716.6,482.60179204
1581937200000,9716.6,9719,9650,9682.4,829.30105639
1581938100000,9682.5,9682.5,9562,9657.2,1946.19026039
1581939000000,9657.2,9700,9580,9599.6,1093.83422447
1581939900000,9599.5,9620,9576.3,9580,2430.39776248
1581940800000,9580,9630,9560,9600,2162.22801236
1581941700000,9600,9651.8,9592,9641.2,1742.28701973
1581942600000,9641.9,9658.5,9629.9,9631.7,588.66328114
1581943500000,9631.2,9651.1,9600,9630.3,414.95321546
1581944400000,9630.3,9652.5,9625.9,9632.6,250.259297
1581945300000,9632.6,9632.6,9573,9583.3,501.72876626
1581946200000,9583.3,9604.1,9516,9550.4,955.70854473
1581947100000,9551,9574,9519.3,9530.2,602.51546016
1581948000000,9530.2,9550,9477.3,9520,970.15030628
1581948900000,9520,9520,9455,9478.1,830.86689339
1581949800000,9480.3,9559.5,9464.9,9539.6,552.89885485
1581950700000,9539.6,9615.9,9529,9595.2,1228.48638499
1581951600000,9595.3,9636.3,9555.6,9574.3,849.10598951
1581952500000,9574.4,9606.3,9542.8,9546.7,469.94357448
1581953400000,9546.7,9600,9543.4,9599.9,299.44839217
1581954300000,9599.9,9663.1,9594,9637.3,922.566935
1581955200000,9638.8,9678.4,9616.5,9641.3,589.75778146
1581956100000,9641.2,9668.5,9620.9,9657.9,299.14436772
1581957000000,9656.9,9699,9641.4,9699,238.88884223
1581957900000,9699,9723,9675,9675,423.96380166
1581958800000,9675,9699.1,9646.2,9651.6,273.79338582
1581959700000,9651.6,9661.2,9578.2,9599.9,344.99023914
1581960600000,9599.9,9633,9587.2,9620.8,434.61438215
1581961500000,9620.1,9645.1,9591.6,9639,328.35327636
1581962400000,9638.9,9644,9602.1,9611.2,285.0101763
1581963300000,9611.2,9622.6,9585,9590.9,212.21337646
1581964200000,9588.9,9624,9587.4,9608.7,284.70312839
1581965100000,9610.1,9648.2,9602.5,9644.6,227.68348529
1581966000000,9644.1,9652,9631.5,9638.5,200.00194844
1581966900000,9638.5,9639.2,9617.8,9627.9,164.20738497
1581967800000,9629.2,9662.9,9629.2,9661,240.18558007
1581968700000,9661.7,9672.5,9642.5,9668,183.46162454
1581969600000,9668,9700.4,9666.6,9671.5,236.3202294
1581970500000,9672.6,9689.1,9660.3,9666.6,253.00973417
1581971400000,9665.7,9677,9646.1,9657.1,232.38923971
1581972300000,9657.1,9657.1,9619.4,9626.9,174.47654382
1581973200000,9626.4,9647,9610.7,9638.9,224.01850733
1581974100000,9638.7,9651.9,9625.5,9641.1,195.57589845
1581975000000,9641.1,9658,9631.4,9654.6,99.05236549
1581975900000,9654.6,9667.2,9630.4,9631.4,183.15682777
1581976800000,9631.5,9650.9,9609.1,9622.8,265.13936425
1581977700000,9622.7,9650.2,9622.7,9645.3,155.76729687
1581978600000,9645.3,9645.3,9609.7,9610,337.12485308
1581979500000,9610,9647.3,9610,9626.3,227.42597212
1581980400000,9626.3,9657,9611.1,9646.9,356.93420379
1581981300000,9646.9,9690,9640,9679.4,476.31171802
1581982200000,9679.3,9696.8,9649.2,9670.5,387.34313371
1581983100000,9670.5,9722.5,9667.3,9706.2,476.70090862
1581984000000,9706.2,9713.9,9659.5,9664.9,595.07582454
1581984900000,9664.5,9664.5,9619.8,9641.9,843.56311339
1581985800000,9641.1,9671.3,9641.1,9666.2,253.97403518
1581986700000,9666.2,9675.9,9654.4,9661.4,294.39698258
1581987600000,9659.9,9687.9,9659.9,9679.2,562.31744113
1581988500000,9679.3,9715,9679.2,9709,724.15781597
1581989400000,9709,9744.8,9706.2,9744.2,797.00174971
1581990300000,9742.8,9744.7,9709.4,9710.7,370.87994572
1581991200000,9711.2,9758,9711.2,9752,415.88921138
1581992100000,9752.5,9758.9,9726.3,9736.7,376.17531764
1581993000000,9736.8,9751.1,9722.6,9740,311.23706896
1581993900000,9739.9,9739.9,9706.7,9713.9,310.12574864
1581994800000,9714.7,9715.1,9669.8,9700.2,583.53626307
1581995700000,9700.9,9721.6,9684.2,9715.3,375.4502717
1581996600000,9715.4,9730,9713.7,9724.4,474.43310424
1581997500000,9724.3,9736.7,9710.9,9725.3,527.41917734
1581998400000,9725.3,9748.3,9725.3,9742.3,547.07101088
1581999300000,9742.3,9746.1,9721.7,9740.6,474.7743109
1582000200000,9740.6,9778.6,9740.6,9771.4,711.03699609
1582001100000,9772.2,9802.2,9771.2,9800.8,768.32960701
1582002000000,9800.9,9809.6,9778.4,9780.3,359.49274045
1582002900000,9780.2,9804.9,9771.3,9792.1,426.11437491
1582003800000,9792.1,9793.4,9770.1,9772.5,351.7083654
1582004700000,9772.5,9796.2,9772.5,9783.5,590.80217526
1582005600000,9783.5,9805.4,9783,9803.8,643.51963031
1582006500000,9804,9804.4,9775.9,9775.9,343.23279114
1582007400000,9775.9,9788.9,9751.2,9751.3,359.36224122
1582008300000,9751.3,9773.2,9750.8,9770.4,379.18067666
1582009200000,9770.8,9787.8,9759.1,9785.2,171.77189392
1582010100000,9785.9,9786,9765.2,9777.3,181.20851866
1582011000000,9777.1,9800.5,9776.2,9798.1,612.07755418
1582011900000,9799,9815.2,9791.5,9792.6,331.39795801
1582012800000,9792.6,9795.5,9771.1,9784.7,253.38386293
1582013700000,9784.9,9790.9,9765.8,9775.9,245.54426047
1582014600000,9775.9,9783.1,9763.4,9771.9,280.57380655
1582015500000,9771.5,9773.4,9741.2,9741.3,436.18141722
1582016400000,9741.2,9747.5,9703.9,9715.4,419.5293536
1582017300000,9715.4,9715.4,9661.2,9685.9,547.52999353
1582018200000,9685.9,9711.5,9672.7,9711.5,251.39956657
1582019100000,9711.5,9726.9,9686.9,9692.3,298.89825648
1582020000000,9692.3,9698.1,9642.1,9646.3,474.68230108
1582020900000,9646.2,9694.2,9641.3,9680.8,235.98602777
1582021800000,9680.8,9697.2,9672.2,9697.2,124.46040127
1582022700000,9697.1,9731.6,9696.9,9726.6,276.34218456
1582023600000,9726.5,9745.1,9719.3,9722.7,297.62474454
1582024500000,9722.7,9722.8,9684.8,9693.3,249.30497495
1582025400000,9693.2,9704.2,9677.1,9697.9,289.56955291
1582026300000,9698,9715.9,9693.8,9701.9,366.39299088
1582027200000,9701.9,9701.9,9667.1,9682.6,239.0700716
1582028100000,9682.6,9689.8,9656.1,9672.4,291.28338838
1582029000000,9672.6,9693.1,9663,9687.6,298.13755992
1582029900000,9687.6,9687.6,9637,9656,518.18759605
1582030800000,9656.1,9666.3,9636.4,9637.5,278.8938187
1582031700000,9637.4,9638.7,9587.7,9616.9,698.41664742
1582032600000,9615.8,9632.6,9598.7,9625.6,322.10042543
1582033500000,9625.5,9654.2,9614.2,9626,246.72433426
1582034400000,9626,9666.7,9626,9652.2,301.5359314
1582035300000,9652.2,9658.6,9626.8,9634.7,439.60869628
1582036200000,9634.8,9671.6,9630.9,9663.2,273.89877209
1582037100000,9661.9,9713.1,9661.9,9696,441.41297684
1582038000000,9696.9,9774,9696.9,9744.4,612.1675588
1582038900000,9744.4,9867.4,9744.4,9822.8,1512.81007725
1582039800000,9824.2,9850.8,9798.2,9812.7,838.86861432
1582040700000,9813.4,9839.1,9769,9829.3,1043.6049745
1582041600000,9829.3,9886,9816.2,9845,1001.55653051
1582042500000,9845,9864.5,9838.1,9850.3,369.58675311
1582043400000,9850.3,9905.7,9850.3,9879.3,731.62881656
1582044300000,9879.2,9922.9,9878.3,9919.5,720.74482654
1582045200000,9919.6,9952.4,9900,9914.4,697.829241
1582046100000,9914.9,9915.7,9883.2,9901.5,1374.04357923
1582047000000,9901.3,9918.5,9896,9904.6,692.4274377
1582047900000,9904.6,9954.9,9904.6,9952.8,1242.70481318
1582048800000,9952.8,10058,9952.8,10028.5,2689.36010668
1582049700000,10028.5,10029.1,9977.7,9988.6,1255.52656406
1582050600000,9987.6,10024.9,9975.3,10002.3,364.12681175
1582051500000,10002.4,10005.7,9978.3,9990.7,267.80557919
1582052400000,9991,10027.9,9976.5,10019.3,469.38224157
1582053300000,10018.8,10025.9,9993.3,10022.2,274.60657086
1582054200000,10022.2,10026.1,10007.8,10013.2,417.37535328
1582055100000,10013.2,10046.9,10012.2,10043.2,284.54861223
1582056000000,10042.5,10084.5,10037.3,10058.5,547.86981078
1582056900000,10058.5,10079.1,10051.7,10073.3,226.11065947
1582057800000,10073.7,10146.1,10073.7,10132.4,780.17375736
1582058700000,10132.4,10162.3,10130.3,10151.2,414.84801055
1582059600000,10151.3,10253.3,10151.2,10217.6,1054.92142752
1582060500000,10217.8,10229.2,10120.1,10153.7,491.17067613
1582061400000,10151,10151,10107.5,10126.6,415.03414008
1582062300000,10127.9,10143.9,10037.9,10136,697.96696302
1582063200000,10136.1,10137.5,10071.3,10091.2,344.7904669
1582064100000,10091.4,10140,10077.3,10120.8,129.43557912
1582065000000,10120.9,10133.9,10108.3,10108.3,178.11653871
1582065900000,10108.3,10175.8,10098,10167,337.3971879
1582066800000,10167,10202.2,10147.1,10157.5,586.97500657
1582067700000,10158,10185.1,10139.7,10168.9,439.44883533
1582068600000,10168.1,10204.9,10164.2,10170,525.47144223
1582069500000,10170.1,10172,10143.2,10166.8,301.89011575
1582070400000,10166.9,10185,10118.3,10127.9,434.35693127
1582071300000,10128.3,10156.6,10111.3,10131.3,352.9183589
1582072200000,10129,10140,10094.4,10098.2,387.19164991
1582073100000,10097.4,10115.1,10083.1,10102.9,386.57979825
1582074000000,10102.9,10150.2,10102.9,10116.6,311.59664743
1582074900000,10115.9,10138.3,10106,10134.5,235.51340994
1582075800000,10134.5,10137.5,10105.6,10105.7,236.1298495
1582076700000,10105.7,10132.4,10104.3,10116.7,332.85944756
1582077600000,10116.7,10151.5,10112.7,10145,349.96352699
1582078500000,10144.9,10166,10139.1,10154.2,492.42856294
1582079400000,10154,10161,10134.7,10156,408.49654308
1582080300000,10155.5,10161.1,10140.5,10150,380.19646324
1582081200000,10151.5,10153,10126.6,10133.9,316.80538207
1582082100000,10133.9,10158.9,10131,10141.3,386.65147324
1582083000000,10141.2,10176.5,10141.2,10174.9,820.74138371
1582083900000,10174.9,10175.1,10143,10150.9,296.35883598
1582084800000,10151,10167.4,10103.9,10110.5,347.94398207
1582085700000,10110.5,10131.2,10097,10097,394.81894068
1582086600000,10097.6,10115.8,10091.2,10100.2,242.94954183
1582087500000,10100.2,10118.2,10095.4,10112.6,281.45340538
1582088400000,10111.3,10125.8,10097,10105.8,319.43027504
1582089300000,10105.8,10111.6,10088.5,10103.1,208.91876801
1582090200000,10103.1,10120.5,10093,10118.2,217.74120477
1582091100000,10116.9,10135.1,10109.2,10119.8,300.44255101
1582092000000,10119.8,10119.8,10101.3,10107,238.76460093
1582092900000,10107,10116.3,10097.2,10097.7,168.86563853
1582093800000,10097.7,10113.7,10094.8,10097.5,152.77548809
1582094700000,10097.5,10106,10048.7,10070.8,301.11611261
1582095600000,10071.1,10077.7,10035.4,10060.3,379.64382552
1582096500000,10060.3,10088.9,10057.1,10075.8,287.90663097
1582097400000,10075.6,10078,10055,10065.5,266.91242586
1582098300000,10065.5,10073.5,10049.6,10059.9,228.1669131
1582099200000,10061,10065,10020,10065,387.0671497
1582100100000,10065.1,10123.9,10065.1,10110.7,557.8768861
1582101000000,10111.4,10143.9,10097.3,10139.6,347.49685253
1582101900000,10139.7,10165.1,10133.3,10162,343.91068235
1582102800000,10162,10162,10120,10123.2,133.54554633
1582103700000,10122.7,10150.7,10120.4,10124.1,173.97350899
1582104600000,10124,10138.9,10114.2,10119.6,150.97908468
1582105500000,10118.9,10132,10100,10114.1,214.48562886
1582106400000,10114.2,10114.2,10077.4,10085.7,156.42006846
1582107300000,10085.8,10131.6,10085.8,10125.5,170.29917123
1582108200000,10125.5,10141.6,10120.2,10128,158.83007314
1582109100000,10128,10130,10100.9,10124.7,77.84383726
1582110000000,10125,10132.6,10121,10123.5,70.28227705
1582110900000,10122.4,10148.3,10122.4,10131.7,196.66688315
1582111800000,10132.1,10158,10131.9,10148.5,227.58658296
1582112700000,10148.5,10214.9,10129.3,10207.3,689.97651703
1582113600000,10207.3,10233.6,10120.3,10128.8,1036.50380561
1582114500000,10128.8,10135.6,10045.4,10117.3,693.10223537
1582115400000,10117.3,10124.3,10087.5,10101.4,339.02342875
1582116300000,10101.5,10131.1,10079.7,10096.5,420.84055685
1582117200000,10096.7,10132.5,10060,10127.3,654.73690981
1582118100000,10127.3,10137.4,10100,10108.2,358.22093789
1582119000000,10108.2,10119.7,10082.3,10106.9,233.36382989
1582119900000,10106.9,10118.9,10090.2,10111.5,135.24621084
1582120800000,10111.6,10144.1,10111.6,10123.2,200.77103959
1582121700000,10123.4,10146.4,10111.6,10116,112.69888629
1582122600000,10116.1,10137,10112.9,10133.4,72.08778815
1582123500000,10133.4,10133.4,10100.3,10118,84.21719154
1582124400000,10118,10135.7,10104,10128.9,123.62458211
1582125300000,10129,10141.5,10122.4,10141.3,91.28040496
1582126200000,10141.4,10141.4,10112.9,10117.3,162.54973046
1582127100000,10117.4,10129,10101.9,10123,208.09900719
1582128000000,10123.1,10153.5,10096.5,10144.8,407.57704116
1582128900000,10145.6,10160,10131.4,10134,181.74260531
1582129800000,10134,10170.7,10134,10167.9,185.44122381
1582130700000,10167.9,10180.1,10154.2,10156.3,274.94092328
1582131600000,10156.3,10202.7,10156.3,10192.3,349.40001365
1582132500000,10192.5,10250.8,10183.3,10243.4,683.23725907
1582133400000,10243.4,10265,10159.3,10199.4,1309.97660404
1582134300000,10199.4,10199.4,10130.6,10158.2,437.09927678
1582135200000,10157.3,10170.7,10136.3,10141.3,204.77039715
1582136100000,10141.3,10160.1,10133.9,10150.8,128.91311841
1582137000000,10150.9,10184.5,10150.1,10175.2,140.31360922
1582137900000,10174.3,10199.1,10169,10193,136.21599304
1582138800000,10193,10197.8,10173.6,10188.2,160.05368177
1582139700000,10188.3,10203.2,10173.9,10186.2,198.44576977
1582140600000,10187,10204.4,10180.3,10180.7,131.47992802
1582141500000,10180.7,10182,10137.8,10139.4,201.41948676
1582142400000,10139.5,10148.4,10109.4,10138,339.57667625
1582143300000,10137.9,10139.3,10110.1,10123.9,131.87509502
1582144200000,10124,10130.8,10083.3,10096.5,338.49987844
1582145100000,10096.5,10153.2,10052,10153.2,561.86139926
1582146000000,10153.5,10153.6,10105,10105.4,111.07925187
1582146900000,10105,10113.3,10071.2,10077.2,376.23922037
1582147800000,10077.1,10077.1,9862.3,9921.9,1664.32828342
1582148700000,9921.9,9926,9300,9600,7134.36560942
1582149600000,9600,9620.7,9507.1,9609.4,2741.3271042
1582150500000,9608.2,9653.1,9501.2,9646.1,1783.98387341
1582151400000,9646.2,9700,9620.8,9671.2,1055.2218028
1582152300000,9671,9692,9624.9,9689.8,669.13317097
1582153200000,9687.5,9692.9,9619.7,9646.4,937.06982883
1582154100000,9646.3,9681.5,9642.8,9681.5,501.26132534
1582155000000,9681.4,9684.6,9620,9641.5,867.86465742
1582155900000,9641.7,9646,9572,9594.6,918.71837244
1582156800000,9593.9,9634.3,9578.1,9601.6,805.15567071
1582157700000,9601.2,9635.7,9591.9,9613.7,536.97511338
1582158600000,9614.1,9654.1,9606.9,9620.2,325.92495325
1582159500000,9620.2,9642.8,9620.1,9626.8,272.83069809
1582160400000,9626.8,9645.7,9602.2,9611.6,475.93168978
1582161300000,9612.2,9620,9596,9603.3,385.66464819
1582162200000,9603.2,9629.9,9603.2,9620.1,263.79071184
1582163100000,9620.1,9625.1,9598.1,9601.6,298.66417983
1582164000000,9601.3,9614.1,9563.7,9572.3,752.48606009
1582164900000,9572.2,9582.6,9536.3,9558.5,680.86924897
1582165800000,9558.5,9558.6,9497.1,9545.2,816.6639651
1582166700000,9545.2,9588.8,9545.2,9588.8,518.32771892
1582167600000,9588.7,9597.7,9548.9,9572.1,688.98422477
1582168500000,9572.1,9602.8,9569.3,9597.4,454.88646395
1582169400000,9597.6,9610,9580,9581,541.31626913
1582170300000,9580.6,9589.4,9564.1,9571.9,225.39281271
1582171200000,9571.8,9598.1,9571.8,9589.6,189.55810567
1582172100000,9589.7,9589.7,9558.5,9564.1,241.66137397
1582173000000,9563.5,9576.6,9543.4,9554.4,346.13321224
1582173900000,9554.5,9582.2,9548.3,9578.7,197.22662271
1582174800000,9578.7,9581.5,9557.9,9562.7,200.25877603
1582175700000,9562.6,9565,9550.2,9561.2,112.05831635
1582176600000,9561.4,9563.1,9536.1,9543.2,546.44002269
1582177500000,9543.1,9580,9540.8,9569,343.26938777
1582178400000,9569,9576.9,9560.6,9568.7,172.26293285
1582179300000,9568.7,9577.5,9551.2,9556,164.20212666
1582180200000,9555.9,9590.5,9555.9,9589.9,500.13763313
1582181100000,9589.9,9619,9582.3,9618.7,416.70819813
1582182000000,9618.8,9622.9,9595.1,9614.6,293.91758759
1582182900000,9615.3,9630.6,9604.4,9611.2,365.63048849
1582183800000,9611.3,9620.1,9595,9605.4,158.37260102
1582184700000,9605,9617.4,9596.7,9609,215.41721738
1582185600000,9609.1,9610.4,9588,9593,272.41634977
1582186500000,9593.1,9598.9,9569.9,9573.1,170.13507403
1582187400000,9572.7,9588.8,9563.2,9571.9,223.63181021
1582188300000,9570.7,9588.1,9536.6,9581,425.56525943
1582189200000,9580.9,9595.6,9563.6,9580.7,258.82197974
1582190100000,9580.8,9583,9550.8,9564.9,341.2372149
1582191000000,9564.8,9595.4,9563.8,9594.4,201.50388835
1582191900000,9594.4,9611,9590.1,9604.5,392.59276109
1582192800000,9604.5,9611.2,9572.8,9605.7,398.68966087
1582193700000,9606.8,9639.1,9606.8,9623.2,273.31311415
1582194600000,9623.2,9637.5,9609.5,9622,352.45177361
1582195500000,9622,9622.1,9595.1,9605.5,306.41207224
1582196400000,9605.4,9635.9,9590,9603.7,358.76880999
1582197300000,9603.6,9623.4,9587.5,9589.8,332.33984036
1582198200000,9589.8,9610.2,9582.2,9599,352.7912765
1582199100000,9598.9,9598.9,9553.2,9565.2,407.01192079
1582200000000,9565.2,9601.5,9564.4,9578.4,280.62106444
1582200900000,9578.3,9593.7,9560.9,9565.3,418.48546625
1582201800000,9565.3,9590.1,9557.2,9588.2,517.07294326
1582202700000,9586.7,9586.7,9524.9,9554.9,807.77904867
1582203600000,9554.9,9570.9,9518.2,9561.2,577.07928023
1582204500000,9561.2,9569.6,9525.2,9547.2,380.05689354
1582205400000,9547.6,9568.5,9530.2,9561.5,344.89587342
1582206300000,9561.4,9592.2,9551,9587,436.42147467
1582207200000,9587.2,9595.4,9560,9566.3,457.24253227
1582208100000,9567.4,9611.9,9567.4,9605.1,456.01114507
1582209000000,9604.5,9617.9,9594.8,9609.8,252.7174996
1582209900000,9609.8,9618.7,9585.6,9594.3,300.80938282
1582210800000,9595.2,9605.5,9565.9,9565.9,230.61746522
1582211700000,9565.5,9589.6,9559.9,9585.5,399.48375739
1582212600000,9585.5,9605.2,9576,9585.1,302.51236988
1582213500000,9585,9592.4,9568.5,9572.2,213.96735349
1582214400000,9572.2,9604.6,9529.9,9562.8,967.04928233
1582215300000,9563.2,9563.2,9534.9,9550.7,318.63213692
1582216200000,9551.2,9603.7,9400,9583.7,2110.68693696
1582217100000,9583.8,9696.6,9583.8,9630.2,1967.32259407
1582218000000,9631.8,9647.1,9547.8,9574.2,882.54684735
1582218900000,9574.2,9589.4,9438,9514.4,1690.87860382
1582219800000,9514.2,9543.1,9481.1,9494.2,822.29689482
1582220700000,9494.2,9533.8,9485.1,9501.6,342.34560652
1582221600000,9501.2,9515.6,9457.4,9512.9,312.89485284
1582222500000,9512.8,9533.4,9492.6,9504.9,151.41030175
1582223400000,9504.9,9574.6,9503.8,9550.5,431.11134602
1582224300000,9550.6,9566.3,9515.1,9531.5,199.16185479
1582225200000,9531.6,9555.3,9517.1,9547.6,170.76948048
1582226100000,9546.9,9556.6,9530.1,9550,187.91691066
1582227000000,9549.9,9572.3,9540.5,9548.8,204.42454887
1582227900000,9548.9,9556.7,9529.8,9554.3,143.75430431
1582228800000,9554.4,9579.2,9547.4,9567,364.70448536
1582229700000,9566.6,9576.2,9536.7,9550.6,268.69875498
1582230600000,9552,9570.1,9546.4,9565.9,363.67114698
1582231500000,9567.2,9589.7,9565,9580,202.01610295
1582232400000,9580,9592.7,9558.9,9573.9,170.89589504
1582233300000,9573.9,9590.7,9566.6,9578.4,128.69621705
1582234200000,9578.7,9613.3,9578.7,9605.3,153.52394516
1582235100000,9605.3,9627.3,9590.2,9612,322.37485979
1582236000000,9612.1,9642.3,9612,9641,153.67517805
1582236900000,9642.2,9659.6,9627,9632.2,208.16955222
1582237800000,9632.3,9634.8,9579.2,9607.7,282.87154595
1582238700000,9607,9631.5,9606.8,9612.2,109.60182672
1582239600000,9610.8,9611.2,9581.1,9594.2,313.49951906
1582240500000,9594.6,9622.7,9594.6,9611.7,118.82587221
1582241400000,9611.6,9612.2,9589.3,9593.2,65.61248645
1582242300000,9593.4,9619.3,9587.4,9598.1,272.7810788
1582243200000,9598.1,9599.5,9568.2,9587.8,214.83106567
1582244100000,9587.3,9596.9,9579.3,9587,83.62090459
1582245000000,9587.7,9596.6,9570,9593.1,153.11951327
1582245900000,9593,9609.5,9593,9597.8,66.24867159
1582246800000,9597.8,9601.5,9581.5,9601.2,94.64077388
1582247700000,9603.3,9633.3,9602.8,9626.5,302.71344612
1582248600000,9626.4,9642.2,9610.6,9636.9,257.78093419
1582249500000,9636.5,9648.8,9624.3,9648.2,296.3111315
1582250400000,9648.2,9659.6,9635,9644.3,414.87651069
1582251300000,9644.3,9657.2,9629.1,9649.5,482.12012013
1582252200000,9649.5,9658.8,9634,9649.2,300.21271863
1582253100000,9648.7,9653,9635.4,9641.4,267.7091318
1582254000000,9641.5,9647.3,9610.7,9628.3,336.37836016
1582254900000,9628.4,9700.6,9617.2,9681.1,613.26418207
1582255800000,9681.3,9710.4,9673.4,9695.1,400.24134501
1582256700000,9695.1,9707.9,9683.8,9707.7,343.86990813
1582257600000,9707.8,9734.2,9701,9702.1,362.57495488
1582258500000,9702.1,9722.1,9685.1,9686.9,333.69079169
1582259400000,9686.9,9703,9674.3,9693,336.78108526
1582260300000,9692.5,9692.5,9663.3,9688.9,271.40295459
1582261200000,9688.9,9696.3,9658.8,9678.4,260.64343413
1582262100000,9679.5,9701.8,9656.7,9691.4,451.30778166
1582263000000,9691.4,9691.4,9649.1,9658.9,412.14888935
1582263900000,9659,9681.6,9649.6,9676.3,260.00907759
1582264800000,9675.3,9691.3,9655.5,9685.4,331.90621176
1582265700000,9686.4,9697.5,9678.2,9696.4,457.62353876
1582266600000,9696.5,9700,9669.7,9671.7,206.98162527
1582267500000,9672,9687.3,9666,9669.4,216.6027241
1582268400000,9669.4,9673.4,9652.2,9654.9,213.61744719
1582269300000,9653.1,9676.7,9650.8,9672.1,220.90688363
1582270200000,9672,9686.9,9667.6,9677.6,371.50816487
1582271100000,9677.6,9682.4,9662.4,9672.5,228.70288576
1582272000000,9672.5,9686.9,9668.3,9678.2,500.36458223
1582272900000,9678.1,9678.2,9648.6,9655.2,409.25684769
1582273800000,9655.2,9655.4,9612.2,9623.3,483.55885505
1582274700000,9623.1,9643.9,9617.6,9631.1,233.2641797
1582275600000,9631.1,9636.4,9613.2,9635.5,317.97948813
1582276500000,9635.5,9639.5,9620.9,9637.6,230.65024714
1582277400000,9637.2,9660,9633.9,9651.8,309.38074503
1582278300000,9651.7,9668,9649.5,9660.3,354.64139819
1582279200000,9660.3,9670.7,9654.1,9656.1,249.81031174
1582280100000,9656.1,9667,9650.1,9653.2,253.6810155
1582281000000,9652.6,9664.7,9647.8,9653.3,176.26659917
1582281900000,9654.1,9711.8,9652.8,9677.6,368.58486393
1582282800000,9677.7,9710,9675.3,9705.8,265.01992218
1582283700000,9705.8,9712.1,9690.5,9712.1,292.63755311
1582284600000,9712.1,9718.4,9695.3,9702.2,277.00411399
1582285500000,9702.2,9709.5,9688.1,9695.8,496.10962268
1582286400000,9695.9,9754.8,9692.7,9728.3,627.54697218
1582287300000,9728.2,9752.8,9727.3,9751.1,299.91795166
1582288200000,9751.5,9751.6,9730.1,9735.7,349.17424827
1582289100000,9735.6,9749.2,9725,9743.4,427.08600287
1582290000000,9743.4,9744,9689.8,9692.8,391.65972445
1582290900000,9692.8,9710.3,9688.4,9704.2,362.91137587
1582291800000,9701.9,9734.4,9685,9724.8,287.70651305
1582292700000,9723.4,9740,9718.8,9724.9,221.09917258
1582293600000,9724.9,9738,9705,9715.8,307.02698912
1582294500000,9714.6,9720.3,9702.9,9709.7,232.21244435
1582295400000,9709.2,9720.8,9692.3,9699.3,306.76187048
1582296300000,9699.3,9707.9,9662.8,9673,499.7694756
1582297200000,9672.3,9685.5,9656.4,9685.4,521.70731096
1582298100000,9685.4,9700.5,9683,9689.1,240.68860671
1582299000000,9690.4,9720,9683.6,9706.2,397.28876576
1582299900000,9707,9722.9,9699.9,9720.2,265.20067282
1582300800000,9720.3,9733.5,9699.2,9703.2,274.04953513
1582301700000,9703.2,9717.2,9684.8,9701.4,263.2110805
1582302600000,9701.3,9729.8,9690.6,9729.8,198.76114401
1582303500000,9729.7,9739.8,9720.6,9722,358.44907339
1582304400000,9721.9,9728.9,9709,9713.5,182.93210705
1582305300000,9713.4,9725.4,9706.4,9710,234.54670165
1582306200000,9709.9,9719.7,9687.6,9699.2,219.24495304
1582307100000,9699.9,9712.4,9691.6,9708,232.47071314
1582308000000,9707.9,9719.7,9700.2,9712.3,155.60638088
1582308900000,9712.3,9716,9702,9715.9,127.00978185
1582309800000,9716,9719.5,9701.9,9704.6,146.21717898
1582310700000,9704.7,9719,9697.1,9697.1,193.71994802
1582311600000,9697.1,9715.3,9693.2,9697,137.41585631
1582312500000,9696.9,9705.8,9668,9680.2,263.47434321
1582313400000,9680.2,9687.4,9663.3,9674.1,148.54800085
1582314300000,9673.8,9683.9,9664.6,9680.9,280.41358353
1582315200000,9680.3,9680.3,9560,9635.6,1561.25278617
1582316100000,9635.5,9649.7,9607.5,9642.2,434.33795723
1582317000000,9642.7,9695,9632.7,9686.6,302.85090845
1582317900000,9686.6,9723,9676.6,9694.6,291.06051568
1582318800000,9694.6,9712.1,9671,9679.4,364.63466135
1582319700000,9681.2,9697.2,9666.1,9674.7,296.59197976
1582320600000,9673.3,9673.3,9626.5,9645.8,285.49707577
1582321500000,9645.8,9663.9,9627.2,9663.5,126.32346902
1582322400000,9663.1,9664.3,9634.8,9660.7,171.97860099
1582323300000,9660.8,9662.1,9637.7,9656.6,87.21926363
1582324200000,9656.5,9656.5,9636.5,9638.1,76.62294556
1582325100000,9638.1,9660.6,9630.5,9658.4,215.03999128
1582326000000,9657.8,9675,9648.7,9674.6,144.50898683
1582326900000,9674.6,9684.8,9669.4,9682.6,248.49067335
1582327800000,9682.6,9713.2,9682.6,9703.7,388.79095944
1582328700000,9703.7,9706.8,9664.6,9679.7,427.91889176
1582329600000,9679.7,9687.8,9661.6,9687.2,206.37488709
1582330500000,9688,9701.7,9680.9,9699.5,302.53648534
1582331400000,9699.5,9703.5,9683.3,9698,281.48558977
1582332300000,9697.9,9700.3,9676.6,9691,197.91487821
1582333200000,9690.9,9690.9,9670.3,9671.4,232.85567434
1582334100000,9671.4,9672.5,9655.5,9665.4,242.26587049
1582335000000,9665.8,9681,9665,9669.6,247.55979908
1582335900000,9668.8,9676,9645.2,9650.6,379.39928711
1582336800000,9650.6,9663.5,9640,9645.9,447.35169212
1582337700000,9645,9653.9,9636.7,9642.5,275.94580556
1582338600000,9642.5,9656.4,9633.2,9647.2,324.19441959
1582339500000,9647.3,9656,9634,9645,132.66817323
1582340400000,9645.9,9665.6,9642.1,9663.9,254.83269741
1582341300000,9664.1,9679.3,9658.7,9663.1,282.95484347
1582342200000,9663.1,9678.5,9660.4,9673.1,382.40553932
1582343100000,9673.1,9677.9,9659.7,9664.8,372.6237726
1582344000000,9664.9,9669.1,9649,9651.4,284.69813943
1582344900000,9650.9,9660.4,9640,9646.4,379.04898606
1582345800000,9646.3,9652.5,9636,9639,375.80866499
1582346700000,9639.1,9643.7,9615,9620.7,399.94688283
1582347600000,9621.2,9646.8,9614.3,9641.6,274.80675073
1582348500000,9641.6,9641.7,9620,9627.2,256.64531758
1582349400000,9627.2,9633.9,9607.1,9609.8,334.08837629
1582350300000,9609.7,9616.5,9581.2,9611.2,456.87345904
1582351200000,9609.9,9609.9,9561,9572.2,471.5254876
1582352100000,9572.2,9589.9,9561,9578.8,291.69721352
1582353000000,9578.4,9608.4,9574.2,9594,291.22470928
1582353900000,9593.7,9614.8,9593.7,9597.7,168.26373444
1582354800000,9596.7,9604.2,9582.4,9595.9,415.67474672
1582355700000,9595.8,9617.5,9589.2,9602.4,303.58472413
1582356600000,9603.5,9617,9602.5,9602.9,367.08276618
1582357500000,9603,9609.6,9590.2,9590.2,234.27320017
1582358400000,9590.1,9615.2,9589.9,9608.7,370.71953579
1582359300000,9608.7,9659.9,9603.6,9648.7,430.29345991
1582360200000,9649,9659.9,9627.5,9643.2,251.28234272
1582361100000,9643.2,9647.8,9625.3,9639,389.21633871
1582362000000,9639,9639,9615.5,9623.2,196.49466197
1582362900000,9623.2,9623.2,9600.8,9609.3,320.1902947
1582363800000,9609.6,9618.6,9590.7,9615.9,442.07076653
1582364700000,9615.9,9625.4,9602.2,9617.1,330.49650059
1582365600000,9617.2,9626.4,9614.4,9626,233.18870735
1582366500000,9626,9632.6,9618.9,9621.3,427.30555204
1582367400000,9621.3,9638,9618.8,9635,150.51642766
1582368300000,9634.9,9641,9622.8,9622.8,139.36778854
1582369200000,9622.8,9639.6,9622.2,9632.2,209.74267493
1582370100000,9632.3,9644.6,9617.9,9622.2,351.43739328
1582371000000,9622.1,9633.6,9618.6,9631.6,177.88576338
1582371900000,9631.6,9638.7,9624.8,9637.2,322.70220872
1582372800000,9637,9660.7,9630.5,9656.4,326.61261351
1582373700000,9656.4,9671,9650.4,9651,270.3890021
1582374600000,9651.1,9670,9650,9655.2,253.28849203
1582375500000,9655.3,9663.1,9643.4,9649.1,438.2823589
1582376400000,9649.1,9649.6,9633.5,9636.8,394.24830187
1582377300000,9636.8,9652.6,9636.8,9647.7,469.59493269
1582378200000,9647.6,9662.5,9643.3,9659.4,241.91334073
1582379100000,9659.6,9660.4,9639.4,9652.6,290.84928867
1582380000000,9652.5,9663.5,9640.8,9645,341.89668063
1582380900000,9645,9650.8,9634.8,9640.4,337.7874713
1582381800000,9640.4,9650.8,9636,9649.9,290.64458535
1582382700000,9650,9654,9636.8,9643.6,314.97567549
1582383600000,9643.2,9650,9627.9,9631.5,467.11997289
1582384500000,9631.6,9640.2,9616,9616.1,504.78173615
1582385400000,9616.2,9640,9607.8,9637,414.29626294
1582386300000,9637.1,9638,9626.7,9630.2,258.45783583
1582387200000,9630.2,9638.8,9618,9620.4,467.69923081
1582388100000,9620.7,9620.8,9606.6,9607.3,352.19274706
1582389000000,9607.3,9618.6,9603.6,9604.1,411.89363576
1582389900000,9604,9650.1,9602.9,9643.4,356.52320829
1582390800000,9643.6,9682.2,9643.6,9662.8,393.69223901
1582391700000,9663.3,9672,9631.1,9634.3,264.40845304
1582392600000,9634.9,9650,9625.1,9646.2,218.00419426
1582393500000,9646.4,9657.9,9634,9656.5,219.10487671
1582394400000,9656.4,9656.4,9641,9648.2,277.02179503
1582395300000,9647.8,9652.8,9637.4,9647.7,203.26474119
1582396200000,9647.9,9652.1,9639,9641.8,205.80135021
1582397100000,9641.4,9664,9641.4,9652.9,208.05687602
1582398000000,9653.6,9672.2,9653.6,9659,117.53661561
1582398900000,9659,9673.9,9657,9670.9,242.71326125
1582399800000,9672.3,9678,9660.9,9670.6,175.29918764
1582400700000,9670.5,9678.1,9660.5,9665,227.48136068
1582401600000,9665.1,9688.5,9665.1,9684.5,276.49532048
1582402500000,9685.5,9695.2,9682,9688,398.56945157
1582403400000,9687.8,9691.3,9680,9682.8,109.24364388
1582404300000,9682.2,9688.3,9676.8,9677.9,239.31620532
1582405200000,9676.8,9690.1,9676.8,9682.9,213.5852741
1582406100000,9682.3,9690.1,9678,9680.5,257.15533377
1582407000000,9680.6,9690.7,9680.2,9685.7,299.55686517
1582407900000,9686.2,9688.2,9669.7,9683.4,217.11602583
1582408800000,9683.5,9683.5,9670.3,9670.3,94.46202254
1582409700000,9670.3,9679.5,9668.7,9668.7,107.7674774
1582410600000,9668.8,9668.8,9660.3,9666.7,101.99658724
1582411500000,9666.8,9673.9,9660.4,9664.6,208.38117223
1582412400000,9664.5,9666,9654.8,9666,171.51440657
1582413300000,9666,9682.4,9653.5,9654.7,368.02469169
1582414200000,9653.8,9662.2,9644.8,9651.7,307.01959162
1582415100000,9651.8,9663.4,9643.4,9649,401.67447264
1582416000000,9649,9665.4,9648.4,9661.6,199.93604961
1582416900000,9661.6,9666,9655,9659.2,269.07378152
1582417800000,9659.2,9664,9655.5,9663.4,295.83919699
1582418700000,9664,9676.1,9660.8,9674.5,356.08993748
1582419600000,9675,9679,9666.8,9676.6,411.41766261
1582420500000,9676.6,9678.3,9667.5,9677.3,244.05430985
1582421400000,9677.5,9680.3,9665,9668.4,373.15153456
1582422300000,9668.7,9672.9,9657.7,9664.7,204.77958937
1582423200000,9664.6,9670.2,9659.2,9666.5,220.73476499
1582424100000,9666.5,9677.1,9661.1,9673.2,219.5708188
1582425000000,9673.3,9679.4,9671.7,9677.9,266.56672636
1582425900000,9677.9,9685.8,9676.1,9684.1,248.31135777
1582426800000,9684.2,9688,9675,9685.3,377.49302809
1582427700000,9685.2,9687.2,9673.6,9682.3,441.2644603
1582428600000,9682.2,9750,9677.7,9749.4,911.54020601
1582429500000,9749.5,9799.4,9733.2,9790.3,1306.52228073
1582430400000,9790.4,9943.8,9790.3,9875.7,2104.88254532
1582431300000,9875.7,9899.7,9859,9890.1,504.12426961
1582432200000,9890.1,9900,9867.7,9867.8,513.81965329
1582433100000,9867.7,9874.6,9833.6,9847.9,786.96413772
1582434000000,9847.9,9867.5,9834,9847.4,521.81998628
1582434900000,9846.9,9876.6,9843.9,9874.7,330.07784774
1582435800000,9874.7,9879,9861.6,9871.2,380.44708997
1582436700000,9871.2,9885.8,9868,9870.1,407.16012939
1582437600000,9870.1,9888.9,9866.9,9888.6,405.76276082
1582438500000,9888.6,9915.6,9888.5,9902.2,562.62854159
1582439400000,9902.2,9908.9,9890,9897,578.709404
1582440300000,9897,9910.9,9896.4,9896.4,446.19141631
1582441200000,9896.4,9913.3,9882.5,9891.3,519.33577165
1582442100000,9892,9897.3,9870.4,9897.1,348.26769334
1582443000000,9897,9903.7,9885.1,9885.1,524.05395621
1582443900000,9885,9891.6,9873.1,9880.5,472.38293866
1582444800000,9880.4,9890.5,9872.3,9877.3,367.05828833
1582445700000,9877.2,9879.9,9865.7,9865.7,499.23921138
1582446600000,9865.7,9880.9,9865.7,9869.9,608.01810793
1582447500000,9869.9,9882.7,9869,9881.2,754.1883413
1582448400000,9881.3,9896.3,9871.6,9895.4,458.25208729
1582449300000,9895.4,9911.6,9884.7,9901.7,541.19720177
1582450200000,9901.8,9901.8,9875.3,9877.7,528.71890896
1582451100000,9877.6,9894.5,9876.4,9888.1,277.35607997
1582452000000,9887,9902.2,9881.4,9897,308.46047132
1582452900000,9897,9955.3,9895.4,9955,919.87718805
1582453800000,9955.7,9993.6,9864.6,9877.8,1179.30053244
1582454700000,9877.8,9881.4,9842.8,9851.1,455.4745989
1582455600000,9851.1,9866.7,9836.4,9858.7,465.25169993
1582456500000,9858.8,9877.1,9851.4,9874.9,413.75543967
1582457400000,9874.3,9874.3,9851.4,9858.1,337.41233998
1582458300000,9858,9858,9799.7,9822.1,780.92105868
1582459200000,9822.1,9857.6,9804.8,9852.3,780.61067917
1582460100000,9852.4,9865.3,9830,9842,1050.8019969
1582461000000,9842,9862.7,9831.4,9853.2,622.92422266
1582461900000,9853.2,9859.7,9836,9843.7,516.6479505
1582462800000,9843.7,9890,9837.5,9877.6,401.74067932
1582463700000,9877.6,9891.3,9858.1,9867.4,287.58057576
1582464600000,9867.4,9870,9845.7,9858.7,437.43033141
1582465500000,9858.6,9879.8,9848.5,9868.9,279.5056208
1582466400000,9868.7,9884.6,9856.8,9870.2,295.3043711
1582467300000,9870.1,9895.6,9870.1,9886.6,586.01238656
1582468200000,9886.6,9890,9872,9889.9,333.60640773
1582469100000,9889.9,9895.8,9879.8,9893.7,385.3679225
1582470000000,9893.7,9900,9866.3,9867.7,341.71692173
1582470900000,9867.2,9876.6,9851.7,9868.9,296.63600052
1582471800000,9868.8,9872.4,9844.4,9850.4,405.08802123
1582472700000,9850.5,9870.1,9842.3,9864.1,286.2791722
1582473600000,9864.2,9892.3,9853,9853.1,327.00949256
1582474500000,9853.1,9867.5,9849,9859.9,275.83875271
1582475400000,9859.7,9869.6,9852.8,9854.4,148.42895017
1582476300000,9854.5,9883.3,9854.5,9870.5,142.56462472
1582477200000,9870.5,9885.9,9862.6,9885.6,172.96472543
1582478100000,9885.5,9890,9876.1,9884.5,268.79456517
1582479000000,9884.5,9888.5,9875.8,9879.8,347.26888281
1582479900000,9879.8,9886.4,9868,9878.8,240.77769167
1582480800000,9878.8,9878.8,9866.5,9868.2,223.05313112
1582481700000,9868,9885.2,9867.7,9881.4,317.67116493
1582482600000,9881.5,9889.5,9878.1,9882.9,251.7799828
1582483500000,9883.4,9891.5,9872.2,9875.2,181.33274837
1582484400000,9875.3,9896.9,9870.7,9893.2,224.64339559
1582485300000,9893.3,9895.7,9882.7,9886.6,266.44426322
1582486200000,9886.6,9887.7,9880.2,9887.5,98.14938036
1582487100000,9887.4,9888.6,9871.9,9873.5,264.38987327
1582488000000,9873.6,9879.7,9863.5,9867.9,427.72793401
1582488900000,9867.8,9874,9857.6,9860.7,257.90929552
1582489800000,9860.6,9870.4,9846.6,9855,229.46392306
1582490700000,9855,9865.4,9841.6,9865.3,316.55948294
1582491600000,9865.2,9870.2,9857.6,9862.2,373.71076978
1582492500000,9862.3,9879.1,9860.1,9876.8,130.48345069
1582493400000,9876.8,9876.8,9860.9,9863.7,368.83362226
1582494300000,9863.7,9872.3,9855.3,9859.2,149.43006996
1582495200000,9859.3,9866.4,9848.6,9866.4,291.91091505
1582496100000,9866.4,9875.3,9860.2,9870.7,52.89395189
1582497000000,9870.7,9881.9,9867.5,9881.4,105.71193691
1582497900000,9881.4,9909.7,9881.4,9907,442.7361234
1582498800000,9907.1,9968.8,9886.9,9902.7,729.87656037
1582499700000,9903.6,9936.9,9900,9933.9,359.40098145
1582500600000,9934,9966,9926.3,9961.1,346.8975601
1582501500000,9961,9971.1,9935.4,9935.4,731.61028787
1582502400000,9935.1,9974,9908.6,9958.6,611.46515492
1582503300000,9958.7,9980.4,9945.7,9979.2,826.97820945
1582504200000,9979.3,9989.3,9959.1,9969.9,338.6404783
1582505100000,9969.9,9969.9,9929.6,9946.1,416.76209253
1582506000000,9946.2,9948.2,9893.3,9894.4,557.87154541
1582506900000,9894.2,9912.6,9875.9,9905,572.50732651
1582507800000,9905,9918.6,9899.5,9904.7,301.92097174
1582508700000,9904.8,9905.5,9884.2,9885.7,358.71528887
1582509600000,9885.7,9918,9884.6,9916.1,382.16963731
1582510500000,9916.1,9916.5,9865.3,9868.9,320.20045567
1582511400000,9868.8,9876.7,9520,9743,3285.96279315
1582512300000,9742.9,9793.5,9730,9740.9,1311.33064966
1582513200000,9740.4,9776.2,9729.6,9754.8,561.75707676
1582514100000,9754.8,9764.5,9723.5,9745.2,692.19701869
1582515000000,9744.8,9780.5,9739.5,9777.1,557.68603497
1582515900000,9777.1,9779,9750,9756.5,414.94047738
1582516800000,9756.6,9759.9,9739.2,9739.2,705.96471669
1582517700000,9739.3,9753.9,9735.8,9738.3,340.71785168
1582518600000,9738,9754.8,9732.6,9737.3,385.66971275
1582519500000,9737.3,9758,9735.3,9753.7,566.86139407
1582520400000,9753.7,9753.7,9734.5,9742,320.02719309
1582521300000,9742.1,9744.7,9728.4,9735.3,421.88249288
1582522200000,9735.3,9754.9,9734.2,9752,297.74386692
1582523100000,9752,9759.6,9750.3,9758.6,279.1682128
1582524000000,9758.8,9759.1,9743.9,9746.9,542.00053041
1582524900000,9746,9748,9736.3,9737.6,302.90732268
1582525800000,9737.5,9750,9729.7,9744.4,203.80235953
1582526700000,9744.5,9744.5,9712.7,9724,421.20375951
1582527600000,9724,9724,9673.6,9692.8,556.22185819
1582528500000,9692.8,9720.5,9666.7,9695.7,381.88066921
1582529400000,9695.7,9755.8,9691,9739.9,338.4819208
1582530300000,9740,9752,9730,9752,318.76159035
1582531200000,9751.9,9759,9739.3,9759,175.46493464
1582532100000,9759.3,9767.5,9742.4,9753.5,144.1464983
1582533000000,9753.4,9765.8,9746.3,9758,219.88542668
1582533900000,9757.9,9768.1,9749.7,9756.8,244.07689921
1582534800000,9756.7,9757.7,9745.9,9749.4,239.98187235
1582535700000,9749.4,9768.3,9749,9758.5,418.04642764
1582536600000,9758.5,9758.5,9711,9731.6,617.34798323
1582537500000,9731.9,9733,9696.1,9717.6,349.85303219
1582538400000,9719.1,9729.4,9703.1,9725,280.22739566
1582539300000,9725,9741.8,9725,9735.5,365.31907886
1582540200000,9735.5,9750.1,9734.4,9744.1,237.70069828
1582541100000,9744.2,9753.7,9730,9747.7,312.84857579
1582542000000,9747.7,9764.5,9736,9763,175.40958748
1582542900000,9763,9814,9759.6,9788.5,526.5049763
1582543800000,9789.3,9789.5,9765.7,9774.8,533.2006948
1582544700000,9774.7,9821.8,9770.7,9810,545.85672327
1582545600000,9810.2,9842,9799.3,9821.4,416.17703055
1582546500000,9822.6,9825.7,9790.9,9797.2,315.45131013
1582547400000,9797.3,9810.4,9790.8,9801.4,319.56275567
1582548300000,9801.6,9801.6,9778.1,9795.5,329.76778451
1582549200000,9795.4,9795.4,9776.6,9781.9,295.6258033
1582550100000,9782,9806.1,9777.4,9787.1,484.59146546
1582551000000,9787.2,9794.7,9741.8,9757.7,522.61355155
1582551900000,9757,9764.2,9740.6,9748.9,320.82388317
1582552800000,9748.9,9769.7,9745,9767.8,339.26327203
1582553700000,9767.8,9813.1,9752.8,9813.1,293.22597354
1582554600000,9813.6,9825,9739.6,9756.1,628.49709662
1582555500000,9756.2,9763.1,9720,9736.9,400.24238378
1582556400000,9737,9780.9,9695,9760.4,796.69420549
1582557300000,9760.9,9761.6,9729.1,9735.6,366.03773385
1582558200000,9735.6,9749.9,9703.6,9713.8,416.45175221
1582559100000,9713.8,9715,9664.1,9697.9,1351.95943476
1582560000000,9698,9715,9678.2,9696.9,357.29445758
1582560900000,9695.9,9729.9,9691.2,9700.9,360.84687205
1582561800000,9700.9,9713.6,9692.8,9693.7,446.97492591
1582562700000,9693.7,9693.7,9629,9644.1,1541.8815112
1582563600000,9644.3,9653.2,9600.4,9610,674.27605583
1582564500000,9611,9640.1,9607.1,9630.9,1212.90676278
1582565400000,9630.9,9646.2,9611.1,9636.7,429.83333479
1582566300000,9636.7,9637.9,9568.9,9597.7,830.65920601
1582567200000,9597.7,9597.7,9468.5,9499.4,3041.87052449
1582568100000,9499.3,9555,9471.8,9520.7,1374.44211233
1582569000000,9520.8,9586.1,9511.4,9581.6,957.54847678
1582569900000,9581,9591.2,9564.5,9585.5,605.38047189
1582570800000,9585.3,9619.4,9566.4,9591.5,493.99487251
1582571700000,9592.3,9645.2,9592.3,9620.1,320.87468972
1582572600000,9620.1,9640.8,9617.5,9625.6,323.27352672
1582573500000,9625.7,9630.9,9592.9,9602.2,308.9345061
1582574400000,9602.3,9644.5,9568.6,9628.9,410.05826525
1582575300000,9628.8,9645.2,9624.3,9630.6,138.11705131
1582576200000,9630.5,9632.6,9608.7,9623,255.55908494
1582577100000,9623,9626,9589.1,9594.6,400.98228254
1582578000000,9594.6,9619.6,9588.1,9607.5,188.37670988
1582578900000,9607.1,9612.8,9562.7,9574.6,433.30964112
1582579800000,9573.7,9612.5,9565.2,9601.2,305.24840577
1582580700000,9601.2,9613.6,9578.9,9609.2,195.40781271
1582581600000,9609.2,9620.7,9600.8,9620.7,289.68702698
1582582500000,9620.7,9643.8,9620.6,9643.7,109.77827723
1582583400000,9643.8,9651.9,9626.6,9647.2,124.38278527
1582584300000,9647.1,9647.1,9630.7,9637.1,200.67170604
1582585200000,9637,9637,9609.6,9634.2,275.87615772
1582586100000,9634.2,9653.6,9634.2,9644.3,393.23468567
1582587000000,9644.3,9652.2,9630.9,9652.1,422.04360476
1582587900000,9651.4,9672.8,9642.1,9658.9,476.67981932
1582588800000,9659,9672,9615.4,9620,395.88694262
1582589700000,9620.6,9636.7,9611.8,9625.8,382.24049128
1582590600000,9625.8,9629.9,9612.3,9615.8,356.73947055
1582591500000,9615,9633.1,9604.7,9620.6,502.2642747
1582592400000,9620.6,9651.7,9620.6,9646.3,364.64930805
1582593300000,9646.4,9646.5,9613.6,9614.7,967.11447509
1582594200000,9613.7,9613.7,9582.2,9590.1,662.42704112
1582595100000,9590,9600,9577.9,9589.9,395.93966142
1582596000000,9589.8,9597.4,9559.6,9595.4,577.70250848
1582596900000,9595.4,9601.9,9576.4,9584.6,580.37178291
1582597800000,9584.6,9605.1,9574.9,9603.8,779.88732859
1582598700000,9603.9,9620,9601.4,9606.7,549.37036351
1582599600000,9606.3,9626.6,9597,9603,690.42946857
1582600500000,9602.7,9602.7,9569.7,9577,483.51890569
1582601400000,9576.3,9605.2,9571.4,9598.5,445.679632
1582602300000,9598.5,9599.8,9573,9579.7,365.69205689
1582603200000,9579.6,9579.6,9553,9567.4,547.10933937
1582604100000,9567.4,9593.8,9558,9587.8,507.54808656
1582605000000,9588,9604.3,9583.3,9589.8,499.86492929
1582605900000,9590.2,9591.5,9567.3,9574.5,551.14914205
1582606800000,9574.5,9590.6,9563.8,9575.9,360.37282945
1582607700000,9575.7,9580.9,9538,9554.9,555.59861963
1582608600000,9554.6,9565,9534.5,9539.4,301.1244263
1582609500000,9539.4,9558.7,9528.5,9555.7,413.97404941
1582610400000,9555.7,9569.5,9543.9,9553,708.03745373
1582611300000,9553,9554.2,9521.3,9521.4,507.44137133
1582612200000,9521.4,9540.8,9512,9512.1,603.78943165
1582613100000,9512,9542.4,9503.5,9536.2,630.62279079
1582614000000,9536.2,9537.8,9503.4,9522.7,594.93646593
1582614900000,9522.7,9522.7,9486.1,9502.8,545.15730326
1582615800000,9502.8,9521.3,9495,9501.2,462.02623862
1582616700000,9501.1,9532.7,9496,9520.2,489.67906657
1582617600000,9520.1,9566.6,9503,9558.5,662.7692685
1582618500000,9557.4,9578.6,9542.1,9567.8,636.60001614
1582619400000,9566.8,9579.5,9550.9,9565.2,533.97381246
1582620300000,9564.8,9565.9,9546,9548.7,723.1971868
1582621200000,9548.8,9579.6,9548.8,9578.9,595.05912105
1582622100000,9578.9,9591.4,9571.4,9587.4,351.55556999
1582623000000,9587.3,9591.3,9574.2,9576.6,157.9420567
1582623900000,9576.7,9582.4,9559.2,9559.4,163.09831256
1582624800000,9559.5,9572.7,9534.6,9546.1,189.44527763
1582625700000,9547.5,9557.8,9542.1,9555.5,222.76335267
1582626600000,9556.2,9572.3,9547.7,9554.3,200.63118447
1582627500000,9554.3,9554.3,9536.1,9550.4,128.57089576
1582628400000,9550.4,9550.4,9513.5,9524.6,443.43027285
1582629300000,9524.6,9532.3,9488,9532.3,319.44573289
1582630200000,9534.1,9548.8,9528.5,9548.7,218.94006197
1582631100000,9548.7,9650,9540,9626.9,968.67576476
1582632000000,9626,9673,9609.2,9612.3,557.12315101
1582632900000,9612.2,9637.3,9606.3,9620,380.64394361
1582633800000,9620,9638.3,9612.3,9626,367.9015419
1582634700000,9626,9635.3,9595,9612.6,265.76508058
1582635600000,9612.6,9617.6,9593.7,9601,196.21501657
1582636500000,9601.2,9601.2,9547.8,9556.5,442.39677056
1582637400000,9556.4,9586,9555.4,9566.6,329.28530244
1582638300000,9566.7,9590.2,9561,9565.8,293.95719849
1582639200000,9565.9,9566.1,9524.4,9527.4,464.64494057
1582640100000,9527.6,9534.8,9400,9455.3,1763.35487495
1582641000000,9455.3,9470.9,9359.2,9399.3,1432.62991417
1582641900000,9400.1,9477.7,9398.2,9403,987.27597693
1582642800000,9404.2,9433.6,9384.7,9401.2,411.26687862
1582643700000,9401.3,9421.7,9368.3,9417.9,761.02022838
1582644600000,9417.1,9435.6,9401.9,9417.3,247.01301638
1582645500000,9417.3,9418.6,9372.1,9398.7,316.44311909
1582646400000,9398.6,9462.6,9326.7,9450.5,1102.73392598
1582647300000,9450.6,9458.6,9355.8,9375.8,635.228248
1582648200000,9375.7,9396.8,9354.7,9359.4,408.51377561
1582649100000,9359.3,9359.4,9300,9307.1,903.28396729
1582650000000,9308.2,9342.1,9283,9331.3,640.89684135
1582650900000,9331.4,9349.4,9307.9,9338.2,300.24374612
1582651800000,9338.2,9384.5,9332.6,9373.5,311.17209815
1582652700000,9373.5,9373.9,9335.5,9336.6,212.37440395
1582653600000,9335.5,9369.1,9323.7,9367.7,185.74686057
1582654500000,9367.7,9368.6,9342.7,9360.4,246.90177065
1582655400000,9360.4,9378,9356.2,9368.4,253.70305621
1582656300000,9368.5,9398,9368.5,9376.9,152.45737564
1582657200000,9375.4,9377.6,9348.3,9361.3,179.23937145
1582658100000,9360.7,9366.5,9334.3,9345.6,176.5875776
1582659000000,9345.5,9351.2,9323.7,9326.3,129.5461216
1582659900000,9326.4,9359.1,9326.4,9357.9,169.33055615
1582660800000,9360,9374.5,9341,9370.6,106.73409963
1582661700000,9370.6,9377.9,9325,9325,184.57582997
1582662600000,9325,9335.2,9308.3,9309.9,182.06365688
1582663500000,9309.9,9333.5,9300,9329,166.81806987
1582664400000,9329,9355.3,9328.7,9338.8,180.76911921
1582665300000,9338.9,9394.2,9243,9372,1094.35055998
1582666200000,9371.9,9415.3,9359.2,9377.8,230.79778019
1582667100000,9377.8,9397,9360.9,9391.2,146.26118076
1582668000000,9390.7,9398.6,9368.4,9398.6,97.05631776
1582668900000,9398.6,9425.9,9397.3,9414.9,153.98683876
1582669800000,9414.7,9417.4,9388.3,9393.8,91.80860997
1582670700000,9393.7,9394.1,9375,9394,198.17600719
1582671600000,9394,9394,9366.8,9383,236.07080274
1582672500000,9383,9385.9,9365.1,9370.7,558.95416253
1582673400000,9370.9,9377.7,9333.6,9345,281.39148686
1582674300000,9345.2,9358,9307.6,9315.8,351.46390916
1582675200000,9315.7,9359,9291.9,9359,341.71224827
1582676100000,9358.9,9378.2,9350.2,9354.1,347.02983893
1582677000000,9354.1,9373.7,9323.7,9327.9,260.61639803
1582677900000,9327.9,9329.1,9301.7,9312.1,257.49143125
1582678800000,9312.2,9330,9255.4,9266.4,511.65382262
1582679700000,9266.3,9283.9,9216.3,9221.7,936.06386793
1582680600000,9221.6,9247.6,9206,9236,608.87929132
1582681500000,9236,9258.4,9203,9203.5,665.71049019
1582682400000,9203.3,9229.3,9131.4,9146.7,1261.29447266
1582683300000,9146.8,9185.5,9100,9179.5,1426.94438067
1582684200000,9180,9220,9173.9,9204.4,824.87850177
1582685100000,9204.4,9227.7,9197.1,9203.3,373.06529955
1582686000000,9203.4,9208.9,9180,9196.1,344.28696142
1582686900000,9196.2,9200.4,9141.1,9141.4,514.35012834
1582687800000,9141.3,9175,9140.2,9155.5,506.54758446
1582688700000,9156.8,9176.9,9135.7,9170.6,371.67648022
1582689600000,9170.6,9170.6,9120.2,9128,345.07180651
1582690500000,9128.1,9154.3,9124.8,9133.5,286.37306349
1582691400000,9133.4,9163.3,9128.5,9153.1,336.82104253
1582692300000,9153,9183.8,9149.7,9182.1,396.96532697
1582693200000,9182.1,9182.1,9150,9154.6,200.32127344
1582694100000,9154.6,9162.5,9145.7,9151.4,432.9821437
1582695000000,9151.6,9185.7,9151.6,9182.8,386.46941991
1582695900000,9182.9,9207.5,9182.9,9202.9,543.17338904
1582696800000,9202.5,9214,9192.1,9192.1,267.24253154
1582697700000,9192.2,9199.1,9175.2,9196.1,409.72076819
1582698600000,9196,9210.2,9192.4,9205,337.04350802
1582699500000,9205,9221.2,9200.1,9216.1,279.46579164
1582700400000,9216.2,9219.5,9181.1,9191.1,444.15472399
1582701300000,9190.9,9191.3,9162.3,9162.9,363.23263495
1582702200000,9162.9,9169.8,9153.2,9163.7,504.02383477
1582703100000,9163.7,9171.8,9134.3,9147.3,458.87506734
1582704000000,9147.2,9175.6,9137.9,9168.6,361.67470292
1582704900000,9168.6,9173.7,9120,9121.1,462.99093943
1582705800000,9120.9,9153,9104.9,9146.3,481.93883213
1582706700000,9146.3,9230.5,9146.2,9197.7,785.74318921
1582707600000,9197.1,9205.9,9140,9156.3,362.43759481
1582708500000,9156.4,9156.4,9120,9144.9,553.44076347
1582709400000,9144.9,9164.8,9139.3,9155.5,379.09278846
1582710300000,9155.9,9157.4,9120.2,9129.8,441.32210414
1582711200000,9129.8,9186.7,9105.1,9161.3,668.78648349
1582712100000,9161.2,9174.3,9141.3,9164.4,296.59650631
1582713000000,9164.3,9197.2,9164.3,9182.6,220.98864877
1582713900000,9182.6,9198.6,9172.5,9184.3,302.9178037
1582714800000,9185.2,9186.6,9166.4,9179.2,185.15486261
1582715700000,9179.2,9179.3,9150.5,9162,253.92878823
1582716600000,9162.1,9176.1,9144.9,9154,275.80001258
1582717500000,9154,9167,9147,9159.1,258.88258733
1582718400000,9159.1,9235.6,9031.4,9222.6,2227.63704798
1582719300000,9222.6,9245.8,9200,9216.1,657.07461624
1582720200000,9216.1,9310,9214,9266.9,1651.92928008
1582721100000,9267.7,9291.6,9244.2,9288.5,246.22965432
1582722000000,9288.6,9290.3,9222.5,9239.6,425.81123009
1582722900000,9240.2,9243.3,9199.4,9215.2,497.32045074
1582723800000,9215.3,9223,9170,9183.1,484.8028619
1582724700000,9181.8,9181.8,9056.7,9094.2,1009.81714171
1582725600000,9092.3,9137.3,9010.4,9094.1,1274.7138965
1582726500000,9093.4,9094.2,8988,9026.1,1331.01498966
1582727400000,9025.8,9084.3,8980,9041.3,1081.13775624
1582728300000,9041.3,9058,9019.8,9039.8,1258.57128608
1582729200000,9039.2,9055.2,8969.2,8992.6,1274.37293233
1582730100000,8992.7,9029.8,8977.9,9002.7,1023.57732846
1582731000000,9002.7,9041.7,8993.7,9031.2,1047.61228866
1582731900000,9029.5,9050,8989.8,8996.7,356.45053579
1582732800000,8996.7,9030,8902.6,8904.4,1922.24662216
1582733700000,8904,8916.4,8800,8876.4,2189.89634042
1582734600000,8875.5,8917.6,8770.7,8770.7,2121.44593382
1582735500000,8770.6,8792.4,8610,8755.1,4321.53938929
1582736400000,8755.1,8800.9,8700,8703.7,1643.69811021
1582737300000,8703.6,8753.6,8700,8709.2,1066.08180592
1582738200000,8709.4,8719.4,8660,8683.4,1173.11975918
1582739100000,8683.2,8739.7,8666,8729.8,722.16118788
1582740000000,8730.1,8772.6,8723.1,8770.5,722.07079173
1582740900000,8770.5,8774.3,8731.9,8732.7,915.12717822
1582741800000,8732.6,8799.9,8730.2,8796.7,995.92503028
1582742700000,8796.7,8844.5,8768.8,8837.5,937.20768973
1582743600000,8839.2,8858.1,8797.9,8797.9,1220.54935592
1582744500000,8797.9,8822.9,8780.8,8788.9,552.90689997
1582745400000,8789,8827.2,8787.2,8820.9,443.14791213
1582746300000,8822,8835.1,8801.9,8827,450.54774083
1582747200000,8827,8838.3,8799.6,8838.3,495.17526082
1582748100000,8838.5,8863.1,8834.8,8861,685.32234415
1582749000000,8861.1,8861.1,8804.8,8819.8,464.54508786
1582749900000,8819.8,8824.9,8774.4,8803.1,365.94521973
1582750800000,8803.1,8830.2,8801.6,8822.9,179.81524816
1582751700000,8822.5,8834.9,8794.7,8801.7,228.65345568
1582752600000,8801.7,8801.7,8759.6,8788.8,286.01918435
1582753500000,8788.7,8797.4,8747.7,8749.1,249.80044827
1582754400000,8748.9,8811.5,8713.7,8803,498.71699561
1582755300000,8802.9,8807.3,8769,8796.2,159.75568364
1582756200000,8796.1,8837,8789.6,8825.6,177.01708958
1582757100000,8825.6,8825.7,8786.4,8786.4,255.58058626
1582758000000,8786.3,8825.5,8782.7,8794.7,333.95854128
1582758900000,8795.1,8828.5,8795,8828.5,224.28442579
1582759800000,8828.5,8838.5,8794.2,8808.8,530.77334
1582760700000,8809.4,8812.9,8783.6,8786.6,323.85904112
1582761600000,8787.1,8794.1,8716.8,8741.5,792.64641184
1582762500000,8741.3,8753.3,8680,8700.8,1008.55880275
1582763400000,8700.8,8702.2,8625,8639.2,1033.31939892
1582764300000,8639.2,8687.9,8615,8644.8,778.72672293
1582765200000,8645.2,8649.1,8526.1,8526.8,2363.39594484
1582766100000,8526.9,8650.9,8526.9,8613.6,1320.07860153
1582767000000,8613.5,8639.9,8581,8598.5,618.59444325
1582767900000,8599.1,8716.1,8599.1,8691.6,993.76492854
1582768800000,8692,8706.2,8658,8703.3,423.6393814
1582769700000,8703.4,8742.6,8684.9,8696.4,646.11542154
1582770600000,8696.4,8701.2,8652.8,8687.7,408.62789507
1582771500000,8688.6,8701.6,8660.4,8700.9,248.10765323
1582772400000,8700.8,8700.9,8645.4,8678.3,392.84188302
1582773300000,8678.3,8687.8,8660,8682.7,282.3377378
1582774200000,8682.2,8730.4,8663.3,8703.7,480.10488786
1582775100000,8703.6,8765.1,8696.8,8738.3,503.83119145
1582776000000,8739,8749,8713.5,8735.2,262.00517444
1582776900000,8735.2,8736.7,8700.8,8706.3,250.45928713
1582777800000,8706.3,8731.4,8668.1,8678.8,489.48829443
1582778700000,8678.8,8716.4,8678.8,8707.5,368.82675643
1582779600000,8706.8,8733,8700.6,8725.9,403.96246964
1582780500000,8725.8,8749.1,8710.1,8728.3,425.57917232
1582781400000,8728.3,8758.8,8715.7,8751.4,500.56160533
1582782300000,8752,8780.5,8743.4,8765,586.06451577
1582783200000,8764.8,8838,8750.3,8828.7,2115.12644385
1582784100000,8828.7,8833.3,8780,8804.9,1065.54860034
1582785000000,8804.9,8812.2,8777.5,8796.9,660.889974
1582785900000,8796.9,8818.4,8786.2,8812.5,607.74121645
1582786800000,8812.5,8830,8792.9,8808.2,706.17435626
1582787700000,8808.2,8823.4,8781.3,8792.7,637.13049651
1582788600000,8792.7,8803.8,8763.6,8789.7,743.33137866
1582789500000,8789.8,8826.5,8785.7,8817,681.58031257
1582790400000,8817.1,8832.7,8789.3,8832.3,846.18217244
1582791300000,8832.2,8863.7,8820.8,8839.1,851.49456297
1582792200000,8839.1,8863.9,8823.3,8825.5,871.24025441
1582793100000,8825.5,8839.9,8785,8788.7,645.00533672
1582794000000,8788.7,8812.1,8783,8810,430.86071449
1582794900000,8809.8,8838.5,8798.4,8820.7,198.29660833
1582795800000,8820.7,8838.4,8797,8804.9,311.49988102
1582796700000,8804.9,8805,8739.1,8748.1,503.57004127
1582797600000,8748,8775.6,8736.3,8772.9,646.97594215
1582798500000,8773.6,8788.3,8747.7,8786,508.18844689
1582799400000,8786.1,8822.5,8770.2,8805.3,739.14866251
1582800300000,8805.4,8819.4,8787.4,8817.9,640.69852704
1582801200000,8817.8,8829.9,8796.2,8810.2,587.69138347
1582802100000,8810.2,8817.3,8789.5,8795.6,532.8409587
1582803000000,8795.5,8807.4,8783.5,8799.3,540.44658118
1582803900000,8799.2,8820.3,8795.6,8802.6,734.09064651
1582804800000,8802.7,8900,8802.6,8876.3,1315.10644164
1582805700000,8876.3,8939.9,8861.1,8882.4,1334.91314288
1582806600000,8882.4,8899,8767.8,8783.3,1503.39236348
1582807500000,8782.9,8813.3,8746.9,8785.4,606.05486689
1582808400000,8785.3,8823.6,8752.3,8822,697.76319522
1582809300000,8821.9,8834,8790.5,8808.1,445.8161099
1582810200000,8808.1,8824.3,8791.3,8818.5,309.98160455
1582811100000,8818.3,8843.9,8810.4,8820.9,317.41692044
1582812000000,8820.7,8834.1,8798.4,8826.7,702.76443686
1582812900000,8826.7,8878.2,8825.8,8837.8,609.17045859
1582813800000,8837.8,8862.5,8819.9,8859.9,735.31237419
1582814700000,8859.8,8864.3,8831.9,8854.8,501.49237403
1582815600000,8854.8,8891.6,8849,8880.8,919.85845512
1582816500000,8880.4,8900,8862,8897.1,407.07578928
1582817400000,8897.2,8899.3,8843.5,8864.5,488.00957917
1582818300000,8864.5,8864.5,8824.9,8846.1,450.99735061
1582819200000,8846.2,8890.9,8845.9,8885.8,530.47649064
1582820100000,8885.8,8925.5,8875.3,8915.5,931.25887028
1582821000000,8915.4,8975.1,8903.9,8966.8,1306.76615294
1582821900000,8966.8,8977,8926.7,8936.9,1458.3217228
1582822800000,8936.9,8951.4,8901,8912.1,565.4906836
1582823700000,8911.9,8929.2,8886.9,8916.6,477.81786251
1582824600000,8916.5,8924.1,8893.4,8924.1,393.45293215
1582825500000,8924,8935.3,8907.9,8911.2,401.41366013
1582826400000,8911.3,8919.3,8894.8,8915,291.88743509
1582827300000,8915,8936.5,8902.1,8919.9,511.63682853
1582828200000,8919.9,8925.4,8898.1,8898.9,331.13171272
1582829100000,8898.8,8901.6,8869.8,8887.7,398.20424343
1582830000000,8887.6,8893.4,8850,8867.3,457.43010578
1582830900000,8866.1,8885.2,8858.9,8869.6,234.20248101
1582831800000,8869.6,8905.2,8864.3,8898.5,509.14751269
1582832700000,8898.6,8918.4,8890.6,8914,335.3596259
1582833600000,8914.7,8916.5,8891.6,8903.7,242.67786699
1582834500000,8903.7,8914.7,8867.1,8868.8,249.62377667
1582835400000,8868.9,8887.3,8865.5,8872.7,263.39756913
1582836300000,8872.7,8899.1,8872.7,8882.9,266.26771608
1582837200000,8883,8899.1,8863.3,8870.4,391.06781995
1582838100000,8871.2,8884.8,8830.2,8840.4,270.67182068
1582839000000,8840.4,8840.4,8751.1,8764.1,660.62091892
1582839900000,8764.2,8798.9,8740.3,8762.4,371.72891334
1582840800000,8762.4,8774.6,8685.7,8686,578.59678641
1582841700000,8686.1,8730.7,8685.7,8701,194.75213579
1582842600000,8701.1,8826.1,8701.1,8803.2,547.61101273
1582843500000,8804.7,8804.8,8753.1,8794.9,500.8719191
1582844400000,8794.9,8821.5,8772,8787.8,479.07963229
1582845300000,8788,8800,8767.8,8791.6,275.79832507
1582846200000,8791.7,8793,8758,8775.7,217.5543405
1582847100000,8775.7,8822.5,8760.7,8822.5,614.8265387
1582848000000,8822.6,8826.9,8785.8,8810.8,231.39938737
1582848900000,8810.9,8885,8808.8,8865.8,518.30074254
1582849800000,8865.8,8899.3,8845.5,8852.9,385.43763316
1582850700000,8852.9,8869.6,8843.2,8855,168.35180471
1582851600000,8855.5,8856.2,8828.5,8828.5,190.89673946
1582852500000,8828.5,8843.2,8811.3,8841.1,218.82251526
1582853400000,8842,8870.3,8842,8853.1,308.21521243
1582854300000,8853.2,8900.3,8843.1,8893.6,326.4401761
1582855200000,8893.6,8898.7,8860.7,8865.6,334.26499014
1582856100000,8865.1,8876.6,8855.2,8872.9,221.87329058
1582857000000,8873.2,8876.3,8853.6,8860.8,331.08853891
1582857900000,8860.8,8880,8843.4,8866.5,271.20510026
1582858800000,8866.4,8885,8851.8,8883.9,260.06466375
1582859700000,8883.9,8884.5,8853.8,8854,361.3926566
1582860600000,8854,8867.5,8836.2,8838.6,188.30845813
1582861500000,8838.7,8853.9,8833.7,8838.4,264.4657115
1582862400000,8838.4,8845.2,8817.9,8845.2,267.71746388
1582863300000,8845.2,8853.9,8831.9,8836.5,305.95331778
1582864200000,8836.6,8859.7,8835.4,8851.8,246.74912344
1582865100000,8851.9,8859.7,8825.8,8827.4,197.67326744
1582866000000,8827.4,8830.1,8778.5,8790.6,694.56884804
1582866900000,8790.6,8812.5,8777.7,8795.7,336.25577916
1582867800000,8796.6,8807.7,8778.6,8783.4,421.02391729
1582868700000,8783.4,8801.4,8781.5,8783,283.92510049
1582869600000,8783.1,8789.2,8762.3,8784.7,379.69702265
1582870500000,8784.6,8794.1,8770.4,8782.6,328.34177284
1582871400000,8782.6,8801.4,8758.7,8787.3,529.52859848
1582872300000,8787.4,8800.2,8777.5,8778.1,507.63029379
1582873200000,8778,8784.4,8745.6,8757.9,494.74370383
1582874100000,8757.3,8765.8,8716,8727.5,554.74936645
1582875000000,8726.9,8750.7,8717.7,8741,524.18729752
1582875900000,8740.8,8741.1,8696.7,8729.6,674.42567709
1582876800000,8729.5,8778.5,8724.7,8773.2,588.50157052
1582877700000,8773.2,8777.8,8755.2,8755.4,478.68902813
1582878600000,8755.4,8765.5,8743.9,8751.5,334.09499902
1582879500000,8751.5,8751.5,8701.1,8704.2,500.15561411
1582880400000,8703.1,8709,8660,8682.2,865.74425386
1582881300000,8682.7,8730.7,8678.7,8725.3,621.87463192
1582882200000,8725.3,8726,8638,8645.9,1022.63753627
1582883100000,8646,8649,8580,8604.6,1386.39340615
1582884000000,8604.3,8649.8,8540.1,8646.4,1450.75359964
1582884900000,8647.2,8651.9,8593.4,8609.2,525.12145965
1582885800000,8609.2,8621.4,8541.2,8547.6,892.31830802
1582886700000,8546.5,8593.4,8540,8591.5,731.61448076
1582887600000,8592.3,8641.4,8572.2,8617.3,899.56202406
1582888500000,8617.2,8629.5,8605.2,8614.9,306.65699837
1582889400000,8614.9,8620.1,8565.5,8573.8,811.60556443
1582890300000,8573.8,8587.7,8560.9,8586,277.04508394
1582891200000,8586.1,8599.1,8477.3,8549.1,1521.65909989
1582892100000,8550.1,8555,8447.9,8498,1307.25389099
1582893000000,8498.5,8521.5,8440.7,8492.2,1182.10562587
1582893900000,8492.5,8530.4,8486.3,8521.3,701.66540713
1582894800000,8521.2,8688.9,8494.7,8607.9,2022.45602567
1582895700000,8607.2,8667.4,8594.6,8656.7,767.70088093
1582896600000,8656.7,8702.5,8635.6,8669.4,939.09707121
1582897500000,8668.4,8681.4,8640,8660.7,698.71812276
1582898400000,8660.8,8684.7,8619.6,8625.4,769.8948146
1582899300000,8625.4,8643,8564.6,8571,734.29177192
1582900200000,8571.1,8645.5,8570,8635.8,1195.14294431
1582901100000,8635.8,8670,8608.2,8664.5,941.29934178
1582902000000,8664.5,8672,8640.3,8660.1,748.95382912
1582902900000,8661.2,8671.4,8626.7,8670.5,510.4630105
1582903800000,8670.6,8724.8,8664.4,8671.5,1344.16260706
1582904700000,8671.6,8722.9,8668.4,8716.6,370.35276165
1582905600000,8716.3,8740.9,8681.5,8698.4,576.7932433
1582906500000,8699.5,8719.7,8670.1,8676.1,759.68028576
1582907400000,8676.1,8689.8,8657.6,8657.7,410.68646729
1582908300000,8657.7,8660,8623.6,8631.7,2122.9333421
1582909200000,8632,8633,8569.8,8585,1550.06922465
1582910100000,8585,8626.6,8571.5,8605.2,665.54296598
1582911000000,8605.2,8614.7,8480,8486.5,3240.00839278
1582911900000,8487.7,8589.9,8479.7,8558.9,2185.53546118
1582912800000,8559.7,8587.5,8521.2,8567.8,869.83252959
1582913700000,8567.8,8586.2,8529.6,8538.7,530.48053949
1582914600000,8539.7,8549.2,8515,8524.4,497.13951719
1582915500000,8524.3,8553.4,8513.7,8536.9,366.24910389
1582916400000,8535.6,8557.7,8517.3,8528.4,458.62664076
1582917300000,8528.4,8597.8,8522.1,8593,469.25631429
1582918200000,8593.3,8594.1,8548,8558.9,301.78961535
1582919100000,8559.5,8576.3,8553,8576.2,247.94154204
1582920000000,8576.2,8674.8,8567,8660,933.40216901
1582920900000,8659.1,8700,8638,8655,622.89430801
1582921800000,8654.9,8654.9,8621.3,8631.4,574.85051712
1582922700000,8630.7,8641.6,8602.2,8608.9,480.3261268
1582923600000,8609.9,8670.5,8606.3,8669.9,325.98484703
1582924500000,8670,8691.3,8649.5,8664.3,263.07217687
1582925400000,8664.7,8669.3,8630.9,8646.2,256.98141109
1582926300000,8646.2,8665.4,8633.5,8655.9,163.85589244
1582927200000,8655.9,8690.1,8654.5,8677.1,216.95381138
1582928100000,8678.2,8705.5,8678,8684.3,284.37489727
1582929000000,8684.6,8760.5,8683.2,8753.3,952.71504474
1582929900000,8753.3,8778,8730,8777.1,379.59848665
1582930800000,8777.2,8789,8738.4,8740,517.53461673
1582931700000,8740.1,8757.6,8720.4,8753.8,331.89137767
1582932600000,8753.8,8769.7,8730.9,8741.5,272.31925442
1582933500000,8741,8741,8668.7,8689.2,509.16397006
1582934400000,8688.2,8746,8687.1,8738.8,381.94725575
1582935300000,8737.8,8760,8733.9,8735.9,405.21345252
1582936200000,8736,8768.1,8735.3,8735.4,241.40201019
1582937100000,8735.9,8748.4,8712.9,8718.6,279.31080148
1582938000000,8718.7,8732.5,8695.1,8695.1,266.89826255
1582938900000,8695.1,8708.7,8663.9,8680.1,329.17853064
1582939800000,8680.4,8712.4,8661,8697.2,442.85029702
1582940700000,8696.6,8716.2,8673.8,8674,300.39690531
1582941600000,8673.9,8699.2,8670.5,8698.9,319.19511202
1582942500000,8698.9,8725,8693.4,8711.1,364.44506789
1582943400000,8711.1,8713.2,8686.1,8696.6,432.99736969
1582944300000,8696.4,8722.3,8687.6,8706.2,261.74558642
1582945200000,8706.2,8728.6,8706.2,8715.4,354.74031542
1582946100000,8715.4,8718.2,8691.3,8698.9,324.22874024
1582947000000,8698.9,8709.7,8675.5,8700.8,375.96739714
1582947900000,8700.4,8717.3,8679.8,8714.8,363.024373
1582948800000,8714.9,8742.1,8714.8,8742,333.69856004
1582949700000,8741.9,8747.6,8730,8731.2,410.53409967
1582950600000,8731.1,8740.3,8718.7,8739.5,297.3953956
1582951500000,8739.5,8754.6,8731.4,8743,510.27240229
1582952400000,8742.9,8767.4,8731.3,8762.9,525.97074353
1582953300000,8762.8,8770.5,8747.2,8751.2,547.97637547
1582954200000,8751.2,8762.4,8745,8747.3,496.80312278
1582955100000,8747.3,8769.8,8746.7,8769.5,474.76469832
1582956000000,8769.5,8792,8745,8750.5,701.00746096
1582956900000,8750.5,8751.8,8710.7,8712.8,795.71926657
1582957800000,8712.8,8735.8,8703.5,8726,518.48158528
1582958700000,8726.1,8735.5,8707.3,8711.4,513.47054821
1582959600000,8711.5,8740,8700,8730.3,534.59987184
1582960500000,8730.1,8748.2,8720,8720.9,555.47145934
1582961400000,8720.9,8748.8,8710.2,8739.9,289.18227305
1582962300000,8739.8,8757.4,8727.8,8748.1,426.32015996
1582963200000,8748.1,8763.8,8742.2,8759.4,382.44040257
1582964100000,8758.7,8763.3,8735.6,8742.1,384.49612457
1582965000000,8742.2,8743.3,8723,8723.8,304.28735542
1582965900000,8723.9,8750,8720,8749.2,366.3877616
1582966800000,8749.2,8749.2,8710,8711,327.5244797
1582967700000,8711,8716.3,8684.9,8690.3,469.35483817
1582968600000,8690.1,8713.6,8682.9,8701.2,460.9828392
1582969500000,8701.3,8701.3,8672.9,8688.7,348.54395978
1582970400000,8688.7,8715.1,8674.7,8705.3,537.33684181
1582971300000,8705.1,8726.1,8695,8699.1,363.26993391
1582972200000,8699.2,8700.7,8681.4,8699.3,338.96818758
1582973100000,8699.3,8699.4,8623.8,8630.8,786.84375113
1582974000000,8630.9,8651.5,8605.8,8635.7,470.95319875
1582974900000,8635.7,8672.5,8635.7,8639.1,525.95110828
1582975800000,8639.2,8685.3,8636.1,8674.7,527.79114063
1582976700000,8674.7,8711.2,8663.1,8699,548.43482667
1582977600000,8699,8699.1,8672.6,8689,652.48344839
1582978500000,8689,8690.5,8650.9,8654,366.27854738
1582979400000,8654,8672.8,8650,8655,517.68198945
1582980300000,8655,8680.2,8652.6,8662.5,351.47312257
1582981200000,8662.5,8662.5,8624.6,8641.3,702.75954301
1582982100000,8641.3,8655.6,8610.5,8620.1,577.3001369
1582983000000,8619.8,8634.2,8610.6,8616.4,379.05443195
1582983900000,8616.4,8656.4,8615.9,8635.2,511.38273995
1582984800000,8635.2,8639.9,8592.7,8596.1,689.68681397
1582985700000,8596.3,8610.4,8578.2,8597.9,565.37835753
1582986600000,8598.1,8625.8,8591.5,8607.5,675.62936554
1582987500000,8607.4,8624.5,8571.9,8623.6,569.62974397
1582988400000,8623.7,8624.1,8585,8603.3,507.1739285
1582989300000,8603.3,8670,8593.4,8645.3,629.6301837
1582990200000,8645.7,8655,8621.1,8647.7,487.65104671
1582991100000,8648.4,8674.6,8647.2,8648.4,575.22421813
1582992000000,8648.5,8663.4,8618.3,8624,671.60612017
1582992900000,8624.1,8650,8624.1,8627.7,749.22363287
1582993800000,8627.7,8637,8599.1,8617,592.75755886
1582994700000,8617,8628.6,8600.8,8603.1,416.95694876
1582995600000,8603.1,8631.3,8593,8630.5,446.82174045
1582996500000,8630.5,8651.6,8614.9,8634.4,454.638725
1582997400000,8634.3,8650,8625.6,8645.9,403.47191322
1582998300000,8645.9,8651.8,8633.8,8651.2,272.53304485
1582999200000,8651.1,8651.5,8634.3,8646.7,256.90501579
1583000100000,8646.7,8676,8643.4,8669.6,400.46389597
1583001000000,8669.6,8669.6,8649.5,8653.3,309.43614747
1583001900000,8653.3,8676.4,8651.8,8664.8,309.67616154
1583002800000,8664.9,8667.3,8646.4,8648.4,259.91519676
1583003700000,8648.4,8660.5,8632.5,8634.6,255.92559126
1583004600000,8634.6,8668.4,8630.9,8667.7,344.88128626
1583005500000,8667.6,8674.6,8658.6,8671.7,281.69138909
1583006400000,8671.6,8671.6,8650.8,8665.1,284.45665096
1583007300000,8665.2,8665.2,8638.1,8644.1,216.23054918
1583008200000,8643.7,8660.1,8640.3,8653.8,219.62175861
1583009100000,8653.1,8657.8,8638.2,8653.3,232.33891858
1583010000000,8653.3,8662.9,8641.2,8644.9,309.41051773
1583010900000,8645,8645,8610.7,8618.9,414.99749471
1583011800000,8618.9,8628,8614.9,8623.5,208.82983706
1583012700000,8623.5,8633.7,8612.1,8632.6,347.50213265
1583013600000,8633.1,8637.1,8609.8,8609.8,235.9267717
1583014500000,8609.8,8614.1,8595.3,8598.9,214.74033809
1583015400000,8598.9,8629.8,8597.9,8622.7,173.6228923
1583016300000,8622.7,8634.5,8610.4,8634.5,338.52819101
1583017200000,8634.5,8659.2,8632.1,8634.8,349.89725901
1583018100000,8634.7,8650.7,8622.6,8630.8,263.12435664
1583019000000,8630.8,8630.8,8553,8571.7,721.15987895
1583019900000,8571.7,8585.3,8524.7,8525.5,731.84800799
