ts,open,high,low,close,volume
1638316800000,56960.5,57530.5,56647.7,57166.5,416.13323833
1638317700000,57189.7,57530.3,57189.7,57504,64.48577234
1638318600000,57504.1,57659.9,57225,57342.5,182.88394537
1638319500000,57342.6,57671.7,57325.9,57575.1,162.48860074
1638320400000,57575.1,57575.1,57289,57332.7,160.88109902
1638321300000,57332.7,57332.7,57004.3,57093.8,159.03348273
1638322200000,57093.8,57244.2,56925.2,57088.2,119.26479034
1638323100000,57088.2,57193.2,56982.1,56991.4,36.21556128
1638324000000,56991.3,57088.4,56830.5,56858.6,190.53419053
1638324900000,56858.6,56930.7,56810.8,56903.9,69.01831571
1638325800000,56903.9,57173.3,56890.7,57143.5,173.96235318
1638326700000,57143.5,57356.5,57097.5,57266.8,144.52015204
1638327600000,57266.7,57331.7,57162.6,57185.3,194.28597273
1638328500000,57185.4,57239.6,57082.1,57099,200.08146615
1638329400000,57098.9,57381.8,56991.6,57235,183.04890108
1638330300000,57235.1,57372.9,57079.9,57364,187.51469648
1638331200000,57364,57415.1,57222.1,57276.1,130.52331028
1638332100000,57276.1,57291.9,57130.2,57152.1,176.15319005
1638333000000,57152.1,57232.3,57115.2,57144.8,37.97570369
1638333900000,57144.8,57144.8,56985.3,57048.5,44.44453894
1638334800000,57048.4,57128.8,56958,56958,42.22114125
1638335700000,56958,56998.1,56820.2,56871,238.43071952
1638336600000,56870.9,56925,56801,56915,38.8218001
1638337500000,56915,56931.3,56729.2,56779.2,60.62582756
1638338400000,56779.2,57025.1,56681,57008.7,73.3664204
1638339300000,57008.8,57089.9,56904.5,56924.2,195.08367136
1638340200000,56924.3,56990.2,56821.9,56901.6,42.04253341
1638341100000,56901.6,57066.9,56888.2,56930.3,74.63611328
1638342000000,56930.2,57149,56821.9,57088.3,151.40312746
1638342900000,57088.3,57292.9,57070.3,57139.1,208.06845405
1638343800000,57139.1,57238.4,57022.6,57205.4,103.59163625
1638344700000,57205.5,57244.3,57035.3,57156.9,122.16017267
1638345600000,57162,57200.1,56850.6,56925.4,88.40683618
1638346500000,56925.3,57719.7,56906.7,57629.3,542.18550979
1638347400000,57623.8,57833.3,57140.5,57142.6,199.97625944
1638348300000,57149.1,57282.9,56800,56906.1,214.24845952
1638349200000,56906.2,57034.9,56722.9,57004.2,151.83205991
1638350100000,57004.2,57069.7,56880.1,56957.6,163.74487382
1638351000000,56957.4,57100,56870.9,57074.8,78.97750732
1638351900000,57074.8,57186.6,57000,57101.5,153.35744823
1638352800000,57094.8,57183.8,57002.3,57002.3,120.48108767
1638353700000,57002.4,57133.4,56988.1,57055,180.04169681
1638354600000,57055,57055,56837.4,56972.5,100.25754494
1638355500000,56972.5,57080.2,56918.3,56964.6,91.10987081
1638356400000,56973,56992.4,56869.3,56925.1,33.10347797
1638357300000,56925,56925.1,56785,56857.6,162.95886183
1638358200000,56854.5,57140.7,56838.1,56993.7,65.2287703
1638359100000,56993.8,57229,56842.9,57129,191.88101965
1638360000000,57152.8,57372.5,57064.5,57260.1,177.04893341
1638360900000,57256.1,57314,57133,57235.5,184.23908121
1638361800000,57235.6,57278,57078.9,57108.2,35.93090708
1638362700000,57108.3,57158.7,57012,57080.9,84.98700177
1638363600000,57080.8,57321.5,57037.2,57246.5,93.25220941
1638364500000,57246.4,57443.2,57217,57347.6,235.31695869
1638365400000,57347.6,57932.5,57347.6,57743.1,204.82019059
1638366300000,57741.9,57797.5,57482.9,57663.1,75.63642201
1638367200000,57655.3,58025.5,57654.7,57962.6,85.230663
1638368100000,57962.6,58536.6,57962.6,58509.6,332.97486098
1638369000000,58509.7,58544.3,58206.5,58544.2,96.21251236
1638369900000,58544.2,58718.8,58302.2,58547.5,144.86570151
1638370800000,58547.5,58824.3,58363.6,58436.1,88.92959629
1638371700000,58436.1,58571.9,58289.4,58488.1,178.2293645
1638372600000,58488.1,58741.4,58306.6,58419.1,140.56716368
1638373500000,58419.1,58640.4,58419.1,58613.5,41.60482613
1638374400000,58613.5,58965.9,58570.2,58952.8,134.16371401
1638375300000,58952.8,59048.7,58723.7,58806.4,179.53265635
1638376200000,58806.3,58850.4,58571.4,58655.7,104.88907264
1638377100000,58662.9,58722.4,58405.8,58437.6,47.29000078
1638378000000,58437.6,58574.9,58407,58477,36.23928648
1638378900000,58475.4,58582.7,58325,58336.2,136.7858496
1638379800000,58338.8,58439.4,58302.8,58377.5,83.7123973
1638380700000,58377.5,58592.2,57988.3,58000.8,128.82023196
1638381600000,58000.8,58101.5,57688.1,57707,108.85461526
1638382500000,57707,57918.3,57586.2,57809.3,152.4694737
1638383400000,57801.8,57947.4,57571.4,57689.4,77.6084285
1638384300000,57689.3,57690.2,57391.9,57462.4,68.47554185
1638385200000,57462.4,57524.9,57003.5,57032,118.46271495
1638386100000,57033.6,57483.7,57000,57483.7,107.78315958
1638387000000,57483.7,57679.4,57388,57541.5,157.71789911
1638387900000,57526.7,57672.4,57404.9,57424.2,30.49250087
1638388800000,57424.2,57449.6,57082.7,57295.1,28.62720497
1638389700000,57295.2,57295.2,56734.6,56938,106.37376493
1638390600000,56938,57225,56838.1,57187.9,199.48158791
1638391500000,57187.9,57207.9,56620.8,56768.9,90.4112579
1638392400000,56768.8,56989.7,56450,56917,148.5607667
1638393300000,56917,56982.6,56527.5,56541.4,38.92649095
1638394200000,56541.5,56781.1,56509.9,56752.5,154.54393342
1638395100000,56752.6,57022.1,56646.2,56980.7,50.74018352
1638396000000,56980.8,57120.6,56823.9,56841.2,91.1038083
1638396900000,56841.2,56906.5,56631.8,56886.7,102.61574455
1638397800000,56886.7,57044.6,56717.7,56863,170.87928476
1638398700000,56862.9,57096.3,56861.5,57056.6,36.42439026
1638399600000,57056.7,57238.3,56976.6,57136.5,48.48794745
1638400500000,57136.1,57196.2,57015.9,57171.2,53.14458993
1638401400000,57171.3,57210.2,57054,57086.2,148.58045114
1638402300000,57086.1,57215.7,57030.5,57176.8,26.46355006
1638403200000,57176.9,57189.3,56891.1,57061.5,324.64888824
1638404100000,57061.4,57159.1,56911.6,56994.2,186.7350243
1638405000000,56994.2,57164.2,56765.6,56823,78.01584825
1638405900000,56822.9,57009.8,56682.8,57009.7,167.15993956
1638406800000,57009.8,57076,56788.8,57060.6,160.26443715
1638407700000,57060.6,57359.6,56934.7,57295,237.57658097
1638408600000,57294.9,57378.5,57100,57131.3,72.88337149
1638409500000,57131.4,57246.6,57076,57210.8,102.7530296
1638410400000,57210.8,57230.7,56886,56914.3,249.92624981
1638411300000,56914.2,56966.5,56837.4,56901.7,44.13515163
1638412200000,56901.7,57085.6,56901.6,57068.6,29.82792568
1638413100000,57068.5,57165,56940.4,56947.7,101.02846993
1638414000000,56947.7,56950.5,56118.8,56118.8,620.62536614
1638414900000,56118.9,56171,55768,55957.2,550.15709238
1638415800000,55956.8,56188.9,55853.1,56105.3,129.76809434
1638416700000,56105.4,56477,56025,56308.4,225.66672012
1638417600000,56307.7,56497.4,56222.4,56476.9,313.57777139
1638418500000,56476.8,56574,56386.8,56573.9,230.78847277
1638419400000,56573.9,56669.4,56449.3,56494.4,139.12127942
1638420300000,56496.1,56596.6,56456.7,56486.5,140.36687149
1638421200000,56486.6,56824.9,56471,56787.2,220.87302099
1638422100000,56787.3,56953,56754.6,56820.6,272.18542471
1638423000000,56820.6,56909.2,56730.1,56861.3,125.5697964
1638423900000,56861.3,56958,56826,56896.4,114.3750828
1638424800000,56896.4,56896.5,56560.1,56678.7,176.82274848
1638425700000,56678.8,56758.3,56615,56727.1,271.7034846
1638426600000,56727.1,56727.1,56357.3,56491,128.09208406
1638427500000,56491,56657.3,56491,56647.3,56.02814205
1638428400000,56653.7,56820,56601.2,56740.2,38.33311669
1638429300000,56741.5,56949,56740,56887,159.65048966
1638430200000,56886.9,56937.5,56605.9,56707.1,37.84741506
1638431100000,56707,56878.1,56706.4,56808.8,35.67171344
1638432000000,56808.9,56958,56748,56834.5,56.41466886
1638432900000,56840.9,57148.9,56823.2,57136,168.63715592
1638433800000,57143,57174.7,56915.6,56958.1,52.43825169
1638434700000,56960.8,56995.6,56932.7,56947.9,26.84741546
1638435600000,56948,57075.4,56931.1,57056,7.72792395
1638436500000,57056,57056,56747.9,56782.7,157.43646563
1638437400000,56782.8,56863.5,56591.8,56712.1,225.51696135
1638438300000,56712.1,56784.5,56588.7,56683.3,53.05552442
1638439200000,56683.4,56798.3,56610.6,56670,30.70330226
1638440100000,56670,56670,56438.2,56533.5,200.19096255
1638441000000,56533.4,56638.5,56466.7,56567.2,72.80923214
1638441900000,56567.2,56589.7,56450.2,56548.3,48.13546195
1638442800000,56548.2,56613.4,56118.8,56140.1,124.48522435
1638443700000,56140.1,56534.4,56075.3,56408.2,261.21162251
1638444600000,56408.1,56552.6,56270.4,56449.2,132.8095875
1638445500000,56449.1,56449.2,56246.8,56308.6,38.03304686
1638446400000,56308.6,56348.6,56066.8,56105.7,69.28127225
1638447300000,56105.7,56459.5,56025,56422.7,193.04538521
1638448200000,56422.6,56500,56348.7,56372.4,70.39048792
1638449100000,56372.5,56584.9,56272,56531.8,74.07064064
1638450000000,56531.7,56620.8,56455.1,56535.1,28.86806959
1638450900000,56535.1,56615.6,56069.3,56098.1,228.55472729
1638451800000,56098,56338,56096.3,56284.7,35.29599728
1638452700000,56284.6,56475,56154.7,56471.9,53.43506855
1638453600000,56458.8,56711.2,56322.3,56711.2,63.71261705
1638454500000,56711.1,56742.5,56477,56479.4,144.36782269
1638455400000,56479.5,57074.4,56368.2,57001.4,122.68744724
1638456300000,57007.4,57186.7,56929.6,57105.4,121.52349376
1638457200000,57105.3,57372.3,56768.4,56822.5,196.56349736
1638458100000,56822.6,56918,56477,56612.7,231.85068247
1638459000000,56614.8,56683.8,56124.1,56150.3,177.06078241
1638459900000,56150.3,56520,56133.1,56499.8,64.246311
1638460800000,56509.9,56717,56300.1,56353.2,87.3802529
1638461700000,56353.2,56507.6,56249.4,56273.6,265.02559432
1638462600000,56273.6,56354.5,56118.8,56118.8,57.63451242
1638463500000,56118.8,56395,56013.6,56328.6,43.62808859
1638464400000,56328.6,56505.7,56266,56450.1,63.81994124
1638465300000,56455.7,56576.9,56362.5,56518.6,144.88780206
1638466200000,56524.3,56666.1,56455.4,56525.7,31.95353728
1638467100000,56525.7,56643.5,56477,56576,37.27103639
1638468000000,56576,56599.5,56302.7,56441.5,46.85936657
1638468900000,56441.6,56451.2,56153.9,56191,145.25419062
1638469800000,56191,56507.6,56130.1,56454.8,36.64289903
1638470700000,56454.9,56740.3,56325,56708.1,52.08676269
1638471600000,56711.8,56937,56605.4,56778.2,74.63690791
1638472500000,56778.2,56935.5,56696,56769.6,62.83036754
1638473400000,56769.6,56849.3,56596.8,56597.3,137.00172699
1638474300000,56597.4,56678.5,56507.6,56608.8,37.77631813
1638475200000,56611.6,56974.2,56542.7,56876.4,75.45208595
1638476100000,56878.3,56991.4,56788.7,56985.9,67.04251249
1638477000000,56981.5,57217.5,56981.5,57175,172.18749623
1638477900000,57175,57175,56863.1,57018.2,38.95339237
1638478800000,57024.5,57031.9,56803.9,56830.1,48.86282414
1638479700000,56823.7,56932,56774.4,56802.1,18.29634816
1638480600000,56800.2,57032.1,56800.2,57009.5,135.0853797
1638481500000,57009.5,57020.7,56834.4,56856.1,15.97718029
1638482400000,56858.6,56858.6,56673.4,56779.5,18.01126037
1638483300000,56779.5,56779.5,56641.1,56729.5,15.23930754
1638484200000,56729.5,56855,56727.1,56854.9,130.33102004
1638485100000,56854.9,56939.9,56600.8,56846.1,64.90170435
1638486000000,56846.2,56904.8,56674.1,56765.5,32.40843585
1638486900000,56765.5,56816.8,56533.8,56534.3,37.18195595
1638487800000,56534.3,56642.7,56467.2,56518.2,152.49279581
1638488700000,56518.1,56597.4,56357.3,56485.2,40.87310384
1638489600000,56485.2,56585.7,56419.6,56524.8,314.44363569
1638490500000,56524.8,56612.9,56421.3,56484.6,96.02999203
1638491400000,56484.5,56762.3,56484.5,56652.9,162.32722322
1638492300000,56652.9,56664,56523.7,56523.7,154.28153449
1638493200000,56523.2,56707.5,56511.8,56573.6,241.74977004
1638494100000,56573.6,56707.3,56466.7,56507.3,188.11049195
1638495000000,56507.2,56584.8,56444.4,56455.4,159.93985079
1638495900000,56455.4,56591.7,56384.1,56500.1,138.39455339
1638496800000,56500.2,56566.3,56410,56545.8,215.10601507
1638497700000,56545.8,56571.3,56418,56436.6,104.00532759
1638498600000,56434,56476.2,56211.5,56224.1,232.10380254
1638499500000,56224.2,56384.7,56075.8,56259.9,280.80634327
1638500400000,56259.9,56294.1,56134,56196.4,107.11212831
1638501300000,56200.1,56279.1,56100,56270.7,201.23644655
1638502200000,56270.6,56527.9,56213.4,56438.4,80.055476
1638503100000,56438.4,56469.1,56300.4,56320.7,228.4694724
1638504000000,56320.6,56512.1,56258.6,56459.5,186.08539572
1638504900000,56459.6,56656.4,56459.6,56629.9,186.3193454
1638505800000,56638.3,56685.9,56531.5,56685.8,121.42826416
1638506700000,56685.8,56685.8,56505.6,56592.9,100.12198274
1638507600000,56592.9,56641.1,56522.5,56575.9,84.51873888
1638508500000,56575.9,56594.5,56419.6,56437.2,222.60301204
1638509400000,56437.2,56917.4,56428.2,56905.2,253.21003323
1638510300000,56905.1,57044.4,56694.2,56738,230.76823552
1638511200000,56738,56846,56680,56731.4,139.5744878
1638512100000,56731.4,56845.8,56694,56841.9,155.96615806
1638513000000,56841.9,56965.7,56808.7,56882.5,66.88124181
1638513900000,56882.5,56923.9,56812.3,56849.6,33.94650634
1638514800000,56850.4,56875.5,56777,56798.6,52.50242237
1638515700000,56798.5,56925,56747.6,56894.4,213.78247431
1638516600000,56894.4,56940.4,56635.9,56689.4,142.6597669
1638517500000,56689.5,56782.6,56678.8,56733.4,96.5456286
1638518400000,56741.9,56799.9,56600.6,56686.7,95.46913986
1638519300000,56686.7,56729.1,56500,56505.5,179.54740543
1638520200000,56505.5,56578.9,56471.1,56549.5,38.15978142
1638521100000,56549.5,56596.7,56513.2,56578.8,22.76424625
1638522000000,56578.9,56580.9,56470.7,56549.9,16.97698715
1638522900000,56549.9,56577.8,56433,56481.2,178.49627922
1638523800000,56481.2,56626.7,56469.8,56586.2,40.08533019
1638524700000,56586.1,56848.5,56586.1,56822.8,51.13335474
1638525600000,56822.8,57321.5,56822.8,57153.7,244.6511921
1638526500000,57153.7,57217.3,56838.6,56908.5,272.10952831
1638527400000,56908.5,56908.6,56666.6,56809.5,148.47030864
1638528300000,56807.5,56915.5,56760.3,56842.3,43.30227169
1638529200000,56842.3,57177.4,56842.2,56963.2,43.11481795
1638530100000,56963.1,57066.6,56914.1,57038.1,158.77108007
1638531000000,57038.1,57045.2,56796.4,56913.1,57.77934627
1638531900000,56913,57024.8,56913,56971.9,56.56984424
1638532800000,56971.9,57186.6,56971.9,57064.3,56.79035566
1638533700000,57064.3,57110.6,56930.9,56940.3,178.49958826
1638534600000,56937.7,56961.5,56837.4,56886.1,22.28323844
1638535500000,56886.1,56920.1,56753.7,56787.7,36.63747054
1638536400000,56787.7,56894.3,56753.8,56891.5,29.22375612
1638537300000,56891.5,56955.2,56842.2,56926.7,149.66997993
1638538200000,56926.6,57617.8,56926.6,57113.7,343.77987295
1638539100000,57113.7,57113.7,56743.8,56866.3,182.14805137
1638540000000,56866.3,56920.2,56702.9,56734.2,93.18731518
1638540900000,56724.3,56799.8,56559.9,56715.3,203.59806627
1638541800000,56715.4,56789.3,56476.7,56526.8,104.74373374
1638542700000,56526.8,56596.4,56163.8,56236.8,159.49666384
1638543600000,56226.1,56298.8,56059.7,56063.5,150.00986293
1638544500000,56063.5,56340.7,56055,56303,194.54677194
1638545400000,56302.9,56302.9,56046.6,56059.2,63.88697824
1638546300000,56059.3,56216,55722.8,55962.4,245.13989446
1638547200000,55962.4,55965.5,54916,55459.8,709.3068695
1638548100000,55459.9,55560.7,55154.4,55396.8,296.16595385
1638549000000,55396.7,55539,55255.4,55294.2,92.22782327
1638549900000,55294.3,55325.5,54850.6,54983.7,121.39130325
1638550800000,54984.2,55023.5,54585.8,54863.9,194.08944018
1638551700000,54863.8,55075.9,54842,54877,117.94860225
1638552600000,54877,55019.3,54713.9,54929.5,117.48074522
1638553500000,54929.4,55023.6,54828.5,54970.3,105.69071376
1638554400000,54970.4,55074.6,54877.1,54970,47.8477959
1638555300000,54969.9,55140.8,54938.5,55009.3,83.80095167
1638556200000,55009.3,55066.1,54782.5,54796.1,153.00865613
1638557100000,54796.1,55125,54412.2,54871.1,263.06045582
1638558000000,54873,54908.6,54642.9,54774.4,57.02183779
1638558900000,54766.3,54795.6,54210,54331.4,151.13325159
1638559800000,54321.6,54409.7,53730.6,54116.1,456.05318419
1638560700000,54116.1,54146.3,53733.5,53825.4,115.60531196
1638561600000,53825.4,54035.1,53305.7,53393.8,553.26956398
1638562500000,53393.8,53699.9,51419.5,53071.7,5141.5880706
1638563400000,53071.7,53289.3,52616.2,52912.6,417.08721231
1638564300000,52912.6,53550,52804.1,53445.7,140.91157395
1638565200000,53445.7,54050.8,53340.1,53723.2,198.10526354
1638566100000,53723.2,53961.1,53641.2,53722.8,149.78009212
1638567000000,53722.9,53948,53657.7,53854.2,199.15638717
1638567900000,53854.2,53881.2,53606.8,53608.4,67.09258994
1638568800000,53606.7,53716.1,53039.2,53532.8,156.12780383
1638569700000,53532.8,53609,53322.4,53369,183.8146041
1638570600000,53369,53694.4,53368.9,53485.5,150.16692069
1638571500000,53485.4,53550.2,53344.1,53402.6,38.94250876
1638572400000,53402.6,53625,53341.9,53521.6,78.40046266
1638573300000,53521.6,53675.6,53443,53575.5,48.47799097
1638574200000,53571.9,53806.7,53525.7,53714.4,158.56900088
1638575100000,53714.4,53823.7,53454.7,53609.2,123.756807
1638576000000,53599.3,53849.9,53500.1,53786.1,298.82008974
1638576900000,53786.1,53838.2,53491.7,53496.3,250.86404039
1638577800000,53496.2,53598.8,53273.4,53375.2,207.52601146
1638578700000,53375.1,53418.7,53000,53039.4,374.8016886
1638579600000,53039.4,53187.8,52633,52663.3,763.3007034
1638580500000,52663.3,53058.2,52663.3,52959,315.3493858
1638581400000,52959,53051.6,52633,53049.5,185.68345978
1638582300000,53049.5,53107.2,52848.2,52982.7,143.2100322
1638583200000,52982.6,53098.9,52860.9,52911,281.7550321
1638584100000,52911,52999.6,52751,52779.7,85.54959539
1638585000000,52779.7,53009.9,52710.3,53000.6,164.26862536
1638585900000,53000.6,53112.8,52988.6,53112.8,92.578141
1638586800000,53112.8,53112.8,52802.5,52802.6,236.31479535
1638587700000,52809,52846.9,52347.6,52478,298.61226197
1638588600000,52477.9,52644.3,52425.1,52478.7,279.14620884
1638589500000,52467.3,52554.1,52000,52000.5,244.70929479
1638590400000,52000.4,52439,52000.4,52426,653.01927307
1638591300000,52426.1,52597.7,52295.2,52302.3,242.18420798
1638592200000,52302.3,52481.1,51843,51879.1,108.85976084
1638593100000,51879.2,52198.2,49000,50255.3,4351.90226885
1638594000000,50255.4,50532,47161.6,48835.8,4779.86131089
1638594900000,48835.8,49139,41241.7,45525.9,6714.68978334
1638595800000,45525,47825.9,45017,46492.7,3644.76281082
1638596700000,46492.6,47554.4,46432.4,47508.3,1005.89850721
1638597600000,47508.2,47755.1,46734.2,47002.4,1400.30111496
1638598500000,46982.4,47701.6,46952.8,47657.6,700.55464877
1638599400000,47657.5,47990.2,47500,47665.8,504.13443219
1638600300000,47665.8,47666,47218.2,47476.2,340.59420063
1638601200000,47476.3,47525.7,46613.3,46657.2,467.96355323
1638602100000,46657.1,47561.4,46632.4,47524.9,759.55269558
1638603000000,47524.9,47533.6,46975,47125.5,378.273814
1638603900000,47125.4,47261.3,46735.1,47218.7,481.44947345
1638604800000,47218.7,47494.9,46963.3,47456.9,267.34945591
1638605700000,47457,47750,47319,47717.2,269.64335145
1638606600000,47717.2,47896,47600,47733.6,185.93685868
1638607500000,47733.6,47759.6,47352.9,47498.6,150.66319709
1638608400000,47498.6,47672.9,47297.1,47368.7,232.15604922
1638609300000,47368.7,47470,47275,47343.4,229.78121516
1638610200000,47343.3,47651,47338.9,47432.1,264.49613057
1638611100000,47432.1,47474.8,47306.3,47470,360.90135013
1638612000000,47469.9,47547.1,47309,47457.1,101.13451364
1638612900000,47457.2,47587.5,47284,47300.8,244.12181651
1638613800000,47300.8,47347.4,46808.1,47079.9,163.39681835
1638614700000,47079.9,47472,47060.1,47376.7,84.80163968
1638615600000,47376.7,47395.6,46933.4,47023.6,69.9684276
1638616500000,47023.6,47065.3,46808,46923.4,197.39060348
1638617400000,46923.4,47011.4,46133.6,46351.4,500.40323833
1638618300000,46351.5,46772.5,46270.4,46495.6,266.34849078
1638619200000,46495.5,46893.6,46495.5,46840.8,84.94789406
1638620100000,46840.8,47540,46840.7,47245.3,434.78778866
1638621000000,47245.3,47393.3,47121.7,47192,100.80907228
1638621900000,47192,47312.5,46935.7,47055,89.4097565
1638622800000,47055,47145,46966.7,47104.2,97.16200338
1638623700000,47104.1,47144.7,46750.7,47111.3,213.19873183
1638624600000,47111.4,47419.3,47051.5,47322.8,126.41708424
1638625500000,47322.8,47399.9,47158.7,47378.5,176.25779076
1638626400000,47378.6,47547.8,47257.5,47496.9,145.77220068
1638627300000,47496.9,47582,47381.1,47432.8,224.76821932
1638628200000,47432.9,47511.5,47253.3,47435,108.59877165
1638629100000,47435.1,47844.2,47435.1,47814.7,195.11343229
1638630000000,47814.7,48520,47741.1,48447.7,463.13053602
1638630900000,48447.8,48511.5,47914.7,48243.7,230.74432236
1638631800000,48243.7,48510.7,48081.6,48293.9,149.49420536
1638632700000,48293.9,48296.3,48081.6,48191.1,133.40878138
1638633600000,48191.2,48255.3,47854.1,48129.6,608.2111579
1638634500000,48129.6,48399.9,48046.7,48280.1,211.20915854
1638635400000,48280.2,48468.5,48081.6,48134.1,207.35889239
1638636300000,48134,48147.3,47768.6,47855.4,137.81534361
1638637200000,47855.3,48010.5,47794.6,47887.8,100.36906882
1638638100000,47887.8,47979.6,47791,47940.1,213.14038419
1638639000000,47940.1,48112.2,47905.9,48100.6,49.8203664
1638639900000,48100.6,48383.4,48100.5,48245.5,96.92390478
1638640800000,48235.9,48433,48161.2,48347.2,107.6586923
1638641700000,48347.2,48627.9,48232.5,48493.2,256.71622909
1638642600000,48493.2,48729.6,48452.8,48686.5,105.58365272
1638643500000,48686.6,48868.9,48622.1,48859.5,136.48170589
1638644400000,48859.5,48956.6,48620.4,48921.3,80.54798826
1638645300000,48921.3,49339.1,48876.5,49221,140.25690862
1638646200000,49217.2,49393.6,49198.9,49361.2,59.58826242
1638647100000,49361.2,49432.4,49255.3,49260.7,36.88904869
1638648000000,49260.8,49393.5,48979.5,49274,105.46331607
1638648900000,49274,49461,49274,49440.1,40.75932423
1638649800000,49440.1,49474.5,49125.2,49203.1,37.51994755
1638650700000,49203.1,49370,49089.4,49254.7,73.42491515
1638651600000,49254.7,49347.2,48800.1,48859.4,68.79302518
1638652500000,48859.5,49031.5,48779,48946.3,164.01934062
1638653400000,48946.2,48946.3,48688,48734.1,78.96402887
1638654300000,48735.3,48823.4,48508.2,48694.7,73.79662302
1638655200000,48694.7,48810.6,48610.3,48744.1,33.63489995
1638656100000,48744,48771.9,48661.4,48749.1,30.6084176
1638657000000,48749.1,49275,48742.3,49062.8,110.91339521
1638657900000,49064,49222.2,48903.8,49212,40.67884591
1638658800000,49212.1,49488.4,49125.1,49156.2,118.42397636
1638659700000,49156.2,49278.5,49036.9,49118.8,38.11151712
1638660600000,49118.8,49148.6,48865.6,49092.2,72.76693316
1638661500000,49092.2,49288.4,48825,49159.7,83.35096472
1638662400000,49159.7,49685.3,49111.4,49298.1,440.91331741
1638663300000,49298,49701.5,49185.2,49251,453.42849129
1638664200000,49250.9,49251,48333.4,48484.9,576.46834336
1638665100000,48489.2,49070.4,48478.7,48947.9,119.23828917
1638666000000,48947.8,48975,48669.2,48904.4,332.14772025
1638666900000,48904.4,49066.6,48723.6,48767.8,224.78628814
1638667800000,48767.9,49173.3,48740.2,49156.4,69.91849177
1638668700000,49156.4,49235,49021.6,49029.5,146.60860849
1638669600000,49017.3,49053.3,48796.2,48796.3,312.03650927
1638670500000,48796.3,49053.2,48796.2,48968.7,203.88519998
1638671400000,48968.7,49046.6,48826.8,48978.7,191.01817244
1638672300000,48978.7,49106.2,48875.2,49051.5,192.56065074
1638673200000,49046.8,49064.6,48840.1,49040.2,159.59170029
1638674100000,49040.2,49250,49016.4,49126.2,188.3722428
1638675000000,49126.1,49366,49126.1,49143.3,147.5830357
1638675900000,49143.3,49298.7,49115.9,49168.3,93.09771908
1638676800000,49168.3,49249.3,48957,48991.9,112.78905401
1638677700000,48991.8,49039.9,48889.3,48980.2,92.60235462
1638678600000,48980.2,49152.7,48908.5,49152.6,56.38575458
1638679500000,49152.7,49200,48826.1,48950.8,171.59644226
1638680400000,48949.6,49020.8,48859.5,48962.9,154.20272351
1638681300000,48962.8,49192,48951.6,49091,44.16693305
1638682200000,49091.1,49342,49080.8,49319.5,47.4438944
1638683100000,49319.5,49431.3,49190.5,49418.9,65.18209077
1638684000000,49418.9,49427.8,49306.5,49344.7,48.2161096
1638684900000,49344.7,49528,49230.8,49500.1,85.42256472
1638685800000,49487.2,49531.8,49303.4,49367.5,122.81764731
1638686700000,49367.5,49599.7,49367.5,49468.1,53.84383923
1638687600000,49468.1,49666,49454,49584.9,77.08590007
1638688500000,49584.9,49631.6,49489.1,49520,88.61046596
1638689400000,49520,49549.9,49393.5,49441.3,71.21570138
1638690300000,49441.4,49444.2,49239.4,49295,57.31072764
1638691200000,49294.3,49477.1,49157.5,49372.6,56.92710615
1638692100000,49372.6,49502,49261.4,49340,44.55506963
1638693000000,49346.1,49507.6,49280.1,49461,20.70811686
1638693900000,49461,49563.6,49430.2,49474,32.98354734
1638694800000,49474,49474.1,48943.3,49031,88.28705613
1638695700000,49031,49100,48721.6,49050.8,115.75148909
1638696600000,49050.9,49230,48947.4,49213.5,74.44325566
1638697500000,49213.5,49260.3,48940.7,49002.1,42.52056586
1638698400000,49002.1,49151.8,48843.6,49078.6,83.89543116
1638699300000,49078.6,49289.3,49069.6,49289.3,69.53188955
1638700200000,49289.3,49399.8,49186.6,49351.8,41.47868942
1638701100000,49351.8,49409.8,49221.2,49238.9,43.29116465
1638702000000,49238.9,49384.3,49203,49343.5,36.91704625
1638702900000,49343.6,49377.3,49266.9,49345,31.35632401
1638703800000,49345.4,49374.2,49089.3,49152.2,52.16426541
1638704700000,49152.2,49275,48990,49244.6,50.47891117
1638705600000,49238.6,49405.4,49070.1,49402.6,83.21867893
1638706500000,49402.7,49669.6,49309,49469.2,156.08033197
1638707400000,49469.1,49647.9,49360,49473.7,114.42157601
1638708300000,49473.8,49473.8,49311,49378.5,64.52500408
1638709200000,49378.5,49378.5,49199.9,49315,38.59483474
1638710100000,49315.1,49343.7,49165.9,49181.3,49.4074713
1638711000000,49181.2,49396.8,49139,49391.5,52.32671761
1638711900000,49391.5,49429.6,49293.9,49293.9,58.49336024
1638712800000,49294,49337.3,48797.5,48924.3,217.07009505
1638713700000,48920.2,49179.5,48839.6,48963,202.09244534
1638714600000,48963,49124.9,48885.2,49041.2,58.09556405
1638715500000,49041.2,49136.3,48880.1,48930.9,76.81253903
1638716400000,48930.9,49102.7,48535.6,48558.1,193.26742064
1638717300000,48558.1,48660,48366,48455.5,159.79769202
1638718200000,48455.5,48483.4,47809.3,47870,414.06910497
1638719100000,47870.1,48038,47741.9,47952.5,232.85196322
1638720000000,47957.8,48796.2,47894.9,48613.6,619.37879359
1638720900000,48605,48660.8,48242.6,48288.8,158.67883835
1638721800000,48299.6,48471,48094.1,48425.3,215.14304332
1638722700000,48425.2,48671.1,48368.3,48484.4,82.11472482
1638723600000,48484.3,48630.6,48375,48601.2,108.6469454
1638724500000,48601.3,49072,48457.8,49025.6,185.20259135
1638725400000,49025.6,49313.6,49003.9,49160,167.03689662
1638726300000,49160,49304.8,49076.8,49250.1,87.92966107
1638727200000,49250.1,49337.9,49157.5,49234.4,57.74135704
1638728100000,49234.4,49290.9,49080,49136.3,55.44509555
1638729000000,49136.3,49337.9,49082.9,49200,60.20185315
1638729900000,49200,49295.4,49072,49089.5,55.66434589
1638730800000,49089.5,49128,48556.9,48614.8,89.986199
1638731700000,48615.8,48672.3,48289.3,48569,124.20509783
1638732600000,48569,48873.5,48318.7,48793.4,78.01447017
1638733500000,48793.3,48950.4,48660,48902,61.85480572
1638734400000,48902.1,49024.1,48862.7,49004.5,53.99082212
1638735300000,49004.5,49024.8,48532.6,48542.6,44.56457564
1638736200000,48542.5,48865.1,48542.5,48863.5,42.04562447
1638737100000,48863.4,48957.5,48740,48810.8,48.15102148
1638738000000,48810.8,48931.2,48642.2,48680.2,37.02762644
1638738900000,48680.3,48916.4,48502.5,48888.1,86.08603253
1638739800000,48888.2,49113.7,48792.5,49101.7,33.77950454
1638740700000,49104.7,49213.8,49016.2,49152,79.53984161
1638741600000,49155.4,49206.4,48867.6,48867.6,98.94510342
1638742500000,48867.6,49209.7,48845.6,49209.7,86.73625309
1638743400000,49209.7,49211.3,48768.2,48924,75.32766437
1638744300000,48924.9,49228.5,48918.4,49217.3,30.42271856
1638745200000,49217.3,49521.5,49042.8,49501.7,101.48290005
1638746100000,49501.7,49521.4,49050,49194.4,57.76114361
1638747000000,49194.4,49359.2,49015.2,49206.9,43.35642428
1638747900000,49206.9,49393.5,49103.1,49393.5,55.4741238
1638748800000,49393.5,49436.9,48816.9,48874.4,145.36845453
1638749700000,48865.2,49036.7,48602.3,48701.2,275.67248615
1638750600000,48701.3,48808.5,48520,48641.8,145.75939416
1638751500000,48641.7,48776.8,48401.6,48749.2,253.26330369
1638752400000,48749.3,48992.3,48616.6,48865.4,234.93879641
1638753300000,48865.5,48919.1,48451.3,48476.8,441.75704282
1638754200000,48464.1,48582.9,48275.7,48525,301.50703221
1638755100000,48531.3,48863.8,48453.5,48810.8,216.79099731
1638756000000,48810.8,48981.9,48745.7,48945.2,99.87734813
1638756900000,48945.3,49141.6,48846.9,48859.7,135.40426753
1638757800000,48859.6,49031.5,48773.3,49004.9,98.10968503
1638758700000,49005,49045.9,48865.1,48878.4,82.10758895
1638759600000,48878.3,48966.2,48818.8,48858.8,208.55040416
1638760500000,48858.9,49175.5,48858.8,49019.1,671.07734709
1638761400000,49019.1,49049.6,48901.1,48959.1,350.32536349
1638762300000,48963,49190.5,48959.3,49026.4,705.26240014
1638763200000,49026.3,49168,48981.5,49145.1,211.06330911
1638764100000,49148.3,49255.2,49063.3,49160.5,270.74132648
1638765000000,49160.5,49226.3,49106.3,49131,76.77412288
1638765900000,49131.1,49158.3,48960.6,48979.3,59.61186161
1638766800000,48979.3,49077.2,48854.1,48870.9,126.42169921
1638767700000,48870.9,49058.3,48870.8,48929.9,158.74710954
1638768600000,48929.9,48958.6,48820.9,48840.1,100.17890741
1638769500000,48840.1,48925.2,48683.7,48683.8,125.00552953
1638770400000,48683.7,48755.9,48582.9,48600,56.03401588
1638771300000,48599.9,48707.6,48506.8,48673.5,237.92163435
1638772200000,48673.6,48745.2,48376.2,48483.2,83.46487708
1638773100000,48483.1,48553.1,48081.6,48183.6,265.14442308
1638774000000,48183.6,48300,48010.5,48175.2,166.73812828
1638774900000,48175.2,48212.2,47745.7,47829.7,296.28723616
1638775800000,47829.7,48182,47778.5,48021,116.5334957
1638776700000,48021.1,48437.4,48021,48417.9,88.42806156
1638777600000,48417.9,49453.4,48355.2,48463.4,939.42116551
1638778500000,48463.3,48789.4,47862,48195.6,323.55959845
1638779400000,48195.6,48271.2,47820,48208.8,203.84428578
1638780300000,48208.7,48488.2,48066.9,48169.6,119.84198302
1638781200000,48169.5,48332.1,47831.9,47936.5,105.58604788
1638782100000,47936.6,48237.9,47927.2,48075.1,251.03109665
1638783000000,48075.2,48127,47118,47420.7,881.15173429
1638783900000,47426.6,47584.6,47303.3,47435.9,196.224425
1638784800000,47435.9,47780,47339.2,47698.6,150.78521032
1638785700000,47698.6,47823.3,47500,47509.2,211.68780862
1638786600000,47509,47620.2,47300,47612.7,142.45242683
1638787500000,47612.8,47727.1,47433.2,47484.9,103.12336883
1638788400000,47484.9,47565.9,47210,47273,136.26819762
1638789300000,47273,47517.5,47211,47452.4,229.40435395
1638790200000,47452.3,48401.1,47386.4,48326.8,748.57004172
1638791100000,48326.8,48740,48012.9,48583.7,985.48921099
1638792000000,48583.7,48614,48417,48439,87.26116388
1638792900000,48439.1,48672.3,48318.7,48616.2,227.67753659
1638793800000,48620.4,48814.7,48542.7,48657.9,120.52889788
1638794700000,48657.9,48720.3,48452,48476,66.70409445
1638795600000,48476,48697.7,48437.6,48513.1,105.93128724
1638796500000,48513.1,48570.1,48348.5,48363.1,177.36750676
1638797400000,48363.1,48402.4,48250.9,48297.4,48.3476809
1638798300000,48297.4,48356.4,48025.5,48309.7,119.28364577
1638799200000,48309.8,48436.4,48179.9,48433.8,46.44213804
1638800100000,48433.7,48449,48271.5,48393.1,169.87105638
1638801000000,48393,48556.9,47797.4,48242.4,232.70718761
1638801900000,48242.4,48300,47967,48209.1,95.3013873
1638802800000,48204.1,48551.6,48008.2,48517.8,104.94525068
1638803700000,48530.9,48796.2,48494.3,48787.6,264.78364374
1638804600000,48787.6,48923,48540,48589.2,143.1953042
1638805500000,48589.2,48967.7,48541.9,48943.9,95.26907897
1638806400000,48943.9,48999,48705.4,48717.7,129.21907277
1638807300000,48717.7,48938.7,48660,48876.8,170.36044018
1638808200000,48883.9,49195.5,48864.6,49165,105.8634098
1638809100000,49165,49189.9,48994.4,49135.8,76.21804706
1638810000000,49135.9,49210,49006.7,49132.9,90.29003142
1638810900000,49132.9,49220.4,49037.8,49215.7,136.25219795
1638811800000,49215.8,49265.5,48880.8,48977.4,136.13737272
1638812700000,48977.4,49040.2,48900,48959.8,28.12919444
1638813600000,48959.8,49014.3,48829.4,48882.1,33.37044019
1638814500000,48882.1,48975,48791.8,48964,146.31982949
1638815400000,48964,49198.9,48932.9,49122.3,58.84981893
1638816300000,49122.4,49244.3,49082.3,49173.4,35.39292362
1638817200000,49173.4,49357.3,49166.7,49257.2,83.23626621
1638818100000,49257.2,49359.4,49175.6,49247.3,58.41614671
1638819000000,49247.3,49305.2,49103.5,49104.2,121.19814024
1638819900000,49104.3,49148.7,49072,49095.1,21.55186781
1638820800000,49095.2,49184.9,49001,49043.5,31.33410763
1638821700000,49043.5,49142.4,49032.3,49123.2,25.49683247
1638822600000,49123.2,49229.1,49050,49221.3,140.8716158
1638823500000,49221.3,49221.4,48761.7,48832.7,62.88027905
1638824400000,48832.7,48968.6,48805.6,48906,43.40797825
1638825300000,48906.1,49218.7,48906.1,49136.8,72.77648142
1638826200000,49136.8,49417,49125,49349.4,260.25596724
1638827100000,49349.5,50590.9,49349.5,50063.5,951.8126167
1638828000000,50063.5,50802.2,50057.6,50535,380.89660998
1638828900000,50536.9,50799.9,50438.6,50466.4,308.76517218
1638829800000,50468.7,50784.3,50363.5,50742.9,217.43620433
1638830700000,50742.9,50879.2,50672.8,50761.4,65.76945136
1638831600000,50761.5,50856,50601,50643.7,65.63716284
1638832500000,50643.7,50690,50294.9,50387.8,80.96013238
1638833400000,50387.7,50521.3,50275.1,50397.3,206.64642206
1638834300000,50397.3,50560.8,50289.9,50438.3,67.59335173
1638835200000,50438.4,50695.5,50330.7,50645.4,364.98175393
1638836100000,50645.3,50650.6,50381.2,50602.1,156.79131296
1638837000000,50602.1,50661.7,50505.1,50650.8,128.34691259
1638837900000,50650.8,50754.3,50595.2,50634,178.70066335
1638838800000,50634,50775,50583.8,50763,198.42409107
1638839700000,50763,51434.4,50742,50752.3,359.20442382
1638840600000,50752.2,50784.9,50351.8,50512.3,142.90909208
1638841500000,50512.4,50704.9,50480.2,50619.2,111.14295216
1638842400000,50619.2,50784.3,50570.4,50592.7,170.14173441
1638843300000,50592.8,50859.9,50550,50814.3,141.7510151
1638844200000,50814.3,50847.7,50629.6,50629.6,116.34959824
1638845100000,50629.7,50767.7,50562.9,50638.3,127.55937446
1638846000000,50638.3,50741.8,50595,50721.5,170.66923186
1638846900000,50723.6,50835.9,50702.6,50803.3,146.69768115
1638847800000,50803.3,50989.9,50796.7,50815.9,143.67952576
1638848700000,50815.9,50958.7,50754.3,50932.1,79.31295883
1638849600000,50932.2,51150,50932.2,51150,184.7810279
1638850500000,51150.1,51186.5,51059.1,51166,209.63846938
1638851400000,51165.9,51185.1,50852,50908.9,156.62954383
1638852300000,50908.9,50919.1,50800,50908.5,90.32374165
1638853200000,50908.5,51193.8,50908.5,51101.2,74.6894298
1638854100000,51101.1,51101.1,50932.4,51014.9,186.85594748
1638855000000,51014.9,51051.1,50833.3,50949.9,150.14688155
1638855900000,50950,50998.9,50826.7,50863,99.37741489
1638856800000,50863.1,50986.6,50860.6,50940.5,37.3433556
1638857700000,50936.8,51139.9,50902,51124.1,242.37997244
1638858600000,51124.1,51197.4,51057.6,51088.4,158.66802058
1638859500000,51088.4,51147.9,51028.3,51147.5,63.07590038
1638860400000,51147.8,51320.8,51004.5,51031.8,169.96908901
1638861300000,51031.8,51067.6,50940,50977.6,222.41763488
1638862200000,50977.7,51036.8,50879.2,50895.3,129.75636176
1638863100000,50895.4,50942.4,50800.1,50909.4,177.20961237
1638864000000,50907,51041.6,50806.2,50989.5,158.77026477
1638864900000,50989.5,51123.1,50879.2,51053.5,220.97292951
1638865800000,51053.6,51250,50939.4,51161.9,84.66150998
1638866700000,51162,51233.2,51131.3,51205.6,49.25477708
1638867600000,51204.6,51490.3,51035.4,51213.5,155.91048802
1638868500000,51213.5,51405.8,51171.2,51323.8,180.5633606
1638869400000,51323.8,51515.4,51247.1,51284.5,125.38314903
1638870300000,51284.5,51309.1,51189.7,51251.7,62.9405209
1638871200000,51251.7,51309.1,51130,51132.7,61.84094653
1638872100000,51132.6,51215.1,51120,51164.4,159.82909379
1638873000000,51164.4,51303.7,51164.3,51300.1,31.24274386
1638873900000,51300.1,51379.5,51222.4,51303.5,39.86347715
1638874800000,51303.5,51405.1,51268.2,51368.9,56.59539995
1638875700000,51368.9,51464.3,51260.9,51380.2,169.61123302
1638876600000,51380.2,51380.2,51258.4,51315.2,31.4677925
1638877500000,51315.3,51499.4,51271.3,51452.7,35.48676272
1638878400000,51452.7,51539.7,51212.2,51323.3,123.28825048
1638879300000,51323.4,51357.8,50866.7,50973.2,284.99735283
1638880200000,50973.2,51044.4,50656.6,50874.1,156.72744255
1638881100000,50874.1,50953.8,50744.3,50904.5,64.46958735
1638882000000,50904.5,51060,50884.1,51024.9,53.79537215
1638882900000,51024.9,51076.6,50828.7,50866.9,170.12077338
1638883800000,50866.9,51049.1,50817.7,50984.6,76.77356006
1638884700000,50984.6,51016.5,50888.1,50915.3,40.47879738
1638885600000,50915.4,50964,50832.9,50947.5,31.55426271
1638886500000,50947.4,51038.3,50871.2,50929.1,151.45898279
1638887400000,50929,51366.2,50929,51366,86.72141689
1638888300000,51366.1,51474.2,51258.7,51464.4,54.67778637
1638889200000,51464.4,51708.1,51417,51568.2,149.68622657
1638890100000,51568.3,51693.5,51414.4,51433.3,219.89855135
1638891000000,51433.2,51899,51382.1,51869,194.97090044
1638891900000,51869,51936,51656.6,51736.5,78.14197105
1638892800000,51736.6,51860.5,51635.4,51638.9,66.5386801
1638893700000,51638.9,51671,51517.2,51583.6,242.09422507
1638894600000,51583.6,51583.6,51260,51290,77.79633201
1638895500000,51290,51344.9,51101.1,51344.9,102.47573578
1638896400000,51344.9,51363.6,51180,51263,40.28859553
1638897300000,51262.9,51340.1,51030,51042.7,187.35892728
1638898200000,51042.7,51126.6,50858.2,50926,83.28634252
1638899100000,50926,51090.9,50926,51001.2,33.37549511
1638900000000,51001.2,51170.7,50909,50998.6,45.26821951
1638900900000,50998.7,51099.2,50946.1,51078.8,95.53670841
1638901800000,51078.8,51137.8,50916.5,50979.6,92.74024142
1638902700000,50984.3,51067.8,50909,50925.7,30.40878348
1638903600000,50925.7,50968.8,50678,50960.5,70.64497924
1638904500000,50960.4,51187,50890.3,51061.6,66.79388433
1638905400000,51061.5,51135.8,50953.2,50957.3,116.86579115
1638906300000,50957.3,51007.4,50819.1,50893,69.08903675
1638907200000,50893,51004.5,50751.6,50760.2,81.68383213
1638908100000,50760.3,50877.5,50435,50496.3,127.41566389
1638909000000,50491.8,50567.3,50212.2,50373.1,281.23591903
1638909900000,50380,50490.5,50160.7,50435.9,56.39366926
1638910800000,50439.7,50761.5,50361.4,50685.3,68.8321262
1638911700000,50685.3,50825.2,50568.2,50697.2,58.62589577
1638912600000,50696.1,50749.9,50568.4,50641.2,168.25647547
1638913500000,50653.5,50845.1,50444.4,50488.7,31.82109452
1638914400000,50488.7,50532,50225,50290.7,73.0265311
1638915300000,50290.7,50380.8,50021,50316.6,157.57658674
1638916200000,50316.5,50612.7,50315.7,50420.3,153.28082569
1638917100000,50420.3,50459.3,50037.3,50245.7,70.58488586
1638918000000,50245.6,50431.1,50142.5,50410.3,66.23939694
1638918900000,50410.2,50559.9,50360,50388.8,44.8614068
1638919800000,50386.2,50716,50386.2,50687.1,155.23709134
1638920700000,50687.1,50687.1,50511.5,50587.6,41.26602862
1638921600000,50587.6,50656.6,50381.4,50517.7,318.26318303
1638922500000,50521.9,50545.4,50330.9,50505.2,130.81225232
1638923400000,50505.2,50743.5,50403.4,50684.9,270.98554497
1638924300000,50684.9,50725.7,50567,50725.7,102.39134396
1638925200000,50725.6,50799,50644.9,50708.8,258.33405665
1638926100000,50708.7,50772,50663.2,50665.2,105.45652869
1638927000000,50665.2,50715.1,50440,50477.8,109.85158328
1638927900000,50477.8,50525.7,50363.7,50436.2,137.67364801
1638928800000,50436.3,50609.2,50417.1,50587,216.043105
1638929700000,50586.9,50670.5,50463.2,50670.5,142.43542723
1638930600000,50670.5,50699,50525,50567.8,99.80993516
1638931500000,50565.6,50622.9,50315.2,50339,111.38542371
1638932400000,50339,50460.2,50296.2,50423.5,302.0336215
1638933300000,50423.4,50473.2,50334.6,50334.6,134.78822054
1638934200000,50333.3,50441,50328.2,50330,113.64925767
1638935100000,50330,50367.7,50112.6,50114.7,366.3016356
1638936000000,50114.7,50321.2,50104,50319.2,223.28843223
1638936900000,50319.3,50410.4,50175,50184.2,254.32774678
1638937800000,50184.2,50268.9,50086.3,50268.9,170.26992728
1638938700000,50268.9,50314.6,50123.1,50236.8,194.20108064
1638939600000,50244.4,50427.3,50142.8,50407.2,134.76286251
1638940500000,50407.1,50545.2,50327.1,50493.3,290.82146289
1638941400000,50493.4,50523.7,50423.1,50499.9,117.68690336
1638942300000,50499.9,50513.5,50385,50407.3,134.02972057
1638943200000,50407.4,50553.3,50397.5,50538.1,35.99686892
1638944100000,50538.1,50698.7,50508.8,50624.2,188.37542081
1638945000000,50624.2,50663.8,50545.5,50604,49.10369907
1638945900000,50604.1,50698.8,50593.8,50614.7,67.40241185
1638946800000,50612.1,50651.3,50505.3,50515.3,29.76618254
1638947700000,50515.3,50545.3,50435.9,50522.9,158.32351031
1638948600000,50522.9,50567,50441.4,50516.3,55.98186465
1638949500000,50516.3,50563.4,50401,50488.2,42.78373471
1638950400000,50488.8,50622.9,50446.5,50568.1,42.38522492
1638951300000,50568,50568.1,50346.4,50346.4,162.86047542
1638952200000,50346.5,50406.2,50280,50321.4,48.56897086
1638953100000,50321.4,50419,50297,50408.7,29.99551796
1638954000000,50408.8,50516,50408.8,50459.7,41.13617057
1638954900000,50459.6,50525.9,50323.4,50341.2,162.32023531
1638955800000,50336.6,50345.8,50218.6,50230.1,72.86577222
1638956700000,50230.1,50268,50134.1,50134.6,86.57929478
1638957600000,50134.1,50278,50134.1,50267.9,66.88516026
1638958500000,50267.9,50323.2,50184.5,50184.6,145.76011063
1638959400000,50184.7,50274.3,49448,49540.6,590.72990478
1638960300000,49540.6,49636.3,49202.1,49235.7,197.0440526
1638961200000,49235.7,49364.7,48838.3,49154.5,289.8462156
1638962100000,49157.3,49418.2,49066,49089.4,229.01456546
1638963000000,49089.4,49271.1,48882.2,49048,168.17407997
1638963900000,49041.1,49259,49023.1,49183.6,130.51234396
1638964800000,49191.2,49305.2,48952.1,49023.3,201.40781449
1638965700000,49023.3,49126.5,48600,48840.3,229.37168496
1638966600000,48840.3,49121.6,48785.3,49085.4,114.36536154
1638967500000,49085.4,49222,49019.3,49222,286.92116409
1638968400000,49222,49360.8,49125.1,49251.1,294.19778564
1638969300000,49251.1,49306.7,49044.9,49112.1,135.08623066
1638970200000,49112.2,49349.9,49112.2,49146,141.19233025
1638971100000,49145.9,49222,48990,49052.9,135.40695016
1638972000000,49052,49312.8,48945.5,49272.9,105.71804617
1638972900000,49272.8,50358,49265.9,50315.3,440.82783651
1638973800000,50315.4,50357,49888.7,50121.4,171.46895195
1638974700000,50121.4,51121,50092.9,50733.6,425.61858549
1638975600000,50733.6,50962.7,50668.4,50922.9,82.46541479
1638976500000,50922.9,51196.8,50796.7,50796.7,91.50776877
1638977400000,50791.4,50925,50480,50527.9,142.46556871
1638978300000,50527.8,50697.5,50468.7,50648,64.97294442
1638979200000,50644.1,50762.6,50567.6,50659,63.45645908
1638980100000,50659,50683.8,50499.9,50508.3,111.45254315
1638981000000,50508.3,50591.3,50186.6,50488.7,138.04273127
1638981900000,50488.6,50624.6,50330.3,50440,55.28590033
1638982800000,50439.9,50485.1,50375,50476.3,18.53298691
1638983700000,50476.3,50493.5,50298.4,50411.9,30.11772116
1638984600000,50411.9,50411.9,50272.7,50328.5,28.83196607
1638985500000,50328.5,50334.7,50182.1,50270.9,49.36959719
1638986400000,50271,50379.2,50048.5,50318.2,92.25992075
1638987300000,50318.2,50450,50291.6,50434.7,27.67336224
1638988200000,50434.6,50683.2,50277.2,50571.7,61.67748086
1638989100000,50575.8,50623.4,50420.2,50551.9,37.62457079
1638990000000,50551.5,50610.5,50393.2,50466,51.11032143
1638990900000,50466,50656.5,50444.8,50656.5,42.51325854
1638991800000,50656.5,50860.2,50530,50530.1,74.36795517
1638992700000,50530.1,50575,50327.2,50435.7,43.01056347
1638993600000,50435.7,50566.9,50328.5,50460.3,49.21764535
1638994500000,50460.2,50576,50442.5,50541.4,32.31189009
1638995400000,50541.4,50727.2,50538.8,50710.3,53.07674248
1638996300000,50718.6,50852,50644.2,50693.5,69.48081267
1638997200000,50693.5,50811.8,50649.2,50726,43.28131321
1638998100000,50726,50800,50563.2,50585.6,25.95111217
1638999000000,50585.6,50691.9,50488.7,50634,28.68841156
1638999900000,50634,50666.4,50570.3,50592.1,16.86624632
1639000800000,50592.1,50654,50514.2,50521.8,31.85914433
1639001700000,50521.8,50653.2,50434.4,50653.1,34.35593049
1639002600000,50653.1,50798.4,50653.1,50789.5,16.01518856
1639003500000,50789.5,50800,50086.3,50212.2,66.10279426
1639004400000,50212.2,50400,50175,50376.3,67.20484588
1639005300000,50376.3,50569,50376.3,50443.9,33.99658308
1639006200000,50444.1,50527.6,50400,50513.2,39.16226117
1639007100000,50513.2,50513.2,50381.2,50465.3,26.51498137
1639008000000,50469.3,50799,50444.4,50790.8,245.01003202
1639008900000,50790.9,50790.9,50327.1,50463.4,174.66425143
1639009800000,50473.8,50611.8,50409.6,50575.8,154.58634962
1639010700000,50575.7,50672.2,50400,50410,85.03646573
1639011600000,50410,50484.1,50268.4,50285.8,72.22567861
1639012500000,50285.8,50434.4,50285.8,50389,86.97095069
1639013400000,50387.8,50405,50288.4,50352.8,51.18461231
1639014300000,50352.7,50427.1,50149.9,50185.3,90.40428366
1639015200000,50185.2,50279.1,50102.6,50211.6,79.68343807
1639016100000,50211.4,50233.9,49620.1,49859.9,598.0756768
1639017000000,49859.9,49955.1,49765.6,49875.4,71.94974184
1639017900000,49875.4,49985,49806,49886.2,145.14771038
1639018800000,49886.2,49934.4,49725.3,49818.9,61.16967714
1639019700000,49818.9,49864.5,49743.1,49839,70.1422173
1639020600000,49838.9,49888.1,49639.1,49725.1,166.84646961
1639021500000,49725,49725.1,49440.5,49517.8,215.08058926
1639022400000,49517.8,49742.3,49436.9,49632.8,104.94927659
1639023300000,49633.7,49744.1,49583.6,49721.4,80.73203709
1639024200000,49721.4,49737,49624.2,49663.8,97.90805603
1639025100000,49663.8,49800,49651.7,49800,122.1495853
1639026000000,49800,49866.6,49720.3,49782,100.66777596
1639026900000,49782,49788.5,49623.8,49720,158.15445034
1639027800000,49720,49829.9,49660.1,49790.3,78.26427645
1639028700000,49790.3,49878.8,49735.8,49766.1,113.53899581
1639029600000,49766.2,49854.7,49702.2,49810.2,107.95371421
1639030500000,49810.2,49814.8,49656.6,49704.9,93.4009324
1639031400000,49704.9,49753.1,49477.6,49534.2,182.20765373
1639032300000,49534.2,49712,49511.1,49620.5,119.94954352
1639033200000,49620.5,49648.1,49187.4,49355.1,373.45626377
1639034100000,49361.1,49655.1,49361,49585.1,112.33628274
1639035000000,49585.1,50347.8,49585,50080.6,263.3741322
1639035900000,50080.6,50208.7,49966.7,50009,64.41404541
1639036800000,50009,50026.2,49602.7,49714.8,83.90232124
1639037700000,49714.8,49786.5,49500,49613.1,76.8358053
1639038600000,49613.1,49680,49240.6,49509.3,112.62266151
1639039500000,49509.4,49599.9,49437.2,49510.6,27.24005328
1639040400000,49510.6,49538.7,49365.5,49379.6,32.99838318
1639041300000,49386.8,49509,49252.9,49315.8,56.06481057
1639042200000,49315.7,49315.8,48900,49206.1,395.05993066
1639043100000,49206.1,49275,49056.7,49206.9,76.5995722
1639044000000,49206.8,49239,48915.5,49046.8,68.1112194
1639044900000,49046.8,49180,49006.5,49016.5,48.20325879
1639045800000,49016.5,49361.5,49010.4,49268.2,106.58256017
1639046700000,49268.2,49394.2,49231.1,49311.5,38.49594814
1639047600000,49311.4,49410,49221,49235,54.86204884
1639048500000,49225.3,49275,49101.1,49173.6,48.04220774
1639049400000,49173.6,49212.2,49042.4,49202.1,76.51976833
1639050300000,49202.1,49339,49142.4,49161.9,59.36674735
1639051200000,49161.9,49345.4,48950,49314.8,95.93808962
1639052100000,49314.8,49633.6,49084,49254.6,161.13496487
1639053000000,49265.9,49369.4,49192.3,49358,60.5931687
1639053900000,49368.3,49461.2,49283.2,49403,59.12312743
1639054800000,49403.1,49403.1,49122.9,49172.7,70.60222109
1639055700000,49172.8,49247.4,49057.7,49175,39.28825883
1639056600000,49175,49396.8,49088.7,49301.5,80.12913706
1639057500000,49295.4,49377.4,49219.7,49336.6,34.50162103
1639058400000,49339,49434.4,49267.6,49335.3,56.03507992
1639059300000,49335.3,49394.1,49016.2,49049.5,70.07349229
1639060200000,49049.6,49065.4,48696.2,48865.3,204.39724428
1639061100000,48865.3,48871.2,48500,48574.7,161.47196267
1639062000000,48567.8,48765.2,48318.7,48698.5,169.72927807
1639062900000,48698.6,48768.3,48129.7,48184,220.65261079
1639063800000,48196.6,48318.7,48081.6,48254.4,257.40166881
1639064700000,48256.1,48637.5,48256.1,48464.9,223.07267511
1639065600000,48465,48491.2,48255,48276.1,115.98003372
1639066500000,48276.2,48582.1,48225,48544.6,119.63961133
1639067400000,48540,48842.3,48496.1,48677.1,142.3421507
1639068300000,48677.2,48698.3,48506,48506.1,69.4888395
1639069200000,48506.1,48702.1,48465,48639.2,77.37056495
1639070100000,48639.1,48698.3,48532.6,48558.3,43.98283085
1639071000000,48558.3,48571.6,48401.1,48403.4,44.5274736
1639071900000,48403.5,48522.6,48135,48167.4,92.47939578
1639072800000,48167.4,48346.2,48160.7,48260.4,67.58859486
1639073700000,48260.4,48353.3,47677.1,47875,430.33184032
1639074600000,47875.1,47884.1,47561.5,47683.8,247.55999806
1639075500000,47673.7,47845.8,47502.5,47745,121.62279411
1639076400000,47745,47992,47610.2,47644.9,150.57494385
1639077300000,47644.9,47859.9,47560.1,47777,77.88451737
1639078200000,47777.1,47963.5,47717.7,47768.9,91.0314315
1639079100000,47768.9,47860.9,47611.1,47611.2,78.14080574
1639080000000,47618.1,47702.6,47378,47407.3,123.70939444
1639080900000,47401.3,47698.8,47393.9,47517.2,68.16602146
1639081800000,47517.2,47606.4,47321.3,47368.7,82.37895945
1639082700000,47370.4,47711,47312.6,47670,93.51932534
1639083600000,47670,47779.5,47575,47759.6,59.97067368
1639084500000,47759.5,47950,47695.3,47886.5,84.59468255
1639085400000,47884.5,48112.2,47728.3,48112.1,68.59162528
1639086300000,48112.1,48141,47925,47984,260.54077274
1639087200000,47984,48450.2,47957.3,48162.1,132.10783421
1639088100000,48162.1,48253.5,48087.8,48149.6,49.85771695
1639089000000,48149.4,48149.4,47701.3,47755.8,46.97846152
1639089900000,47750,47998.9,47743,47942.8,19.31297682
1639090800000,47947.9,48197.3,47812.3,48158.6,107.85620385
1639091700000,48160.4,48249.9,48029.8,48080.1,25.08800825
1639092600000,48080,48128,47876.6,47920.8,39.81507801
1639093500000,47915.3,47948.5,47522,47550,86.30734005
1639094400000,47549.9,48072.8,47445.2,47948.7,461.1549123
1639095300000,47948.8,48055.3,47825,47976.9,321.75794399
1639096200000,47976.9,48770.6,47939.1,48251.7,1011.61351916
1639097100000,48251.7,48277.4,47957.6,48028.5,439.30370698
1639098000000,48028.5,48245.1,47778.1,48229.9,397.1503254
1639098900000,48230,48499.9,48119.7,48480.4,241.11727125
1639099800000,48480.4,48500,48358.3,48461.7,171.30073192
1639100700000,48461.7,48546,48375.1,48410.5,156.87216587
1639101600000,48410.6,48578.5,48287.7,48512.1,306.4692632
1639102500000,48512.1,48777.1,48444.8,48490.1,321.41479157
1639103400000,48490,48655.8,48437.6,48616.5,62.09142562
1639104300000,48616.5,48623.9,48437.6,48520.3,38.25590766
1639105200000,48530.6,48569.2,48416.9,48431.5,30.07098485
1639106100000,48430.5,48472.4,48333,48383.8,31.85598659
1639107000000,48383.7,48400,48225,48269.4,32.61521971
1639107900000,48264.6,48431.4,48264.6,48373.4,69.73734585
1639108800000,48373.5,48468.4,48176.3,48392.2,72.38101094
1639109700000,48384.2,48567.8,48359.6,48463.3,56.12560942
1639110600000,48463.4,48525,48253.8,48298.6,28.73371693
1639111500000,48298.6,48393.8,48168,48168.1,26.8865253
1639112400000,48168.1,48300,48126,48223.3,32.97380847
1639113300000,48223.3,48356.8,48126.4,48176,25.12952493
1639114200000,48176.1,48249.7,48057.8,48170.3,56.90586402
1639115100000,48170.3,48273.7,48111.9,48245.5,31.32710408
1639116000000,48245.4,48374.5,48175.8,48282.7,29.17814416
1639116900000,48282.7,48430.9,48162,48162,35.64824913
1639117800000,48162.1,48286.8,48106.6,48271.6,35.57843217
1639118700000,48281.7,48331.6,47825,47850,117.06132681
1639119600000,47850,47955.4,47715,47829.9,144.25917347
1639120500000,47829.9,47963.5,47720,47950.6,105.61965899
1639121400000,47950.6,48035.7,47821.4,47905.9,94.99379322
1639122300000,47905.9,47937.6,47560.6,47689.3,126.96617564
1639123200000,47692.2,47790.6,47627.8,47712.3,83.52504985
1639124100000,47712.3,48033.3,47712.3,47970.5,57.02158857
1639125000000,47970.5,48142.7,47895.5,47986.9,65.99171758
1639125900000,47986.9,48172.9,47933.3,48094.1,40.90634794
1639126800000,48094.1,48212.2,48038,48051.2,68.99731583
1639127700000,48051.1,48162,47916.1,47920,31.92938369
1639128600000,47920,48370.9,47864.1,48320.2,79.87057385
1639129500000,48320.2,48488.9,48200,48371.1,87.49689742
1639130400000,48371.1,48492,48227.7,48282.4,70.84905054
1639131300000,48282.4,48313.3,48226.3,48250.2,39.8790692
1639132200000,48250.2,48297,48179.4,48268.6,49.05544932
1639133100000,48268.6,48367.5,48142.8,48207.2,55.18273765
1639134000000,48207.2,48664.7,48196.5,48518.2,65.27665666
1639134900000,48518.2,48518.2,48335.5,48420.3,215.15014124
1639135800000,48420.2,48614.4,48383.5,48584.2,523.40873511
1639136700000,48584.2,48723.2,48508.1,48710.2,551.44181658
1639137600000,48710.2,49228,48658.7,49116.8,924.62023737
1639138500000,49116.8,49122,48850.2,48927.1,725.51369599
1639139400000,48927,49006.4,48850,48981.3,719.78374417
1639140300000,48981.4,49105.2,48921.8,49088.8,336.55575161
1639141200000,49088.8,49190.9,49012.2,49121.7,384.92744212
1639142100000,49121.7,49128.1,48841.2,48915.4,471.90892095
1639143000000,48915.3,50134.1,48899.6,49735.6,1413.70864359
1639143900000,49735.5,49852,49551.8,49619.5,796.93411765
1639144800000,49619.5,49834.2,49589.4,49673.4,429.54804028
1639145700000,49673.4,49701,49465.2,49482.3,327.02280231
1639146600000,49482.3,49678.4,49379.8,49470,147.77364702
1639147500000,49470,49493.6,48142.8,48279.4,1252.66631404
1639148400000,48279.4,48421,47928.6,48222.1,322.39790813
1639149300000,48222.1,48593.3,48160.9,48369.6,296.09753925
1639150200000,48369.6,48382.2,48128,48211.9,98.44734233
1639151100000,48211.9,48211.9,47755,47980.3,229.07351901
1639152000000,47980.3,47980.4,47521,47692.7,214.76457748
1639152900000,47694.3,47782.9,47259.8,47693.9,468.77098974
1639153800000,47693.9,47760,47353.1,47635.9,137.87936658
1639154700000,47635.9,47821.4,47518.6,47540.5,133.30255634
1639155600000,47540.6,47700,47464.9,47693.5,70.68463905
1639156500000,47699.9,47699.9,47406.3,47414.2,135.42889356
1639157400000,47417.9,47574.2,47300.1,47459.9,160.63540795
1639158300000,47461.2,47749.6,47446.2,47712.2,60.52084762
1639159200000,47712.2,48166.1,47632.8,48055.4,103.33043698
1639160100000,48036.6,48318.6,47963.6,48028.9,147.22481163
1639161000000,48037.4,48069.9,47845.8,47949.9,174.74834917
1639161900000,47955.4,47967.4,47717.5,47822.6,65.9224265
1639162800000,47822.6,47855.2,47670.2,47725.4,116.009629
1639163700000,47725.4,48038,47725.4,48001.2,61.52265138
1639164600000,47998,48187.6,47998,48112.6,174.95440515
1639165500000,48112.5,48209.1,48083.8,48112.9,34.20825508
1639166400000,48105,48406.8,48095,48223.5,61.42528504
1639167300000,48223.5,48356.8,48142.8,48316.2,42.1099656
1639168200000,48307.6,48367.5,48197.3,48220,159.0660186
1639169100000,48219.9,48464.2,48219.9,48420.7,33.45648134
1639170000000,48424.4,48523.5,48285.9,48320.8,69.13980016
1639170900000,48320.8,48391.8,48155.6,48278.4,60.13807557
1639171800000,48281.1,48380.7,48200,48234.1,146.20649803
1639172700000,48238.6,48287.8,47809.2,47926.1,108.48622696
1639173600000,47920.5,48035.4,47779.7,47931.9,42.32632239
1639174500000,47932,48091.4,47850,47882.8,63.82590598
1639175400000,47882.7,47990.2,47690.3,47956.3,163.06407773
1639176300000,47956.3,47960,47455,47519.7,117.61141865
1639177200000,47531.2,47700,47335,47529.3,109.07604881
1639178100000,47530.6,47803.8,47519.4,47633.9,47.48101532
1639179000000,47634,47714.2,47340,47507.9,242.60602301
1639179900000,47500.1,47580.3,46848.5,47144.4,481.96518586
1639180800000,47140.7,47348.8,46881.2,46994.7,790.59735513
1639181700000,46994.8,48300,46750.9,48221.4,1092.88358324
1639182600000,48214.9,48447.9,47812.5,47906.4,370.68477478
1639183500000,47906.4,48047.2,47668.2,47754.6,288.96819675
1639184400000,47754.7,48051.5,47659,47955.7,298.68292148
1639185300000,47955.7,48063.7,47872.3,48027.3,250.51764754
1639186200000,48033.1,48246.4,47984.9,48096.1,181.35805321
1639187100000,48096,48096.1,47880.5,47921.8,145.76303933
1639188000000,47921.8,48227.2,47906.4,48146.2,115.56253975
1639188900000,48146.2,48164.3,47954.5,48093.6,232.52108891
1639189800000,48093.6,48213.3,47918.9,48150.7,195.4051535
1639190700000,48150.7,48258.5,48106.4,48258.4,121.76388562
1639191600000,48258.4,48430.9,48171.5,48368.3,270.20560051
1639192500000,48381.1,48678.5,48362,48440.1,434.40278509
1639193400000,48440.1,48586.1,48357.1,48391.2,149.83777892
1639194300000,48391.1,48409.4,48294,48302.2,39.41948065
1639195200000,48302.2,48488.4,48261.9,48465.2,41.08966417
1639196100000,48465.2,48488.5,48304,48339.2,140.66314942
1639197000000,48339.2,48464.1,48291.4,48338.9,19.96692616
1639197900000,48338.9,48618.3,48338.9,48536.1,46.77236003
1639198800000,48536.2,48595.2,48450,48460.1,31.27997403
1639199700000,48460.1,48482.7,48357.1,48473.1,143.25555859
1639200600000,48473.1,48540,48450.5,48526.2,51.19975771
1639201500000,48526.2,48569.2,48220.8,48318.4,96.73078983
1639202400000,48318.4,48888,48223.4,48773.3,156.9892653
1639203300000,48773.3,48828.2,48283.7,48350.1,228.72166386
1639204200000,48350.1,48404.9,48173.7,48346.2,65.98661247
1639205100000,48346.2,48346.2,48003,48056.1,169.19949902
1639206000000,48056.1,48123,47985,48079.2,51.43031064
1639206900000,48079.2,48141.2,47981.8,47981.8,141.05865673
1639207800000,47981.9,48125,47779.6,48018.9,127.6719677
1639208700000,48018.9,48171.7,48008.2,48039.4,43.58128387
1639209600000,48038.3,48124.9,47865,48081.1,63.24497324
1639210500000,48081.1,48892.8,48081.1,48853.7,411.20951912
1639211400000,48853.7,48897.7,48398.5,48480.4,196.9332087
1639212300000,48480.4,48502.2,48278.2,48390.5,125.68275288
1639213200000,48390.6,48423.1,48133.1,48220.2,130.54993428
1639214100000,48223.2,48442.4,48198.2,48423.1,158.52726649
1639215000000,48423.1,48500.3,48388.2,48472.5,55.73076402
1639215900000,48472.6,48624.9,48348.3,48533.3,43.26007763
1639216800000,48533.3,48588,48382.3,48388.2,60.44966159
1639217700000,48388.2,48448.1,48300,48418.5,286.00373428
1639218600000,48418.4,48519.2,48398.2,48456.8,76.44029238
1639219500000,48456.8,48511.9,48373.5,48386.5,39.97132087
1639220400000,48394.6,48453.2,48288,48423.4,44.92113015
1639221300000,48420.6,48426.4,48168.3,48238.2,173.12088678
1639222200000,48238.3,48320,48173.3,48289.2,24.84632547
1639223100000,48289.3,48338.2,48175.5,48236.8,33.74599962
1639224000000,48236.7,48428.1,48198,48380.6,35.58787154
1639224900000,48380.6,48567.9,48293.9,48497.1,153.69777009
1639225800000,48497.1,48549.7,48438.2,48548.3,36.16034105
1639226700000,48548.3,48549.9,48454,48518.2,41.0886935
1639227600000,48518.2,48919.9,48234.1,48288.2,329.79338978
1639228500000,48288.2,48548.2,48225,48438.1,229.95704519
1639229400000,48444.1,48588.2,48418.3,48421.4,47.18231932
1639230300000,48418.3,48449.7,48210.2,48348.6,64.17878107
1639231200000,48354.7,48387.7,48158.2,48277.1,81.18642302
1639232100000,48277.1,48340.7,48192.2,48300.9,154.59754842
1639233000000,48298.2,48437.3,48207,48437.3,65.79117958
1639233900000,48437.4,48552.3,48375.1,48468.3,82.36079587
1639234800000,48468.2,48634.1,48437.6,48454.3,55.21290318
1639235700000,48451.8,48592.7,48442,48532,155.95750005
1639236600000,48526.8,48697.8,48526.8,48618.2,66.26884072
1639237500000,48618.3,48799,48571.4,48757.2,161.00222232
1639238400000,48752.4,49157.5,48689.1,48946.4,490.55825707
1639239300000,48943.3,49278.6,48902.5,49154.9,370.84858286
1639240200000,49155,49261.8,49054.6,49148,167.98107669
1639241100000,49148.1,49148.1,48933.8,48998.9,67.69246029
1639242000000,48998.9,49046.6,48786.5,48869.2,73.3618396
1639242900000,48869.2,48968.2,48844.1,48937.4,96.06693758
1639243800000,48937.4,48958.2,48810.8,48865.4,144.22931856
1639244700000,48865.5,48898,48580.1,48706.4,65.0671699
1639245600000,48696.3,48820.3,48638.2,48673.8,48.28437684
1639246500000,48673.7,48673.7,48572,48608.2,35.39394295
1639247400000,48608.2,48805.9,48608.2,48728.3,143.7272673
1639248300000,48728.2,48859.5,48639.6,48678.1,19.60359059
1639249200000,48669.2,48782.9,48634.7,48742.7,15.64817273
1639250100000,48742.6,48785.7,48678.2,48695.5,11.41554047
1639251000000,48695.6,48742,48472,48489.3,164.35328441
1639251900000,48489.4,48588.7,48385.2,48398.2,73.23386213
1639252800000,48408.1,48545.1,48393.4,48478.2,16.93073106
1639253700000,48478.2,48564.8,48406.6,48549.2,29.89798333
1639254600000,48549.3,48731.1,48488.2,48694.8,169.87495121
1639255500000,48694.8,48707.2,48560.5,48565.9,28.92313379
1639256400000,48566,48589.8,48408.3,48455.2,47.96948001
1639257300000,48455.2,48618.2,48425.8,48538.1,19.13693038
1639258200000,48538,48600,48408.2,48492.9,151.85575519
1639259100000,48492.9,48835.9,48458.2,48783.4,50.19846755
1639260000000,48783.3,48858.2,48710.2,48783.2,23.03866811
1639260900000,48783.2,48795.3,48641.9,48753.2,23.75448472
1639261800000,48753.2,49156.7,48744.5,48995.5,81.73250568
1639262700000,48996.3,48996.3,48832.9,48832.9,10.788956
1639263600000,48832.9,49399.9,48796.2,49208.1,93.2901813
1639264500000,49198.2,49356.3,49143.8,49356.2,56.89956447
1639265400000,49356.3,49482.8,49135.7,49249.1,77.22508933
1639266300000,49249.1,49388.2,49122.1,49388.1,47.70972046
1639267200000,49388.2,49580.6,49322.8,49448.2,270.42061643
1639268100000,49438.2,49683,49418.2,49581.7,259.8085456
1639269000000,49581.7,49651.5,49300,49342.9,232.52486985
1639269900000,49342.9,49371.8,49214.5,49330.6,177.48728037
1639270800000,49330.6,49442.3,49288.3,49363.1,74.65566103
1639271700000,49363.1,49456.8,49066.6,49228.7,137.93900936
1639272600000,49228.6,49287.4,49154,49262.9,216.1739798
1639273500000,49262.9,49287.3,49158.2,49175.6,83.57451536
1639274400000,49175.6,49255.2,49111.2,49146.6,219.35614162
1639275300000,49146.6,49252.1,49138.5,49196,126.76030408
1639276200000,49196,49308.1,49148.9,49308.1,108.8234071
1639277100000,49308.1,49349,49018.5,49040.8,221.13891416
1639278000000,49042.4,49110.6,49026.2,49088.1,156.79734798
1639278900000,49088.1,49208.6,49075,49163.4,57.29594622
1639279800000,49163.3,49380.7,49152,49339.5,94.68014837
1639280700000,49339.6,49358.6,49255.6,49300,43.57155012
1639281600000,49300,49338.2,49122.3,49122.3,170.01986139
1639282500000,49122.3,49276.3,49094.2,49207.8,185.47489322
1639283400000,49207.7,49278.1,49080,49084.5,129.76365101
1639284300000,49084.5,49123.6,48826,48873.5,252.62494193
1639285200000,48873.4,49036.7,48832.4,49008.1,131.93951824
1639286100000,49008.1,49036.8,48905.7,48950.7,23.94081281
1639287000000,48950.7,49068.1,48920.5,48985.2,27.58971586
1639287900000,48985.2,49006.7,48885.5,48983.2,15.91304347
1639288800000,48983.2,49088.2,48939.1,49064.1,31.09489376
1639289700000,49064.1,49220.3,48985.1,49006.1,44.43965952
1639290600000,49006.1,49149.7,49006.1,49122.9,18.46294246
1639291500000,49122.9,49198.2,49078.2,49164,25.89695489
1639292400000,49164.1,49193.4,49081.4,49108.2,23.07237039
1639293300000,49108.2,49348.6,49100.2,49304.2,51.34392751
1639294200000,49304.1,49318.2,49246.5,49294.3,22.01721098
1639295100000,49294.4,49361.5,49241.8,49305.1,25.30028255
1639296000000,49305,49373.2,49252.8,49326.9,28.68371444
1639296900000,49326.8,49353.1,49168.2,49182.3,17.42965852
1639297800000,49182.3,49182.3,48992.7,49062.3,51.03413431
1639298700000,49062.3,49086.5,48950,48970.5,43.01373035
1639299600000,48967,49067.2,48931.4,48957.4,25.60998403
1639300500000,48957.4,49156.7,48875,49059.8,53.32865344
1639301400000,49059.8,49059.8,48900,48932.4,17.4204199
1639302300000,48932.4,48960.2,48709.8,48816.1,74.57002769
1639303200000,48816.1,48877.8,48612.5,48754.9,82.36234846
1639304100000,48754.8,48913.9,48700,48884.3,74.34874571
1639305000000,48884.3,48960,48758.6,48835.1,67.66280745
1639305900000,48835.1,48947.9,48782,48920.3,18.51597136
1639306800000,48920.4,48999,48842.2,48908.3,25.37203429
1639307700000,48908.3,49073.3,48895.6,49010.5,40.95165856
1639308600000,49010.5,49278.6,48956.9,49248.1,87.03707512
1639309500000,49248.1,49298,49083.1,49128.2,60.92714963
1639310400000,49128.3,49526.3,49107.1,49383.7,158.80965111
1639311300000,49388.2,49608.2,49300.6,49561.3,115.68798394
1639312200000,49561.4,49642.8,49399.9,49477.6,98.72916286
1639313100000,49477.5,49547.9,49428.5,49510.6,127.97326358
1639314000000,49510.6,49808.7,49493.4,49703.2,140.64343847
1639314900000,49703.2,49765.5,49568.2,49587.8,42.33858016
1639315800000,49587.8,49741.8,49568.2,49707,54.71350185
1639316700000,49706.9,49890,49588.2,49800.6,115.94561452
1639317600000,49800.6,49932.6,49721.5,49888.1,94.86476577
1639318500000,49888.1,49922.2,49653.2,49684.5,38.28493867
1639319400000,49684.5,49776.7,49509.7,49748.1,72.7296871
1639320300000,49748.1,49893.1,49708.2,49856.7,32.6385477
1639321200000,49856.6,49900,49659.3,49719.2,74.66497328
1639322100000,49719.2,49833.2,49625,49762.6,49.83230005
1639323000000,49762.6,49798.3,49638.2,49696.6,32.17468264
1639323900000,49696.6,49696.7,49573.9,49618.1,11.89068205
1639324800000,49618.1,49776.7,49515.2,49548.2,55.36601182
1639325700000,49548.2,49735.9,49518.2,49703.3,40.97252549
1639326600000,49703.2,49840.8,49694.1,49786.9,84.56068865
1639327500000,49786.9,49889.1,49707.6,49869.1,32.56380132
1639328400000,49869.2,50350,49822.7,50109.8,453.3690561
1639329300000,50109.8,50473.5,50058.8,50104.5,99.86290512
1639330200000,50104.5,50117.5,49777.2,50018.2,139.47792621
1639331100000,50022.8,50321.4,49980.5,50243.3,140.17323984
1639332000000,50243.2,50731.8,50243.2,50658.2,215.71355473
1639332900000,50658.2,50773.1,50436,50516.7,122.03387135
1639333800000,50516.7,50600,50450.6,50523.1,56.90136429
1639334700000,50523.1,50523.2,50415,50471.7,20.65868552
1639335600000,50471.7,50598.2,50436.4,50450,53.61072271
1639336500000,50450,50470.9,50214,50284.5,44.52242527
1639337400000,50284.6,50423.2,50230.1,50288.2,47.11902078
1639338300000,50288.2,50288.2,50125,50212.8,39.6898644
1639339200000,50212.9,50463.1,50151.8,50363.1,70.68017342
1639340100000,50363.1,50537.5,50351.2,50498.2,14.61066717
1639341000000,50498.3,50538.2,50388.2,50388.2,10.30637211
1639341900000,50388.2,50388.3,50230,50268.1,17.87553087
1639342800000,50268.1,50268.2,50174.7,50260.4,17.71273881
1639343700000,50260.4,50309.4,50192.4,50213.7,11.44866994
1639344600000,50213.7,50225.9,49958.5,50062.6,40.0426411
1639345500000,50062.6,50123.2,49880.2,49947.7,25.03547876
1639346400000,49947.7,50100,49927.3,50068.3,25.04400217
1639347300000,50068.2,50073,49940.1,49994.4,17.53703304
1639348200000,49994.4,50148.2,49987.1,50117.3,13.34660769
1639349100000,50117.3,50309.1,50078.7,50278.3,30.23227229
1639350000000,50278.3,50359.8,50188.2,50258.1,34.45816579
1639350900000,50258.1,50258.1,50187.9,50233.2,9.93609329
1639351800000,50233.2,50258.6,49954.2,50029.9,33.98943193
1639352700000,50030,50134.1,49975,50063.2,19.09578268
1639353600000,50063.2,50192.7,50003.8,50159.8,124.36672546
1639354500000,50159.9,50182.3,49680.6,49967.5,430.97196722
1639355400000,49962.5,49962.5,49673.1,49816,132.94811084
1639356300000,49816,49848.1,49546.2,49638.1,259.48119536
1639357200000,49638.1,49638.1,49023.2,49123.1,372.22978743
1639358100000,49123.2,49223.2,48819.9,48995.6,469.7711972
1639359000000,48995.7,49087.1,48818.3,48998.7,134.18431357
1639359900000,49003.4,49108.4,48556.9,48593.8,321.47999188
1639360800000,48593.8,48877,48518.7,48798.1,347.09684254
1639361700000,48798.2,48866.5,48688.2,48735.1,135.05949497
1639362600000,48735.1,48786.2,48440.5,48690.5,178.85580837
1639363500000,48690.4,48832.5,48663.2,48768.3,99.14462309
1639364400000,48768.3,48861,48688.6,48842.5,133.57625014
1639365300000,48842.4,48892.3,48733.3,48892.2,216.4264045
1639366200000,48892.2,49066.6,48853.8,49053.2,209.46001165
1639367100000,49053.2,49053.2,48834.8,48873.1,68.31885243
1639368000000,48873.1,48928.2,48758.5,48928.2,140.78221339
1639368900000,48928.2,48985.4,48832.5,48933,94.70878373
1639369800000,48933,49093.8,48913.2,49055.8,125.9905378
1639370700000,49060.4,49104.7,48952.8,49028.9,39.07267518
1639371600000,49028.8,49028.8,48961.4,49002.8,14.85150674
1639372500000,49002.8,49081.2,48901.4,48948.2,23.73324288
1639373400000,48948.2,48996.3,48866,48973.3,17.67808055
1639374300000,48973.3,49333,48973.2,49242.3,96.06978758
1639375200000,49242.4,49300,49165.1,49170,27.62438293
1639376100000,49170,49214.4,49013.3,49060,36.12776571
1639377000000,49062.9,49141.3,48968,49095.7,38.49269734
1639377900000,49095.7,49095.7,48888.3,48936.1,42.56294942
1639378800000,48936.1,48989.3,48724.9,48760.9,97.06408071
1639379700000,48760.9,48870.2,48716.8,48812.9,38.15046311
1639380600000,48813,48908.1,48587.7,48650.2,67.3677405
1639381500000,48658.3,48786.5,48634.8,48739.9,32.5154804
1639382400000,48739.9,49140,48101,48910.3,542.95922004
1639383300000,48910.3,49010.1,48803.1,48898.9,72.12293114
1639384200000,48899,49082.3,48899,49066.5,32.78784074
1639385100000,49061.5,49172.8,49003,49029.1,37.20229279
1639386000000,49029.1,49038.3,48829.2,48908.4,72.41679621
1639386900000,48908.4,48911.4,48776,48833.6,32.97016602
1639387800000,48834.9,48836.4,48711.4,48805,28.38600666
1639388700000,48807.9,48888,48801.9,48861,20.00210045
1639389600000,48861,48907,48622,48782,47.95675443
1639390500000,48787,48826.5,48635,48675.8,50.6167588
1639391400000,48670.2,48766.6,48497.4,48715.2,50.7477078
1639392300000,48714.2,48810.7,48637.5,48689.7,20.43451617
1639393200000,48689.6,48741.8,48580.1,48719.7,21.6909855
1639394100000,48726.5,48810.6,48679.1,48720.3,22.97912097
1639395000000,48723.2,48881.9,48723.1,48851.2,42.83145094
1639395900000,48851.2,48908,48761.9,48848.4,20.6705304
1639396800000,48848.6,48997.4,48788.3,48975.3,47.5192308
1639397700000,48975.2,48999.9,48898.5,48898.6,35.94586411
1639398600000,48898.5,48908.1,48639.5,48667.8,34.78294105
1639399500000,48667.8,48688.8,48542.1,48583.2,53.77214973
1639400400000,48583.2,48643.9,48318.8,48426.5,125.13762822
1639401300000,48423.3,48517.9,48164.4,48379.2,150.87751102
1639402200000,48379.3,48568.2,48319,48518.6,63.35293177
1639403100000,48518.6,48528,48423.2,48433.2,37.83270735
1639404000000,48433.2,48433.2,48109.1,48148.4,90.9878979
1639404900000,48151.1,48187.7,47836.2,47957.9,199.40270576
1639405800000,47956.6,48023.8,47712,47842,146.64770054
1639406700000,47841.9,47988.2,47760.1,47937.2,100.08049682
1639407600000,47942.9,47947.6,47611,47678.4,122.00043916
1639408500000,47678.4,47769.7,47333.3,47528.7,214.84148175
1639409400000,47523.9,47628.5,47310,47507.2,107.88518301
1639410300000,47515.2,47564.2,47010.3,47251.7,310.22230749
1639411200000,47251.8,47559.4,46913.8,47364.4,342.9745366
1639412100000,47364.4,47413.3,46608.6,47064.8,375.81683333
1639413000000,47064.8,47201.9,46764.9,47115.6,177.63900022
1639413900000,47115.6,47331.9,46929.7,47141.1,145.18961701
1639414800000,47141.2,48040.7,47070,47690,652.4780816
1639415700000,47690,47703.5,47416.5,47498,75.21914959
1639416600000,47495.5,47647.9,47298.9,47332.9,58.31719764
1639417500000,47324.9,47574,47263.6,47509.4,88.41758886
1639418400000,47509.4,47648,47437.7,47587.3,34.11883928
1639419300000,47592,47684.4,47405.9,47478.6,40.09018072
1639420200000,47478.7,47478.7,47340.9,47360.7,33.19455914
1639421100000,47360.8,47500,47307.3,47450.5,35.4429705
1639422000000,47448.7,47448.7,47119.7,47178.5,70.70169467
1639422900000,47177.4,47230.9,46036.1,46442.6,1693.96348286
1639423800000,46444.9,46471.5,45680,46077.2,1329.0065839
1639424700000,46078.3,46847.9,46000,46744.1,433.72011305
1639425600000,46739.7,46962.4,46602.5,46914.7,177.3387209
1639426500000,46914.1,46929.3,46479.7,46676.6,134.04512601
1639427400000,46676.7,46753.3,46346.7,46475.8,89.34778012
1639428300000,46484.1,46732.6,46461,46658.5,83.34053179
1639429200000,46658.5,46733.8,46240.5,46430.4,137.56839999
1639430100000,46430.4,46555.3,46250.2,46543.6,74.55997332
1639431000000,46542,46715.2,46383.8,46511.2,106.16711098
1639431900000,46511.3,46908,46511.2,46795.1,92.13555173
1639432800000,46791,47314.7,46683.6,47156.2,464.58814039
1639433700000,47161.8,47167.3,46940.5,47080.8,143.80117987
1639434600000,47080.8,47210.2,46950.1,46996.2,85.14983039
1639435500000,46996.2,47067.9,46883.4,46885.3,55.13529361
1639436400000,46887.9,47017.7,46723.2,47015.6,95.11415103
1639437300000,47017.1,47065.1,46776.7,46809.5,34.12829018
1639438200000,46811.8,46860.4,46581.1,46710.7,44.35626031
1639439100000,46710.6,46806.7,46577.5,46706.6,46.33160896
1639440000000,46706.6,46778.4,46422,46499.3,535.17603838
1639440900000,46499.2,46835,46292,46793.8,257.57487203
1639441800000,46793.8,47224,46793.7,47223.4,279.94064818
1639442700000,47223.4,47223.4,47001.9,47001.9,130.82128984
1639443600000,47002,47043.3,46888.5,47011.8,194.30173684
1639444500000,47011.8,47118.3,46844.3,46852.7,201.82586293
1639445400000,46852.7,46875.2,46608.4,46701,153.23022442
1639446300000,46701,46980,46587,46875,156.26743339
1639447200000,46875.1,46963.2,46798.9,46927.8,215.17410535
1639448100000,46927.8,46927.8,46691.6,46760,130.41172219
1639449000000,46760,47062.5,46683.6,46950,151.48592163
1639449900000,46950,47060,46800,47025.8,49.4860269
1639450800000,47025.8,47104.4,46941.6,46972.9,73.27402705
1639451700000,46972.9,47059.6,46876.4,47029.9,114.47802343
1639452600000,47029.8,47050.8,46800,46830.1,266.60539835
1639453500000,46830,46981.2,46759.4,46954,191.88610206
1639454400000,46954,47160,46880,47159.9,125.56518634
1639455300000,47160,47170.4,47030.1,47091.1,117.35177371
1639456200000,47091.1,47168.2,46956,47060,110.81348572
1639457100000,47060,47082,46904,46984,78.70593148
1639458000000,46984,47029.3,46848,46848.1,65.12798161
1639458900000,46848.1,47021.8,46846.1,47019,150.06455109
1639459800000,47019.1,47123.7,46989.6,47019.8,47.02902091
1639460700000,47019.7,47040,46689.9,46700.5,77.0519306
1639461600000,46700.6,46855.3,46700.5,46761.6,59.5126785
1639462500000,46761.7,46771.9,46476,46495.8,93.74409233
1639463400000,46495.8,46628,46310.3,46477.7,92.70295551
1639464300000,46477.7,46715.3,46404.4,46675.9,79.78891907
1639465200000,46675.9,46825.6,46542.7,46564.8,65.09968634
1639466100000,46564.8,46787.5,46562.1,46714,39.1877166
1639467000000,46714,46900.1,46714,46810.1,42.38519757
1639467900000,46810.1,47033.2,46784.9,46999.9,93.36215351
1639468800000,46999.9,47261.1,46954.7,47110,156.38935441
1639469700000,47109.9,47188.1,47056.1,47148.5,66.5637122
1639470600000,47148.4,47429.8,47100.7,47392.3,100.76424154
1639471500000,47392.3,47499.5,47297.7,47458,161.52857885
1639472400000,47458,47490,47298.1,47298.2,101.93637585
1639473300000,47298.2,47390,47261.1,47290.1,85.89309928
1639474200000,47290.1,47357.5,46978,46982.3,214.4778048
1639475100000,46982.2,47066.6,46775.8,46828.2,150.02853685
1639476000000,46828.2,46972.4,46800,46952,46.47435303
1639476900000,46952,47087.8,46901.6,46999.8,26.30758759
1639477800000,46999.8,47293.5,46990,47134.2,146.51485443
1639478700000,47134.2,47383.8,47124.6,47349.1,78.88158919
1639479600000,47349,47407.4,47253.2,47290.1,56.80154559
1639480500000,47290.1,47448.2,47261.3,47312.6,46.67009578
1639481400000,47312.6,47390,47190.9,47390,34.39724905
1639482300000,47390,47748.6,47289.1,47620,205.66369086
1639483200000,47620,47879.9,47610.4,47784.9,115.89717397
1639484100000,47784.9,47963.5,47730.4,47750.3,103.61263572
1639485000000,47750.2,47779.1,47540,47623.3,134.21961049
1639485900000,47623.3,47680,47510.1,47512.8,64.8616081
1639486800000,47512.7,47675.2,47512.7,47613.9,28.55389083
1639487700000,47613.9,47613.9,47299.3,47407.8,113.93625457
1639488600000,47406.9,47406.9,47029.3,47064.2,116.97208616
1639489500000,47062.9,47226,47001.1,47171.3,55.20701053
1639490400000,47171.3,47314.1,46888,46949.3,98.37931529
1639491300000,46949.3,46990,46818.1,46927.7,46.01010983
1639492200000,46923,47244.6,46900.5,47170,85.74264699
1639493100000,47169.9,47340.9,47114.7,47290,66.40738795
1639494000000,47287.3,47353.1,47073.5,47073.5,295.3800819
1639494900000,47073.5,47508.9,47050,47473.4,564.58642159
1639495800000,47473.3,47509.2,47205.5,47310,490.24599707
1639496700000,47311.8,47362.5,46595.9,46846.3,722.71208349
1639497600000,46846.4,47117.6,46641.8,46898.7,848.17876842
1639498500000,46898.7,46983.4,46552.8,46929.9,1162.30990847
1639499400000,46929.9,47140,46820.2,46943.5,985.42133368
1639500300000,46943.5,47100,46716.5,46731.3,1098.2845468
1639501200000,46731.3,46923.2,46663.2,46860.1,626.35671279
1639502100000,46860.1,47085.5,46827.9,47069.7,168.97966481
1639503000000,47069.7,47069.7,46781.8,46811.4,29.0504698
1639503900000,46811.3,46820,46552.9,46616,94.53924803
1639504800000,46615.9,46952.4,46580,46824.7,60.41187408
1639505700000,46824.7,46889.6,46660,46838.5,98.34964495
1639506600000,46838.5,46845.1,46461.8,46513.4,201.85767851
1639507500000,46510.1,46676.1,46510,46650.1,40.49966544
1639508400000,46650.1,46987.8,46631.9,46862.3,71.23086058
1639509300000,46862.3,47029.3,46850,46999.9,98.93536892
1639510200000,46995,47064.8,46866.6,46883.6,120.8814424
1639511100000,46883.5,46949.9,46743,46863,34.80628276
1639512000000,46853.4,47166.7,46846.5,47082.2,57.03014358
1639512900000,47071.6,47270,47060.9,47192,81.6695973
1639513800000,47196.2,47876.8,47143.9,47817.5,551.02806332
1639514700000,47816.3,47834.7,47629.2,47794.3,75.84220633
1639515600000,47794.3,48345.9,47753,48240.7,255.97726175
1639516500000,48240.7,48356.5,48119.9,48314.3,64.12647466
1639517400000,48310.6,48658.7,48223.4,48489.7,266.04107816
1639518300000,48489.7,48645.3,48204.6,48288,86.16021132
1639519200000,48288.1,48474.1,48228.3,48313.3,49.12839068
1639520100000,48313.2,48416.1,48105.6,48147.8,63.94820987
1639521000000,48147.7,48371.2,48008,48371,150.06143964
1639521900000,48370.9,48377.8,48234,48263.2,22.62232547
1639522800000,48263.3,48380.7,48151.2,48296,30.15235356
1639523700000,48296.1,48315.3,48188,48207.1,28.91191182
1639524600000,48207.1,48279,48156.5,48265.4,158.20262335
1639525500000,48265.4,48447.9,48184,48356.3,94.74024206
1639526400000,48352.9,48400,48241.9,48339,344.07626161
1639527300000,48339,48759.2,48236.9,48480.1,371.92799648
1639528200000,48480,48540,48110,48162.6,185.24994548
1639529100000,48162.7,48260.1,48072,48144.3,169.19119438
1639530000000,48136.9,48175.3,48044.2,48087.9,256.43997503
1639530900000,48087.8,48178,48050,48109.5,131.24589573
1639531800000,48109.5,48162.1,47956.9,48040.2,111.33852072
1639532700000,48040.2,48110,48000,48069.8,84.79183799
1639533600000,48069.7,48091.7,47845.8,47894.7,243.57933779
1639534500000,47896.5,47964.7,47845.8,47920.3,106.02181886
1639535400000,47920.3,47987,47874.1,47912.2,97.08547742
1639536300000,47912.2,48007.7,47878.4,47995.1,203.61227878
1639537200000,47995.2,48020,47930.7,47958.7,137.15307224
1639538100000,47958.6,48129.8,47940.1,48080.4,188.31454451
1639539000000,48083.8,48137.8,48040,48124.7,67.27882081
1639539900000,48128.3,48290,48100,48262.8,203.99943896
1639540800000,48262.8,48367,48082.8,48149.9,355.24948808
1639541700000,48150.4,48432.7,48135.6,48390.7,364.62461887
1639542600000,48390.6,48427.2,48281.7,48346.1,153.35369821
1639543500000,48346.1,48356.2,48173.5,48238.9,167.46424208
1639544400000,48235.6,48326.2,48110.6,48172.9,159.03656001
1639545300000,48172.9,48172.9,48061,48097.1,297.72836178
1639546200000,48097,48236.3,48077.9,48125.5,126.33932474
1639547100000,48125.6,48155.9,48048.9,48117.9,30.15279409
1639548000000,48119.5,48200,48064.4,48142.1,27.36374265
1639548900000,48142.1,48318.7,48114.7,48262.7,179.23165536
1639549800000,48262.1,48322.8,48016.8,48027.7,36.07999041
1639550700000,48031.4,48100.1,48022,48060.1,32.9759172
1639551600000,48060,48294,47942.5,48268.4,85.83827233
1639552500000,48262.9,48333.3,48140,48143.1,175.34399614
1639553400000,48143.1,48257.7,48114.8,48213.8,25.31780236
1639554300000,48213.9,48297.8,48177.9,48210.1,35.28639024
1639555200000,48212.8,48370,48209.2,48277.9,57.27957633
1639556100000,48277.9,48556.9,48262.8,48493.7,232.80475174
1639557000000,48493.7,48775.1,48484.2,48666.7,197.40923844
1639557900000,48666.8,48736.5,48488.8,48572.7,183.37109535
1639558800000,48572.8,48590.9,48440,48457.8,52.48136085
1639559700000,48457.9,48516.4,48405.6,48456.9,153.35323635
1639560600000,48456.8,48466,48371.1,48431.4,82.05776351
1639561500000,48431.4,48567.2,48431.4,48490.1,29.49779902
1639562400000,48483,48590.9,48456.8,48508.9,42.89777801
1639563300000,48508.9,48508.9,48270,48352.7,194.80085694
1639564200000,48352,48352,48192,48232.9,74.91758352
1639565100000,48232.8,48316.6,48200,48245.9,50.07700908
1639566000000,48250,48329.3,48167.1,48300.2,43.53721999
1639566900000,48300.3,48353,48081,48120,191.21962403
1639567800000,48119.9,48235.9,48112.8,48202.8,42.58112434
1639568700000,48203.5,48266.5,48130.1,48134.6,18.55921494
1639569600000,48134.6,48290.8,48027.4,48217.8,77.17342204
1639570500000,48217.8,48274.6,48175.8,48250,147.08176739
1639571400000,48250.2,48267.9,47620.7,47877.6,263.04377528
1639572300000,47877.2,47896.3,47527.3,47590.1,177.01194771
1639573200000,47590,47725.2,47528.7,47650,57.84585598
1639574100000,47650,47700.5,47432.7,47624.2,227.10926266
1639575000000,47624.2,47808.9,47600.6,47750.2,237.70798155
1639575900000,47750.2,47811.4,47589.9,47647.8,87.61963174
1639576800000,47650.5,47765,47581.3,47761,71.72503355
1639577700000,47763.4,47763.4,47650.3,47700,174.45726394
1639578600000,47702.1,47718.2,47224.7,47277.3,161.04541629
1639579500000,47274.2,47377.5,47215.1,47368.6,72.96065986
1639580400000,47368.5,47471.9,46929.3,46975.8,287.73896264
1639581300000,46978.7,47079,46867.7,46963.1,304.38435583
1639582200000,46963.2,47178.2,46920.2,46933.7,154.2047234
1639583100000,46937.9,47008.7,46585.5,46633,264.33430183
1639584000000,46632.9,46977.2,46544,46922.1,220.90760049
1639584900000,46922,47029.3,46714,46964.9,198.37620269
1639585800000,46964.8,46980,46654.5,46817.1,101.26674165
1639586700000,46813.6,47025.7,46732.2,47010,59.54244477
1639587600000,47008,47143.6,46900,46964.2,149.74756099
1639588500000,46964.2,47036.7,46850,47030,217.98758404
1639589400000,47030,47362.9,46987.1,47190.1,211.46938308
1639590300000,47190.1,47196.7,47072.3,47085.6,45.4903675
1639591200000,47085.6,47188.8,47015.2,47139.3,45.48936528
1639592100000,47140.5,47380,47112.3,47295.1,128.58570954
1639593000000,47295.2,47719,47270,47666.4,210.24513618
1639593900000,47666.7,48252.1,47525.9,47829.2,334.12544572
1639594800000,47835,49266.6,47224.8,48993.4,3175.03280091
1639595700000,48985.7,49045.8,47793.6,48087.4,529.71949118
1639596600000,48087.3,48930.4,47923.1,48469.4,691.80080418
1639597500000,48479.2,48857.8,48422.3,48680.4,183.371295
1639598400000,48680.3,49142.7,48557.9,49017.7,231.65916117
1639599300000,49014.9,49356.3,48839,49252.1,335.68395482
1639600200000,49242.7,49500,49133.3,49268.9,291.64464847
1639601100000,49257.9,49433,49036.8,49210.1,177.56049213
1639602000000,49212.9,49366.7,48995.1,48996,107.0780287
1639602900000,48993.8,49199.7,48927.8,49128.2,82.73142538
1639603800000,49132.5,49215.7,49036.8,49070.1,178.12590696
1639604700000,49070.1,49266.2,48992.8,49166.6,75.17683158
1639605600000,49166.7,49232.1,48975.3,48981.4,60.04645735
1639606500000,48979.3,49030,48826,48880.1,44.57336487
1639607400000,48880,48905.7,48753.4,48834.6,164.19831055
1639608300000,48834.7,48911.5,48662.8,48747.2,60.09546793
1639609200000,48747.2,48942.6,48747.2,48878.9,50.33415038
1639610100000,48878.9,48939.3,48764.7,48812.2,60.00249946
1639611000000,48812.3,48866.9,48706.4,48710,150.29987639
1639611900000,48709.1,48949.9,48709,48858.5,89.13090672
1639612800000,48858.5,48950,48737.8,48887.4,350.36532753
1639613700000,48887.4,49143.6,48887.4,49020.1,239.22157209
1639614600000,49020.1,49149.4,48938.4,49120.1,153.25412645
1639615500000,49120,49269.9,49020.4,49053.9,223.73500558
1639616400000,49054.5,49130.3,48901,48959.9,353.4537794
1639617300000,48954,48990,48866.6,48911.3,96.20952968
1639618200000,48911.9,48959.7,48841.3,48897.7,121.51509265
1639619100000,48897.6,49035.7,48862.8,49028.5,177.24876268
1639620000000,49028.6,49042.6,48940.1,48970.4,257.8212182
1639620900000,48970.5,49016.9,48870.4,48963.5,114.82195398
1639621800000,48963.4,49038.2,48952.8,48969.3,123.3865614
1639622700000,48969.3,49052.4,48937.8,49006.6,94.73693205
1639623600000,49006.5,49052.8,48916.5,48916.5,236.02642866
1639624500000,48916.5,48942.6,48778.4,48797.5,210.30804609
1639625400000,48797.5,48830,48704.3,48783,167.19553008
1639626300000,48782.9,48843,48764.3,48823.1,156.36882102
1639627200000,48823.2,48891.1,48750,48767.8,134.33779916
1639628100000,48767.7,48767.8,48587.8,48720.3,405.00349732
1639629000000,48720.3,48755.5,48640,48714.3,111.55074305
1639629900000,48714.8,48824.7,48714,48749.5,70.87650713
1639630800000,48749.5,48814.5,48659.2,48739.8,175.82230007
1639631700000,48739.8,48775.4,48644.4,48704.9,193.10271029
1639632600000,48704.8,48741.9,48634,48634,27.65638791
1639633500000,48634,48689.4,48503.4,48516.6,44.10801575
1639634400000,48516.6,48620.4,48500,48620.4,43.90357436
1639635300000,48619,48740,48587,48730.3,154.12723468
1639636200000,48730.4,48786.4,48700.4,48777.7,19.88841093
1639637100000,48777.7,48910,48761.1,48887.9,35.66498219
1639638000000,48889,49003.3,48855,48922.3,81.43378811
1639638900000,48920,49036.8,48892.1,48956.4,161.29236535
1639639800000,48956.4,48989.9,48878.9,48916.6,25.18249155
1639640700000,48916.7,48919.9,48689.8,48714.1,37.87077202
1639641600000,48714.2,48788.1,48640.6,48642.8,77.40171856
1639642500000,48647.9,48764.4,48620,48694,135.17598499
1639643400000,48694.1,48846.1,48684.7,48841.7,51.47370279
1639644300000,48841.8,48927.4,48751.1,48772.8,58.59949788
1639645200000,48772.8,48874.1,48740,48749.7,34.13730032
1639646100000,48749.9,48865.2,48744.7,48847.7,141.38409326
1639647000000,48847.8,48920.9,48813.3,48912.7,16.95662895
1639647900000,48908.6,48969.4,48878.3,48957.8,18.05163123
1639648800000,48957.6,49188,48912.8,49143.4,196.97931465
1639649700000,49143.4,49237.9,49055.6,49078.5,168.68159202
1639650600000,49075.9,49148.8,49045.3,49076.7,29.29676954
1639651500000,49076.7,49163.9,49044,49140.7,26.47485834
1639652400000,49140.7,49160.6,48865.1,48930.2,91.08655866
1639653300000,48937.6,49039.8,48869,49006.2,161.5677812
1639654200000,49006.2,49399.9,48996.1,49386,91.08929255
1639655100000,49386,49443.8,49100,49200,86.21356422
1639656000000,49199.9,49209,49052.7,49064.5,69.769515
1639656900000,49064.6,49164,48993.8,49081.9,169.48697989
1639657800000,49081.9,49189,48709.2,48811.1,126.07958735
1639658700000,48811.1,48816.2,48637.5,48699.9,124.90107046
1639659600000,48696.1,48738.8,48400,48524.4,176.44776592
1639660500000,48524.5,48796.2,48466.1,48795.9,194.99928761
1639661400000,48796,48893.3,48650,48861,83.73418708
1639662300000,48861.1,49270.9,48804.2,49002.5,149.16422161
1639663200000,49007.3,49012.1,48636.2,48708.2,81.55964315
1639664100000,48708.1,48861,48563,48754.2,207.35931239
1639665000000,48754.2,48898.2,48596.1,48604.3,97.70813573
1639665900000,48606.1,48744,48507,48538.1,99.38995763
1639666800000,48535.5,48544,48246.7,48390.3,157.06167146
1639667700000,48390.2,48653.7,48328.2,48614.3,204.02095601
1639668600000,48616.1,48714.8,48474.4,48489.9,59.39607078
1639669500000,48489.8,48695.7,48473.9,48590,94.36409252
1639670400000,48590,48621.9,48323.2,48403.7,108.58179662
1639671300000,48403.6,48489.9,48318.7,48486,241.66003527
1639672200000,48486,48526.1,48315.6,48475.4,117.61115408
1639673100000,48475.4,48707.4,48383.4,48523,140.75022033
1639674000000,48522.9,48532.3,48147.4,48229.3,295.2209681
1639674900000,48229.3,48318.4,48091.2,48152.2,127.04370185
1639675800000,48152.3,48231.2,48069.3,48089,103.45610903
1639676700000,48093.4,48207,48083.7,48089,53.78316648
1639677600000,48086.4,48310.1,48069.3,48266.1,45.33261711
1639678500000,48270,48280,48176,48214.7,70.23602061
1639679400000,48214.8,48220.1,47866.1,47951.7,197.27267705
1639680300000,47951.7,48013.8,47866,47986,56.94040123
1639681200000,47985.9,48118.6,47930,47934,54.58923355
1639682100000,47936.5,47969.9,47753.4,47791.3,81.94871221
1639683000000,47791.3,47926.6,47728.4,47854.6,149.29602518
1639683900000,47854.7,47887.6,47675.2,47872.9,82.74001298
1639684800000,47870,48042.8,47840.1,47920.1,46.26425267
1639685700000,47920,48373.5,47885.4,48320,77.47915424
1639686600000,48320.1,48379.8,48072.2,48072.2,204.33678219
1639687500000,48072.2,48126.7,47926.7,47940.5,54.8770961
1639688400000,47932.8,48145.5,47908.9,48130,28.30222187
1639689300000,48130,48158,47991.5,48097.6,15.90001591
1639690200000,48099.9,48132.9,48020,48082.2,149.04711688
1639691100000,48082.1,48149.9,48045.8,48100,28.42863229
1639692000000,48100,48170,47524.1,47769.8,195.52632576
1639692900000,47769.9,47858.7,47680.1,47714.1,37.37506896
1639693800000,47714.1,47938,47714.1,47883.2,157.03309382
1639694700000,47883.1,47963.5,47803.9,47820.1,30.59008988
1639695600000,47820.1,47820.1,47575.2,47680,82.45007335
1639696500000,47679.9,47785.7,47665.8,47736.9,26.85639605
1639697400000,47732,47732,47539.4,47565.2,178.24044333
1639698300000,47565.2,47761.9,47530.6,47632.8,27.38495984
1639699200000,47632.9,47880.1,47398.8,47846.8,674.06777801
1639700100000,47853,47879.5,47654.9,47775.4,281.71826558
1639701000000,47777.9,47993.3,47692.6,47830.2,190.41184399
1639701900000,47830.2,47890,47780,47806.6,65.53342694
1639702800000,47805,47962.3,47790,47940,195.01709992
1639703700000,47944.3,47998,47815.6,47820.7,297.42687762
1639704600000,47815.1,47846.3,47712.5,47741.6,138.62741989
1639705500000,47744.7,47855.5,47728.1,47846.4,92.41008111
1639706400000,47846.4,47875,47641.7,47660,170.35367183
1639707300000,47660.1,47755.6,47640,47736,254.84760122
1639708200000,47736,47769,47638.2,47742.9,118.7235146
1639709100000,47742.8,47812.2,47739,47807.2,64.70778669
1639710000000,47811.1,47817.7,47655.3,47683.5,131.28436879
1639710900000,47683.6,47771.5,47683.5,47751.2,91.96399009
1639711800000,47751.2,47807.1,47718,47781.1,146.07012714
1639712700000,47781,47810,47757.1,47770.4,97.44027458
1639713600000,47770.4,47885.7,47750,47870.9,52.80102767
1639714500000,47870.9,47944,47760,47773.5,161.36237681
1639715400000,47773.4,47897.2,47758.4,47860,99.15092831
1639716300000,47860,47918,47850.2,47917.9,150.5797013
1639717200000,47911.9,47942.3,47800,47811.9,111.80543596
1639718100000,47811.9,47875,47742.9,47875,198.04336576
1639719000000,47875,47889.4,47602.9,47648.9,142.67156366
1639719900000,47648.9,47720,47615.6,47703.1,150.52722612
1639720800000,47703.2,47737.6,47500.1,47545.9,154.96488109
1639721700000,47545.9,47570,47456.5,47558.4,179.91493457
1639722600000,47559.8,47599.9,47518.3,47540,22.69034049
1639723500000,47540,47540,47413.3,47426.4,46.38749174
1639724400000,47426.2,47432.2,46951.4,47023.9,306.28520941
1639725300000,47023.9,47106.2,46850.1,47015.3,249.40405161
1639726200000,47015.3,47024,46858.6,46903,105.84901142
1639727100000,46903,47062.5,46741.7,47012.1,110.98658088
1639728000000,47011.3,47155.3,46940.7,46990.1,77.1458933
1639728900000,46993.4,47002.9,46898,46940.2,143.03415701
1639729800000,46940.3,47176.9,46931.5,47126.1,37.43553261
1639730700000,47126.1,47190,47060.1,47132.1,23.15699761
1639731600000,47132.1,47138.1,46966.7,46988.6,38.10374215
1639732500000,46988.6,47259.8,46969,47204,188.55989083
1639733400000,47204,47215.4,47082.2,47109.2,40.48001633
1639734300000,47109.1,47280,47084.1,47220.4,52.04699623
1639735200000,47220.3,47239.1,47082.4,47103.1,37.31500365
1639736100000,47103.1,47163.7,46846.6,46862,196.95507357
1639737000000,46862.1,47043.8,46778.6,47009.4,76.33479451
1639737900000,47009.5,47086.1,46880,46945.6,57.93735283
1639738800000,46945.6,47209.9,46881.8,47149.9,104.95617531
1639739700000,47150,47290,47086.6,47232.6,159.94387513
1639740600000,47232.6,47278.1,47117.3,47200.6,97.04041329
1639741500000,47200.6,47200.6,47023,47119.4,38.84418102
1639742400000,47119.5,47206.8,46927.8,47089.5,62.98320559
1639743300000,47089.4,47358.3,47066.2,47226.3,162.25377447
1639744200000,47230.3,47246.4,47090,47158.1,75.10924224
1639745100000,47158.2,47203.8,46993.4,47043.8,54.70128326
1639746000000,47043.8,47173.9,46983.9,47023,81.75003115
1639746900000,47023.1,47207.2,47002,47187.1,175.79060475
1639747800000,47187.1,47240,47068.2,47122.1,31.46913965
1639748700000,47122.2,47158,46888,46946.6,73.983179
1639749600000,46946.6,46996.7,46625.2,46722.4,168.31019022
1639750500000,46722.4,46824.3,46566,46675.5,233.44897253
1639751400000,46675.6,46749.9,45810,45871.1,1141.92124905
1639752300000,45871.1,46146.4,45720.4,45961,393.34553856
1639753200000,45961,45961,45542.1,45704.3,334.41405092
1639754100000,45704.3,45998.4,45457.2,45926.1,516.25474989
1639755000000,45926.1,46466.5,45915.3,46330.9,389.34724443
1639755900000,46331,46599.2,46315.1,46520,191.33880045
1639756800000,46523.6,46872.9,46416.4,46764.2,282.99668689
1639757700000,46764.2,47407,46701.1,47360.8,407.68811272
1639758600000,47363.9,47442.7,46801.2,46887.9,319.68844335
1639759500000,46887.8,47107.7,46728.5,47084.1,126.24257209
1639760400000,47082,47082,46812.7,46959.9,49.8535947
1639761300000,46959.9,47014.3,46748.5,46859.4,157.34707265
1639762200000,46859.4,46952.5,46675.7,46700,141.58014173
1639763100000,46700,46796.8,46626.8,46760,87.59906656
1639764000000,46759.9,46864.4,46650,46650.1,90.39931599
1639764900000,46650.1,46780,46650,46751.9,76.31027812
1639765800000,46751.9,46770,46609.7,46637.7,107.78285368
1639766700000,46637.8,47054.7,46615.3,46988.4,120.02497305
1639767600000,46988.4,47105.2,46877.9,46924,86.52975892
1639768500000,46924,47017.7,46784,46837.8,51.70061851
1639769400000,46837.8,46864.8,46690.6,46781.9,152.12472693
1639770300000,46789.4,46853.5,46690.1,46759.7,46.06405916
1639771200000,46759.7,46841.7,46690.2,46690.2,51.81742107
1639772100000,46690.1,46738.4,46264,46398.1,119.23401785
1639773000000,46398.1,46408.7,46152,46297.5,212.15474876
1639773900000,46297.5,46421.7,46186.6,46186.6,59.75899192
1639774800000,46182,46380,46113.2,46374.6,38.38150039
1639775700000,46374.5,46672.1,46368.9,46519.5,46.35340885
1639776600000,46519.5,47094,46519.5,46908.2,287.73117295
1639777500000,46908.2,46996.2,46820.1,46854.8,49.24252186
1639778400000,46858,46975,46122.3,46252.5,634.84080043
1639779300000,46252.4,46394.8,45555,46328.8,370.01970516
1639780200000,46328.8,46438.1,45920.3,46209.1,185.01489465
1639781100000,46209,46683.6,46205.1,46540,68.67611247
1639782000000,46549.5,46559.2,46364.2,46381.4,122.10200387
1639782900000,46381.4,46488.2,46256.5,46317,26.9407925
1639783800000,46317,46450,46190.1,46403.8,189.57572507
1639784700000,46403.7,46413.7,46085.8,46140,51.76885557
1639785600000,46140,46249.6,45777.7,45882.5,783.10967744
1639786500000,45877.6,46124.2,45791.3,45924,379.31392716
1639787400000,45933.2,46318.3,45806.7,46204.3,544.68345602
1639788300000,46204.3,46386,46163.2,46316.9,218.86289998
1639789200000,46316.9,46360,45894.5,45960.1,550.53437396
1639790100000,45960.1,46091.7,45700,45797.5,372.97636196
1639791000000,45797.6,45899,45655.2,45877.8,330.6735944
1639791900000,45877.7,45899.8,45636.7,45660.9,256.6611809
1639792800000,45661,45895.7,45500,45880,153.69558213
1639793700000,45879.9,45966.9,45810.7,45862.2,123.04845186
1639794600000,45862.2,45957.3,45720,45924.7,56.79098724
1639795500000,45924.6,45924.6,45625,45701.5,47.92576584
1639796400000,45700.2,45918,45680.5,45917.9,48.82375899
1639797300000,45918,46057.1,45876.6,45966.6,153.61040569
1639798200000,45966.6,46546,45966.6,46394.8,196.33565657
1639799100000,46394.7,46394.7,46225.2,46290.1,85.93224338
1639800000000,46290.1,46331.7,46078.1,46167.8,84.02326119
1639800900000,46170,46359.6,46140.5,46286.3,161.51785085
1639801800000,46286.3,46420,46191.1,46410.3,40.63110758
1639802700000,46410.2,46499.8,46365,46413.3,59.30362833
1639803600000,46413.3,46532,46222.2,46493.3,97.38082123
1639804500000,46493.2,46777,46460,46670.3,219.9637262
1639805400000,46679.5,46840.5,46660,46732,80.63866684
1639806300000,46731.9,46853.7,46600.1,46600.1,67.23057346
1639807200000,46600.1,46778.1,46507,46521.6,89.08988717
1639808100000,46525,46590,46448,46480.7,165.31741258
1639809000000,46480.7,46540,46359.6,46396.7,38.91284665
1639809900000,46396.8,46430,46272.1,46340,29.20675666
1639810800000,46339.9,46456.4,46330,46397,23.22972472
1639811700000,46397,46459.9,46341.3,46445.9,144.11628787
1639812600000,46445.9,46458.5,46347.8,46379.9,19.1709173
1639813500000,46380,46440,46320.8,46371,18.50746963
1639814400000,46368.1,46618.6,46360,46580.1,50.42042083
1639815300000,46580,46665.7,46527.3,46592.5,185.20230715
1639816200000,46590,46629,46261.2,46269.5,116.44807464
1639817100000,46264.7,46359.1,46202.6,46331.9,90.81255815
1639818000000,46332,46541.9,46332,46517.2,60.21096062
1639818900000,46517.2,46557.1,46463,46465.6,175.32009901
1639819800000,46465.7,46631,46461.1,46603.3,69.78204385
1639820700000,46604.3,46854.3,46561.6,46841.5,111.26713014
1639821600000,46841.5,46952,46710.5,46746.6,83.13347323
1639822500000,46746.6,47021.5,46730.2,46840,190.71535751
1639823400000,46840,47047.6,46816.5,46980.1,77.87255086
1639824300000,46980.1,47330,46980.1,47310.1,176.40972604
1639825200000,47310.1,47354.1,47190.1,47192.1,75.16704243
1639826100000,47192.1,47194.1,47061.4,47121.5,159.51413372
1639827000000,47121.5,47230,47121.5,47172.2,28.7205247
1639827900000,47172.2,47172.2,46939.4,47064.9,69.41282459
1639828800000,47065,47167.9,47038.3,47109.4,49.54700981
1639829700000,47111.9,47111.9,46893.6,46965.9,190.13847979
1639830600000,46965.9,47036.8,46935,46973.7,57.9458805
1639831500000,46973.8,47081.3,46967.6,47040.1,74.46665724
1639832400000,47040,47089.5,46975.1,47034.1,76.71940538
1639833300000,47034.1,47041.4,46883.5,46978,203.19349789
1639834200000,46978.1,47028.2,46802.2,46814,89.44069113
1639835100000,46807.4,46874.7,46561,46641.5,189.75423039
1639836000000,46641.4,46778.1,46605.6,46778.1,98.7179679
1639836900000,46778.1,46968.5,46762.8,46816.3,139.78107267
1639837800000,46816.4,46954.8,46770.1,46933.4,136.8141046
1639838700000,46933.5,47047,46933.5,47004,60.65352032
1639839600000,47004,47070.1,46933.6,47059.6,68.70530868
1639840500000,47059.6,47229.9,47054,47069,245.64712071
1639841400000,47067.9,47067.9,46915,47038.5,101.39271093
1639842300000,47038.5,47060.1,46830,46869.8,89.79469008
1639843200000,46866.8,46925,46755.5,46906.3,577.79778051
1639844100000,46907.1,46986.6,46848.1,46953.5,120.23963487
1639845000000,46953.5,46953.5,46770.2,46846.8,177.48346287
1639845900000,46846.7,46943.1,46783.7,46800,75.86715588
1639846800000,46796.9,46855,46753.7,46816.8,92.53363099
1639847700000,46816.8,46849.8,46660.3,46719.1,162.06347381
1639848600000,46720,46806.6,46656.2,46708.6,170.52172625
1639849500000,46710.6,46734.8,46600,46659.9,94.24603426
1639850400000,46660,46760.2,46631,46698.7,73.22762573
1639851300000,46699,46776.1,46648,46706.4,127.14913412
1639852200000,46701.9,46750,46665.7,46721.8,120.72830361
1639853100000,46723.8,46762.1,46700,46723.3,71.04443155
1639854000000,46723.3,46764.2,46333.3,46434.6,169.33487717
1639854900000,46438,46560,46353.3,46518.7,121.16852614
1639855800000,46518.2,46590.9,46466.1,46563.5,66.32266682
1639856700000,46563.6,46721.5,46563.6,46647.5,87.42474256
1639857600000,46647.7,46677.2,46527.5,46595.3,95.4101137
1639858500000,46595.2,46696.9,46535.1,46686.5,59.47439659
1639859400000,46690,46715.1,46630.9,46691.4,58.70954367
1639860300000,46693.1,46881,46687.9,46860.9,97.139968
1639861200000,46861,46930.9,46803,46830,94.88482269
1639862100000,46829.9,46832.8,46743.8,46830.1,67.70688452
1639863000000,46830.1,46982.6,46830.1,46904.4,57.30526709
1639863900000,46900.7,46959.3,46880,46942.1,98.56421262
1639864800000,46942.1,47090.2,46810.6,46938.9,89.49984067
1639865700000,46937.2,47102.7,46870,46877.5,64.20555456
1639866600000,46870.3,46922.4,46826,46847.5,56.74067202
1639867500000,46846.5,46858.3,46670,46772.1,49.8126646
1639868400000,46777.9,46884,46652.7,46823.4,116.57738977
1639869300000,46822.6,46859.8,46640.3,46834.7,69.21341419
1639870200000,46834.8,47002.1,46834.8,46942.3,73.21492838
1639871100000,46949.8,46989.9,46801.7,46835.7,45.86291474
1639872000000,46835.7,46888.3,46735.5,46820,120.34541987
1639872900000,46820,46820.9,46637.6,46660.1,174.70986574
1639873800000,46660.1,46739,46570,46608.8,199.1065858
1639874700000,46610,46677.5,46546.1,46666.4,197.64348387
1639875600000,46666.5,46814.6,46640.1,46779.6,139.6935271
1639876500000,46780,46795,46417.1,46466.9,139.04231426
1639877400000,46467.1,46600.5,46429.8,46535.4,169.90972246
1639878300000,46535.4,46624.8,46495.8,46569.2,211.78674958
1639879200000,46577.5,46660,46530.5,46652,133.60501392
1639880100000,46652.8,46747.4,46610.6,46740.1,114.64665168
1639881000000,46736.5,46943.1,46710.1,46940,144.42464689
1639881900000,46940,47178.8,46931.2,47148.2,345.88142755
1639882800000,47148.3,47507.5,47130,47403.8,371.30757602
1639883700000,47403.9,47907,47403.9,47842.6,742.66468954
1639884600000,47842.7,48007.5,47767.4,47771.4,932.61542506
1639885500000,47771.4,47854,47679.5,47726.1,307.54016892
1639886400000,47726.1,47968.1,47726.1,47890.9,300.76468914
1639887300000,47890.8,47948.9,47819.2,47874.2,113.36499935
1639888200000,47874.2,48082.1,47874.1,47966,82.24139106
1639889100000,47966,48054.1,47896.1,47902.1,58.94678759
1639890000000,47902.1,47982.1,47834,47962.7,81.06845038
1639890900000,47962.6,48018.4,47841.5,47853.8,65.66169034
1639891800000,47853.8,47871.4,47711.5,47714,81.18790757
1639892700000,47714,47747.2,47530.7,47610,119.01842285
1639893600000,47609.9,47668.5,47522.2,47655.3,107.35862924
1639894500000,47655.4,47668.6,47590.1,47599.9,97.57206449
1639895400000,47600,47624.1,47488.5,47540.1,77.42941698
1639896300000,47540,47564.5,47453.3,47486.1,57.50826379
1639897200000,47486.1,47660,47454.1,47618.8,73.12473839
1639898100000,47622.8,47652.1,47550.1,47628.6,88.66550683
1639899000000,47628.1,47740,47583,47648.5,66.93069556
1639899900000,47648.5,47677.9,47451.7,47521.9,70.74527875
1639900800000,47520.2,47635.5,47473.9,47595.6,85.0449067
1639901700000,47595.7,47617.9,47491.6,47512.1,55.73563085
1639902600000,47512,47557.6,47410,47543.4,59.95179623
1639903500000,47543.3,47543.4,47462.1,47480,62.17698787
1639904400000,47480,47554.1,47180.2,47218.8,559.07149992
1639905300000,47218.8,47249,47071.3,47071.3,271.166988
1639906200000,47073.8,47172.4,47012.5,47113.9,154.90998848
1639907100000,47114,47154.9,47063.8,47090.2,88.10326205
1639908000000,47090.1,47116.1,46913.6,46980.1,172.12408794
1639908900000,46980.1,47022.8,46811.2,47006.8,101.44607835
1639909800000,47004.5,47172,47000.1,47158.1,60.41325478
1639910700000,47159.2,47217.9,47085.4,47122.9,92.07119241
1639911600000,47124.1,47130,46962.9,47059.9,87.91048304
1639912500000,47059.8,47113.1,46974.4,46974.4,72.12386352
1639913400000,46974.4,47182.7,46961.9,47139.1,115.28303927
1639914300000,47139.1,47195.3,47068.1,47144.9,95.99613499
1639915200000,47144.8,47178.1,46933.3,46960,72.5972594
1639916100000,46960,47108.2,46879,47070.6,76.66829798
1639917000000,47070.5,47145,47032.2,47100.1,42.73517653
1639917900000,47100.2,47280.9,47098.5,47254,96.67237261
1639918800000,47254.1,47441.2,47211.9,47433.6,89.15985013
1639919700000,47433.5,47433.5,47186.3,47186.3,28.33980068
1639920600000,47186.2,47210,46893.6,46989.1,95.18460275
1639921500000,46989.2,47768.2,46931.6,47635.3,260.57204187
1639922400000,47635.4,48325,46988.1,47209.7,1344.31709876
1639923300000,47207.4,47384.5,47081.2,47276.3,236.63626954
1639924200000,47277,47692.3,47232.5,47519.9,125.27473736
1639925100000,47519.9,47519.9,47255.3,47387.9,77.21251319
1639926000000,47388,47459.2,47217.9,47256,37.45510325
1639926900000,47256,47347.8,47172.1,47329.3,39.98385276
1639927800000,47329.3,47339.4,47183.4,47231.6,21.05185553
1639928700000,47231.6,47279.9,47138.5,47240,36.08431021
1639929600000,47241.1,47329.3,47138.6,47307.6,51.64312859
1639930500000,47307.5,47481.3,47244,47330,71.17869953
1639931400000,47330.1,47360.6,47165.1,47203.5,40.03667656
1639932300000,47203.5,47255.3,47151.6,47156.1,24.61333633
1639933200000,47156.2,47243,47050.3,47217.1,75.68995352
1639934100000,47217.2,47217.2,47026.3,47097.7,40.70108738
1639935000000,47097.8,47142.9,47060,47096.3,25.57204927
1639935900000,47096.2,47142.1,47031.5,47142.1,19.29831345
1639936800000,47142,47142,46888,46910.4,58.20301965
1639937700000,46910.4,46990,46890,46989.9,25.6970862
1639938600000,46989.8,47088.1,46933.4,47082.9,23.83257834
1639939500000,47082.8,47180.2,47009,47111.8,48.07305831
1639940400000,47111.8,47152.1,46920,46940,31.55620227
1639941300000,46939.9,46999.7,46550,46681.1,340.15822048
1639942200000,46685,46755.5,46591.4,46704.9,43.52591143
1639943100000,46705,46736.2,46586.2,46664.7,57.62142009
1639944000000,46664.7,46810.7,46477,46810.7,75.93272345
1639944900000,46810.7,46837.7,46700,46700.1,19.44203461
1639945800000,46700,46829.5,46700,46783.2,30.63590344
1639946700000,46783.3,46888.7,46761.3,46775.1,62.48914823
1639947600000,46775.1,46840,46726.8,46784.5,51.30996767
1639948500000,46784.5,46860,46733.5,46820.1,30.47681368
1639949400000,46825.2,46884.1,46790,46865,23.57112905
1639950300000,46864.9,46864.9,46633,46720,52.90725167
1639951200000,46722.6,47190,46650.1,47126.2,95.40271066
1639952100000,47126.3,47149.9,47030.1,47081.4,45.67264602
1639953000000,47081.5,47084,46980,47038.8,18.25003997
1639953900000,47038.8,47555.2,47038.7,47303.7,161.23447301
1639954800000,47303.8,47429.9,47083.2,47117.1,104.97590538
1639955700000,47113.5,47141.9,46937.3,46990,59.41501556
1639956600000,46990.1,47028.4,46785.4,46927.9,122.25446058
1639957500000,46930,46937.3,46592.1,46680.1,87.14754553
1639958400000,46680.1,46732.7,46300,46400.2,568.6754755
1639959300000,46400.3,46551.9,46222.2,46520.1,277.10064211
1639960200000,46520.1,46675.6,46455,46675.5,149.42832127
1639961100000,46675.6,46874.5,46597,46874.5,224.06985234
1639962000000,46874.5,47200,46821.9,47135.1,378.7834148
1639962900000,47135.1,47188.4,46735.1,46813.1,200.83340309
1639963800000,46810,46820,46488,46524.6,317.28804021
1639964700000,46524.6,46766.2,46524.6,46623.1,231.92702397
1639965600000,46615.3,46651.5,46460,46533.9,230.30033946
1639966500000,46537.5,46830,46535.3,46709.9,156.37590297
1639967400000,46708.9,46827.3,46628.7,46752.4,351.00280649
1639968300000,46752.4,46809.4,46614.6,46741.6,410.06105362
1639969200000,46741.6,46839.9,46694.5,46744.4,401.50820346
1639970100000,46744.3,46744.4,46503.3,46543.3,419.91659514
1639971000000,46543.3,46619.9,46492,46561.3,408.44016572
1639971900000,46561.4,46734.6,46561.4,46689.3,302.30106947
1639972800000,46691.7,46855.1,46672.5,46849.5,149.5986408
1639973700000,46847.8,46923,46763.4,46833.4,155.16563062
1639974600000,46833.3,46932.7,46795.6,46889.2,18.1511978
1639975500000,46889.1,47035.2,46828.2,46983.8,41.90859025
1639976400000,46983.9,47044.3,46922,46950.9,54.80564479
1639977300000,46950.9,46994.7,46729.2,46786.8,154.44701418
1639978200000,46786.7,46818.3,46502.1,46583.2,71.80943253
1639979100000,46583.3,46630,46376.2,46424,124.39523436
1639980000000,46424,46650,46280,46599.9,103.57994911
1639980900000,46599.9,46638.6,46399,46399,177.11725243
1639981800000,46395.7,46468,46261.1,46455.9,78.9751581
1639982700000,46456,46589.9,46409.7,46550.7,45.69941634
1639983600000,46550.6,46550.7,46219.3,46337.8,78.18245008
1639984500000,46337.8,46375.2,46107.7,46350,215.44529496
1639985400000,46354.6,46447.5,46319.7,46442.4,77.7610158
1639986300000,46442.5,46536.2,46355.7,46420,54.77962799
1639987200000,46420.1,46497.2,46311,46474.1,43.73443063
1639988100000,46474,46549.9,46450.1,46500.7,157.47691502
1639989000000,46500.8,46515.1,46200.1,46303.6,50.63955231
1639989900000,46303.5,46305,46142.1,46267,56.04204655
1639990800000,46269.3,46299.5,45899,45970.1,173.16058465
1639991700000,45970.1,46104.5,45856.3,46039.7,260.72201936
1639992600000,46039.8,46077.2,45903.9,45946.6,66.81959086
1639993500000,45946.6,46028.3,45820,45839.9,93.0206435
1639994400000,45838.1,46136.3,45767.3,46064.5,102.34132449
1639995300000,46066,46118.5,45913.4,45935.8,152.0920814
1639996200000,45935.3,45974.5,45873,45934.5,88.98243568
1639997100000,45934.4,46016.4,45830.5,45880,44.68863362
1639998000000,45884,46098.5,45817.8,46036,69.95366824
1639998900000,46036.1,46119.9,45982.7,46111.6,162.14095337
1639999800000,46111.6,46130,45980.9,46017.7,39.00238927
1640000700000,46017.7,46116.7,45996.5,46083.5,73.32412204
1640001600000,46083.4,46090,45908.9,45980,49.9343172
1640002500000,45980,45984.4,45700,45852.9,212.96708742
1640003400000,45852.9,45919.2,45733.8,45770,67.36405871
1640004300000,45770,45792.5,45649.1,45725.6,114.75319615
1640005200000,45721.2,45928.5,45585,45919.9,98.22558713
1640006100000,45920,45994.9,45771.9,45904.9,194.99527033
1640007000000,45905,45940,45800,45881.7,29.36203452
1640007900000,45881.7,45923.7,45704.6,45719.6,31.70589317
1640008800000,45719.7,45823.2,45590.1,45639.9,73.26018411
1640009700000,45635.5,45916.9,45566.6,45740,189.74652195
1640010600000,45738.9,45983.9,45585.1,45933.3,234.27751689
1640011500000,45939.4,46317,45840,46307.5,269.48304516
1640012400000,46307.5,46307.5,45996,46129.6,87.48906566
1640013300000,46129.6,46285.6,46060,46209.3,120.06205025
1640014200000,46209.3,46213.7,46084.9,46139.9,96.30223231
1640015100000,46140,46149.4,45916.3,45975.8,44.37606632
1640016000000,45975.8,46162.9,45871.9,46042.2,55.23382186
1640016900000,46042.2,46225.8,46042.2,46126.2,158.86654043
1640017800000,46120,46275.4,46092.2,46275.4,68.6875607
1640018700000,46275.4,46497.4,46181.7,46400,117.57642187
1640019600000,46403.8,46426.7,46283.7,46352.5,72.68133658
1640020500000,46352.5,46496.5,46255.5,46278.9,94.06929024
1640021400000,46278.8,46278.8,46170,46254.8,117.18726148
1640022300000,46254.7,46342.1,46106.4,46124.7,92.66561376
1640023200000,46124.7,46198,46070.7,46193.7,63.53419945
1640024100000,46188,46254.3,46124.6,46129.6,37.18465582
1640025000000,46129.6,46277.3,46036.7,46227.7,182.14128191
1640025900000,46224.1,46336.3,46220.1,46256.3,33.55260554
1640026800000,46264.8,46565,46243.5,46517.2,125.90368726
1640027700000,46517.2,46583.8,46433.6,46484.5,49.47873527
1640028600000,46484.5,46511.5,46396,46422.3,156.04030031
1640029500000,46422.3,46688,46422.2,46587,72.81391549
1640030400000,46586.9,46814.1,46586.9,46729.5,61.75835646
1640031300000,46729.5,46912,46727.7,46784.1,87.0266287
1640032200000,46784.1,46850,46671.6,46803.4,171.76278035
1640033100000,46803.4,47255.3,46803.4,47022.1,229.9999786
1640034000000,47029,47330,47017.2,47326.6,82.06101577
1640034900000,47326.5,47536.7,47155.6,47278.8,163.7091368
1640035800000,47278.7,47307.4,47155,47177.2,162.26933514
1640036700000,47177.2,47227.6,46966,46972.6,80.44709042
1640037600000,46972.7,47108.5,46972.7,46997.1,29.58214854
1640038500000,46991.2,47040,46789.6,46841.5,37.40671282
1640039400000,46841.5,46950,46841.5,46874.4,127.03141737
1640040300000,46874,46948.8,46735.7,46760,29.90221493
1640041200000,46760,46900,46759.1,46846.3,52.46284223
1640042100000,46846.4,47030.4,46786.3,47007.9,41.56514085
1640043000000,47007.8,47095.5,46929.9,47059.3,159.62725138
1640043900000,47060.9,47082.1,46866.8,46918.6,91.96241581
1640044800000,46918.5,47036.1,46865.3,46961.3,293.21250655
1640045700000,46961.2,47081.2,46914.2,47065.7,174.54995071
1640046600000,47065.7,47066,46837.9,46840,138.71518957
1640047500000,46835.6,46914,46764.7,46802.3,112.20140173
1640048400000,46801.2,46889.8,46690.2,46709,166.87213066
1640049300000,46709,46771.7,46658.7,46730.7,148.33313111
1640050200000,46730.7,46980,46730.7,46908.2,138.85518857
1640051100000,46904.5,46996.9,46880,46951.7,120.47182119
1640052000000,46951.7,47063.9,46898.1,46926.8,120.60248842
1640052900000,46926.8,46990,46880.1,46917.3,211.99237918
1640053800000,46917.4,47042,46889.2,46924.1,92.68826057
1640054700000,46924.1,46964.5,46901.4,46954,77.93597304
1640055600000,46953.9,47099.8,46925.3,47092.1,152.06827965
1640056500000,47093,47305.5,47070,47280,345.47187095
1640057400000,47277.1,47738,47227.1,47377.2,580.59183353
1640058300000,47377.1,48095.3,47366.3,47936.1,760.47105114
1640059200000,47936.1,48453.3,47936.1,48319.5,791.92667973
1640060100000,48319.5,48766.8,48305.4,48656.2,1071.86284801
1640061000000,48656.2,48835.2,48594.1,48625.7,632.78084037
1640061900000,48625.7,48670,48524.5,48572.6,105.52387322
1640062800000,48572.7,48779.8,48572.7,48690,271.70079839
1640063700000,48690.1,48727.3,48572.1,48572.2,286.91473053
1640064600000,48572.1,48653.6,48323,48349.9,218.4959478
1640065500000,48349.9,48648.7,48349.9,48617.6,152.16330118
1640066400000,48617.7,48683,48482.1,48512.2,75.091894
1640067300000,48512.2,48557.1,48367.5,48393.3,258.15706308
1640068200000,48393.3,48480,48352.8,48361.2,115.51898668
1640069100000,48361.3,48605.9,48348.7,48548.4,142.25459381
1640070000000,48548.4,48569.9,48435.7,48525.1,61.51774551
1640070900000,48525.1,48683,48469.5,48675.3,202.59261298
1640071800000,48675.2,48675.2,48433.8,48481.7,124.73678861
1640072700000,48481.6,48598.4,48447.1,48590,79.76044571
1640073600000,48589.9,49045.2,48532.1,48752.8,427.09036861
1640074500000,48757.4,48925.5,48631.1,48892,234.41479864
1640075400000,48892.1,48894.4,48616.9,48618.6,92.2598591
1640076300000,48618.6,48690,48523.1,48574.8,38.78587798
1640077200000,48574.8,48647,48458.5,48550,111.94535737
1640078100000,48550,48553.6,48442.8,48549.9,181.93284847
1640079000000,48550,48694.1,48514.6,48632.1,71.52188525
1640079900000,48632,48672.5,48571.9,48597.8,59.72214078
1640080800000,48597.9,48692.1,48573.3,48653.1,36.58951915
1640081700000,48653.1,48747.2,48619.9,48716.8,223.87829892
1640082600000,48716.8,48775,48660,48717.1,38.20587033
1640083500000,48717.1,48768.6,48652.3,48662.2,27.30003707
1640084400000,48662.2,48740,48633.4,48683.8,51.04063099
1640085300000,48687,48807.1,48654.6,48807,206.27990306
1640086200000,48807,48877.9,48722.7,48750.2,40.2739723
1640087100000,48750.1,48890.5,48722.1,48860,59.05532208
1640088000000,48860,48894.7,48809.2,48893.2,64.04034608
1640088900000,48893.3,49222,48863.9,49096.2,386.31153161
1640089800000,49093.6,49315.9,49025.8,49087.1,161.19916402
1640090700000,49084.2,49124.4,48666.7,48745.7,252.59803781
1640091600000,48745.8,48827,48587.8,48657.2,84.13406078
1640092500000,48657.2,48878.5,48611,48824.7,198.83499012
1640093400000,48824.7,48957,48772.2,48862.1,63.71876263
1640094300000,48862.1,48945.3,48786.7,48912.3,39.89906654
1640095200000,48912.3,48966.4,48836.4,48865,64.21858412
1640096100000,48862.8,48862.9,48626.6,48667.8,170.69115007
1640097000000,48668.6,48905,48668.6,48779.9,66.92817601
1640097900000,48779.9,48779.9,48540,48632.1,67.75325168
1640098800000,48630,48705,48597.1,48660.1,36.89847438
1640099700000,48660.1,48786.5,48457.1,48479.4,230.606586
1640100600000,48476.7,48532.1,48289.3,48424.6,466.17791536
1640101500000,48424.6,48510,48392.1,48413.8,138.0629044
1640102400000,48413.7,48641.9,48380,48609.9,95.88120422
1640103300000,48610,48610,48453.4,48521.5,128.90492099
1640104200000,48521.5,48707.1,48470,48662.1,94.82323458
1640105100000,48669.3,48740,48620.3,48681.3,46.84433314
1640106000000,48681.2,48806.9,48631.1,48730.1,32.83981388
1640106900000,48730.1,48864.4,48655.2,48655.2,142.86048954
1640107800000,48655.2,48716.8,48634,48654.8,79.64892665
1640108700000,48654.8,48654.8,48570,48635.5,32.62212335
1640109600000,48635.5,48668.2,48571.5,48596.5,43.11506665
1640110500000,48596.5,48612.1,48511.1,48539.7,50.87734379
1640111400000,48539.6,48591.6,48527.1,48561.5,114.46138503
1640112300000,48561.4,48597,48425.1,48447,25.94819587
1640113200000,48447,48544.8,48430,48529.9,17.82391961
1640114100000,48529.9,48563.1,48512.7,48537.2,22.46059608
1640115000000,48537.2,48548.8,48352.1,48362.7,138.9848546
1640115900000,48360.4,48645.9,48333.4,48616.1,48.26309004
1640116800000,48616,48780,48590,48697,40.77253298
1640117700000,48697,48707.1,48492.1,48534.2,23.95227616
1640118600000,48534.1,48563,48477.3,48497.1,141.78737327
1640119500000,48501.8,48663.9,48464.2,48600.1,34.4912294
1640120400000,48600.1,48698.7,48530.2,48681.3,18.6112819
1640121300000,48681.4,48765.3,48660.1,48765.3,35.77599925
1640122200000,48765.3,49168.8,48730.4,49165.1,236.71933964
1640123100000,49164.7,49164.7,48909,49084.9,74.45206879
1640124000000,49084.8,49084.8,48982.1,49010,19.79077467
1640124900000,49006.9,49072.2,48972.2,48982.9,17.02864538
1640125800000,48982.9,49103.6,48947.3,49058.9,125.5451998
1640126700000,49058.9,49291.5,49040.1,49287.4,40.55633667
1640127600000,49287.5,49287.5,49107.2,49120.4,37.92322696
1640128500000,49120.4,49199.4,49031,49184.6,37.29682106
1640129400000,49184.6,49236.9,49072.1,49077.2,168.7135697
1640130300000,49077.1,49077.1,48855.9,48892.2,44.17932021
1640131200000,48892.2,48977,48771.4,48895.9,352.21386287
1640132100000,48896,48959.3,48896,48931.5,111.51786501
1640133000000,48931.4,48953.6,48856.4,48857.3,111.7943366
1640133900000,48857.3,48880,48626.6,48644.4,236.29321107
1640134800000,48644.4,48688.2,48590,48672.7,234.30821333
1640135700000,48672.8,48835.5,48672.7,48835.5,94.54604385
1640136600000,48835.5,48836.4,48720.1,48756,74.09733971
1640137500000,48756,48829.9,48741,48823,104.66447014
1640138400000,48821.9,49040.3,48733,49001.9,239.56445268
1640139300000,49001.9,49268.9,48992.1,49243.4,199.39769143
1640140200000,49244,49563.6,49244,49450.8,405.36212145
1640141100000,49450.7,49542,49311.4,49333.1,136.25551452
1640142000000,49333,49433.1,49206.7,49247.6,214.66452385
1640142900000,49247.5,49352.1,49247.5,49279.3,191.07590749
1640143800000,49279.2,49330.5,49260,49322,121.25148012
1640144700000,49322.1,49387.1,49148.4,49247.1,205.81420419
1640145600000,49247.1,49332.1,49090.8,49232.1,198.26159664
1640146500000,49232.2,49284.8,49180,49278.2,198.55675918
1640147400000,49278.2,49308.1,49211,49280.5,92.49723999
1640148300000,49280.6,49332.4,49242.1,49316.9,95.29561142
1640149200000,49316.8,49336.9,49180,49185.9,102.12560581
1640150100000,49185.9,49215.6,49047.2,49062.7,281.89585679
1640151000000,49062.6,49070,49005,49069.9,66.68406084
1640151900000,49070,49080,48926.9,48982,127.15602778
1640152800000,48967.4,49061.6,48922.4,49061.6,84.66401516
1640153700000,49061.6,49126.5,49040,49117.1,227.77374329
1640154600000,49117.1,49221.8,49117.1,49201.9,128.25316725
1640155500000,49201.9,49207.8,49057.7,49057.7,99.32196362
1640156400000,49057.8,49224,49057.8,49217.3,98.43536441
1640157300000,49217.3,49288.8,49175.7,49208.8,253.15111526
1640158200000,49208.8,49257.1,49155,49221,65.50714386
1640159100000,49221,49306.4,49187.1,49202.8,87.48316755
1640160000000,49202.8,49255.3,49125,49231.5,47.39388711
1640160900000,49231.5,49416.6,49212.7,49377.8,189.33922301
1640161800000,49377.8,49523.6,49322.1,49467,109.47159814
1640162700000,49467,49483.1,49275.4,49275.4,82.20728772
1640163600000,49274.5,49326.7,49267.3,49316.3,44.59012966
1640164500000,49316.3,49316.6,49137,49149.9,177.17986456
1640165400000,49150,49167.7,48863.9,48992.5,109.85986824
1640166300000,48992.4,48999.8,48839.8,48927,99.95535614
1640167200000,48927.1,49092.2,48855.4,49082.3,45.50862963
1640168100000,49082.3,49094.6,49027.1,49038.3,69.85049866
1640169000000,49038.3,49064.6,48941.7,49021.7,103.68722146
1640169900000,49021.7,49160,49021.7,49077.1,53.18228127
1640170800000,49077,49221.2,49077,49197.2,51.03626292
1640171700000,49197.1,49221.4,49032.7,49032.7,152.26920028
1640172600000,49032.7,49087.1,48990,48990,22.8223416
1640173500000,48990,49009.5,48890.5,48978,31.28418812
1640174400000,48978.1,49125,48978,49117.1,42.53493645
1640175300000,49117,49124.1,48700,48812.4,287.96040925
1640176200000,48812.3,48833.2,48628.6,48722.1,76.41392568
1640177100000,48723.2,48780,48508.2,48577.2,139.56222918
1640178000000,48577.1,48775.4,48564.3,48667.2,48.2548547
1640178900000,48667.3,48702.1,48457.1,48497.5,184.69990916
1640179800000,48497.5,48580.4,48440,48509.6,96.8620772
1640180700000,48509.6,48609.9,48447.9,48560.9,84.4379785
1640181600000,48560.9,48700,48532.1,48677.1,36.96946945
1640182500000,48677.1,48774.9,48667.1,48757.1,56.37181262
1640183400000,48757,48845,48641.4,48845,172.77409782
1640184300000,48844.9,48936,48773.9,48805.3,80.90330824
1640185200000,48805.3,48855.8,48707.1,48730.7,51.71095183
1640186100000,48732.2,48836.4,48637.2,48637.2,148.14910948
1640187000000,48637.1,48899.3,48632.4,48839.7,60.53111701
1640187900000,48839.7,48905.6,48786.7,48880.1,65.21931061
1640188800000,48880.1,49242.7,48776.8,49134.9,122.50264396
1640189700000,49134.9,49215.3,48925.5,48992.1,165.95994367
1640190600000,48992.9,49078.2,48952.6,48976.3,45.99486229
1640191500000,48972.3,48994.6,48859.7,48993.5,46.20260944
1640192400000,48993.6,49093,48881,48892.3,53.41927182
1640193300000,48892.3,48968.7,48824.8,48854.9,84.4016392
1640194200000,48855,48887.4,48717.1,48728.4,117.63387882
1640195100000,48728.3,48779.5,48683,48702.5,31.65631921
1640196000000,48702.5,48801.8,48666,48782.1,55.68492213
1640196900000,48782.1,48836.4,48742.1,48826.8,104.3353059
1640197800000,48826.9,48836.4,48569.7,48598.1,93.79343405
1640198700000,48598,48725.5,48526,48581.5,54.34410596
1640199600000,48581.5,48718.4,48500.9,48718.4,37.53718875
1640200500000,48719.9,48782.5,48689.5,48735.6,27.08553423
1640201400000,48737,48920.4,48737,48895,149.69411683
1640202300000,48895,48945.9,48837.2,48926.6,31.08794856
1640203200000,48926.6,48999.2,48867.2,48986.3,38.67787124
1640204100000,48986.3,48986.4,48921.1,48925.5,17.95596655
1640205000000,48925.5,48990,48917.1,48977.2,122.84260054
1640205900000,48978,49144.9,48903.4,48969.8,68.70393892
1640206800000,48969.8,48973.9,48853.4,48895.8,34.30635505
1640207700000,48895.8,49003.2,48879.3,48989.9,35.29915551
1640208600000,48987.7,49004.6,48912.1,48991.6,162.48454502
1640209500000,48991.6,49139.9,48987.1,49049.4,35.55788112
1640210400000,49049.4,49074,48872.8,48902,28.44033289
1640211300000,48902,48951.4,48800,48888.4,18.39845219
1640212200000,48888.5,48907.1,48866.3,48885.2,75.72587845
1640213100000,48885.2,49064,48880,48975.4,59.46284829
1640214000000,48975.5,48988.4,48730,48760.1,55.33447055
1640214900000,48760,48792.1,48626.7,48786.7,69.5738572
1640215800000,48786.6,48793.3,48560,48560,70.77712543
1640216700000,48560.1,48682.1,48556.7,48592.7,150.53796565
1640217600000,48592.8,48670,48286,48397.4,387.65789045
1640218500000,48397.4,48441.7,48108.1,48216.5,430.04864866
1640219400000,48217,48338.4,48029.9,48303.9,225.80094393
1640220300000,48303.8,48358.3,48225.6,48293.9,139.86372624
1640221200000,48293.9,48390.5,48205,48259.3,173.32345344
1640222100000,48259.3,48309.1,48074.2,48297.1,155.66164397
1640223000000,48297,48379.3,48297,48366.6,78.56335958
1640223900000,48366.6,48490,48362.1,48470.8,117.78708335
1640224800000,48470.7,48662.8,48373.5,48612.2,146.78129058
1640225700000,48616.7,48731.4,48570,48640,293.96128055
1640226600000,48640,48708.6,48587.2,48588.7,55.05225178
1640227500000,48588.7,48588.8,48325.5,48352.1,112.26407108
1640228400000,48352,48416.7,48252.1,48252.2,192.23953062
1640229300000,48252.1,48350,48211.4,48349.9,193.72571948
1640230200000,48349.9,48435.8,48331.1,48392,71.04350322
1640231100000,48392.1,48574.3,48392,48529.2,108.93144072
1640232000000,48529.3,48550,48460,48468.3,82.57974291
1640232900000,48471.7,48585.1,48459,48557.1,172.73235186
1640233800000,48557.2,48557.2,48504.6,48527.6,30.13533955
1640234700000,48527.5,48527.6,48345.2,48367.2,89.21832053
1640235600000,48367.2,48567,48364.9,48540,62.81454931
1640236500000,48542.1,48558.6,48412.1,48442.1,179.2381132
1640237400000,48442.1,48508.1,48262,48283.8,140.17998049
1640238300000,48283.7,48392.1,48247,48381.8,108.68559644
1640239200000,48381.7,48438.5,48307.5,48423.6,103.92138446
1640240100000,48422.2,48460,48392.1,48443.6,155.05311796
1640241000000,48443.6,48475.6,48290,48307.1,155.94748491
1640241900000,48307.1,48494.8,48278,48480,102.52748852
1640242800000,48477.1,48500,48440,48440,91.89054335
1640243700000,48438.9,48480,48393,48464.3,149.43783006
1640244600000,48464.8,48468.8,48252.1,48302.9,74.20737188
1640245500000,48305.7,48312,48044,48130.1,280.54409985
1640246400000,48130.1,48260,48074.8,48255.4,133.35805293
1640247300000,48255.3,48289.1,48147.1,48236.1,223.878697
1640248200000,48236.1,48330,48228.5,48288.5,103.40358521
1640249100000,48288.8,48350,48257.1,48350,41.10608192
1640250000000,48350,48388.7,48275.2,48312.1,51.35231467
1640250900000,48312.1,48312.1,48312.1,48312.1,0
1640251800000,48312.1,48350,48168.2,48349.9,80.84796902
1640252700000,48349.9,48417.6,48223.5,48380,34.18782653
1640253600000,48380,48419,48250,48250.1,37.17503465
1640254500000,48254.7,48346.8,48224,48346.8,42.79173692
1640255400000,48346.8,48347.1,48255.4,48320,36.58773062
1640256300000,48319.9,48459,48314.5,48431.6,42.24406876
1640257200000,48430.2,48540,48410.3,48464.5,100.82981267
1640258100000,48464.4,48470.8,48341.8,48347.1,38.44822577
1640259000000,48347.1,48347.2,48228.7,48266.7,90.14126387
1640259900000,48264.4,48444.3,48264.3,48365.5,69.56382209
1640260800000,48365.5,48482.3,48365,48441.1,44.05183677
1640261700000,48441.1,48479.4,48334.2,48477.1,26.90056845
1640262600000,48479.5,48700,48450,48676.6,100.29672535
1640263500000,48676.6,48799,48598.1,48614.1,63.97171315
1640264400000,48612.2,48855.8,48612.2,48685.8,103.42314662
1640265300000,48685.9,48810,48685.9,48797.3,136.08318366
1640266200000,48797.3,48839.1,48705.2,48714,76.80411581
1640267100000,48714,48752.1,48580.1,48617.1,81.62972708
1640268000000,48617.1,48705.8,48593,48671.5,67.57503785
1640268900000,48671.5,48684.5,48504.7,48577,78.59283377
1640269800000,48577.1,48632.1,48535.5,48562,63.44392195
1640270700000,48562,48612.7,48450,48594.6,79.29035197
1640271600000,48594.7,48709.8,48580,48693,59.33452371
1640272500000,48693,48846.1,48667.1,48791.1,115.31834973
1640273400000,48791.1,48837.1,48731.4,48763.1,69.45153168
1640274300000,48763,48836.4,48712.8,48806.5,193.0765429
1640275200000,48806.5,48987.2,48806.5,48860.1,264.43311244
1640276100000,48860,48946.8,48734.3,48741.7,177.25536031
1640277000000,48741.8,48836.4,48684.5,48836.3,174.03982139
1640277900000,48836.4,49156,48836.3,49090.3,150.31021785
1640278800000,49090.4,49191.3,49027.1,49149.7,55.28849108
1640279700000,49149.6,49260,49084.3,49204.3,126.62376506
1640280600000,49204.3,49880,49198.4,49772.5,520.78119712
1640281500000,49772.4,50165,49744.2,50065.1,575.08547717
1640282400000,50065.1,50451.2,50065.1,50381.3,286.01445506
1640283300000,50381.3,50758.1,50381.2,50723.1,213.29891202
1640284200000,50723.2,50763.4,50460,50497.3,185.024189
1640285100000,50497.2,50689.5,50446.2,50602.3,92.00003526
1640286000000,50602.3,50657,50488.1,50619.9,135.69653836
1640286900000,50620,50985,50619.9,50805.1,135.61234542
1640287800000,50805.1,51231.7,50802.3,51126.4,369.69333377
1640288700000,51127.1,51370,51070.1,51107.1,197.89052098
1640289600000,51110,51164.9,50890.1,50993.5,118.63611896
1640290500000,50993.5,51029.3,50733.7,50840,55.97298248
1640291400000,50840,50947.1,50800.5,50940,149.44295507
1640292300000,50939.9,51067.4,50906,50926.7,32.52336168
1640293200000,50929.2,50979.9,50766.2,50801.5,30.07724901
1640294100000,50801.5,50830,50654,50722.7,59.88224991
1640295000000,50722.6,50853,50640,50776.3,179.06934813
1640295900000,50776.3,50849.9,50740,50823.1,18.33694611
1640296800000,50823.2,50859.1,50710.5,50751.1,21.22888036
1640297700000,50753.7,50846.7,50714.2,50829.9,37.95764338
1640298600000,50827.7,50870,50775.4,50862.9,134.42766772
1640299500000,50862.8,50990.1,50760.1,50762.9,54.87311124
1640300400000,50762.8,50839,50672.1,50681.6,67.21358604
1640301300000,50681.7,50736.8,50619.3,50692,86.39300063
1640302200000,50692,50694.4,50548.1,50635.5,175.00740585
1640303100000,50635.4,50830,50635.4,50830,35.39752895
1640304000000,50830,50879.8,50672.1,50692.5,273.20237328
1640304900000,50692.5,50812.1,50645.1,50787,128.06053168
1640305800000,50787.1,50867,50730.8,50782.1,112.88164696
1640306700000,50782.1,50967.1,50762.1,50875.1,181.77615318
1640307600000,50875.1,51241.5,50842.3,51160.4,458.28690156
1640308500000,51160.3,51160.4,50956.3,51070.4,111.32006885
1640309400000,51070.4,51315.6,51070.3,51242.1,257.54075606
1640310300000,51242.1,51350,51125.4,51331,148.43624507
1640311200000,51333.6,51502.5,51230.8,51257.2,245.93551311
1640312100000,51257.1,51279.4,51169,51246.7,195.41826321
1640313000000,51246.7,51252.8,51054.6,51055.1,318.53638265
1640313900000,51055.1,51104.2,51014.4,51047.6,201.091503
1640314800000,51047.6,51070,50941.6,51066,149.94583959
1640315700000,51066,51159.9,50993.2,51046,213.58201918
1640316600000,51046,51059.9,51015.6,51038.1,63.97017057
1640317500000,51038.1,51052,50872.9,51030.6,91.11922148
1640318400000,51030.6,51087.1,50992.5,51087,48.80894616
1640319300000,51087,51095.2,50972,51062.1,132.57287504
1640320200000,51062.1,51090,51015.8,51080.2,48.1060588
1640321100000,51080.2,51080.2,50937.4,50955.9,110.09340453
1640322000000,50955.9,50971.5,50843.7,50963.2,94.9829658
1640322900000,50961.3,51021,50840,50868,195.19306885
1640323800000,50868,50970.7,50868,50954.8,77.19564149
1640324700000,50954.8,51009.4,50935.1,51006.8,69.38481999
1640325600000,51006.7,51006.7,50810.5,50869.9,93.56210604
1640326500000,50870,50941,50735,50909.9,230.47649826
1640327400000,50910,50955,50897.1,50943.8,69.68592186
1640328300000,50943.7,50990.5,50840,50888.9,72.77602484
1640329200000,50887.1,51002.6,50824.6,50997.6,117.65932787
1640330100000,50997.5,51059.9,50942.1,51030.1,196.40939059
1640331000000,51030.1,51079.5,50922.1,50927.1,68.37476901
1640331900000,50927.1,50988.7,50922.7,50985.2,108.84538068
1640332800000,50985.3,51080,50900,51069.6,98.35314433
1640333700000,51069.5,51178.2,51045.1,51166,176.16871201
1640334600000,51166,51200.5,51084.2,51104.5,88.75024875
1640335500000,51104.5,51169.9,51055.7,51066.3,72.27794892
1640336400000,51066.3,51129.4,51047.2,51117.8,37.89218701
1640337300000,51113.3,51285.7,51110.3,51274.5,219.7453603
1640338200000,51274.4,51281.9,51191,51195.5,82.96728753
1640339100000,51195.5,51262.9,51182.5,51262.8,44.80813393
1640340000000,51262.8,51262.8,51106.9,51131.7,58.93397651
1640340900000,51131.6,51170.6,51079,51124.3,199.31688049
1640341800000,51124.3,51205.3,51085.4,51191,37.36245936
1640342700000,51191,51231.7,51129.5,51184.9,60.18004075
1640343600000,51184.8,51272.2,51120.3,51268.5,41.1965654
1640344500000,51268.5,51474,51195.2,51195.2,276.68804172
1640345400000,51194.4,51208.2,51058.3,51058.4,121.92545408
1640346300000,51058.3,51103,50863.7,50990,112.78403299
1640347200000,50990,51042.2,50823.3,50965,102.02819379
1640348100000,50962.1,51070,50906,50922.2,147.72336075
1640349000000,50922.2,50990,50861.2,50936.7,159.71885586
1640349900000,50936.6,51074.2,50910,51019.1,72.11586656
1640350800000,51019.1,51019.1,50868.2,50897.1,108.77453031
1640351700000,50897.2,51058.3,50896.7,51026.5,127.2025148
1640352600000,51026.4,51131.2,50912.1,51116.1,113.16850716
1640353500000,51117.1,51164.7,51012.1,51046.7,78.94008202
1640354400000,51046.7,51233.3,51004.2,51233.3,103.03648257
1640355300000,51233.3,51239.9,51056.2,51099,164.03526462
1640356200000,51099,51178.3,51071.3,51152.6,61.6808451
1640357100000,51152.6,51182.5,50683.1,50756.4,198.42088324
1640358000000,50756.4,50756.4,50406.1,50670,362.21594363
1640358900000,50676,50855.8,50657,50836.6,262.39923742
1640359800000,50836.5,50861.8,50703.8,50789.1,65.18613948
1640360700000,50789.2,50988.1,50735.2,50956.4,74.93451975
1640361600000,50956.4,51228.9,50898.5,51172.4,128.96342581
1640362500000,51172,51220,51042.3,51155.2,111.51346298
1640363400000,51155.2,51176.4,50847.6,50864.8,214.87072013
1640364300000,50864.8,50985.3,50838.2,50940,95.60551801
1640365200000,50940,50983.1,50820,50870.1,25.80422322
1640366100000,50870.1,50875,50741.9,50775.8,90.52363458
1640367000000,50775.8,50936,50775.8,50905.7,105.8293794
1640367900000,50905.7,51122.8,50886.4,51110.5,32.12072547
1640368800000,51112,51209.2,51085.6,51149.9,64.19989291
1640369700000,51149.9,51284.6,51081.5,51188.9,110.59815658
1640370600000,51189,51398.4,51176.1,51369.9,183.63665713
1640371500000,51369.9,51653.3,51330,51604,277.33712196
1640372400000,51602.7,51815.6,51590.8,51710.1,133.65138202
1640373300000,51710,51793.6,51423.2,51490,128.4036071
1640374200000,51494.9,51527.1,51243.4,51285.1,180.63798628
1640375100000,51285.1,51414.2,51091.8,51137,97.90037383
1640376000000,51136.9,51137,50780.5,51123.1,150.33876972
1640376900000,51125,51181.2,50951.2,51046.2,81.41583603
1640377800000,51046.2,51181.8,50985,51176.8,172.60664086
1640378700000,51176.8,51219.8,51055.5,51107.7,45.71276602
1640379600000,51108.8,51137.9,51019.9,51019.9,24.98719377
1640380500000,51020,51122.8,50950.2,51083.2,38.12533717
1640381400000,51083.2,51107.9,50873,50880.1,146.8425186
1640382300000,50880,51012.3,50858.3,50884.8,23.67940012
1640383200000,50886.7,50908.6,50735.7,50740.5,64.46189865
1640384100000,50739.2,50919.6,50657,50882.8,47.04444041
1640385000000,50882.8,50943.3,50700,50700.1,97.21421015
1640385900000,50700,50789.9,50562.1,50765.1,98.24168751
1640386800000,50765.2,50780,50507.8,50559.6,80.84042487
1640387700000,50559.6,50776.4,50499.9,50734.2,76.9209001
1640388600000,50730.9,50881.7,50676.9,50851.6,173.75577651
1640389500000,50850,50850,50620.1,50813.2,76.13399925
1640390400000,50818.2,50897.6,50605,50837.9,113.38777671
1640391300000,50837.8,50940,50825.7,50890.3,59.23001344
1640392200000,50892,51035.3,50860,50926,90.22680499
1640393100000,50926,51066.5,50926,51039.9,69.64766178
1640394000000,51040,51110.8,51000,51037.6,88.5707186
1640394900000,51037.6,51069.9,50950,50973.1,47.11084264
1640395800000,50972,50990,50850,50853.5,55.59102357
1640396700000,50851.4,50989.2,50840,50989.2,38.01383976
1640397600000,50990,51029.3,50947.4,50978.4,394.51114407
1640398500000,50978.4,51092,50978.4,51067.2,39.6717555
1640399400000,51067.1,51132.5,50951,50959.6,56.76726652
1640400300000,50959.5,50959.5,50772.1,50772.1,63.85740475
1640401200000,50772.1,50875.6,50698.2,50848.1,133.08794083
1640402100000,50852.1,50906,50817.5,50905.9,108.16604765
1640403000000,50906,50932,50880,50923.5,21.16193741
1640403900000,50923.4,50923.4,50789.9,50839.9,54.53001711
1640404800000,50839.8,50981.5,50801,50976.5,40.59949332
1640405700000,50976.6,51042,50923,50987.1,183.62356193
1640406600000,50987,50987,50880,50880.1,48.13863367
1640407500000,50880.1,50927.6,50833.3,50876.3,44.00840355
1640408400000,50876.4,50980,50860.1,50952.1,41.65983704
1640409300000,50952.2,51000,50952.2,50974,159.71071529
1640410200000,50974,51000,50878.6,50904.8,42.38057274
1640411100000,50904.8,50920,50868,50885.9,21.61448871
1640412000000,50885.9,50886,50658,50662.7,84.68097122
1640412900000,50662.7,50868,50662.7,50851.5,193.23889072
1640413800000,50851.6,50975.5,50851.6,50971.8,77.26155577
1640414700000,50971.8,50971.9,50900,50967,41.4521129
1640415600000,50967,51020,50876.5,51020,80.14225245
1640416500000,51019.9,51038.9,50960,51037.8,157.54127175
1640417400000,51037.8,51082.1,50824.2,50824.2,64.31927965
1640418300000,50824.2,50932.1,50824.2,50927,48.21663882
1640419200000,50927,50969.5,50870.3,50870.3,56.30407461
1640420100000,50870.4,50877.1,50797.9,50816.1,160.82863013
1640421000000,50816.2,50850.8,50800,50827,37.31761294
1640421900000,50827.1,50920.2,50798,50890.1,50.35796918
1640422800000,50890,50903.2,50852.1,50899.9,22.06898124
1640423700000,50900,50998.5,50894.5,50902,172.46756771
1640424600000,50902,50928.9,50864.7,50886.2,34.00450214
1640425500000,50886.2,50904.6,50807.1,50807.1,31.47709405
1640426400000,50807.2,50834,50729.8,50829.9,54.82236049
1640427300000,50829.9,50830,50703.7,50732,185.06635371
1640428200000,50731.9,50737.1,50620,50675.5,67.75350584
1640429100000,50675.6,50767.9,50555,50640.9,88.67526201
1640430000000,50641,50795.5,50587.3,50787.1,63.41918195
1640430900000,50787.1,50819.8,50698.1,50733.4,160.17259409
1640431800000,50733.5,50733.8,50640.1,50684.9,40.57824722
1640432700000,50684.9,50694.7,50602.1,50678.7,32.47214698
1640433600000,50678.8,50765.1,50678.7,50705.4,32.92529294
1640434500000,50705.5,50890,50703,50877,198.63348834
1640435400000,50877.1,50952.7,50842.9,50878.3,99.9844414
1640436300000,50878.3,50878.3,50790,50806.8,37.71952896
1640437200000,50806.7,50806.7,50702.1,50733.3,51.40284283
1640438100000,50734.1,50807.1,50734.1,50758.4,170.40066853
1640439000000,50758.4,50875.6,50645,50852.1,158.31085275
1640439900000,50852.2,50909.2,50797.1,50863.3,85.18029057
1640440800000,50863.4,50877.6,50751,50759.9,58.63943707
1640441700000,50760,50787.6,50703.9,50753.1,176.32589095
1640442600000,50753.2,50767.1,50674.8,50700.1,38.79454222
1640443500000,50700,50740,50682.1,50740,25.02391333
1640444400000,50740.5,50809.1,50690,50730,100.04246062
1640445300000,50729.9,50765.3,50673.3,50751,151.68293734
1640446200000,50751.1,50812,50751.1,50780.1,53.23694473
1640447100000,50780,50780.1,50657.1,50666.3,39.21138644
1640448000000,50666.4,50732.6,50603.5,50612.1,551.98962797
1640448900000,50612.2,50760.6,50484.5,50730,266.55169812
1640449800000,50730,50771.3,50572.2,50594.1,61.9524938
1640450700000,50595.7,50652.5,50563.8,50600,33.66278701
1640451600000,50600.1,50655,50570,50615.5,64.07032233
1640452500000,50615.5,50639.8,50147.8,50304.1,480.08619784
1640453400000,50304.2,50433.9,50242.2,50365,91.17645516
1640454300000,50365,50850,50365,50780,155.02508581
1640455200000,50782.1,50888.2,50723.5,50826.2,113.42391819
1640456100000,50826.1,50982.9,50821,50970,218.14535814
1640457000000,50970,51149.9,50892.1,50922,149.3393218
1640457900000,50922.1,51069.2,50869.3,50997.9,70.92687099
1640458800000,50994.2,51052,50852.3,50909.9,41.61608338
1640459700000,50909.9,50942.1,50822.5,50857.4,70.62298427
1640460600000,50857.4,50931.5,50822.4,50876.4,87.41955965
1640461500000,50876.3,50919.9,50832.2,50900,19.39100137
1640462400000,50900,50980.5,50874.3,50910.7,27.55096517
1640463300000,50910.6,50940,50821.1,50834.4,12.6281138
1640464200000,50837.1,50902.3,50744.8,50856.6,185.90067928
1640465100000,50852.6,50990,50830.2,50870.8,21.38224139
1640466000000,50870.8,50985.3,50842.1,50971.7,33.4526139
1640466900000,50966.2,51020,50938.5,51004.1,15.85490568
1640467800000,51002.8,51080,50982.4,51073.3,128.09814134
1640468700000,51073.2,51073.3,50959.1,50959.1,23.90010348
1640469600000,50959.1,50978.2,50859.7,50872.1,21.14040733
1640470500000,50872.1,50893.2,50666,50681.7,104.74270486
1640471400000,50681.8,50721.2,50607.1,50660.5,174.39015371
1640472300000,50660.5,50738,50582.2,50608.6,67.21829208
1640473200000,50608.6,50654,50548.1,50612.2,89.47996783
1640474100000,50617.2,50625.3,50466.6,50482.9,97.57178596
1640475000000,50482.9,50684.2,50482.9,50673.8,273.7240364
1640475900000,50673.8,50673.8,50355,50407.2,89.89840986
1640476800000,50407.2,50467.1,50330.9,50429,240.18364822
1640477700000,50429,50540,50389,50528.1,52.61290432
1640478600000,50528,50570,50260.7,50300,71.18577731
1640479500000,50300,50427,50300,50397.1,70.56330248
1640480400000,50395.7,50468.3,50318.7,50426.8,121.18471136
1640481300000,50426.8,50523.1,50353.4,50421.9,134.21120544
1640482200000,50421.8,50638.3,50368.1,50606.9,104.27178024
1640483100000,50607,50672,50474.9,50535.8,83.03138161
1640484000000,50535.8,50560,50465.9,50483.9,69.72468272
1640484900000,50483.8,50500.9,50288,50304.9,106.56493146
1640485800000,50304.9,50345.7,49835.4,50096.3,450.74697463
1640486700000,50096.2,50197.6,49998.8,50040.1,82.34705317
1640487600000,50040,50040,49782.8,49880.8,187.86748504
1640488500000,49880.7,49954.2,49790,49948.9,69.94122946
1640489400000,49948.9,49990,49661.6,49768.9,265.82820444
1640490300000,49768.9,49815,49618.2,49679.9,181.86126728
1640491200000,49679.9,49885.9,49623.8,49832.2,137.76536383
1640492100000,49832.2,49880,49660.8,49691.3,96.51190258
1640493000000,49691.2,49833.3,49682.1,49800,76.46688449
1640493900000,49800,49873.8,49793.4,49863.4,117.24076674
1640494800000,49860,49899.3,49800.8,49874.3,58.05745782
1640495700000,49874.3,49955.1,49847.1,49922.4,41.72356939
1640496600000,49922.4,49971.5,49860,49919.9,30.70520207
1640497500000,49917.3,49938.2,49805.7,49862.2,40.3728499
1640498400000,49862.2,49941.1,49833.4,49917.1,32.31903703
1640499300000,49913.1,49913.1,49844,49883.5,59.37006942
1640500200000,49883.5,49957,49806.1,49827.2,68.26155881
1640501100000,49827.1,49909.2,49827.1,49905,33.15788269
1640502000000,49904.9,49905,49720.5,49796.4,40.35406531
1640502900000,49796.5,49889.1,49796.4,49877.1,41.94948427
1640503800000,49877.1,49911.6,49840.3,49880.1,58.66327206
1640504700000,49880,49978.3,49827.5,49930.9,54.40266739
1640505600000,49930.8,50029.2,49882.1,50010.2,77.38644757
1640506500000,50012.1,50094.6,50002.1,50041.3,65.16389674
1640507400000,50041.4,50041.4,49889.6,49889.6,53.44542004
1640508300000,49887.1,49891.4,49830,49879.9,61.5564372
1640509200000,49880,49889.4,49840,49874.6,29.94058848
1640510100000,49874.5,49968.8,49865.6,49919.1,31.43689142
1640511000000,49919,49996.7,49897.1,49974.1,54.43865573
1640511900000,49977.6,50159.8,49974,50014.4,219.92153055
1640512800000,50014.5,50075.2,49945.1,49959.1,62.65687575
1640513700000,49959,50062,49942.3,50017.1,38.41799369
1640514600000,50014,50100.7,49971.2,50089.1,68.438023
1640515500000,50089.1,50105,49985,50080,36.81381219
1640516400000,50079.9,50114.6,50034.1,50047.3,64.05950173
1640517300000,50051.6,50094,50025.2,50060.2,24.64681203
1640518200000,50060.2,50060.2,49782,49871.9,126.17645532
1640519100000,49871.9,49872,49410,49752.3,365.20901329
1640520000000,49748.5,49850,49653.6,49816.4,73.35356076
1640520900000,49816.4,49816.4,49670.4,49723.3,51.84462217
1640521800000,49723.4,49880.1,49692.1,49879.8,74.82987427
1640522700000,49879.7,49958.7,49824.7,49879.8,62.97912504
1640523600000,49879.8,49943.2,49860.9,49893.3,53.71406231
1640524500000,49893.2,49978.3,49805.6,49817.3,62.54763144
1640525400000,49817.2,49910,49816.5,49816.9,57.04274225
1640526300000,49816.6,49867.1,49776.4,49847.9,69.67801657
1640527200000,49847.8,49900,49830,49855,30.94305694
1640528100000,49855,49855.1,49737.4,49768.5,90.752709
1640529000000,49768.6,49855.7,49752.1,49844.2,40.64457406
1640529900000,49844.2,49955.8,49757.1,49912.1,88.3129646
1640530800000,49912.1,49956,49912.1,49940,34.25064331
1640531700000,49939.9,50269,49930.2,50144.7,220.38005269
1640532600000,50144.7,50179.9,50103.1,50122.2,32.18579863
1640533500000,50122.2,50129.7,49987.2,50050.3,75.05246083
1640534400000,50051.7,50185.1,50032.2,50036,61.26785491
1640535300000,50035.9,50199.4,50030.1,50185.8,52.24972497
1640536200000,50185.7,50341.6,50164.7,50309.2,132.02630036
1640537100000,50309.2,50422.8,50242.1,50250,80.29547731
1640538000000,50250.1,50309.9,50220,50247.6,27.46672987
1640538900000,50247.6,50323.2,50228.7,50268.7,52.13953032
1640539800000,50268.7,50383.3,50252.2,50359.6,45.98332379
1640540700000,50359.6,50363.7,50177.1,50255.9,77.37797728
1640541600000,50255.9,50262.1,50162.1,50186,96.27364046
1640542500000,50186.1,50252,50186.1,50237.1,20.49994537
1640543400000,50237.1,50252.7,50200,50227.1,19.44235916
1640544300000,50227.2,50393.2,50141.8,50350.1,176.22136097
1640545200000,50350.2,50453.6,50300,50310,88.88529236
1640546100000,50306.1,50341.7,50219.8,50280,43.87608893
1640547000000,50277.3,50404.7,50262.1,50350,45.10278554
1640547900000,50350,50370,50300,50349.2,25.96952497
1640548800000,50349.2,50380,50310,50310,40.84405587
1640549700000,50310,50375.3,50300,50335,47.0709206
1640550600000,50335,50346,50287,50340.8,48.76797463
1640551500000,50340.8,50370,50282.1,50282.1,58.59473789
1640552400000,50282.2,50282.2,49929.9,50060,226.94100772
1640553300000,50060,50457,50014.2,50392.2,115.20596156
1640554200000,50392.1,50899,50392.1,50812.1,187.6854674
1640555100000,50812,51060.6,50746.1,50783.3,171.51696655
1640556000000,50783.3,50916.8,50783.3,50848.5,48.09077366
1640556900000,50848.4,50904.3,50788.3,50856.1,29.1760441
1640557800000,50856.2,51278,50850.7,51115.3,72.10316009
1640558700000,51115.4,51115.4,50924.5,50977.1,91.72707034
1640559600000,50977.1,51069.9,50773.3,50855.5,66.68407907
1640560500000,50855.5,50855.6,50650.6,50721.1,50.62373077
1640561400000,50721.1,50833.3,50680,50772.9,56.22331307
1640562300000,50773,50827.1,50742.1,50775,20.89331328
1640563200000,50778.7,50980,50778.6,50912.2,168.34009903
1640564100000,50912.2,50942,50838.7,50877.1,60.06187765
1640565000000,50879.2,50915.9,50584.8,50631.3,157.46834104
1640565900000,50631.4,50729.9,50571.4,50622.2,129.13326947
1640566800000,50622.2,50625,50449.9,50497,100.85218815
1640567700000,50497,50645.1,50441.6,50641,71.57620873
1640568600000,50641.1,50682,50602.2,50679.2,26.71911669
1640569500000,50679.2,50817,50679.1,50791.2,36.51343951
1640570400000,50788.7,50793.6,50681.6,50770.9,48.34842457
1640571300000,50770.8,50787.9,50717.2,50777.1,23.74984304
1640572200000,50777,50879.1,50767.2,50856.1,124.05913798
1640573100000,50856.1,50925.1,50817.2,50830,76.27609364
1640574000000,50824.7,50964,50800.2,50939.2,49.98812491
1640574900000,50939.2,51125.8,50937,51049.8,158.04626866
1640575800000,51049.8,51112.1,51003.4,51105,70.00249913
1640576700000,51104.9,51131,51002.1,51012,61.53970443
1640577600000,51012.1,51094.4,50883.2,51024,35.04422623
1640578500000,51024,51029,50879.4,50917.2,65.42389281
1640579400000,50917.2,50997.9,50874.2,50962.1,30.20137463
1640580300000,50962,51037.1,50910,50997.8,79.45547962
1640581200000,50997.8,51020,50875.1,50922.1,40.15266104
1640582100000,50922.2,50952.9,50838.1,50914.8,56.64782634
1640583000000,50914.8,50954.1,50880.1,50949.2,30.26297211
1640583900000,50949.3,50957.9,50854.5,50861.4,54.52843732
1640584800000,50861.4,50891.2,50749.7,50750.9,68.79389912
1640585700000,50748,50863.6,50742.4,50848.7,40.69890089
1640586600000,50848.7,50928.9,50848.7,50916.7,24.18426583
1640587500000,50916.7,50968.8,50865.5,50933.1,61.6333911
1640588400000,50933.2,50980,50898,50920.1,18.09697401
1640589300000,50920,50994.5,50837.1,50863.3,84.50681239
1640590200000,50863.2,50863.2,50765,50795.2,55.96340507
1640591100000,50795.2,50795.2,50660.6,50706,79.99340142
1640592000000,50705.3,50842,50670,50831.1,53.69539167
1640592900000,50831.1,50838.8,50773.5,50780.6,36.39408402
1640593800000,50780.6,50790.6,50738.7,50770,46.07355384
1640594700000,50771,50771.1,50555.5,50557,79.65230899
1640595600000,50555.6,50633.7,50517.1,50626.8,79.64090348
1640596500000,50626.8,50670.1,50606,50662.1,57.84541266
1640597400000,50665.1,50674,50572.1,50657.1,70.68342793
1640598300000,50657,50775,50651.2,50763.8,41.02359233
1640599200000,50763.8,50838.3,50755,50765,39.21455036
1640600100000,50765,50797.1,50731.2,50779.9,33.21094965
1640601000000,50779.9,50785,50692.6,50755.5,36.03840378
1640601900000,50755.5,50898.2,50727.2,50792.8,80.3682579
1640602800000,50794.7,50883,50786.8,50806.2,67.2217717
1640603700000,50801.6,50822.9,50669,50680,46.75241565
1640604600000,50681.9,50769,50673,50752.6,32.7584177
1640605500000,50752.6,50764.9,50690,50757.2,442.69005275
1640606400000,50757.2,50780.5,50730,50757.4,392.69028598
1640607300000,50757.4,50851.8,50586.7,50850,574.68446469
1640608200000,50850,51157.1,50850,51148.9,461.27183643
1640609100000,51148.9,51186.9,51030.2,51122.1,371.49766222
1640610000000,51122.1,51235.9,50989.5,51026.5,321.6526913
1640610900000,51026.6,51424.5,51026.5,51355.8,441.53762033
1640611800000,51355.8,51405.5,51234.2,51235.2,187.90664386
1640612700000,51235.8,51340.2,51190,51294.7,147.62105225
1640613600000,51294.8,51388,51250,51332.3,73.32663795
1640614500000,51334,51583.8,51230,51230,235.0223794
1640615400000,51230.1,51656.7,51220.1,51580.1,147.3258582
1640616300000,51580,51680,51486.8,51513,98.98502705
1640617200000,51513.1,51660,51499.9,51564.2,83.55434084
1640618100000,51563.8,51575.6,51466.6,51492,89.4871157
1640619000000,51492.1,51509.2,51356,51435.6,135.74517378
1640619900000,51435.6,51471.5,51400,51447,80.13454688
1640620800000,51446.9,51517.2,51335.9,51370.9,75.31084651
1640621700000,51370.8,51380.9,51233.3,51337.2,140.63035291
1640622600000,51337.2,51429.9,51321.6,51429.8,131.63847383
1640623500000,51429.8,51484.2,51429.8,51465.1,24.44159784
1640624400000,51465.1,51580,51450.9,51580,65.3929
1640625300000,51580,51893.3,51560,51776.2,273.54897816
1640626200000,51776.2,51992.8,51762.2,51902.3,208.47717518
1640627100000,51905.1,52095.7,51788.6,51850.7,187.08553248
1640628000000,51850.7,51937.1,51740.2,51757.2,64.84330042
1640628900000,51757.1,51787.1,51680,51685.9,74.22714235
1640629800000,51686,51787.1,51660,51696,183.53823117
1640630700000,51696.7,51702,51630,51687,42.87670215
1640631600000,51687.1,51702.1,51592.1,51622.6,47.23321681
1640632500000,51627.1,51627.1,51428.3,51497.1,76.66187723
1640633400000,51497.1,51550.2,51392.1,51469.5,189.78155759
1640634300000,51469.4,51549.7,51188.1,51202.6,175.578998
1640635200000,51202.6,51357,51156,51324.1,71.30692424
1640636100000,51324.2,51324.2,51111,51162.2,57.52311932
1640637000000,51162.2,51203.3,50920.9,50998.6,213.73007613
1640637900000,50998.6,51246.1,50990,51230.1,94.28240795
1640638800000,51230,51288.6,51220,51244.6,51.98284212
1640639700000,51244.6,51288.8,51152.8,51288.5,64.32604876
1640640600000,51289.2,51297,51171.4,51175.9,78.1564507
1640641500000,51175.9,51176,50940,50966.8,160.72700978
1640642400000,50970,51178.4,50951.2,51176.8,39.29052572
1640643300000,51176.7,51225.2,51068.4,51110.1,27.29316534
1640644200000,51110,51152.8,50823.3,50863.4,153.96144746
1640645100000,50863.3,51017.6,50722.1,51015,76.76210085
1640646000000,51014.9,51049.6,50860.1,50952.8,51.03227272
1640646900000,50952.7,51000,50768.9,50880,75.60413928
1640647800000,50879.9,50879.9,50649.9,50812.1,189.36065927
1640648700000,50812.1,50860,50640.9,50699.9,86.08220256
1640649600000,50699.9,50699.9,50334.9,50558.2,322.71997561
1640650500000,50560,50560,50152.1,50302.1,310.90712722
1640651400000,50302,50302,50030,50197.7,167.15671931
1640652300000,50204.9,50451,50202.1,50347.6,171.19935241
1640653200000,50347.6,50347.6,50104,50145.6,143.96976891
1640654100000,50145.6,50231.9,49983,50160.1,215.63469797
1640655000000,50160,50160,49725.4,49790,231.79122121
1640655900000,49790.5,49877.1,49632,49820,197.31067972
1640656800000,49820,49955.5,49700,49756,97.20330383
1640657700000,49755.9,49851.4,49583,49810.4,234.65368661
1640658600000,49810.3,49849.9,49647.1,49802.2,109.17719326
1640659500000,49802.9,49812.1,49633.3,49781.8,57.70501639
1640660400000,49781.7,49781.7,49499.7,49516.7,152.08151225
1640661300000,49518.7,49700,49512.1,49657.1,188.81521911
1640662200000,49657.1,49681.6,49516.7,49647.2,73.85357995
1640663100000,49647.2,49837.5,49566.4,49820,90.19514576
1640664000000,49820,49820,49604.8,49619,154.1115388
1640664900000,49619,49627,48623.7,48952.5,1927.39670436
1640665800000,48952.4,49095.4,48787.1,49095.4,276.22730003
1640666700000,49097,49170.3,48982.5,49052,84.52882814
1640667600000,49051.9,49160.8,48996.5,49152.1,62.95834845
1640668500000,49152.1,49155.6,48962.2,48985.7,176.81044271
1640669400000,48985.7,49166.5,48972.2,49166.5,30.30568672
1640670300000,49166.5,49232.1,49148.9,49204.5,50.04762346
1640671200000,49204.4,49240.7,49112.8,49182,71.69027099
1640672100000,49182,49305.2,49181.9,49292.1,159.25127047
1640673000000,49292.1,49339,49240,49260.1,62.11546866
1640673900000,49260,49291.9,49097.1,49216,73.53373684
1640674800000,49215.9,49350,49157.1,49267.3,95.59717399
1640675700000,49267.2,49317.8,49112.1,49190.8,189.6940036
1640676600000,49190.7,49190.7,49052.1,49154.4,51.52637851
1640677500000,49154.3,49240,49143.2,49226.9,61.72769159
1640678400000,49226.8,49426,49120,49425.9,321.15895812
1640679300000,49425.9,49425.9,49313.7,49397,178.75268119
1640680200000,49397,49411.7,49320,49370,42.12329907
1640681100000,49370,49426,49246.1,49376.3,123.1489057
1640682000000,49376.2,49454.8,49337.1,49337.1,68.58868943
1640682900000,49337.1,49359.7,49230,49300.1,181.25902134
1640683800000,49300.1,49356,49141.6,49198.2,96.33298064
1640684700000,49198.1,49266.9,49030,49033.4,126.82014954
1640685600000,49033.4,49169.9,48787.1,48884.6,342.45640045
1640686500000,48877.9,49090.7,48877.8,49060,254.63519001
1640687400000,49060.1,49079.3,48965.4,49013.1,80.0442687
1640688300000,49013.1,49047.1,48949.2,49035.3,42.39227024
1640689200000,49035.3,49069.8,48908,49010.4,77.4791677
1640690100000,49010.4,49197.3,48992,49113,197.55407304
1640691000000,49113.1,49200,49112.1,49133.1,41.88919048
1640691900000,49135.2,49229.4,49135.2,49198,18.18708914
1640692800000,49198.1,49198.1,49078.3,49171,43.55670452
1640693700000,49171.1,49272.1,49155.8,49267.2,157.83343592
1640694600000,49267.1,49368,49216.7,49227.2,81.96172451
1640695500000,49227.1,49255.3,49100.1,49100.2,53.99429207
1640696400000,49100.2,49182.1,48989.7,49082,79.67973819
1640697300000,49082.1,49149.9,49072,49137.1,140.86122762
1640698200000,49137,49279.8,49087.1,49270,128.13535652
1640699100000,49269.5,49269.5,48993.8,49020.1,192.81130092
1640700000000,49020.1,49091.3,48820.1,48940.1,214.02317162
1640700900000,48940,49084.3,48920,49061.9,189.59395538
1640701800000,49061.9,49061.9,48306.8,48956,793.11659393
1640702700000,48952.2,49154.7,48817.2,49076.1,85.66267767
1640703600000,49072.1,49220,48981.2,49036.9,87.16588247
1640704500000,49032.6,49067.1,48902.1,49067,165.31741536
1640705400000,49067,49131.3,48949,48965.1,90.85577889
1640706300000,48969.8,49014.7,48917.1,48947.2,47.98747775
1640707200000,48947.1,48977,48541.3,48587.3,162.66791532
1640708100000,48587.3,48660,48135.2,48287.6,423.10956937
1640709000000,48287.1,48570,48287.1,48502.3,207.62276813
1640709900000,48502.2,48632.1,48465.2,48623.2,56.94044107
1640710800000,48623.1,48641.9,48279.3,48322.1,75.36384215
1640711700000,48322.1,48382.6,48032.7,48041.8,231.61503709
1640712600000,48041.8,48135,47660.3,47901.8,694.17566387
1640713500000,47901.7,48040,47762,48025.6,137.39587901
1640714400000,48025.6,48025.6,47742.1,47834.4,183.34223157
1640715300000,47836,47938.6,47762.2,47897.9,96.21206358
1640716200000,47897.9,47968.7,47836.4,47862,201.62872728
1640717100000,47862,47862,47620,47790.7,73.96934398
1640718000000,47790.6,47790.6,47312.1,47422.1,334.57866156
1640718900000,47422.1,47642.6,47352.5,47504.6,114.2340732
1640719800000,47504.5,47722.9,47470,47650.4,163.75596014
1640720700000,47650.4,47764.8,47640,47687.3,56.78697542
1640721600000,47687.3,47778.9,47572.1,47765.9,79.41681048
1640722500000,47765.9,47874.5,47717.6,47802.1,91.03230499
1640723400000,47806.1,48016.1,47750.5,47972.9,218.5039202
1640724300000,47972.9,48028.5,47663.3,47797.1,146.63748276
1640725200000,47797,47817.3,47687.9,47747.1,72.59255443
1640726100000,47747,47837.4,47687.1,47771.8,28.84050546
1640727000000,47776.2,47836.8,47666.6,47666.6,149.16923442
1640727900000,47666.7,47692.1,47484.6,47555,59.4737493
1640728800000,47554.9,47670,47440,47471.1,40.6962396
1640729700000,47471.2,47648.8,47450,47477.9,48.32306167
1640730600000,47477.9,47502,47330,47496.8,183.77878233
1640731500000,47496.8,47736.9,47496.7,47688.3,39.14143533
1640732400000,47687.8,47742.4,47529,47632.3,62.80891061
1640733300000,47632.2,47724.3,47632.2,47705.3,41.51595582
1640734200000,47705.2,47791.8,47642.6,47730.2,200.58985194
1640735100000,47730.2,47746.2,47520,47541.1,52.82706544
1640736000000,47542,47834.7,47450,47808.6,211.19851099
1640736900000,47808.5,47845.8,47718,47732.1,32.01791982
1640737800000,47732.1,47732.1,47557.2,47627.1,86.15687362
1640738700000,47627.1,47769.9,47609.4,47769.9,51.32556186
1640739600000,47769.9,47928.2,47752.2,47928.2,89.97870022
1640740500000,47928.2,47976.4,47810.8,47815.2,121.90548663
1640741400000,47815.1,47861.4,47720,47861.3,55.6246763
1640742300000,47861.4,47867.1,47700,47743.6,42.49855811
1640743200000,47743.6,47875,47677.1,47850,162.37497819
1640744100000,47850.1,47942.3,47832.8,47912,59.71929985
1640745000000,47912,47967.5,47832.9,47910.4,53.31977309
1640745900000,47910.4,48033.3,47910.3,47992.7,70.67563283
1640746800000,47992.7,48130,47954.2,48102.3,73.45628026
1640747700000,48102.3,48102.4,47910.1,47944.9,162.76373038
1640748600000,47944.9,47990.7,47907.6,47963.2,91.01345085
1640749500000,47963.1,48032.4,47962.1,48006.4,21.01114008
1640750400000,48006.5,48062,47940,47944.6,51.40314044
1640751300000,47944.6,47949.1,47857.2,47889.2,155.21588241
1640752200000,47888.9,47960,47824,47946.5,45.62631434
1640753100000,47946.5,47956.1,47783.8,47794.1,62.42501007
1640754000000,47794.1,47897,47780,47872.1,48.1554099
1640754900000,47872.1,47927.7,47797.2,47802.4,164.34176948
1640755800000,47802.5,47865.1,47749.2,47777,44.59852748
1640756700000,47777,47907,47777,47901.6,29.72971499
1640757600000,47901.7,47949,47881.9,47933.9,31.05892315
1640758500000,47933.8,47993.4,47924.1,47924.1,165.15379069
1640759400000,47924.1,47981.7,47851,47855.5,40.27874793
1640760300000,47853.1,47853.1,47756.4,47853,35.48207038
1640761200000,47853,47869.5,47647.8,47659.9,67.4510152
1640762100000,47660,47714.2,47600,47640.1,172.64589786
1640763000000,47640.1,47698.1,47610,47619.2,56.22396682
1640763900000,47619.2,47635.4,47532.1,47580,63.32538025
1640764800000,47580,47741.5,47554.3,47715.2,45.28778947
1640765700000,47715.1,47727,47627.1,47668.8,170.87190369
1640766600000,47668.8,47785.2,47652.1,47771.4,37.72029009
1640767500000,47771.3,47830,47691.9,47717.2,36.33305347
1640768400000,47717.2,47740,47627.2,47677.4,54.53205596
1640769300000,47679.8,47716.7,47399.1,47517.1,326.60251014
1640770200000,47517,47670.1,47492.8,47642.2,79.39568051
1640771100000,47642.1,48079.2,47622.1,47948,235.24879188
1640772000000,47948,47984.2,47855.6,47933.8,84.52897589
1640772900000,47930,47946.4,47789.1,47811.8,164.01731155
1640773800000,47811.9,47920,47730.6,47747.1,39.9352492
1640774700000,47749.3,47757.5,47645.9,47697.6,56.4474775
1640775600000,47697.6,47767.1,47635,47676.4,36.01448724
1640776500000,47676.4,47687.1,47525,47559,177.17121603
1640777400000,47559,47682.5,47559,47610.3,89.72438655
1640778300000,47610.4,47751.4,47551.1,47734.7,89.34693292
1640779200000,47734.6,47782.1,46767.2,46989.9,927.60849558
1640780100000,46990,47081.3,46664.9,46809.9,284.5834521
1640781000000,46809.9,46946,46736.9,46885.1,182.70794848
1640781900000,46885,46973.2,46814.6,46832.3,86.36038008
1640782800000,46832.2,46992.8,46795.5,46891.5,126.16510313
1640783700000,46891.6,46918.8,46600,46675.7,225.6205131
1640784600000,46672,46937.6,46640,46903.3,154.4695542
1640785500000,46903.2,47457.1,46897.7,47411.9,198.29415832
1640786400000,47411.9,47555.1,47317.1,47341.5,143.25329802
1640787300000,47341.5,47410.9,47243,47336.3,95.21863535
1640788200000,47336.3,47896.4,47332.2,47754.4,434.32699168
1640789100000,47754.5,47897.5,47666,47827.5,93.49771377
1640790000000,47827.5,48054,47782,47820.4,126.00981266
1640790900000,47816.6,47898.8,47737,47829.9,155.35882707
1640791800000,47829.9,47894.2,47748.2,47884.2,91.42135614
1640792700000,47882.3,48009.4,47846.4,47965.9,68.27563994
1640793600000,47965.8,48049.4,47812.3,47836,61.42115299
1640794500000,47835.9,47888.3,47735.1,47741.4,153.52038094
1640795400000,47744.5,47757.2,47616.1,47670,132.03237103
1640796300000,47670.7,47767.6,47655.9,47736.7,23.00703357
1640797200000,47736.8,47736.8,47648.4,47662.1,29.1545421
1640798100000,47662.1,47707.7,47615.3,47632.1,147.73728593
1640799000000,47632.1,47699.9,47528.6,47689.6,69.24624867
1640799900000,47689.6,47708.2,47484,47563.9,92.18164181
1640800800000,47563.9,47639.9,47546.1,47600.8,26.05867091
1640801700000,47600.8,47715.9,47600.8,47678.5,57.32513045
1640802600000,47677.4,47770,47560,47562.9,163.54189984
1640803500000,47562.8,47565.3,47406.9,47528.3,86.61894324
1640804400000,47528.2,47549.6,47341.2,47365.6,60.46029632
1640805300000,47365.6,47435.3,47300.1,47424.5,74.98172241
1640806200000,47424.5,47435.1,47079.4,47119.5,268.56875835
1640807100000,47119.5,47204.1,47025.6,47144.1,78.17424341
1640808000000,47144.2,47337,47083.2,47245.5,65.09897452
1640808900000,47245.6,47510,47240,47492.5,65.75594346
1640809800000,47492.4,47708.7,47492.4,47508.2,208.99343034
1640810700000,47508.2,47598.9,47356,47366.6,93.82062157
1640811600000,47366.6,47402,47063.3,47118.9,85.56871651
1640812500000,47118.8,47286.6,47109.6,47246.5,56.06812389
1640813400000,47246.6,47295.8,47137,47222.3,153.42851041
1640814300000,47222.4,47264.7,47140.1,47234.8,40.10643377
1640815200000,47234.7,47238.8,47097.2,47177.7,56.69897567
1640816100000,47179.9,47380.5,47179.9,47364.5,37.11359702
1640817000000,47364.4,47478.5,47310.7,47430.7,130.15596294
1640817900000,47430.7,47431.2,47186.9,47280.6,24.58671786
1640818800000,47280.5,47376.8,47132.3,47161,49.95784265
1640819700000,47161,47172.7,46060,46405.9,1469.26084962
1640820600000,46406,46496.9,46163.5,46275.6,326.04527671
1640821500000,46279.5,46480,46082.9,46466.9,270.97016657
1640822400000,46466.9,46559.3,46131.7,46265.6,283.58454947
1640823300000,46261.6,46662.9,45900,46490.8,577.15623107
1640824200000,46495.2,46768.2,46495.2,46680.9,172.88389104
1640825100000,46681,46844.6,46602.4,46688.8,154.44832349
1640826000000,46688.8,46696.9,46456,46668.5,177.0413179
1640826900000,46668.4,46706.6,46540,46569.9,143.40016547
1640827800000,46569.9,46738.6,46439.8,46734.1,71.12541864
1640828700000,46734.1,46749.8,46554.7,46566.8,93.99316204
1640829600000,46564.3,46596.9,46245,46289.9,138.84292979
1640830500000,46287.9,46539.4,46271.9,46500,128.5972414
1640831400000,46500,46603.7,46444.3,46603.7,49.92480744
1640832300000,46603.6,46662.9,46527.4,46661,52.67644892
1640833200000,46662.8,46711.2,46630,46645.4,67.70687899
1640834100000,46645.3,46645.4,46469.2,46561.9,71.39045538
1640835000000,46562.3,46672.3,46532.5,46666.2,88.14853104
1640835900000,46666.2,46705.5,46482.7,46493.4,79.03476711
1640836800000,46505.8,46832.2,46497,46754.4,74.5960996
1640837700000,46754.3,46935.1,46732.8,46800,154.94007396
1640838600000,46800,46857.2,46742.8,46746.1,51.20110883
1640839500000,46746.1,46799.9,46719.2,46724.4,37.28068302
1640840400000,46724.5,46786.9,46643.2,46717.7,47.40513567
1640841300000,46717.7,46805.8,46683,46699.8,46.32458815
1640842200000,46699.7,46715.8,46583.2,46697.8,96.4085024
1640843100000,46697.8,46777.7,46637.6,46761.7,60.38725204
1640844000000,46761.7,46790,46710.2,46733.6,46.61613726
1640844900000,46733.5,46793.7,46711,46760.1,32.5051974
1640845800000,46760.1,46947.5,46760.1,46917.1,90.37615984
1640846700000,46917,46949.8,46891.5,46903.5,89.44130102
1640847600000,46903.5,47098.5,46840.1,47016,174.01962796
1640848500000,47017.1,47080.5,46882.1,46999.8,100.4608796
1640849400000,46999.8,47083.3,46980.1,47013.4,71.64387991
1640850300000,47013.3,47057.1,46975,46975,69.18339817
1640851200000,46975.1,47180.4,46975.1,47082,144.29044659
1640852100000,47081.9,47082,46868.5,46983.5,115.99118894
1640853000000,46980.7,46980.7,46870.5,46873.9,47.57186789
1640853900000,46873.9,46913.5,46770.8,46801,67.00303711
1640854800000,46801,46920,46801,46904,67.31040175
1640855700000,46904,46904,46904,46904,0
1640856600000,46904,46950,46904,46938.1,24.55808724
1640857500000,46938.3,46985.7,46724.1,46761.5,146.1894897
1640858400000,46761.5,46924,46684.3,46914.3,52.41997053
1640859300000,46914.3,46948,46854.8,46854.9,88.84616415
1640860200000,46855,46880,46761.8,46849.9,59.24512519
1640861100000,46850,46960,46829.4,46954.1,61.57741705
1640862000000,46952.7,47010.9,46906,46930.2,103.57093652
1640862900000,46930.1,47071.1,46906.3,47066.9,94.78852016
1640863800000,47066.8,47468.3,47018.1,47422.8,275.85030418
1640864700000,47422.8,47567.5,47350.4,47521.3,127.15877184
1640865600000,47521.4,47544.9,47401.1,47461.8,182.96789654
1640866500000,47461.9,47715.7,47461.8,47650.2,163.68076271
1640867400000,47650.6,47699.9,47590,47590.3,110.62618986
1640868300000,47590.4,47657.5,47521.9,47522,106.30263633
1640869200000,47522,47557.2,47446.6,47456.6,69.05649127
1640870100000,47456.6,47505.3,47432.7,47476.2,73.39972921
1640871000000,47476.2,47575,47441.2,47445.5,94.2446587
1640871900000,47445.6,47452.8,47305.3,47330.5,122.4146674
1640872800000,47330.5,47361.6,47281.5,47310.5,45.83760604
1640873700000,47310.6,47312.4,47195.1,47242.5,112.49524615
1640874600000,47240.4,47446.5,47183.3,47257.6,161.1835888
1640875500000,47257.7,47359.3,47227.2,47356.8,88.72887025
1640876400000,47356.7,47467.2,47299,47420,112.07349003
1640877300000,47419.9,47515.9,47354.8,47356,117.8371652
1640878200000,47356.1,47368.9,47302,47339.2,69.48583033
1640879100000,47339.2,47381.9,47128.8,47175,92.3326597
1640880000000,47175,47237.8,47103.7,47224,132.27659615
1640880900000,47224.1,47304.3,47200.5,47220.9,165.39771237
1640881800000,47220.9,47476.3,47220.9,47430.3,160.79017948
1640882700000,47430.4,47649.5,47425.2,47597.3,150.04900263
1640883600000,47597.4,47628.3,47486.4,47545.7,79.14364792
1640884500000,47545.6,47788,47489.2,47692.8,251.73433123
1640885400000,47692.9,47700,47540.7,47615.7,78.54530334
1640886300000,47615.7,47699.4,47593.7,47664,71.53985142
1640887200000,47663.9,47671.3,47486.5,47542.6,63.36021153
1640888100000,47542.6,47709.3,47530,47705,97.88855182
1640889000000,47707.9,47712.3,47594.2,47624.4,117.81184884
1640889900000,47624.5,47912,47606.8,47862.8,139.88697103
1640890800000,47862.9,47877.6,47763.2,47877.6,97.74442946
1640891700000,47877.6,47877.7,47760.9,47839.8,52.38646706
1640892600000,47839.8,47912.3,47810.6,47810.6,155.62465455
1640893500000,47810.6,47824,47540,47562.6,71.52879997
1640894400000,47562.6,47598.3,47467.3,47541,68.16032019
1640895300000,47545.3,47682,47545.3,47587.7,68.22716041
1640896200000,47587.7,47657.3,47330.8,47421.6,191.86352882
1640897100000,47423.7,47423.9,47089.3,47200.3,242.31950921
1640898000000,47200.4,47270,46937.7,47153.1,126.68785432
1640898900000,47153.1,47330.8,47110.4,47299.9,79.47377194
1640899800000,47299.8,47345.1,47256.2,47307.1,148.29096594
1640900700000,47306.4,47339.1,47170.4,47309.9,44.75718168
1640901600000,47309.8,47328.9,47215.2,47267.9,57.89626762
1640902500000,47267.9,47317.2,47120.1,47208.1,43.65133249
1640903400000,47208.3,47217.8,46735.9,46861.7,182.16185528
1640904300000,46866.8,47082.7,46866.8,47082.7,60.11005383
1640905200000,47084.8,47205,46986.7,47107.2,106.37006851
1640906100000,47107.3,47245.1,47038.4,47138.4,107.06451852
1640907000000,47129.5,47164.6,46944.4,47085.1,209.19661551
1640907900000,47086,47177.1,47045.6,47127.5,69.84735185
1640908800000,47127.4,47385.7,47082.7,47289.9,194.91148677
1640909700000,47294.3,47320,46990,47040.1,132.88247164
1640910600000,47040.1,47067.8,46850,46930,104.88999137
1640911500000,46930.1,47190,46910,47073.8,65.49859063
1640912400000,47073.8,47133.7,46855.1,46948.8,172.82420743
1640913300000,46948.7,47285.8,46911.8,47187.2,107.71109557
1640914200000,47184.5,47346,47145.6,47163.3,97.8066894
1640915100000,47163.3,47195.8,47012.6,47127.4,78.72118248
1640916000000,47127.4,47127.4,46980,46994,73.95564076
1640916900000,46994,47050.4,46851.1,46892.1,212.88935252
1640917800000,46892.1,46976.7,46834.7,46893.4,122.49292104
1640918700000,46889.7,47025.4,46889.6,47000,65.54046897
1640919600000,47000,47026.1,46912.1,46958.5,79.59908687
1640920500000,46958.6,47173.4,46958.6,47152.5,147.70163758
1640921400000,47152.5,47277.5,47090,47253.9,53.81641583
1640922300000,47253.8,47253.9,47163.5,47195.4,65.82441806
1640923200000,47195.4,47284.2,47145.7,47180,122.27032651
1640924100000,47180,47456.9,47171.4,47404.4,264.22167309
1640925000000,47404.5,47422,47310,47380.1,121.20700067
1640925900000,47380,47382.5,47308,47334.7,77.96830106
1640926800000,47335.5,47405.3,47310.8,47382.9,71.10688549
1640927700000,47382.8,47382.8,47258,47264.8,229.9040641
1640928600000,47264.8,47315.3,47206.6,47290.3,135.3390833
1640929500000,47290.4,47345.4,47281,47281.1,107.45102381
1640930400000,47281,47317.2,47156.1,47313.9,86.95247462
1640931300000,47313.9,47554.5,47246.5,47444.2,261.19917213
1640932200000,47444.2,47454.6,47347.3,47350,83.89350084
1640933100000,47350,47480,47340,47389.9,108.94357335
1640934000000,47389.9,47449.9,47225.4,47227.2,135.29406333
1640934900000,47228,47250,47039.2,47039.2,227.89668662
1640935800000,47039.1,47119.6,46869.8,46874.6,205.96800658
1640936700000,46874.6,47195.2,46841.1,47191.1,326.46428028
1640937600000,47191,47200.1,47070,47164.8,179.72167326
1640938500000,47164.9,47979,47155.2,47871.2,808.80011832
1640939400000,47871.1,48478.9,47865.4,48373.6,548.53867358
1640940300000,48373.7,48560.7,48250.6,48457.8,586.97980188
1640941200000,48457.8,48566,48400,48487.9,272.2073312
1640942100000,48487.8,48561.8,48282.4,48406.4,323.19596268
1640943000000,48406.5,48448.8,48253.5,48278.4,134.44198494
1640943900000,48278.4,48360,48248.9,48304.4,110.28248609
1640944800000,48304.4,48327,48153.2,48240.8,96.82940657
1640945700000,48240.8,48386.1,48220,48368.6,192.38039332
1640946600000,48368.7,48456.3,48346,48430,109.86469789
1640947500000,48429.9,48432.6,47936,48028.8,289.88207157
1640948400000,48028.7,48166.5,48000,48064.6,110.90467881
1640949300000,48064.6,48208,48054.8,48089.7,253.08710493
1640950200000,48089.7,48120.7,47995.6,48044.5,106.64209633
1640951100000,48044.5,48080,47896.4,47978.3,193.02722232
1640952000000,47978.3,48009.8,47839.9,47977.7,90.06436184
1640952900000,47977.6,48029.8,47912.3,47974.5,179.33750638
1640953800000,47974.4,48109.1,47974.4,48079.4,74.91435681
1640954700000,48079.4,48079.4,47922.9,47983.2,41.80814774
1640955600000,47983.3,48060,47959.5,47982.5,42.75357641
1640956500000,47982.5,47993,47883.7,47981,456.15569849
1640957400000,47981,48068.6,47972.9,48040,194.22453043
1640958300000,48040,48048.6,47914.9,47951,73.03375706
1640959200000,47950.9,47980.2,47852.2,47914.7,69.71534988
1640960100000,47914.7,48010.2,47837.9,48002.5,134.85493219
1640961000000,48002.5,48133.3,47930.1,47950.6,180.8172245
1640961900000,47954.3,48070,47954.2,47983.9,110.65985752
1640962800000,47983.3,48049.9,47923.5,48009.7,47.69803634
1640963700000,48009.7,48117.4,47980.8,48008.8,171.07604216
1640964600000,48008.8,48009.9,47923.7,47935,72.53804683
1640965500000,47935.1,48000,47855.8,47997,63.86669005
1640966400000,47999,48029.7,47920.9,48015.3,56.99562466
1640967300000,48015.3,48114.2,48013.3,48102,104.63846423
1640968200000,48103.5,48106.7,47880,47889.9,155.88243817
1640969100000,47889.9,47917.1,47432,47476.1,380.07968558
1640970000000,47476,47543.7,47223.3,47263.6,186.46341401
1640970900000,47263.6,47320,46950,46960,424.91335539
1640971800000,46960,47043.1,46902,47029.9,328.89481472
1640972700000,47030,47042,46914,47021.7,98.49387874
1640973600000,47021.7,47029.6,46930.1,46930.1,92.39494863
1640974500000,46930.6,47033.9,46904,46940.1,109.63039839
1640975400000,46940,46980,46444.4,46706,616.36521065
1640976300000,46704.4,46767.3,46591,46677.9,108.71741911
1640977200000,46677.9,46677.9,46367,46425.1,192.87377042
1640978100000,46425.1,46441.3,46071.9,46089.4,219.68551511
1640979000000,46089.3,46306.6,45965.7,46012.3,597.37791802
1640979900000,46012.3,46086.5,45678,45724.9,349.17776431
1640980800000,45724.8,46204.2,45678,46135.7,163.17799553
1640981700000,46134.7,46139.3,45850.8,46050.1,111.646791
1640982600000,46050.1,46130,45885.7,45979.9,198.323185
1640983500000,45979.9,45979.9,45825.9,45886.1,70.64901715
1640984400000,45882.7,46102.1,45781.8,45830.9,140.1691157
1640985300000,45831,46095.5,45800,46095.5,92.41658769
1640986200000,46095.5,46502.9,46095.5,46241.7,313.62751993
1640987100000,46243.8,46337.7,46174.8,46331.5,64.48845145
1640988000000,46326.8,46550,46293.2,46446.5,113.7218942
1640988900000,46445,46567.4,46394.1,46396.2,87.04103433
1640989800000,46396.2,46396.2,46296.8,46296.9,157.69341878
1640990700000,46296.9,46452,46244,46312.3,120.18221723
1640991600000,46312.4,46461.2,46309.9,46427.8,102.4591672
1640992500000,46427.7,46469.4,46350.1,46351.4,84.60758765
1640993400000,46351.4,46502.1,46351.4,46470.5,187.83675811
1640994300000,46470,46470,46142,46219.9,102.25059866
