ts,open,high,low,close,volume
1630454400000,47110.6,47325.1,46862.5,47028.6,300.51639254
1630455300000,47028.7,47134.3,46913.9,47042.5,98.33167119
1630456200000,47042.5,47052.5,46879.9,46918.2,43.54336266
1630457100000,46923.1,46923.1,46678.2,46757.1,221.9763751
1630458000000,46757.1,46818,46550.7,46582.4,297.21780717
1630458900000,46582.4,46663.8,46501,46649.4,177.22428334
1630459800000,46649.3,46744.8,46548.7,46703.2,377.68982741
1630460700000,46703.1,46879.9,46688.4,46860.1,843.89984303
1630461600000,46860,46932.6,46779,46817.4,721.09845175
1630462500000,46817.3,47005.3,46738.4,47000.2,622.55094246
1630463400000,47000.3,47086.2,46942.1,46971,640.83899119
1630464300000,46971.1,46980.7,46841.5,46877.7,830.80220746
1630465200000,46877.6,46918.2,46766.8,46893.8,606.26456326
1630466100000,46893.8,46929.1,46737.1,46771.5,657.48218598
1630467000000,46771.6,46830.4,46689.7,46792.7,583.20331401
1630467900000,46792.7,47047.9,46791.2,47045.2,518.96469418
1630468800000,47045.1,47256.9,46971.6,47234.4,652.68384853
1630469700000,47234.5,47254.2,47098.8,47122.6,175.24453072
1630470600000,47122.6,47216.7,47009.4,47100.7,73.15736798
1630471500000,47100.6,47164.8,47057.3,47148.6,110.24551493
1630472400000,47148.7,47339.6,47091,47333.3,137.36386959
1630473300000,47333.3,47412.7,47191.8,47252.1,114.69606298
1630474200000,47252.1,47470.3,47189.6,47408.9,147.56297025
1630475100000,47408.9,47484,47362.5,47432,128.44468468
1630476000000,47432,47480.1,47355.2,47383.4,101.68728309
1630476900000,47383.3,47383.4,47281.6,47302.4,53.07304705
1630477800000,47302.4,47310,47182.4,47273.5,76.24296587
1630478700000,47273.5,47446.1,47265.4,47316.5,104.93805733
1630479600000,47316.5,47424.9,47294.1,47376,26.57829444
1630480500000,47376,47445,47277.3,47283.5,63.66326563
1630481400000,47283.4,47283.5,47113.4,47192,81.91308826
1630482300000,47192,47230.3,47081.6,47182.7,35.14711351
1630483200000,47182.7,47355,47113,47311.8,64.96720913
1630484100000,47311.9,47415.2,47211.1,47211.1,27.29597765
1630485000000,47211.2,47380.8,47154.1,47154.2,105.63699205
1630485900000,47154.1,47388.7,47154.1,47345.5,126.94256954
1630486800000,47345.5,47561.5,47326.3,47431.9,164.70326043
1630487700000,47431.9,47618.5,47416,47614,144.43823377
1630488600000,47614.1,47655.4,47504.3,47580.8,133.50357741
1630489500000,47580.7,47698,47516.3,47651.8,108.0527781
1630490400000,47651.8,47732.3,47582.9,47700.8,169.5005191
1630491300000,47700.8,47710.3,47638.2,47689.5,61.01633073
1630492200000,47689.5,47753.5,47665.5,47670.9,61.84495937
1630493100000,47670.9,47680.5,47513.6,47516.7,52.51346568
1630494000000,47516.7,47618.8,47516.7,47571.1,57.25376494
1630494900000,47571.1,47791.6,47571.1,47676.6,98.63329043
1630495800000,47676.6,47710.3,47619,47628.7,34.37527037
1630496700000,47628.7,47748.7,47628.7,47716.5,83.28114301
1630497600000,47716.5,47810.4,47575,47655.5,48.94846909
1630498500000,47655.5,47843.5,47655.5,47780.4,56.77128068
1630499400000,47780.4,47828.4,47700,47703.7,26.73647397
1630500300000,47706.4,47764.6,47688.8,47713.1,25.73412428
1630501200000,47713.2,47789,47574,47578.7,84.49231932
1630502100000,47578.7,47646,47306,47480,124.03333569
1630503000000,47480,47617.2,47480,47518.4,26.18336535
1630503900000,47518.4,47592.9,47425,47468.3,17.47864399
1630504800000,47468.2,47515,47376,47476.6,58.04682976
1630505700000,47476.6,47592.3,47470.5,47542.9,26.51897168
1630506600000,47542.9,47668.2,47393.1,47436.3,35.89534538
1630507500000,47436.3,47436.4,47266.5,47275.1,38.19687998
1630508400000,47275.1,47400.1,47275.1,47331.3,58.90065357
1630509300000,47331.3,47419.9,47331.3,47372,62.45282407
1630510200000,47372,47500,47328.1,47400.9,19.71256105
1630511100000,47400.9,47516.2,47400.9,47492.5,24.91584234
1630512000000,47492.5,47555.8,47476.4,47512.3,26.47288415
1630512900000,47512.3,47593.1,47392.9,47453.6,34.21359362
1630513800000,47453.6,48343.4,47436.9,48256.9,334.32901541
1630514700000,48256.9,48600,48256.9,48483.4,226.96312253
1630515600000,48483.4,48640,48334.3,48549.8,138.32727088
1630516500000,48549.7,48890.9,48549.7,48844.6,124.19889943
1630517400000,48844.6,48900,48703.5,48821.4,58.52079784
1630518300000,48821.4,49111,48698.9,48739,175.49634658
1630519200000,48739,48870.1,48739,48850.3,25.42441681
1630520100000,48850.3,48915.3,48715.1,48721.4,33.24428391
1630521000000,48721.4,48783.7,48659,48767.4,36.37722533
1630521900000,48767.4,48767.5,48647.4,48659.9,14.73511964
1630522800000,48660,48687.8,48457.6,48476.7,38.48444417
1630523700000,48479,48536.7,48391.5,48432.1,46.61704405
1630524600000,48432.1,48432.1,48045.6,48167.6,140.88531073
1630525500000,48167.6,48263,48129.6,48147.6,34.47423831
1630526400000,48147.6,48287.6,48105.2,48287.5,53.31130971
1630527300000,48287.5,48329.7,48210.5,48329.7,18.6720602
1630528200000,48329.8,48329.8,48210.9,48237.1,10.89301242
1630529100000,48237.1,48301.9,48214.5,48256.5,26.31317498
1630530000000,48256.5,48337.4,48237.6,48334.6,30.269215
1630530900000,48334.7,48455.6,48332.8,48401.5,21.90218495
1630531800000,48401.5,48516,48315.1,48324.9,46.96275404
1630532700000,48325,48451.2,48267.3,48428.7,19.37921322
1630533600000,48428.7,48756.4,48423.2,48731.5,44.70119916
1630534500000,48731.5,48734,48538,48580.5,27.89739877
1630535400000,48580.6,48585,48272.4,48435.2,77.48880826
1630536300000,48435.2,48518,48349.9,48418.5,56.35072383
1630537200000,48417.1,48660.2,48398,48589.9,39.47723031
1630538100000,48589.9,48671.2,48504.7,48659.4,30.66377108
1630539000000,48657.1,48693.9,48503.9,48580.3,56.48984853
1630539900000,48580.3,48886.6,48580.3,48828.9,89.9744252
1630540800000,48828.8,48981.9,48603.7,48881,101.72832935
1630541700000,48881,48953.7,48791.3,48791.3,30.7051003
1630542600000,48791.3,48891.5,48769.2,48837.7,69.26198761
1630543500000,48837.7,48838.6,48704.1,48805,57.39526983
1630544400000,48804.9,48831.3,48681.6,48742.5,65.48914294
1630545300000,48742.5,49054.6,48704.1,49040,72.25938065
1630546200000,49040,49595,49038.7,49570.3,473.67724087
1630547100000,49570.1,49800,49570.1,49709.9,304.27102033
1630548000000,49709.9,49800,49571.1,49800,198.5943824
1630548900000,49800,49851.3,49640.8,49770.3,145.10683177
1630549800000,49770.4,49873,49652.2,49652.2,115.63613264
1630550700000,49652.2,49741.2,49578.4,49583.2,73.10275075
1630551600000,49583.3,49697.1,49537.7,49669.5,57.04454227
1630552500000,49669.5,49688.9,49575.4,49576.7,27.67828934
1630553400000,49576.7,49671.5,49550.5,49610.1,71.57313004
1630554300000,49610.1,49644.5,49550.3,49568.9,31.01112979
1630555200000,49568.9,49629.3,49373,49482.3,74.95632435
1630556100000,49482.3,49482.3,49308.5,49381.5,46.2611052
1630557000000,49381.5,49458.4,49381.4,49408.7,49.580925
1630557900000,49408.7,49448.7,49381.4,49389.8,25.49318118
1630558800000,49389.8,49603.8,49364.7,49603.8,77.62667873
1630559700000,49603.8,49679.2,49522.8,49538.2,81.96177579
1630560600000,49538.1,49618.8,49484.6,49530.4,72.30023505
1630561500000,49530.4,49607,49425,49453.5,77.43248704
1630562400000,49453.5,49640,49427.1,49636,86.22640277
1630563300000,49636,49713.6,49565.1,49692.1,139.91187775
1630564200000,49692.1,49792.5,49616.7,49783.4,142.61338474
1630565100000,49783.4,50017.7,49731.9,49965.6,555.30638458
1630566000000,49965.6,50234,49949.9,50221.5,361.77017536
1630566900000,50221.5,50376.7,50106,50227.4,253.75406583
1630567800000,50227.5,50227.5,49924,49928.7,124.01747755
1630568700000,49922.1,49968.4,49682,49854.4,200.70360447
1630569600000,49854.4,49949.5,49750,49868.7,156.25041966
1630570500000,49868.7,50100,49868.7,50100,102.24789684
1630571400000,50100,50176,50000.1,50163.9,118.1991781
1630572300000,50163.6,50200,50015.9,50095,138.83801094
1630573200000,50095,50123.2,49803.8,49835.1,110.51497193
1630574100000,49835.1,49907.1,49741,49779.7,179.99255878
1630575000000,49779.7,49930.1,49717.2,49739.2,96.82337513
1630575900000,49739.1,49833,49702.5,49818.3,27.11067633
1630576800000,49818.3,49882.6,49735.8,49849.6,27.98703655
1630577700000,49849.6,49849.6,49743.9,49813.5,23.08114697
1630578600000,49813.5,50046.1,49778.2,49945.6,84.41313159
1630579500000,49945.5,50078,49942.4,50032.3,680.84533768
1630580400000,50032.3,50032.3,49856.9,49864,690.28894829
1630581300000,49864,49958.1,49815.9,49958.1,734.21514382
1630582200000,49958,50089.5,49900.2,50065.4,424.82373611
1630583100000,50065.4,50156,50031.9,50075.2,626.70785857
1630584000000,50075.2,50195,50036.6,50123.6,365.17206888
1630584900000,50123.6,50207.1,49967,50048.7,463.87869741
1630585800000,50048.6,50048.7,49855.8,49924.1,266.59677059
1630586700000,49924.1,50022,49844.5,49999.7,395.75034407
1630587600000,49999.7,50068,49952.7,50041.4,363.56301827
1630588500000,50041.4,50156.7,50024.7,50156.6,161.06842935
1630589400000,50156.7,50179.3,50044.7,50048.6,310.31415127
1630590300000,50048.6,50142.4,50048.5,50116.6,259.18243209
1630591200000,50116.6,50373.5,49851.5,50240.7,472.20528353
1630592100000,50240.7,50243.2,49872.3,49998.3,594.94699105
1630593000000,49998.3,49998.3,49507.5,49567.8,744.51934546
1630593900000,49567.7,49719.2,49390,49534.1,498.59776884
1630594800000,49534.1,49638.1,49198.3,49563.7,368.34884686
1630595700000,49563.8,49739.3,49516.6,49671,311.43056534
1630596600000,49671,49710.9,49560.4,49610.8,470.02092298
1630597500000,49610.9,49740.5,49538.8,49546.4,263.79221129
1630598400000,49546.5,49683,49411.2,49682.9,175.8222576
1630599300000,49683,49740.3,49664,49682.9,443.11722981
1630600200000,49683,49683,49550.7,49551.8,423.19566185
1630601100000,49551.9,49635,49549,49596.5,313.4994537
1630602000000,49596.6,49603.6,49490,49502.4,376.21264176
1630602900000,49502.5,49557,49417,49490.9,246.7113268
1630603800000,49491,49548.4,49414,49427.9,18.128816
1630604700000,49427.9,49555.2,49274.7,49519.6,129.05779918
1630605600000,49519.7,49572.5,49418.8,49452.4,21.28508012
1630606500000,49452.4,49473.7,49202.8,49256,60.89831129
1630607400000,49255.9,49364.9,49210,49334.7,21.85460136
1630608300000,49334.7,49370.8,49289.7,49370.8,6.90731826
1630609200000,49370.8,49428.4,49307.3,49428.3,14.02413549
1630610100000,49428.3,49447.6,49358.7,49390.5,11.73818677
1630611000000,49390.6,49421.5,49312.1,49346.8,27.29116033
1630611900000,49346.8,49394.9,49249.7,49346.8,17.08068047
1630612800000,49346.8,49591.7,49275,49512.9,22.09281311
1630613700000,49512.9,49569.2,49423.6,49550.7,7.49228174
1630614600000,49550.7,49663.6,49516.9,49516.9,21.1517729
1630615500000,49516.9,49610.8,49496,49548.3,8.26357509
1630616400000,49548.3,49618.9,49535.6,49580.2,11.54852971
1630617300000,49580.2,49587,49533.2,49560.6,6.97670051
1630618200000,49560.6,49683,49529.1,49678.1,16.16002727
1630619100000,49678.2,49844.7,49668.4,49817.3,47.70428281
1630620000000,49817.3,49817.4,49688.4,49716.4,12.84162864
1630620900000,49716.5,49793.2,49623.2,49623.3,23.31875927
1630621800000,49623.3,49744.5,49623.3,49735.6,8.30383863
1630622700000,49735.7,49750.1,49690.8,49694.8,7.48864892
1630623600000,49694.9,49694.9,49530.6,49543.9,19.1719249
1630624500000,49544,49567.7,49270.8,49289.8,22.2491815
1630625400000,49298.7,49371.7,49241.1,49289.7,23.29969954
1630626300000,49289.8,49370.7,49247.6,49251.1,16.45154956
1630627200000,49251.1,49380.5,49183.6,49380.5,40.62865377
1630628100000,49380.5,49385.6,49237.7,49295.5,61.43546329
1630629000000,49295.5,49298.3,48477.8,48605.2,457.44838067
1630629900000,48603.9,48724.9,48523.3,48571.5,301.145858
1630630800000,48571.5,48704.5,48535.4,48559.3,90.81399982
1630631700000,48559.3,48634,48382.1,48466,158.07154359
1630632600000,48466,48629.1,48319.2,48542.7,167.60290362
1630633500000,48542.7,48622.5,48521,48547.5,64.31479822
1630634400000,48547.6,48702.7,48504.4,48686.8,46.44008361
1630635300000,48686.7,48927.1,48667.5,48885.9,162.26828193
1630636200000,48885.9,48909.6,48788.8,48893.2,279.56896222
1630637100000,48893.2,48993.1,48836.2,48979.3,61.44448646
1630638000000,48979.4,49067.6,48927.8,49022.9,596.46087597
1630638900000,49023,49023,48955.6,48977.8,461.79217821
1630639800000,48977.8,49209.2,48977.8,49195.6,195.62695048
1630640700000,49195.6,49509.3,49190.8,49486.9,526.06753102
1630641600000,49486.9,49590,49406.8,49528.6,353.20036141
1630642500000,49528.6,49587.3,49490.3,49490.3,164.4307063
1630643400000,49490.3,49651.1,49489.3,49620,62.25902621
1630644300000,49620,49738.9,49620,49710.9,130.88678197
1630645200000,49710.9,49717.6,49629.5,49689.6,54.44279935
1630646100000,49689.5,49689.5,49503.1,49559.6,188.09338465
1630647000000,49559.5,49615.2,49400,49400,33.06111877
1630647900000,49400,49527.1,49391.1,49458.2,105.91743604
1630648800000,49458.2,49595.4,49457.9,49509.5,167.65295216
1630649700000,49509.5,49519.2,49418.5,49420.8,148.02474195
1630650600000,49420.8,49517,49408,49410.4,87.93161444
1630651500000,49410.4,49447.6,49306.1,49395.1,46.9131942
1630652400000,49395.1,49470,49282.8,49322.9,44.33780781
1630653300000,49322.9,49402.9,49303.2,49363.4,228.15021932
1630654200000,49363.3,49549.9,49304,49461.4,104.32072617
1630655100000,49461.5,49470,49220.3,49308,98.35211958
1630656000000,49308,49478.6,49255.9,49451.9,95.38313522
1630656900000,49452,49490.8,49319.7,49333.6,193.90143078
1630657800000,49333.6,49490.1,49311,49456.6,55.09094265
1630658700000,49456.7,50032,49456.6,49992.7,387.04798317
1630659600000,49992.7,50041,49832.3,49975.1,189.65138368
1630660500000,49975.2,50134,49940,50061.7,328.6200381
1630661400000,50061.6,50148.9,49821.6,49917.6,182.77444902
1630662300000,49922.4,50109.4,49895.5,50100,110.86458722
1630663200000,50100,50138.4,49925.1,49999.2,92.87078041
1630664100000,49999.1,50179,49947.4,50081.8,214.78590131
1630665000000,50081.9,50525.4,50037.5,50365.3,402.23484164
1630665900000,50357.1,50367.9,49600,49859.3,570.73037161
1630666800000,49859.3,49960.5,49509.1,49706.2,110.28735903
1630667700000,49706.3,49873.8,49651.1,49770.3,224.05279262
1630668600000,49770.3,49989.7,49749.4,49970.2,46.28250217
1630669500000,49970.2,50243.9,49933.9,50165,97.3951015
1630670400000,50165,50356.2,50134,50328.8,77.96738851
1630671300000,50331.6,50350.5,49894.6,50089.8,180.66929539
1630672200000,50089.8,50873.9,50089.8,50703.9,528.19577252
1630673100000,50703.8,50836.6,50628.8,50645.5,81.80585484
1630674000000,50645.6,50888.7,50645.5,50850,60.41467286
1630674900000,50852.6,50928.6,50732.2,50763.4,244.09250712
1630675800000,50758.6,50809.8,50637.4,50677.3,37.69300541
1630676700000,50677.2,50777.8,50548.9,50720.4,43.01919762
1630677600000,50720.3,50829,50589,50742.2,111.29812502
1630678500000,50741.9,50934.9,50720.2,50916,170.40360114
1630679400000,50916.1,51049.4,50197.9,50610.2,445.17068535
1630680300000,50610.2,50722,50417.9,50700.9,90.08436458
1630681200000,50701,50833.3,50672.1,50816,58.15617077
1630682100000,50816.2,50824.3,50727.5,50762.7,135.44309813
1630683000000,50762.7,50791.5,50550,50589.9,357.56935208
1630683900000,50589.8,50642.7,50546.7,50551.6,274.99727646
1630684800000,50551.6,50671.6,50471.5,50554,430.26636368
1630685700000,50554,50623.7,50474.6,50601.9,323.48344639
1630686600000,50601.9,50718.2,50582.5,50625.9,249.01828926
1630687500000,50625.9,50625.9,50455.4,50479.6,251.72539747
1630688400000,50479.6,50565.9,50470,50543.8,307.31490395
1630689300000,50543.8,50594.7,50510.2,50546.9,115.82660541
1630690200000,50546.9,50570.7,50492.5,50533.6,144.66131007
1630691100000,50533.6,50533.6,50311.6,50393.1,251.14014812
1630692000000,50393,50429.4,50216.7,50350.6,369.62654044
1630692900000,50350.6,50465.2,50336.4,50345,171.89143251
1630693800000,50342.7,50402.6,50297.1,50388.5,222.68954504
1630694700000,50388.4,50565.9,50239.9,50464.4,180.49397984
1630695600000,50464.5,50464.5,50294.5,50316.7,244.20161321
1630696500000,50316.6,50455.6,50264,50430.7,349.1029925
1630697400000,50430.7,50483.8,50383.7,50417.1,327.99580832
1630698300000,50417,50536.6,50367,50529.8,221.86021343
1630699200000,50529.8,50529.8,50376.3,50414.7,350.7228139
1630700100000,50414.6,50414.8,50020,50110.1,322.65079149
1630701000000,50110,50195.1,50079.5,50095.1,495.03886404
1630701900000,50095.1,50185.5,50056.2,50123.5,168.0982278
1630702800000,50123.5,50220,50120.4,50151.8,199.09408583
1630703700000,50151.8,50207.9,50042.4,50096.6,221.26238191
1630704600000,50096.6,50174.6,50001.3,50122.8,350.4240694
1630705500000,50122.8,50247.9,50046.2,50239.2,374.01276683
1630706400000,50239.1,50239.2,49727.1,49727.1,392.04883317
1630707300000,49727.1,49909,49581,49796.7,274.24446681
1630708200000,49796.7,49935.3,49662.2,49686.2,509.94829999
1630709100000,49686.2,49787.2,49617.4,49686.1,258.22159967
1630710000000,49686.1,49756,49606.4,49606.5,260.85879841
1630710900000,49606.5,49806.2,49570.9,49719.8,296.41770419
1630711800000,49719.8,49796.7,49669.4,49796.7,392.84832414
1630712700000,49796.7,50034,49796.6,49990.2,377.77848072
1630713600000,49990.2,50007.8,49688.2,49778.8,564.72976874
1630714500000,49778.9,50150.6,49778,50046.2,431.50954731
1630715400000,50046.2,50079.8,49916.9,49924.7,321.99466447
1630716300000,49924.7,49979,49889.9,49925.9,299.54185418
1630717200000,49925.9,49925.9,49748.1,49748.1,207.84840786
1630718100000,49757.8,49815,49627.8,49631.8,362.21683679
1630719000000,49631.8,49789.1,49567.9,49789.1,251.22380225
1630719900000,49789.1,49801.5,49674.4,49687.7,311.14979741
1630720800000,49687.7,49772.7,49593.8,49763.8,426.43644462
1630721700000,49763.8,49906.8,49758.1,49898.8,325.14904664
1630722600000,49898.8,49940.3,49815.8,49913.9,286.08246899
1630723500000,49913.9,50127,49913.9,50126.9,257.84050441
1630724400000,50126.9,50126.9,50033.8,50091.1,76.77135376
1630725300000,50091.1,50139.8,50026.6,50060.4,195.736475
1630726200000,50060.4,50358.3,50031.4,50328.9,226.30545258
1630727100000,50328.9,50351.6,50239.3,50286.4,282.81211721
1630728000000,50286.4,50348.7,50214.3,50310.4,228.46531806
1630728900000,50310.5,50450.9,50310.5,50344.3,304.67758428
1630729800000,50344.2,50463.9,50311,50416,269.26029472
1630730700000,50416,50416,50300.6,50331,165.35820353
1630731600000,50331,50331,50166.1,50185.5,221.32227646
1630732500000,50180.6,50291.1,50166.2,50224,310.54951447
1630733400000,50224,50353.8,50223.9,50291.1,190.39665642
1630734300000,50291.1,50300.8,50224.9,50282.3,204.00654697
1630735200000,50282.3,50334.3,50187.1,50319.7,218.51819201
1630736100000,50319.8,50339.2,50224.4,50234,341.90159504
1630737000000,50234,50252.7,50175.8,50233.6,100.15614227
1630737900000,50233.6,50334,50233.5,50325.7,213.128188
1630738800000,50325.8,50437.9,50239.9,50245.7,92.20933659
1630739700000,50245.6,50288.2,50095.2,50253.7,467.44496212
1630740600000,50253.7,50253.7,50154.3,50154.3,130.14804064
1630741500000,50154.3,50228.6,50154.3,50195.1,118.78141382
1630742400000,50195,50195.1,49937.5,49994,569.20475434
1630743300000,49993.9,50156.6,49974.5,50083.6,311.14085934
1630744200000,50083.6,50223.7,50083.5,50192.3,231.59946259
1630745100000,50192.3,50199.9,50093.7,50093.8,218.72948362
1630746000000,50093.8,50328.4,50036.6,50296,264.69996539
1630746900000,50296.1,50344,50258.1,50266.6,422.00327562
1630747800000,50266.6,50376.8,50253.8,50368.5,279.00664252
1630748700000,50368.4,50446.9,50348.6,50418.6,91.34562657
1630749600000,50418.5,50535.4,50324.6,50324.6,126.99933395
1630750500000,50324.7,50428.3,50256.9,50309.4,186.58896379
1630751400000,50309.3,50346.1,50233.5,50239.1,59.36930461
1630752300000,50239.1,50239.1,49774.5,49779.6,275.57149812
1630753200000,49779.6,49904.2,49693.8,49853.5,186.73032193
1630754100000,49853.4,50070,49846.9,49903.3,182.04389652
1630755000000,49903.4,49945,49783.9,49801.3,145.20975925
1630755900000,49801.3,49953.8,49798.6,49900.8,43.06628174
1630756800000,49900.8,50043.7,49885.5,49933.9,55.32647677
1630757700000,49933.8,50142.8,49911,50126.8,183.67525261
1630758600000,50126.9,50300,50118.6,50233.8,81.60213225
1630759500000,50233.8,50311.7,50190.3,50238.3,35.09943769
1630760400000,50238.4,50281.5,50213.8,50214.5,41.57854966
1630761300000,50214.4,50252.7,50134.5,50142.1,146.3485748
1630762200000,50137.8,50224,50061.2,50224,112.66645834
1630763100000,50223.9,50267,50190.3,50190.3,52.00338059
1630764000000,50190.4,50199.9,49902.1,49940.7,140.14434632
1630764900000,49940.7,49952.3,49827.7,49892.5,164.92590348
1630765800000,49892.4,50037.8,49881.9,49957.8,147.16784614
1630766700000,49957.8,50060.6,49950.1,49962.1,49.714829
1630767600000,49962.1,50121.5,49878.1,49930.9,80.99554231
1630768500000,49930.9,50046.2,49906.2,49964.5,120.5407915
1630769400000,49964.6,49998.1,49746,49844.6,114.14889378
1630770300000,49846.6,49918.3,49792.4,49871.8,41.25404881
1630771200000,49871.7,49998.6,49729.4,49941.6,367.2174622
1630772100000,49941.6,50043.9,49911.7,49940.6,149.13420817
1630773000000,49940.6,49971.1,49815.8,49849.3,156.22802451
1630773900000,49849.4,49921.4,49772.9,49810.6,28.72832875
1630774800000,49810.5,49841.3,49622.4,49686.1,56.87970186
1630775700000,49681.4,49700.7,49350,49571.6,343.32517526
1630776600000,49571.6,49726.5,49530,49665.1,133.67835273
1630777500000,49665.2,49965.1,49622.5,49955.4,55.5749829
1630778400000,49955.4,50023.1,49898,49917,38.66891004
1630779300000,49917,49972.8,49864.2,49898.1,86.04749543
1630780200000,49898.1,49970.2,49883.5,49917.1,81.07941812
1630781100000,49917.1,49963.9,49845.1,49873.8,19.37081548
1630782000000,49873.8,49897.8,49645.2,49657.8,22.38234404
1630782900000,49657.8,49857.7,49625,49777.8,79.4185559
1630783800000,49773,49897.9,49749.1,49888.3,118.63976999
1630784700000,49888.3,49993.7,49801.8,49976.7,25.40278562
1630785600000,49976.7,50236.5,49955.4,50136.4,83.87279248
1630786500000,50136.3,50151.4,50028.4,50064.9,15.21867349
1630787400000,50064.9,50156.2,50046.8,50136.9,124.00852434
1630788300000,50136.9,50209.4,50132.1,50160.9,15.86278801
1630789200000,50161,50208.5,50078.4,50078.4,16.21338256
1630790100000,50077.1,50204.2,50074.5,50170.5,14.84379255
1630791000000,50170.5,50179.9,50122.5,50161.8,117.98181776
1630791900000,50161.9,50228,50153.1,50213.8,12.78099754
1630792800000,50213.8,50274.8,50112.9,50223.3,16.16920166
1630793700000,50223.5,50237.2,50089,50185,12.56553444
1630794600000,50185,50185,49858.5,49997.7,144.72373978
1630795500000,49997.7,50012.2,49825.9,49858.9,27.69675188
1630796400000,49859,49901.7,49771.1,49832.2,12.24820019
1630797300000,49832.3,49881.9,49730.4,49853.6,46.88096371
1630798200000,49853.7,49949.7,49823.7,49891.5,120.62604605
1630799100000,49891.5,50026.7,49855,49906.5,23.2872559
1630800000000,49906.6,49944.9,49811.4,49837.7,190.0471129
1630800900000,49837.6,50137,49767.4,50107.7,148.36446079
1630801800000,50107.6,50200,50044.1,50199.8,256.68305325
1630802700000,50199.8,50237.2,50116.6,50151.4,389.50613285
1630803600000,50156.1,50187.2,50044.1,50044.8,458.35385572
1630804500000,50044.8,50090.5,49973.7,50041.2,299.6501077
1630805400000,50041.3,50045.1,49916,49997.6,385.52014614
1630806300000,49997.6,50150,49988.4,50103.3,325.91355124
1630807200000,50103.3,50170.4,50051.1,50161.6,258.27719808
1630808100000,50161.6,50200.6,50090.6,50172.7,389.59746435
1630809000000,50172.7,50300,50155.6,50180.3,330.94041164
1630809900000,50180.2,50218.7,50093.8,50101,340.22391056
1630810800000,50101.1,50130.4,49850.1,49900,392.00508038
1630811700000,49900,49900,49750,49796.3,503.07973044
1630812600000,49796.2,49853.8,49702.4,49772,370.22835655
1630813500000,49772,49772,49650,49666.8,269.93195553
1630814400000,49666.8,49902.5,49632.8,49791.2,256.98670216
1630815300000,49789.4,49833.9,49700.8,49796.1,110.410081
1630816200000,49796.1,49850,49743.3,49770.7,46.75030822
1630817100000,49770.6,49849,49731,49831.4,41.4092992
1630818000000,49831.4,49849,49757.7,49789.6,41.58475453
1630818900000,49789.6,49789.6,49670,49747.9,72.87675865
1630819800000,49748,49751.3,49598.5,49673.9,51.59920986
1630820700000,49673.9,49716.9,49614.9,49685.7,31.61666992
1630821600000,49685.6,49721.2,49567.1,49580.2,26.03965918
1630822500000,49580.2,49649.9,49450,49649.9,61.50288208
1630823400000,49649.9,49809.9,49628.1,49805.6,43.48072129
1630824300000,49805.6,49897,49757.8,49855,110.41507463
1630825200000,49854.9,49992.9,49812.4,49973.7,67.00747167
1630826100000,49973.7,50040,49935.9,49944.9,44.68837191
1630827000000,49944.9,49975.2,49860.2,49860.2,20.25650036
1630827900000,49863.3,49900.2,49788.5,49853.7,17.33580341
1630828800000,49853.7,49987.1,49819.2,49987,47.16993444
1630829700000,49987,50000,49892.1,49932.4,31.76998085
1630830600000,49932.3,50088.7,49930.7,50045.8,72.74228415
1630831500000,50045.7,50156,50007.3,50146.2,89.34493572
1630832400000,50146.1,50180,50059,50059.1,49.77131684
1630833300000,50059.1,50140.1,50026.6,50127,43.78936115
1630834200000,50122.6,50209,50074.5,50122.4,51.75101333
1630835100000,50122.4,50224.6,50122.3,50132.2,49.36819357
1630836000000,50132.2,50200,50106.7,50174,47.65647032
1630836900000,50173.9,50250,50151.9,50166.2,118.28415451
1630837800000,50166.2,50180.6,49983.9,50055.9,78.78631869
1630838700000,50060.1,50060.2,49940.7,49998.1,83.32837198
1630839600000,49998.2,50118.1,49921.4,50113.5,78.0355921
1630840500000,50113.5,50398.7,49860.1,49993.4,310.42598994
1630841400000,49993.5,50216.2,49979.6,50176.4,110.3766614
1630842300000,50176.4,50204.5,50123,50195,36.92324569
1630843200000,50197.6,50251.9,50118.3,50173.8,90.85199096
1630844100000,50173.8,50254.1,50095.8,50175.9,94.06492694
1630845000000,50175.9,50220.9,50022.3,50057,103.43842086
1630845900000,50056.9,50103.9,50019.3,50103.9,71.57282688
1630846800000,50103.8,50157.3,50046.7,50089.3,45.93033251
1630847700000,50089.2,50099.2,50047.2,50084.8,45.43146261
1630848600000,50084.7,50233.5,50070.1,50233.4,53.28677075
1630849500000,50229.6,50255.6,50161.5,50175.8,85.67177425
1630850400000,50175.8,50371.8,50132.5,50363,121.06616938
1630851300000,50363,50450.9,50252.6,50442.4,180.64607058
1630852200000,50442.5,50480.8,50321,50363.2,141.85706856
1630853100000,50363.2,50392,50147,50248.6,156.48575392
1630854000000,50248.5,50319.1,50210,50257.4,53.16201644
1630854900000,50257.5,50343.6,50156.7,50233.4,43.60792711
1630855800000,50233.5,50322.9,50059.2,50322.8,83.36853793
1630856700000,50322.9,50363.1,50148.6,50217.8,44.75755465
1630857600000,50217.8,50279.9,50118.2,50151.9,54.53765103
1630858500000,50151.9,50257.6,50113.4,50227.1,35.97677613
1630859400000,50227,50346.5,50209.3,50271.5,45.63791099
1630860300000,50271.5,50400,50262.2,50360.3,40.10120295
1630861200000,50360.3,50446.6,50286.7,50296.9,65.39837557
1630862100000,50296.9,50353.6,50285.8,50339.4,33.12341523
1630863000000,50339.4,50383.1,50281.8,50286.4,13.97915923
1630863900000,50286.4,50363.1,50286.4,50296,13.91668852
1630864800000,50296,50315.1,50248.1,50253.7,13.05293318
1630865700000,50253.7,50320,50239.9,50310.3,19.50047438
1630866600000,50310.3,50401.6,50295.8,50396.6,34.54645812
1630867500000,50396.6,50430.1,50345.2,50345.2,29.68834604
1630868400000,50345.3,50665.5,50345.2,50562.5,100.50236901
1630869300000,50556.4,50866,50550.2,50771.1,134.58546116
1630870200000,50771.1,50843.1,50693.1,50718.2,47.01466662
1630871100000,50718.1,50747.1,50646.3,50678.6,15.93305378
1630872000000,50678.7,50822.7,50642.6,50814.4,15.62745063
1630872900000,50822.4,50990.1,50750.5,50914.6,55.5108172
1630873800000,50914.7,50980.5,50860.4,50906.4,22.18037243
1630874700000,50906.3,51707.6,50874.9,51644.4,526.20150639
1630875600000,51644.5,51847.3,51514.8,51631.7,158.45244834
1630876500000,51631.8,51649.2,51468,51495.6,30.39731555
1630877400000,51495.6,51632.7,51495.5,51632.7,32.72476429
1630878300000,51634.8,51725.6,51604.8,51711.6,28.10049045
1630879200000,51711.5,51716.4,51589.8,51700.6,36.29241805
1630880100000,51700.6,51771.9,51607.5,51686.4,30.45196169
1630881000000,51686.3,51727.9,51639.6,51722.5,41.31131841
1630881900000,51722.5,51875.8,51703.4,51821.6,32.64519554
1630882800000,51821.7,51846,51739.6,51760.1,25.5516051
1630883700000,51760,51887.3,51629.9,51692.5,79.19719274
1630884600000,51692.6,51742.9,51596.4,51735.6,29.15645306
1630885500000,51735.6,51783,51673.2,51769.2,24.34360088
1630886400000,51769.2,51878.3,51682.9,51858.8,76.43346395
1630887300000,51858.8,51858.8,51475.1,51651.9,102.13054128
1630888200000,51651.9,51780,51604.4,51779.9,71.50331901
1630889100000,51780,51845.6,51700.1,51748.6,120.36912042
1630890000000,51748.5,51795.5,51644.7,51786.1,117.89493435
1630890900000,51786,51937.1,51723.9,51843.4,114.08502861
1630891800000,51843.4,51916.2,51745.2,51753.4,775.47529573
1630892700000,51753.3,51831.7,51729.2,51809.9,336.32448714
1630893600000,51809.9,51843.4,51759.2,51796.7,491.24121713
1630894500000,51796.7,51796.7,51673.2,51725,413.05069703
1630895400000,51725,51786.4,51710.6,51720.1,295.70674145
1630896300000,51720,51720,51630.4,51666.7,508.67502338
1630897200000,51666.7,51742.7,51651.7,51732.3,554.97358115
1630898100000,51732.4,51739.4,51640.7,51667.1,1043.06819607
1630899000000,51667.1,51727.8,51560.2,51568.8,655.79397765
1630899900000,51568.9,51600,51459.6,51599.2,484.93980168
1630900800000,51599.2,51680.1,51557.4,51663.6,524.98067347
1630901700000,51663.7,51719.4,51626.9,51719.4,315.65870543
1630902600000,51719.3,51719.3,51671.9,51713.4,129.54001204
1630903500000,51713.5,51713.5,51622.3,51689.2,447.26779813
1630904400000,51689.2,51697.8,51620.2,51643.4,252.8901688
1630905300000,51643.4,51780.1,51643.4,51774.3,35.59595212
1630906200000,51774.3,51776,51716.4,51771.2,16.01699343
1630907100000,51771.2,51771.3,51734.8,51764.6,31.70680856
1630908000000,51764.6,51833.1,51744.6,51787.1,47.06659539
1630908900000,51787.1,51787.1,51731.4,51749.9,10.0079951
1630909800000,51749.9,51860.6,51739.3,51851.3,34.27447735
1630910700000,51851.2,51895.1,51809.5,51842.8,28.75812259
1630911600000,51842.8,51842.8,51812.3,51826.3,20.29839516
1630912500000,51826.3,51826.3,51734.4,51750,19.3109093
1630913400000,51750,51913.9,51730.6,51913.8,51.4864278
1630914300000,51913.8,52000,51685.1,51802.5,144.84361817
1630915200000,51802.5,51802.5,51656.6,51677.1,80.4773502
1630916100000,51679.7,51722.5,51630.9,51696.2,33.32028016
1630917000000,51697.6,51748.2,51666.8,51718.7,41.95401204
1630917900000,51718.7,51729.1,51654.5,51671.2,40.75926319
1630918800000,51671.1,51767.2,51631.3,51761.6,35.96570747
1630919700000,51761.6,51794,51713.5,51739.6,47.58275083
1630920600000,51739.6,51872.8,51713.6,51870,33.72111456
1630921500000,51871.3,51871.4,51803.3,51827.9,46.75778155
1630922400000,51824.5,51832.7,51770,51817.5,53.1932053
1630923300000,51817.5,51817.5,51723.1,51770.5,46.73703714
1630924200000,51770.5,51824.3,51697.8,51765.5,54.90202745
1630925100000,51765.4,51796.7,51734.5,51793,32.27199276
1630926000000,51793,51963,51775.9,51942.2,100.88944579
1630926900000,51942.2,52198.1,51609.5,51650,375.35270644
1630927800000,51650,51730.3,51254.5,51474.2,365.19599169
1630928700000,51474.2,51556.9,51304.5,51394.5,133.10575334
1630929600000,51394.5,51394.5,50983.9,51251.1,370.74526124
1630930500000,51251.1,51410.4,51218,51342.6,147.32195501
1630931400000,51342.6,51527.2,51316.6,51368.7,142.77967362
1630932300000,51368.7,51389.6,51243.2,51348,95.74081165
1630933200000,51353.2,51425,51285.4,51288,56.29708311
1630934100000,51288,51329,51150.3,51219.6,130.55825011
1630935000000,51219.6,51387.3,51193.9,51387.3,34.18106386
1630935900000,51387.3,51500,51351,51473.3,52.28993146
1630936800000,51473.3,51671.3,51431.1,51656.9,82.43724488
1630937700000,51656.9,51712.4,51607.3,51618.9,96.43963571
1630938600000,51618.9,51660,51521.9,51556.1,45.38987676
1630939500000,51556.1,51709.1,51547.8,51701.6,69.29349156
1630940400000,51701.5,51711.9,51634.5,51694,84.18579573
1630941300000,51694,51694,51582,51617,52.99309169
1630942200000,51617,51669.2,51551,51669.2,60.94036601
1630943100000,51669.2,51681.5,51567.3,51607.3,47.61106068
1630944000000,51607.3,51736.9,51477.9,51528.2,159.29431314
1630944900000,51530,51641.5,51519.5,51611.9,47.66174278
1630945800000,51608.9,51685.6,51601,51601.1,27.52509177
1630946700000,51601.1,51639.2,51478.1,51553.4,45.86378783
1630947600000,51553.5,51649.6,51527,51626.2,39.91364932
1630948500000,51626.2,51690.5,51607.3,51654.8,40.54903573
1630949400000,51654.8,51691.2,51621.7,51678.2,30.73638418
1630950300000,51678.3,51698,51613.9,51680.8,38.65932239
1630951200000,51680.8,51740.4,51630.1,51696.3,48.05149615
1630952100000,51696.3,51696.4,51605,51665.1,60.02191756
1630953000000,51665.1,51748.4,51647.5,51701.5,48.41706899
1630953900000,51701.6,51880.2,51701.6,51834.9,60.20728272
1630954800000,51834.9,52037.7,51782.7,52024,92.30808376
1630955700000,52029,52047.4,51919.4,51972.1,162.12657251
1630956600000,51972.2,51987.6,51700,51751.3,200.62860736
1630957500000,51751.4,51779.6,51705.6,51722.4,44.80461494
1630958400000,51722.3,51768.1,51647.3,51675.6,23.50698892
1630959300000,51679,51934.5,51639.1,51830,88.08535371
1630960200000,51830.1,51920,51819.9,51888.8,13.40086163
1630961100000,51888.8,51971.4,51863,51920.1,7.2138188
1630962000000,51920,51971.9,51909.4,51935.5,8.00552813
1630962900000,51935.6,51956.3,51844.2,51857.7,7.9189764
1630963800000,51857.6,52143.6,51852.3,52076,45.71919421
1630964700000,52075.9,52137.1,52018.7,52097.5,17.02669429
1630965600000,52097.5,52492.6,52078.6,52259.8,217.03884957
1630966500000,52259.7,52600.6,52259.7,52504.2,170.44111592
1630967400000,52501.3,52628.5,52439,52500,64.8250659
1630968300000,52504.2,52593,52448.1,52591.6,43.57332242
1630969200000,52591.6,52694,52338.7,52436.6,88.33299237
1630970100000,52436.6,52587.4,52389.9,52539.9,51.90124786
1630971000000,52539.9,52784,52519.8,52642.1,76.14221492
1630971900000,52639.4,52717.5,52605.1,52667.3,50.91421713
1630972800000,52667.3,52753.9,52561.4,52655.1,155.30156576
1630973700000,52652.2,52670.7,52447.1,52473.2,126.11859363
1630974600000,52473.2,52534.2,52378.8,52385.6,104.68077945
1630975500000,52388.6,52550,52384.5,52501.8,57.68372136
1630976400000,52501.7,52637,52466.3,52626.2,51.67188164
1630977300000,52626.2,52711.8,52582.6,52587.4,743.74831019
1630978200000,52587.4,52596.7,52526,52536.1,351.25168304
1630979100000,52536.2,52580.8,52441.8,52504.3,518.93851877
1630980000000,52504.3,52649.9,52504.3,52648.2,162.63185745
1630980900000,52648.3,52675.1,52603.1,52660.4,466.4018533
1630981800000,52660.3,52788,52660.2,52730.9,634.69450721
1630982700000,52731.8,52833.8,52633.5,52700.2,423.72826723
1630983600000,52700.1,52887.2,52700.1,52779.9,876.48710653
1630984500000,52780,52920.3,52692.2,52692.2,524.20866565
1630985400000,52692.3,52769.5,52625.6,52627,269.37705278
1630986300000,52625.8,52688.1,52625.1,52658,499.83318433
1630987200000,52657.9,52686.4,52549.7,52644.7,675.55353155
1630988100000,52644.7,52686.2,52549.7,52566.7,518.51623039
1630989000000,52566.6,52649.8,52552.1,52644.6,459.8882979
1630989900000,52644.6,52684.9,52500.4,52525.2,438.41060052
1630990800000,52525.2,52542.7,52400.1,52488.7,51.49244151
1630991700000,52488.7,52598,52447.1,52568.5,48.22163421
1630992600000,52568.5,52628.4,52504.4,52610.8,33.65411101
1630993500000,52610.8,52739.1,52610.8,52670.6,96.46508654
1630994400000,52670.6,52680.7,52618,52634.2,42.97285802
1630995300000,52634.3,52634.3,52545.8,52551.2,25.94100183
1630996200000,52551.2,52650.3,52519.9,52553.3,49.56310207
1630997100000,52553.4,52572,52327.5,52343,106.5823943
1630998000000,52343.1,52421.2,52088.6,52181.9,269.93122749
1630998900000,52181.8,52300,52068.8,52296,195.5099854
1630999800000,52295.9,52393.1,52209.6,52342.8,115.05222556
1631000700000,52342.9,52438,52254.7,52341.7,164.9155801
1631001600000,52341.7,52356.8,52118.1,52118.2,162.33890777
1631002500000,52118.1,52215.5,51314,51498.5,809.59684889
1631003400000,51498.6,51639.8,51156,51247.9,1132.72542571
1631004300000,51247.9,51387.6,51184,51184.1,340.75157668
1631005200000,51184.1,51456.3,51100.4,51298.4,197.88009727
1631006100000,51298.4,51397.7,51241.1,51267.2,135.28201073
1631007000000,51267.2,51308.8,50503,50716.3,725.35675071
1631007900000,50716.3,50973.1,50677.3,50842.4,337.53826789
1631008800000,50842.4,51063,50820,50979.2,220.41972392
1631009700000,50979.2,51003.8,50790.6,50995.6,103.08951602
1631010600000,50994.8,51223.6,50932.4,51176.7,106.64751524
1631011500000,51176.7,51217.7,51067.9,51114.4,54.94890057
1631012400000,51114.4,51170,51049,51101.2,18.51541766
1631013300000,51101.3,51196.8,50988.9,51185.1,48.35723622
1631014200000,51185.1,51191.9,50956.6,51031.1,65.18069575
1631015100000,51031.2,51046.8,50911.6,50929.4,40.1340199
1631016000000,50929.4,51108.6,50885.8,50900,82.08003868
1631016900000,50917,51005,50675.3,50699.9,267.83601041
1631017800000,50699.9,50963.6,50639.9,50818.1,628.90275252
1631018700000,50818.1,51039.5,50813.9,50958.4,49.16189194
1631019600000,50958.4,51020.9,50880.5,50916.9,75.62065981
1631020500000,50916.9,51067,50886,51052,32.1659567
1631021400000,51052,51059.3,50813.9,50849.2,56.15753652
1631022300000,50849.2,50854.5,50544,50591.8,111.37365793
1631023200000,50591.7,50790.7,50342.9,50500,224.40063018
1631024100000,50497.2,50531.9,49700,49964.5,604.10197708
1631025000000,49976.7,50189.1,49745.1,49767.9,458.23643117
1631025900000,49778,49812.5,47218.7,47234.1,1954.89885676
1631026800000,47234.1,47948.3,42619.5,45649.8,7306.50621378
1631027700000,45649.8,47233.8,45203.8,46519.9,2958.82785231
1631028600000,46525.8,47637.7,46346.8,47312.9,1429.0157245
1631029500000,47307.2,47334.9,46150,46650.1,1475.45801883
1631030400000,46650,47100,46306.6,46978.2,1444.57437629
1631031300000,46978.1,47200,46715.3,46955.9,329.37865867
1631032200000,46955.9,47338.2,46833.7,47315.3,269.49687891
1631033100000,47315.3,47532.7,47244.5,47406.1,296.16443531
1631034000000,47406.1,47462.9,47103.9,47271.5,238.11198498
1631034900000,47271.5,47536.7,46589.3,46859.7,353.17472822
1631035800000,46859.7,47069.9,46673.2,46807.7,298.48314846
1631036700000,46807.7,46927.3,46599.6,46602.5,222.92142574
1631037600000,46605,46851.9,46391.8,46477.8,226.36993372
1631038500000,46477.8,46804,45946.5,46765,576.52950469
1631039400000,46765,47257.7,46544.3,47173.4,366.56988838
1631040300000,47173.3,47343.6,46825.7,46922.2,216.63595898
1631041200000,46922.1,47054.1,46763.9,47023.7,130.46837819
1631042100000,47023.7,47235.7,46977.6,47032.9,135.72392056
1631043000000,47032.9,47053.6,46711.5,46900,98.48523876
1631043900000,46900,47084.9,46540.4,46685.5,167.7907701
1631044800000,46685.6,46921.4,46613.4,46759.4,69.84421903
1631045700000,46759.4,47135,46650,46879.9,138.02397239
1631046600000,46879.9,46896.2,46308.1,46370.1,309.54704711
1631047500000,46370.1,46928.8,46272.8,46793.5,270.93914371
1631048400000,46793.5,46938.9,46616.4,46621.7,58.6432148
1631049300000,46621.7,46626.9,46092.8,46186.3,247.67787203
1631050200000,46186.4,46525.1,46143.5,46221.2,79.28348701
1631051100000,46221.1,46657,46216,46543.7,76.73522208
1631052000000,46543.7,46732.7,46304.4,46638.9,101.61369768
1631052900000,46638.9,46948.4,46543.6,46892.2,115.5571642
1631053800000,46892.2,46948.4,46750,46855.7,60.25006895
1631054700000,46855.7,46897.3,46669.9,46772.6,38.51686903
1631055600000,46772.6,46786.6,46460.4,46540.9,62.44707341
1631056500000,46543.5,47171.9,46543.5,47073,108.65443974
1631057400000,47073,47156.2,46669.4,46828.7,77.90866545
1631058300000,46828.7,47039.9,46666,46858.2,137.42743733
1631059200000,46858.2,46987.8,46427,46662.2,521.55948612
1631060100000,46662.2,46898.5,46537.4,46859.7,269.79363509
1631061000000,46864.9,47099.1,46864.9,47043.6,250.5690215
1631061900000,47043.6,47109.5,46968.1,47036.7,232.56595987
1631062800000,47036.7,47090,46734.9,46770.2,157.72834824
1631063700000,46770.1,46901.4,46703.6,46836.8,141.03457618
1631064600000,46839,47099.1,46839,47062.5,194.45549283
1631065500000,47062.6,47192.5,46937.7,47177,151.58360838
1631066400000,47178.7,47287.9,47130.1,47287.9,166.14318772
1631067300000,47287.9,47343.4,47173.1,47312.2,130.13314559
1631068200000,47312.2,47312.2,47078,47130,372.99853664
1631069100000,47130,47200,47044.1,47053.6,1077.83644018
1631070000000,47053.6,47124.5,46811.1,46849.5,1308.67903929
1631070900000,46849.5,46901.4,46266.2,46336,1861.68812237
1631071800000,46336,46508.4,46240.9,46488,1005.4279779
1631072700000,46488,46593.8,46365,46453.4,216.60455375
1631073600000,46453.4,46778.3,46297.2,46645.8,198.98366466
1631074500000,46645.8,46819.7,46615.8,46755,47.31422157
1631075400000,46755,46794.6,46662.8,46744.6,32.20547028
1631076300000,46744.6,46781,46396.1,46427.4,46.49045387
1631077200000,46427.4,46489.5,46327.8,46458.4,60.33943567
1631078100000,46458.4,46663.3,46377,46620.2,51.6013428
1631079000000,46620.2,46690.8,46235,46297.3,86.28845919
1631079900000,46297.3,46406.7,46031.6,46084.6,171.75419942
1631080800000,46084.7,46375.5,45813.7,45852.5,145.76268857
1631081700000,45852.5,46125.7,45309.1,45490.6,776.8979991
1631082600000,45490.6,45915.4,45247,45322.1,387.00505752
1631083500000,45322.2,45458.6,45001,45157.7,365.18924295
1631084400000,45157.7,45531.1,45157.6,45359.7,532.71517315
1631085300000,45359.8,45557.5,45245.3,45291.3,254.55897692
1631086200000,45291.2,45458.7,45233,45295.2,287.80012294
1631087100000,45294.9,45389.5,45036.5,45073.6,197.5229554
1631088000000,45073.7,45339.5,44781.1,44970,299.47512229
1631088900000,44971.4,45185.3,44419.9,45040.5,655.76846498
1631089800000,45047.3,45756.2,45047.3,45697.3,512.24764832
1631090700000,45697.3,46020.4,45633,45974.1,211.20129838
1631091600000,45974,46151,45728.6,45792.7,134.52830858
1631092500000,45792.7,46187.9,45792.6,45985.7,163.58605803
1631093400000,45985.8,46118.2,45969.2,46094.3,46.41406549
1631094300000,46094.3,46283,46057.9,46257.8,87.71084079
1631095200000,46257.8,46281.5,46021.5,46148.7,78.73939639
1631096100000,46148.7,46255.6,46037.1,46057.9,97.19288828
1631097000000,46057.9,46153.3,45803.4,45965,139.98870125
1631097900000,45979.3,46587.7,45979.3,46452.5,185.14772374
1631098800000,46452.5,46773.7,46341.5,46556.6,136.27794326
1631099700000,46556.6,46668.8,46458.9,46597.9,100.92847362
1631100600000,46597.9,46683.3,46404.2,46470.3,73.6081908
1631101500000,46470.3,46535.7,46368.5,46402.9,58.80824133
1631102400000,46402.9,46660.3,46400.4,46453.9,63.16823846
1631103300000,46453.8,46624.2,46453.8,46613,103.16937964
1631104200000,46613,46689.3,46449.5,46593,52.49148736
1631105100000,46593,46596.5,46130,46253.6,132.15464055
1631106000000,46253.6,46460.1,46253.6,46314.6,42.63783245
1631106900000,46314.6,46629,45638.4,46539.6,301.42712857
1631107800000,46538.8,46835,46352.4,46518.9,189.6514065
1631108700000,46518.9,46526.8,46148.2,46316,151.30881112
1631109600000,46316,46373.2,46050.8,46187.7,41.5588301
1631110500000,46187.7,46285.5,46123.5,46264.1,47.52977373
1631111400000,46264.1,46321.6,45759.3,45805.2,99.65635047
1631112300000,45805.1,45911.7,45651.6,45830.5,144.09117349
1631113200000,45830.5,46199.9,45760.7,46180.4,101.97944841
1631114100000,46180.3,46424.7,46029.5,46088.4,105.03339492
1631115000000,46083.2,46272.3,46078.1,46233,51.12520735
1631115900000,46233,46233,45876.2,46082.7,51.17745677
1631116800000,46083.3,46119.4,45858.5,46057.4,93.53227308
1631117700000,46057.3,46270.5,46036.5,46263.4,63.60747301
1631118600000,46263.3,46498.3,46223.7,46452.4,74.6225204
1631119500000,46452.5,46530.6,46351.7,46421.3,72.10939936
1631120400000,46421.3,46426.5,46314.9,46327.7,28.32768217
1631121300000,46327.7,46393.6,46145.5,46151.4,37.925745
1631122200000,46151.4,46202.9,45993.8,46130.1,60.78939786
1631123100000,46130.1,46275.5,46114.5,46203,44.52511699
1631124000000,46203,46357.8,46095.3,46236.7,24.26757755
1631124900000,46236.7,46425.6,46150.9,46304.7,38.25009211
1631125800000,46304.6,46410.9,46262.4,46296.6,23.25556438
1631126700000,46296.6,46495.8,46244.5,46495.7,16.33810874
1631127600000,46495.8,46498.5,46312.1,46415.3,19.93458887
1631128500000,46415.4,46500,46328.7,46384.9,19.08324466
1631129400000,46384.9,46415.9,46250.1,46353.7,26.14740222
1631130300000,46353.7,46465.7,46267.8,46431.6,57.09152239
1631131200000,46431.6,46431.6,45825.5,45917.6,80.2790796
1631132100000,45917.6,46144.9,45917.5,46015.7,49.88228889
1631133000000,46021,46084.2,45945.6,45984.6,30.26770563
1631133900000,45984.6,46119.7,45909.4,46041.7,36.70177412
1631134800000,46041.7,46249.7,46005.4,46237.4,51.33317771
1631135700000,46237.4,46237.4,46046.9,46135.4,28.90415774
1631136600000,46135.4,46269.8,46114.5,46121.9,12.19510625
1631137500000,46121.9,46121.9,45927.3,46047,52.14397045
1631138400000,46046.9,46332.9,45974,46301.9,55.06853072
1631139300000,46301.9,46714.3,46301.9,46683.2,135.54212066
1631140200000,46683.2,46775,46534.4,46704,60.65583498
1631141100000,46704.1,46779.3,46558.3,46605.2,43.30501878
1631142000000,46605.2,46677.9,46372.1,46417.9,97.29236905
1631142900000,46407.5,46457.6,46259.1,46341.9,31.17833594
1631143800000,46341.9,46343.8,46126.7,46126.8,56.75655564
1631144700000,46126.8,46142.4,45955.1,46054,81.10028732
1631145600000,46054,46235.4,45866.8,46006.1,301.98154512
1631146500000,46007.2,46103.1,45901.4,45960.7,192.71719613
1631147400000,45960.7,46357.8,45918.6,46094.6,343.80695153
1631148300000,46095.4,46357.7,46025.6,46339.2,192.4488122
1631149200000,46339.2,46339.3,46120.5,46120.5,94.70073716
1631150100000,46117.7,46147.1,45965.5,46125.2,180.90999144
1631151000000,46125.2,46129.6,45903.1,46014.3,90.52454417
1631151900000,46014.3,46157.8,45937.5,46102.2,127.20180378
1631152800000,46102.2,46267.2,46102.1,46220.5,82.67279889
1631153700000,46220.5,46259.5,45884.4,45975.8,102.31636834
1631154600000,45975.7,45975.7,45716.6,45825.8,220.17689485
1631155500000,45825.8,45952.5,45732.7,45742.6,116.09772498
1631156400000,45742.6,46073.1,45525.9,45792.4,376.79912474
1631157300000,45792.4,46052,45792.3,45950.7,264.96123842
1631158200000,45950.7,46053.5,45880.7,46033.9,109.87160899
1631159100000,46033.8,46070.3,45862.4,46000,158.6427443
1631160000000,46000,46166.2,45929.9,46148.3,97.54542563
1631160900000,46148.3,46226.2,46111.8,46139.7,128.20963925
1631161800000,46139.6,46200.3,46013.1,46179.5,129.80627892
1631162700000,46179.5,46314.7,46148.4,46169.1,156.2462815
1631163600000,46169.1,46174.4,46055.3,46169.1,69.84105702
1631164500000,46169.1,46326.2,46169,46202,119.89151832
1631165400000,46202,46278.3,46127.2,46254.9,87.3406915
1631166300000,46254.8,46330.3,46224,46306.9,90.80965346
1631167200000,46306.9,46351.1,46210.6,46249.9,50.94014031
1631168100000,46249.9,46250,46032.4,46039.2,52.63076199
1631169000000,46039.2,46221,46039.1,46171.7,75.23908356
1631169900000,46169.4,46210.6,46091.3,46153.5,77.51060192
1631170800000,46153.3,46153.3,45885.4,46025.7,137.5569696
1631171700000,46025.7,46257.3,46025.7,46215.2,45.84204214
1631172600000,46215.2,46241.9,46108,46153.5,16.83435295
1631173500000,46153.5,46314.7,46060,46273.2,38.12385622
1631174400000,46273.2,46491.5,46213.1,46481.1,81.47522098
1631175300000,46481.1,46550,46340.7,46460.3,67.11775125
1631176200000,46460.2,46460.3,46367.1,46373.9,26.00724405
1631177100000,46374,46375.6,46160.7,46273.1,68.15219668
1631178000000,46273.1,46382.4,46210.7,46369.2,17.50770868
1631178900000,46369.1,46387.6,46241.8,46307.3,20.29516251
1631179800000,46307.3,46339.2,46226.2,46263.2,15.46737997
1631180700000,46263.2,46392.6,46117.1,46158.9,58.00288848
1631181600000,46158.9,46184,46000,46117.3,86.75607203
1631182500000,46117.3,46127.5,45897.2,46083.6,87.95089435
1631183400000,46076.3,46164,45971.5,45987.2,59.58675066
1631184300000,45987.2,46161.7,45939.2,46161.7,51.69172048
1631185200000,46161.7,46282.5,46080.7,46257.6,30.9454721
1631186100000,46257.6,46332.3,46221.1,46314.2,28.91508859
1631187000000,46314.2,46391.4,46288.7,46391.3,28.34207658
1631187900000,46391.4,46418.8,46254,46298.6,43.2852776
1631188800000,46298.6,46554.5,46298.5,46314.9,98.84544853
1631189700000,46314.9,46373.3,45997.7,46035,96.70011479
1631190600000,46035,46035,45612.5,45737.2,202.13866642
1631191500000,45737.3,46790.6,45716.6,46668,486.15154376
1631192400000,46668,47133,46665,46914.6,341.77920568
1631193300000,46914.6,47232.5,46909.3,47116.7,156.35299588
1631194200000,47116.7,47169.4,46879.5,46970.3,94.59573308
1631195100000,46970.3,46990.9,46848.5,46878.2,56.1227595
1631196000000,46878.2,47181.9,46873.1,47080.5,52.89935073
1631196900000,47080.5,47141.9,46980,47003.1,64.35102506
1631197800000,47003.2,47075.7,46934.6,47023.7,61.06960077
1631198700000,47023.8,47058.4,46910.1,46927.8,40.09573361
1631199600000,46927.8,47033.1,46687.1,46992.7,78.07231111
1631200500000,46992.7,47040,46846.5,46883.4,42.33404115
1631201400000,46883.3,46893.9,46768.9,46832.4,40.22534029
1631202300000,46832.4,47014.3,46826.1,46988.7,48.95907165
1631203200000,46988.7,47034.2,46870.5,46919.2,65.99558885
1631204100000,46919.2,47123.2,46852.2,47082.3,65.19473005
1631205000000,47082.2,47218.6,47025.3,47150,46.6537705
1631205900000,47150,47383.9,47066.8,47199.4,89.74480836
1631206800000,47199.4,47256.6,47105.4,47162.8,63.70593122
1631207700000,47162.9,47168.1,47013.1,47059,50.74619393
1631208600000,47059,47059,46852.5,46882.2,73.30834835
1631209500000,46882.1,46934.2,46752.7,46762.6,48.17814023
1631210400000,46762.6,46819.7,46611.8,46651.3,51.3242832
1631211300000,46651.3,46746.4,46461.9,46746.4,79.5759263
1631212200000,46746.8,46808.5,46617.1,46634.8,51.68382139
1631213100000,46634.7,46698.8,46549.3,46626.9,23.73697828
1631214000000,46626.9,46670,46502.3,46510.9,38.54535173
1631214900000,46510.9,46651.8,46491.9,46570,36.15262139
1631215800000,46570,46705.3,46570,46674.1,16.29952822
1631216700000,46674.1,46674.1,46543.9,46577.6,27.94983039
1631217600000,46577.5,46641.5,46542.1,46602.9,35.13747669
1631218500000,46602.9,46616.8,46052.1,46226.6,140.83175359
1631219400000,46226.7,46341,46174.6,46299.6,30.62139982
1631220300000,46299.6,46362.9,46216.6,46257.9,43.71867366
1631221200000,46257.9,46330.7,46217.6,46322.1,23.3149436
1631222100000,46322.1,46449.4,46304.6,46408.7,12.44829108
1631223000000,46408.7,46481.6,46408.6,46460.1,9.20197796
1631223900000,46460,46485.3,46356.6,46481,10.13543403
1631224800000,46481.2,46564.7,46367,46466,18.88918717
1631225700000,46466,46466,46268.2,46348.3,18.59264608
1631226600000,46348.3,46475,46268.2,46359.3,25.8554956
1631227500000,46359.3,46518.4,46359.2,46510,11.04187357
1631228400000,46510,46623,46460.7,46601.3,7.68331765
1631229300000,46601.3,46637.7,46512.6,46549.7,10.572734
1631230200000,46554.2,46559.5,46359.9,46485.4,40.69635414
1631231100000,46485.4,46485.4,46300,46393.3,27.0212115
1631232000000,46393.3,46499.7,46263,46309.9,138.63425799
1631232900000,46309.9,46497.1,46304.6,46485.9,116.95964734
1631233800000,46485.8,46616.8,46439.8,46611,56.59227476
1631234700000,46611.1,46699,46575.2,46585.7,66.0048857
1631235600000,46585.6,46658.5,46570.7,46585.7,45.15711876
1631236500000,46585.7,46791.3,46585.6,46774.4,107.61902871
1631237400000,46774.3,47033.7,46715.7,46950.9,207.74365367
1631238300000,46950.8,47003.9,46845.5,46902,83.28402917
1631239200000,46901.9,46906.3,46814.3,46814.6,58.94822576
1631240100000,46814.6,46928.7,46779.3,46913.4,64.17625412
1631241000000,46913.3,46954.9,46758.3,46798.7,80.08710503
1631241900000,46798.6,46834.3,46673.9,46673.9,37.99831653
1631242800000,46673.9,46731.9,46525,46543.9,29.34434472
1631243700000,46543.8,46663.6,46480,46610.5,79.63401306
1631244600000,46610.4,46689.6,46580.4,46622,78.04872337
1631245500000,46622,46726.1,46570.7,46726.1,58.54222065
1631246400000,46726.1,46767.7,46654.5,46712.1,54.62910252
1631247300000,46712.2,46804,46674.4,46768.8,36.88066397
1631248200000,46768.8,46817.7,46716.2,46719.2,42.43298496
1631249100000,46719.1,46737.5,46554.3,46559.6,100.75181018
1631250000000,46559.6,46658.5,46317.5,46637.6,267.58465911
1631250900000,46637.6,46761.7,46450.6,46466,176.25938122
1631251800000,46470.6,46648.1,46408.9,46632.4,94.13738936
1631252700000,46632.4,46718.6,46585.6,46698.2,65.50094911
1631253600000,46698.2,46715.2,46601.2,46679.2,72.41159332
1631254500000,46679.2,46705.2,46518.9,46584,88.98691788
1631255400000,46584,46584,46438.9,46466.9,90.64525596
1631256300000,46466.9,46528.3,46378,46398.1,71.21420665
1631257200000,46398.2,46486.6,46319,46356.7,101.34881058
1631258100000,46356.7,46367,46112.3,46233.1,225.03372755
1631259000000,46233,46233,45910,46208,234.1450216
1631259900000,46207.9,46272.5,46117.7,46164.3,210.06975424
1631260800000,46164.3,46351.6,46012.2,46185.2,423.7502665
1631261700000,46185.2,46362,46162.7,46204.4,214.42011228
1631262600000,46206,46211,45574.7,45875.1,533.55870101
1631263500000,45875.1,46085.5,45823.2,45994.4,63.65336428
1631264400000,45994.4,46132.7,45834.2,45835.4,44.74545394
1631265300000,45835.4,46141,45739.9,46137.3,78.11602127
1631266200000,46137.3,46340.1,46135.1,46223.5,79.00899931
1631267100000,46223.6,46270.4,46057.3,46228.8,100.18621411
1631268000000,46228.8,46301.6,46195.4,46255.5,43.15174271
1631268900000,46255.5,46255.6,46106.8,46157.3,62.37860741
1631269800000,46157.4,46379.6,46152.2,46358.8,398.35485407
1631270700000,46358.7,46358.8,46224.7,46246.2,513.2498179
1631271600000,46246.2,46246.2,46072.8,46151.2,736.06288072
1631272500000,46151.2,46199.9,45960.4,46083,762.90823951
1631273400000,46082.9,46239.1,46067.6,46140.4,720.6149757
1631274300000,46140.4,46387.7,46104,46327.5,624.18151848
1631275200000,46327.5,46489.4,46190,46190,677.4717635
1631276100000,46190,46234.1,46005.1,46069,962.58520321
1631277000000,46069,46140.4,45963.6,46083.1,1028.61146494
1631277900000,46083,46104,45849.1,45916.8,581.60126962
1631278800000,45916.7,46000,45798.7,45900.9,116.26576337
1631279700000,45901.2,46035.6,45629.4,46028.6,1095.38810375
1631280600000,46034.6,46244.4,45745,45807.6,1044.47248671
1631281500000,45807.6,45947.2,45807.6,45841.1,743.51360089
1631282400000,45841.1,46079.1,45300,45708.7,1651.08943339
1631283300000,45708.6,45868.4,45200,45303.1,1337.56534332
1631284200000,45303.1,45454.8,45034.7,45072,1290.46549727
1631285100000,45072,45322.5,44877.6,45160.4,644.26011726
1631286000000,45160.3,45311.8,44740.3,45023.1,695.3538743
1631286900000,45023.1,45250,44955.6,45233.7,338.94837862
1631287800000,45233.6,45434,45175,45382.1,367.8372915
1631288700000,45382.1,45629.5,45304,45421,481.77786593
1631289600000,45421,45527.6,45310.4,45331.3,440.79017764
1631290500000,45331.2,45543.2,45330,45496.2,385.7192399
1631291400000,45496.1,45529.9,45331,45441.4,362.42851457
1631292300000,45439.2,45534.7,45361.1,45471.6,287.03617989
1631293200000,45471.6,45545.3,45381.9,45454.2,97.98257151
1631294100000,45454.2,45678,45446.1,45666.9,105.41669003
1631295000000,45666.9,45666.9,45528.4,45579.4,81.18742391
1631295900000,45579.4,45719.9,45574.4,45709.1,27.96165226
1631296800000,45709,45782.4,45626.4,45694,45.25053035
1631297700000,45693.9,45818.6,45636.7,45786.7,150.09776195
1631298600000,45786.8,45787.5,45621.2,45751.2,82.52807734
1631299500000,45751.2,45777.2,45662.8,45710.7,7.37980245
1631300400000,45710.7,45736.6,45590.7,45602.1,19.82344173
1631301300000,45602.1,45693.3,45519.4,45519.4,27.39569136
1631302200000,45519.4,45619.1,45455.5,45548.6,128.29841832
1631303100000,45548.6,45688,45548.6,45649.5,31.30313314
1631304000000,45649.5,45787.6,45649.4,45767.3,66.24995624
1631304900000,45767.2,45819.4,45631.6,45631.6,38.36729925
1631305800000,45631.7,45642,45110.4,45257.1,253.90953702
1631306700000,45256.2,45267.6,45045.4,45075.1,82.23007452
1631307600000,45075.2,45262.4,45021.7,45245.5,42.84412775
1631308500000,45245.6,45257.2,45023.4,45154.2,34.71646972
1631309400000,45154.2,45154.2,44527.2,44576.6,243.77889437
1631310300000,44576.6,44675.9,44132.4,44591,218.06969088
1631311200000,44591,44703.5,44400,44502.5,70.20221269
1631312100000,44502.5,44788.5,44497.2,44774.7,51.67143383
1631313000000,44774.6,44868.4,44658.5,44700.1,173.00485385
1631313900000,44700.1,44757.4,44353.1,44466.7,71.5475986
1631314800000,44471.4,44722.5,44252.8,44668.2,81.72054364
1631315700000,44668.2,44814.5,44622.2,44652.2,45.07691885
1631316600000,44652.2,44819.7,44652.2,44783.2,105.99249077
1631317500000,44783.2,44876.9,44720.9,44850.8,63.86225686
1631318400000,44850.9,45116.1,44726.9,45111.3,470.10115474
1631319300000,45111.3,45132.6,44976.1,45081.5,267.39565253
1631320200000,45081.5,45183.4,45069.3,45153.9,123.37712499
1631321100000,45153.9,45246.6,45146.8,45215.3,56.7449424
1631322000000,45215.4,45337.6,45179,45337.6,167.73921481
1631322900000,45337.5,45484.7,45283,45391,228.49375718
1631323800000,45390.9,45472,45314.1,45452.6,74.82163847
1631324700000,45452.7,45495.9,45337.8,45340.2,83.488217
1631325600000,45340.2,45461.5,45340.1,45401.9,95.68884151
1631326500000,45402,45432.1,45240,45259.2,137.36586411
1631327400000,45259.2,45322,45189,45272.6,127.20841019
1631328300000,45272.6,45308.5,45138.3,45283,281.53169851
1631329200000,45283,45309.1,45111.3,45111.4,484.86502412
1631330100000,45111.5,45210.2,45002.1,45011,364.50281146
1631331000000,45011,45050,44878.9,44939.7,464.22668316
1631331900000,44941.8,45189.9,44941.8,45189.7,366.5197616
1631332800000,45189.7,45407.8,45181.4,45281.6,465.80002184
1631333700000,45281.5,45309.1,45147.6,45293.3,371.56967219
1631334600000,45293.4,45471.1,45262,45276.2,478.29257599
1631335500000,45279.2,45336.2,45225.8,45308.9,542.32817192
1631336400000,45301.9,45366.2,45160.1,45194.6,519.28173135
1631337300000,45194.6,45198,45002.4,45101,540.46304382
1631338200000,45101,45192.7,45043.6,45105,457.60376616
1631339100000,45104.9,45352.2,45055,45345.5,348.61836876
1631340000000,45345.5,45440.2,45246.6,45324.6,435.40920736
1631340900000,45324.6,45365.4,45251.8,45289.4,451.79005267
1631341800000,45289.4,45335.1,45169,45327.4,343.9887356
1631342700000,45327.4,45340.2,45256.9,45268.8,262.59554381
1631343600000,45268.9,45308,45110,45144,248.51437823
1631344500000,45147.7,45177.1,44915.8,44964.9,580.00898631
1631345400000,44964.9,45011.6,44787,44863.8,294.79799494
1631346300000,44863.7,45050,44816.9,45044.9,338.42933776
1631347200000,45045.8,45077.8,44892.9,45025.9,363.39656194
1631348100000,45025.9,45065,44855.9,44882.7,455.2628628
1631349000000,44882.7,45069.7,44842.7,45069.6,364.62878375
1631349900000,45069.6,45189.4,45054,45125.9,238.2668796
1631350800000,45126,45168.7,44990,44990,298.22109761
1631351700000,44990.1,45231.1,44957.4,45212.3,476.56523041
1631352600000,45212.3,45300,45185,45190,234.47022569
1631353500000,45190,45536.4,45185,45480.5,110.54339581
1631354400000,45480.6,45682.1,45424.3,45589.8,106.48050507
1631355300000,45589.8,45717.4,45516.3,45670.4,418.71770592
1631356200000,45670.4,45683.4,45527.4,45626.1,294.12427406
1631357100000,45626.1,45676.3,45524.1,45662.6,276.36838491
1631358000000,45662.6,45687.6,45579.5,45582.8,262.78978108
1631358900000,45582.8,45595.1,45494.5,45594.8,467.75551633
1631359800000,45594.8,45646,45538.6,45602.2,231.18099711
1631360700000,45602.2,45646.8,45484.6,45553.1,242.17260837
1631361600000,45553.2,45633.1,45450.1,45485.8,417.47823929
1631362500000,45485.8,45783.5,45485.8,45657.4,397.89871909
1631363400000,45657.4,45740.5,45584.6,45655.9,413.21800143
1631364300000,45655.9,45667.9,45543.9,45569,190.04518095
1631365200000,45569,45631.5,45522.1,45522.1,246.82228913
1631366100000,45522.2,45584.7,45475.3,45524.7,239.64203853
1631367000000,45524.7,45549.8,45392,45518,314.30857087
1631367900000,45518,45641.9,45435.1,45616.6,293.69438967
1631368800000,45616.6,45667.9,45532.5,45637.2,264.50711986
1631369700000,45637.2,45767.4,45542.9,45685,331.66347544
1631370600000,45685,45738,45642,45693.8,212.09209915
1631371500000,45693.8,45726.7,45634.2,45681.1,298.19113552
1631372400000,45681.1,45693.4,45555.3,45585.2,220.5731768
1631373300000,45585.3,45624.3,45551.3,45584.6,262.10452919
1631374200000,45584.5,45612.4,45515.3,45524.4,308.7538798
1631375100000,45524.3,45578.3,45497.6,45578.3,207.39614926
1631376000000,45578.4,45657.4,45408.3,45478.1,651.38044121
1631376900000,45478.1,45645.7,45459.7,45645.5,394.33546252
1631377800000,45645.5,45979.2,45645.5,45952.8,224.60390271
1631378700000,45952.9,45952.9,45805.2,45862.2,93.06123292
1631379600000,45862.2,45885,45799.1,45828.4,275.92677713
1631380500000,45828.4,45828.5,45693.9,45714.1,267.87524701
1631381400000,45714.1,45740.2,45656.5,45707.3,248.82641998
1631382300000,45707.2,45729.3,45603.2,45637.1,117.20163252
1631383200000,45637,45637,45541.2,45583.7,215.3310133
1631384100000,45583.7,45664.3,45500,45604.3,158.30627331
1631385000000,45604.3,45604.4,45517,45552,275.73920551
1631385900000,45552,45662.1,45519.4,45640.8,172.59167583
1631386800000,45640.8,45705.1,45620,45650.1,9.7388526
1631387700000,45650.1,45650.2,45430,45463.5,27.46993723
1631388600000,45463.5,45463.5,45283.9,45443.1,154.70969775
1631389500000,45443.1,45480.7,45357.3,45357.3,10.09279598
1631390400000,45357.3,45438.1,45146.3,45203.8,75.32625336
1631391300000,45203.9,45293.4,45196.3,45235.2,16.00116662
1631392200000,45235.2,45371.9,45223.3,45307.1,13.27745763
1631393100000,45307.1,45365.9,45289,45297.8,14.28710326
1631394000000,45297.8,45434.9,45269.3,45334.6,11.16856811
1631394900000,45334.6,45447.3,45280.6,45437.9,8.78374309
1631395800000,45438,45438,45345.5,45349.5,3.903917
1631396700000,45349.5,45432.8,45321.6,45384.6,4.73831386
1631397600000,45384.1,45384.1,45109.6,45109.6,83.92636142
1631398500000,45108.1,45287.2,45104,45166,40.66204974
1631399400000,45165.9,45276.8,45013.1,45245.5,92.12645045
1631400300000,45245.5,45245.6,45045,45089.6,41.75663631
1631401200000,45089.5,45155.5,45013.1,45050,48.51469269
1631402100000,45049.9,45226.2,44978.3,45211.5,66.98366938
1631403000000,45211.4,45211.4,44980.3,45038.5,44.8837992
1631403900000,45037.5,45167.6,45007,45165.7,49.72373548
1631404800000,45165.7,45290.7,45086.7,45235.7,121.95130976
1631405700000,45235.7,45235.7,45008.2,45022,147.29175871
1631406600000,45021.9,45042.7,44841.2,44878.6,313.9278883
1631407500000,44878.6,45006.3,44765.2,44944,237.32292888
1631408400000,44944.7,45011.6,44871.1,44876.4,57.97724952
1631409300000,44876.4,44902.2,44742.9,44823.1,187.43266363
1631410200000,44823,44893.2,44786.9,44890.4,199.79814668
1631411100000,44890.4,44968.6,44850,44952.3,102.8310283
1631412000000,44952.3,45112,44908.6,45111.9,107.96058657
1631412900000,45111.9,45253.2,45079.1,45190,182.26362841
1631413800000,45190,45259,45100,45259,100.43220478
1631414700000,45258.9,45316.8,45162.1,45307.8,123.01056851
1631415600000,45307.8,45314,45198.3,45302.3,127.82747089
1631416500000,45299.7,45337.6,45262.4,45296.5,124.20386203
1631417400000,45296.5,45317.5,45220.4,45261.1,257.24309528
1631418300000,45257.2,45327.5,45221.3,45318.5,251.51769003
1631419200000,45318.4,45331.5,45224,45320.1,349.53115556
1631420100000,45320.1,45413.9,45266.3,45413.9,176.41413289
1631421000000,45413.9,45490,45385.8,45409.4,284.91507617
1631421900000,45409.4,45409.4,45299.3,45333.9,335.55899226
1631422800000,45333.9,45499.1,45240.3,45428.4,382.4614734
1631423700000,45428.4,45482.3,45355.8,45420,218.19278188
1631424600000,45417.2,45439.4,45303.2,45309.9,209.35427993
1631425500000,45310.5,45427.3,45310.5,45364.4,232.09838136
1631426400000,45364.5,45438.3,45270.3,45294.1,394.63114345
1631427300000,45294.1,45392.3,45224.8,45328.1,278.02331077
1631428200000,45327.2,45332.9,45211.3,45211.4,236.62029822
1631429100000,45211.4,45219.7,45116.2,45151,31.14552769
1631430000000,45151.1,45193.7,45052.9,45131.2,21.02732124
1631430900000,45131.2,45157.2,45060.2,45110.2,15.04952265
1631431800000,45110.3,45245.7,45094.7,45214.5,11.67782293
1631432700000,45214.5,45380,45214.5,45358.5,17.37086458
1631433600000,45358.5,45591.9,45307,45547.2,114.96535765
1631434500000,45547.1,46036.7,45526.3,45895.5,193.18927903
1631435400000,45895.5,46041.1,45870.1,45978.6,88.93231868
1631436300000,45978.6,46155.5,45911,46113.8,70.69549386
1631437200000,46113.8,46199,46020.5,46065.2,33.9335996
1631438100000,46065.2,46105.8,46023.1,46056.6,16.73443187
1631439000000,46056.6,46117.8,45906.3,45911.3,27.73580458
1631439900000,45911.3,45969.4,45848.1,45859.1,32.49719264
1631440800000,45859.1,45931.9,45744.4,45875.4,43.66567768
1631441700000,45874.6,45944.7,45869.5,45895.5,10.5469778
1631442600000,45895.6,45931.5,45818.8,45888.3,12.54874099
1631443500000,45888.3,45975.6,45796.5,45940.6,24.71812745
1631444400000,45940.6,45993.6,45924.5,45990.9,19.7183289
1631445300000,45990.9,45997.1,45864.7,45918,15.69008679
1631446200000,45918,45978.7,45879.9,45931.1,9.11164389
1631447100000,45931.1,46080,45931,46077.4,33.22448358
1631448000000,46077.5,46152.2,46025.4,46055.1,29.77156943
1631448900000,46055.1,46072.4,45994.2,46025.4,26.8494905
1631449800000,46025.4,46114.6,45948.6,46114.5,72.82717649
1631450700000,46114.5,46153.1,45971.5,45994.3,17.61176008
1631451600000,45994.2,46067.8,45952.6,46049.3,13.88971113
1631452500000,46049.2,46126.5,46015,46082.6,22.05654777
1631453400000,46082.6,46258.7,45741.1,45843.4,80.81813136
1631454300000,45843.4,45942.3,45796,45926.7,32.15695322
1631455200000,45926.7,46008.8,45879.9,45881.9,94.42991648
1631456100000,45881.9,45934.4,45839.7,45907.9,9.4681419
1631457000000,45907.9,46000,45860.2,45982.2,29.71350723
1631457900000,45982.2,45989.3,45859.7,45874.7,17.83094054
1631458800000,45874.7,45926.7,45853.9,45862.2,11.38596857
1631459700000,45862.2,45968.3,45842,45916.1,14.57544723
1631460600000,45916,45950.9,45747.5,45889.9,37.09437795
1631461500000,45889.9,45950,45839.5,45895.5,48.11794549
1631462400000,45895.5,45997.9,45869.4,45888,14.88250026
1631463300000,45889,46049.1,45865.5,46042.4,38.85861281
1631464200000,46042.4,46124.4,45994.4,45999.4,39.3671512
1631465100000,45999.4,46020.4,45852,45892.4,48.3598818
1631466000000,45892.4,45913.5,45852,45898.5,21.39733657
1631466900000,45898.5,45971.4,45890.3,45909.2,9.79749411
1631467800000,45909.2,45942.3,45864.2,45908.7,5.43998238
1631468700000,45908.7,45940.8,45852.2,45933.2,4.90859217
1631469600000,45933.2,46004,45852,45856.9,25.57715122
1631470500000,45856.9,45877.1,45802.1,45864.2,56.88882193
1631471400000,45864.2,45888.7,45805,45848.5,12.5519512
1631472300000,45848.5,45930.9,45827.8,45903.9,18.83132899
1631473200000,45903.8,45930.8,45832.6,45848.6,4.3413636
1631474100000,45848.6,45930.6,45765.5,45922.1,33.34384592
1631475000000,45922.1,45962.9,45904.8,45913,8.17653369
1631475900000,45913,45924.8,45870,45911.1,2.82353514
1631476800000,45911.1,46202.3,45837.7,46142,27.38115144
1631477700000,46142,46157.7,45965.4,45967.4,12.27686898
1631478600000,45967.3,45981.5,45160.8,45300,244.85037642
1631479500000,45300.5,45447.8,45004.1,45089.1,111.89212478
1631480400000,45089.1,45160.4,44902,45087.7,79.78018926
1631481300000,45087.7,45118.8,44907.2,45013.9,57.90878408
1631482200000,45013.9,45141.4,44981.5,45066.9,11.87067672
1631483100000,45067,45292.1,45066.9,45281.6,20.60148674
1631484000000,45281.6,45450.8,45258.1,45410,31.69940219
1631484900000,45410,45410.1,45286.8,45340.3,12.46212712
1631485800000,45340.3,45500,45329.3,45476.9,20.06878566
1631486700000,45476.9,45803.9,45445.2,45793.1,98.09090416
1631487600000,45793.1,46468.2,45793.1,46358.8,155.49469529
1631488500000,46358.8,46410.6,46222.4,46286,31.0186505
1631489400000,46286,46416.1,46199.5,46208.5,80.12588201
1631490300000,46208.5,46227.8,46020.8,46020.9,44.05628746
1631491200000,46020.8,46211.8,45994.9,46197.6,205.12609447
1631492100000,46197.6,46284.5,46080.2,46112.3,109.48300471
1631493000000,46112.3,46135.3,45938.9,45969.6,58.47930259
1631493900000,45969.6,46143.7,45965.1,46041.7,217.65635178
1631494800000,46041.7,46090.7,45324,45417.5,353.46489293
1631495700000,45426.4,45521.6,45246.8,45409.8,1930.29894031
1631496600000,45409.8,45409.8,45136.8,45197.4,4447.87488436
1631497500000,45197.4,45260.1,45111,45178.3,3308.31163212
1631498400000,45173.2,45270.9,45064,45193.9,1231.51204848
1631499300000,45193.8,45193.8,44948.2,45065.4,212.06988748
1631500200000,45065.5,45206,44814.6,45079.4,392.87261819
1631501100000,45079.4,45115.7,44824.7,44956.3,357.62125693
1631502000000,44956.4,45060.3,44810,45008.4,202.00260924
1631502900000,45013.2,45127.1,44945.9,45017.1,208.88065533
1631503800000,45017.2,45029,44890.4,44898.8,220.43181701
1631504700000,44898.9,45053.8,44574.9,44618.4,407.5689344
1631505600000,44618.4,44764,44482.7,44602.7,339.92447605
1631506500000,44602.6,44769.1,44592.3,44611.1,51.40536295
1631507400000,44611.1,44726.2,44535.1,44630,45.1926098
1631508300000,44630,44733.9,44545.5,44717.1,45.26919994
1631509200000,44717.1,44732.6,44411.3,44444.6,95.12827254
1631510100000,44444.5,44790.9,44321,44699.2,146.96966615
1631511000000,44699.2,44789,44590.9,44787.6,47.95011936
1631511900000,44782.5,44964.5,44688.9,44753.8,97.63020587
1631512800000,44753.8,44834.4,44603.4,44775.5,134.11123321
1631513700000,44775.5,44846.9,44655,44803.1,55.2324453
1631514600000,44803.1,44910.3,44723.6,44799.8,39.40531775
1631515500000,44799.8,44845.5,44740,44816.5,28.95880264
1631516400000,44816.4,44891.5,44731.3,44736.3,26.89965524
1631517300000,44738.7,44746.8,44262.4,44378.7,269.82233456
1631518200000,44377,44527,44209.3,44387.8,126.18052839
1631519100000,44387.8,44512.1,44167.4,44475.6,141.7269109
1631520000000,44475.6,44558.3,44250,44250,72.556666
1631520900000,44250,44499.8,44168,44387.4,90.64622188
1631521800000,44387.5,44543.3,44246.8,44268.6,91.30871244
1631522700000,44268.6,44471.9,44226.1,44398.7,70.81026377
1631523600000,44398.7,44500,44379.7,44439.1,51.53439156
1631524500000,44439.1,44528.8,44373,44465.2,139.43804193
1631525400000,44465.2,44650,44361,44540.9,52.09287863
1631526300000,44540.9,44584.8,44416.7,44517.2,37.41692742
1631527200000,44517.2,44662.9,44470.5,44634.8,39.95035292
1631528100000,44634.8,44752.7,44564.1,44662.5,118.15087878
1631529000000,44662.5,44677.5,44542.2,44561.7,16.82011661
1631529900000,44561.8,44680,44491.2,44679.9,65.47396514
1631530800000,44679.9,44680,44179.7,44229,140.85814229
1631531700000,44231.2,44800,44175.1,44586,178.20596951
1631532600000,44586.1,44887.6,44586.1,44741,128.4403548
1631533500000,44741,44941.6,44636.5,44861.6,51.28047706
1631534400000,44861.6,45005.9,44764.5,44915.2,95.88561808
1631535300000,44915.2,44974.9,44673.2,44748.3,59.87032014
1631536200000,44748.4,44803.3,44647.1,44700.2,30.27121612
1631537100000,44700.2,44769.5,44575.7,44629,29.57948739
1631538000000,44629,44719.5,44575.6,44675.9,13.05983786
1631538900000,44675.9,44782.6,44650,44720.2,9.97716262
1631539800000,44720.2,46310,44714.9,46310,1234.12267784
1631540700000,46312.9,46882.3,46134,46150,846.75498102
1631541600000,46150,46237.3,44011,44232,2223.38160995
1631542500000,44233.8,44518,43346.7,44129.9,1585.76030786
1631543400000,44129.9,44261.5,43687.9,44016.9,460.01477793
1631544300000,44017,44203.6,43912.9,43936,143.25666209
1631545200000,43936.1,44198.5,43857.9,44110.4,175.04081083
1631546100000,44110.4,44401.3,44006.9,44240.9,169.63443472
1631547000000,44240.9,44533.8,44240.8,44370,169.16911584
1631547900000,44370,44414,44270.6,44359.6,47.36744932
1631548800000,44359.6,44443.8,44171.4,44234.8,78.4777734
1631549700000,44234.8,44365,44173.1,44266.6,36.03670991
1631550600000,44266.6,44380.5,44234.8,44250.8,25.2149538
1631551500000,44250.9,44441.9,44219.2,44431,30.54033636
1631552400000,44431,44518,44400,44410.3,60.74970088
1631553300000,44410.3,44564.3,44338.9,44395,34.19623859
1631554200000,44395,44456.6,44302.5,44437.6,17.96956927
1631555100000,44437.6,44504.5,44409.1,44450,31.92964012
1631556000000,44449.9,44485,44331.5,44391.8,39.57873461
1631556900000,44391,44550,44367.3,44546.9,15.39417412
1631557800000,44546.9,44705.6,44546.9,44663.9,59.18376665
1631558700000,44663.9,44706.9,44615,44705.5,19.50179602
1631559600000,44705.5,44757.5,44632.6,44643,50.06149678
1631560500000,44643,44778.4,44617.1,44749.4,10.48603106
1631561400000,44749.4,44783,44679.9,44705.2,23.03796714
1631562300000,44705.2,44819,44663.9,44746.1,38.47326675
1631563200000,44746.1,44917.8,44746.1,44866.8,58.07454247
1631564100000,44866.8,44888.1,44768,44775.8,9.44399224
1631565000000,44775.8,44956,44775.8,44904.9,17.80779516
1631565900000,44904.9,45254.1,44876,45173.5,128.74808895
1631566800000,45173.5,45512.9,45063.8,45098.6,177.9913739
1631567700000,45098.6,45237.1,45034.8,45038.1,38.60668538
1631568600000,45038.1,45066.6,44930.8,45019.2,19.05862142
1631569500000,45019.2,45190.3,45003.6,45112.8,15.59443412
1631570400000,45112.8,45220,44988,44988,17.23922101
1631571300000,44988.1,45107.6,44987,45050.6,20.801597
1631572200000,45050.4,45128.5,44993.1,45079.2,27.70604914
1631573100000,45079.2,45093.6,44938,45071,33.34744863
1631574000000,45071,45132.2,44996,44996,25.98634892
1631574900000,44996,45029.7,44790.5,44904.9,49.40750868
1631575800000,44904.9,45049.9,44904.9,45011.6,37.9249732
1631576700000,45011.7,45052.4,44930,44941.1,35.77169016
1631577600000,44941.1,45133.6,44830,45133.6,111.78016874
1631578500000,45133.6,45307.2,44650,44821.5,345.46603902
1631579400000,44821.5,45146.2,44774.8,45048.7,245.12585858
1631580300000,45048.7,45225.5,45043.7,45170,89.22412419
1631581200000,45170,45270.6,45106.2,45242.6,937.71052608
1631582100000,45242.6,45357.2,45206.4,45244,3753.64515953
1631583000000,45244,45294.8,45159.5,45160,2706.12323705
1631583900000,45160.1,45214.3,45111.1,45133.7,395.76755701
1631584800000,45137.4,45175.2,45043.3,45050.1,112.70573773
1631585700000,45050.1,45099,44997.2,45050.1,207.88442424
1631586600000,45050.1,45126.9,44987,45123.1,174.21605285
1631587500000,45123.1,45188,45014,45028,156.50168317
1631588400000,45028,45158.5,45015,45054.9,203.41433756
1631589300000,45054.9,45166,45050.9,45166,144.36907386
1631590200000,45167,45263,45129.9,45262.9,154.66977316
1631591100000,45262.9,45289.7,45164.9,45190.8,213.59584377
1631592000000,45190.8,45295.5,45141.6,45289.3,175.92872962
1631592900000,45289.3,45321.9,45225.7,45245.6,92.16456146
1631593800000,45245.6,45255.9,45202.8,45247.9,67.05288485
1631594700000,45247.9,45268.9,45065.9,45083.2,71.88548187
1631595600000,45083.2,45137.3,45064.3,45064.3,96.73296583
1631596500000,45064.3,45194.2,45051.2,45190.8,105.65330359
1631597400000,45190.8,45254.3,45152.2,45229.9,127.03209633
1631598300000,45229.9,45241.3,45193.2,45241.2,11.91892178
1631599200000,45241.2,45275.8,45189.9,45240,65.45444087
1631600100000,45240,45331.2,45183.6,45204,49.63343181
1631601000000,45204,45700.5,45156.1,45657.7,107.37300547
1631601900000,45657.7,45721.3,45190.9,45612.9,95.65080297
1631602800000,45612.9,45892.3,45612.9,45747.1,114.51236938
1631603700000,45747,45791.9,45661,45779.1,35.13212028
1631604600000,45778.4,45783.7,45624,45624.5,21.21047901
1631605500000,45624.5,45840.9,45612.4,45726.2,38.99976044
1631606400000,45726.3,45866.9,45690.1,45820.6,48.26680405
1631607300000,45820.6,45876,45753.9,45872.9,35.6337943
1631608200000,45872.8,46046.5,45861.7,45950.1,61.93232786
1631609100000,45950,46043.6,45919.5,45974.3,46.26227651
1631610000000,45974.3,46226.7,45800,45849.5,162.0495846
1631610900000,45849.6,46038.3,45843,45876.1,50.08534166
1631611800000,45876.1,45924.9,45792.3,45792.3,40.76735172
1631612700000,45792.3,45859.9,45735.1,45839.5,21.12270097
1631613600000,45839.5,45899.3,45803.2,45870.4,11.57433028
1631614500000,45870.4,45938.1,45816.8,45887.2,15.59174357
1631615400000,45887.2,45973.3,45883.3,45933.6,51.86209368
1631616300000,45933.6,46098.1,45933.5,46036.5,45.14711462
1631617200000,46036.5,46053,45967.2,45989.6,10.43304164
1631618100000,45989.7,46071.3,45917.6,46060.4,29.43670399
1631619000000,46060.4,46142,45862.2,45896.3,26.89407009
1631619900000,45896.3,45990.5,45871.4,45974.2,10.83087618
1631620800000,45974.2,46068.4,45969,46033.9,19.35510317
1631621700000,46033.9,46042,45763.1,45769,48.6388599
1631622600000,45769,46629.6,45750.9,46447.5,361.44801517
1631623500000,46447.6,46586.9,46250.1,46520.4,154.45825733
1631624400000,46520.5,46613.9,46333.2,46489.2,82.41252169
1631625300000,46492.9,46685.8,46359.1,46582.8,114.4978057
1631626200000,46582.9,46769.1,46550,46593.1,101.40073191
1631627100000,46593.1,46645.2,46359.1,46421,66.08499396
1631628000000,46421,46458,46161.6,46286.5,69.12867618
1631628900000,46286.5,46364.4,46151.2,46299,81.13391641
1631629800000,46299,46423.3,46233.3,46379.9,44.61791235
1631630700000,46379.9,46564.1,46322.8,46556.8,44.13154322
1631631600000,46556.8,46930.2,46556.7,46863.3,139.85179846
1631632500000,46863.3,46955,46748.8,46748.9,61.99944512
1631633400000,46748.8,46850,46576.7,46665.4,162.41908336
1631634300000,46665.4,46785.2,46665.4,46748.6,20.49754044
1631635200000,46748.6,46884,46684.7,46723.5,90.80401236
1631636100000,46723.5,46727.9,46650.3,46691.6,32.12774643
1631637000000,46691.7,46771.6,46587.6,46589.7,34.07863811
1631637900000,46592.9,46643.6,46515.4,46592.8,56.8171717
1631638800000,46592.9,46660.5,46500,46523,19.12867898
1631639700000,46522.9,46582.5,46490,46504.3,18.45334316
1631640600000,46504.3,46774.7,46456.1,46727.5,46.01293127
1631641500000,46727.6,46754.1,46676.1,46733.2,11.31582841
1631642400000,46733.1,46738.3,46500,46534.6,75.92827284
1631643300000,46534.7,46600,46389.8,46436.9,74.16846592
1631644200000,46436.8,46452.5,46333.5,46362.7,42.84611209
1631645100000,46364.1,46543.4,46364.1,46509.7,20.38732698
1631646000000,46509.6,46566.8,46473.1,46509.6,14.10086951
1631646900000,46509.6,46565.8,46452.4,46531,10.42213086
1631647800000,46531,46646,46473.1,46520,22.11474354
1631648700000,46520,46545.2,46436.7,46473.1,18.07145498
1631649600000,46473.2,46610.5,46461.8,46610.4,29.50640416
1631650500000,46610.4,46652.4,46558,46642.7,14.34148199
1631651400000,46642.8,46970,46598,46878.8,59.27036617
1631652300000,46878.9,46935.6,46722.2,46798.7,41.10112003
1631653200000,46795.6,46851.3,46645.5,46677,16.80239453
1631654100000,46677,46707.2,46384.7,46509.5,34.28693403
1631655000000,46509.5,46629.2,46505.9,46610.4,8.25177793
1631655900000,46610.4,46777.4,46610.4,46630.2,10.90751216
1631656800000,46630.2,46779.8,46572.4,46769.5,15.35642507
1631657700000,46769.5,47257.9,46769.5,46898.6,213.11961117
1631658600000,46898.6,47110.3,46802.1,46990.3,36.42623528
1631659500000,46990.3,47237.6,46990.3,47180.5,40.97590098
1631660400000,47180.5,47252.4,46968.4,47071.1,135.54698361
1631661300000,47071.1,47076.5,46942.1,46967.2,32.33653924
1631662200000,46967.2,47066.2,46897,46998.5,17.23537969
1631663100000,46998.6,47137.5,46973.5,47108.9,19.41558771
1631664000000,47108.8,47184.8,46943.4,46975,163.70017095
1631664900000,46975,47294.8,46946.4,47174.4,143.87111263
1631665800000,47174.4,47277.4,47092,47263.6,122.27820031
1631666700000,47263.6,47367.1,47136.1,47147.1,116.19977582
1631667600000,47148.9,47469.4,47078,47299,102.98467415
1631668500000,47299.1,47338.9,47201.4,47281,108.17947916
1631669400000,47280.9,47283,47086.8,47103.9,83.90306104
1631670300000,47104,47104,46975.1,47049.4,104.47244636
1631671200000,47049.4,47103.5,46972.5,47019.3,32.52528765
1631672100000,47019.3,47087,47001.3,47057.3,26.31445586
1631673000000,47057.3,47200,47055.6,47180.6,49.26674298
1631673900000,47180.6,47206.6,47160,47173.7,42.70270517
1631674800000,47173.7,47173.7,47062.4,47122.3,102.59669369
1631675700000,47122.4,47191,46950.5,47144.4,128.84963729
1631676600000,47144.4,47172,46995.9,47019.3,78.57666133
1631677500000,47014.2,47194,47005,47076.5,75.3184722
1631678400000,47076.4,47100,46967.3,47029.7,91.41899963
1631679300000,47029.6,47118,46972.6,47071.3,74.31976434
1631680200000,47071.3,47118.1,46988.9,46993.4,56.75913716
1631681100000,46993.4,47054,46834.5,46868.6,76.59262969
1631682000000,46872.3,46993.3,46805.5,46937.9,70.10807396
1631682900000,46937.9,47096.1,46920.5,47050.4,38.44867336
1631683800000,47050.5,47050.5,46900,46905.4,63.07758995
1631684700000,46905.5,46988.1,46852.8,46899.6,94.8619317
1631685600000,46899.6,46927.5,46785.1,46787.5,112.47938314
1631686500000,46788.8,46934.6,46683.9,46909.9,142.06281398
1631687400000,46909.9,46997.2,46884.8,46988.7,80.54016016
1631688300000,46988.6,47024.1,46905.9,46909.9,35.71143146
1631689200000,46910,47095.4,46863.3,47074.9,85.12176051
1631690100000,47075,47144,47039.8,47064,67.07683026
1631691000000,47064,47160.6,47064,47084.5,63.2110588
1631691900000,47086.6,47211.1,47071.4,47176.7,71.9101963
1631692800000,47178.2,47315.6,47121.2,47300,123.86172657
1631693700000,47299.9,47300,47144.2,47149.5,111.01778608
1631694600000,47149.4,47190.9,47078.7,47120,96.18009726
1631695500000,47119.9,47181.2,47006.4,47050.1,94.65230635
1631696400000,47050.1,47267.2,47045.3,47267.1,78.7366053
1631697300000,47267.2,47285.6,47049.9,47154.5,73.09402733
1631698200000,47154.5,47196.2,47047.6,47124.6,117.14253273
1631699100000,47124.6,47232.5,47073.4,47118.5,98.54653826
1631700000000,47120.1,47393.7,47120.1,47390.5,143.28790766
1631700900000,47390.6,47477.1,47326.5,47474.4,93.59475489
1631701800000,47474.4,47726.4,47383.2,47584.3,347.24299329
1631702700000,47584.3,47662.9,47532.8,47605.7,92.92565327
1631703600000,47605.6,47612.1,47483.5,47600.6,77.68693042
1631704500000,47600.5,47650,47425.3,47521.4,251.93427354
1631705400000,47521.4,47527.2,47348.6,47404,206.53792124
1631706300000,47404,47569.1,47402.5,47558.9,15.82874201
1631707200000,47558.9,47647.3,47480.8,47616.1,80.47268975
1631708100000,47616.1,47636.9,47500.1,47593.2,21.43296541
1631709000000,47593.2,47610.9,47463,47547.3,21.720509
1631709900000,47547.3,47547.3,47312.3,47397.6,56.72793136
1631710800000,47397.6,47524.1,47330.2,47511.5,18.41231482
1631711700000,47511.5,47642,47475.7,47641.9,44.7249293
1631712600000,47641.9,47773.5,47490.8,47699.3,104.61278194
1631713500000,47699.3,47827.5,47620.4,47730.6,96.38142549
1631714400000,47730.6,47865.7,47721,47824,57.27976716
1631715300000,47824.1,47827.4,47710.5,47751.4,48.25472638
1631716200000,47751.3,47818.9,47622.5,47655.5,74.059675
1631717100000,47655.5,47914.5,47655.5,47864.4,310.77104973
1631718000000,47864.4,48211,47806.4,48094.4,831.91273177
1631718900000,48091,48167.3,47985.2,48042.6,126.82230284
1631719800000,48042.6,48292.6,48011.5,48214.7,244.52930991
1631720700000,48214.7,48289.2,48146.4,48289.1,33.13006252
1631721600000,48289.1,48369.1,48200,48311.7,88.96514268
1631722500000,48311.7,48435.9,48200,48200.1,77.88271476
1631723400000,48200.1,48272.6,48124,48252.1,46.29226387
1631724300000,48252.1,48290,48044.7,48052.2,62.215957
1631725200000,48052.2,48186.2,48032.5,48135.9,61.91350944
1631726100000,48135.8,48223.2,48100,48186.2,30.79809302
1631727000000,48186.2,48255.5,48186.2,48196.6,23.37615018
1631727900000,48196.6,48263.3,47969.7,47996.2,61.23240572
1631728800000,47996.2,48049.6,47858.9,47957.4,102.53893359
1631729700000,47957.5,48025.1,47921,47983.4,48.39933278
1631730600000,47983.4,48037.9,47874.2,47962.7,21.21213024
1631731500000,47962.7,48066.6,47962.5,48035.5,20.05674862
1631732400000,48035.5,48092.7,47973.1,48019.9,30.98886011
1631733300000,48019.9,48077.1,47952.1,48066.6,40.31050678
1631734200000,48066.6,48149.7,48017.6,48149.7,29.38181323
1631735100000,48149.7,48149.7,48033.4,48078.9,24.18668975
1631736000000,48078.9,48181,48025.1,48051.3,37.53335399
1631736900000,48051.3,48113.3,47973.6,48014.7,14.91306205
1631737800000,48014.7,48070.5,47952.1,48053.8,16.01463436
1631738700000,48051.1,48055.3,47917,47924.8,25.79213441
1631739600000,47924.8,48050.4,47921.1,48014.7,22.7470342
1631740500000,48014.7,48191,48009.3,48170.6,30.31441482
1631741400000,48170.6,48244.6,48170.6,48201.7,35.07875894
1631742300000,48201.8,48221.4,48150,48169.1,10.7333985
1631743200000,48169.1,48169.1,48063.8,48091.1,19.9545973
1631744100000,48091.1,48165.6,48021.7,48021.7,17.09735637
1631745000000,48021.7,48126.1,47990.5,48113.4,14.14359612
1631745900000,48113.4,48290,48087.4,48280,27.70034123
1631746800000,48280,48391.5,48223.6,48379.4,52.37557558
1631747700000,48379.4,48446.3,48130.6,48181.1,106.59541548
1631748600000,48181.1,48191.5,48060.8,48060.9,35.29363274
1631749500000,48060.9,48209.6,48014.6,48128.5,29.50921568
1631750400000,48128.4,48198,48011,48180.9,126.58113099
1631751300000,48175.8,48175.8,47962.5,48019.9,113.38887567
1631752200000,48019.9,48025.1,47857,47889.9,98.78277322
1631753100000,47889.9,47941.3,47858.2,47900.3,109.04842634
1631754000000,47900.2,48070.9,47850,48070.9,75.36710159
1631754900000,48070.9,48071.9,47960,47982.2,31.73511342
1631755800000,47982.2,47988.2,47915.9,47931.2,41.73995914
1631756700000,47931.2,48018.3,47931.1,47980.3,39.56182338
1631757600000,47980.3,48092.6,47872.6,48071.8,79.4981239
1631758500000,48071.8,48071.8,47974.7,47974.8,24.30032161
1631759400000,47974.8,47983.5,47754.7,47857,114.57912721
1631760300000,47857,47971.5,47837.8,47922.9,99.95410383
1631761200000,47922.9,47942,47770.2,47780.7,85.45107674
1631762100000,47780.6,47780.6,47348.8,47420.7,382.67500238
1631763000000,47420.7,47560.6,47375.8,47524.6,96.50606809
1631763900000,47524.6,47680.6,47514.1,47614.1,119.27349274
1631764800000,47614,48060.2,47578.7,47987.8,243.21573859
1631765700000,47987.7,48318.7,47907.1,48213.2,261.08298587
1631766600000,48213.2,48389.5,48163.9,48355.5,156.68866834
1631767500000,48355.4,48490,48288.5,48298.1,177.53138964
1631768400000,48298.1,48316.6,48180.1,48262.7,49.65325633
1631769300000,48262.6,48376,48249.1,48366.2,35.9867401
1631770200000,48366.2,48374.9,48304.6,48333.2,31.82769236
1631771100000,48333.2,48339.6,48237.5,48258.9,38.57835815
1631772000000,48261.6,48323.8,48258,48283.5,33.10040601
1631772900000,48283.4,48427.8,48271.2,48373.4,53.74518832
1631773800000,48373.4,48422.4,48319.5,48407.2,47.0751332
1631774700000,48407.2,48413.9,48331.2,48360.1,44.47534437
1631775600000,48360.1,48499,48345.8,48412.4,107.98920686
1631776500000,48412.4,48422.9,48350.7,48364.2,71.51643769
1631777400000,48364.2,48407.2,48329.5,48386.1,38.53377683
1631778300000,48386.2,48402,48335.4,48348.5,29.36011019
1631779200000,48348.5,48352.6,48211.4,48292.8,59.69383486
1631780100000,48292.8,48292.8,48049.9,48093.4,89.39606047
1631781000000,48093.4,48155.3,48045.5,48133.7,65.01778206
1631781900000,48133.7,48188.7,48061.5,48093.2,98.85883318
1631782800000,48093.2,48165.9,48044.8,48131.5,96.75344002
1631783700000,48131.6,48284.8,47989.2,48235.5,100.35068776
1631784600000,48235.5,48235.5,48128.5,48151.4,46.56221471
1631785500000,48151.3,48151.3,47861.5,47913.1,113.33511305
1631786400000,47913.1,48001.4,47875.1,47948.3,69.64692873
1631787300000,47949.5,47964.1,47737.9,47783.2,122.7827049
1631788200000,47788.3,47880.5,47642.7,47876.7,113.35457411
1631789100000,47876.6,48046.8,47820.2,47820.3,94.90364836
1631790000000,47820.3,47924.9,47754.1,47897.5,67.86980884
1631790900000,47897.4,48040.4,47883.8,48038.7,86.01992285
1631791800000,48038.7,48041.3,47929.1,47955,61.58062077
1631792700000,47955,47974.2,47897.4,47904.4,31.96708643
1631793600000,47904.4,48041.3,47747.1,47856,216.94802708
1631794500000,47856,48002.9,47819.5,47879.8,105.00786047
1631795400000,47879.9,48157.5,47850.6,48144.9,191.89420242
1631796300000,48145,48152.2,48028.8,48040.9,87.31320051
1631797200000,48040.8,48085,47959.7,47970.2,113.20219747
1631798100000,47970.1,48009.8,47907.9,47987.2,82.73241083
1631799000000,47987.2,47987.2,47655.8,47694.6,143.74413028
1631799900000,47689.6,47783.2,47433.1,47453.3,342.77187985
1631800800000,47453.3,47637.8,47327.8,47429.7,329.47280513
1631801700000,47433.9,47585.9,47217.8,47570,332.78774112
1631802600000,47570.1,47714.9,47533.6,47663.8,159.32546426
1631803500000,47663.8,47663.8,47565.9,47600.9,254.90801729
1631804400000,47601,47772.8,47439.3,47653.4,298.83623618
1631805300000,47653.4,48200,47617.5,48096.7,428.3844726
1631806200000,48096.7,48231.6,47872.6,47918.5,178.38312727
1631807100000,47918.5,48063,47892.7,48028.8,109.15705507
1631808000000,48028.9,48175.2,47982.1,48085.9,109.87441038
1631808900000,48085.9,48092.7,47949.8,47962.9,98.94745906
1631809800000,47962.9,48059.9,47947.2,48045.6,107.006458
1631810700000,48045.6,48092.7,47925,47949.9,82.72289541
1631811600000,47949.9,48033.1,47898.2,47977.5,94.79626601
1631812500000,47977.6,47986,47866,47867,74.58522044
1631813400000,47867,47903,47561.3,47604,212.72395825
1631814300000,47604,47695,47360.9,47397.9,200.49415008
1631815200000,47397.8,47569.8,47365.9,47470.3,159.0233762
1631816100000,47470.3,47601.4,47265.9,47450.1,185.41653798
1631817000000,47450,47622.2,47419.2,47580.6,109.18102127
1631817900000,47580.6,47657.1,47481.6,47651.1,64.70254823
1631818800000,47656,47710.7,47590.1,47684.5,58.6083248
1631819700000,47684.6,47715.8,47627.4,47652.7,52.48543408
1631820600000,47652.3,47731.3,47635,47694.9,59.74361576
1631821500000,47694.9,47731.7,47419.3,47427.5,57.92938951
1631822400000,47427.5,47535.9,47404.1,47507.7,68.83387793
1631823300000,47507.8,47507.8,47234.7,47341.2,90.55898793
1631824200000,47341.3,47446.8,47275.1,47397.8,72.77874334
1631825100000,47397.7,47414.2,47029.8,47143.6,291.41977363
1631826000000,47143.6,47363.2,47097.4,47273.9,37.47445884
1631826900000,47274,47534.2,47242.5,47526.6,96.06171824
1631827800000,47526.6,47672.9,47526.6,47564.8,35.63327212
1631828700000,47564.8,47684.6,47480.8,47669,68.87266615
1631829600000,47669.1,47782.9,47622.1,47637.8,98.66683313
1631830500000,47637.8,47670.5,47575.3,47591,90.2766843
1631831400000,47591,47669,47580.9,47580.9,47.43262063
1631832300000,47580.9,47643.1,47531,47627.4,42.17137954
1631833200000,47627.4,47849.7,47566.2,47723.8,119.83982136
1631834100000,47723.8,47823.7,47710.9,47783.4,56.85939428
1631835000000,47783.4,47948.7,47731.3,47799,116.18922353
1631835900000,47799,47825.6,47740.2,47741.7,58.23309995
1631836800000,47741.6,47871.7,47684.5,47845.7,45.63149456
1631837700000,47845.8,47877,47694,47705.4,47.11063239
1631838600000,47705.4,47760.9,47636.8,47684.5,87.56801955
1631839500000,47684.5,47756.6,47501.1,47501.9,137.86445068
1631840400000,47501.9,47611.8,47455.6,47606.9,119.58550207
1631841300000,47606.9,48000,47567.7,47957.6,169.78427803
1631842200000,47957.6,48103.1,47955.3,47993.2,91.75699146
1631843100000,47993.3,48038.2,47964.1,48027.7,89.21490894
1631844000000,48027.7,48067.3,47881.6,47917.4,71.44825856
1631844900000,47917.4,47927.5,47809.2,47809.3,119.47133148
1631845800000,47809.3,47844.8,47773,47783.5,123.91299537
1631846700000,47783.4,47833.3,47727.7,47739.3,94.06915669
1631847600000,47739.4,47819.7,47718.9,47819.7,71.78297595
1631848500000,47819.8,48000.2,47804.1,47985.9,86.97451309
1631849400000,47985.9,48070.9,47904,47967.9,139.68185992
1631850300000,47968,47968,47840.7,47897.7,76.18924187
1631851200000,47897.7,47955.3,47804.4,47860.2,75.26301189
1631852100000,47860.2,47941.8,47741.7,47941.8,73.55552968
1631853000000,47944.6,48027.8,47928,47981,44.16086749
1631853900000,47981,48141.7,47918.6,48079.7,63.15095729
1631854800000,48079.7,48152.6,48013.1,48017.3,31.39670638
1631855700000,48017.4,48085.1,47939.8,47996.6,46.49257239
1631856600000,47996.6,48068.2,47991.4,48012.2,50.52016506
1631857500000,48012.1,48071.6,47955,48042.9,69.75944883
1631858400000,48042.9,48079.4,47886.2,47893.2,90.6180183
1631859300000,47893.2,47898.1,47825.1,47860.6,62.08823797
1631860200000,47860.6,47920.3,47810.6,47887.4,74.95929577
1631861100000,47883.1,48099.8,47877.4,48057,98.82391124
1631862000000,48056.9,48135.8,48024.9,48027.8,94.53463609
1631862900000,48027.8,48027.8,47845.4,47899.7,97.58837989
1631863800000,47899.7,47980.8,47820,47846.6,85.92946836
1631864700000,47846.6,47887.5,47655.9,47720.9,76.51252194
1631865600000,47720.9,47887.5,47644.8,47861.4,149.8671106
1631866500000,47861.3,47960.2,47840.2,47927.6,100.181566
1631867400000,47927.6,47975.8,47810.3,47810.4,54.03399517
1631868300000,47810.4,47975.7,47810.4,47917.3,94.96515904
1631869200000,47917.3,47986.2,47773,47796.6,100.81527141
1631870100000,47796.6,47892.6,47776.3,47887.4,56.44273329
1631871000000,47887.4,47912.2,47725.4,47758,59.7482916
1631871900000,47758,47848.9,47700,47725.1,94.85000488
1631872800000,47725,47782.6,47590.9,47642.2,83.93241978
1631873700000,47642.3,47714.3,47471.4,47580.6,189.61438137
1631874600000,47580.7,47651.8,47377.6,47492.2,155.18157044
1631875500000,47492.2,47543.6,47320.6,47456.8,241.28292277
1631876400000,47456.8,47549.4,47372.4,47531.1,51.07979988
1631877300000,47531.1,47752.2,47518.1,47632.6,84.43442362
1631878200000,47632.6,47643,47447.6,47518.1,117.74062294
1631879100000,47518.1,47518.2,47273.7,47406.6,136.06646591
1631880000000,47406.6,47406.6,47224.1,47351.6,101.45165768
1631880900000,47351.6,47512.8,47302.6,47485.4,38.4889617
1631881800000,47485.5,47510,47367.2,47481.6,33.71050925
1631882700000,47481.7,47481.7,47348.3,47459.6,29.16165381
1631883600000,47459.6,47463.6,47327.5,47385.4,23.11960271
1631884500000,47385.5,47419.3,47133.3,47200.9,81.46160273
1631885400000,47200.9,47440.2,47174.9,47306,45.9170822
1631886300000,47306.3,47413.2,47238.4,47240.1,33.23510534
1631887200000,47240.1,47481.5,47216.4,47474,54.26342781
1631888100000,47474,47564.9,47428,47447.8,61.42621141
1631889000000,47447.9,47476.6,47353,47361.4,17.83695338
1631889900000,47361.5,47520.8,47305.7,47486,50.91238608
1631890800000,47486,47532.3,47421,47507.6,29.51579955
1631891700000,47507.7,47597.1,47471.2,47495.3,28.09102032
1631892600000,47498.1,47592,47442.7,47576.9,32.34124665
1631893500000,47576.9,47636.9,47461,47519.9,31.4151234
1631894400000,47520,47520,47356.5,47504.4,47.79921199
1631895300000,47504.5,47638.1,47502.4,47610.4,20.93903922
1631896200000,47610.3,47766.9,47588.2,47632.5,66.04057713
1631897100000,47632.6,47726.2,47596.1,47617.1,10.52063924
1631898000000,47617.1,47679.4,47575.3,47575.7,33.1208961
1631898900000,47575.7,47575.8,47503.2,47513.3,7.26243845
1631899800000,47513.3,47571.4,47505,47509,5.02981174
1631900700000,47509.2,47518.4,47217.9,47247.6,42.32091191
1631901600000,47247.6,47320.4,46888,46902.6,195.63716184
1631902500000,46901.2,47057.2,46752.3,46932.2,165.77074227
1631903400000,46927,47031,46880.3,46942.7,102.43376491
1631904300000,46942.6,47191.7,46927.7,47182,39.17375069
1631905200000,47181.9,47218.3,47080.3,47129.9,18.80806559
1631906100000,47129.9,47291.1,47103.9,47281.7,95.55317798
1631907000000,47281.7,47327.4,47232,47322.3,7.8585824
1631907900000,47322.3,47551.1,47280.8,47503.9,47.05246683
1631908800000,47504,47578.7,47358.6,47369.2,29.49493944
1631909700000,47369.1,47389.9,47155.8,47180.8,31.36125656
1631910600000,47180.8,47254.3,47057,47187.5,13.82021507
1631911500000,47187.2,47187.2,46960.7,46984.3,35.20305647
1631912400000,46980.2,47110.1,46778.4,47072,100.47584581
1631913300000,47069,47069,46937.9,47045.8,27.39569507
1631914200000,47045.8,47202.7,47045.8,47091,19.42140241
1631915100000,47090.5,47274.6,47086.3,47274.4,14.92997386
1631916000000,47274.4,47431.2,47260,47385.2,96.53661354
1631916900000,47384.6,47434.7,47296.2,47306.6,15.36897957
1631917800000,47306.7,47336.6,47250.3,47265.8,36.21382088
1631918700000,47265.9,47301.4,46902.7,46958.3,74.84777131
1631919600000,46958.3,47105.2,46895.9,47097.2,20.90612333
1631920500000,47097.1,47270.2,47057.1,47074.3,23.00190359
1631921400000,47074.4,47265.2,47074.4,47228.7,16.33858622
1631922300000,47228.6,47311.9,47181.9,47296.3,9.74222257
1631923200000,47300,47357.1,47137.3,47337.4,54.89570527
1631924100000,47338,47338,47176.7,47197.5,44.86390436
1631925000000,47197.4,47244.3,47100.1,47118.1,41.47342908
1631925900000,47118.1,47392.4,47026.2,47388.9,93.7820974
1631926800000,47388.9,47565.2,47337,47535.5,70.76552016
1631927700000,47535.4,47603.3,47420,47507.6,38.47764028
1631928600000,47507.6,47677.2,47478.3,47639,64.609728
1631929500000,47639,47692.9,47580.7,47605.2,48.55001483
1631930400000,47606.8,47636.6,47545,47584.3,63.49078974
1631931300000,47584.3,47697.7,47568.8,47605.2,41.42055174
1631932200000,47605.1,47657.4,47602.5,47650.6,67.93645613
1631933100000,47650.6,47672.9,47616,47649.3,34.20804299
1631934000000,47649.3,47765.5,47649.3,47724.9,66.07116438
1631934900000,47724.9,47944.7,47724.8,47825.4,110.59550759
1631935800000,47825.5,47912,47780.2,47811.2,23.27288336
1631936700000,47811.2,47985.9,47811.1,47927.6,44.21984474
1631937600000,47927.6,48039.9,47916.1,47961.5,83.71557222
1631938500000,47961.5,48114.2,47961.5,48099.2,100.16958328
1631939400000,48099.2,48341,48099.2,48259.1,165.5195584
1631940300000,48259.1,48341,48172.2,48333.2,136.5242524
1631941200000,48333.2,48445,48290,48305.6,88.91749268
1631942100000,48305.6,48421.7,48305.6,48321,65.16777219
1631943000000,48321.1,48407.5,48311.2,48402.6,49.84338875
1631943900000,48402.6,48765.3,48402.6,48667.1,488.73973785
1631944800000,48669.7,48779.9,48649,48685.4,187.64805001
1631945700000,48685.3,48685.4,48610.2,48612.7,125.73934906
1631946600000,48612.7,48664.6,48505.6,48648.2,100.77703386
1631947500000,48648.8,48730,48550.2,48602.2,56.1725983
1631948400000,48602.1,48732.1,48596.9,48706.8,61.7571284
1631949300000,48706.8,48716.5,48610.7,48615.1,66.15640969
1631950200000,48615.2,48645,48520.4,48520.4,41.0017264
1631951100000,48520.4,48636.7,48511.8,48627.5,57.51250514
1631952000000,48627.4,48739.6,48627.4,48669.8,65.17094388
1631952900000,48669.9,48695.7,48623,48638.1,41.82696812
1631953800000,48638.1,48758.1,48638.1,48655.6,41.54509289
1631954700000,48655.6,48664.6,48570.9,48655.6,53.56707096
1631955600000,48654.1,48734.9,48650.9,48685.3,98.40157299
1631956500000,48685.3,48822.7,48572.2,48572.2,178.56479496
1631957400000,48572.2,48628,48464.6,48516.2,115.37838259
1631958300000,48516.2,48633.3,48514.4,48617.7,54.53822715
1631959200000,48617.7,48666.8,48541.4,48584.8,65.10635541
1631960100000,48584.8,48685,48567.7,48627.7,47.65772345
1631961000000,48627.7,48695.7,48596.9,48607.4,826.78203832
1631961900000,48607.4,48617.7,48563.2,48576.1,683.23390656
1631962800000,48576.2,48643.7,48563.2,48563.2,375.40633273
1631963700000,48563.3,48620,48560.6,48581.3,377.52754386
1631964600000,48581.2,48633.3,48567.7,48588.9,567.64301853
1631965500000,48588.9,48591.6,48313,48357.7,440.28585956
1631966400000,48357.7,48671.5,48251.8,48586.6,504.16525724
1631967300000,48586.5,48674.5,48493.4,48493.4,462.15263822
1631968200000,48493.5,48597,48320.7,48414.8,468.0597678
1631969100000,48414.8,48464.9,48319.2,48357.7,624.34074183
1631970000000,48357.6,48474.7,48354.8,48420.2,402.60039524
1631970900000,48422.6,48538.3,48420,48486.8,561.71978254
1631971800000,48486.8,48486.8,48364.9,48401.8,372.40708606
1631972700000,48401.8,48462.2,48325.7,48446,868.89113745
1631973600000,48446.1,48518,48404.9,48438.9,269.77651281
1631974500000,48438.9,48512.2,48435.9,48506.1,480.11461266
1631975400000,48506.2,48506.2,48375,48404.6,337.00998427
1631976300000,48404.6,48487.4,48404.6,48472.4,93.58838212
1631977200000,48472.4,48511.4,48427,48460.3,227.31129424
1631978100000,48460.2,48501,48449,48468.7,114.18028091
1631979000000,48468.7,48536,48359.4,48404.5,164.87459989
1631979900000,48404.6,48415,48251.8,48406.1,287.94592492
1631980800000,48406.1,48517.5,48337.2,48383.2,501.11511066
1631981700000,48380.4,48380.4,48273.3,48286.9,412.43207177
1631982600000,48286.9,48300,48172.2,48253.6,510.73348726
1631983500000,48253.6,48313.6,48154.1,48212.1,447.56139452
1631984400000,48212,48238.1,48134,48134,555.05458871
1631985300000,48130.6,48261.4,48097.6,48250.4,298.80383561
1631986200000,48250.3,48330.2,48227.6,48308,129.49498984
1631987100000,48308,48372.1,48295.1,48331.6,205.2908253
1631988000000,48331.5,48331.6,48232.8,48271.3,62.10778144
1631988900000,48271.3,48416.1,48253.7,48388.9,67.04515362
1631989800000,48388.8,48388.9,48322.4,48342.1,199.16909993
1631990700000,48342.1,48342.1,48232.8,48300.5,144.36677339
1631991600000,48300.5,48300.5,48067.6,48175.6,51.57081868
1631992500000,48175.5,48230.3,48123.7,48199.9,29.00215803
1631993400000,48199.9,48199.9,48118.9,48158.9,134.05879438
1631994300000,48159,48264,48117.5,48264,142.41625538
1631995200000,48264.1,48266.2,47838.7,47905.2,260.22138274
1631996100000,47900.1,47957.3,47830,47864.6,44.07396835
1631997000000,47864.5,47954.9,47788.1,47914.5,279.41820103
1631997900000,47914.5,48023.4,47914.4,47977.7,138.92265859
1631998800000,47976.5,48092.5,47926,48087.2,17.12775309
1631999700000,48091.6,48092.2,48030,48087,16.53571864
1632000600000,48087,48087,47973.2,48014.4,370.06934845
1632001500000,48011.1,48012.1,47854.3,47874.4,6.7778457
1632002400000,47874.5,48045.7,47838.6,48024.9,20.03793053
1632003300000,48030,48077.2,47972.9,48077.2,4.42776703
1632004200000,48077.2,48081.5,47970,48009.1,222.62403444
1632005100000,48009.1,48056.9,47904.1,48056,162.36236069
1632006000000,48049.5,48352.5,47957.2,48264.1,95.3475229
1632006900000,48264.1,48367.9,48124,48198.3,35.74465194
1632007800000,48198.3,48201.7,48100,48118.4,182.50316246
1632008700000,48118.5,48337.4,48118.4,48305.5,209.99542498
1632009600000,48305.4,48372.1,48222.8,48253.6,324.35720341
1632010500000,48253.6,48253.7,48016.1,48035.1,250.28121082
1632011400000,48035.1,48122,47917.3,47946.9,141.97654432
1632012300000,47946.9,48003.4,47910.4,47936.3,77.11324446
1632013200000,47936.3,47936.3,47750.1,47868.4,237.63928761
1632014100000,47868.4,47868.4,47677.9,47717,352.26649019
1632015000000,47717,47786.5,47580.8,47784.8,178.88972573
1632015900000,47784.8,47908.4,47784.8,47869.5,41.29193659
1632016800000,47869.5,47869.5,47770.8,47864.4,39.74880277
1632017700000,47860.3,47998.6,47849,47994.4,398.86648715
1632018600000,47994.4,47994.5,47880,47890.6,43.54290813
1632019500000,47890.6,48016.4,47854,48010.3,39.66033926
1632020400000,48010.2,48037.1,47948,47968.4,141.6068945
1632021300000,47968.5,47968.5,47771.5,47859.3,251.57489392
1632022200000,47859.3,47918.6,47802,47915.9,126.66065181
1632023100000,47915.9,47943.2,47817.6,47843.7,47.60053834
1632024000000,47843.6,47963.3,47805.5,47951.2,80.81679556
1632024900000,47951.2,48030.9,47838.5,47838.5,414.16970748
1632025800000,47838.5,47856.2,47762.1,47786.8,55.32511441
1632026700000,47786.8,47854.1,47762.8,47838.6,162.02399792
1632027600000,47838.7,47876,47754.9,47861.9,123.45992227
1632028500000,47861.9,47932,47852.5,47905.5,162.94728016
1632029400000,47905.6,47958.1,47887.7,47945.9,247.38294841
1632030300000,47945.8,48020.4,47900.8,48001.9,111.64518181
1632031200000,48001.9,48097.8,47990.9,47990.9,106.11800358
1632032100000,47990.8,48010,47882.4,47944.8,277.99826686
1632033000000,47944.8,48034.9,47944.7,48004.6,137.00441667
1632033900000,48002.7,48134.9,47924.3,48124.7,208.41695653
1632034800000,48124.7,48225.7,48088,48145.2,53.5598726
1632035700000,48145.3,48149.4,48041.3,48056.9,404.77184944
1632036600000,48056.8,48093.4,48002.6,48007.1,29.45409359
1632037500000,48007.1,48162.1,47932,48152.7,90.0762302
1632038400000,48152.8,48298.4,48134,48249.2,115.79290011
1632039300000,48249.2,48256.3,48141.1,48178,401.36813402
1632040200000,48178.1,48313.7,48178,48304.4,53.36629028
1632041100000,48304.4,48304.5,48251.1,48260.3,21.57483981
1632042000000,48260.3,48337.3,48200,48200,42.1558959
1632042900000,48200,48233.7,48096,48150.4,176.27318889
1632043800000,48150.4,48196.4,48072.4,48171.3,257.47220592
1632044700000,48171.3,48216.5,48116.5,48116.5,137.54020802
1632045600000,48116.6,48162.8,48067.1,48070.5,71.56926925
1632046500000,48070.4,48119.4,48051.6,48119.3,221.50460945
1632047400000,48119.4,48149.5,48077.4,48125.2,221.44400599
1632048300000,48125.2,48171.3,48058.1,48058.1,59.62538195
1632049200000,48058.1,48072.5,47874.9,47895.6,120.33940085
1632050100000,47895.7,47935.5,47817.1,47843.8,160.52130486
1632051000000,47843.7,47843.8,47578.4,47662.4,261.64153343
1632051900000,47663.8,47663.8,47160.2,47322.8,508.56405549
1632052800000,47322.8,47396.5,47120.2,47373,311.46538642
1632053700000,47373,47422.4,47256.5,47282,194.29119421
1632054600000,47285.5,47332.2,47051.9,47218.8,298.66673564
1632055500000,47218.7,47271.6,47153.6,47266.4,138.20226215
1632056400000,47266.5,47386.1,47197.5,47365,62.29330797
1632057300000,47364.9,47365,47207.6,47261.1,131.24048219
1632058200000,47261.1,47340.7,47246,47328.8,98.46784486
1632059100000,47328.8,47380.7,47283,47318.5,33.59452638
1632060000000,47318.5,47543,47265.3,47505.7,139.44294803
1632060900000,47510.8,47577.3,47448.8,47452.3,118.31657987
1632061800000,47452.2,47617.7,47448.9,47594.6,51.72808108
1632062700000,47594.6,47706.9,47577.2,47578.4,51.12595632
1632063600000,47578.3,47677.3,47526.1,47552.3,37.4587126
1632064500000,47552.3,47707.3,47546,47650,35.14092914
1632065400000,47646,47765.4,47609.6,47694.9,37.78304168
1632066300000,47694.8,47730,47647.9,47647.9,20.02377995
1632067200000,47648,47702.2,47500.1,47654.6,81.21274713
1632068100000,47654.5,47718.9,47605.1,47606.2,15.63597661
1632069000000,47606.2,47708.2,47518.5,47521.1,35.32108911
1632069900000,47521.2,47616.9,47521.1,47547.1,12.68893932
1632070800000,47547.1,47656.4,47537.2,47571.1,34.26791151
1632071700000,47573.1,47636.1,47386,47495.1,103.17993928
1632072600000,47495.2,47495.2,47335.3,47335.3,27.8129076
1632073500000,47335.4,47406,47290.3,47362.5,32.41179476
1632074400000,47362.5,47443.2,47297.6,47435.5,30.61411155
1632075300000,47435.6,47547.2,47376.1,47547.2,17.93588837
1632076200000,47547.2,47786.5,47542.7,47676.4,78.25521462
1632077100000,47676.5,47706,47583.3,47656.5,34.04431707
1632078000000,47656.5,47744.8,47630.4,47670.8,25.53177946
1632078900000,47670.8,47687.6,47559.5,47572,16.86752285
1632079800000,47572,47612.2,47517.9,47557.7,22.99849687
1632080700000,47557.6,47604.5,47348.3,47374.3,76.83697132
1632081600000,47372.9,47462.3,47273,47388.8,34.64216578
1632082500000,47388.8,47484.3,47360.1,47461.1,6.84616801
1632083400000,47461.1,47574.8,47432.9,47524.4,24.45550403
1632084300000,47524.4,47599.2,47489.9,47594.3,12.35208491
1632085200000,47594.2,47666.5,47550.7,47550.7,19.71695292
1632086100000,47550.7,47583.7,47387.7,47435.2,33.29654022
1632087000000,47435.2,47583.7,47433.8,47528,2.71512756
1632087900000,47528,47528,47353,47453.6,14.08199597
1632088800000,47453.7,47605,47383.7,47406.8,24.24143951
1632089700000,47401.8,47423,47021,47224.2,127.91451005
1632090600000,47226.9,47294,47024.6,47063.6,65.70797823
1632091500000,47063.6,47176.8,46833.5,47041.6,242.64550155
1632092400000,47039.9,47144.4,46979.1,47078,38.28826831
1632093300000,47079.8,47226,47053.2,47206.5,30.75215394
1632094200000,47206.5,47364,47188.6,47239.1,39.41143815
1632095100000,47239.1,47258.8,47157.7,47244.4,9.92799699
1632096000000,47244.4,47339.2,47052.6,47135.1,185.92607362
1632096900000,47135.2,47181.6,46800,46921.9,228.1199296
1632097800000,46916.8,47077.5,46800,47031.1,212.61673326
1632098700000,47031.1,47031.2,46865,46984.3,110.8639769
1632099600000,46984,47109.2,46907.8,47041.6,103.56474338
1632100500000,47041.7,47170.6,46990,47098.8,122.7655961
1632101400000,47098.8,47174.7,47078.6,47150.8,40.74450875
1632102300000,47150.8,47285.6,47104,47223.1,66.33845671
1632103200000,47223.1,47249.6,47161.2,47192.5,53.69631426
1632104100000,47192.5,47218.4,46910,46915.8,86.82122986
1632105000000,46915.8,46932.5,45810.1,45969.8,1723.7284794
1632105900000,45980,46118.6,45924.2,45944.2,280.09583642
1632106800000,45944.1,46064.2,45100,45535.3,1446.07924813
1632107700000,45540.5,45739.7,45489.7,45550.3,248.16363008
1632108600000,45550.3,45704.6,45500.1,45577,215.13883148
1632109500000,45577,45696.5,45500.3,45544,178.6454547
1632110400000,45544,45603,45337.6,45375.9,309.61179546
1632111300000,45375.9,45612.9,45353.3,45592.8,120.27941053
1632112200000,45592.9,45720.9,45571.6,45705.9,73.48909186
1632113100000,45706,45770.4,45631.8,45649.8,49.97779507
1632114000000,45649.8,45769.7,45637.8,45769.7,91.74837767
1632114900000,45769.7,45836.8,45743.2,45809.6,56.8866117
1632115800000,45809.7,45809.7,45644.4,45655.1,32.98369203
1632116700000,45655,45750,45608,45722.5,43.31783409
1632117600000,45722.6,45789.6,45609.8,45610.5,37.05327321
1632118500000,45610.5,45711.4,45505.7,45630.7,74.386845
1632119400000,45630.7,45670.3,45500.1,45540.7,121.55919607
1632120300000,45540.8,45648,45451.1,45634.3,139.33818848
1632121200000,45634.3,45784.9,45582.7,45608.1,112.07199786
1632122100000,45608.1,45623.7,45363.4,45388.9,116.77646624
1632123000000,45388.9,45445.4,44444,44826.7,1119.50228924
1632123900000,44826.6,45043.3,44641.7,44837,417.29906765
1632124800000,44832.2,45088.4,44670.5,44915.6,125.01894006
1632125700000,44915.3,45036.5,44858.8,44955.7,46.96349773
1632126600000,44952.9,45127.1,44925.6,45105.7,69.64548918
1632127500000,45105.7,45154.9,44982.6,45048.5,120.39634729
1632128400000,45048.4,45107.5,44888.1,45071.1,64.02765837
1632129300000,45071.1,45179.9,45000,45000.2,27.63016457
1632130200000,45000.2,45037.5,44904.7,44910,23.09093792
1632131100000,44910,44996.4,44746.7,44843.8,65.46118987
1632132000000,44843.7,44897.9,44481.3,44847.8,215.30450735
1632132900000,44847.9,45289.5,44831.9,44850.2,230.44595757
1632133800000,44850.2,44973.3,44516.1,44544,372.09573501
1632134700000,44544,44779.9,44285,44588.1,253.05141103
1632135600000,44588.1,44619.8,44000,44250.4,645.10920005
1632136500000,44250.4,44423.5,43600,43868.5,623.82191742
1632137400000,43868.5,44233.7,43385.1,43483.8,753.13641404
1632138300000,43484.9,43781.1,43228.1,43729,524.32865924
1632139200000,43729.1,44036,43457.5,43479.5,388.95568781
1632140100000,43479.4,43873.1,42953.2,43115.7,1163.01723537
1632141000000,43115.7,43340.6,42476.2,43218,1556.81282127
1632141900000,43220.1,43578.7,43160,43527.7,434.1400484
1632142800000,43527.8,43527.8,43143.1,43340.6,212.30068037
1632143700000,43340.5,43900,43257.4,43810.2,482.92300153
1632144600000,43811.2,43949,43600,43929.9,250.99914254
1632145500000,43929.9,44126.9,43761.8,44046.4,197.69048209
1632146400000,44046.5,44126.8,43882.9,43977.3,82.51671786
1632147300000,43977.3,44047.3,43721.2,43991.7,103.84265954
1632148200000,43991.6,44015.4,43811.4,43815,130.57699745
1632149100000,43814.9,43950,43715.9,43799.2,108.61529448
1632150000000,43804.3,43995.3,43435.1,43990.6,328.77129064
1632150900000,43990.5,43990.5,43860,43947.7,61.39035066
1632151800000,43947.3,44000.9,43750,43768.2,135.00613223
1632152700000,43768.2,43983.4,43652.9,43840.7,242.25087426
1632153600000,43840.6,43881.1,43568,43814.6,194.86618893
1632154500000,43814.5,44102.4,43724,44012.4,152.21909455
1632155400000,44012.4,44095.6,43973.5,44012.5,103.09951626
1632156300000,44012.4,44012.4,43828.8,43849.5,49.50082049
1632157200000,43849.5,43935.1,43736.6,43752.2,52.61608169
1632158100000,43752.2,43990.3,43731.7,43983.9,37.83512363
1632159000000,43983.9,44254.6,43849.7,44090.5,150.93713644
1632159900000,44090.5,44141.3,44022.8,44043.7,26.34533337
1632160800000,44043.7,44121.7,43885.9,43887.8,67.68453621
1632161700000,43887.8,43940,43592.9,43593,131.44078042
1632162600000,43592.9,43662.6,43233.9,43440.4,233.63037271
1632163500000,43440.4,43606.7,43316.9,43404.1,104.32518576
1632164400000,43404.1,43502.8,43076,43203.4,310.53840223
1632165300000,43203.4,43302.6,42891.4,43063,255.24124709
1632166200000,43063,43893.8,43062.5,43686.9,312.0707599
1632167100000,43686.9,43940,43570.4,43853.6,112.37969653
1632168000000,43853.6,43959.3,43777.5,43801.4,65.92413324
1632168900000,43806.7,43848.2,43640.2,43640.2,42.61914742
1632169800000,43640.3,43782.7,43359.4,43427,71.63301594
1632170700000,43427,43577.8,43219,43536.2,80.67658692
1632171600000,43536.2,43790,43432.1,43697.6,106.62440336
1632172500000,43697.6,43811.4,43635.1,43749.4,29.29511369
1632173400000,43749.3,43774,43674.8,43774,5.99931754
1632174300000,43774,43890,43478.9,43520.7,21.87976298
1632175200000,43520.7,43775.4,43520.7,43707.9,25.75236042
1632176100000,43707.9,43863.9,43692.2,43780.6,111.58367917
1632177000000,43780.6,43931.4,43754.5,43754.6,38.17852074
1632177900000,43754.6,43765,43045.5,43338.6,340.58088755
1632178800000,43338.6,43618.8,42943.3,43229.4,287.26723076
1632179700000,43229.4,43338.6,42650.1,42659.5,415.56874673
1632180600000,42659.5,42869,42536,42660.2,214.83888103
1632181500000,42659.1,43039.1,42652.3,43020.6,110.00408363
1632182400000,43016.9,43032.4,41915.3,42059,1237.81389837
1632183300000,42064.4,42371.1,40041.8,41068.4,5286.89182032
1632184200000,41071.5,42093.8,40800.8,41925.7,1775.4801957
1632185100000,41926.9,41981.2,41628.9,41658.5,306.32323113
1632186000000,41658.5,41971.2,41549.3,41625.1,254.05147575
1632186900000,41625,42267.6,41590.5,42209.9,312.23277859
1632187800000,42215.1,42822.3,42100.7,42624.1,710.73817731
1632188700000,42624.1,42800,42475.7,42756.2,205.650265
1632189600000,42756.3,42884,42509.8,42884,443.56610719
1632190500000,42884,42911.2,42688.7,42700,186.78644713
1632191400000,42700.1,42800,42639.5,42753.3,131.30318693
1632192300000,42753.3,43105.5,42753.2,42899.5,322.27474797
1632193200000,42894.3,42967.2,42817.4,42959.1,128.41988372
1632194100000,42959,42961,42753.9,42886.3,105.78887025
1632195000000,42886.3,42886.5,42655.1,42754.1,159.09949601
1632195900000,42754.1,42806,42579.3,42686.5,155.89256641
1632196800000,42686.5,42887.2,42463,42550,223.02735899
1632197700000,42550,42634.4,42332.2,42363.4,220.55958695
1632198600000,42363.5,42504.2,42311.9,42317.1,106.70180719
1632199500000,42317,42507.7,42308.2,42427.8,144.74428862
1632200400000,42427.8,42572,42332.6,42356.2,82.8099398
1632201300000,42356.1,42433.1,42174.9,42384.7,113.39820815
1632202200000,42384.7,42508.6,42369.1,42455.4,43.68559511
1632203100000,42455.5,42748.8,42370.6,42559.7,109.79177193
1632204000000,42561.5,42809.9,42552.9,42677.5,109.1633609
1632204900000,42678.8,42846.1,42634.2,42842.5,43.17238004
1632205800000,42842.5,43063.9,42735,42894.5,248.47928049
1632206700000,42894.5,42898.6,42743.6,42894.5,50.34613248
1632207600000,42894.5,42990,42855,42909.9,30.6315463
1632208500000,42910,42977.7,42821.6,42936,22.61925842
1632209400000,42941.2,43215.9,42667,43126.1,175.71298143
1632210300000,43123.4,43335.7,43057.2,43305.3,204.80821873
1632211200000,43305.3,43305.3,43121.4,43132.2,101.07397807
1632212100000,43132.2,43234.2,43055,43232,62.55073321
1632213000000,43232,43407.7,43098.7,43360.4,181.56893331
1632213900000,43360.3,43470,43257.2,43261.1,119.02572974
1632214800000,43261.1,43427.2,43099.3,43188.3,118.05964855
1632215700000,43188.3,43281.9,43125.8,43221.9,58.97285885
1632216600000,43221.9,43328,43214.1,43266.2,34.00248689
1632217500000,43266.2,43327,43075,43155.5,50.15443491
1632218400000,43155.6,43257.9,43110.1,43131,27.87417979
1632219300000,43131.1,43281.8,43070,43203.7,39.89050033
1632220200000,43203.8,43432.7,43110.1,43354.2,45.56099255
1632221100000,43354.2,43635.5,43341.4,43437.2,161.0702464
1632222000000,43437.2,43513.1,43294.3,43298.5,41.45835919
1632222900000,43299.3,43497.8,43294.3,43497.8,29.94901271
1632223800000,43497.8,43559,43385.7,43423.7,30.02355874
1632224700000,43423.7,43463.9,43235,43291.5,57.3078568
1632225600000,43291.5,43545.2,43147.9,43367.1,127.13959094
1632226500000,43359.1,43413.6,43074.9,43294.3,147.25753138
1632227400000,43294.3,43343.2,43089.4,43190,78.78841678
1632228300000,43190,43372.9,43117.7,43117.7,57.722469
1632229200000,43121.1,43198.6,42928.2,42950.1,144.00050836
1632230100000,42950.1,43131.1,42831.3,43109.5,62.51703823
1632231000000,43106.9,43271.4,42917.8,43198.6,75.36378168
1632231900000,43201.3,43325,43090.6,43130.9,65.42079966
1632232800000,43130.9,43171.8,42477.9,42598.1,425.88287984
1632233700000,42598,42836.6,42475.1,42694.9,116.52102521
1632234600000,42694.9,42746.8,42585.5,42585.5,50.38554095
1632235500000,42585.6,42637.6,42165.9,42434.6,251.2852575
1632236400000,42434.7,42661.5,42325.5,42616.5,145.63183617
1632237300000,42616.5,42703.7,42580.3,42658.4,45.02659778
1632238200000,42658.4,43347.5,42597.4,43126.4,340.28017154
1632239100000,43125,43125,42996.1,43081.1,51.86604962
1632240000000,43081.1,43264.5,42985.9,43018.3,77.57772985
1632240900000,43018.2,43121.2,42762.4,43032.9,175.95166941
1632241800000,43032.9,43032.9,42486.6,42632.4,185.59119962
1632242700000,42632.4,42726.4,42361.9,42443,228.2603769
1632243600000,42443,42594.9,42312.9,42351.5,196.47982262
1632244500000,42351.4,42455.5,41813.5,42131.5,501.55316214
1632245400000,42131.6,42173.2,41676.1,41849.6,183.27864308
1632246300000,41849.7,41902.7,41500,41694.6,300.81061861
1632247200000,41694.6,42445.9,41632.2,42333,684.28814233
1632248100000,42332.2,42832.6,42284.7,42391.5,559.71175026
1632249000000,42391.5,42471.9,42124.1,42217,120.0966779
1632249900000,42217.1,42564.6,42085.6,42196.1,116.74470625
1632250800000,42196.2,42387.9,41736.8,41772.5,186.24103135
1632251700000,41773.6,42085.2,41720.5,41955.2,98.25183884
1632252600000,41955.2,42475.2,41942.2,42298.4,275.5016854
1632253500000,42293.2,42303.6,42002,42012.4,67.59789848
1632254400000,42012.4,42319.1,41737.1,41770.9,187.87446894
1632255300000,41767.9,42000.3,41558,41612,222.9889129
1632256200000,41611.9,41674.3,40812.3,41190.2,888.7887841
1632257100000,41190.1,41384.4,40732.1,40942.3,646.3139909
1632258000000,40942.3,41174.2,40319.9,40325.1,1190.02261431
1632258900000,40325.1,41298.5,39566.8,40974.4,2809.72196202
1632259800000,40974.5,41787.6,40971.5,41758,167.39780966
1632260700000,41758,41933.3,41345.6,41387.3,147.62028238
1632261600000,41387.3,41590.4,41260.2,41470.6,101.8372417
1632262500000,41465.7,41647.4,41031.4,41184.4,190.60075033
1632263400000,41184.3,41271.7,40877.9,41038.9,174.05714585
1632264300000,41038.9,41101.2,40462.9,40512.8,214.82278656
1632265200000,40517.9,41057.8,40412,40821.8,243.27864731
1632266100000,40818.5,40955.4,40423.3,40605.4,168.38236396
1632267000000,40607.7,40626.2,40214,40314.3,246.41032672
1632267900000,40314.2,40745.7,40314.1,40730.3,287.28323371
1632268800000,40724.5,41482.4,40575,41331.1,852.60729797
1632269700000,41331.2,41331.2,41035.1,41131.6,322.42267689
1632270600000,41126.3,41140.2,40595.8,40697.1,361.98259173
1632271500000,40697.2,41030,40572.3,41014.2,231.72644725
1632272400000,41014.3,41914,40811.4,41781.5,852.14061014
1632273300000,41775.6,42199.8,41768.4,42108.9,628.61044499
1632274200000,42109,42222.1,41929.4,42171.3,173.78792056
1632275100000,42162.3,42361.1,42061,42193.8,265.90980131
1632276000000,42193.8,42282.8,41970,42200.1,179.42159833
1632276900000,42200.1,42209.9,41908.7,41950.4,237.67237393
1632277800000,41950.4,42123.9,41893.1,42113.3,164.09392542
1632278700000,42115.7,42206.5,42025.6,42029.3,186.58024974
1632279600000,42029.3,42261.7,42007.5,42220.6,125.93967075
1632280500000,42220.6,42405.8,42147.9,42197.8,107.14823209
1632281400000,42197.8,42371.6,42083.4,42186.5,124.60785922
1632282300000,42186.5,42245.6,42023.2,42055.1,288.27425081
1632283200000,42055.1,42179.1,41934.6,42144.9,59.1088575
1632284100000,42147.7,42204.9,42007.9,42023.1,39.55462035
1632285000000,42023.1,42025.8,41827.8,41856.7,103.70178175
1632285900000,41856.6,42049.2,41852.2,41895.3,21.28642209
1632286800000,41895.3,42095.9,41895.3,42040,92.27707075
1632287700000,42040,42216.8,42007.5,42168.7,108.13605994
1632288600000,42168.7,42184.2,41846.1,41856.6,55.16915617
1632289500000,41856.6,42045,41856.6,42012.6,24.08481419
1632290400000,42012.6,42038.7,41858.1,42002.5,83.938078
1632291300000,42002.5,42184.2,42002.2,42090.6,82.01464684
1632292200000,42090.6,42355,42080.2,42284.5,266.13638406
1632293100000,42284.5,42330,42190.8,42322,1011.91412804
1632294000000,42324.5,42418.7,42145,42201.1,996.44791592
1632294900000,42201.1,42314.9,42194.6,42255.1,526.43714371
1632295800000,42255.1,42605.5,42246.7,42587.9,1484.98312931
1632296700000,42587.9,42735,42519.9,42544.9,1474.1836324
1632297600000,42544.9,42618.1,42406.2,42477.3,941.18416916
1632298500000,42477.4,42539.6,42370.1,42386.4,849.4749024
1632299400000,42386.4,42409.7,42269.4,42328.8,549.17127961
1632300300000,42328.7,42446.9,42250,42290.1,225.17339835
1632301200000,42290.1,42371.1,42145,42206.9,41.73046876
1632302100000,42206.9,42338,42153.6,42313.1,33.64770159
1632303000000,42313.1,42440.9,42212,42212,57.48047364
1632303900000,42212,42389,42191.2,42388.9,58.50719538
1632304800000,42388.9,42497,42276.2,42285.3,34.11729176
1632305700000,42285.3,42389,42166.9,42192.5,42.38582769
1632306600000,42192.5,42318.1,41962.5,41992.5,93.79509661
1632307500000,41992.2,42165.3,41965.8,42154.9,68.18973321
1632308400000,42154.9,42205.2,42008.8,42123.9,71.92388487
1632309300000,42123.9,42145,42014.2,42025,61.17274355
1632310200000,42025,42056.1,41851.5,41863.1,84.1641804
1632311100000,41863.1,42038.8,41863.1,41940,51.79163963
1632312000000,41940,42037.9,41882.6,41908.6,41.09545608
1632312900000,41908.7,42125,41908.6,41982.7,51.04316526
1632313800000,41982.8,42163.6,41977.4,42090.9,38.08892635
1632314700000,42090.9,42235,42090.6,42184.5,63.43651111
1632315600000,42184.6,42669.6,42108.3,42454.6,173.33059919
1632316500000,42454.6,42520.4,42231.2,42258.4,87.01579077
1632317400000,42258.4,42345.7,42158.3,42158.4,95.3687458
1632318300000,42158.3,42380,42075.1,42371.5,96.85099874
1632319200000,42371.5,42588.9,42278.2,42428.7,145.69239379
1632320100000,42428.7,42574.3,42383.7,42501.5,68.91799046
1632321000000,42501.5,42550,42417.6,42537.9,54.37425251
1632321900000,42538,42563.2,42279.5,42319.5,59.16542536
1632322800000,42319.6,42641.9,42319.6,42611.4,81.67895133
1632323700000,42611.4,42909.8,42479.2,42806,155.29407509
1632324600000,42801.7,43161.1,42725.5,43029.5,230.03989098
1632325500000,43029.5,43299.8,42951.5,43221.7,118.89536707
1632326400000,43221.8,43460,43083.5,43327.3,161.63481989
1632327300000,43327.3,43426.5,43206.8,43207,62.50730558
1632328200000,43207,43395.4,43137.6,43312,67.36244814
1632329100000,43312.8,43400,43267.8,43340.1,28.94972057
1632330000000,43340.1,43400,43136.1,43234.1,140.11579924
1632330900000,43234.1,43234.2,42932.5,43052.1,127.7929372
1632331800000,43052.1,43340.8,43052.1,43182.5,572.33954197
1632332700000,43182.4,43268.3,43106.7,43130.1,43.4281456
1632333600000,43135.3,43975.4,42927.3,43951,594.90033144
1632334500000,43951,44035,43816.5,43907.7,215.16975946
1632335400000,43907.7,43925.8,43196.9,43538,349.01490268
1632336300000,43530.6,43530.6,43049.5,43140.4,167.59110485
1632337200000,43137.4,43333.9,42870.3,43302.2,187.98969666
1632338100000,43302.2,43556.5,43246.5,43452.9,95.20067642
1632339000000,43452.9,43509.8,43384.9,43478.6,24.98560651
1632339900000,43478.6,43481.5,43338,43405.8,27.7463864
1632340800000,43400.6,43416.2,43181.1,43253.6,52.56760004
1632341700000,43253.6,43427.3,43253.6,43385,15.75480485
1632342600000,43385,43530.6,43368.6,43459.5,22.36800578
1632343500000,43459.5,43503.9,43343.3,43424.4,19.56882392
1632344400000,43424.4,43616.6,43324,43540,44.12492849
1632345300000,43540,43540.1,43431.8,43519.9,26.16055832
1632346200000,43519.9,43653.5,43340.5,43340.5,29.91137151
1632347100000,43340.5,43375.7,43031,43244.5,63.76748406
1632348000000,43244.5,43556.6,43244.4,43353.8,50.20633356
1632348900000,43353.9,43364.2,43187.3,43239.2,38.10840043
1632349800000,43239.2,43502.2,43223.6,43457.7,63.07469555
1632350700000,43457.7,43564.2,43382.2,43515.2,46.5419295
1632351600000,43515.2,43607.8,43488.1,43572.5,63.87321547
1632352500000,43572.5,43603.3,43474.1,43506.8,28.42535267
1632353400000,43506.8,43681.5,43506.8,43530.5,54.18151902
1632354300000,43530.5,43608.4,43521,43551.4,24.55948721
1632355200000,43551.4,43862.5,43376.8,43625.2,301.000267
1632356100000,43625.3,43634.7,43276.7,43284.9,246.67427613
1632357000000,43284.9,43530,43260.7,43273.5,153.08498992
1632357900000,43273.5,43312.1,43118.5,43192.4,143.19344567
1632358800000,43192.4,43271.3,43075.8,43130.1,133.9251654
1632359700000,43130.2,43347.5,43120.2,43280.9,72.46186098
1632360600000,43275.7,43457.8,43275.7,43426.5,72.94774091
1632361500000,43426.5,43674.6,43422.6,43624.1,194.28510256
1632362400000,43624.1,43671,43494.2,43499.2,700.74554498
1632363300000,43499.2,43723,43489,43676.1,819.0337042
1632364200000,43676.1,43797.9,43603.3,43721.3,549.13709108
1632365100000,43721.3,43733.5,43650.3,43701.3,69.39652002
1632366000000,43701.3,43747.2,43622.4,43681.4,273.01454175
1632366900000,43681.4,44196.8,43671.9,44149.5,240.74299083
1632367800000,44149.5,44199.2,43964,44001.7,472.10463864
1632368700000,44001.7,44094,43942.1,44075.1,66.42725719
1632369600000,44075.1,44182.1,44026.8,44126.5,92.92333539
1632370500000,44126.5,44162,44055.4,44147.5,38.27748133
1632371400000,44147.5,44297.6,44121.4,44133.1,167.91450531
1632372300000,44133.1,44152.7,44026.3,44038.1,76.99278773
1632373200000,44038.1,44129.9,43990.2,44111,100.76263499
1632374100000,44111,44127.9,43767.7,43830.2,148.7465061
1632375000000,43830.3,43858.7,43726.1,43823,62.86242372
1632375900000,43823,43968.9,43823,43888.9,103.90326821
1632376800000,43888.9,43968.7,43784.9,43817.1,229.55809718
1632377700000,43817.1,43870.7,43711.8,43746.9,366.6442
1632378600000,43746.9,43870.3,43746.9,43856.8,53.80802657
1632379500000,43856.8,44400,43835.2,44293.1,289.98226543
1632380400000,44293.1,44324.1,43964,43964,192.05679163
1632381300000,43960.1,44150.8,43960.1,44105.3,560.37544641
1632382200000,44105.3,44246.9,44079.6,44157.2,73.94111916
1632383100000,44152.5,44268.7,44032.8,44240.3,73.34747302
1632384000000,44240.3,44300.9,44126.6,44130.5,91.7791774
1632384900000,44130.6,44180,44043.3,44168.2,80.28738984
1632385800000,44168.1,44209.7,43876.8,43951.8,140.07091469
1632386700000,43951.7,44014.1,43831.4,43866.5,137.59566761
1632387600000,43866.5,44145.9,43800,44101.1,147.2661776
1632388500000,44101.1,44204.7,44022.5,44032.8,79.24821906
1632389400000,44032.8,44086.4,43892.4,44058.8,112.0888734
1632390300000,44058.8,44082.9,43955.8,43991.4,36.41113691
1632391200000,43991.4,44142.7,43684.5,43741.7,267.84624563
1632392100000,43741.7,43845.6,43442.7,43571.2,287.67961857
1632393000000,43567.2,43720.8,43503.2,43720.7,68.25928118
1632393900000,43720.7,43814.1,43669.4,43767.6,66.71625247
1632394800000,43767.6,43814,43570.1,43585.6,131.01692409
1632395700000,43585.6,43798.9,43518.6,43668.9,157.24345065
1632396600000,43669,43778,43510,43571.2,162.68162564
1632397500000,43571.2,43645.8,43362.4,43645.8,122.0151278
1632398400000,43645.8,43749.9,43405.4,43497.2,108.13157409
1632399300000,43497.3,43582.8,43400,43554.5,44.99201735
1632400200000,43554.5,43935.5,43497.2,43777.9,106.09204413
1632401100000,43777.9,43778,43434.8,43510,136.29535051
1632402000000,43509.9,43611.7,43424.4,43597,78.11563321
1632402900000,43597,43686.7,43573.9,43686.7,41.54686585
1632403800000,43689.2,44098.9,43648.1,44077.5,144.22737513
1632404700000,44077.5,44170.6,43991.2,44024.9,92.10046655
1632405600000,44024.9,44162.9,43954.9,44084.2,88.09528428
1632406500000,44084.2,44255,44038.1,44096.5,127.88767539
1632407400000,44095.4,44180,44044,44103.8,45.88294513
1632408300000,44103.9,44146.7,44032.9,44142.1,240.66520006
1632409200000,44142.1,44194.1,44017.1,44098.9,217.37025238
1632410100000,44098.9,44168.3,43883,43931.3,249.00810482
1632411000000,43931.3,43931.3,43788.5,43871.6,250.65526913
1632411900000,43871.6,43871.7,43668.8,43748.1,251.76076127
1632412800000,43748.1,43864.1,43620.9,43674.1,205.02238443
1632413700000,43674.1,43797.2,43651.2,43705.3,212.63906464
1632414600000,43705.4,43892.1,43697.9,43798.9,227.54345876
1632415500000,43793.6,43850.9,43746.9,43793.5,174.26012678
1632416400000,43793.6,44365.7,43793.6,44350.6,386.42679501
1632417300000,44350.5,44751.5,44350.4,44682.9,428.26595336
1632418200000,44683,44886.9,44627.4,44753.9,214.26223489
1632419100000,44753.9,44940.1,44748.7,44811.1,373.67658383
1632420000000,44811.1,44908.1,44530.3,44585.5,277.32028394
1632420900000,44581.6,44841.1,44470,44789.3,288.59822921
1632421800000,44789.3,44846.2,44587.4,44634.1,227.49569811
1632422700000,44634,44790.4,44634,44736,134.24395398
1632423600000,44736,44815.9,44690.5,44790.3,146.28887421
1632424500000,44790.2,44847.1,44582.3,44586.2,195.83931041
1632425400000,44586.2,44797.8,44571.8,44729,181.49542184
1632426300000,44729,44779.9,44682.6,44769.4,122.85701908
1632427200000,44769.4,44811,44631.4,44685.6,175.68744128
1632428100000,44681.1,44681.3,44480,44560.4,200.26805977
1632429000000,44560.4,44660.9,44519.9,44655,165.19635874
1632429900000,44655,44714.2,44546.2,44681.1,193.94722516
1632430800000,44681.1,44736.4,44587.4,44654.9,169.13317916
1632431700000,44654.8,44723.2,44638.4,44666.5,17.56968584
1632432600000,44666.5,44681.2,44554.2,44574.6,13.85140169
1632433500000,44574.6,44660.3,44574.6,44660.1,6.80659784
1632434400000,44660.1,44837.1,44660.1,44748,28.17677237
1632435300000,44748,44763.7,44363.9,44535.4,82.53155889
1632436200000,44534,44750,44464.5,44731.5,33.0212572
1632437100000,44731.5,44979.5,44684.1,44797.2,60.5041973
1632438000000,44795.4,44839.7,44596.5,44650.1,81.00163476
1632438900000,44650.1,44868.4,44650.1,44827.5,32.17043161
1632439800000,44827.5,44873.5,44795.4,44870.1,27.23821916
1632440700000,44870.1,44886,44780.3,44866.9,27.67441762
1632441600000,44866.9,44981,44715.7,44829,234.34630758
1632442500000,44829,44920.4,44764.4,44868.4,123.85522689
1632443400000,44868.3,44884.1,44700,44795.4,388.82963473
1632444300000,44795.4,44836.3,44613.4,44648.9,1064.29511782
1632445200000,44648.9,44753.9,44648.9,44712.5,439.325761
1632446100000,44712.5,44712.5,44543.7,44639.5,711.35402069
1632447000000,44639.5,44712.3,44567.7,44681.1,679.14298663
1632447900000,44681.1,44782.7,44384.8,44462.3,1197.71163358
1632448800000,44462.3,44524,44282.5,44467.9,772.50078094
1632449700000,44467.9,44556.4,44368.1,44389.9,385.2321087
1632450600000,44390,44470.1,44324,44410.7,661.32237805
1632451500000,44410.7,44452.4,44319.1,44448.7,286.14602223
1632452400000,44448.8,44556.2,44382.2,44530.2,482.6876012
1632453300000,44530.2,44546.3,44436.1,44541.3,477.17980767
1632454200000,44541.3,44555.6,44437.7,44452.3,340.07057817
1632455100000,44452.3,44457.6,44218.5,44283.6,717.06560705
1632456000000,44283.6,44389.4,44027,44134.7,922.06952558
1632456900000,44134.7,44263.7,44077.5,44175.6,322.76797521
1632457800000,44175.6,44310.2,44171.1,44291.1,244.01494637
1632458700000,44291.1,44313.8,44191.9,44264.1,195.26270815
1632459600000,44264.1,44284.9,44103.5,44149.3,255.79388066
1632460500000,44149.4,44150.3,43900.7,44019.5,420.14294741
1632461400000,44019.5,44166.2,43926.7,44124.6,294.67102904
1632462300000,44124.6,44218.1,44103.8,44218,73.44691871
1632463200000,44218.1,44366.3,44136.1,44321.2,290.79204994
1632464100000,44321.2,44431.9,44321.2,44373.7,191.8040082
1632465000000,44373.7,44388.2,44181.7,44238.6,253.96526332
1632465900000,44238.6,44290.8,44126.2,44134.7,229.89680814
1632466800000,44134.7,44759.2,44124.3,44634,649.5245936
1632467700000,44634.1,44786.8,44591.9,44649.7,204.14437132
1632468600000,44649.6,45133,44574.9,44996.6,559.95150443
1632469500000,45000,45159.6,44819.4,44819.7,333.5635421
1632470400000,44821.2,45024.6,44800,44941.4,205.58932982
1632471300000,44941.3,45069.7,44906.8,45034.9,151.11900152
1632472200000,45039.9,45049.8,44880,44896.5,192.25320995
1632473100000,44896.5,44896.6,44412.8,44509.4,167.52461334
1632474000000,44509.5,44519.8,43332.6,43491,909.80108576
1632474900000,43490.9,43491,42656,42775.6,1141.40245235
1632475800000,42775.6,43174.9,42758.5,42992.5,557.86569869
1632476700000,42994.1,43029,42343.3,42355.4,595.74005972
1632477600000,42355.4,42703.5,42195.6,42666.5,387.94978832
1632478500000,42666.6,42689.7,42350,42485.9,247.23845085
1632479400000,42485.9,42485.9,41954.1,42129.1,464.44330914
1632480300000,42129.1,42271.3,41936.8,42146.5,487.38738456
1632481200000,42146.5,42291.9,41117.4,41167.9,1190.04793318
1632482100000,41167.9,41682.5,40659,41487.6,1178.80519449
1632483000000,41483.1,41545.6,40919.4,41486.5,480.74318345
1632483900000,41486.4,41682.5,41314.5,41516,321.48483921
1632484800000,41524.6,41562.9,41050,41108.6,270.05454984
1632485700000,41109.3,41620.2,41098.2,41567.3,248.36311746
1632486600000,41567.3,41576.7,41200,41358.4,337.73519022
1632487500000,41358.3,41418.8,40976.7,41176.9,298.92986558
1632488400000,41176.9,41319.9,40857,41166.8,347.46868382
1632489300000,41166.5,41236.9,40885,41135,304.26915521
1632490200000,41135,41973.3,41059.9,41708.6,519.78658331
1632491100000,41708.5,41973.6,41493.5,41822.4,287.31964026
1632492000000,41822.5,42271.2,41747.6,42173.8,528.83862226
1632492900000,42173.8,42630.9,41977.7,42480.8,432.99648282
1632493800000,42480.8,42662.1,42329.1,42512,234.66826342
1632494700000,42512,42532.6,42321.1,42444.1,113.76382235
1632495600000,42444.1,42470.1,42210.1,42241.3,118.66935539
1632496500000,42241.3,42328.4,42121.8,42209.9,64.06790112
1632497400000,42209.9,42220.7,41627.7,41862.9,274.20882894
1632498300000,41863,42000,41690,41939.6,100.87609207
1632499200000,41939.7,42129.9,41849.2,41924.1,365.08076472
1632500100000,41924.1,42246.4,41872,42142.7,898.33127081
1632501000000,42142.7,42292.8,42083.4,42083.5,762.44362145
1632501900000,42083.4,42350,42083.4,42186.3,640.88501491
1632502800000,42186.3,42186.4,41908.4,41988.5,777.32241209
1632503700000,41988.5,42173.5,41984.4,42148.3,484.22701532
1632504600000,42148.3,42148.3,41747.3,41892.8,887.39505093
1632505500000,41892.9,42017.5,41825.2,41986.4,852.16517522
1632506400000,41986.4,42167.3,41929.3,42095.7,771.05891987
1632507300000,42095.7,42262.2,42033.3,42210.1,371.04640673
1632508200000,42210.1,42215.2,42017.3,42194.6,487.99473552
1632509100000,42194.6,42319.5,42101,42147.9,365.18358268
1632510000000,42147.9,42323.9,42132.2,42323.9,290.11681436
1632510900000,42323.9,42358.3,42195.5,42340.1,295.61567765
1632511800000,42340.1,42530.4,42288.4,42298.3,377.97360919
1632512700000,42298.3,42382.9,42205.3,42366.2,52.19957904
1632513600000,42366.2,42522.2,42303.8,42470.2,335.64620674
1632514500000,42470.2,42526.5,42430.5,42512.5,323.2315236
1632515400000,42512.6,42950,42477.2,42946.5,870.33166947
1632516300000,42946.5,42988.1,42821.9,42941.4,993.45608849
1632517200000,42941.4,43139.3,42925.8,42945.2,750.32788362
1632518100000,42945.2,43058,42923.6,42993.4,668.26940873
1632519000000,42993.4,43204,42922.3,42941.4,665.46848714
1632519900000,42941.4,43059,42843.9,42915.5,632.78651256
1632520800000,42915.6,42946.6,42801.1,42890.3,507.25435163
1632521700000,42890.3,42981.2,42797.8,42810.4,259.03177662
1632522600000,42812.5,42856.1,42758.1,42849.9,153.04023411
1632523500000,42849.9,43087.1,42827.1,43005.1,73.16383582
1632524400000,43005.1,43034.8,42842.6,42896.4,26.98728037
1632525300000,42896.4,42967.5,42853,42881,15.69921986
1632526200000,42881,42881.1,42588.4,42595.9,206.50921163
1632527100000,42595.8,42841.5,42510.1,42806.8,64.73325858
1632528000000,42806.8,42857.4,42582.6,42712.5,341.08603476
1632528900000,42712.5,42941.5,42673.1,42685.3,152.68983465
1632529800000,42685.2,42827.1,42582.6,42629.4,168.89467901
1632530700000,42624.1,42754.4,42556.6,42728.2,130.5376079
1632531600000,42728.2,42780.3,42364.3,42439.8,228.75166614
1632532500000,42439.8,42504.6,42113.9,42145.7,289.11486734
1632533400000,42145.7,42273.4,42024.2,42192.6,181.85651121
1632534300000,42192.6,42452.4,42099,42390.1,154.6531181
1632535200000,42390.1,42529.7,42343.3,42415.1,95.62078093
1632536100000,42415.1,42556.6,42415.1,42505.5,181.68874803
1632537000000,42505.5,42727.8,42504.6,42595.9,97.90651877
1632537900000,42595.9,42596,42286.1,42333,120.72554343
1632538800000,42332.9,42499.4,42330,42369.3,124.45893231
1632539700000,42369.3,42666.6,42369.3,42556.5,137.4300435
1632540600000,42556.5,42762.6,42556.5,42688.1,172.52536719
1632541500000,42688.1,42728.3,42585.9,42606.7,292.21661371
1632542400000,42606.7,42858.4,42606.7,42681.4,229.76418277
1632543300000,42681.4,42839.4,42681.1,42831.7,298.22088341
1632544200000,42831.7,42847.9,42738.6,42775.1,179.0122105
1632545100000,42775.1,42790.1,42656.6,42691.7,196.93855865
1632546000000,42691.7,42839.3,42424.4,42426.6,291.60194692
1632546900000,42426.6,42546.2,42406.2,42458.3,417.59085289
1632547800000,42458.4,42738.7,42458.3,42574.1,304.50333393
1632548700000,42574.1,42671,42431.8,42446.6,223.52748962
1632549600000,42446.6,42545.3,42437.4,42478.6,252.33304847
1632550500000,42478.6,42695,42478.6,42640.5,410.17676935
1632551400000,42640.5,42803.4,42640.5,42781.5,223.67256089
1632552300000,42781.5,42810.6,42697.1,42743.8,234.92149906
1632553200000,42743.8,42783.8,42618.9,42660.5,237.81146748
1632554100000,42660.5,42660.5,42353.8,42357.9,560.15928717
1632555000000,42357.9,42463.1,42218.4,42419.3,586.8295268
1632555900000,42419.3,42528.1,42327.8,42370.5,282.81647744
1632556800000,42370.5,42516.1,42198.7,42254,615.96278329
1632557700000,42250.9,42334.2,42031.4,42117.2,580.18767821
1632558600000,42117.3,42119.9,41650.7,41831.3,584.94496004
1632559500000,41833.4,42781,41747.5,42640.1,357.82179593
1632560400000,42640.2,42755,42453.3,42514.1,285.24719039
1632561300000,42514.1,42811.8,42452.9,42733.7,542.98396379
1632562200000,42733.8,42894.9,42671.4,42724.4,392.39611465
1632563100000,42724.5,42759.7,42561.2,42646.3,196.33964064
1632564000000,42646.3,42966,42641.8,42936.7,186.02455742
1632564900000,42933.8,42937.6,42791.9,42863.8,323.04637484
1632565800000,42863.8,42893.1,42662.5,42728.5,254.3752025
1632566700000,42728.5,42733.8,42606.4,42676.5,179.1787711
1632567600000,42676.5,42676.5,42235.1,42419.2,381.14820386
1632568500000,42419.3,42481.7,42274,42364.4,356.18970651
1632569400000,42364.4,42477.2,42312.5,42328.1,302.03989784
1632570300000,42328.1,42546.6,42323.8,42487.2,182.33607075
1632571200000,42487.2,42630.6,42420,42468.6,140.51327434
1632572100000,42468.5,42550,42302.5,42498.8,203.30031063
1632573000000,42494.5,42536,42342.3,42437.2,80.1302763
1632573900000,42437.2,42447.1,42320,42354,55.12337307
1632574800000,42348.8,42761.4,42244.9,42684,101.25100607
1632575700000,42684,42730.6,42552.8,42552.8,202.2222132
1632576600000,42552.8,42676.4,42437.2,42569.7,60.52721081
1632577500000,42569.7,42650.2,42468.3,42499.6,29.90402035
1632578400000,42499.6,42608.9,42420.1,42562.1,36.21588882
1632579300000,42562.1,42562.2,42155.3,42312.5,334.11983211
1632580200000,42315.8,42400,42240.8,42256,51.41174754
1632581100000,42256,42421.6,42215.9,42348.8,62.94422048
1632582000000,42348.8,42389.6,42213.7,42317.7,72.10505967
1632582900000,42322.8,42679.7,42322.8,42676.5,308.75714241
1632583800000,42676.5,42749.5,42567.3,42730.8,112.75754694
1632584700000,42730.8,42770.2,42634.9,42678,68.86913864
1632585600000,42678,42749.9,42354,42407,757.09769973
1632586500000,42407.1,42556.9,42380.2,42556.8,183.67047505
1632587400000,42556.8,42741.9,42458.1,42484,167.36549446
1632588300000,42484,42690.3,42449.4,42629.7,281.76337403
1632589200000,42629.7,42666.2,42516.3,42551.6,176.52666987
1632590100000,42551.6,42672.3,42536.1,42672.3,307.90816929
1632591000000,42672.2,42707.5,42570.4,42585.4,258.23400835
1632591900000,42585.4,42692.2,42546.5,42590.3,207.53108094
1632592800000,42590.2,42804.2,42580.9,42756,191.87513541
1632593700000,42756,42806.5,42433.2,42541.2,448.24989274
1632594600000,42541.2,42703.7,42470.8,42543.7,295.55742142
1632595500000,42543.7,42687,42453,42582.8,201.5893691
1632596400000,42582.8,42718.1,42500,42697.4,209.97598028
1632597300000,42697.4,42707.8,42600,42702.6,139.91695896
1632598200000,42702.6,42777.4,42645.5,42695.7,320.61812578
1632599100000,42695.7,42733.8,42602.6,42663,177.69030525
1632600000000,42663,42688.8,42572.5,42605.9,52.56518856
1632600900000,42605.9,42638.4,42531.7,42550.9,170.12186074
1632601800000,42550.9,42822,42542.5,42723.3,298.80024978
1632602700000,42723.3,42774.3,42614.2,42640.1,191.36488489
1632603600000,42640.1,42667.1,42571.6,42583.8,171.52021698
1632604500000,42588.1,42588.1,42388.5,42504,204.96230681
1632605400000,42504,42620.9,42504,42577.7,287.10442932
1632606300000,42577.8,42718.2,42572.7,42676.5,68.74245399
1632607200000,42676.5,42726.5,42582.9,42655.8,142.7159662
1632608100000,42655.8,42761.3,42650.6,42678.7,167.28287343
1632609000000,42678.7,42758.8,42678.7,42751.8,143.569257
1632609900000,42751.8,42780.5,42702.8,42718.1,14.04582745
1632610800000,42718.1,42810.3,42582.9,42644.2,28.91859417
1632611700000,42645.3,42707.8,42591.9,42699.9,17.92537155
1632612600000,42699.9,42770.2,42687,42692.2,146.08899962
1632613500000,42692.2,42759.8,42655.8,42678,17.77410752
1632614400000,42678,42735.7,42555.4,42567.2,207.54184845
1632615300000,42567.2,42594.7,42400,42502.9,142.20294066
1632616200000,42502.8,42598.4,42438.4,42509.2,117.82116242
1632617100000,42509.1,42580,42320,42575.6,184.03468624
1632618000000,42575.6,42608.3,42395.7,42438.1,252.99058469
1632618900000,42438.1,42551.7,42391.4,42499.7,78.71953497
1632619800000,42499.7,42520.5,42114.9,42354.2,155.58690235
1632620700000,42354.1,42390.5,42200.1,42385.3,141.58953566
1632621600000,42385.3,42421.7,41977.8,42011,365.20130923
1632622500000,42010.9,42130.6,41909.1,41989.5,290.80166925
1632623400000,41984.9,42192.2,41927.7,42151.2,115.08992644
1632624300000,42146.2,42228.7,42010.8,42062.8,89.42443361
1632625200000,42062.7,42135.7,41922.6,42109.7,173.88405268
1632626100000,42109.6,42323.8,42021.3,42291.7,220.56378088
1632627000000,42296.8,42390.5,42241.9,42255.4,161.58653651
1632627900000,42255.3,42275,42138,42219,41.86595092
1632628800000,42218.9,42218.9,42037,42146.1,62.22986026
1632629700000,42146.2,42198.2,42052.6,42052.7,42.19814063
1632630600000,42052.7,42055,41861.7,42004.1,147.83952785
1632631500000,42004.1,42249.2,41975,42222.9,49.42247989
1632632400000,42222.9,42261,42152.7,42260.8,78.31010478
1632633300000,42260.7,42295.1,42134.9,42167.5,93.80988326
1632634200000,42167.4,42167.4,41964.6,42144.2,138.64197969
1632635100000,42142.4,42177.9,42016.9,42065.8,89.19113937
1632636000000,42068.6,42120.7,41934.6,42008.7,184.33360223
1632636900000,42008.7,42136.2,41959.4,42136.1,322.78687134
1632637800000,42136.1,42182.1,42014.7,42066.2,458.99681722
1632638700000,42066.2,42149.9,41931.8,41959.3,424.33637044
1632639600000,41956,42032.2,41912,41979.9,201.62939933
1632640500000,41980,42058,41766.9,41867.5,240.30610762
1632641400000,41866.8,41935.9,41071.1,41154.1,573.35694631
1632642300000,41154.1,41417.2,40754.3,41232.8,1254.32704181
1632643200000,41232.3,41697.8,41175,41299.3,531.68698565
1632644100000,41299.4,41437.5,41049,41407.9,288.37993774
1632645000000,41407.9,41518.2,41303.9,41312.6,108.20697259
1632645900000,41312.7,41607.8,41245.6,41600.4,104.77610455
1632646800000,41601.4,41712.8,41502.5,41508.8,131.67042362
1632647700000,41508.7,42616.6,41501.6,42339.1,692.01221963
1632648600000,42328,42679.7,42321.1,42566.3,271.94448997
1632649500000,42566.4,43789.9,42566.4,43250,1168.58945798
1632650400000,43249.9,43499.8,43119.7,43180.8,339.12301665
1632651300000,43180.8,43185.1,42941.2,42979.6,165.591557
1632652200000,42984.7,43208.8,42833.9,43139.3,91.8743509
1632653100000,43139.3,43152.5,42983.4,43006.9,78.91994354
1632654000000,43006.8,43218.7,43000.3,43151,42.32642068
1632654900000,43151,43327.9,43104.2,43130,58.44860031
1632655800000,43130.4,43182.3,43012.1,43021,62.25857811
1632656700000,43021,43171.7,43021,43061.6,280.41913357
1632657600000,43061.7,43447.5,43061.6,43396.5,349.22103503
1632658500000,43396.5,43421.5,43265.3,43375.9,163.1918032
1632659400000,43375.9,43466.7,43255.1,43295.5,63.44378495
1632660300000,43295.5,43295.6,43182.3,43265.4,37.2409667
1632661200000,43263.3,43323.7,43192.6,43223.3,41.28851475
1632662100000,43223.3,43347.1,43146.1,43245,53.68371771
1632663000000,43245,43327.8,43125,43148.6,49.13052202
1632663900000,43148.5,43218.6,43140.6,43218.5,28.59825836
1632664800000,43218.5,43260.3,43104.3,43135.5,50.02125908
1632665700000,43135.5,43397.6,43135.5,43303.2,65.61249826
1632666600000,43303.2,43327.9,43151.2,43260.3,64.5006374
1632667500000,43260.3,43383.8,43151.3,43317.4,128.32111937
1632668400000,43317.4,43378.4,43230,43253.8,56.26043048
1632669300000,43253.8,43323.4,43206.6,43312.8,48.89675257
1632670200000,43312.9,43331,43275.9,43331,13.9265671
1632671100000,43330.9,43424.4,43286.3,43343.6,40.96234788
1632672000000,43343.6,43549.7,43322.6,43373.4,75.21983351
1632672900000,43373.5,43385.1,43250,43326,27.52996851
1632673800000,43326,43353.8,43175.7,43208.3,30.71653317
1632674700000,43208.3,43290,43139,43224.9,20.99987799
1632675600000,43224.9,43299.7,43218.7,43279.9,14.27055462
1632676500000,43278.8,43286.4,43170.1,43197.9,16.63786419
1632677400000,43197.9,43240,43172.5,43188.6,18.98950029
1632678300000,43188.6,43197.9,43085.5,43151.2,33.1078164
1632679200000,43151.3,43260.3,43145.8,43182.2,25.4590795
1632680100000,43177.8,43291.5,43177.8,43233.8,24.72849655
1632681000000,43233.8,43250,43208.8,43230.4,12.25231805
1632681900000,43233.6,43245.1,43192.6,43195.7,18.88984617
1632682800000,43195.8,43234.3,43136.2,43140.6,15.11184577
1632683700000,43140.6,43255.1,43130.3,43250,10.257353
1632684600000,43247.2,43431.8,43225.9,43327.9,60.40667128
1632685500000,43327.9,43359.1,43235,43250,24.26603554
1632686400000,43255,43431.9,43255,43385,41.42206653
1632687300000,43379.9,43691.5,43359.3,43626.7,115.13874411
1632688200000,43626.6,43702.5,43562.1,43576.3,49.43428519
1632689100000,43576.3,43640.1,43487.4,43634.7,35.9968608
1632690000000,43634.8,43686.7,43483.9,43494.2,28.36564856
1632690900000,43494.3,43499.5,43416.3,43437.2,23.27163788
1632691800000,43437.1,43463,43354.3,43394.9,5.02961719
1632692700000,43395,43562.5,43395,43562,18.75397436
1632693600000,43562,43947.6,43478.6,43728.4,124.72489665
1632694500000,43728.4,43770,43597.6,43609.6,28.15689528
1632695400000,43609.5,43609.6,43433.6,43484,21.98407958
1632696300000,43484,43484,42800,42896.3,180.94371411
1632697200000,42903.7,43208.4,42670.7,43069.8,206.72258464
1632698100000,43069.7,43130.6,42968.8,42979.6,59.11025056
1632699000000,42979.6,43206.6,42899.4,43140.9,70.24680414
1632699900000,43140.9,43261.1,43131.2,43172.1,29.47326605
1632700800000,43166.9,43218.8,42995.2,43062.9,163.22640305
1632701700000,43062.9,43089.5,42943.2,43061.6,107.13312033
1632702600000,43061.2,43458.1,43061.2,43438.6,107.39498408
1632703500000,43440.7,43969.9,43395.7,43882.8,227.38123406
1632704400000,43880.4,43978.8,43721.7,43931.2,165.44786745
1632705300000,43934.8,43969.3,43830.8,43935.1,82.44651316
1632706200000,43939.9,44313,43883.1,44230.3,419.11918891
1632707100000,44230.3,44282.2,44150,44278.9,192.04763983
1632708000000,44278.9,44356.9,44178.1,44188.5,1401.19265491
1632708900000,44186.3,44186.3,43975.5,43996.1,1307.47341873
1632709800000,43996.1,44173.1,43996.1,44129.1,633.67029384
1632710700000,44129.1,44188.6,44012,44173.2,472.75574729
1632711600000,44173.2,44230.2,44105.4,44127.6,542.03332475
1632712500000,44127.6,44138.1,44048.1,44063.9,520.50720186
1632713400000,44063.9,44090.1,43952,43980.4,541.90670486
1632714300000,43980.4,44037.9,43855.9,44037.9,796.00118735
1632715200000,44037.8,44074.2,43964.9,44032.6,715.69192472
1632716100000,44032.6,44037.9,43950,44032,377.35116053
1632717000000,44032,44032,43903.4,43969.5,576.66147551
1632717900000,43969.5,44050,43906.2,44011.9,290.04697666
1632718800000,44011.8,44185.6,43997.1,44178.5,119.81931665
1632719700000,44178.4,44255.4,44050,44055.9,74.06847505
1632720600000,44055.8,44115.9,43985.8,44037.8,65.52269443
1632721500000,44037.8,44128.8,44009.2,44084.2,79.12119877
1632722400000,44084.2,44193.8,44084.2,44168.1,93.7931195
1632723300000,44168,44214.4,43998.1,44037.9,106.31906853
1632724200000,44037.8,44109.9,43965,44059,83.99614982
1632725100000,44058.6,44089.8,43687.9,43736.2,158.39948536
1632726000000,43736.3,43928.7,43679,43814,133.48115277
1632726900000,43811.1,43871.2,43663.4,43778.6,139.43702159
1632727800000,43779,43839.5,43741.4,43798.5,84.65319642
1632728700000,43798.5,43835.6,43689.5,43694.7,91.15828694
1632729600000,43699.8,43866,43668.7,43736.1,148.73826007
1632730500000,43736.1,43888.1,43725.8,43835.1,99.98034042
1632731400000,43835.1,43884.1,43731.1,43757,83.00909847
1632732300000,43756.9,43871.4,43746.7,43842.4,71.4484105
1632733200000,43842.4,44088,43777.7,43975.6,122.27219174
1632734100000,43975.7,44126.7,43899.9,43996.2,130.45791867
1632735000000,43996.2,44008.2,43379.1,43607.8,166.21187421
1632735900000,43612.9,43612.9,43400,43561.2,59.29655347
1632736800000,43561.2,43856.5,43519.5,43781.8,43.64014811
1632737700000,43784.6,43961,43753.5,43816.9,51.09869576
1632738600000,43816.8,43904.8,43734.1,43873.1,39.33534441
1632739500000,43873,43902.1,43758.6,43784.6,15.41713874
1632740400000,43784.5,43860.9,43591,43649.5,44.97010164
1632741300000,43649.4,43750,43623.5,43693.1,29.31261128
1632742200000,43696.3,43722.3,43564.6,43685.8,39.73353488
1632743100000,43685.9,43795,43685.9,43753.4,11.59965816
1632744000000,43753.4,43834.6,43432.9,43503.9,130.56314489
1632744900000,43498.6,43550,43370,43436.1,45.04645012
1632745800000,43436.2,43535.1,43261.1,43503.9,74.80456424
1632746700000,43503.8,43749.6,43503.8,43553.8,56.6759871
1632747600000,43553.7,43628.7,43503.8,43549.8,30.00215684
1632748500000,43549.7,43649.5,43476.7,43633.9,17.48174349
1632749400000,43633.8,43669.5,43328.8,43430.9,73.42001848
1632750300000,43430.9,43570,43389.5,43512.9,12.50368854
1632751200000,43509.1,43607.3,43440,43526.8,12.2250633
1632752100000,43526.9,43633.8,43440,43608,57.78761085
1632753000000,43607.9,44083.8,43155,43393.1,270.05561248
1632753900000,43391.2,43459.9,43083.5,43191.8,115.64411892
1632754800000,43191.9,43299.9,43043.5,43070.9,81.88899035
1632755700000,43068.7,43217.9,43046.3,43187.5,36.57786323
1632756600000,43185.8,43262.4,43080,43119.9,67.78824605
1632757500000,43119.8,43340,43047.7,43290.9,79.44738633
1632758400000,43290.9,43350,43238.6,43277,136.12651589
1632759300000,43277,43410.2,43176.2,43250.4,88.71228822
1632760200000,43250.4,43335.3,43046.5,43083.1,45.78740137
1632761100000,43094.6,43175.7,42853.8,43064.8,115.84431481
1632762000000,43061.6,43166.9,42969.8,43141.6,48.53503043
1632762900000,43137.5,43238.7,42975.5,42975.5,38.98998854
1632763800000,42978.2,43170,42931.1,43084.6,77.81450155
1632764700000,43080.3,43112.5,42960,43053.3,33.23674013
1632765600000,43053.3,43208,43006,43179.4,38.01100652
1632766500000,43179.6,43186.3,43106.7,43155.4,40.58199318
1632767400000,43156.3,43163.5,42969.8,42987.7,71.1242851
1632768300000,42987.7,43031.3,42945.3,43025.3,49.52760296
1632769200000,43025.3,43124,42950.7,43116.1,27.72301601
1632770100000,43116.1,43139.3,43058.3,43123.6,18.00994832
1632771000000,43123.6,43193.4,43086.2,43160,29.7431795
1632771900000,43160,43160,43005.4,43010.7,30.56529019
1632772800000,43010.7,43010.7,42710.1,42792.4,167.39051694
1632773700000,42792.4,42900,42747.9,42889.6,54.31726881
1632774600000,42886,42942.3,42787,42848.5,44.86555962
1632775500000,42848.6,42895.7,42564,42678.2,93.25524145
1632776400000,42678.2,42792,42577,42775.4,31.89528365
1632777300000,42774,42885.8,42734.1,42835,10.4183556
1632778200000,42835,42988.1,42795.8,42957.3,9.48066411
1632779100000,42960.9,43160.6,42921.6,43065.7,17.95409833
1632780000000,43065.7,43155.4,42988.9,43137.1,27.39344181
1632780900000,43137.2,43323.6,43117.7,43304.3,56.82005401
1632781800000,43297.9,43396,43098.1,43114.9,38.51266195
1632782700000,43114.9,43168.3,42987,43164.2,53.99560891
1632783600000,43164.2,43225.6,43005.2,43058.9,22.20898107
1632784500000,43061.6,43083.9,42657.7,42683.1,112.6118957
1632785400000,42681.8,42805.1,42155.5,42239.6,340.99567702
1632786300000,42229.1,42369.4,42097.7,42152.9,153.41665785
1632787200000,42147.1,42297.5,41942,42137.9,276.44143103
1632788100000,42141.4,42383,42047.3,42257.4,101.00649171
1632789000000,42257.3,42431.6,42157.9,42359.9,83.64752713
1632789900000,42359.9,42388.3,42200.1,42333.4,90.15977343
1632790800000,42333.4,42337.6,42079.2,42179.1,94.15838712
1632791700000,42179.1,42298.2,42179,42203.7,142.84690176
1632792600000,42201.6,42478,42149,42447.7,525.92420669
1632793500000,42447.6,42547.5,42365.9,42462.8,1200.87056656
1632794400000,42462.8,42609.6,42462.8,42551.4,869.31452964
1632795300000,42541.1,42591,42464.3,42556.5,422.94438287
1632796200000,42556.6,42566.5,42373,42390.8,203.66197163
1632797100000,42390.8,42494.9,42247.8,42431.6,113.75454179
1632798000000,42431.6,42549.9,42368.2,42494.5,84.64028402
1632798900000,42494.4,42594.1,42477.9,42484.3,665.25317466
1632799800000,42484.3,42540.6,42428.7,42499.2,595.83605989
1632800700000,42503.5,42638.9,42478.5,42554.9,494.48203327
1632801600000,42555,42684.2,42504.8,42635.4,618.16396308
1632802500000,42635.4,42761.6,42629.9,42729,497.58005667
1632803400000,42729,42751.4,42588.6,42614.1,272.55667403
1632804300000,42614,42682.4,42584.8,42632.6,345.37310366
1632805200000,42627.7,42722.9,42337.1,42397.8,720.73295466
1632806100000,42397.8,42644.6,42373.4,42437,625.65442551
1632807000000,42437,42533,42408.4,42533,276.05656639
1632807900000,42523.8,42528.4,42373,42416.8,91.77651434
1632808800000,42416.9,42491.7,42309.7,42334.7,91.16618966
1632809700000,42342,42390.3,42282,42367,87.10070482
1632810600000,42367,42418.1,42098.9,42153.9,264.48785061
1632811500000,42153.8,42246,41849.7,42212.9,473.20607271
1632812400000,42212.9,42298.7,42009.6,42023.9,139.71549095
1632813300000,42025,42040.2,41736.3,41856.7,211.28444774
1632814200000,41856.7,41944.8,41800,41837.4,116.19902136
1632815100000,41837.4,41842,41632.2,41748.8,606.58061028
1632816000000,41757.1,41941.4,41511.6,41920,279.57317852
1632816900000,41919.9,42076.8,41725,41738,332.07989687
1632817800000,41743.1,41919.6,41633.8,41847.2,175.15589088
1632818700000,41847.2,41969.7,41666,41850.2,170.36729649
1632819600000,41847.2,41894,41654.8,41816,132.24003013
1632820500000,41816,42050,41730.3,42040,181.57170296
1632821400000,42040,42136.3,41964.8,42029.2,150.83829822
1632822300000,42025.5,42076,41866.1,41892.7,123.98311805
1632823200000,41893.9,41906.5,41662.9,41784.6,108.36162845
1632824100000,41780.1,41935.6,41612.1,41654.7,134.41064326
1632825000000,41654.6,41784.4,41646.5,41670.3,99.47270296
1632825900000,41670.4,41878.4,41656.8,41821.1,110.95883263
1632826800000,41821.2,42008.3,41722.3,41914.8,104.21153161
1632827700000,41914.9,42071.5,41883.7,41985,81.03295553
1632828600000,41982.4,42061.3,41878.4,41893.9,42.69924095
1632829500000,41893.9,42164,41883.6,42096.7,36.19714096
1632830400000,42096.8,42135.2,42030,42030.1,43.54997268
1632831300000,42030,42116.4,41972,42112.5,36.42471507
1632832200000,42112.4,42112.4,41847.1,41857.5,52.18768848
1632833100000,41857.5,41956.4,41743.2,41837,66.72451498
1632834000000,41837,42588,41800.2,41873.2,267.29283262
1632834900000,41873.1,42481.9,41862.7,42397.2,157.77849953
1632835800000,42397.2,42500,42185.1,42317.3,87.73729122
1632836700000,42317.3,42317.4,41909.6,41998.5,125.002217
1632837600000,41998.5,41998.5,41448.2,41544.8,308.84654415
1632838500000,41544.8,41781.2,41278.6,41546.7,373.95855547
1632839400000,41546.6,41659.8,41427.2,41633.9,83.6921304
1632840300000,41642.9,41654.6,41446.7,41540.3,57.08005135
1632841200000,41540.3,41574.6,41358.3,41385.6,82.4163096
1632842100000,41385.6,41534.8,41320.4,41477.9,97.7677434
1632843000000,41477.9,41681.3,41477.9,41592.3,38.81116128
1632843900000,41592.3,41639.2,41425.6,41446.7,36.03631004
1632844800000,41446.8,41580.4,41368.8,41550.6,90.49680841
1632845700000,41550.6,41639.1,41524.7,41597.4,62.39698637
1632846600000,41597,41618.4,41379.2,41389.1,72.38635064
1632847500000,41389.1,41436.3,41137.2,41249.1,182.69096728
1632848400000,41259.3,41334.5,41126.7,41153,42.54469402
1632849300000,41150.4,41448.4,41113.9,41379.2,49.49992087
1632850200000,41379.1,41399.9,41247.8,41363.5,27.50475652
1632851100000,41363.5,41441.1,41259.4,41405.1,43.18912178
1632852000000,41399.9,41436.2,41260.5,41280.3,63.5325331
1632852900000,41280.4,41513.5,41280.4,41510.1,21.45557979
1632853800000,41513.4,41707,41483,41600.4,76.20362772
1632854700000,41602.3,41757.3,41560.1,41578.4,80.09287096
1632855600000,41578.4,41720.8,41538.3,41720.7,29.39876284
1632856500000,41720.8,41758.7,41609.1,41670.1,71.83628641
1632857400000,41670.2,41690.4,41569.8,41571.5,21.14189602
1632858300000,41571.5,41759.4,41395.9,41598.6,142.02726401
1632859200000,41598.6,41881.6,41575.8,41682.9,89.98049374
1632860100000,41682.9,42023.8,41640.4,41826.5,210.19961098
1632861000000,41826.5,41868,41758.6,41820.9,14.58776626
1632861900000,41820.9,41878.4,41769.1,41769.3,19.57645497
1632862800000,41769.3,41890.4,41769.3,41868,13.7538712
1632863700000,41868,41985.8,41849.3,41874.4,27.2118652
1632864600000,41874.5,41878.3,41800,41836.6,5.22193667
1632865500000,41836.6,41890.4,41770,41854.9,19.04909551
1632866400000,41855,41862.9,41701.4,41776.9,32.31337951
1632867300000,41777,41836.9,41649.6,41649.6,15.18614344
1632868200000,41649.6,41758.6,41613.2,41712,13.57358416
1632869100000,41716.7,41746.7,41561.3,41576.5,32.11025702
1632870000000,41576.6,41691.1,41519.4,41561.1,32.26242845
1632870900000,41558.8,41581.9,41458.3,41550.7,30.46165457
1632871800000,41550.6,41550.6,40869.8,40980.4,369.11935139
1632872700000,40980.5,41075.2,40881.7,41018.6,134.5902297
1632873600000,41018.5,41173,40809.7,40825.7,304.80575742
1632874500000,40825.8,41457.5,40733.1,41379.4,373.52528345
1632875400000,41371.3,41765.8,41266.5,41614.9,253.89937371
1632876300000,41615,41651.3,41394.6,41594.2,494.4422273
1632877200000,41592.9,41796.9,41533.1,41776.1,405.25036468
1632878100000,41776.1,41836.4,41666,41668.5,317.00090677
1632879000000,41668.5,41668.5,41339.4,41443.1,368.88694765
1632879900000,41443.3,41578.5,41386.1,41557.7,296.63286664
1632880800000,41557.7,41784,41549.6,41630.6,325.08456303
1632881700000,41630.6,41909.7,41630.6,41864.8,114.1280947
1632882600000,41864.8,41896.8,41708.5,41804.2,86.58103666
1632883500000,41804.2,41842.2,41703.4,41703.4,56.91581199
1632884400000,41703.4,41791.7,41620.2,41765.7,66.29087789
1632885300000,41765.7,41804.9,41698.1,41765.7,206.59269591
1632886200000,41765.7,41901,41753.4,41873.4,344.5852957
1632887100000,41873.4,42260.6,41859.4,42198,669.11442164
1632888000000,42198.1,42463,42138.2,42369.6,934.65704134
1632888900000,42369.6,42405.8,42255.3,42270.6,73.59475648
1632889800000,42270.6,42333.2,42239.8,42322.6,41.07090529
1632890700000,42322.7,42336.6,42187.4,42255.1,64.7238107
1632891600000,42255.1,42296.7,42094.6,42135.4,77.54601044
1632892500000,42135.4,42155.9,42005.4,42114.8,112.30189113
1632893400000,42114.8,42217.8,42008.9,42206,52.49108752
1632894300000,42206,42298.1,42182.4,42296.6,67.38022674
1632895200000,42296.6,42360.3,42149.7,42174.9,38.54616697
1632896100000,42174.9,42248.4,42135.5,42180.8,52.17196368
1632897000000,42180.8,42250.4,42179.7,42203.2,84.9724114
1632897900000,42203.1,42456.7,42194.9,42445.7,88.26896723
1632898800000,42445.7,42453.6,42342,42342.1,27.96083842
1632899700000,42342.1,42489.1,42342,42462.7,85.75346736
1632900600000,42462.7,42462.8,42350,42364.2,27.4182549
1632901500000,42364.2,42452.7,42349.2,42452.6,25.54751971
1632902400000,42452.6,42478.6,42338.3,42381.9,36.12778962
1632903300000,42382,42409,42190.6,42364.4,78.29077473
1632904200000,42364.4,42463.4,42203.3,42265.4,57.56391193
1632905100000,42265.4,42379.3,42262,42366.8,47.34596012
1632906000000,42366.8,42366.9,42171.9,42172,156.44074212
1632906900000,42172,42259.9,42140.6,42234.2,73.31512402
1632907800000,42234.2,42234.3,42123.8,42182.3,428.45159947
1632908700000,42182.3,42295.7,42181.8,42255,444.83182555
1632909600000,42255.1,42473.4,42140.7,42333.1,1087.17423701
1632910500000,42333.1,42364.4,42203.1,42342.6,406.36468812
1632911400000,42342.6,42426.6,42275.9,42394.6,349.76484658
1632912300000,42394.6,42492.5,42374.7,42434.4,636.6000978
1632913200000,42434.5,42452.7,42308.4,42367.3,517.60514158
1632914100000,42367.3,42369.4,42260.3,42343.4,448.487562
1632915000000,42343.4,42372.7,42239.6,42327.8,337.68958976
1632915900000,42327.8,42421.6,42301.9,42400.6,244.75201479
1632916800000,42400.6,42486.4,42343.5,42452.7,591.2014584
1632917700000,42452.6,42588.4,42145.8,42197.9,589.42410508
1632918600000,42197.9,42260.4,41828.9,42036.7,447.84708747
1632919500000,42036.6,42109.6,41943.1,42052.4,278.8340304
1632920400000,42052.4,42193.3,41993.1,42035.2,395.14459478
1632921300000,42035.3,42107.3,41909,42054,254.15039971
1632922200000,42054,42157.8,41928,41928,338.80783021
1632923100000,41928,42182,41900.3,42141.9,82.35310395
1632924000000,42141.9,42227.7,42114.8,42156.3,59.50210919
1632924900000,42156.2,42265.4,42145.8,42202.9,128.75001812
1632925800000,42202.9,42213.5,42047.1,42125.1,59.11293384
1632926700000,42126.9,42258.3,42067.8,42208.3,24.18075393
1632927600000,42208.3,42244.6,42166.7,42211.7,43.83854079
1632928500000,42211.7,42219.8,42099.2,42133.9,151.00065083
1632929400000,42133.9,42140.7,41660.6,41823.4,213.11956908
1632930300000,41823.4,41841.9,41618,41698.6,86.76765675
1632931200000,41698.6,41822.1,41641.4,41698.6,67.60897266
1632932100000,41698.6,41735,41444.3,41535.8,173.85927713
1632933000000,41534.7,41594.7,41416,41490.4,158.64602713
1632933900000,41490.4,41605,41443.8,41500,41.19097938
1632934800000,41500,41534.2,41440.3,41454.1,28.53219264
1632935700000,41454.1,41579,41428.9,41521.8,41.63322867
1632936600000,41521.8,41563,41423,41464.3,92.46311896
1632937500000,41464.3,41464.3,41203.6,41215,141.05680014
1632938400000,41215.1,41468.1,41052.4,41401.5,242.30147096
1632939300000,41401.5,41490.7,41319.2,41340,45.38365717
1632940200000,41340,41356.2,41244.6,41308.9,162.87110027
1632941100000,41308.9,41324.4,41153.9,41308.8,57.81164331
1632942000000,41309,41407.6,41185,41350.4,23.42715042
1632942900000,41350.4,41511.2,41251.6,41340,44.03340592
1632943800000,41340,41340,41196.1,41267.3,147.20633382
1632944700000,41267.4,41314.2,41151,41199.7,11.4814395
1632945600000,41202.4,41260.7,41031.4,41048.3,46.64383724
1632946500000,41051,41199.6,40918.9,40982.6,85.73666894
1632947400000,40984.6,41106,40900,41002.6,198.43589012
1632948300000,41002.6,41152.9,40950,41132.7,35.73329668
1632949200000,41132.6,41249.3,40993.3,41000,63.62853698
1632950100000,41000,41199.7,40960.5,41186.1,34.89022831
1632951000000,41186.1,41205,41116.3,41205,116.82755034
1632951900000,41205,41290,41199.7,41236.2,44.22493439
1632952800000,41236.1,41288.1,41069.5,41155.2,46.71482209
1632953700000,41157,41220.3,41105.4,41199.7,20.2920926
1632954600000,41199.6,41469,41179.7,41383.6,83.41795951
1632955500000,41383.7,41439,41306,41365.5,103.9742128
1632956400000,41365.5,41430.3,41303.5,41360.7,22.87889367
1632957300000,41360.7,41408.1,41310,41402.6,13.65194934
1632958200000,41406.4,41475.4,41373.2,41475.4,150.08659856
1632959100000,41475.4,41567.1,41466.2,41527.4,45.08636679
1632960000000,41527.3,41583,41412.9,41532.5,197.33701512
1632960900000,41535.2,41811.4,41535.2,41727.3,169.41145967
1632961800000,41727,42018.2,41636.5,41914.2,112.90241456
1632962700000,41914.2,42407.4,41914.2,42331.2,284.49375962
1632963600000,42331.2,42967.1,42253.1,42936.7,514.14412783
1632964500000,42936.8,43186.3,42782.6,42873.5,512.5906677
1632965400000,42873.5,42967.1,42792,42808.7,91.88291374
1632966300000,42808.7,43010.3,42808.4,42980.8,170.6390146
1632967200000,42980.8,43089,42926.3,42978.5,152.39165918
1632968100000,42978.4,43200.5,42962.9,43143.6,293.609635
1632969000000,43143.6,43159.5,43004.9,43050.6,72.59539701
1632969900000,43050.5,43430.8,42978.5,43415.2,230.42636957
1632970800000,43415.2,43490,43206.6,43274.8,195.42476139
1632971700000,43274.8,43310.2,43157.4,43201.1,151.28600103
1632972600000,43201.1,43431,43155.5,43352.7,159.53617903
1632973500000,43352.8,43738,43316.4,43604.3,195.1913981
1632974400000,43604.3,43831.3,43582,43592.1,190.40751692
1632975300000,43592.2,43613,43533.4,43551.7,215.28866875
1632976200000,43551.7,43613,43529.6,43530.6,91.08460043
1632977100000,43530.6,43555.1,43446.6,43509.1,101.27695409
1632978000000,43509.1,43679.4,43509.1,43649,76.98178682
1632978900000,43649,43700,43458.7,43467.4,190.09099104
1632979800000,43467.5,43554.8,43467.5,43479.9,80.18251831
1632980700000,43479.9,43596.6,43444.3,43517.5,78.7883333
1632981600000,43517.6,43618,43517.6,43574.7,70.73352727
1632982500000,43574.8,43666,43559.5,43559.5,220.07439931
1632983400000,43555.9,43613,43525,43555.6,72.39095762
1632984300000,43555.6,43555.7,43373.7,43380.6,98.0002236
1632985200000,43389.1,43430.5,43228.8,43233.1,155.66082968
1632986100000,43233.1,43442.9,43233.1,43368.5,247.41046248
1632987000000,43368.5,43445.9,43342.3,43354.9,95.34359335
1632987900000,43354.9,43378.2,43290,43290.4,94.29972094
1632988800000,43290.4,43451.7,43178.4,43250.8,190.09475151
1632989700000,43250.8,43250.8,42966,43035.7,461.99490346
1632990600000,43035.7,43066.8,42804,42910.8,278.47557429
1632991500000,42910.8,43177.1,42879.6,43074.3,320.63489579
1632992400000,43074.2,43306.9,43066.8,43245.3,151.5499272
1632993300000,43245.3,43290.9,43123.9,43186.5,229.72763498
1632994200000,43186.5,43186.5,43035.6,43119.6,63.18314492
1632995100000,43119.6,43210,42982.1,43150.1,74.13301213
1632996000000,43150.1,43274.7,43108.2,43269.6,81.60483592
1632996900000,43269.6,43296.1,43016.6,43077.2,190.20975818
1632997800000,43077.2,43078.9,42884.9,42921,96.57205446
1632998700000,42920.9,43014.9,42714.3,42815.4,143.4353275
1632999600000,42819.5,43119.2,42770.6,43035.7,177.62763053
1633000500000,43035.7,43125,42971.5,43056.4,131.9257867
1633001400000,43056.4,43104,42896,42946.4,79.72283149
1633002300000,42946.3,43077.2,42926.3,43067.7,24.20220639
1633003200000,43067.7,43246,43009.5,43199.8,80.7164918
1633004100000,43199.8,43285.5,43199.8,43202,159.4934145
1633005000000,43202,43695.5,43202,43660.2,197.69681323
1633005900000,43660.2,43775.7,43333.4,43417.4,186.49741256
1633006800000,43417.4,43436,43259.2,43406.7,40.80360958
1633007700000,43406.7,43550.6,43373,43458.2,193.27572638
1633008600000,43458.2,43575.6,43102.3,43150.8,103.75893772
1633009500000,43150.9,43293.1,43061.6,43070.8,103.48326742
1633010400000,43070.8,43072.1,42835,42999.2,160.09410569
1633011300000,42999.2,43181.1,42990.6,43100,179.00712379
1633012200000,43100,43121.7,42900.4,43082.4,83.79925866
1633013100000,43082.5,43144.8,42995.7,43103.2,25.2706931
1633014000000,43108.5,43284.1,43019.3,43266.6,83.46615201
1633014900000,43266.5,43495.8,43224.7,43432.3,230.0735409
1633015800000,43432.3,43436.8,43072.1,43174,118.0878787
1633016700000,43174,43181.2,42943.3,43144.7,73.35935281
1633017600000,43144.8,43207.2,42919.5,42973.2,100.37736126
1633018500000,42973.1,43064.9,42931.6,42959,163.7845345
1633019400000,42959,42978.4,42824.3,42910.8,114.96448101
1633020300000,42910.7,42992.6,42879.8,42949.1,40.45340073
1633021200000,42949.1,43309.8,42942.5,43214,86.21354499
1633022100000,43214.1,43214.9,42987.1,43020,160.94430057
1633023000000,43019.9,43417.5,42950.4,43255.6,141.3743681
1633023900000,43255.6,43406.3,43233.5,43335.5,60.89500623
1633024800000,43336,43477.7,43294.4,43373.6,58.67096997
1633025700000,43373.5,43441.2,43272.1,43397,145.55090764
1633026600000,43394.3,43999,43375.2,43915.9,465.03062125
1633027500000,43913.7,44060.1,43860.7,43992.4,185.94419335
1633028400000,43992.5,44109.3,43866.9,43935.2,74.23580556
1633029300000,43935.3,43979.5,43840.5,43841.9,150.50242551
1633030200000,43846.8,43924.8,43669.7,43689.1,93.33592747
1633031100000,43692.4,43732.5,43524.3,43524.3,51.17562798
1633032000000,43534,43763.7,43527.9,43711.7,43.6822327
1633032900000,43711.6,43713.6,43571.4,43621.1,23.05648856
1633033800000,43621,43621,43104.4,43181.2,273.00407788
1633034700000,43181.2,43444.2,43159.7,43430.9,57.89181042
1633035600000,43430.9,43507.5,43383.9,43456.9,28.97148513
1633036500000,43456.9,43507.2,43400,43493.7,28.09622332
1633037400000,43493.7,43620.9,43459,43587,147.30926318
1633038300000,43586.9,43786.8,43566,43753.3,28.59091254
1633039200000,43755.3,43800.7,43643.8,43690.9,31.87074071
1633040100000,43690.9,43907.6,43636,43893.8,34.55245439
1633041000000,43892.7,43895.2,43666.8,43758.5,170.47082088
1633041900000,43758.5,43779.3,43700.9,43743.1,35.47501477
1633042800000,43743.1,43819.7,43594.6,43688.8,34.44479687
1633043700000,43688.8,43746.7,43600,43714.2,26.52505486
1633044600000,43714.2,43892.8,43701.5,43836.6,174.85700762
1633045500000,43841.7,43892,43727.2,43821,40.4415397
