ts,open,high,low,close,volume
1651363200000,37638,37766.1,37622.1,37682.2,36.21329713
1651364100000,37682.1,37710.8,37621.2,37634.6,24.73525022
1651365000000,37634.6,37803.9,37462.8,37727.5,131.92826525
1651365900000,37727.5,37727.6,37651,37683.3,22.16925674
1651366800000,37683.2,37734.6,37632.4,37649.6,21.25345747
1651367700000,37649.7,37670.2,37546.6,37608.5,44.66910428
1651368600000,37608.5,37974.1,37386,37918.7,232.47197808
1651369500000,37918.8,38091.9,37833.4,37934.3,105.09981411
1651370400000,37934.3,38000,37886.7,37992.8,31.79437027
1651371300000,37992.8,38044.2,37923,37937.8,32.15971881
1651372200000,37937.9,37950.9,37807.8,37828.6,33.49493899
1651373100000,37825.9,37865.3,37777.3,37822.2,15.03968828
1651374000000,37822.2,37920,37800,37919.9,12.48122231
1651374900000,37919.9,38015.5,37876.5,38007.9,20.77264968
1651375800000,38007.9,38034.6,37954.5,37995,21.11176454
1651376700000,37995,38060.5,37978.9,38036.5,21.9066651
1651377600000,38036.6,38052,37985,37989.7,10.07356046
1651378500000,37993.7,38026.6,37974.6,37982.1,22.49790661
1651379400000,37982.1,37982.1,37911.2,37944.1,22.11574515
1651380300000,37944.2,37951.5,37884.2,37947.5,33.37820907
1651381200000,37947.6,38161.5,37910.1,38137.3,105.17604652
1651382100000,38137.3,38177.1,38037.4,38095.2,29.80146432
1651383000000,38098,38134.7,38076.9,38099.7,19.71192553
1651383900000,38101.7,38104.5,38050.8,38057.5,6.1255884
1651384800000,38057.5,38149,38050.5,38067.3,20.70786144
1651385700000,38065.9,38100.9,38061.2,38070.9,11.84970281
1651386600000,38071,38074.7,38006.8,38021.6,17.72145877
1651387500000,38019,38021.9,37950,37958.7,75.17373737
1651388400000,37958.7,37980,37923.1,37940.7,46.91577953
1651389300000,37941.3,37955.4,37901.1,37943.7,12.22507551
1651390200000,37943.7,37996.9,37939.2,37952.1,9.59576772
1651391100000,37952,37979.7,37919.2,37969,11.7239938
1651392000000,37968.9,38046.1,37945.6,38040.1,19.39975593
1651392900000,38040.2,38049.9,37992.1,38006.3,14.27561144
1651393800000,38006.2,38042.9,37980,38019.2,16.04421873
1651394700000,38019.3,38061,37992,38037.1,7.47737688
1651395600000,38037.1,38050,37975.9,37986.4,11.5615342
1651396500000,37986.5,37990,37938.4,37962,13.63557331
1651397400000,37962,37962,37875.4,37925.6,34.1455092
1651398300000,37925.7,38000.5,37925.7,37983.8,16.80974706
1651399200000,37983.9,38006.6,37965.1,37998.2,6.61762878
1651400100000,37998.2,38077.1,37958,38053.2,15.38219449
1651401000000,38053.2,38069.5,38013.6,38017.2,10.42892433
1651401900000,38017.4,38094,37974,38023.9,12.33424635
1651402800000,38024,38035.9,37970.6,37975,14.03052688
1651403700000,37975,38050,37935.9,37948.8,24.98975298
1651404600000,37944.5,37951,37905.4,37923.9,12.2241967
1651405500000,37924,37949.8,37917.1,37931.7,14.63420566
1651406400000,37938.2,37973,37840.3,37924.9,35.62512935
1651407300000,37917.5,38024.5,37895.6,37974.7,16.58009218
1651408200000,37981,37995.5,37926.5,37955.8,6.95907145
1651409100000,37955.8,37964.3,37904.1,37964.3,10.41936608
1651410000000,37968.2,37999.5,37934.3,37997.9,7.84940563
1651410900000,37998,38015.6,37959,37988.9,9.49929205
1651411800000,37988.9,38024.4,37970,37975,12.39519645
1651412700000,37974.9,37975,37914.5,37924.7,11.6172003
1651413600000,37924.8,37948.6,37905.9,37934.3,13.86303774
1651414500000,37934.2,37991.1,37926,37929.2,12.49252606
1651415400000,37929.2,37998.1,37900.4,37982.9,18.54209906
1651416300000,37982.9,38020.5,37966.5,37990,39.61866207
1651417200000,37990,38048,37978.6,38003.1,81.39912863
1651418100000,38003.1,38307,37985.4,38279.9,248.21154858
1651419000000,38279.9,38350,38175.2,38247,50.21961191
1651419900000,38246.9,38642.8,38201,38490.7,288.34634498
1651420800000,38490.7,38616.1,38353.3,38549.3,93.66512911
1651421700000,38549.4,38700,38549.4,38570,110.91093995
1651422600000,38570,38602,38522,38580.8,25.48301993
1651423500000,38580.8,38597.4,38491.5,38504.9,18.6839208
1651424400000,38504.8,38595,38504.8,38571.2,19.37959929
1651425300000,38571.3,38571.3,38454.9,38482.7,21.16821014
1651426200000,38482.8,38491.3,38403.1,38465.3,94.29607625
1651427100000,38465.4,38492.1,38379.8,38384.3,24.57906871
1651428000000,38384.5,38416.9,38320,38371,50.23192994
1651428900000,38371.1,38386.6,38172.2,38211,87.35743557
1651429800000,38211,38256.9,38183.3,38223,23.69959885
1651430700000,38223,38223.1,37925.1,37937.6,92.30751336
1651431600000,37937.5,37969.1,37777,37861.1,62.48624029
1651432500000,37861,37861,37760.3,37776,26.08267993
1651433400000,37776,38010.2,37732.9,37937.2,38.23889558
1651434300000,37935,37964,37797.6,37810.7,25.19297489
1651435200000,37810.8,37850,37682.7,37825.6,47.43297732
1651436100000,37825.5,37947.7,37782.2,37894.9,17.38620452
1651437000000,37894.9,37925.5,37865.1,37891.8,5.61589504
1651437900000,37894.9,38338.8,37894.9,38305.1,37.07089108
1651438800000,38305.1,38436.6,38089.7,38229.4,49.71157739
1651439700000,38229.5,38346.2,38222.6,38297,14.99383134
1651440600000,38297,38297.1,38170,38257.3,14.54649029
1651441500000,38257.3,38364,38247.6,38342.6,18.19948458
1651442400000,38342.6,38578.1,38312.4,38545.1,48.74566868
1651443300000,38546.8,38546.8,38249.9,38268,29.72550092
1651444200000,38268,38275.8,38100,38241.5,24.02780379
1651445100000,38241.5,38450,38206.5,38299.6,56.2578531
1651446000000,38303.6,38428.5,38246,38395,17.40002893
1651446900000,38398.9,38625,38356.6,38520.2,42.46179497
1651447800000,38520.1,38567.4,38397.5,38397.6,30.4805614
1651448700000,38397.6,38492.3,38364,38468.4,32.56646128
1651449600000,38466.5,38601.6,38455.3,38551.5,39.01319155
1651450500000,38551.5,38759.8,38551.4,38686.8,138.97006618
1651451400000,38686.8,38808.3,38627.3,38730.4,60.45918477
1651452300000,38730.4,38730.4,38616,38672.3,16.87492435
1651453200000,38672.4,38743.7,38672,38674.7,17.78342739
1651454100000,38674.6,38674.6,38605.3,38605.4,9.81317005
1651455000000,38605.4,38625,38568.1,38612.1,12.0803464
1651455900000,38610.1,38677.8,38490,38496.2,26.21624865
1651456800000,38499.4,38525.2,38366,38441.4,70.15717114
1651457700000,38441.5,38533.3,38435.3,38515.2,10.93074815
1651458600000,38518.2,38564.9,38490.5,38518,9.7818538
1651459500000,38518.1,38646,38510.6,38621,19.10373353
1651460400000,38621.1,38691.9,38621.1,38649.9,18.63447645
1651461300000,38649.7,38680,38632.7,38648.1,7.28486731
1651462200000,38647.2,38718.1,38628,38679.6,24.76557044
1651463100000,38680.9,38708.3,38650,38675.4,11.64291354
1651464000000,38675.6,38758,38655.6,38683,34.64203759
1651464900000,38682.5,38682.5,38600,38634.9,23.99840618
1651465800000,38634.9,38731.5,38634.9,38714.8,13.55520643
1651466700000,38714.8,39114,38706.4,38976,275.67574715
1651467600000,38976,39027.6,38942,38984.8,50.53000583
1651468500000,38984.8,38987.9,38884,38934.8,10.30954081
1651469400000,38934.9,39020.2,38912.1,38957.1,50.98746268
1651470300000,38957,39030.6,38953.8,39016.9,27.33692326
1651471200000,39016.8,39164.4,38988.2,38988.3,85.857531
1651472100000,38988.3,39017.9,38940,38989.7,20.35519568
1651473000000,38989.8,39018,38957.5,39002.5,20.49153091
1651473900000,39002.5,39043,38925.4,38925.4,12.07819008
1651474800000,38925.4,39025.8,38900.8,39014.3,24.91794322
1651475700000,39014.3,39035.8,38973.8,39014,24.91089047
1651476600000,39014,39029.9,38977.3,39017,17.23551596
1651477500000,39020.9,39020.9,38829,38877.2,21.51545396
1651478400000,38886.6,38993,38841.4,38953.5,34.62205091
1651479300000,38953.5,38978,38891.6,38912.4,16.15087847
1651480200000,38912.4,38942.7,38772.9,38940.8,71.93945854
1651481100000,38940.8,38953.1,38878.9,38930.2,34.96130869
1651482000000,38930.1,38958.6,38883.3,38906.3,17.09439691
1651482900000,38906.2,38999.4,38906.2,38978.1,13.81941835
1651483800000,38978.1,39079.4,38946.1,38946.1,21.95568189
1651484700000,38942,38953.1,38769.9,38784.6,22.52042152
1651485600000,38784.6,38831,38745.8,38789.8,42.80172592
1651486500000,38789.7,38838.9,38714.4,38810,49.38954771
1651487400000,38810,38868,38774.6,38774.6,18.086269
1651488300000,38774.7,38793.4,38661,38712.2,20.83158486
1651489200000,38711.8,38762.9,38629.4,38633.1,23.05070864
1651490100000,38633.1,38733,38599.9,38678.5,48.83981655
1651491000000,38678.4,38680.1,38540,38567.1,44.71766299
1651491900000,38567.1,38635.1,38480.9,38534.9,83.04205329
1651492800000,38534.9,38547.3,38431.4,38511.2,44.04692812
1651493700000,38511.2,38700.9,38511.2,38651.6,40.72748336
1651494600000,38651.5,38701.4,38538.5,38605.8,25.79576512
1651495500000,38604.3,38605.8,38488.1,38500,40.71971121
1651496400000,38499.9,38875,38495.1,38808.6,113.13683437
1651497300000,38808.7,38882,38737.2,38787.6,85.24424099
1651498200000,38783.4,39168.4,38238,38907.9,785.18257708
1651499100000,38905.1,39094.8,38726.6,38918.9,400.16877763
1651500000000,38918,38994.5,38700,38706,96.56601116
1651500900000,38706,39000,38599.9,38970.8,134.6680693
1651501800000,38965.2,39100,38888,38907.5,126.47128815
1651502700000,38907.5,38976.3,38750.1,38837.5,118.46429967
1651503600000,38837.6,38900.6,38702.9,38863.2,97.82690455
1651504500000,38866.6,38888.7,38699.4,38757.2,54.88705348
1651505400000,38757.2,38813.1,38610,38656.6,55.10803187
1651506300000,38656.7,38717.5,38609.3,38693.4,28.83501685
1651507200000,38693.4,38728.8,38562.1,38679.9,57.45765848
1651508100000,38680,38866.5,38657.7,38789.4,59.96862142
1651509000000,38789.8,38818.1,38703.9,38710.2,52.00697032
1651509900000,38712.1,38720,38523.6,38559.8,60.81497574
1651510800000,38556,38616.3,38414.5,38545,120.28698364
1651511700000,38545,38545,38369.9,38449.7,47.08914052
1651512600000,38449.7,38510,38300,38322.3,62.77543042
1651513500000,38322.2,38377.7,38199.9,38373.6,77.91520407
1651514400000,38373.5,38454.9,38085.3,38120.3,201.79790216
1651515300000,38125.3,38301.3,38102,38156.5,72.76667689
1651516200000,38156.5,38239,38073,38140.8,65.36701
1651517100000,38140.9,38302.4,38061.6,38207.5,146.29489382
1651518000000,38211.8,38367.5,38158,38316.8,83.1005044
1651518900000,38316.8,38609,38283.5,38416.6,72.19704389
1651519800000,38416.5,38513.5,38365.8,38365.8,66.62803631
1651520700000,38365.8,38600.3,38354.2,38554.6,77.63494077
1651521600000,38558.7,38609.9,38428.5,38428.5,10.0573487
1651522500000,38427.5,38482,38416.6,38417.4,11.97632402
1651523400000,38421.2,38454.7,38412.1,38421.8,8.27842263
1651524300000,38421.7,38421.7,38312.4,38320,33.29718098
1651525200000,38320,38375,38293.5,38368.3,14.75366576
1651526100000,38368.3,38544.5,38353.5,38524.4,40.78525574
1651527000000,38524.5,38750,38524.4,38648.5,107.25245311
1651527900000,38644.6,38683.8,38603.9,38640.9,17.88780331
1651528800000,38642.5,38838.7,38642.5,38782.5,88.46720037
1651529700000,38771,38914.8,38636.6,38669.5,70.54053973
1651530600000,38669.4,38669.5,38594.7,38613.1,17.82505924
1651531500000,38613.2,38628.6,38579.4,38593.6,17.05527488
1651532400000,38593.6,38659.2,38582.2,38637,8.34584079
1651533300000,38636.9,38742,38627.8,38686.3,23.62410636
1651534200000,38686.3,38692.8,38544.1,38549.6,17.7348394
1651535100000,38549.6,38564.1,38468.8,38529.9,23.32450598
1651536000000,38530,38576.6,38468.7,38552.5,63.84283475
1651536900000,38552.6,38570.2,38461.4,38474.1,25.41204565
1651537800000,38482.2,38496.8,38440.3,38467.9,16.86305686
1651538700000,38464.5,38490.1,38389.7,38415.7,16.26010093
1651539600000,38415.6,38449.9,38368.2,38401,9.68700822
1651540500000,38400.9,38413.9,38358.8,38402.7,6.67331729
1651541400000,38402.8,38515.5,38402.8,38476.9,30.2976405
1651542300000,38476.9,38518,38456,38517.4,14.21981897
1651543200000,38517.3,38614.5,38484,38507.2,21.92055207
1651544100000,38507.2,38521.5,38471.1,38473.8,6.59565165
1651545000000,38473.8,38489.6,38320.1,38358,27.41860095
1651545900000,38358,38517.2,38340.3,38406.3,15.75564079
1651546800000,38406.2,38602.4,38398.1,38520.1,172.154283
1651547700000,38520.1,38623.1,38520,38584,29.34673766
1651548600000,38584.1,38588.6,38508,38523.2,8.85790505
1651549500000,38523.3,38537.3,38464.3,38526,11.02139771
1651550400000,38525.9,38556.7,38467,38485.7,15.79008458
1651551300000,38484.4,38494.3,38462.7,38470.6,6.70562603
1651552200000,38470.6,38504.3,38454.3,38495.1,14.71477283
1651553100000,38495.1,38560.1,38487.1,38508.8,25.90551759
1651554000000,38508.8,38515.4,38392.1,38455.4,56.22354597
1651554900000,38455.5,38499.9,38430,38489,20.2852256
1651555800000,38489.1,38528,38475,38491.9,20.37422988
1651556700000,38491.8,38542.8,38482.2,38519.9,17.90775283
1651557600000,38520,38544,38479.5,38479.5,12.86602906
1651558500000,38479.6,38521.6,38439.7,38513.9,10.71935033
1651559400000,38513.9,38574.2,38510,38538.4,20.9378401
1651560300000,38538.4,38538.5,38466.7,38466.7,5.04290867
1651561200000,38466.6,38512.4,38423.1,38509,28.25563652
1651562100000,38509,38534.4,38487.4,38529.2,33.86275271
1651563000000,38530.1,38558,38490.5,38490.9,11.76565916
1651563900000,38490.9,38572.3,38457.3,38557.5,15.10212501
1651564800000,38557.6,38648,38557.6,38617,46.41355593
1651565700000,38617,38646.7,38568.5,38571.9,11.65356705
1651566600000,38571.9,38648,38571.9,38583.3,16.61220654
1651567500000,38578.2,38585.4,38539,38541.1,16.76497026
1651568400000,38541,38548.2,38510,38539.1,7.61609415
1651569300000,38540.4,38546.8,38506.3,38507,13.43250521
1651570200000,38507.1,38566.9,38459.2,38483,19.73561414
1651571100000,38482.9,38495.3,38436.1,38448.1,9.48648221
1651572000000,38450.2,38468.3,38430.1,38458.4,12.5121878
1651572900000,38459.2,38472,38382.6,38447.7,19.63978621
1651573800000,38447.6,38454.3,38403,38418,14.93515456
1651574700000,38416,38442.5,38370,38422,23.4855568
1651575600000,38422.1,38463.3,38399.3,38442.2,7.60206741
1651576500000,38441.4,38485,38257.1,38468.3,109.87685157
1651577400000,38468.7,38534.7,38434.1,38434.2,35.44803634
1651578300000,38434.1,38562.6,38430.1,38562.6,14.81459697
1651579200000,38564.5,38601.6,38513.5,38529.2,39.15943108
1651580100000,38529.2,38550,38421.3,38460.3,18.02910615
1651581000000,38460.3,38533.5,38442.2,38513.3,34.26042571
1651581900000,38513.4,38521.2,38442.2,38451.9,14.84288238
1651582800000,38451.9,38475.6,38415.4,38430.4,13.88333285
1651583700000,38430.4,38430.4,38311.9,38380.9,39.57200721
1651584600000,38384.4,38468.6,38227.8,38300.3,129.0952923
1651585500000,38300.3,38382.3,38162.2,38361.6,109.42932123
1651586400000,38366,38485,38188.2,38283.2,76.53280117
1651587300000,38275.7,38342.5,38172.4,38338.1,44.68911133
1651588200000,38338.1,38381.5,38240.9,38252.2,36.4165483
1651589100000,38248.1,38299.9,38202.4,38284,25.34830019
1651590000000,38282,38403.7,38212.9,38365.5,57.34966699
1651590900000,38365.5,38427.3,38289.1,38367.1,41.72328028
1651591800000,38367.1,38409.7,38300,38307,39.67524914
1651592700000,38307,38338.9,38278.6,38330.9,19.03083813
1651593600000,38331,38396.4,38131.3,38219,52.5357783
1651594500000,38219,38237.8,38153.3,38166.7,54.37602771
1651595400000,38166.7,38240,38033.7,38189.4,103.70704828
1651596300000,38189.4,38251.3,38127.3,38144.9,27.39343212
1651597200000,38144.9,38204.7,38100,38169,15.12816814
1651598100000,38169.1,38326.1,38169,38222,44.83673369
1651599000000,38222,38253.1,38148.5,38195.7,72.19443384
1651599900000,38193.1,38197.9,38050.3,38050.3,41.39081205
1651600800000,38050.3,38050.3,37776,37795.2,251.85257942
1651601700000,37795.1,37832.5,37600,37637.8,179.34667581
1651602600000,37637.8,37840,37571.3,37663.7,165.32168133
1651603500000,37673.6,37770.4,37591.5,37754.4,68.459061
1651604400000,37754.4,37772.3,37652.5,37708.1,25.46407534
1651605300000,37708.2,37734.7,37619,37646.8,30.8989161
1651606200000,37646.7,37679,37520,37575,56.9808422
1651607100000,37574.9,37788.8,37532,37714.9,34.72382167
1651608000000,37722.8,37728,37593.9,37622.4,23.22361804
1651608900000,37622.4,37663.8,37535,37642.3,17.88770513
1651609800000,37637.7,37656.7,37573.4,37582.2,11.28006543
1651610700000,37582.3,37874,37580.2,37788.5,82.84932887
1651611600000,37781.3,37806,37625,37779.2,31.9786954
1651612500000,37779.2,38037.6,37751.9,37951,40.02284629
1651613400000,37950.9,37958.6,37728.6,37790.1,44.27079424
1651614300000,37790.1,37870.4,37742.9,37800,19.39599293
1651615200000,37799.9,37811.6,37733.3,37782.6,18.06965521
1651616100000,37779.8,37879,37754.8,37850.1,26.20811473
1651617000000,37850.1,37850.1,37770.7,37782.1,7.89632488
1651617900000,37782.1,37815.7,37726.8,37741.7,10.85142819
1651618800000,37741.7,37741.7,37637.7,37666.3,26.24664682
1651619700000,37666.4,37704.8,37652.6,37680,6.76662051
1651620600000,37680,37755.5,37647.6,37742,11.21256485
1651621500000,37741.9,37770.7,37717.4,37727.4,14.16698594
1651622400000,37727.4,37797.9,37666.4,37774.9,16.80345123
1651623300000,37774.8,37796.8,37728.8,37740.3,6.7199923
1651624200000,37740.3,37928.4,37740.3,37862.4,38.38602835
1651625100000,37864.4,37902.7,37850,37902.6,11.63481544
1651626000000,37902.5,37995.4,37900.1,37917.9,34.09761086
1651626900000,37918,37959.5,37899,37921.6,22.97481368
1651627800000,37921.5,37940,37882.3,37898.3,9.09672759
1651628700000,37898.3,37902.9,37873.6,37886.1,7.35264558
1651629600000,37886,37941.5,37882.2,37924,9.93897473
1651630500000,37924.1,38050,37924,37981.9,28.84172696
1651631400000,37981.8,38001.4,37953,37971.6,24.23369322
1651632300000,37971.5,37982.7,37947.7,37970.6,16.64577576
1651633200000,37970.5,37997.4,37965,37983.6,7.48381431
1651634100000,37983.6,38043,37981.7,38029.4,19.48815926
1651635000000,38029.4,38100,38022.3,38086.4,30.37634752
1651635900000,38086.5,38086.5,38009.5,38019.1,33.75691725
1651636800000,38018.1,38095.5,37998.2,38031.4,21.55727248
1651637700000,38028.4,38032,37975.4,37978.4,7.61083862
1651638600000,37978.4,37990.6,37951.5,37985.1,15.07063276
1651639500000,37983,38001.9,37959.3,37995.8,5.089489
1651640400000,37995.7,38022.1,37979.8,38014,6.31819282
1651641300000,38014,38032.4,37965.6,38020.8,10.67348493
1651642200000,38020.9,38069,38020.9,38034.9,12.16340017
1651643100000,38034.9,38128,38027.1,38086.9,17.82331758
1651644000000,38086.9,38344.1,38079.8,38298.7,115.60565497
1651644900000,38294.3,38308.8,38253.5,38260.7,43.05038236
1651645800000,38260.8,38395,38260.8,38395,44.84363785
1651646700000,38395,38439.4,38332.8,38410.1,51.06159501
1651647600000,38410.1,38461.8,38326.1,38359.7,548.70624046
1651648500000,38359.7,38447.9,38359.7,38432.1,30.18903204
1651649400000,38432.1,38536.6,38413.8,38503.1,78.9147214
1651650300000,38503,38748.3,38503,38696.1,210.23830067
1651651200000,38696,38852.7,38667.5,38783.3,143.94499698
1651652100000,38782.4,38879,38760,38830.1,53.52697641
1651653000000,38830.1,39040.2,38830.1,38854.1,143.76849683
1651653900000,38855.8,39036.1,38846,38972.2,162.20491255
1651654800000,38972.2,39015.4,38844.1,38923.3,57.02470754
1651655700000,38923.4,38991.2,38875.6,38927.1,95.70612335
1651656600000,38927.2,39094.3,38912.3,38989.8,100.46995306
1651657500000,38989.8,39000,38816,38879.7,106.93995626
1651658400000,38879.8,38970.9,38851.5,38914,32.33258515
1651659300000,38914.1,39024.9,38857.9,38971.5,72.79518877
1651660200000,38971.5,39069.9,38930,39025.2,53.61210165
1651661100000,39023.6,39044.8,38954.3,38987.8,40.97026216
1651662000000,38990.8,39019,38863.1,38934.2,49.45095497
1651662900000,38940,39068.5,38873.8,39003,39.29072233
1651663800000,39001.7,39034.3,38958.8,39032.7,36.86554832
1651664700000,39032.7,39035.4,38988,39006.4,30.34184884
1651665600000,39006.4,39172.7,38950,38972.6,105.4024035
1651666500000,38970.2,39009.4,38909.2,38935.1,51.73741167
1651667400000,38935.1,38969.9,38868.5,38957.1,42.35974428
1651668300000,38955.7,39029.3,38932.1,38961.1,158.12318692
1651669200000,38961,39036.4,38961,39000.1,32.89894405
1651670100000,39000,39088.8,38987.7,39024.7,69.60979834
1651671000000,39024.7,39024.8,38890.7,38936.4,69.71366582
1651671900000,38936.5,38962.2,38712,38721.8,114.82672014
1651672800000,38721.8,38870.9,38672,38841.9,111.20291435
1651673700000,38841.9,38875,38760.7,38862.6,46.35974488
1651674600000,38862.5,38864.5,38759.8,38843.4,34.33256759
1651675500000,38843.5,38868.9,38769.2,38797.3,19.68803856
1651676400000,38798.6,38843.9,38729.8,38765,32.81567132
1651677300000,38765,38836.8,38764.9,38772.2,14.04423843
1651678200000,38772.2,39094.2,38725.1,38911.8,115.52139105
1651679100000,38911.8,39060,38898.6,38972.6,97.41320685
1651680000000,38972.6,39020.3,38873.3,39020.3,72.48242974
1651680900000,39020.3,39500,38959.5,39319,417.06776958
1651681800000,39319.1,39340,39150.1,39199.9,61.04551096
1651682700000,39199.9,39225.1,39021.3,39189.8,47.8502665
1651683600000,39189.8,39250.8,38898.6,38961.7,85.92351099
1651684500000,38958.1,39034.4,38921,38958.3,95.40462057
1651685400000,38958.3,38986.9,38846.6,38926.5,28.54295778
1651686300000,38926.5,39171.6,38813.8,38985,116.23391532
1651687200000,38985.1,39284.8,38818.7,38970.8,1807.54237169
1651688100000,38970.8,39042.5,38701.7,38980.3,124.78564206
1651689000000,38976,39090.8,38600,39051.7,1187.19610247
1651689900000,39051.6,39809,39041.6,39624.1,863.78548386
1651690800000,39624.1,40033.3,39541.7,39896.4,362.73140597
1651691700000,39896.4,40000,39747.4,39852.6,101.37941264
1651692600000,39852.6,39909.1,39739.2,39765.4,48.96843456
1651693500000,39765.3,39920,39640.3,39856.3,73.5697469
1651694400000,39856.4,39939.1,39811,39814,60.20833588
1651695300000,39813.9,39859.5,39751.7,39841.7,27.05161107
1651696200000,39841.7,39903.8,39834,39871.9,22.357859
1651697100000,39871.9,39879.6,39796.4,39805,26.14473328
1651698000000,39810.1,39849.4,39795.9,39840.1,12.27719861
1651698900000,39840.1,39886.2,39793.7,39879.3,11.22511362
1651699800000,39879.3,39879.3,39765,39765.1,7.16895672
1651700700000,39765.1,39798.6,39726.8,39751.8,38.28760048
1651701600000,39751.8,39773.3,39725.1,39730.1,13.73709078
1651702500000,39730.1,39772.2,39722.8,39752.7,15.77161409
1651703400000,39752.7,39772.1,39690.1,39693.5,23.47837823
1651704300000,39693.5,39724.1,39678.2,39689,29.44214045
1651705200000,39689,39696.5,39633.1,39642.4,37.24876087
1651706100000,39642.4,39660,39622.8,39625.5,16.78012422
1651707000000,39625.6,39652.7,39622,39652.7,22.46663081
1651707900000,39652.6,39737.2,39652.6,39698.2,68.90903612
1651708800000,39698.2,39750,39655.8,39658.7,58.26563183
1651709700000,39658.8,39688.4,39556.1,39678.6,69.32965764
1651710600000,39678.6,39715.8,39659.4,39680.9,12.62637504
1651711500000,39681,39681,39612.5,39662.9,22.81356444
1651712400000,39661.1,39669,39627.5,39639.5,21.66251999
1651713300000,39639.6,39666,39608.1,39650,34.68556252
1651714200000,39650,39713.9,39644.5,39685.6,35.83205978
1651715100000,39685.7,39685.7,39614,39632.7,25.17140668
1651716000000,39632.7,39710,39600,39696.5,55.21082403
1651716900000,39696.5,39728.4,39679.9,39704.7,25.91024777
1651717800000,39704.8,39752,39699.1,39744.3,25.05042474
1651718700000,39744.4,39796.6,39704.3,39777.4,45.53790471
1651719600000,39777.5,39783.9,39750,39763.3,20.14696877
1651720500000,39763.3,39779.2,39755,39767.7,39.06393242
1651721400000,39767.7,39767.8,39689.8,39706.4,41.55303128
1651722300000,39706.4,39746.2,39684,39736.8,16.51051915
1651723200000,39736.8,39737,39687.9,39687.9,96.54469996
1651724100000,39687.9,39721.6,39687.9,39710.3,34.22241935
1651725000000,39710.3,39758.8,39694.4,39757.4,26.46850647
1651725900000,39757.4,39774.5,39748.4,39756.5,19.74065709
1651726800000,39756.5,39779.8,39745.2,39779.8,11.26235849
1651727700000,39779.8,39854.7,39706.6,39706.6,29.23452523
1651728600000,39706.6,39706.7,39580,39635.5,73.95784462
1651729500000,39635.4,39639.4,39580.1,39614.3,27.55203544
1651730400000,39614.3,39684.1,39602.8,39672.9,41.13729115
1651731300000,39672.9,39696.4,39624.2,39624.2,35.77831753
1651732200000,39624.3,39634,39538,39570.7,46.79914203
1651733100000,39570.6,39583,39539,39549,12.71517835
1651734000000,39547.2,39565.2,39522.8,39539.9,43.63640945
1651734900000,39539.8,39579.9,39525.6,39558.8,40.5173415
1651735800000,39558.8,39627.4,39558.7,39617.2,54.20812836
1651736700000,39617.2,39628.3,39578.8,39588,52.43749719
1651737600000,39588,39636.6,39525,39631.2,52.64454167
1651738500000,39631.2,39635.9,39577.3,39585.8,25.42150223
1651739400000,39585.8,39585.8,39459.4,39479.1,33.89452611
1651740300000,39479.1,39540.9,39450.7,39490,22.65033167
1651741200000,39490,39572.8,39490,39562,28.5643424
1651742100000,39562.1,39562.1,39450.1,39472.9,17.17522923
1651743000000,39473,39492.4,39422.7,39492.3,37.64646455
1651743900000,39492.4,39503.8,39434.1,39487.5,33.19995679
1651744800000,39488.1,39546.7,39466.4,39512.8,29.52040223
1651745700000,39512.8,39558,39467.7,39553.1,22.05035414
1651746600000,39553.1,39628.3,39522.3,39595.8,50.14268249
1651747500000,39595.7,39595.8,39500,39517.7,29.67171738
1651748400000,39515.7,39582.2,39502.6,39538,19.73180774
1651749300000,39538,39573.8,39526.1,39548.6,9.13682998
1651750200000,39548.6,39548.6,39500,39528,17.14475503
1651751100000,39527.9,39528.8,39454.9,39495.8,13.03091997
1651752000000,39495.8,39547.7,39463.8,39535.2,19.74738889
1651752900000,39535.1,39538.1,39474.5,39514,20.38855777
1651753800000,39514.1,39550,39504.3,39539,13.02389147
1651754700000,39539,39550,39488.8,39514.9,9.33707367
1651755600000,39514.8,39514.8,39395.4,39468.7,27.59889183
1651756500000,39468.6,39494.6,39354.7,39389.9,44.37880916
1651757400000,39390,39396.9,39222.9,39223,111.98911586
1651758300000,39223,39261,38953.5,38973.3,512.79445084
1651759200000,38973.3,39046,38739,38873.6,455.74515794
1651760100000,38873.6,38873.6,38503.4,38639.3,275.88350696
1651761000000,38639.4,38649.9,38224.5,38388.5,276.32055058
1651761900000,38388.5,38416.7,38100,38218.6,310.03660229
1651762800000,38212.5,38224.2,36380.3,37226.4,3359.70788525
1651763700000,37241.4,37384.3,36861.4,37110,580.2119742
1651764600000,37100.9,37242.3,36954.2,37035.7,424.68666741
1651765500000,37035.8,37063.1,36570.1,36906.2,1050.29906889
1651766400000,36909.8,37068.2,36780.9,37031.5,367.12460944
1651767300000,37031.4,37319.3,36971.7,37124.4,251.03992704
1651768200000,37124.3,37144.3,36826.1,36907.9,121.71434277
1651769100000,36907.9,37100,36866.1,37035.2,88.3693603
1651770000000,37035.2,37159.6,37025,37025.1,67.1683687
1651770900000,37025.1,37064.1,36840.8,36925,108.10741491
1651771800000,36924.9,37006.9,36850,36907.2,103.04499485
1651772700000,36907.2,36919.1,36777.7,36815.4,54.66896863
1651773600000,36815.3,36849.3,36650.1,36720,109.26789878
1651774500000,36720,36814.4,35941.6,36179,1715.31959273
1651775400000,36178.9,36415.4,36172.1,36317.1,302.82355689
1651776300000,36327,36600,36266.6,36387.1,184.30304406
1651777200000,36387.1,36393.4,35731,35876.2,630.16602929
1651778100000,35876.3,35943.6,35555,35827.2,941.15225504
1651779000000,35827.3,36190.1,35763.3,36110.6,443.27017276
1651779900000,36113.8,36371.2,35948,36304.2,649.87287651
1651780800000,36306.4,36412.9,36122.7,36379.4,117.92550121
1651781700000,36379.4,36389.5,36194.5,36209.7,36.89073553
1651782600000,36209.7,36358.6,36161,36302.5,65.9602409
1651783500000,36302.5,36467.7,36260.4,36460.4,60.06971257
1651784400000,36460.4,36463.5,36323.2,36387.9,37.48839239
1651785300000,36390.7,36594.9,36378.4,36495,66.73912591
1651786200000,36495,36584.8,36461.6,36554.8,17.34101953
1651787100000,36554.7,36565.9,36432.9,36449.8,25.52201996
1651788000000,36449.8,36489.5,36397.7,36466.2,23.18316668
1651788900000,36466.1,36466.1,36330,36400.3,81.83455045
1651789800000,36400.4,36444.2,36353.5,36359.6,24.72700471
1651790700000,36359.6,36375.1,36206,36233.8,75.3969653
1651791600000,36234.2,36544.9,36234.2,36476.3,250.97259271
1651792500000,36476.3,36583.7,36400.1,36506,71.48732269
1651793400000,36506.1,36524.4,36444.1,36514.3,22.72076657
1651794300000,36514.3,36594.5,36483.4,36550,44.73979881
1651795200000,36549.9,36666,36477.1,36489.7,94.48290428
1651796100000,36489.7,36520.2,36434.5,36506.3,66.89646012
1651797000000,36505,36505,36383.3,36400.2,41.58295707
1651797900000,36400.1,36400.1,36284.8,36372.2,65.75875109
1651798800000,36372.2,36400,36266.9,36267,56.90234142
1651799700000,36267,36363.5,36147.9,36242.2,90.81186417
1651800600000,36251.6,36286.2,36210,36255.2,29.35415257
1651801500000,36255.1,36307,36208.3,36299.3,22.2674894
1651802400000,36299.2,36447.8,36299.2,36447.8,71.75809452
1651803300000,36447.8,36540.7,36440.1,36535.3,127.20434708
1651804200000,36535.3,36535.4,36455.6,36484,81.8307333
1651805100000,36484,36488.1,36412.2,36428.6,61.43967852
1651806000000,36428.6,36467.9,36385.8,36420,27.27745421
1651806900000,36420,36421.5,36369.2,36383.9,7.2265619
1651807800000,36383.9,36446.3,36360.3,36364.2,17.18094548
1651808700000,36364.3,36456.8,36364.3,36456.7,21.02274428
1651809600000,36456.8,36465.5,36333.3,36333.3,27.86727119
1651810500000,36333.4,36379.3,36283.7,36345.8,63.64850828
1651811400000,36345.7,36367.1,36326.3,36351.3,15.1983161
1651812300000,36351.2,36454.7,36337.1,36429.5,49.28316623
1651813200000,36429.5,36456.1,36380.4,36431.2,32.27559748
1651814100000,36431.1,36470.4,36417.6,36463.2,17.47897155
1651815000000,36463.1,36485.7,36429,36477.3,17.46241072
1651815900000,36477.4,36505.4,36451.3,36494,14.64295152
1651816800000,36494.1,36544.8,36465.7,36471.1,19.10422805
1651817700000,36471,36487,36411,36417.9,13.26904699
1651818600000,36418,36466.1,36410,36436.9,10.31730246
1651819500000,36436.9,36447.3,36398.8,36412,14.28554271
1651820400000,36415,36418.4,36362,36410,69.52783905
1651821300000,36410,36448.7,36360.8,36374.2,23.0046628
1651822200000,36374.1,36377.5,35835.6,35923.6,478.63509087
1651823100000,35923.5,36434.6,35860,36371.7,406.45533486
1651824000000,36371.7,36512.8,36175.1,36263.6,187.3347492
1651824900000,36263.5,36374.8,36200,36303,53.49534856
1651825800000,36303,36407.4,36205,36236.4,45.503844
1651826700000,36236.4,36306.8,36190.8,36222,34.04070885
1651827600000,36222,36264,36188,36214,40.37393612
1651828500000,36214.1,36338.5,36174.9,36307,45.6866499
1651829400000,36307,36434.9,36303.9,36356.7,34.90785452
1651830300000,36356.7,36408.3,36338,36397.5,30.82934806
1651831200000,36397.5,36418.6,36277,36283.1,47.91042703
1651832100000,36286.3,36287.1,36223,36253,22.74606907
1651833000000,36253,36265.1,36047.4,36095.2,167.36315271
1651833900000,36095.2,36148.3,35789.2,35938.6,221.7708547
1651834800000,35938.7,36118.8,35709.9,35789.9,224.21399293
1651835700000,35799.2,35849.8,35590,35728,188.40030755
1651836600000,35728.1,35977.2,35633,35812.1,253.93524076
1651837500000,35812,35890.6,35770,35790,73.10247102
1651838400000,35790,35908.7,35714.2,35716.1,54.55129001
1651839300000,35716.1,36075.4,35692.8,35976.7,178.10265391
1651840200000,35983.2,36333,35983.2,36092.4,1348.67514826
1651841100000,36092.5,36102.6,35777.7,35827.6,128.42311401
1651842000000,35827.6,36008.6,35725.8,35933.5,83.55878318
1651842900000,35933.6,36032,35888.8,36003,53.79972076
1651843800000,35996.2,36059.9,35257.5,35500.8,2640.71503901
1651844700000,35506.1,35777.3,35333,35744.2,1362.68820868
1651845600000,35744.2,36083.1,35634.3,35909.1,469.79220642
1651846500000,35916.5,36188,35811.8,35822.6,343.31026872
1651847400000,35822.6,35990.5,35755,35922.4,265.6030404
1651848300000,35920.2,36240,35899.9,36133.6,247.624803
1651849200000,36137.4,36238.3,36061.6,36208.5,97.12572556
1651850100000,36208.4,36430.3,36171.8,36299,181.58639231
1651851000000,36307.4,36327.7,36009,36096.6,78.86193131
1651851900000,36086.4,36207.2,35953.5,36002.5,92.55979415
1651852800000,36002.5,36209,35899.1,35978,128.88004925
1651853700000,35977.9,36168.4,35932.9,36113.4,68.34075617
1651854600000,36113.4,36197,36053.4,36146.5,52.33924606
1651855500000,36146.5,36238.7,36028.5,36215.9,53.01798001
1651856400000,36213.4,36238.6,36108.1,36128.5,29.91508952
1651857300000,36128.5,36173.3,36000,36086,41.83367125
1651858200000,36092,36129.3,35993.7,36028.8,26.49741783
1651859100000,36028.8,36060,35860,35892.8,165.98296492
1651860000000,35898.6,35948.6,35842.5,35899,61.00782703
1651860900000,35899.1,35991.9,35890.1,35930.1,62.79682682
1651861800000,35930.1,36010.7,35836.8,35960.8,60.12716832
1651862700000,35960.8,36106.9,35938.6,35950,80.73173065
1651863600000,35950,36029.4,35894.2,35952.8,81.97655731
1651864500000,35952.8,35985.3,35850,35972,40.49008273
1651865400000,35968.4,36139.5,35959.6,36061.2,119.39165976
1651866300000,36056.1,36153,35938.2,35999.6,125.50592142
1651867200000,36000.9,36006.9,35901.5,35909.6,33.04966305
1651868100000,35909.6,35924.3,35876.3,35898.6,32.13355879
1651869000000,35898.5,35975.3,35870,35966.1,16.09530669
1651869900000,35966.1,36109.5,35964.1,36077.2,32.84267154
1651870800000,36078.6,36104.3,35994,36016,57.56626861
1651871700000,36016.1,36071.2,35991.3,36068.5,24.06597834
1651872600000,36064.3,36071.8,35939.2,35940.9,18.0437579
1651873500000,35940.9,35974.3,35905,35956.9,22.92822312
1651874400000,35957,36000,35888.4,35893.7,19.85890033
1651875300000,35893.6,35973.3,35893.1,35922.7,18.81383066
1651876200000,35922.7,35986.1,35887.3,35986,30.85412744
1651877100000,35986,36068.4,35972.2,35998.5,75.01368138
1651878000000,36004.4,36087.1,35994.4,36066,42.39651876
1651878900000,36066,36119,36058.6,36098.6,41.3830673
1651879800000,36098.6,36098.7,36031.1,36076.8,66.23368352
1651880700000,36076.9,36089.4,36006.5,36010,38.45510462
1651881600000,36009.9,36050,35939.6,36039,86.14782697
1651882500000,36039,36059.9,35967.9,35977.6,27.93720116
1651883400000,35977.6,36033.5,35950,36024.8,21.52669434
1651884300000,36020.6,36031.8,35962.1,35997.8,14.03886671
1651885200000,35997.8,36048,35980.7,35991.9,18.21819823
1651886100000,35992,36002,35929.7,35961.2,29.45541455
1651887000000,35961.1,35973,35928.3,35936.1,19.09206265
1651887900000,35936,36021.4,35913,36015.4,13.3908023
1651888800000,36015.3,36030.6,35960.1,36007.8,17.37731787
1651889700000,36007.7,36019.2,35941.9,35982.3,8.73036004
1651890600000,35989.7,35999.4,35945.3,35979.8,11.30390497
1651891500000,35983.8,35983.8,35941.1,35955,20.16768377
1651892400000,35955,35964.3,35910,35913.5,10.90339603
1651893300000,35913.4,35942.2,35800.1,35830.9,56.17906503
1651894200000,35825.2,35883.3,35756.4,35854.2,52.24418411
1651895100000,35856.4,35898.9,35793.9,35815.4,13.49550004
1651896000000,35815.3,35851.2,35769.3,35804.9,23.62401171
1651896900000,35805,35878.2,35762.7,35871.1,38.45615823
1651897800000,35870.2,35881.8,35792.3,35798,14.71817617
1651898700000,35797.9,35832.8,35725.4,35742.7,40.34108941
1651899600000,35742.7,35832.3,35729.7,35810.9,29.31351514
1651900500000,35810.9,35888.8,35781,35872.9,31.19756194
1651901400000,35873,35894.2,35827.2,35884.9,42.57810805
1651902300000,35884.9,35899.8,35844.2,35893.3,8.657357
1651903200000,35895.3,35907.1,35842.3,35850,26.54234807
1651904100000,35850.1,35870.4,35800,35810.2,25.87717229
1651905000000,35810.2,35865.9,35810.2,35853.3,38.13816952
1651905900000,35853.2,35884.8,35800.4,35812.3,27.05806285
1651906800000,35812.4,35836.7,35782.5,35809.9,38.32962643
1651907700000,35810,35877.5,35809.9,35838.1,73.65417192
1651908600000,35838.1,35926.2,35829.8,35926.2,48.38896049
1651909500000,35926.2,35954.8,35906.1,35920.6,46.87709333
1651910400000,35920.7,35988,35880,35988,100.38168882
1651911300000,35988,36065.3,35940,35958.3,62.22547479
1651912200000,35958.4,36001,35940,35977.4,45.79386322
1651913100000,35978.1,36069,35978.1,36015.1,39.02028587
1651914000000,36015.1,36027.9,35975,36020.1,10.77241029
1651914900000,36020.2,36063.4,35985.2,36007.5,52.4678617
1651915800000,36007.5,36022.8,35979.2,36016.4,14.55677161
1651916700000,36016.3,36016.3,35966.9,35981.5,16.71881282
1651917600000,35981.5,36021.9,35954.9,36018,19.76443738
1651918500000,36017.9,36040.2,35970.1,36040.2,17.15028975
1651919400000,36040.2,36143,36021.9,36080.1,65.33348571
1651920300000,36080,36087.7,36031.6,36087.7,22.5990033
1651921200000,36087.8,36128.3,36055.4,36115.3,18.96642341
1651922100000,36115.3,36142.8,36078.2,36078.3,23.12428672
1651923000000,36078.3,36079.7,36001.7,36051.5,37.05157086
1651923900000,36050.6,36069.2,36019.4,36054.8,28.65503051
1651924800000,36054.8,36060,36000.1,36027,14.71512869
1651925700000,36027,36029.9,36011.8,36023.5,24.83916683
1651926600000,36023.5,36047.9,35972,35972,37.74197393
1651927500000,35972,36046.3,35970.3,36032.2,19.49526918
1651928400000,36032.2,36053.2,35875,35899.8,61.39819316
1651929300000,35899.8,35959.4,35871,35889.5,60.68184691
1651930200000,35893,35943.2,35872.7,35892.9,30.40898437
1651931100000,35893,35949,35882.9,35903.4,24.83196612
1651932000000,35905.4,35927,35884.8,35896,23.19171317
1651932900000,35895.9,35947.9,35882.8,35923.3,19.93790413
1651933800000,35923.1,35958,35922.7,35940.7,10.31165369
1651934700000,35940.6,35996,35921.5,35962.3,16.71523506
1651935600000,35964.6,36000.1,35950,36000,23.04530495
1651936500000,36000,36090.9,35972.3,35999.6,58.45146684
1651937400000,35999.6,36019.9,35950,35952.8,35.55050781
1651938300000,35952.9,35988.8,35952.9,35966.5,9.51965207
1651939200000,35966.5,35983.8,35950,35967.2,11.412547
1651940100000,35965.5,35973.8,35931.8,35960.9,20.50749489
1651941000000,35960.9,35962,35929.7,35945.7,3.46103156
1651941900000,35945.8,35970,35891.7,35964.8,33.7302718
1651942800000,35964.9,35969.9,35902.2,35923.3,20.61637909
1651943700000,35923.3,35938.9,35889,35907.6,30.6977614
1651944600000,35907.7,35918.3,35870,35905.2,14.64119986
1651945500000,35905.3,35905.3,35876.8,35887,10.01122752
1651946400000,35887,35920,35879.8,35920,4.49553531
1651947300000,35920,35999.4,35920,35951.3,35.22014459
1651948200000,35951.4,35967.3,35950,35955.2,4.66984266
1651949100000,35955.2,35960.2,35880.5,35899.4,36.45588744
1651950000000,35899.3,35922.6,35882,35905.1,16.6533265
1651950900000,35905.1,35928.7,35862.6,35894.3,15.33552363
1651951800000,35896.2,35915.1,35885.4,35915,5.95822332
1651952700000,35915,35915,35850,35877.8,67.87983274
1651953600000,35877.7,35877.7,35820.9,35833.7,46.40160032
1651954500000,35833.7,35838.2,35800,35814.2,43.09247227
1651955400000,35814.2,35816.7,35755,35782.9,68.12245763
1651956300000,35782.9,35812.8,35760,35784,44.38312149
1651957200000,35784,35821.6,35366.7,35466.1,235.56653436
1651958100000,35466.2,35542.6,35120,35342.9,330.71485638
1651959000000,35342.8,35514.1,35274.7,35367,57.41799458
1651959900000,35367.1,35438.7,35000,35021.7,223.27196421
1651960800000,35021.8,35254,35021.8,35244.1,149.53335954
1651961700000,35247.1,35324.8,35122.5,35204.9,82.94795821
1651962600000,35204.9,35323,35151.6,35169.6,105.39394729
1651963500000,35171.3,35193.3,34780,35050.4,741.32557059
1651964400000,35050.4,35451.6,35025.3,35451.6,287.51797223
1651965300000,35453.7,35696.6,35395.4,35606.1,284.64358859
1651966200000,35609.8,35770.9,35555.6,35573.2,199.31479314
1651967100000,35571.6,35573.2,35468.1,35481.8,116.43387399
1651968000000,35482.6,35516.2,35396.9,35451.4,69.87207987
1651968900000,35451.5,35451.5,35306.2,35340,145.02730268
1651969800000,35340.1,35388.5,35255.2,35270.9,76.65978328
1651970700000,35270.9,35340.3,35068.1,35112.7,117.72332949
1651971600000,35112.7,35248.1,35112.7,35216.9,154.67319463
1651972500000,35212.3,35212.4,34970.1,35141,233.92136268
1651973400000,35140.9,35181.3,35042.7,35103.6,138.89368543
1651974300000,35102.1,35128.5,34673.7,34831.3,753.85605854
1651975200000,34831.2,34929.1,34526.1,34605,1266.63289004
1651976100000,34604.9,34739,34388,34590.9,873.52645924
1651977000000,34590.9,34633.4,34428.7,34549.1,245.67968167
1651977900000,34543.6,34647,34307.8,34578.8,271.83144703
1651978800000,34578.8,34630,34199,34444.2,420.57097958
1651979700000,34444.2,34537.6,34392.1,34461.4,127.02964326
1651980600000,34461.4,34480,34275.7,34364.9,211.83499247
1651981500000,34366.6,34531,34366.6,34490.4,114.35444763
1651982400000,34490.4,34670.5,34466.7,34618.9,85.50741042
1651983300000,34618.9,34680.7,34580.8,34658.9,59.78723945
1651984200000,34658.9,34680.4,34525.4,34547.8,61.7788928
1651985100000,34547.8,34547.8,34408.5,34409.6,69.11030695
1651986000000,34409.6,34491.7,34384,34434.9,33.45345052
1651986900000,34434.8,34462.7,34333.5,34382.5,40.96846912
1651987800000,34382.5,34451.7,34350,34367.4,73.82160692
1651988700000,34367.4,34473.2,34367.4,34453.1,78.22869399
1651989600000,34456.5,34645.2,34456.4,34645.1,171.98234623
1651990500000,34645.1,34662,34560,34623.4,62.24475484
1651991400000,34623.4,34746.7,34580.4,34713.7,85.00451265
1651992300000,34713.7,34952.7,34711.4,34789,156.476442
1651993200000,34788.9,34909.5,34712.5,34747.6,87.04590185
1651994100000,34746.7,34832.4,34720,34721.5,48.08268387
1651995000000,34723.5,34773.9,34692.1,34698.9,60.31954398
1651995900000,34698.9,34739.6,34600,34610.3,79.54025277
1651996800000,34602.5,34707.9,34600,34665.7,85.04636147
1651997700000,34665.7,34687.6,34513.7,34531.3,104.00708028
1651998600000,34531.3,34628.2,34510.1,34627,38.9725089
1651999500000,34627,34734.7,34626.9,34669.4,40.14362891
1652000400000,34669.4,34710.9,34550.1,34612.8,39.03605985
1652001300000,34612.8,34618.5,34555.8,34557.1,17.02538875
1652002200000,34556.9,34615.7,34533.3,34615.7,51.33503523
1652003100000,34617.4,34619.5,34542.8,34579.3,34.91572438
1652004000000,34579.7,34671.7,34525.5,34649,46.90613852
1652004900000,34649,34731,34629.1,34671.6,59.74890149
1652005800000,34671.5,34734.3,34661.9,34706.3,21.85369274
1652006700000,34706.3,34812.5,34704.4,34734.2,72.18651229
1652007600000,34736.6,34850,34730,34775.4,46.96397199
1652008500000,34775.4,34875.5,34745.9,34824.2,34.95311844
1652009400000,34824.2,34847.5,34760,34761.3,50.21234182
1652010300000,34761.4,34809.5,34724.1,34786.5,54.98135195
1652011200000,34785.7,34844.6,34741.4,34836,126.89626732
1652012100000,34836,34839.3,34655.5,34689.7,97.82294645
1652013000000,34689.7,34691.7,34620.5,34670.7,55.40144223
1652013900000,34671.3,34713.3,34592.9,34632,130.60208534
1652014800000,34631.9,34667,34576.1,34631.6,53.79590808
1652015700000,34631.6,34679.9,34551.8,34606.8,139.5538013
1652016600000,34606.8,34619.4,34518,34585.4,99.28800944
1652017500000,34585.5,34625.3,34364.4,34372.1,502.71085493
1652018400000,34372.2,34552.4,34307.4,34454.9,181.48063197
1652019300000,34450.1,34514,34376.2,34472.4,65.95834573
1652020200000,34472.3,34596.5,34356,34362.2,157.14900602
1652021100000,34362.1,34479.4,34355.7,34451.7,68.91125803
1652022000000,34456.6,34563.8,34450,34480.5,56.25972741
1652022900000,34484.7,34580.1,34470.9,34536,70.66447397
1652023800000,34530.4,34593.5,34483.6,34496.3,34.39333312
1652024700000,34496.2,34506.6,34356.2,34369.8,66.07782623
1652025600000,34369.8,34435.5,34320.3,34415.4,89.13001397
1652026500000,34415.5,34447.3,34322.6,34420.9,68.49844545
1652027400000,34420.9,34539.9,34420.9,34539.8,30.5707667
1652028300000,34539.8,34549.9,34370.4,34394.6,38.10855298
1652029200000,34394.5,34394.6,33688,34022.2,3667.76244956
1652030100000,34024.5,34126.8,33927.1,33993.2,927.04559888
1652031000000,33993.2,33993.2,33815.4,33922.6,122.56803692
1652031900000,33922.6,34119.8,33892,34076.4,77.46122407
1652032800000,34076.4,34117.6,33852.8,33933.3,111.41895792
1652033700000,33933.3,34438.9,33901.5,34230.9,289.27865237
1652034600000,34230.8,34592.8,34200.1,34570.3,213.662409
1652035500000,34570.3,34634.8,34474.1,34519.1,77.41685367
1652036400000,34519.1,34690.9,34496.1,34610,60.90024358
1652037300000,34607.9,34752,34605.1,34673,107.38871368
1652038200000,34673,34706,34547.5,34575.3,88.39961821
1652039100000,34575.4,34626.1,34546.7,34594.3,106.59697127
1652040000000,34594.3,34648,34534.4,34587.2,186.10918262
1652040900000,34587.2,34597.7,34463.8,34487.9,56.54105416
1652041800000,34487.9,34528.1,34281.6,34344.5,272.00874536
1652042700000,34337.7,34386.2,34214.9,34235.1,53.9778789
1652043600000,34235.1,34308.1,34235.1,34292.3,25.6146011
1652044500000,34292.3,34359.9,34273.2,34329.3,42.66700603
1652045400000,34329.4,34479,34329.2,34436.8,22.18538285
1652046300000,34436.9,34476.4,34415.7,34464.5,6.64272426
1652047200000,34464.4,34480,34043.9,34193,293.33345871
1652048100000,34181.8,34257.6,34160,34160.4,30.36855866
1652049000000,34160.4,34226.5,34103.3,34200.5,30.90299346
1652049900000,34205,34326.9,34192.3,34291.3,45.95621245
1652050800000,34283.9,34299,34225.1,34253.7,30.83072182
1652051700000,34253.8,34268,34115.7,34124.5,35.88186184
1652052600000,34124.4,34124.4,33975,34052.2,205.9568449
1652053500000,34048.4,34141.4,33933.5,34048.4,68.44494185
1652054400000,34048.2,34181.2,33998.2,34095.6,73.61749132
1652055300000,34098.8,34137.8,34070,34080.6,32.46862633
1652056200000,34078.2,34181.7,34066.8,34179.8,103.67930283
1652057100000,34175.3,34250,34131.1,34157.2,146.47132784
1652058000000,34157.2,34199.7,34120.3,34145,70.31312952
1652058900000,34146.2,34256.2,34146.2,34175.4,79.48903996
1652059800000,34168.4,34235.1,34102.4,34128.8,52.24958345
1652060700000,34128.8,34133.4,34044.6,34062.9,125.76022868
1652061600000,34062.9,34076.9,33840,33928.8,215.22263532
1652062500000,33928.8,33928.8,33437,33566.1,1155.74559874
1652063400000,33566.1,33695.8,33350,33495.7,1069.40316098
1652064300000,33495.7,33578.7,33282.9,33512.1,626.30648531
1652065200000,33510.7,33732,33417.1,33615.6,255.17014989
1652066100000,33615.7,33845.1,33615.7,33708.3,268.91749777
1652067000000,33708.3,33821.6,33657.8,33693.4,119.39890498
1652067900000,33693.3,33693.4,33557.1,33574.2,71.08770914
1652068800000,33574.2,33822.2,33533.2,33822.1,109.24080328
1652069700000,33822.2,33848.7,33751,33795.7,114.10319798
1652070600000,33795.7,33822.5,33701.2,33725.5,50.7235574
1652071500000,33729.5,33732.9,33645.5,33648.7,40.29534566
1652072400000,33648.8,33737.4,33606.6,33628.6,60.20201614
1652073300000,33626.6,33687.7,33555.5,33608.8,67.03819638
1652074200000,33608.9,33615.8,33485,33556.6,103.42919479
1652075100000,33553,33585,33474.9,33522.4,77.55303872
1652076000000,33522.4,33609.4,33382,33404.6,128.09642817
1652076900000,33400.8,33467.1,33348.3,33431.7,91.58518914
1652077800000,33431.7,33532.6,33414.2,33466.4,74.43194716
1652078700000,33466.4,33600,33463,33581.5,85.21035902
1652079600000,33581.5,33758.4,33570.4,33707.2,99.89612885
1652080500000,33709.3,33718,33517.8,33557.4,116.50122828
1652081400000,33557.4,33658.5,33531.8,33578.8,110.36786526
1652082300000,33578.9,33675.3,33523,33530,65.60626839
1652083200000,33529.5,33534.3,33471.3,33494.7,62.14596672
1652084100000,33494.6,33511.2,33222.2,33343.1,214.95418527
1652085000000,33343,33412.2,33155,33376.6,287.4682976
1652085900000,33376.7,33758.9,33350,33687.1,206.67551881
1652086800000,33682.9,33788.6,33609.4,33728.4,90.17263395
1652087700000,33728.5,33728.5,33527.8,33546.1,53.6500896
1652088600000,33546.2,33582.2,33431.3,33475,105.19049997
1652089500000,33475.1,33575,33435,33511.5,65.52168161
1652090400000,33511.4,33555.5,33360,33362.6,72.9437125
1652091300000,33362.6,33427.7,33100,33268.8,275.45068105
1652092200000,33268.9,33356.1,33013,33078.6,404.55680748
1652093100000,33078.6,33156,32600,32827.2,3016.52324118
1652094000000,32827.3,33054,32736.9,32931.9,563.2273936
1652094900000,32927.4,32999.9,32667.9,32808.5,180.78903747
1652095800000,32808.5,32955,32767.1,32907.9,178.2660026
1652096700000,32907.8,33162.5,32878,33117.7,309.59903176
1652097600000,33117.7,33133.4,32884.8,32940.8,239.4644381
1652098500000,32940.9,33083,32909.5,33048.3,177.89303534
1652099400000,33040.4,33133.1,32956.5,33070,115.18970109
1652100300000,33069.9,33099.8,32828.3,32862.5,150.88325409
1652101200000,32862.5,32940,32811.4,32940,139.22914822
1652102100000,32940,32941.1,32742.8,32742.8,133.80767327
1652103000000,32741.9,33440.8,32741.9,33173.8,3039.54594629
1652103900000,33169.6,33169.6,32879.4,33040.5,409.00798419
1652104800000,33046.6,33085.6,32808.3,32973.3,297.83904096
1652105700000,32973.2,33006.3,32764.2,32778.6,117.87731109
1652106600000,32778.5,32857.1,32441,32713.4,982.14410683
1652107500000,32711.7,32765.2,32444.5,32459.9,267.74371037
1652108400000,32459.9,32679.9,32404,32566.2,171.10343299
1652109300000,32568.7,32607.9,32242.8,32292.4,251.19057344
1652110200000,32297.8,32435,32055,32290.6,536.82104052
1652111100000,32290.6,32433.9,32212,32359.2,181.00952216
1652112000000,32357.5,32530.6,32181.5,32435.4,294.06297272
1652112900000,32435.3,32594.2,32287,32308.5,139.18413467
1652113800000,32308.5,32398,31831.1,31879.2,492.9222086
1652114700000,31879.1,32050,31599.7,31701.3,1252.49999713
1652115600000,31701.4,31718.6,30964.2,31464.5,3643.77491737
1652116500000,31464.4,31896.5,31426.3,31722.8,538.1137349
1652117400000,31728.2,31913.8,31602.3,31816.1,348.71578199
1652118300000,31816.2,31832.8,31193.8,31266.7,365.53583236
1652119200000,31274.8,31469.2,31022,31104.6,529.8332555
1652120100000,31104.5,31418.3,30831.7,31000,1608.14615504
1652121000000,31000,31073.3,30333,30406.9,1790.72857988
1652121900000,30421.8,31088.2,30406.8,30785,643.13738664
1652122800000,30790.4,30974.5,30608.2,30881.8,313.89605253
1652123700000,30872,30986.2,30515.6,30581.9,339.28200272
1652124600000,30582.9,30776,30425,30626.5,435.73761932
1652125500000,30626.5,31141.3,30400,30950,453.17554983
1652126400000,30950,31891,30939.3,31837.3,454.34147469
1652127300000,31829.9,31879.9,31377.8,31377.8,242.89475645
1652128200000,31377.8,31467.8,30729.5,30805.7,251.81097945
1652129100000,30805.7,31368.7,30653.6,30947.9,317.85244688
1652130000000,30959.2,31480,30903.6,31209.4,278.3072975
1652130900000,31216.3,31361.3,31181.8,31294.7,110.98584424
1652131800000,31299.9,31521.5,31254.2,31470.9,64.02015746
1652132700000,31471.2,31506.2,30782.8,30837.6,273.26006612
1652133600000,30837.6,31142.4,30660.2,30958.8,590.12475653
1652134500000,30960.4,31127,30892.9,30922.2,469.93958194
1652135400000,30913.8,31271.7,30913.8,31180.3,107.83305383
1652136300000,31180.3,31339.3,31059.9,31094.8,186.50400309
1652137200000,31087,31227.9,30895.6,30902.9,412.44706381
1652138100000,30902.8,30938.7,30555.3,30600,519.18212551
1652139000000,30596.2,30769,30139.2,30207.6,498.64402814
1652139900000,30200.5,30440.6,30035,30084.9,525.55956781
1652140800000,30077.2,30699.9,29970.1,30291.2,904.39636731
1652141700000,30298.9,30320.1,29815.1,29910.2,590.75581652
1652142600000,29910.2,30621.8,29735.7,30605.7,854.65112184
1652143500000,30605.7,30984.1,30418.7,30798.3,471.88312099
1652144400000,30795.4,31434.2,30663.5,30950.5,610.65866055
1652145300000,30950.5,31212.9,30738.1,31154.6,419.00049056
1652146200000,31148.8,31160,30666,30799.6,505.76080827
1652147100000,30799.5,31093.1,30715.2,30895.2,575.31177737
1652148000000,30895.2,30960,30781.2,30947.1,355.93697856
1652148900000,30947,31390.8,30884.2,31314.1,383.32713084
1652149800000,31314.1,31406.3,31079,31367.6,264.99381815
1652150700000,31370.4,31370.4,31000.2,31040.7,350.51234735
1652151600000,31040.6,31181.8,30920.2,30924.1,466.89789846
1652152500000,30925.8,31000,30789.2,30840,507.90054291
1652153400000,30840.1,30840.1,30663.6,30684.2,389.84074492
1652154300000,30687.2,30791.8,30631.5,30650.3,212.5416749
1652155200000,30650.4,30916.1,30607.8,30794.3,198.54040867
1652156100000,30794.3,31064.8,30794.3,30975.9,132.27965164
1652157000000,30973.9,31185.3,30942.9,31090.1,191.90072707
1652157900000,31090.1,31356,31012.8,31215.7,284.48726667
1652158800000,31215.8,31561.7,31204.7,31450.9,279.75218538
1652159700000,31451,31464.3,31279,31376.1,125.53455586
1652160600000,31376.2,31765.4,31354.1,31730.1,204.29945009
1652161500000,31734.6,31993.3,31694,31827.3,474.35278729
1652162400000,31826.5,32288.8,31807.3,32219.4,388.7182331
1652163300000,32219.5,32576,32166.7,32451,333.22345472
1652164200000,32453.1,32650,32344.2,32619.6,237.05387609
1652165100000,32619.5,32635.1,32085.6,32085.6,443.73262597
1652166000000,32085.1,32209.7,31816.5,31942.7,290.79373429
1652166900000,31942.8,32037.4,31832.9,31944.1,194.21649994
1652167800000,31947.4,31983.5,31833.3,31840,125.68736568
1652168700000,31839.2,31888.2,31617.5,31622.8,158.30023368
1652169600000,31622.8,31866.4,31561.7,31660.2,216.04292233
1652170500000,31660.3,31925.6,31660.3,31907.5,151.1652242
1652171400000,31907.6,32017.7,31755.1,31812.3,153.4191141
1652172300000,31802,31855.7,31673.6,31756.9,147.50782093
1652173200000,31756.9,31893.3,31710.2,31866.7,150.05897432
1652174100000,31866.7,31937.5,31433.5,31479.8,185.46041714
1652175000000,31479.8,31689.4,31320,31541.9,172.33999096
1652175900000,31541.9,31599.9,31376,31407.7,172.21869137
1652176800000,31404.5,31480,31326.2,31374.4,126.25760258
1652177700000,31374.3,31555.5,31258.8,31502.1,165.42992892
1652178600000,31502.1,31577.5,31341,31424.1,69.87642407
1652179500000,31424.1,31514,31303.3,31325,76.53829022
1652180400000,31320,31434.8,31270.1,31403.7,89.15355953
1652181300000,31403.7,31660.1,31390.8,31565.1,93.28302816
1652182200000,31565,31826.2,31525.8,31767.8,135.0447596
1652183100000,31766.9,31786.7,31593.4,31629.5,67.08188776
1652184000000,31629.5,31708.7,31526,31605.4,68.13516296
1652184900000,31610,31815.5,31564,31768.4,107.85839914
1652185800000,31768.4,32167.9,31721.9,32077.9,156.39809353
1652186700000,32078,32300,31870.1,32155,218.89840628
1652187600000,32162.8,32326.3,32104,32178.9,171.5555234
1652188500000,32178.8,32196.2,31951.9,32146.7,141.85421462
1652189400000,32146.7,32376.7,31640.7,31741.9,344.53483329
1652190300000,31741.9,31861.8,31545.3,31823.6,216.75380207
1652191200000,31823.5,32183.6,31697.7,31789.5,267.36935013
1652192100000,31787.1,31875.9,31550,31634.2,211.87577174
1652193000000,31631.5,31697.6,31251.3,31287.3,241.79661953
1652193900000,31287.3,31302.3,30847.9,31094.9,427.96513321
1652194800000,31094.8,31182.8,30862.7,30954.6,280.33100114
1652195700000,30954.6,31317.9,30879.8,31138.9,237.89547619
1652196600000,31146.7,31530.8,31111.3,31399.9,200.08465007
1652197500000,31400,31416,31167.6,31320,131.072376
1652198400000,31320,31447.9,31071.5,31226.2,195.71586349
1652199300000,31230.6,31392.3,31120,31166.1,88.56083509
1652200200000,31166.1,31210.9,30969,31174.3,132.11678509
1652201100000,31174.3,31332,31120,31221.1,96.72038016
1652202000000,31221.1,31424.4,31204.3,31323.7,164.20001782
1652202900000,31323.7,31494.7,31232.2,31487.7,74.18906404
1652203800000,31485.7,31803.4,31475.5,31728,165.08123081
1652204700000,31728,31757.4,31597.8,31679.6,62.86234946
1652205600000,31679.6,31713.2,31513.3,31706.3,61.08946123
1652206500000,31697.6,31717.9,31418.8,31623.4,129.19462407
1652207400000,31623.4,31786.7,31563.5,31755.8,79.79330024
1652208300000,31755.7,31760.6,31575.4,31620.9,69.96858619
1652209200000,31620.9,31706.2,31401,31463,138.82623414
1652210100000,31463,31539.8,31315.1,31390.8,119.96122438
1652211000000,31390.8,31390.8,31215.5,31275.1,81.77727139
1652211900000,31279.9,31435,31279.9,31333.4,43.70823905
1652212800000,31333.4,31368.8,31228.2,31255.4,85.65885666
1652213700000,31250.5,31256,31150.7,31218.9,47.34617361
1652214600000,31220.5,31225,30982.8,31059.9,79.20666471
1652215500000,31059.8,31143.1,30921.8,31008.8,137.93422894
1652216400000,31008.8,31160.7,30837.1,30993,123.60979739
1652217300000,30993,31063.7,30707.1,30817.6,133.07449995
1652218200000,30817.6,30880,30400,30599,236.73143112
1652219100000,30599,30660.2,30225,30225,146.3790092
1652220000000,30231.1,30820.3,30159.5,30645.7,689.02251912
1652220900000,30653.2,30861.2,30517.3,30535.8,227.42142194
1652221800000,30535.8,30550.8,30375,30509.3,224.97304016
1652222700000,30509.3,30952.3,30469.1,30787.1,240.60373585
1652223600000,30787.9,31261.3,30695.9,31134.7,497.77174168
1652224500000,31135,31245.3,30944.8,31055.8,321.14523939
1652225400000,31055.9,31125,30825,30939.9,286.25858627
1652226300000,30934.9,31045.8,30860,31014.6,246.01699783
1652227200000,31011.7,31093.5,30810,30981.1,191.29269575
1652228100000,30982.6,31347.8,30952.3,31222.7,267.9781699
1652229000000,31222.8,31239.9,31075.4,31209.8,88.2818464
1652229900000,31208.6,31221.2,30983,31047.4,106.14110188
1652230800000,31047.4,31090.9,30912.4,30916.2,108.52879748
1652231700000,30916.1,30983.9,30876.4,30925,104.25932947
1652232600000,30925.1,31016.3,30803.4,30848.9,124.48602054
1652233500000,30848.9,30860.7,30698.1,30772,174.66920447
1652234400000,30772,30926.6,30631.1,30926.5,178.13695204
1652235300000,30926.6,31540,30866.1,31459.7,368.49351899
1652236200000,31452.1,31467.9,31286.6,31316.3,282.47815024
1652237100000,31317.2,31533.4,31216.3,31476.9,174.01103988
1652238000000,31476.9,31689.9,31364.3,31372.4,206.18796136
1652238900000,31373.4,31463.2,31268.1,31336.9,107.52908193
1652239800000,31336.9,31431,31210.4,31215.9,122.70506598
1652240700000,31215.9,31299.2,31156,31208.7,46.28234063
1652241600000,31208.6,31320,31150,31183.3,88.41831218
1652242500000,31183.4,31392,31120.2,31345.4,160.06326009
1652243400000,31345.4,31381.7,31170.1,31179,71.71973789
1652244300000,31181.3,31305.8,31073.3,31220.2,264.15311855
1652245200000,31220.1,31928,31088.2,31613.8,688.78438638
1652246100000,31613.7,31800,31550,31628.8,235.70078798
1652247000000,31628.9,31742,31474.4,31502.1,141.51325714
1652247900000,31502.1,31544.8,31372.1,31440.1,315.72200764
1652248800000,31440,31522.1,31386.3,31446,112.28508595
1652249700000,31445.9,31463.2,31268.2,31328.8,173.31964978
1652250600000,31329.3,31394.2,30928.4,30996.3,253.21150853
1652251500000,30996.4,30997.9,30356,30506.6,462.26596851
1652252400000,30506.7,30661.6,30268.7,30451.6,612.08015432
1652253300000,30451.6,30823,30430,30611.4,326.49223515
1652254200000,30611.4,30611.5,30201.8,30368.1,605.33299563
1652255100000,30368.1,30617.6,30270,30614,427.11509487
1652256000000,30613.9,30956,30378.1,30943.8,458.18238999
1652256900000,30943.8,31097.1,30679.1,30734.3,675.85233821
1652257800000,30734.2,30991.1,30640,30989.4,338.81126142
1652258700000,30989.4,31421.9,30914.5,31404.8,514.55353314
1652259600000,31404.8,31439.4,31126,31130.4,225.72455873
1652260500000,31130.3,31476.6,31089.9,31416.1,171.16616003
1652261400000,31423.2,31695.9,31359.7,31544.6,500.363224
1652262300000,31544.6,31793.1,31504.3,31752.8,277.85737092
1652263200000,31757.9,32167.9,31575.4,32048.7,626.44181236
1652264100000,32043.2,32110.1,31705.9,31705.9,327.88566412
1652265000000,31708.5,31872.7,31689.5,31780,129.61427731
1652265900000,31780.1,32071.7,31756.3,31853.3,233.80997533
1652266800000,31853.2,31918.8,31484.7,31868.9,328.31374672
1652267700000,31869,31869.6,31547.4,31624.6,156.33321534
1652268600000,31625.7,31722.9,31561,31563.1,92.87188949
1652269500000,31570.8,31635.8,31474.2,31539.2,186.08880555
1652270400000,31532.9,31783.6,31446.4,31658,213.8877224
1652271300000,31653.1,31762.5,31383.9,31565.5,223.60043114
1652272200000,31565.4,31565.4,30010,30255.1,2759.1941982
1652273100000,30250.9,30287.7,29055,29328.8,4151.36994962
1652274000000,29330.9,29635,29160.5,29284.3,1695.35504191
1652274900000,29284.2,30116,29210.1,29851.4,1225.60789522
1652275800000,29854.5,30725,29473.4,30610.2,1399.54995261
1652276700000,30610.2,31875,30375,31217.3,2113.63090759
1652277600000,31217.3,31544.3,30726.7,30825,1085.51303296
1652278500000,30832.3,31400,30797.2,31141,682.65758175
1652279400000,31141,31740,31141,31739.9,551.34270162
1652280300000,31739.8,31998.9,31385.1,31800,663.43614614
1652281200000,31800,31832.9,31275,31305.9,424.77779041
1652282100000,31306,31448.2,31125,31321.5,318.68547616
1652283000000,31323.5,31517.1,31002.6,31241.3,273.44473209
1652283900000,31241.4,31294.6,30786.5,30976.5,377.90366444
1652284800000,30976.5,31125,30525.1,30704.2,381.28984191
1652285700000,30706.6,30955.4,30547.8,30625.7,360.62900042
1652286600000,30625.4,30795.7,30506.3,30663.1,307.00803634
1652287500000,30663.1,30670.8,30200.9,30322.9,390.51566664
1652288400000,30322.8,30350.6,30046,30241.5,483.85827647
1652289300000,30241.4,30369.3,29829.3,30016.3,484.40460313
1652290200000,30019.3,30126,29519,29546.9,417.98819539
1652291100000,29546.8,30336.3,29400,29916.1,874.06346245
1652292000000,29916,30049.9,29748.2,29939.6,587.02654141
1652292900000,29940.9,30232.4,29806.4,30171,372.56292688
1652293800000,30178.3,30245.8,29964,30219.8,231.46333742
1652294700000,30219.5,30229.9,29785.7,29910.9,317.83946899
1652295600000,29920.2,30030.1,29762.5,29788.4,216.13483209
1652296500000,29790,29958.9,29584.6,29753.2,400.76466394
1652297400000,29749.1,29824.7,29250,29319.9,471.31366257
1652298300000,29313.8,29599,29184.3,29381.7,283.09114404
1652299200000,29375.6,29659.4,29100,29100,417.60228387
1652300100000,29100.1,29499.8,28941.4,29222.2,927.09042209
1652301000000,29222.2,29371.4,29071.6,29319.9,308.30271681
1652301900000,29315.3,29350,28212.3,28489.8,1872.23313399
1652302800000,28490.6,29063.6,28324.4,28603.9,956.35838735
1652303700000,28603.9,28936.2,27790.9,28177.4,918.91432027
1652304600000,28189.1,28780,28129.7,28541,339.46785282
1652305500000,28541,29318.1,28495.1,29111,579.88192762
1652306400000,29111.2,29350,28809.6,29138.7,434.48942621
1652307300000,29138.7,29155,28880,28892.3,210.36755929
1652308200000,28895.9,28922.6,28539.2,28705.5,542.50034795
1652309100000,28705.6,29008.8,28580,28858,240.05871831
1652310000000,28858,29092.1,28790.7,28880.6,249.42779379
1652310900000,28880.7,28951.3,28625.6,28729,249.24167547
1652311800000,28728.9,29039,28640,29031.6,273.60360492
1652312700000,29031.6,29116.9,28899.9,29094,415.56461111
1652313600000,29089.5,29499.4,28967.8,29436.4,499.42318309
1652314500000,29441.1,29927.5,29193.4,29756.1,668.91670182
1652315400000,29759.3,30224.4,29687.3,30040,450.5259143
1652316300000,30051.8,30194.4,29800.5,29818.1,162.54165002
1652317200000,29824.7,30006.3,29694.9,29723,187.44872469
1652318100000,29717.9,29813.3,29413.7,29511.3,264.58621692
1652319000000,29511.4,29648,29440.1,29547.6,155.01741196
1652319900000,29547.6,29740.9,29117.6,29235,329.56379655
1652320800000,29229.6,29366.1,28945.8,29357.2,323.54253044
1652321700000,29351,29477,29150,29150,189.52375052
1652322600000,29150,29200,28715.1,28784.8,387.6455977
1652323500000,28786.5,28941.4,28689,28812.3,277.49607899
1652324400000,28812.4,28975.2,28533.3,28612.7,357.04181863
1652325300000,28612.7,28787.5,28501.7,28529.9,206.73117581
1652326200000,28530,28863.9,28427.2,28853.9,336.26029414
1652327100000,28862.8,28983.1,28359,28404.4,438.93007626
1652328000000,28404.9,28490.1,27957.9,27986.3,652.14495334
1652328900000,27989.6,28283.9,27104.1,27893.5,1921.42889303
1652329800000,27893.5,28203.6,27609.8,27959,913.58721811
1652330700000,27959,28000,27522.2,27798.8,645.10022696
1652331600000,27798.8,27870.4,26918.9,26964,1065.67793136
1652332500000,26976.3,27615.2,26763.6,27197,1276.77330028
1652333400000,27197.1,27627,27017.9,27240.9,773.34657235
1652334300000,27241,27392.7,26850,27161.1,887.86593735
1652335200000,27136.6,27463.8,26975.9,27163.8,725.37820599
1652336100000,27163.9,27574.8,27002.9,27483,910.00274985
1652337000000,27477.6,27968,27000,27231,1539.89921896
1652337900000,27230.9,27393.4,26968.4,27073.1,1584.86961364
1652338800000,27073,27378.7,26988.5,27043.1,1304.05860825
1652339700000,27041.5,28488.5,26700,28249.8,2341.96941727
1652340600000,28243.5,28358.9,27497.6,28184.6,1131.2239644
1652341500000,28184.5,28624.5,27850,28138.4,1351.34829309
1652342400000,28138.2,28295.6,27856.7,28206.7,776.44148682
1652343300000,28206.6,28280,27850,27900.3,606.13659954
1652344200000,27896.5,27986.8,27475,27597.5,663.97493056
1652345100000,27597.5,28278.5,27461.7,28106.3,799.80406779
1652346000000,28106.3,28266.1,27889,27939.4,470.14444189
1652346900000,27946.9,28499.9,27929.1,28285.5,689.1058977
1652347800000,28295.7,28366.1,28077.1,28151,480.71522294
1652348700000,28151,28277.3,27916.6,28060.7,406.32175377
1652349600000,28060.6,28218,27756.9,27821.4,491.14064659
1652350500000,27822.9,28400,27749.9,28322.6,421.20081875
1652351400000,28322.8,28645.5,28205.1,28496,475.80603274
1652352300000,28493.9,28932.3,28362.8,28610.8,479.0574824
1652353200000,28612.3,28819.5,28500,28818.5,251.47839859
1652354100000,28818.6,29294.3,28757,28989,324.20653141
1652355000000,28980.5,29037.9,28468.3,28472.3,173.26907593
1652355900000,28477.8,28715.8,28306.7,28489.1,306.18159969
1652356800000,28484,28645.6,28026.3,28252,381.92024703
1652357700000,28252,28365.5,27944.7,28075.7,209.83828072
1652358600000,28076.7,28759,28044.2,28487.5,438.08983517
1652359500000,28487.6,28659,28352,28497.2,146.56269853
1652360400000,28504.2,28586,28309.1,28469.7,147.54128749
1652361300000,28470.8,28780,28350.1,28659,207.21323641
1652362200000,28667.5,28884.8,27920.4,28283.6,587.21833762
1652363100000,28281.3,28597.4,28157.5,28219.1,331.53827248
1652364000000,28222.9,28610.1,27954.5,28411,313.90568301
1652364900000,28416.9,28964.5,28340,28735.4,490.58205939
1652365800000,28746,29083,28641,28843,301.55825572
1652366700000,28843.2,29662.7,28737.6,29579.2,594.08120759
1652367600000,29584.1,29834,29435.7,29586.3,523.09830702
1652368500000,29583.4,29665.6,29250,29279.3,391.27682144
1652369400000,29275.7,29583.2,29187,29376.3,352.71333015
1652370300000,29376.2,29413,29026.5,29026.6,160.6461273
1652371200000,29026.6,29472.9,28928.2,29329.8,285.13126295
1652372100000,29327.1,29780,29171.7,29611.5,382.59639423
1652373000000,29611.4,29928.4,29326,29563.1,406.96619987
1652373900000,29566,29954.9,29546.2,29707,392.25094032
1652374800000,29707.8,29771.3,29300,29421.1,222.11128882
1652375700000,29418.4,29536.5,29200.1,29409.7,254.72097779
1652376600000,29409.6,29460,28980,29096.4,279.15209613
1652377500000,29095.4,29177,28570,28659.9,520.47593845
1652378400000,28661.6,28830.6,28584.3,28606.9,170.09623566
1652379300000,28606.9,28769.5,28408.5,28570.4,261.53922564
1652380200000,28568.1,28574.4,28269.3,28389.1,140.04053845
1652381100000,28380.8,28465.5,28200.2,28359.2,197.66739312
1652382000000,28357.8,28567.1,28315,28355.4,207.47713602
1652382900000,28355.4,28889.9,28300,28590,276.9871299
1652383800000,28589.9,28720.8,28461.8,28604.8,144.74885695
1652384700000,28596.5,28804,28482.3,28642.2,191.98094131
1652385600000,28642.5,28736.1,28513.5,28551.5,168.93140306
1652386500000,28551.5,28872.6,28543.1,28872.6,107.48173761
1652387400000,28872.5,28989.5,28710.7,28808.8,162.90824874
1652388300000,28808.7,28868.6,28612,28621.5,121.31183395
1652389200000,28617.1,28630.2,28461.3,28519.9,106.20190164
1652390100000,28519.8,28523.3,28268,28282.3,90.91137336
1652391000000,28282.4,28453.2,28020.3,28440,129.72673945
1652391900000,28440,28610,28287.7,28451.8,112.86998511
1652392800000,28451.8,28656.5,28417.9,28567.2,153.71121877
1652393700000,28567.3,28640,28382.6,28450,81.06377491
1652394600000,28450,28761.2,28348.2,28706.1,144.38963541
1652395500000,28705.1,28840.3,28600,28818.1,106.18405531
1652396400000,28829.4,29193.4,28821.1,29029,292.15725033
1652397300000,29020,29162.6,28972,29003.9,79.09415165
1652398200000,29004,29271.5,28951.7,29182,121.81533194
1652399100000,29169.8,29298.4,28975,29037.8,63.75906671
1652400000000,29028.8,29065.6,28842.3,28920.1,140.30404194
1652400900000,28920,29014.6,28762.6,28994.5,134.40807569
1652401800000,29000.5,29400,28986.5,29341.9,199.26714893
1652402700000,29336.2,29603.7,29320,29549.2,324.55238943
1652403600000,29552.2,29748.2,29451.2,29485,300.60819625
1652404500000,29485.1,29587.9,29346.7,29450.9,125.42395262
1652405400000,29450.9,29462.8,29263.7,29333.8,174.84175947
1652406300000,29333.7,29648,29282.8,29514.9,79.28652319
1652407200000,29514.9,29692.8,29420.1,29603.5,80.66807849
1652408100000,29598.5,30108,29501.4,30013.6,480.12376227
1652409000000,30013.6,30240,29827.2,30075.8,292.3589037
1652409900000,30075.9,30173.6,29866.9,30135,146.46648341
1652410800000,30135,30765.1,30024,30449,667.88555733
1652411700000,30449,30636.3,30355.1,30526.2,400.23045486
1652412600000,30526.2,30642.2,30414,30557,154.45180574
1652413500000,30557,30793,30475.2,30591.5,154.93410375
1652414400000,30591.5,30630.6,30384.6,30473.8,141.53554489
1652415300000,30473.7,30534.2,30377.7,30520.2,56.84418025
1652416200000,30520.2,30592.6,30271,30416.2,104.30723885
1652417100000,30416.2,30561.1,30368,30463.9,67.09765336
1652418000000,30463.9,30799.8,30430.2,30696.2,138.37646785
1652418900000,30701.7,31073,30701.7,30812.3,357.51669489
1652419800000,30816.6,30857.1,30679,30837.9,125.02174625
1652420700000,30837.8,30979.9,30510.1,30539.7,144.19194778
1652421600000,30541.5,30700,30470.3,30561.8,160.7704809
1652422500000,30561.8,30600,30372.6,30417.5,71.72468104
1652423400000,30417.4,30568,30414,30514.4,122.14609367
1652424300000,30514.4,30540.5,30333,30395.8,116.87786502
1652425200000,30397.8,30449.3,30232.5,30405,214.15464776
1652426100000,30405.1,30488.4,30318.5,30425.1,161.33444571
1652427000000,30425,30504,30312,30360.3,206.82946684
1652427900000,30358.6,30380,30169.7,30181.3,335.38387905
1652428800000,30181.3,30391.9,30180,30275.4,58.82986234
1652429700000,30275.4,30343.7,30208,30279.6,85.79527321
1652430600000,30279.6,30442.2,30200,30363.5,110.09458474
1652431500000,30363.6,30458.4,30230,30342.4,141.13044639
1652432400000,30336.6,30573.5,30335.2,30523.2,114.92318026
1652433300000,30523.2,30769.4,30520.6,30570.9,233.3532391
1652434200000,30570.8,30605.8,30435.7,30532.4,100.81997746
1652435100000,30521.4,30576.7,30340.8,30447,110.44466643
1652436000000,30447.1,30460,30260,30344.2,90.68345005
1652436900000,30344.2,30369.6,30190.1,30202.5,80.55336889
1652437800000,30201.2,30380,30186.5,30359.6,85.55097535
1652438700000,30359.5,30555,30338.2,30483.6,131.10485139
1652439600000,30485.5,30547.3,30390.1,30408.2,81.8700564
1652440500000,30408.2,30465.2,30250.9,30449.9,122.5890916
1652441400000,30456.5,30566.6,30343.1,30519,124.71413636
1652442300000,30518.9,30760,30471.9,30663.7,222.65444263
1652443200000,30675.1,30686.8,30450,30513.6,147.71363506
1652444100000,30513.6,30692.9,30513.5,30661.3,215.70109103
1652445000000,30660.5,30839.8,30531.7,30636.1,235.50361738
1652445900000,30636.2,30750,30540.1,30709.7,158.52879374
1652446800000,30709.7,30756.9,30500.2,30522.1,224.19354435
1652447700000,30522,30604.8,30470,30551.9,180.16214263
1652448600000,30547.1,30783.7,30344.4,30693,624.94895699
1652449500000,30695.9,30865.4,30600,30755.6,337.01864517
1652450400000,30755.6,30900,30700,30731.9,186.14984284
1652451300000,30731.9,31024.2,30620,30886.5,331.26193657
1652452200000,30886.4,31000,30808.1,30853.3,162.45909476
1652453100000,30853.2,30866.9,30698,30698,194.82157937
1652454000000,30698.1,30728.6,30609.5,30649.2,70.80208462
1652454900000,30643.2,30653.6,30480.4,30551.6,114.97683827
1652455800000,30551.7,30600,30339.4,30350,102.58543441
1652456700000,30348.3,30435,30232.1,30337.7,140.52233668
1652457600000,30337.7,30529.8,30250.5,30465.4,92.11627618
1652458500000,30465.5,30484.3,30216.1,30242.1,61.05593258
1652459400000,30242.1,30270.2,29748.2,29901.7,481.17832147
1652460300000,29903.2,30025.6,29802.4,29932.4,161.6738791
1652461200000,29938.9,30310,29918,30236.1,165.88989813
1652462100000,30236.1,30253.9,29957.6,30028.8,81.83538001
1652463000000,30030.7,30146.1,29930.2,29948.9,62.99108884
1652463900000,29937.6,29937.6,29578.8,29604.9,245.9280778
1652464800000,29606.9,29730,29400,29626,251.50925539
1652465700000,29626,29690.3,29465.9,29559.9,70.19311831
1652466600000,29559.9,29965.3,29532.1,29765.5,152.56893798
1652467500000,29765.5,30256.5,29696.6,30127.6,235.24816934
1652468400000,30134.1,30144.6,29981.6,30029.9,96.17748348
1652469300000,30029.9,30229,29961.5,30163,56.78130957
1652470200000,30159.5,30184.7,29990,30072.1,76.89078267
1652471100000,30072.1,30112.4,29952.2,30071.3,71.74166032
1652472000000,30079.4,30124.9,29858.4,29922.1,63.30052965
1652472900000,29922.1,30066.4,29920.1,30027.9,28.79182023
1652473800000,30027.9,30097.1,29947,29980.4,32.98377332
1652474700000,29980.4,29985.6,29779.8,29798,69.21664157
1652475600000,29803.7,29856.5,29719,29832.7,28.22575594
1652476500000,29832.7,29909,29825.4,29885,26.628657
1652477400000,29885.1,30081.4,29882.3,30042,92.10645677
1652478300000,30049.4,30113.3,29993.4,30041.8,81.10530156
1652479200000,30041.8,30135.2,29988.3,30105.9,57.85722464
1652480100000,30104.6,30115.1,29874.9,29950,77.9918782
1652481000000,29945.2,30000,29852.6,29884.4,42.35829805
1652481900000,29884.3,29884.3,29798.1,29811,106.71179168
1652482800000,29810.9,29851.6,29406.2,29406.2,331.2763572
1652483700000,29406.2,29548.3,29369,29491.4,136.51019159
1652484600000,29491.3,29515,29207.1,29234.6,129.12607018
1652485500000,29234.5,29338.4,29202.4,29291,61.97017304
1652486400000,29291.1,29536.9,29218,29518.2,158.07861127
1652487300000,29516.4,29624.4,29400,29471.2,111.26324504
1652488200000,29471.1,29598.7,29400.3,29519.4,77.75713927
1652489100000,29519.4,29555.8,29450,29509.2,34.90586949
1652490000000,29509.2,29524.8,29370,29510.4,62.13368731
1652490900000,29510.4,29704.9,29507.3,29628.4,106.69590393
1652491800000,29624.3,29727.3,29624.3,29674.5,62.59310305
1652492700000,29675.4,29810,29661.7,29702.9,128.79792857
1652493600000,29703.7,29724.3,29637.9,29654.9,86.62908376
1652494500000,29655,29746.4,29575.7,29692.2,111.80110978
1652495400000,29687.5,29763.2,29646,29656.5,29.38048428
1652496300000,29656.5,29656.5,29509.5,29523.1,62.32355997
1652497200000,29523.1,29687.8,29485.1,29610.3,108.51347357
1652498100000,29610.2,29646.5,29515,29542.8,36.80785062
1652499000000,29542.8,29596.2,29470,29518,50.236767
1652499900000,29517.9,29601,29501.6,29569.9,45.17395679
1652500800000,29569.3,29581.7,29502.9,29547.9,53.78746585
1652501700000,29548,29591.4,29507.6,29508.7,31.05351331
1652502600000,29508.6,29509.7,29324.7,29373.5,92.17492077
1652503500000,29371.8,29400,29221.8,29353.5,112.15116737
1652504400000,29353.5,29418,29277.2,29400.5,79.53321068
1652505300000,29400.5,29474.8,29381.9,29400.2,62.46233088
1652506200000,29400.2,29513.2,29338.4,29461.9,131.06011456
1652507100000,29461.9,29524.3,29434.9,29450.8,29.3422348
1652508000000,29450.8,29450.9,29400,29400,34.96923715
1652508900000,29400.1,29533.8,29390,29496.7,44.09857238
1652509800000,29489.9,29610,29463.1,29531.2,36.24109911
1652510700000,29526.7,29560.9,29500.1,29512,32.80422033
1652511600000,29512,29553,29480,29510.4,39.93750646
1652512500000,29506.9,29580,29472.9,29550,38.0654435
1652513400000,29557.9,29564,29480,29480,42.93995156
1652514300000,29480,29484.1,29410,29432.5,98.49335199
1652515200000,29432.5,29475.4,29364,29405.2,62.10953273
1652516100000,29405.2,29462.9,29375.8,29447.4,22.95986915
1652517000000,29452,29589.9,29451.9,29479.3,113.36346078
1652517900000,29479.3,29576.9,29473.3,29541.5,47.57038529
1652518800000,29539.9,29590,29520,29543,47.7890486
1652519700000,29542.9,29578,29500,29504.4,60.78811369
1652520600000,29504.5,29508.5,29382,29413.8,73.00335407
1652521500000,29413.8,29500,29380.2,29499.8,85.9463577
1652522400000,29499.9,29499.9,29404.4,29423.3,69.2709801
1652523300000,29423.4,29434.8,29338,29427.5,53.25238737
1652524200000,29420.3,29450,29360.1,29364.6,20.53997984
1652525100000,29364.6,29394.9,29260.5,29317.2,82.99519059
1652526000000,29320.6,29373.7,29039.1,29040.1,224.79556486
1652526900000,29040.1,29145.7,28927.9,28928.2,202.75358108
1652527800000,28928.2,29047,28828.4,28912.6,281.57180702
1652528700000,28916.2,29180,28905.6,29077,155.49026863
1652529600000,29076.9,29076.9,28987.6,28987.8,25.86295587
1652530500000,28987.8,29200,28955.7,29182.5,66.5474435
1652531400000,29175.6,29264.6,29125,29128,59.40055901
1652532300000,29128,29180.1,29053.1,29102.6,44.80400374
1652533200000,29102.7,29170,28871.5,28981.9,86.03867592
1652534100000,28982,29039.9,28854.8,28970.9,79.21633674
1652535000000,28964.6,29005.9,28816.7,28929.2,87.18618421
1652535900000,28929.2,28975.4,28782.7,28838.6,63.59296576
1652536800000,28838.6,28877.6,28669.5,28779.4,138.62043006
1652537700000,28779.4,28893.8,28740.2,28888,91.01168705
1652538600000,28889.9,28983.5,28812,28928.9,33.64442054
1652539500000,28928.9,28944.4,28837.3,28942,34.25470704
1652540400000,28942,29095.3,28904.6,29027,132.03539273
1652541300000,29027,29048.9,28933.4,28938.2,31.05758131
1652542200000,28936.2,28948.7,28777,28777,55.11677844
1652543100000,28776.8,28868.1,28773.8,28825.3,41.47908662
1652544000000,28825.4,28900,28635,28890.1,106.62995649
1652544900000,28890.1,29068.6,28850.1,28979.4,148.2036269
1652545800000,28976.6,29171.6,28976.6,29148.9,128.80487922
1652546700000,29149,29675.6,29121.1,29353.1,339.5162085
1652547600000,29357,29490,29260.5,29371,111.09980226
1652548500000,29371,29572.9,29343.3,29512.5,68.50950549
1652549400000,29512.6,29521.2,29339,29407.4,73.53003255
1652550300000,29407.4,29618.4,29400,29605.5,79.62925515
1652551200000,29605.6,29859.6,29570,29814,271.92888271
1652552100000,29806,29930,29714.4,29752.8,168.30821637
1652553000000,29760.2,29787.7,29563.5,29625.4,71.48239115
1652553900000,29625.4,29625.4,29473.3,29530.6,53.78315527
1652554800000,29530.7,29643.7,29448.1,29553.8,155.70589012
1652555700000,29553.9,29569.7,29360,29419.1,50.32256914
1652556600000,29419.1,29458.1,29300,29360,33.28026911
1652557500000,29352.4,29416.5,29287.7,29340.9,31.67780251
1652558400000,29340.9,29485.2,29310,29446,29.42593473
1652559300000,29445.9,29653.3,29434.2,29544.9,65.03084878
1652560200000,29544.9,29557.7,29373.8,29376.7,23.47961154
1652561100000,29376.7,29419.3,29300,29384.4,35.91996622
1652562000000,29381.4,29448.8,29360.4,29420,25.77119148
1652562900000,29420,29560,29420,29560,20.61753885
1652563800000,29555.6,29759.1,29502.6,29759.1,30.94728647
1652564700000,29759.1,29904.6,29663.9,29711.9,289.49782119
1652565600000,29711.8,29759,29600,29726.7,72.95148524
1652566500000,29726.7,29756.3,29590,29608,24.01232412
1652567400000,29609.5,29768.8,29572.3,29768.8,40.13601011
1652568300000,29768.7,30333.3,29768.7,30236.6,395.67582299
1652569200000,30236.5,30290.8,29967,30000.7,171.50260143
1652570100000,30000.6,30110,29900,30062.8,76.82853508
1652571000000,30068.3,30199,30000,30154.3,43.89183151
1652571900000,30154.3,30194.7,30030,30089.4,42.26950495
1652572800000,30092.7,30140,29960.2,29994.6,148.30054249
1652573700000,29994.6,30267.9,29991.6,30160.5,149.58192735
1652574600000,30160.5,30238.4,30030.9,30062,48.25668971
1652575500000,30062,30062,29940,29965.8,45.34686705
1652576400000,29965.8,30003.3,29839.9,29881.5,39.85258109
1652577300000,29881.4,29940,29870,29870.1,59.73744176
1652578200000,29873.5,29937.4,29823.1,29911.2,33.47897996
1652579100000,29911.3,29993.2,29893.1,29934.4,27.80827378
1652580000000,29934.4,30070,29832.4,29867.6,65.43436786
1652580900000,29867.6,29882.9,29754.8,29793.8,114.1784263
1652581800000,29795.7,29840,29742.2,29773.4,89.11925472
1652582700000,29773.3,29888,29743.9,29846.3,30.412201
1652583600000,29850,29894,29804.7,29810.4,20.32381179
1652584500000,29810.4,29810.4,29610,29651.7,72.56317762
1652585400000,29651.7,29710,29549.3,29675.7,75.77698612
1652586300000,29675.7,29741.8,29668.7,29725.8,21.04983416
1652587200000,29725.9,29809.9,29666.8,29782.7,42.27614407
1652588100000,29782.7,29789.4,29690,29730.1,13.73240321
1652589000000,29730.2,29738,29417.6,29594.5,79.93088937
1652589900000,29594.5,29660.5,29559.5,29613.7,26.83301665
1652590800000,29613.7,29632.2,29498.1,29579.6,46.62318756
1652591700000,29579.8,29625,29540.7,29622.6,84.53975074
1652592600000,29622.6,29790,29570.1,29784.4,63.03344918
1652593500000,29784.3,29830,29727.1,29793,55.1365799
1652594400000,29793,29859.8,29742.8,29746.9,32.77604969
1652595300000,29747,29855.4,29714.2,29831.4,38.26502
1652596200000,29835.3,29841.6,29753.2,29759,17.77842671
1652597100000,29759.1,30000,29730.6,29960,114.77617295
1652598000000,29956.9,30047.4,29855.6,29956,96.00095318
1652598900000,29948.3,29989.9,29866.1,29887.1,54.32169255
1652599800000,29887,29930,29840.2,29900,25.44871469
1652600700000,29892.5,29911.7,29790.9,29822,53.54170292
1652601600000,29821.9,29857,29696.5,29720.2,68.82005156
1652602500000,29720.3,29742.3,29647.9,29663.7,39.26905261
1652603400000,29663.8,29738.9,29650,29700.2,22.66295199
1652604300000,29712.5,29712.5,29548,29590.4,37.19428824
1652605200000,29590.5,29652.5,29570,29575.3,37.07308655
1652606100000,29575.4,29748.1,29559.1,29699.6,110.25630976
1652607000000,29699.7,29736.7,29653.4,29713.5,63.05698789
1652607900000,29713.6,29790,29713.3,29755.5,21.17958113
1652608800000,29755.6,29790,29630,29676,44.98923671
1652609700000,29676.5,29676.5,29625.1,29656.2,31.22103403
1652610600000,29656.1,29726,29572.4,29712.2,74.19447837
1652611500000,29712.1,29946.6,29690.2,29944.9,98.60475136
1652612400000,29945,29991.7,29883.3,29890,46.26690258
1652613300000,29883.7,30011.9,29786.6,29982.5,95.0099023
1652614200000,29982.5,30200.9,29936.7,30122.2,138.07686707
1652615100000,30115.9,30310,30110.2,30240.9,125.13772713
1652616000000,30240.9,30452.8,30239.4,30352.4,179.92250555
1652616900000,30350.5,30567.9,30283.4,30310.9,344.78688742
1652617800000,30310.9,30360,30185.9,30359.9,114.97207253
1652618700000,30360,30442.1,30250,30313.1,71.23852967
1652619600000,30310.3,30368.4,30210,30366.5,135.46113067
1652620500000,30366.5,30399.9,30144.9,30199.8,80.90147544
1652621400000,30203.2,30243.5,30110.4,30142.6,36.59269659
1652622300000,30142.7,30208.6,30102.6,30181.7,42.20813225
1652623200000,30179.4,30218.5,29965.5,30027.9,87.73369073
1652624100000,30027.8,30057,29851,29923.4,62.86029864
1652625000000,29917.2,29978.6,29780,29967.3,80.51081118
1652625900000,29967.2,30022.1,29910,29986.4,35.64448448
1652626800000,29978,30176.5,29970,30111.9,42.14438179
1652627700000,30112,30118.7,29946,29990.6,19.03409829
1652628600000,29990.5,29998.1,29868.6,29924.2,44.63069901
1652629500000,29921.2,30043.3,29849.8,30009.8,37.67887014
1652630400000,30009.9,30114.1,29951,29996.9,45.66851686
1652631300000,30000.5,30129.9,29996,30112.8,37.5510936
1652632200000,30107.8,30300,30058.6,30259.8,145.4705328
1652633100000,30259.7,30272.5,30150,30219.8,35.97542187
1652634000000,30219.7,30278.9,30150,30278.9,26.88689281
1652634900000,30272.8,30295.1,30200.2,30231.4,30.81148997
1652635800000,30224.6,30224.6,30094.7,30113.4,40.30546427
1652636700000,30113.4,30135.2,29966.2,29995.3,126.73498639
1652637600000,29995.4,30026.3,29944.3,30020,32.39380634
1652638500000,30023.8,30090,29980.2,30046.2,78.98608292
1652639400000,30046.3,30389,30041.2,30380.8,115.79877926
1652640300000,30383.1,30423.3,30240.6,30316.5,53.07596567
1652641200000,30316.4,30370,30190.1,30236.1,33.93375086
1652642100000,30239.5,30283.1,30200.1,30216,14.21195475
1652643000000,30216,30391.8,30204.8,30349.9,99.75177777
1652643900000,30349.9,30508.2,30349.8,30464.1,71.58561315
1652644800000,30459.7,30978.6,30358.2,30815.9,379.75875051
1652645700000,30815.8,31178.1,30680.1,30982.9,407.23243028
1652646600000,30985,31044.7,30870.1,30911.5,95.49555854
1652647500000,30911.5,31098.9,30876.7,31062.6,64.03197813
1652648400000,31062.6,31210.5,30940.1,30980,202.0364399
1652649300000,30980,30980,30870,30902.3,109.56517096
1652650200000,30902.3,31029.5,30882.1,30942.7,24.96582658
1652651100000,30942.6,31124.3,30933.4,31073.1,67.56900241
1652652000000,31073.2,31455,31073.2,31174.4,217.48141166
1652652900000,31174.3,31259.9,31106.7,31124.8,69.18550779
1652653800000,31124.8,31197.9,31072.2,31186.2,54.19110326
1652654700000,31186.2,31256.7,31090.5,31094.2,44.08335475
1652655600000,31094.2,31132.8,31044.8,31068.2,25.97518483
1652656500000,31068.3,31194,31060,31149.1,32.4219191
1652657400000,31149.2,31238.4,31122.1,31223.9,85.46658855
1652658300000,31223.9,31394.9,31206.9,31330.2,188.68346963
1652659200000,31330.1,31334.4,31161.5,31161.6,128.04304862
1652660100000,31161.6,31161.6,31050.1,31115.7,44.37454318
1652661000000,31115.7,31147.7,31063.1,31075.2,43.39040244
1652661900000,31075.3,31114.5,31050.5,31106.7,29.90975763
1652662800000,31107.1,31154.6,30908,31000.7,85.22000486
1652663700000,31002.6,31028.4,30893.8,30922.4,40.18885439
1652664600000,30922.4,30922.4,30696.7,30757.5,162.60056311
1652665500000,30755,30809.1,30686.9,30766.8,50.90836673
1652666400000,30772.4,30775.9,30379.9,30455.9,377.18858423
1652667300000,30455.8,30521.2,30409.9,30492.2,62.73471803
1652668200000,30492.3,30549.8,30415.4,30452.5,38.34809361
1652669100000,30454.4,30508,30396.9,30495.1,18.19810736
1652670000000,30495.2,30520,30300,30350.8,91.16197586
1652670900000,30347.1,30377.7,30213.3,30267.1,41.41749513
1652671800000,30266.4,30332.2,30221.5,30293.6,26.97672787
1652672700000,30293.5,30336,30252.6,30320.5,31.96609087
1652673600000,30320.6,30330.6,30219.2,30290.2,17.49905428
1652674500000,30290.3,30427,30267.4,30371.8,145.32561147
1652675400000,30371.9,30417.2,30127.1,30394.9,78.03965801
1652676300000,30398,30439,30332.2,30332.2,28.70283102
1652677200000,30330.1,30423.9,30311.1,30411.3,52.3703881
1652678100000,30411.3,30493.1,30400.1,30438.2,57.1972669
1652679000000,30438.3,30453.1,30395,30432.1,46.26729048
1652679900000,30432.2,30444.2,30252.5,30296.5,73.12885812
1652680800000,30293.8,30295.7,29862.4,29949.9,232.82291902
1652681700000,29949.9,29984.5,29384.3,29489,592.1435236
1652682600000,29483,29658.4,29395,29654.3,184.12020205
1652683500000,29654.4,29665,29480,29580,36.72769045
1652684400000,29576,29578.4,29387.1,29415.2,94.63299282
1652685300000,29415.2,29564.1,29306.7,29535,104.11137452
1652686200000,29535.1,29682.3,29480.8,29600,109.30117264
1652687100000,29600.1,29750,29553.3,29596.7,39.07391362
1652688000000,29597.6,29770,29583.3,29725.9,122.3942972
1652688900000,29728,29803.6,29690,29709.8,65.99416126
1652689800000,29714.6,29889.9,29684.6,29846.2,136.54764016
1652690700000,29851.6,29851.6,29764.8,29800.1,28.82075968
1652691600000,29797,29797,29594,29636.9,180.77019066
1652692500000,29636.9,29683.9,29480.4,29519.9,75.14763662
1652693400000,29520,29676.5,29519.9,29633.1,46.48357622
1652694300000,29636.5,29780,29606.9,29613.4,52.02375723
1652695200000,29613.3,29772.6,29443.4,29743.5,100.74780904
1652696100000,29743.5,29974.2,29722,29822.9,133.99066155
1652697000000,29828.4,29982.1,29795.2,29931.7,55.64294992
1652697900000,29931.8,30202.7,29920,30174.6,174.83090393
1652698800000,30174.6,30199.8,30022.8,30070.5,61.57689737
1652699700000,30070.5,30099.3,29953.9,30057.9,45.80838543
1652700600000,30057.9,30096.4,29960,30028.4,53.48547096
1652701500000,30025.6,30044.9,29921.5,29954.4,58.61167478
1652702400000,29954.3,29989.4,29676.5,29802.7,202.48772943
1652703300000,29802.8,30140,29593.5,30075.1,164.05865727
1652704200000,30074.2,30266.3,29770,29889.8,243.15535963
1652705100000,29888.9,29959.8,29767.5,29893.6,105.37177908
1652706000000,29893.5,30086.8,29856.5,29960.3,56.82079381
1652706900000,29960.3,29980,29748.3,29816.3,79.33240348
1652707800000,29820.8,29978,29655.9,29784.4,174.97684052
1652708700000,29784.4,29797.1,29453,29520.9,193.88008393
1652709600000,29524.1,29780,29465.5,29633.5,93.1993826
1652710500000,29637.6,29810,29637.6,29784.6,111.61811569
1652711400000,29784.6,29838.1,29578.4,29632.3,214.05812944
1652712300000,29633.5,29633.5,29474.5,29487.6,240.14001973
1652713200000,29487.6,29680,29471.1,29593.5,182.96351431
1652714100000,29590.4,29702.3,29585.3,29625.3,135.68702514
1652715000000,29625.2,29652.5,29330,29441.8,238.75475276
1652715900000,29441.8,29730,29414.6,29673.2,132.5362478
1652716800000,29673.3,29743.3,29373.8,29435.4,433.27797257
1652717700000,29435.3,29482.9,29330,29438.4,260.84693358
1652718600000,29438.4,29572.2,29160,29231.8,268.79549442
1652719500000,29237.3,29387.6,29082.9,29322.2,207.51366888
1652720400000,29322.2,29533.6,29257.3,29459.8,119.45215221
1652721300000,29459.7,29650,29410.9,29646.1,95.6872542
1652722200000,29646.1,29816.2,29646.1,29765.1,153.88535475
1652723100000,29756.8,29772.6,29676.5,29727.7,105.07662915
1652724000000,29727.8,29910,29678,29870,157.37432713
1652724900000,29876.3,29974.2,29793.3,29930.8,103.12171644
1652725800000,29930.8,29988,29850,29868.7,112.33336728
1652726700000,29868.8,29934.3,29794.7,29914.5,104.73927723
1652727600000,29910,29979.6,29813.8,29837.4,130.95152584
1652728500000,29837.4,29850,29750,29783.5,103.94989557
1652729400000,29779.6,29804.4,29750,29772,23.51171454
1652730300000,29772.1,29836,29550,29585,114.54155609
1652731200000,29581,29655,29550.8,29623.9,28.07287098
1652732100000,29623.8,29740,29621.3,29695,22.84780317
1652733000000,29690.9,29780,29663.6,29777.9,38.30380315
1652733900000,29770,29944.3,29761.1,29938.1,51.46505023
1652734800000,29944.3,30266.2,29907.2,30031.4,146.96157597
1652735700000,30031.3,30092.7,29950,29986,24.98236746
1652736600000,29986.1,30155.4,29986.1,30155,36.05825487
1652737500000,30153.1,30200,30008.4,30172.5,34.65289064
1652738400000,30172.6,30220,30105.9,30198.4,110.19220357
1652739300000,30198.5,30230,30090,30117.7,91.23212993
1652740200000,30116.8,30168.1,30050,30108.1,46.52913426
1652741100000,30108.2,30154.5,29990.2,30020,67.85703446
1652742000000,30020,30048.8,29992.5,30023.4,13.16763711
1652742900000,30015.7,30101.3,29944.3,30035.8,143.00478233
1652743800000,30035.8,30078.2,29843,29909.2,83.00801541
1652744700000,29903.4,29918.4,29833.3,29874.4,21.90371405
1652745600000,29874.4,29970,29813.4,29923.5,37.52415857
1652746500000,29923.5,30090,29911.3,30019.7,33.1087438
1652747400000,30019.8,30140,29980.8,30129.6,27.61684982
1652748300000,30129.6,30222.8,30067.7,30162.6,83.87709189
1652749200000,30154.6,30191.4,29949.6,29949.6,134.592695
1652750100000,29947.4,29969.3,29850.9,29855.9,64.83978749
1652751000000,29855.9,29934.9,29785.4,29893.1,94.68563623
1652751900000,29886.1,30050,29880,30000,66.11320028
1652752800000,30000,30143.9,29965.5,30089.6,70.62597969
1652753700000,30089.7,30109.3,29911.6,29920.7,81.93403077
1652754600000,29920.7,30000.7,29900,29970.5,11.16882599
1652755500000,29970.5,30066.6,29960,30062.6,34.32958557
1652756400000,30062.7,30220,30021.7,30159.3,105.37643938
1652757300000,30158.2,30257.5,30111.9,30206.9,48.5194527
1652758200000,30206.9,30526.2,30168,30396.3,183.6947768
1652759100000,30396.3,30510,30350,30364.1,60.84021713
1652760000000,30364.1,30393.6,30281.3,30328.7,67.8263196
1652760900000,30328.6,30328.6,30250,30264,22.87430435
1652761800000,30262.3,30445.8,30252.2,30331.6,70.48399565
1652762700000,30331.5,30411.3,30316.9,30385.5,14.76088877
1652763600000,30384.1,30420.9,30300,30313.4,56.97734359
1652764500000,30313.4,30347.6,30280,30310.8,19.09212519
1652765400000,30310.9,30410,30285.1,30397.6,37.88380327
1652766300000,30397.2,30529.3,30397.2,30466.1,65.65473721
1652767200000,30466.1,30479.9,30367.8,30367.8,15.98426981
1652768100000,30367.9,30420,30355,30373.2,43.50728603
1652769000000,30373.1,30462.7,30369.3,30440.5,70.36561303
1652769900000,30443,30545.2,30393.7,30530,68.79328603
1652770800000,30530,30580,30402.5,30414.8,109.58179874
1652771700000,30414.8,30420.8,30352.9,30366.3,39.70126931
1652772600000,30366.4,30478.6,30366.3,30462,34.67556435
1652773500000,30457.8,30492.5,30397.4,30408.7,14.06380764
1652774400000,30408,30550,30390.1,30537.5,62.28534081
1652775300000,30537.5,30570.8,30502.8,30539.8,96.51916499
1652776200000,30539.8,30788,30504.5,30704,220.42120245
1652777100000,30703.9,30718.2,30580,30580.1,72.84877432
1652778000000,30580,30679.6,30575.6,30601.2,86.94937091
1652778900000,30601.1,30723.3,30600.7,30691.7,66.86912538
1652779800000,30691.7,30739.2,30641.3,30665,70.5809933
1652780700000,30666.1,30672.8,30580,30638.1,103.46323649
1652781600000,30638,30650,30540.1,30565.2,144.81799237
1652782500000,30565.1,30591.5,30530,30580,56.82096723
1652783400000,30579.9,30583,30463,30471.2,54.00760866
1652784300000,30471.3,30550,30462.6,30467.3,62.13198029
1652785200000,30462.5,30500,30451.6,30488.1,26.35446816
1652786100000,30488.4,30530.1,30375.7,30427.2,162.76507543
1652787000000,30427.2,30461,30274.9,30342.8,289.01755249
1652787900000,30342.8,30415.6,30321.1,30322.5,113.31178757
1652788800000,30322.4,30450,30294,30397.9,76.77849608
1652789700000,30397.9,30579.5,30397.8,30534.9,151.94284262
1652790600000,30526.7,30650,30452,30573.3,149.29052245
1652791500000,30573.4,30631.1,30509.5,30589.2,84.03090218
1652792400000,30589.2,30604.5,30490.9,30504,37.26556489
1652793300000,30504.1,30536.5,30430.9,30536.5,180.32721322
1652794200000,30536.6,30750,30370,30727.4,410.81147362
1652795100000,30727.4,30749.9,30506.8,30523.5,117.33320856
1652796000000,30520.1,30561.6,30336.8,30386.6,216.59514341
1652796900000,30378.7,30463.7,30340.1,30342.7,95.01894572
1652797800000,30342.8,30350,29953.3,29955.7,326.95638214
1652798700000,29955.8,30110.1,29953.5,30063.4,108.81856464
1652799600000,30063.5,30141,30035.1,30122.1,97.93208811
1652800500000,30122.1,30130.6,29974.1,29980.3,143.52041933
1652801400000,29991.9,30237,29991.9,30070.5,118.64966895
1652802300000,30070.5,30170,30070,30150.9,48.17935734
1652803200000,30150.9,30199,29993.3,30028.1,93.31231622
1652804100000,30028.1,30078.1,29887.5,30025.6,120.15188926
1652805000000,30023.2,30136.9,29991.3,30116.1,99.83993042
1652805900000,30114.7,30222,30102.8,30147.9,109.86606156
1652806800000,30147.9,30263.8,30120.8,30195.6,53.95886189
1652807700000,30195.5,30258.8,30179.9,30180.6,63.97774877
1652808600000,30180.6,30264,30160,30180.2,34.82612905
1652809500000,30180.2,30240.6,30083,30090.9,164.13306913
1652810400000,30097,30242.7,29845.8,29929.6,246.90219008
1652811300000,29936.9,29939.4,29435.9,29615,420.99793384
1652812200000,29615,29827.1,29523.1,29794.8,84.7674612
1652813100000,29793.1,29879.9,29690.2,29865.1,74.10655903
1652814000000,29865.1,30300,29819.4,30113.9,161.51594975
1652814900000,30113.9,30250,30085.8,30231.8,61.37135559
1652815800000,30231.8,30320,30170.9,30182.9,137.48066535
1652816700000,30182.9,30182.9,30040.9,30097,88.49793503
1652817600000,30103.1,30139.8,30056.9,30079.3,20.06924465
1652818500000,30079.4,30210,30077.5,30145,29.33869894
1652819400000,30145,30219.6,30122.7,30199.9,24.3430387
1652820300000,30199.9,30217.6,30102.4,30111.9,16.37305235
1652821200000,30110.3,30213.7,30090,30207.3,23.56452044
1652822100000,30207.3,30292.9,30189.1,30269.2,38.51427632
1652823000000,30270.8,30490.9,30267.7,30443.7,87.35863705
1652823900000,30448.4,30675,30406.5,30550.1,160.2491815
1652824800000,30550.1,30610.2,30498.5,30509.9,85.83435607
1652825700000,30509.8,30527.8,30355,30367,88.28750239
1652826600000,30366.9,30366.9,30249,30287.1,40.26469301
1652827500000,30287.2,30371.2,30287.2,30352.4,38.63805195
1652828400000,30352.4,30571.3,30352.4,30501.2,107.24065461
1652829300000,30501.1,30568,30470.5,30549.9,56.74880272
1652830200000,30546.7,30546.8,30423.5,30467.8,51.71624082
1652831100000,30467.8,30539.5,30411.7,30451.8,33.13781809
1652832000000,30451.9,30625.8,30426.4,30558.4,53.61123723
1652832900000,30558.4,30668.6,30519.9,30642.3,68.80223103
1652833800000,30642,30715,30527,30557.7,240.15091243
1652834700000,30557.7,30565.7,30480,30510.6,34.98802625
1652835600000,30510.5,30518.4,30400.7,30421.6,55.56323973
1652836500000,30420.1,30466,30343.1,30362.1,35.60327049
1652837400000,30362.1,30403.2,30334.1,30334.1,52.67334117
1652838300000,30334.1,30347.3,30075.7,30130.8,344.2655347
1652839200000,30130.9,30198.1,30083.9,30148,119.64641517
1652840100000,30148,30224.6,30130,30193.1,140.09071076
1652841000000,30196,30224.9,30118.6,30218.5,100.71654839
1652841900000,30218.5,30228.9,30167,30220.2,53.97122267
1652842800000,30220.3,30223.7,29933.3,29940.5,145.7122308
1652843700000,29940.5,30026.2,29825.2,29884.7,270.475504
1652844600000,29884.6,29940,29780,29884.1,137.52095303
1652845500000,29884.2,29919.6,29731.5,29825.4,128.21072172
1652846400000,29828.5,29846.2,29760,29812.9,58.93480086
1652847300000,29812.9,29928.5,29760.1,29875.4,56.56618234
1652848200000,29875.3,29894.3,29813.3,29866.8,26.57948809
1652849100000,29866.8,29904.8,29802.9,29833,57.02245836
1652850000000,29827.1,30000,29801.2,29932.6,78.11502737
1652850900000,29932.6,30035.3,29930.1,29966,57.36428175
1652851800000,29966,30040,29950.5,29966.5,27.71623438
1652852700000,29966.5,30047.5,29950,30033.8,19.52951791
1652853600000,30033.7,30090,30007,30078.8,55.47082547
1652854500000,30078.8,30078.8,29911.1,29938.1,71.22386143
1652855400000,29938.1,29989.1,29900.7,29964.7,49.03506033
1652856300000,29964.7,29964.7,29744.8,29744.9,163.76772734
1652857200000,29747,29859.4,29686.1,29793.6,174.10315068
1652858100000,29787.9,29855.1,29777.7,29783.5,109.76294975
1652859000000,29783.6,29860,29753.8,29843.7,90.90018264
1652859900000,29848.8,29924.1,29802.4,29917.5,60.0374546
1652860800000,29917.4,29959,29839.2,29863.3,72.7826041
1652861700000,29864.5,29908.6,29750.3,29818.2,81.19383229
1652862600000,29820.3,29848.9,29750,29791.9,65.03980532
1652863500000,29792,29884.6,29770,29879.5,65.54257915
1652864400000,29876.9,29930,29850,29875.3,69.23073375
1652865300000,29875.2,29880.1,29762.6,29867,77.35662088
1652866200000,29863.1,29927.3,29808.1,29927.3,43.45099098
1652867100000,29927.3,30017.8,29897,29960.9,108.18937101
1652868000000,29961,30036.5,29948.6,30007.6,92.84155341
1652868900000,30005,30046.2,29950,30034.6,72.61573489
1652869800000,30034.6,30034.6,29922.7,29925,44.66811484
1652870700000,29930.6,29965.8,29901.1,29953.1,59.65599324
1652871600000,29957,29977,29845.4,29845.6,84.59284552
1652872500000,29845.7,29872.6,29792.8,29801.2,142.72802688
1652873400000,29801.2,29851.6,29755.8,29809.4,98.80470032
1652874300000,29809.3,29858.4,29773.3,29830.1,86.71175441
1652875200000,29830.2,29865,29726.2,29733.1,68.35479251
1652876100000,29733.1,29908.1,29726.2,29885.7,64.87466448
1652877000000,29889.7,29891.7,29766.3,29800.1,69.04392106
1652877900000,29800,29843.8,29519.7,29554.7,231.53906756
1652878800000,29554.6,29640,29478.3,29626.7,186.70493762
1652879700000,29626.7,29679.9,29416,29512.2,232.49483717
1652880600000,29516.2,29612.6,29300,29355.2,364.64087891
1652881500000,29355.1,29479.9,29333.3,29357.7,201.2796069
1652882400000,29357.8,29445.9,29320.1,29414.6,103.73172822
1652883300000,29414.9,29500,29376,29376,101.3197022
1652884200000,29375.2,29423.7,29131.5,29156.3,347.55555318
1652885100000,29156.4,29261.2,29070,29245.9,238.31833866
1652886000000,29244.2,29250,29100,29193.3,131.30615439
1652886900000,29193.7,29199.5,28877.9,29006.7,365.63777371
1652887800000,29012,29085.6,28900.7,29044.5,191.29011863
1652888700000,29044.5,29070.1,28925,28985,127.58923232
1652889600000,28985.1,29000,28750.7,28902.7,346.034313
1652890500000,28902.7,29031.4,28840,28991.8,184.55499658
1652891400000,28991.8,29260,28928.5,29011.6,264.64714031
1652892300000,29011.8,29270.4,28991,29226.9,227.0681655
1652893200000,29226.9,29235.3,29035.1,29051.6,71.69125195
1652894100000,29051.6,29170,29038.3,29121.9,82.37258761
1652895000000,29112.5,29182,29035,29062,88.08197894
1652895900000,29062,29080,28937.9,28989.9,53.62017886
1652896800000,28989.8,29025,28882.3,28954.5,90.55731695
1652897700000,28954.4,29165.9,28935.3,29165.9,80.93504135
1652898600000,29163.1,29171.6,29072,29165.1,49.4368365
1652899500000,29165.1,29271.3,29120.1,29211,209.91667705
1652900400000,29204.4,29538.3,29204.4,29292.7,361.46373385
1652901300000,29292.7,29347.3,29190.4,29247.5,45.60414067
1652902200000,29245.9,29374.8,29195.8,29276.5,44.31243304
1652903100000,29275.7,29360,29271,29280,58.94188277
1652904000000,29280,29297.8,29083.2,29153.5,109.26217923
1652904900000,29153.5,29174.9,29072.3,29107.3,80.86365461
1652905800000,29107.3,29140.2,28970,29111.6,70.18064633
1652906700000,29111.2,29247,29103.3,29237,41.8619055
1652907600000,29237,29302.9,29183.8,29299.8,18.02572229
1652908500000,29299.9,29350,29244,29300.1,33.93624577
1652909400000,29300.1,29300.1,29170.1,29220,30.67130969
1652910300000,29220,29247.3,29110,29208.4,46.63813261
1652911200000,29210,29212.7,29110,29193.4,25.56140063
1652912100000,29193.3,29420,29042.1,29081.7,282.1289888
1652913000000,29077.4,29152.3,28961.2,28975.2,67.93571759
1652913900000,28981.4,29028.1,28913.3,28982,71.13263786
1652914800000,28972.4,29103,28972.4,29043.8,27.49645308
1652915700000,29040.5,29075.7,28769.2,28838.9,170.61305575
1652916600000,28838.8,28920,28690,28798.2,170.17257703
1652917500000,28798.2,28839.5,28650.6,28709.3,85.46765484
1652918400000,28716.4,28940,28698.1,28902.9,88.85195214
1652919300000,28902.9,29009.9,28866.6,28917.4,54.82308022
1652920200000,28914.4,29050,28894.1,28897,40.84225996
1652921100000,28901.7,28980,28890.1,28918.1,29.46808077
1652922000000,28918.1,29035,28901.1,29012.6,18.29875003
1652922900000,29015.7,29044.6,28955,28986.5,31.41042162
1652923800000,28983.5,28987.7,28866,28912.6,23.50924016
1652924700000,28912.5,28920.2,28723.6,28769.2,47.11512732
1652925600000,28769.3,28814,28695.3,28706.5,146.92991844
1652926500000,28706.5,28862.3,28680.4,28819,107.67676338
1652927400000,28819,28917.5,28800.2,28886.5,99.75966359
1652928300000,28886.4,29367.2,28882.4,29179.5,1011.91975893
1652929200000,29179.5,29330.6,29100.2,29115.7,214.41717808
1652930100000,29118.5,29226.5,29090.9,29195.5,47.59423066
1652931000000,29195.5,29276.3,29160.1,29231.1,49.16187083
1652931900000,29234.1,29295,29188.1,29196.8,32.10902212
1652932800000,29196.8,29286.8,29172.8,29225.2,48.35581248
1652933700000,29225.2,29286.2,29155.5,29159.1,27.26680801
1652934600000,29159.1,29174.4,29102,29134,25.55667157
1652935500000,29137.3,29155.9,29085.8,29101,21.97365819
1652936400000,29097.2,29185.8,29083.1,29185.7,22.90728983
1652937300000,29185.7,29202.1,29070.8,29105,56.73910562
1652938200000,29105.1,29112.8,29037.2,29074.6,40.71061868
1652939100000,29076.1,29103.5,29040.1,29067,20.39427955
1652940000000,29067,29188.7,29060,29163.7,42.43639929
1652940900000,29163.6,29255.6,29163.6,29232.5,95.71538826
1652941800000,29232.4,29275,29145.5,29157,47.70272304
1652942700000,29157.1,29450,29145.5,29324.3,165.37043369
1652943600000,29324.2,29354.3,29269.2,29276.6,61.16093671
1652944500000,29276.6,29301.9,29194.5,29217,81.56553981
1652945400000,29217,29217.2,29086.9,29134.6,101.32409196
1652946300000,29134.5,29200,29134.5,29195.9,33.39686114
1652947200000,29192,29236.5,29087,29236.4,107.29769054
1652948100000,29236.5,29262.9,29161.6,29196.7,64.78089244
1652949000000,29196.7,29209.5,29089.6,29119.3,55.11454553
1652949900000,29122.3,29136.1,28965.2,28968.7,105.83001422
1652950800000,28968.7,29061,28950,29020.9,50.52851811
1652951700000,29018.2,29018.2,28906.3,28922.3,68.82415834
1652952600000,28922.3,28960,28860.8,28908,91.2680654
1652953500000,28908.1,29043.8,28884.4,29010.9,78.00515821
1652954400000,29010.8,29090,28990.9,29054.5,45.43534344
1652955300000,29049.8,29136.1,29020,29046.9,85.39706782
1652956200000,29041,29185.8,28937.9,29153.4,144.10037785
1652957100000,29151.2,29275.2,29123.1,29206,183.23818169
1652958000000,29206.1,29231.7,29120.3,29170.9,43.28755894
1652958900000,29171,29354.9,29150,29312,190.47612306
1652959800000,29312,29422.8,29247,29380.8,165.70253235
1652960700000,29382.9,29543.8,29351.1,29500.6,174.85842646
1652961600000,29500.6,29538,29379.9,29488,115.43901101
1652962500000,29488,29657.9,29385,29554.6,204.72891763
1652963400000,29554.6,29591.1,29399.9,29461.2,77.84308646
1652964300000,29461.1,29565,29421.1,29496.9,54.39357865
1652965200000,29497.6,29760,29497.6,29691.4,121.06819144
1652966100000,29691.5,29747.8,29581,29625.1,171.67321313
1652967000000,29625.1,29780,29505.8,29538.1,172.49023052
1652967900000,29529.3,29634.3,29356.1,29519.5,257.41177961
1652968800000,29519.4,29793.3,29504,29713.6,236.06710525
1652969700000,29717.3,29900,29717.3,29756.5,238.00746266
1652970600000,29749.6,29869.7,29705.3,29773.8,163.48620448
1652971500000,29768.7,29875,29715.5,29866.6,57.61760995
1652972400000,29870.3,29994,29804.5,29978.1,199.59185772
1652973300000,29978.1,30222.2,29903.2,30112,335.00761267
1652974200000,30113.9,30519.4,30113.9,30373.7,619.76183097
1652975100000,30373.6,30539.5,30293.3,30386.3,222.02990544
1652976000000,30388.9,30449.1,30216,30279.5,283.00297721
1652976900000,30279.5,30358,30222.2,30261,227.19184197
1652977800000,30270.1,30298.2,30123,30123,205.57307445
1652978700000,30123,30220.3,30094.1,30149.7,104.99902268
1652979600000,30149.8,30266.1,30050,30085,83.7106941
1652980500000,30084.9,30107.5,30008.1,30025.6,73.02841983
1652981400000,30024.8,30160.1,30022,30111.5,39.98789329
1652982300000,30111.4,30231.5,29963.4,30189.4,125.96404207
1652983200000,30187.6,30337.1,30151.3,30322.7,148.00954301
1652984100000,30320.3,30360,30190.8,30213.4,90.62076121
1652985000000,30218.3,30259.9,30135.1,30220.9,117.01428571
1652985900000,30221,30263.5,30165,30222.1,43.69790026
1652986800000,30222.9,30304,30075.1,30105.3,61.35095972
1652987700000,30100.8,30110.9,29985.1,29992.2,130.1935066
1652988600000,29995.5,30048.4,29971.9,30006,54.93071621
1652989500000,30006.1,30038.3,29968.7,29968.7,34.78348766
1652990400000,29967.4,30090,29936.4,30045.5,22.25329935
1652991300000,30044.6,30080,30009.4,30040.9,19.40628398
1652992200000,30040.9,30122,30017.3,30121.3,14.33633207
1652993100000,30121.2,30268.3,30121.2,30268.2,61.20094282
1652994000000,30268.2,30422.8,30202.5,30408,117.94316309
1652994900000,30408.4,30481.8,30280,30280,86.51295195
1652995800000,30280,30326.7,30252.4,30285.2,14.80859996
1652996700000,30285.2,30389,30246.6,30277.3,53.03254575
1652997600000,30277.3,30277.3,30187.2,30219.3,39.43551074
1652998500000,30219.3,30219.3,30130.5,30147.3,22.03067268
1652999400000,30145,30196.6,30120.8,30143.8,18.16918107
1653000300000,30142.6,30246.6,30123.5,30185.6,37.76503068
1653001200000,30185.6,30276.2,30170.1,30187,33.21501769
1653002100000,30184.9,30250,30155.2,30241.1,22.13061219
1653003000000,30244,30358.7,30225.3,30331.1,46.19864872
1653003900000,30333.3,30439,30311.7,30318,88.17554015
1653004800000,30318,30364.4,30242.8,30258.5,48.36437408
1653005700000,30258.5,30282.7,30154.1,30158.9,43.42862818
1653006600000,30160,30302.8,30147.3,30297,33.37620206
1653007500000,30294.1,30305.8,30227.1,30266.5,21.25165222
1653008400000,30266.4,30266.4,30136.9,30197.2,27.40315427
1653009300000,30197.3,30381.6,30175,30358.8,70.43906454
1653010200000,30358.8,30777.7,30353,30656.5,581.98949344
1653011100000,30656.6,30685.7,30385.6,30477.9,142.98669015
1653012000000,30477.9,30509.9,30239.9,30257,55.73974276
1653012900000,30259.3,30308.5,30228.4,30296.5,41.21640129
1653013800000,30297.9,30367.2,30260,30359.9,27.42492778
1653014700000,30359.8,30381.2,30300,30333.7,33.97601771
1653015600000,30333.7,30346.9,30206.6,30235.1,56.94844298
1653016500000,30235.2,30261,30187.4,30236.2,35.52755701
1653017400000,30236.2,30242,30183.1,30190,17.61251187
1653018300000,30192.9,30230.2,30136.9,30172.1,61.91695901
1653019200000,30172.1,30238.4,30156,30205.1,41.42675753
1653020100000,30205.3,30237.6,30121.5,30153.9,56.39526202
1653021000000,30154,30195.1,30056.9,30071.4,76.5516989
1653021900000,30071.4,30118.5,30000,30098.8,34.93059754
1653022800000,30098.7,30098.7,30043.4,30050.3,31.70223218
1653023700000,30050.3,30126,30030.7,30104.9,34.30210569
1653024600000,30104.9,30175.4,30072.1,30173.2,29.47924315
1653025500000,30170.2,30198.5,30110.3,30190.6,41.11489653
1653026400000,30187.6,30195.6,30132.4,30161.7,32.67874949
1653027300000,30161.7,30161.7,29959.9,29990.1,77.02804091
1653028200000,29994.4,29994.4,29853.9,29937.9,168.18922694
1653029100000,29937.9,30014.9,29879,30009,43.64519082
1653030000000,30009,30179.9,29966.1,30158,147.55190418
1653030900000,30156.7,30243.9,30129.7,30193.9,157.96319007
1653031800000,30193.8,30337.3,30173.3,30267.9,91.81703655
1653032700000,30268,30358.9,30241.7,30262.9,146.08583705
1653033600000,30262.9,30315.5,30195,30303.1,71.89685316
1653034500000,30303.2,30353.3,30268.9,30348.5,45.83921464
1653035400000,30348.4,30401.8,30287.8,30309.4,38.36176963
1653036300000,30309.4,30314,30154.2,30184.9,82.27637523
1653037200000,30184.8,30210.5,30116.5,30160,26.09058338
1653038100000,30160.1,30263.5,30160.1,30193.7,23.05764601
1653039000000,30198.5,30340,30170.1,30310,43.16627128
1653039900000,30304.3,30399.9,30280.1,30303.5,51.39741496
1653040800000,30301.4,30362.3,30270.1,30350.8,25.96044167
1653041700000,30349.7,30420,30266.2,30266.2,29.61891727
1653042600000,30264.7,30336,30262.6,30302.1,34.37218594
1653043500000,30311.3,30435,30278.5,30429.7,61.06713226
1653044400000,30421.3,30500,30300,30313.7,123.88251836
1653045300000,30313.7,30327.8,30252.8,30313.2,30.22538112
1653046200000,30313.1,30431.8,30307,30377.4,34.55198002
1653047100000,30377.4,30540,30377.4,30416.4,142.83812422
1653048000000,30416.5,30452.2,30308.5,30308.7,43.63436537
1653048900000,30308.7,30349.5,30285.7,30307,41.85150336
1653049800000,30302.7,30302.7,30206.7,30248.1,55.31095179
1653050700000,30248.6,30266.1,30079.9,30259,119.69269598
1653051600000,30259,30325.9,30164.7,30303.1,61.82893093
1653052500000,30303.1,30432.9,30252.8,30319.9,121.06796495
1653053400000,30316.6,30395.1,30102.7,30395.1,274.89184749
1653054300000,30396,30405,30293.7,30364.1,71.83346634
1653055200000,30364.1,30368.6,30089.4,30116.9,111.19697298
1653056100000,30121.1,30190.1,29865,29934.4,188.8746625
1653057000000,29934.4,30027,29736.6,29788.4,160.19363106
1653057900000,29788.4,29845.6,29400,29494.7,583.4331675
1653058800000,29494.7,29496.4,29250,29407.2,422.26495613
1653059700000,29407.1,29410,29133.4,29327.9,258.4184522
1653060600000,29330.9,29415,29169,29188.6,114.34947426
1653061500000,29188.5,29247,29079.6,29155.3,135.19151769
1653062400000,29152.3,29152.3,28890,29080.1,517.46191094
1653063300000,29080.1,29080.1,28880,28932.1,210.46420176
1653064200000,28932,29034.9,28777.9,28828.2,182.6398064
1653065100000,28824.1,28989.9,28732.6,28906.5,197.973616
1653066000000,28904.5,28951.2,28813.2,28949.9,112.51119637
1653066900000,28949.8,28975.6,28736.4,28775.8,155.54847175
1653067800000,28775.4,28940,28735,28914.1,128.67516939
1653068700000,28913.5,29025,28868.3,28961.7,128.00195825
1653069600000,28956.3,28956.3,28814,28881.3,73.92923948
1653070500000,28881.2,28904.7,28822.1,28888.8,125.97612211
1653071400000,28888.7,28946.7,28812.6,28946.6,60.20323102
1653072300000,28946.6,29089.9,28925,29007.9,75.73679654
1653073200000,29008.7,29108.8,28935.3,29102.9,66.80183472
1653074100000,29103,29117.9,28970.1,29061.7,68.06163001
1653075000000,29061.8,29307,29013.4,29247.9,176.62655141
1653075900000,29248.5,29359,29163.7,29289.1,140.67951332
1653076800000,29285.8,29313.2,29203.8,29259.9,35.6030853
1653077700000,29259.9,29357.1,29259.9,29335.4,48.52310209
1653078600000,29335.4,29335.4,29184.8,29226.5,67.34604569
1653079500000,29226.6,29232.9,29125,29145,54.87761521
1653080400000,29144.8,29266.6,29136.8,29237.3,38.8499236
1653081300000,29237.2,29300.6,29212.5,29285.2,30.9075333
1653082200000,29285.2,29296.2,29188.1,29198.1,19.11403028
1653083100000,29198.1,29265.1,29163.8,29183.1,19.67327513
1653084000000,29183.1,29261.2,29156.2,29236.6,35.9375809
1653084900000,29236.6,29285.6,29188.2,29235.8,24.12716353
1653085800000,29232.1,29291.4,29230.7,29286.7,20.26211937
1653086700000,29286.8,29325,29141,29152.3,33.05680295
1653087600000,29152.3,29384.1,29152.2,29334.1,107.01364707
1653088500000,29334.1,29392.3,29293.3,29298.8,47.10688002
1653089400000,29298.7,29312.5,29265,29265,15.5242072
1653090300000,29265,29275.2,29174.7,29195,46.96221079
1653091200000,29196.1,29277.3,29160,29255.8,40.78812464
1653092100000,29255.8,29342.8,29255.8,29328.1,14.82123161
1653093000000,29330.5,29338.2,29190,29279.8,25.02120334
1653093900000,29279.9,29311.2,29222.1,29275.1,39.924018
1653094800000,29275.2,29300,29182,29225.9,24.84021959
1653095700000,29229.6,29247.3,28950,28965.7,112.96556277
1653096600000,28972.2,29138.3,28972.1,29108.4,36.88289361
1653097500000,29108.3,29188,29070.1,29144.3,27.71735353
1653098400000,29144.3,29181.9,29073.2,29101.2,12.97468491
1653099300000,29101.2,29235,29077.9,29235,33.19349946
1653100200000,29235,29257.2,29213.4,29222.6,18.70941942
1653101100000,29222.5,29261.3,29188.1,29223.3,15.86534744
1653102000000,29223.3,29240,29161,29161,8.00512521
1653102900000,29161,29190.9,29134.3,29140.2,16.741943
1653103800000,29140.2,29208.2,29127.1,29207.1,11.47995899
1653104700000,29207.1,29283.4,29192,29257.9,21.14256202
1653105600000,29257.9,29278.3,29231.1,29264.3,15.69362415
1653106500000,29264.4,29264.9,29210.1,29223.1,10.80128925
1653107400000,29223.1,29270.2,29215.4,29263.2,12.51926893
1653108300000,29263.1,29267.8,29220.6,29254.5,7.79123193
1653109200000,29254.6,29287,29226.3,29276.3,8.64972543
1653110100000,29269.6,29287,29220,29234,8.06521199
1653111000000,29233.9,29326.2,29225.9,29275.5,45.1189448
1653111900000,29275.4,29296.5,29238.6,29284.1,18.23967804
1653112800000,29284.1,29320,29228.3,29228.3,14.98300749
1653113700000,29228.4,29333.5,29226,29326.2,25.81712258
1653114600000,29326.2,29357.1,29309.8,29330.1,15.78329183
1653115500000,29328.4,29370.9,29296.1,29358.8,16.24821991
1653116400000,29358.8,29373.1,29312.5,29318.6,21.21904925
1653117300000,29318.6,29485.3,29312.1,29460.9,55.28757233
1653118200000,29460.9,29564.9,29419.4,29502.2,62.91232197
1653119100000,29502.1,29528.5,29425.5,29429.1,36.75679438
1653120000000,29429,29477.1,29411.2,29460.2,22.84412959
1653120900000,29460.3,29460.3,29389.9,29412,11.48446627
1653121800000,29412,29459.2,29385.7,29411.2,48.76256924
1653122700000,29406.6,29406.6,29360.4,29380.8,23.95206851
1653123600000,29378.5,29387.6,29335.8,29348.9,40.00369624
1653124500000,29348.9,29365.9,29263.7,29265,23.67559551
1653125400000,29263.1,29307,29251.6,29276,9.72593973
1653126300000,29276,29338.9,29276,29338.9,16.89791533
1653127200000,29338.9,29428.5,29338.9,29376.7,40.2702088
1653128100000,29376.7,29381.6,29217.3,29223.8,64.38609628
1653129000000,29227.7,29332,29227.7,29292.9,32.31120241
1653129900000,29293,29325.2,29288.1,29299.3,19.06916812
1653130800000,29299.3,29304,29239,29264.7,16.25707218
1653131700000,29264.8,29277.1,29229.9,29245.9,14.54829497
1653132600000,29245.8,29262.1,29163.7,29255.5,46.39012848
1653133500000,29255.6,29319.6,29252.1,29289.3,21.91422711
1653134400000,29289.3,29342.8,29279.5,29317.2,16.91128515
1653135300000,29317.3,29340.4,29228.6,29235.9,24.74416687
1653136200000,29235.8,29301.4,29185.3,29287.8,22.95140671
1653137100000,29287.7,29336.6,29238,29291.3,25.18221409
1653138000000,29291.4,29300.8,29240,29272.2,28.29505582
1653138900000,29272.2,29319,29248.2,29314.5,9.87946836
1653139800000,29316.2,29370.9,29316.2,29350,22.80738297
1653140700000,29350,29373.6,29304.7,29308.1,18.02966546
1653141600000,29308.1,29367.1,29303.5,29321,15.0320949
1653142500000,29320.9,29333.2,29263.4,29281.8,49.76986757
1653143400000,29281.7,29444,29257.7,29421.3,52.94820717
1653144300000,29421.3,29485,29365,29403,76.28064588
1653145200000,29403,29476.9,29277.8,29299.4,82.32607708
1653146100000,29299.4,29360,29291.6,29323,18.41987605
1653147000000,29322.9,29399.5,29301.7,29389,15.25540341
1653147900000,29392.1,29650,29377.5,29550.7,194.63662123
1653148800000,29550,29661.2,29509.5,29578.6,66.25879766
1653149700000,29578.7,29598.4,29490,29537.7,51.81588842
1653150600000,29537.6,29579.5,29511.5,29525.9,45.08088022
1653151500000,29526,29589.2,29523.7,29567.2,10.27086489
1653152400000,29567.2,29599.9,29532.6,29585,13.81125428
1653153300000,29581.9,29581.9,29440.2,29494.9,39.70928411
1653154200000,29495,29511.4,29391.1,29415.7,68.21279834
1653155100000,29415.7,29451.4,29410.3,29412.7,10.96380145
1653156000000,29412.6,29497.2,29403.1,29452.1,10.26528714
1653156900000,29451.3,29495.9,29432.8,29440.4,17.20903951
1653157800000,29440.3,29492,29440.3,29449.6,6.32112136
1653158700000,29449.5,29487.5,29424.6,29478.9,44.54412237
1653159600000,29478.9,29587.3,29475.8,29523.9,49.37006874
1653160500000,29524,29529.1,29440.1,29459.2,17.89712213
1653161400000,29459.3,29489.7,29430,29487.1,11.49819296
1653162300000,29487,29499,29433.5,29462,7.11677587
1653163200000,29462,29514,29434.1,29501.7,5.42186726
1653164100000,29501.7,29522.1,29480.2,29487,5.65595413
1653165000000,29487,29512.1,29358.7,29390.6,17.63815056
1653165900000,29383.1,29437.3,29372.7,29425.9,22.06712968
1653166800000,29425.9,29437.3,29401.4,29428.1,19.85380029
1653167700000,29428.1,29455.5,29369.4,29437.5,15.51928623
1653168600000,29437.5,29454.6,29408.1,29451.5,3.30835181
1653169500000,29451.4,29455,29340,29354.5,15.69189739
1653170400000,29354.6,29385,29311.1,29335.9,15.64856242
1653171300000,29340.1,29372.4,29324.7,29344.9,9.49073551
1653172200000,29345,29408.9,29345,29406.8,14.94987881
1653173100000,29406.9,29414.9,29369.6,29413.7,9.72019932
1653174000000,29413.7,29449.5,29405.7,29430.1,34.80396081
1653174900000,29431.8,29518.2,29415.9,29491.4,50.40911712
1653175800000,29492,29526.1,29459.2,29465,10.41089239
1653176700000,29463.9,29487.6,29435.2,29443.9,11.82045069
1653177600000,29444.8,29465.7,29400.2,29403.7,9.88397207
1653178500000,29403.7,29487.5,29395,29466.3,5.99269537
1653179400000,29466.4,29510.2,29448.8,29452.9,24.46910069
1653180300000,29452.8,29493.5,29447.3,29473.1,10.16643648
1653181200000,29473.1,29513.9,29473.1,29503.3,16.73289928
1653182100000,29503.4,29544.2,29485.4,29490.3,45.78421736
1653183000000,29490.3,29538.7,29487.7,29512.1,12.46439191
1653183900000,29512,29512.2,29487.4,29508,7.37516869
1653184800000,29505.6,29520,29480.5,29511.4,8.45962621
1653185700000,29513.5,29515.8,29412.3,29446.8,21.83866704
1653186600000,29446.8,29459.9,29370.8,29376,32.07268688
1653187500000,29376,29408.9,29373.8,29399.9,6.69660944
1653188400000,29399.4,29493.3,29345.7,29474.6,32.20276839
1653189300000,29474.6,29487.5,29410.5,29442.1,12.44049374
1653190200000,29442.1,29448.9,29401.1,29405.6,6.9845059
1653191100000,29405.6,29405.7,29336.2,29359.9,31.34002629
1653192000000,29359.9,29365.8,29299.9,29352.5,147.61339729
1653192900000,29352.5,29357.3,29255.5,29318.9,27.54674464
1653193800000,29318.9,29345.8,29289.8,29324,10.41776225
1653194700000,29324,29348.1,29277.4,29285.9,46.11548048
1653195600000,29286.6,29359.4,29286.4,29342.5,9.0283829
1653196500000,29342.4,29393.1,29320.1,29383,20.92586979
1653197400000,29383,29415.6,29380,29380.1,13.9157638
1653198300000,29380.1,29401.4,29360.1,29371.9,10.04922949
1653199200000,29371.8,29400,29362.3,29399.3,26.58244218
1653200100000,29399.4,29415.5,29386,29407.1,10.06718857
1653201000000,29407.1,29417.9,29398.2,29414.7,9.72081643
1653201900000,29414.6,29417.1,29388.1,29403.9,8.74271695
1653202800000,29403.9,29410,29365.5,29381.5,24.75364422
1653203700000,29381.5,29407.2,29369.3,29377.6,15.99748952
1653204600000,29377.6,29399.9,29353.1,29395.9,16.93285929
1653205500000,29395.9,29458.3,29395.9,29440.2,29.16185766
1653206400000,29440.1,29458.1,29423.6,29423.6,20.80382014
1653207300000,29423,29461.6,29419.1,29449.9,16.84815238
1653208200000,29449.9,29530.1,29442.5,29511.6,58.61852544
1653209100000,29506.6,29592,29503.2,29551.9,82.17347669
1653210000000,29552.2,29579.9,29530.7,29577,39.8869338
1653210900000,29577,29630.4,29544.6,29588.9,57.56265311
1653211800000,29588.9,30030,29581.5,29989.3,543.10269832
1653212700000,29989.4,30230.6,29900.1,30145,359.89820231
1653213600000,30145.1,30285,30105.8,30190,255.35094959
1653214500000,30191.3,30242.2,30130,30200,47.74380927
1653215400000,30200.1,30270,30144.9,30214.9,65.12444515
1653216300000,30213.5,30315,30175,30189.1,97.93067753
1653217200000,30189.1,30261.5,30165.1,30240.9,39.39374895
1653218100000,30240.9,30252.2,30046.6,30064.3,102.07636451
1653219000000,30064.3,30064.3,29806.9,29970.2,259.43240163
1653219900000,29970.2,29970.2,29848.1,29901.9,104.41236156
1653220800000,29901.9,29998.5,29898,29983.7,38.06553645
1653221700000,29983.6,30188.2,29975,30100,69.24854422
1653222600000,30100,30169.5,30040.1,30074.9,112.95132955
1653223500000,30074.8,30233.2,30048.7,30167,82.16478348
1653224400000,30167.1,30173.2,30126.2,30139.1,27.24568153
1653225300000,30137,30149.1,30070,30093.9,30.21200942
1653226200000,30092.6,30105.5,30024.5,30065.6,42.02700429
1653227100000,30065.7,30080,29975,30079.5,63.48187242
1653228000000,30080,30150,29941,30013.9,143.05251271
1653228900000,30015.3,30053.2,29976.3,30011.7,47.82178068
1653229800000,30014,30033.4,29930.1,29979.5,92.84920441
1653230700000,29979.5,30007.9,29935,29966.2,13.70392509
1653231600000,29969.5,29986.4,29900.8,29909.1,50.7984425
1653232500000,29909,29928.5,29682.4,29723.8,244.11210687
1653233400000,29730.6,29818,29705.1,29797.9,33.09131652
1653234300000,29797.8,29935.1,29792.2,29846.6,82.26542706
1653235200000,29846.5,29905,29742.5,29761.2,63.27534771
1653236100000,29761.2,29892.4,29761.2,29868.1,51.66650258
1653237000000,29868.2,29945,29865,29913.8,45.66517407
1653237900000,29912,29974.8,29893.4,29932.3,12.30681732
1653238800000,29929.9,30088.5,29900,29999.4,69.91706039
1653239700000,29999.4,30180,29965,30110.7,90.8449673
1653240600000,30110.7,30111.7,29977.6,30007.1,16.66146529
1653241500000,30007.2,30013.9,29888.1,29927.7,136.34933794
1653242400000,29927.6,29959,29871.6,29920.4,26.02900615
1653243300000,29920.4,29974.9,29847.3,29958,43.01629655
1653244200000,29957.9,30025.5,29936.6,30001.7,36.15503697
1653245100000,30001.7,30058.7,29980,30037.2,29.32756844
1653246000000,30038,30087,29998.3,30013,13.86867119
1653246900000,30009.6,30032.6,29950,29973.7,12.16680366
1653247800000,29972.5,30016.1,29954.5,30013.1,38.5714732
1653248700000,30013.1,30028.9,29905.1,29936.4,39.69301255
1653249600000,29936.5,29975.9,29910.3,29964.6,19.81679183
1653250500000,29970.3,30062.5,29970.3,30055.5,24.27739216
1653251400000,30055.5,30100,30011.6,30025.6,81.48649972
1653252300000,30025.6,30030.1,29930.2,29939,40.01057144
1653253200000,29939.1,29968.8,29906.9,29966.2,35.76016691
1653254100000,29967.3,30040,29951.7,29999.2,21.18910604
1653255000000,29999.2,30078,29966.6,30075,20.98487846
1653255900000,30075.1,30075.1,30007.5,30015.3,21.58398258
1653256800000,30015.3,30230.7,30015.3,30199.9,127.24286974
1653257700000,30199.9,30490,30136.1,30270,351.70008966
1653258600000,30270.1,30369.5,30270.1,30304.1,68.59507395
1653259500000,30304,30352.8,30250.4,30275.8,39.57388793
1653260400000,30276.3,30440,30276.3,30402.1,56.35007184
1653261300000,30402.1,30488.3,30360,30403,51.46161599
1653262200000,30401.3,30422,30343.6,30359.3,35.67879087
1653263100000,30360.1,30385.3,30280.5,30295.6,27.83560857
1653264000000,30295.6,30414.8,30196.6,30379,160.50348741
1653264900000,30379.1,30459.4,30210,30223.4,54.41155796
1653265800000,30228.1,30300,30211,30277.8,14.15760371
1653266700000,30277.9,30329,30248.7,30280,37.21239993
1653267600000,30280,30280,30194.6,30231.2,47.24715067
1653268500000,30231.2,30245.3,30189.4,30234.8,37.04525114
1653269400000,30234.8,30257.9,30172.5,30199.9,12.49101771
1653270300000,30199.9,30236.3,30186.5,30222.1,11.83967732
1653271200000,30222,30222,30090.4,30101,43.18999206
1653272100000,30100.9,30145,30080.1,30100.1,16.92770734
1653273000000,30100.2,30122.5,30053,30107.4,68.83047109
1653273900000,30107.4,30146.6,30100.2,30128.6,50.50773321
1653274800000,30128.7,30204,30128.7,30182.7,30.88512705
1653275700000,30182.7,30192.4,30105.2,30118.1,10.43951224
1653276600000,30118.1,30153.9,30101.3,30147.2,15.73573494
1653277500000,30147.3,30184.7,30126.5,30173.7,10.11824189
1653278400000,30173.6,30238.1,30155.5,30202.3,56.18354207
1653279300000,30200.5,30239.9,30198.4,30213.6,17.20766884
1653280200000,30213.7,30239.9,30159,30179.3,9.55240386
1653281100000,30179.2,30180.2,30120.8,30130.3,22.67064196
1653282000000,30130.3,30172.9,30111.2,30165.1,24.08923346
1653282900000,30167.3,30208,30151.2,30192.3,17.59753296
1653283800000,30189.1,30207.9,30150.9,30197.6,20.92629961
1653284700000,30194.5,30328.7,30194.5,30301.5,65.44354587
1653285600000,30301.4,30398.9,30284.3,30385,70.74638415
1653286500000,30385,30497.7,30366,30400.1,107.25165138
1653287400000,30400.1,30655,30381.1,30570.8,238.81608486
1653288300000,30570.7,30571.1,30474,30487.9,82.14280813
1653289200000,30486.9,30514.2,30420,30500.5,44.88845654
1653290100000,30496.2,30671.3,30485.8,30606,185.46669896
1653291000000,30606.2,30655,30500.5,30514,38.09206239
1653291900000,30513.9,30516.5,30455.9,30457.3,29.85365389
1653292800000,30457.3,30518.3,30424.5,30439.8,43.61222168
1653293700000,30437,30443,30361,30417.6,132.28424432
1653294600000,30417.5,30432.1,30303.8,30327.7,142.70913961
1653295500000,30323.5,30372.5,30286.6,30346.2,31.70211818
1653296400000,30346.3,30367.5,30304.7,30350.3,22.51275799
1653297300000,30350.3,30368.8,30303.1,30368.8,17.83835443
1653298200000,30369,30472,30369,30399.1,36.69421803
1653299100000,30398.9,30518.3,30375.3,30443.9,53.80755474
1653300000000,30443.9,30550,30427.9,30533.7,69.19495735
1653300900000,30533.8,30533.8,30430.9,30473.4,24.53138615
1653301800000,30473.5,30497.6,30420.1,30474,31.39087033
1653302700000,30474.1,30513.4,30411.5,30483.3,29.83005979
1653303600000,30483.4,30613.3,30465.2,30584.4,91.04994276
1653304500000,30584.5,30593.5,30500,30534.1,37.98228099
1653305400000,30534,30556.9,30385.1,30463.2,43.42226922
1653306300000,30463.1,30463.2,30330.9,30393.9,56.42680367
1653307200000,30395.8,30520,30355,30518,32.13322869
1653308100000,30518.1,30627.9,30447.4,30475.7,39.57991468
1653309000000,30475.8,30499.9,30375.6,30422.7,68.79848783
1653309900000,30421.9,30474.9,30353,30387.4,33.27170098
1653310800000,30386.7,30470,30287.7,30454.7,71.03647785
1653311700000,30454.8,30515.3,30386.9,30398.7,100.9324245
1653312600000,30398.7,30560,30159,30408.7,263.15651575
1653313500000,30407.8,30547.7,30325.9,30325.9,232.14625919
1653314400000,30325.1,30329.1,29963.9,30128.3,245.60877903
1653315300000,30128.4,30271.4,30103,30222.2,181.0153587
1653316200000,30223.8,30310.4,30177.2,30277,78.70216492
1653317100000,30277,30344.9,30195,30257.2,64.41888762
1653318000000,30257.2,30466.4,30234.3,30465.5,90.04514116
1653318900000,30465.6,30470.7,30383.1,30430.3,35.32206601
1653319800000,30432,30479.9,30394.1,30414.2,53.32694273
1653320700000,30414.3,30452.3,30324.5,30374.8,27.14372706
1653321600000,30374.8,30494.2,30354.2,30440.4,64.70528008
1653322500000,30440.4,30529.4,30413.8,30430.6,39.15359475
1653323400000,30430.6,30455,30352.7,30404.6,36.26916143
1653324300000,30409,30412.2,30104.6,30255,154.64557349
1653325200000,30255,30260.5,30040.1,30143.2,165.27022107
1653326100000,30143.1,30143.1,30064.8,30126.5,32.20910233
1653327000000,30126.4,30185.6,30068.8,30120.3,23.2228194
1653327900000,30120.3,30179.4,30064.8,30100.8,21.56587708
1653328800000,30100.8,30163.9,30040.1,30125.3,29.76361581
1653329700000,30125.4,30126.4,30051.1,30084.6,25.78224141
1653330600000,30084.6,30146.6,30056.9,30146.6,58.16775454
1653331500000,30150.7,30161.2,29813.4,29873.3,158.69105925
1653332400000,29877.3,29884.8,29588,29621.3,238.19419298
1653333300000,29621.4,29624.5,29150,29233.9,813.49046205
1653334200000,29233.9,29385,29177,29236.4,169.59764666
1653335100000,29238,29307.4,29080,29094.5,115.13858105
1653336000000,29092,29289.9,29031.2,29158.9,101.35927297
1653336900000,29158.9,29318.4,29150,29238.8,95.57762945
1653337800000,29238.8,29393.8,29224.5,29352.2,38.24388151
1653338700000,29352.2,29462.7,29280,29345.2,119.1162431
1653339600000,29345.2,29401.2,29290.1,29354.3,49.11942938
1653340500000,29356.4,29428.5,29354,29422.4,15.63378583
1653341400000,29422.4,29485.7,29381.7,29436,63.47631321
1653342300000,29438.9,29458.8,29321.7,29347.4,40.66380233
1653343200000,29347.4,29347.4,29144.5,29265,133.47888297
1653344100000,29265,29310.3,29079.5,29115.2,133.44830937
1653345000000,29115.3,29200,29032.4,29148.3,82.36279016
1653345900000,29148.3,29237.4,29126.2,29213.7,32.25346648
1653346800000,29209.4,29209.4,29051.7,29059,65.50045139
1653347700000,29058.9,29131.3,28868.6,29091,279.81541371
1653348600000,29092.8,29178.2,29082.5,29152.3,59.57473264
1653349500000,29150,29190.9,29095,29113.3,45.03010227
1653350400000,29113.4,29238.7,29060.1,29213.4,58.26237962
1653351300000,29219.6,29258.4,29188.4,29229.7,20.65936281
1653352200000,29229.7,29255.3,29186.2,29192,26.74287565
1653353100000,29191.9,29225.1,29139,29150,16.53411775
1653354000000,29150,29208.9,29130.9,29179.7,36.85066322
1653354900000,29179.7,29188.1,29100.7,29147.8,20.59424426
1653355800000,29147.9,29189.9,29118.9,29152.6,21.04924532
1653356700000,29152.6,29242,29152.5,29229.4,26.95247117
1653357600000,29229.4,29257.5,29204.5,29219,9.07448926
1653358500000,29219.1,29310,29190,29222.5,29.86744463
1653359400000,29222.6,29267.9,29210.1,29250.5,20.39589954
1653360300000,29250.4,29297.1,29231.8,29268.1,16.28997247
1653361200000,29267.9,29306.6,29240,29297,13.0175281
1653362100000,29299.7,29320,29240.1,29246.5,10.57805584
1653363000000,29246.4,29300,29238.7,29300,13.18609484
1653363900000,29300,29325,29284,29300.4,18.42184631
1653364800000,29300.5,29313.5,29252,29289.6,29.75081331
1653365700000,29289.6,29391.7,29286.1,29349,71.5043135
1653366600000,29349,29429.1,29330.1,29394.6,28.13291905
1653367500000,29394.6,29437.2,29335.8,29353.9,80.83866857
1653368400000,29356.4,29398.1,29310.1,29366.6,49.73325424
1653369300000,29364.5,29417.8,29359.2,29396.4,14.88305945
1653370200000,29396.5,29426,29346.6,29354,51.29130242
1653371100000,29354.1,29366,29331.9,29346.5,12.61024872
1653372000000,29349.9,29400,29346.7,29367.6,31.90992643
1653372900000,29367.6,29396.1,29361.1,29377.1,21.95363855
1653373800000,29377,29377,29268.5,29275.1,125.2104105
1653374700000,29275.1,29339.8,29240.8,29334.9,47.68118687
1653375600000,29334.9,29420,29300,29406.2,44.27461484
1653376500000,29406.3,29430,29375.5,29395.9,32.63079111
1653377400000,29396,29415,29346.7,29367.3,27.81948706
1653378300000,29367.3,29416,29355.4,29404.4,29.13452629
1653379200000,29404.4,29404.4,29354.8,29397.8,24.59535172
1653380100000,29397.7,29397.7,29335.3,29354,16.19554647
1653381000000,29354,29355.3,29262.2,29271.8,27.44754036
1653381900000,29271.7,29290.4,29153.1,29162.6,52.94786476
1653382800000,29161,29299.7,29121.9,29272.4,78.51503395
1653383700000,29276.5,29357.7,29250.5,29275.2,33.22673391
1653384600000,29275.2,29302.3,29250,29270.3,34.01853187
1653385500000,29270.4,29337.7,29208.4,29337.7,33.54507342
1653386400000,29338.3,29343.3,29287.1,29289.3,39.40043453
1653387300000,29289.8,29354.9,29273.7,29320.3,25.82017071
1653388200000,29320.2,29350,29264.5,29332.6,35.9287198
1653389100000,29333.2,29369.9,29300,29341.6,25.62639965
1653390000000,29348.7,29389.9,29336,29381.2,19.29479806
1653390900000,29381.3,29430.3,29292.5,29292.5,49.78228197
1653391800000,29292.5,29335.3,29280.3,29291.5,15.55260217
1653392700000,29287.9,29308.9,29242.9,29296,74.54718381
1653393600000,29296,29340,29240,29245,25.50856715
1653394500000,29245,29263.1,29134.6,29193.9,117.32892371
1653395400000,29196,29275.6,29180,29256.1,18.32971972
1653396300000,29254.8,29290.5,29243,29253.5,18.54948905
1653397200000,29253.5,29283.4,29220.1,29282,40.13533819
1653398100000,29282.1,29316.6,29205.5,29205.6,25.53606148
1653399000000,29205.6,29324.8,29172,29223.8,100.11624174
1653399900000,29219.5,29287.9,28907.5,28958.6,224.09967572
1653400800000,28959.7,29021.6,28666.6,28771.8,359.77101131
1653401700000,28775.3,28940,28741.1,28925.9,119.84721843
1653402600000,28925.8,29124.4,28880,28980.2,199.08577158
1653403500000,28981.2,29065.4,28888,29062.7,52.93937287
1653404400000,29065.2,29108.5,29022.1,29027.2,51.88550531
1653405300000,29025.1,29133,28981.8,29110.6,54.11468445
1653406200000,29110.6,29276.5,29045.9,29259.8,69.17372512
1653407100000,29266.5,29656.3,29259.8,29389.1,640.49150869
1653408000000,29389,29536.2,29371.7,29519.9,91.61243693
1653408900000,29523,29593.1,29325,29356.6,71.96471946
1653409800000,29356.6,29399.6,29273.6,29317.1,50.978831
1653410700000,29315.9,29370.9,29243,29325,58.72927132
1653411600000,29328.5,29328.5,29230.7,29265.8,27.94411909
1653412500000,29265.8,29298.6,29153.6,29224.9,52.34137017
1653413400000,29224.8,29340,29191.9,29312.6,35.71347244
1653414300000,29312.6,29402.2,29291.8,29344,55.27512442
1653415200000,29344,29483.3,29310,29405.6,39.3186964
1653416100000,29411.6,29445,29333.4,29396.2,41.33959583
1653417000000,29397.8,29449.4,29276.3,29279.9,68.67909395
1653417900000,29275.8,29306,29108.6,29176.6,126.95810618
1653418800000,29173.9,29291.5,29161.4,29250.7,48.71444824
1653419700000,29250.8,29407.7,29210.7,29353.9,93.69288068
1653420600000,29354,29467.9,29332.8,29390.8,63.26300342
1653421500000,29392.5,29448.1,29361.4,29392.1,55.13071065
1653422400000,29392.3,29425.1,29336.5,29380.2,15.17285791
1653423300000,29384,29396.3,29241.6,29357.5,51.19985216
1653424200000,29351.2,29385,29320.1,29385,7.73974795
1653425100000,29383.1,29490.1,29383.1,29459.7,65.45362263
1653426000000,29459.7,29637,29431.7,29547.2,112.2681721
1653426900000,29547.2,29574.9,29494.3,29557.9,22.2396915
1653427800000,29557.9,29594.9,29500,29564.8,10.4298223
1653428700000,29564.8,29649.4,29527.6,29590,46.3845609
1653429600000,29589.9,29635.6,29535.8,29612,35.99693067
1653430500000,29614.2,29632.9,29567.5,29580.2,327.87839021
1653431400000,29580.1,29588.3,29529.9,29570.4,21.16272445
1653432300000,29574.9,29622,29574.3,29607.9,19.97381876
1653433200000,29608,29882.7,29579.4,29767.5,185.39324645
1653434100000,29774.2,29823,29680,29699.7,100.44965417
1653435000000,29698.6,29747.4,29636.1,29640.9,120.84342998
1653435900000,29640.9,29689,29640.1,29655.8,23.25257028
1653436800000,29655.8,29694,29564.1,29572.5,41.36412781
1653437700000,29572.4,29616.6,29557.3,29597.5,24.84161543
1653438600000,29597.4,29642.8,29562.9,29638.9,21.21177145
1653439500000,29638.9,29648,29602.7,29624.7,10.79893789
1653440400000,29624.5,29675.5,29570.1,29675.5,21.89542018
1653441300000,29676.4,29704.3,29590,29599.9,26.32878704
1653442200000,29599.9,29669.6,29599.9,29654.4,22.29776271
1653443100000,29651.2,29799,29642.3,29794,79.63536964
1653444000000,29793.9,29899,29741.1,29795.5,52.3196431
1653444900000,29795.5,30119.9,29778.4,30010,290.38034537
1653445800000,30010,30084,29985,30060,128.19765449
1653446700000,30060,30190.7,30022.6,30114.2,247.43865927
1653447600000,30114.2,30173.7,30105.1,30152,17.31147871
1653448500000,30150.9,30225,30102.1,30140.7,111.20021636
1653449400000,30140.8,30210.8,30072.2,30185,95.75324
1653450300000,30185,30198.3,30130,30196.9,19.49036831
1653451200000,30197,30213.6,30094.5,30140.3,103.69513811
1653452100000,30140.4,30165.3,30093.2,30117.2,36.03003198
1653453000000,30117.2,30127.3,30068,30124.1,168.96511282
1653453900000,30124,30124.1,30069.8,30099.8,43.53085546
1653454800000,30099.9,30120,30069.9,30113.3,24.35574083
1653455700000,30112.5,30139.9,30070,30081.8,25.68459266
1653456600000,30081.4,30081.4,29921.5,29955.9,100.58181281
1653457500000,29958.3,29994.8,29850,29870.6,78.1209811
1653458400000,29870.6,29914.2,29747,29795.2,215.47602175
1653459300000,29795.2,29809.5,29671.5,29701.1,97.09052858
1653460200000,29701,29813.2,29670,29782.6,49.15091838
1653461100000,29784.8,29835,29757.7,29806,33.96635951
1653462000000,29810.5,29842.6,29740,29841.2,23.26739532
1653462900000,29841.3,29857.3,29774,29780.4,16.54324689
1653463800000,29780.3,29780.3,29717.3,29744.5,36.63699123
1653464700000,29744.4,29782.5,29691.8,29703,27.46499628
1653465600000,29703,29800.8,29565.3,29800.5,121.31148532
1653466500000,29800.2,29820,29755.4,29795.8,27.44394325
1653467400000,29795.9,29813.4,29721.6,29800.4,42.3839475
1653468300000,29800.5,29940,29785.3,29826.2,86.86111054
1653469200000,29823.4,29889.8,29739.6,29739.6,37.99626695
1653470100000,29739.6,29790.3,29691.1,29729.6,65.22265536
1653471000000,29729.7,29785.7,29698.2,29754.8,31.17834077
1653471900000,29752,29844.9,29751.9,29813.9,19.20832039
1653472800000,29817.1,29857.7,29759.2,29770.1,24.8919691
1653473700000,29770.2,29802.8,29713,29796,15.60031129
1653474600000,29795.9,29795.9,29722.1,29767.8,11.9867018
1653475500000,29767.8,29771.4,29686.4,29725.8,15.49169821
1653476400000,29725.8,29765.7,29604,29604.1,37.30127925
1653477300000,29604,29683.8,29523,29540.2,58.00406151
1653478200000,29540.1,29546.9,29355.1,29450.4,247.64987122
1653479100000,29450.4,29468.7,29355.1,29412.4,163.58030092
1653480000000,29412.4,29498.2,29371.3,29491.7,67.56365095
1653480900000,29489,29520,29380.1,29380.1,36.85704576
1653481800000,29380,29539.9,29344,29506.2,53.37853516
1653482700000,29506.2,29627.9,29485.7,29568.6,55.28872273
1653483600000,29568.8,29608.1,29535.1,29548.1,50.57382246
1653484500000,29548.1,29596.9,29491,29504.5,19.67749053
1653485400000,29509.1,29859.8,29485,29744.9,319.02012117
1653486300000,29747.3,29817.3,29569.3,29709.2,134.92133617
1653487200000,29709.1,29875.2,29660.6,29859.7,96.50582406
1653488100000,29855.9,29907.1,29799,29857.9,209.90975458
1653489000000,29857.9,29890.4,29741.5,29777.3,86.66520965
1653489900000,29776,29793.8,29685,29778.2,59.55859848
1653490800000,29778.2,29827.2,29691.3,29800.1,53.6020213
1653491700000,29800.2,29820.7,29707.6,29718.5,51.64608847
1653492600000,29718.5,29734.9,29590,29644.3,79.76976836
1653493500000,29644.2,29660.4,29591.3,29623.3,29.79942075
1653494400000,29623.2,29677.2,29507.3,29669.7,69.5498073
1653495300000,29669.8,29700,29475.5,29524.2,47.91871447
1653496200000,29531.5,29537.8,29429.2,29518.2,27.82045865
1653497100000,29518.2,29576.4,29502.7,29558.1,14.78846583
1653498000000,29558,29600.8,29533.2,29572.9,36.11067293
1653498900000,29572.8,29650.1,29563.5,29646.3,22.13217648
1653499800000,29644.8,29755.4,29627.4,29745,28.27216296
1653500700000,29745,29784.2,29690.1,29712.3,24.72512472
1653501600000,29712.4,29992,29535,29839.7,284.27146996
1653502500000,29839.7,29942.8,29786,29926.1,122.46722761
1653503400000,29935.4,30045,29789.2,29790.1,263.39053174
1653504300000,29793,29925,29768.4,29884.6,35.54528548
1653505200000,29884.6,29977,29855.7,29861.3,65.71697703
1653506100000,29861.3,29865.8,29700,29703.8,51.51505953
1653507000000,29703.8,29755.9,29686.7,29738.5,17.77138059
1653507900000,29738.4,29755.9,29566.6,29594.5,74.45206337
1653508800000,29594.4,29642.8,29557.8,29632.6,35.11054224
1653509700000,29632.4,29683.7,29592.3,29628.3,50.67961843
1653510600000,29628.2,29736.8,29618.3,29709.8,16.71174782
1653511500000,29709.7,29808,29704.8,29790.5,45.67024111
1653512400000,29790.4,29813.3,29736.4,29758.9,38.64005999
1653513300000,29758.8,29843.7,29747.3,29842.8,13.10459236
1653514200000,29839.1,29839.1,29768.2,29792.3,13.3337169
1653515100000,29792.3,29841.3,29772.8,29828,12.58374176
1653516000000,29828,29878.6,29786.9,29806.2,28.38550802
1653516900000,29806.2,29834.4,29760.1,29785.3,10.90845567
1653517800000,29785.3,29844.9,29765.4,29810.5,7.63232991
1653518700000,29805.5,29805.5,29750,29786,13.01360011
1653519600000,29786,29786.4,29699.1,29737.1,25.01075334
1653520500000,29737.2,29758,29650.1,29722.5,40.13155075
1653521400000,29722.4,29722.5,29572.9,29572.9,64.80377157
1653522300000,29572.9,29605.9,29540.1,29542.1,34.95371948
1653523200000,29542.1,29711.7,29500,29687.9,74.40180353
1653524100000,29687.9,29817.2,29660.1,29813.6,95.93566446
1653525000000,29814.3,29874.4,29788.7,29814,53.77801238
1653525900000,29814.6,29838.8,29755.1,29783.7,16.60174727
1653526800000,29784.3,29808.7,29740,29748,9.61904468
1653527700000,29748.1,29821.9,29726.9,29792.9,55.33825461
1653528600000,29792.9,29809.1,29680,29708.9,38.06624363
1653529500000,29708.8,29708.8,29653.7,29675,22.11767885
1653530400000,29673.3,29754.6,29673.3,29711,19.61894504
1653531300000,29711,29760,29702.7,29736.6,17.75082929
1653532200000,29736.6,29813.2,29728.6,29774.8,19.4388947
1653533100000,29774.9,29888,29773.2,29811.2,99.31421786
1653534000000,29811.2,29819.8,29705.2,29709.8,37.92632459
1653534900000,29709.8,29755.4,29675.6,29746.2,40.93646429
1653535800000,29746.3,29858.2,29728.7,29829.2,62.28485734
1653536700000,29829.3,29853.3,29790.8,29836,54.17050327
1653537600000,29835.9,29875,29816.8,29860.2,31.50227388
1653538500000,29860.1,29867,29794,29818.6,21.21522043
1653539400000,29818.5,29842,29785.3,29823.8,34.0546478
1653540300000,29823.8,29841.4,29750,29770.8,15.82155916
1653541200000,29770.9,29849,29755.5,29818.9,49.31570851
1653542100000,29819,29819,29693.4,29745.9,34.7721885
1653543000000,29745.9,29756.3,29666.3,29710,39.66126959
1653543900000,29711.2,29756.3,29670,29719.1,31.88018446
1653544800000,29719.1,29747.4,29571.8,29598.4,124.94755566
1653545700000,29595.7,29664.3,29458.9,29598.2,324.66414666
1653546600000,29598.2,29660,29545.1,29632.5,44.63899737
1653547500000,29632.2,29686.7,29580.9,29678.8,38.56038352
1653548400000,29678.8,29686.7,29618,29618.1,22.55615503
1653549300000,29618,29672.5,29571.3,29670.6,33.98265171
1653550200000,29670.6,29737.6,29651.3,29694.3,57.29166158
1653551100000,29694.4,29743.6,29681.9,29731.2,17.05938462
1653552000000,29731.2,29740.9,29612.8,29612.8,52.86917122
1653552900000,29615.9,29627.5,29187.1,29191.8,442.96099392
1653553800000,29191.7,29238.6,29106.2,29153.2,315.17744495
1653554700000,29157.4,29157.4,28885.1,29010.8,375.42456539
1653555600000,29010.8,29010.8,28880,29009.6,137.12843288
1653556500000,29009.6,29009.6,29009.6,29009.6,0
1653557400000,29003.8,29250,29003.8,29237.1,117.59425202
1653558300000,29237.2,29257.5,29120.9,29190.1,89.80028905
1653559200000,29190.1,29249.8,29162.4,29233,47.77344409
1653560100000,29233,29238.1,29169.8,29201,50.43128792
1653561000000,29201.1,29255.2,29150.1,29155.3,40.42681674
1653561900000,29155.4,29215,29121,29147.9,28.22301823
1653562800000,29148,29186.5,28907.2,29112.7,161.94617159
1653563700000,29112.7,29150.3,28936.4,29146.2,160.59596899
1653564600000,29146.3,29154.4,29020.1,29075,83.78761993
1653565500000,29075.1,29117,28968.1,29004.4,147.04583406
1653566400000,29004.3,29142.6,28930.8,29133.9,110.67792278
1653567300000,29133.8,29133.8,28990,28996.8,80.06761232
1653568200000,28996.8,29011.9,28790.7,28896.8,234.32274656
1653569100000,28900.6,28996.6,28839,28950.3,100.38985464
1653570000000,28950.3,28980,28700.1,28815.1,493.24193585
1653570900000,28815,28823.2,28006,28246.5,1881.85466078
1653571800000,28246.5,28493.9,28225.1,28493.7,372.65856815
1653572700000,28493.7,28956.4,28436.8,28813.1,607.11383795
1653573600000,28813.2,29310,28797,29200,667.47729898
1653574500000,29200,29276.5,29056.1,29094.9,402.31618457
1653575400000,29095,29364.5,29075.1,29248.3,170.90512681
1653576300000,29246.9,29332.5,29187.6,29252.8,81.48244077
1653577200000,29252.9,29505,29229.8,29417.7,237.36929259
1653578100000,29420.2,29494.2,29325,29325.1,157.22538938
1653579000000,29335.4,29428.5,29262.2,29403.4,107.04384605
1653579900000,29400.2,29450,29359.6,29397,31.88675982
1653580800000,29390.8,29588.7,29370.6,29544.7,129.17935322
1653581700000,29545.5,29800,29512,29707.4,299.61860608
1653582600000,29708.6,29754.9,29528,29556.5,145.12007611
1653583500000,29556.5,29606.9,29505.1,29585.7,33.93142519
1653584400000,29585.8,29654.7,29475.3,29512.6,46.1168682
1653585300000,29512.8,29558.3,29468,29532.4,33.35129212
1653586200000,29537.6,29649.3,29505,29632,40.07492213
1653587100000,29631.9,29673.7,29561.1,29641.4,46.16343158
1653588000000,29641.3,29641.4,29523.1,29573.4,34.42393006
1653588900000,29573.5,29630,29526.3,29530.7,28.21278569
1653589800000,29530.7,29605.3,29481.8,29596.4,42.08114005
1653590700000,29596.3,29639.9,29579,29601.9,29.05993436
1653591600000,29601.9,29620,29434.3,29471.3,50.99828338
1653592500000,29471.4,29500,29375.6,29475,204.69324723
1653593400000,29472.4,29498.2,29402.1,29485,31.37190759
1653594300000,29485.1,29545,29376.2,29378,53.46646171
1653595200000,29381.5,29398.8,29285.7,29312.9,53.61318064
1653596100000,29312.9,29538.1,29306.6,29538.1,229.01838841
1653597000000,29536.2,29586.6,29455,29500,71.78893478
1653597900000,29500,29522.2,29428.7,29455.9,33.35435763
1653598800000,29456,29691.6,29456,29603.5,219.67269446
1653599700000,29603.5,29624.2,29543.9,29550,28.26453542
1653600600000,29550,29612,29535.7,29535.7,34.48467546
1653601500000,29535.1,29583.1,29514.2,29575.6,18.79998861
1653602400000,29575.7,29660,29518.7,29660,38.36749508
1653603300000,29660,29666.6,29583.3,29588.6,24.75225671
1653604200000,29588.7,29614.6,29505,29534.3,31.24706512
1653605100000,29535.7,29559.2,29478.4,29506.9,18.30325236
1653606000000,29506.9,29555,29370,29405.4,113.82611827
1653606900000,29405.4,29468.8,29354.3,29386.4,40.13688498
1653607800000,29386.4,29460,29374.8,29435.4,33.58692552
1653608700000,29432.6,29435.4,29170,29199.5,369.25022789
1653609600000,29199.4,29319.9,29146.1,29254.2,82.66275826
1653610500000,29255.5,29385,29227.2,29351.4,37.73566926
1653611400000,29354.6,29386.2,29123.6,29129.5,56.3007103
1653612300000,29129.6,29182.8,29043.4,29080.8,156.88939075
1653613200000,29080.9,29132.7,28916,28960.5,165.35441513
1653614100000,28960.5,29055.7,28907.7,28930.4,82.2419142
1653615000000,28930.2,29108.5,28922,29052.3,93.43612452
1653615900000,29052.3,29103.4,28882.8,28960.1,109.17960587
1653616800000,28960,28960.3,28838.2,28863.8,125.83822965
1653617700000,28863.8,29096,28840.1,29046.8,84.67735843
1653618600000,29044.4,29059.9,28945.5,28999.3,54.63995183
1653619500000,28999.2,29010.8,28876.4,28987.2,40.45196132
1653620400000,28987.2,29065.4,28970.2,29028.8,63.59773827
1653621300000,29028.8,29098.5,29005,29080,51.57602267
1653622200000,29080,29166.8,29022.3,29035.8,50.6604396
1653623100000,29035.7,29078.7,29020.1,29025,29.27693575
1653624000000,29025.1,29056.2,28951.4,29041.6,78.75450465
1653624900000,29041.7,29112.5,28999.9,28999.9,32.86579279
1653625800000,29000,29019.8,28876.5,28912.4,124.23521397
1653626700000,28912.5,28979.6,28885.2,28926.1,179.90198816
1653627600000,28926,29049.6,28885.7,29020.4,80.31729683
1653628500000,29020.4,29044,28952,29004.6,44.56588943
1653629400000,29006.5,29016.2,28640,28761.7,486.53475868
1653630300000,28761.7,28860,28717.4,28799.3,210.45861682
1653631200000,28799.4,28875.6,28630.4,28768.7,243.85117434
1653632100000,28768.7,28799.9,28636.6,28711.2,275.05816247
1653633000000,28717.4,28917.6,28675,28865.5,172.2090598
1653633900000,28865.5,29046.9,28858.6,28977.9,100.31785065
1653634800000,28977.8,29026.4,28900.7,28939.7,137.32418734
1653635700000,28937.2,29212,28901.2,29164.7,383.85584587
1653636600000,29165.4,29175.1,29055.1,29088.6,273.83342054
1653637500000,29088.6,29088.6,28969.7,28997.3,190.83738915
1653638400000,28993.8,29141.4,28784,29098.1,204.98228559
1653639300000,29098,29141.8,29003.7,29035.1,152.89403497
1653640200000,29035.1,29097.3,28987.2,29062.5,114.14862966
1653641100000,29062.4,29086.7,28920.3,28943.8,95.79240639
1653642000000,28943.8,28962.6,28875.9,28929.9,45.516596
1653642900000,28924.8,29043,28903.1,29010.6,47.23105691
1653643800000,29010.6,29082.2,28982,29017,38.90746331
1653644700000,29012.4,29076.7,28972.1,29029.5,34.28308143
1653645600000,29029.5,29047.2,28948.7,28995,51.5630448
1653646500000,29001.6,29040,28923.3,28946.6,59.84125129
1653647400000,28946.7,28947.6,28853.3,28881.5,51.2467584
1653648300000,28881.5,28904.9,28784.1,28835.2,67.39199833
1653649200000,28835.2,28965.4,28805.3,28965.4,94.00552972
1653650100000,28965.3,29030.1,28884.9,29030.1,84.26224873
1653651000000,29030.6,29050,28966.7,28979.4,65.89113694
1653651900000,28979.4,28996.7,28885.8,28907.5,34.09321498
1653652800000,28907.4,28933.3,28861.2,28907.1,25.98260537
1653653700000,28909.9,29039.7,28871.3,28999.1,75.04376619
1653654600000,29003.6,29288,28960,29246.3,232.30410115
1653655500000,29246.4,29320,29185,29256,166.95693475
1653656400000,29255.9,29269.4,29189.9,29247.3,44.78975426
1653657300000,29247.3,29283.4,29131.8,29155.1,81.33593889
1653658200000,29155.1,29294,29128,29176.8,160.72738576
1653659100000,29176.8,29370,29158.1,29319.7,120.40661495
1653660000000,29319.7,29339.5,29205.8,29208.1,81.54412503
1653660900000,29208,29253,29140.9,29174.2,92.42219082
1653661800000,29174.1,29179.3,28926.2,28926.4,118.33354692
1653662700000,28927.3,28968.9,28740.8,28786,259.23783261
1653663600000,28788.8,28837.4,28650,28729.7,187.25412692
1653664500000,28729.6,28960.9,28717,28813.7,118.94348151
1653665400000,28813.7,28923.9,28809.6,28883.2,108.55222948
1653666300000,28883.2,28935,28804.7,28850.6,62.4265165
1653667200000,28850.5,28939.7,28746.2,28878.1,121.1757803
1653668100000,28878.1,28878.1,28713.3,28719.9,75.09401786
1653669000000,28720,28799.9,28687.6,28780.4,61.38516821
1653669900000,28780.5,28836.5,28655,28735.1,69.1228957
1653670800000,28735,28861.6,28693,28788.6,34.24566093
1653671700000,28788.6,28798.3,28373.4,28566.9,700.2610206
1653672600000,28568.7,28616.2,28375,28425.9,198.13917156
1653673500000,28427.9,28499.4,28335.8,28388.7,147.33742657
1653674400000,28388.6,28497.6,28310,28389.7,131.7232184
1653675300000,28389.8,28436.4,28290,28315.6,129.50890723
1653676200000,28315.6,28445,28290,28317.6,92.08177812
1653677100000,28317.5,28477.6,28292.9,28461.1,76.48159792
1653678000000,28468,28534.4,28416.7,28452.7,39.96925103
1653678900000,28457.5,28529,28417.1,28509.8,16.13094691
1653679800000,28506.3,28591.4,28500.6,28591.4,50.02076127
1653680700000,28591.3,29051.3,28528.5,28881.6,440.99937804
1653681600000,28888.1,29018.7,28747.1,28856.4,201.19244043
1653682500000,28860,28952,28848.6,28924,26.32479798
1653683400000,28918.6,28923.6,28829.1,28853.9,28.90315801
1653684300000,28852.9,28860.6,28752.5,28756.4,40.21755778
1653685200000,28755.6,28848.5,28755.6,28778.2,98.20026533
1653686100000,28778.3,28823.4,28756.4,28788,20.958459
1653687000000,28786.6,28817.1,28759.8,28811,13.69592382
1653687900000,28810.9,28811.6,28687.9,28712.4,29.81003439
1653688800000,28712.4,28873.3,28646.8,28859.5,49.68452526
1653689700000,28859.5,28903,28820,28894.7,20.1909802
1653690600000,28894.6,28916.8,28835.9,28863.3,25.69010297
1653691500000,28863.3,28874.6,28800.1,28821.9,22.49206238
1653692400000,28823.5,28856.1,28718.7,28741,42.23779842
1653693300000,28739.6,28754.8,28642.8,28715.5,191.61423013
1653694200000,28715.5,28752.5,28525,28604.6,122.460395
1653695100000,28603.2,28640.9,28577.5,28632.7,24.77916268
1653696000000,28631.8,28730.6,28560,28730.6,62.75372282
1653696900000,28731.7,28802.7,28678.5,28699.9,53.44230846
1653697800000,28699.8,28782.2,28697.7,28777.4,32.65322706
1653698700000,28777.4,28827.1,28744.2,28803.4,30.41276234
1653699600000,28803.4,28842.4,28746.7,28757.2,27.34125488
1653700500000,28757.1,28797.8,28550,28581.3,270.71762346
1653701400000,28581.3,28666.4,28530,28548.3,256.14058274
1653702300000,28545.9,28639.5,28540.2,28614.4,61.68404998
1653703200000,28614.5,28687.4,28599.5,28661.9,65.25149772
1653704100000,28661.9,28740,28659.1,28700.3,54.27525772
1653705000000,28700.1,28731.4,28610,28644.1,414.2262444
1653705900000,28644.1,28712,28634.3,28683.7,28.75575728
1653706800000,28683.8,28733.3,28631.4,28726.7,24.71248687
1653707700000,28721.8,28751.9,28689.9,28696.8,31.34620653
1653708600000,28696.8,28785,28695.8,28785,43.96429704
1653709500000,28785,28844.4,28785,28821.1,86.6289418
1653710400000,28821.1,28827.7,28770.1,28780.6,20.70387059
1653711300000,28780.7,28865.6,28750,28855.7,22.63828755
1653712200000,28855.8,28873.3,28805.2,28820.8,12.02962797
1653713100000,28820.7,28888,28790.1,28827.3,35.25764931
1653714000000,28827.3,28851.4,28777.1,28838.8,20.48225726
1653714900000,28838.8,28865.3,28801.8,28850.9,18.84831909
1653715800000,28850.8,28942.7,28814.6,28917,83.17084202
1653716700000,28915.6,28945.1,28859.9,28876.4,32.58215175
1653717600000,28876.4,28900,28823.2,28869.1,74.17993526
1653718500000,28869.2,28874.8,28830,28864.7,27.29561578
1653719400000,28864.7,28917.7,28846.7,28889.5,35.17211523
1653720300000,28888.9,28901.5,28854.9,28865.4,22.41815861
1653721200000,28865.4,28887.1,28839,28854.4,69.95573002
1653722100000,28854.1,28867.5,28825.3,28840,20.16627458
1653723000000,28840,28857.7,28814.7,28824.5,15.90845098
1653723900000,28824.5,28913.4,28820,28882.1,27.07742308
1653724800000,28882.2,28929.4,28877.5,28878.1,40.0355895
1653725700000,28877.9,28890.1,28835,28840.7,42.00279344
1653726600000,28840.7,28885.7,28777.7,28885.7,44.7831437
1653727500000,28887.1,28906.5,28836,28836.9,15.34401676
1653728400000,28836.9,28869.9,28817.8,28862.5,14.86879826
1653729300000,28862.5,28887.3,28841.4,28842,17.78749877
1653730200000,28842.1,28850.9,28785,28785,26.61798622
1653731100000,28785.1,28825.3,28765.1,28798.5,17.46487237
1653732000000,28798.5,28818.3,28775.7,28777.2,10.90591178
1653732900000,28777.2,28856.2,28773.1,28844.4,16.70331477
1653733800000,28844.4,28847,28785.8,28789.7,22.14954521
1653734700000,28789.8,28840.1,28789.7,28808.7,13.33902688
1653735600000,28808.7,28888.8,28782.7,28884.2,24.58702409
1653736500000,28885,28930,28851.7,28902.7,23.87270053
1653737400000,28902.9,28903,28850,28866.3,15.93805707
1653738300000,28866.3,28878.3,28827.1,28828.1,15.99808296
1653739200000,28826.3,28868.8,28790.6,28795.1,21.21047682
1653740100000,28793.7,28928,28793.7,28907.6,52.09267052
1653741000000,28908.8,28935,28887.6,28920.5,24.03363119
1653741900000,28920.6,29035,28916.4,28982.1,91.01387475
1653742800000,28982,29055,28946.1,29032.8,75.55346747
1653743700000,29034.2,29260.9,29034.2,29098.8,201.20707099
1653744600000,29098.7,29121.5,29001.9,29050,35.64601141
1653745500000,29050.1,29084.5,29050.1,29076.4,11.22030768
1653746400000,29076.3,29105,28985.2,28998,73.88550002
1653747300000,28999.7,29024.5,28974.6,28997.4,34.10308528
1653748200000,28997.5,29031,28976.1,28994.9,17.58410475
1653749100000,28996.4,28996.4,28931.5,28957.1,36.38115951
1653750000000,28957,28973.3,28890,28946.5,49.81770564
1653750900000,28946.5,28998.9,28928.7,28992.4,21.52897955
1653751800000,28992.3,29085,28988.3,29011.8,38.83359073
1653752700000,29011.7,29045.9,28967.9,28987.4,16.22690594
1653753600000,28987.3,29009.1,28959,28974.7,17.79144913
1653754500000,28974.6,29046.2,28943.1,29036.7,14.79060697
1653755400000,29036.8,29049.8,28979.4,28986.5,15.78270043
1653756300000,28986.1,29011.4,28902.4,28907.5,35.07680765
1653757200000,28907.6,28917,28813.8,28839,81.67538675
1653758100000,28839,29031.4,28769,28889.2,189.81164172
1653759000000,28896.2,28914.6,28855,28891.7,12.23201032
1653759900000,28891.8,28909,28860.3,28885.3,17.32088094
1653760800000,28885.2,28936.3,28885.2,28920,30.84802442
1653761700000,28921,28957.1,28909.4,28941.4,8.89470958
1653762600000,28940.9,28990,28939.7,28952.6,13.92981761
1653763500000,28951.9,29031,28951.2,29003.5,18.74523784
1653764400000,29003.6,29019.7,28966.8,28970.5,4.97390957
1653765300000,28970.5,28976,28943.1,28950.9,4.67782185
1653766200000,28945.6,28993.3,28940.2,28983,5.28245165
1653767100000,28983,29065,28983,29019.2,31.1002426
1653768000000,29019.3,29029.3,28997.6,29001.6,10.15802545
1653768900000,29001.6,29035.2,28989.6,29017.7,6.44688328
1653769800000,29015.4,29015.6,28983.5,28999.9,8.39730131
1653770700000,29000,29028,28990.7,29025.1,18.12868824
1653771600000,29027.1,29064.9,29008.9,29013.5,28.47791378
1653772500000,29015.4,29032.2,28989.1,29015.8,11.28651645
1653773400000,29015.9,29031.8,29008.7,29022.5,4.30970338
1653774300000,29022.5,29038.5,29008.6,29017.9,4.54105752
1653775200000,29017.9,29024,28956.2,29005.6,15.71694462
1653776100000,29005.6,29007,28960.2,28989.9,14.22524054
1653777000000,28990.8,29022.9,28969.9,29022.9,16.08872809
1653777900000,29021.9,29040.4,28985.7,28993.2,9.18253375
1653778800000,28991.6,29128,28989.4,29102.7,44.1623535
1653779700000,29102.7,29122.8,29070.3,29100.1,19.49396986
1653780600000,29100.1,29125.9,29075,29102.4,19.38287943
1653781500000,29102.4,29153.2,29026.4,29026.8,39.56693122
1653782400000,29026.9,29047.5,28995.1,29020.5,29.27950166
1653783300000,29020.4,29035,28987.3,29012.8,14.51169794
1653784200000,29015.7,29021.7,28970,28990.8,18.35822755
1653785100000,28990.7,29036.7,28980.2,29004,14.01001082
1653786000000,29003.9,29008.8,28952.6,28973,18.99909324
1653786900000,28973,29028.8,28973,28986.5,26.06827108
1653787800000,28986.5,28990.4,28908.5,28930.5,49.68709509
1653788700000,28930.5,28947.4,28893.9,28919.1,34.19001191
1653789600000,28922.6,28938.3,28839.9,28873.2,46.66730151
1653790500000,28870.3,28919.2,28845,28880.2,43.37824727
1653791400000,28880.1,28911.6,28866.3,28892.4,10.61037311
1653792300000,28894.2,28919.5,28877,28907,17.24992858
1653793200000,28907,28956,28880,28947.8,26.30042175
1653794100000,28950.2,28950.2,28914.1,28940.8,25.91640461
1653795000000,28940.8,28960,28928.1,28957.1,15.88358075
1653795900000,28955.4,28995.2,28930,28978.1,129.19866643
1653796800000,28978.1,28987.2,28957.1,28973,6.25302116
1653797700000,28972.9,28972.9,28911.2,28943.1,18.28089867
1653798600000,28945.9,28975.8,28932.5,28975.5,11.45096953
1653799500000,28975.5,28986.9,28933.3,28938.1,4.2107493
1653800400000,28938.1,28956.1,28928.1,28945.5,11.93837175
1653801300000,28945.4,29003.3,28945.3,29000.2,21.823508
1653802200000,29000.1,29024.9,28984.1,29007.8,18.79443843
1653803100000,29007.8,29042,28985.4,29041.9,15.9904098
1653804000000,29041.9,29065,28994.8,29005.8,16.69894002
1653804900000,29005.8,29015.9,28983.2,29008.2,8.95315872
1653805800000,29008.2,29039.9,28998.6,29026.9,7.40419892
1653806700000,29027,29038.3,29010.3,29036.2,10.02214876
1653807600000,29034.2,29039.1,28996.5,29013,6.42902068
1653808500000,29012.9,29033.6,28987.6,29020.3,9.18771621
1653809400000,29020,29035,28987.1,28997,14.04329344
1653810300000,29000.8,29014.1,28989.5,29005.8,6.63256519
1653811200000,29005.9,29021.3,28985.9,29015.8,13.39857181
1653812100000,29018.9,29185,29018.6,29145,59.16130859
1653813000000,29145.1,29188.1,29080.1,29097.9,40.73063081
1653813900000,29097.8,29097.9,29050.8,29064.1,22.61065788
1653814800000,29062.1,29078.4,28996.9,29028.2,27.57791256
1653815700000,29028.1,29037.8,28955,28984.6,41.22637789
1653816600000,28990,29011.7,28959.8,28991.7,9.56798816
1653817500000,28991.7,29009.9,28966.3,28989.5,16.63805075
1653818400000,28989.6,29138.7,28989.5,29106.7,69.90261192
1653819300000,29106.7,29220,29106.6,29109.1,80.65213484
1653820200000,29109,29153.8,29109,29130.9,26.20150061
1653821100000,29131,29162.2,29095.1,29151.2,30.75478596
1653822000000,29155.4,29209.5,29110.8,29116.9,35.119922
1653822900000,29116.9,29228.6,29116.9,29180,34.39296862
1653823800000,29173.3,29200,29171.6,29173.8,18.75851269
1653824700000,29173.2,29234.9,29168.2,29214.1,23.42669722
1653825600000,29214.8,29496.5,29198,29421.7,448.25068745
1653826500000,29421.7,29446.9,29333.4,29367.2,46.0038504
1653827400000,29367.2,29388.8,29333.3,29346.5,38.41104133
1653828300000,29346.4,29450,29333.3,29377.6,211.57199929
1653829200000,29377.6,29475.2,29320.1,29322.2,127.02016595
1653830100000,29324.2,29382.9,29316.1,29373.2,30.8610732
1653831000000,29373.3,29387.1,29353.9,29387.1,15.17587992
1653831900000,29387,29394.6,29310,29332.3,36.88018979
1653832800000,29332.4,29347.3,29301.7,29327.8,144.33422198
1653833700000,29327.7,29380,29320.7,29345.3,84.06657496
1653834600000,29346.8,29364.6,29314,29323.4,18.46459826
1653835500000,29323.3,29339.8,29285.7,29298.7,18.62406874
1653836400000,29298.7,29298.7,29163.8,29240.3,84.01397069
1653837300000,29240.3,29240.3,29180,29209.9,17.49830262
1653838200000,29210,29223.8,29169,29208.4,27.96314603
1653839100000,29208.6,29236.7,29188.1,29212.8,10.93211136
1653840000000,29214.7,29269.5,29212.9,29242.1,28.8612937
1653840900000,29242.7,29335.6,29235,29306.2,30.61621643
1653841800000,29306.3,29344.6,29293.5,29306.4,28.11645957
1653842700000,29306.5,29310.8,29262.7,29284.3,18.84515895
1653843600000,29284.3,29295.3,29270.1,29285.8,4.67958656
1653844500000,29285.8,29325,29242.2,29323.6,25.29311687
1653845400000,29325.1,29351.2,29309.4,29315,16.94058433
1653846300000,29314.9,29315,29180.2,29224.4,41.70488037
1653847200000,29224.4,29247.4,29208.8,29216,15.70041954
1653848100000,29215.9,29239.9,29208.1,29227.9,16.35923698
1653849000000,29227.9,29237.6,29185.2,29195,6.80028073
1653849900000,29192.7,29214.6,29162.3,29167.4,13.76369873
1653850800000,29167.4,29193.6,29083.7,29123.8,32.03706616
1653851700000,29123.7,29135.6,29077.2,29100.6,28.69353108
1653852600000,29100.5,29128.1,29097.5,29112.5,10.69737488
1653853500000,29111.8,29130.3,29095.3,29128.1,9.34407598
1653854400000,29125.1,29175,29109.1,29147.9,37.19137808
1653855300000,29148,29167,29126.9,29152.3,4.95140016
1653856200000,29152.3,29184.7,29092.3,29173.5,34.60645742
1653857100000,29173.5,29185,29149.7,29185,11.65336112
1653858000000,29184.9,29199.6,29170.1,29192.9,17.03278725
1653858900000,29196.9,29199.8,29173.1,29198.1,7.74715417
1653859800000,29198.2,29234.1,29195.7,29203.5,9.55170236
1653860700000,29203.5,29240.9,29174.4,29234.9,7.37279959
1653861600000,29235,29308.7,29171.6,29248.1,40.46373385
1653862500000,29252,29429.2,29242.5,29422.2,117.38555086
1653863400000,29422.2,29588,29402.5,29454.9,231.82459683
1653864300000,29454.8,29470.1,29415,29427.4,34.22806201
1653865200000,29427.5,29500,29404,29495,29.98157543
1653866100000,29494.9,29500,29438.8,29485.1,18.09392348
1653867000000,29481.9,29490,29433.8,29452.3,17.49595281
1653867900000,29452.3,29487.4,29427.9,29467.1,23.55427812
1653868800000,29466.9,29480,29343.4,29350.1,157.09626553
1653869700000,29350.1,29410.3,29350,29357.9,26.16748474
1653870600000,29357.9,29374.1,29312.6,29330.4,20.26684558
1653871500000,29325.9,29344.2,29309.9,29318.6,16.44478456
1653872400000,29318.6,29381.3,29318.5,29376.3,20.81964861
1653873300000,29375.7,29463.9,29375.7,29450.8,30.34895843
1653874200000,29450.8,29683.9,29450.8,29675,141.11762177
1653875100000,29675,29777,29631.2,29769.8,137.38379468
1653876000000,29769.8,30252.1,29764.3,30092,840.2038059
1653876900000,30091.9,30241.6,30091.9,30174.6,145.6395962
1653877800000,30174.5,30278.9,30101.3,30237.7,78.49276166
1653878700000,30237.7,30261.6,30171.5,30213.1,64.85742819
1653879600000,30213.1,30412.7,30213.1,30229.3,598.34295472
1653880500000,30229.2,30289.9,30212.6,30288,91.34514646
1653881400000,30288,30359.9,30268.7,30347,48.79263468
1653882300000,30345,30406.9,30295.1,30355.8,97.08632055
1653883200000,30355.8,30435,30275.1,30323.6,108.73614026
1653884100000,30322.4,30367.8,30302.2,30349.8,27.66661336
1653885000000,30349.9,30349.9,30242.4,30333.2,107.84745305
1653885900000,30333.2,30357.3,30296,30336.5,43.97131262
1653886800000,30336.6,30377.7,30312.8,30377.7,49.64311848
1653887700000,30377.7,30385,30339.1,30346.9,33.33495206
1653888600000,30346.9,30417.7,30322,30333.2,175.03529859
1653889500000,30331.3,30478.6,30296.9,30459.1,76.03309674
1653890400000,30460.4,30595.9,30420.7,30575.4,314.08359351
1653891300000,30571.3,30931.1,30544.7,30595.4,631.70364584
1653892200000,30595.3,30815.2,30588.8,30680,317.14791272
1653893100000,30680,30792.7,30661.4,30702.2,82.3275293
1653894000000,30702.2,30747.9,30589.2,30616.1,87.97451888
1653894900000,30616,30646.8,30587.7,30587.8,51.78745136
1653895800000,30587.8,30644.1,30540,30631.2,96.3747252
1653896700000,30631.2,30670,30621.1,30635.8,27.90891227
1653897600000,30635.7,30673.4,30572.8,30599.9,37.31926323
1653898500000,30600,30735,30595.4,30705.2,58.16397283
1653899400000,30705.8,30725.5,30660.4,30683.4,27.04986304
1653900300000,30683.5,30740.1,30672.4,30735.1,50.35959559
1653901200000,30735.1,30767,30595.7,30618.1,77.63748509
1653902100000,30618.1,30696,30599.9,30691.7,39.14415251
1653903000000,30691.8,30749.8,30650,30664.2,68.47199825
1653903900000,30664.2,30744.1,30664.2,30719.5,64.32824392
1653904800000,30712.9,30758.1,30580,30627.4,106.84029871
1653905700000,30627.4,30655.5,30600,30630,34.13672108
1653906600000,30630,30680.4,30570,30649.9,76.36661655
1653907500000,30649.8,30660.9,30589.4,30595.8,28.09795987
1653908400000,30595.9,30652.3,30585.1,30635.8,40.79690168
1653909300000,30637.6,30707.1,30623.2,30687.9,39.9459567
1653910200000,30687.9,30707.1,30657.1,30672.3,68.83900593
1653911100000,30672.4,30672.4,30621,30669.4,50.84250917
1653912000000,30669.3,30782.5,30650.8,30749.6,55.01887233
1653912900000,30752,30950,30469,30477.9,285.10956078
1653913800000,30483.2,30539.9,30368.1,30440.2,273.08753697
1653914700000,30432.8,30582.3,30388,30537.2,52.15303407
1653915600000,30534.2,30568.3,30342.4,30354.7,79.21588617
1653916500000,30354.7,30399.9,30266.7,30354,86.44825947
1653917400000,30354,30444.4,30326.8,30408.6,85.54590807
1653918300000,30406.7,30518.8,30400.6,30512.4,54.85833866
1653919200000,30516.9,30747.5,30492,30602.2,159.76432059
1653920100000,30598.7,30709.6,30590.1,30672.4,83.89334846
1653921000000,30672.4,30705.2,30444.4,30461.8,55.97656605
1653921900000,30461.7,30516.7,30444.3,30466.8,34.87411938
1653922800000,30466.8,30585.8,30449.9,30582,32.02578219
1653923700000,30582.1,30589.1,30506.9,30582.8,42.54209779
1653924600000,30582.7,30615.7,30515.7,30614.9,43.65361043
1653925500000,30615,30666.2,30593.1,30633.8,41.85119174
1653926400000,30633.9,30668,30598,30612.1,35.90956257
1653927300000,30612.1,30692,30571.4,30653.7,44.61016436
1653928200000,30654.9,30690.9,30585.1,30645.1,58.35508714
1653929100000,30644.2,30718,30578,30619.6,80.2820832
1653930000000,30619.9,30648.9,30586.5,30644.8,24.50242288
1653930900000,30645,30760.4,30644.4,30744.5,97.97655691
1653931800000,30744.4,30786.8,30694.9,30756,70.10889309
1653932700000,30756,30784.3,30698.6,30705.9,51.04930061
1653933600000,30705.8,30726.7,30688.7,30706.6,34.27388707
1653934500000,30706.5,30712.2,30662.6,30682.5,20.85550683
1653935400000,30684.2,30712.7,30651.5,30712.7,44.83740329
1653936300000,30716,30719.9,30673,30676.2,22.29144593
1653937200000,30673.1,30770.9,30669.3,30759.6,15.37089668
1653938100000,30759.5,30767.5,30725.1,30746.9,48.46758168
1653939000000,30746.8,30870,30701.2,30701.2,125.54090578
1653939900000,30701.3,30715,30587.5,30645.1,85.56380571
1653940800000,30645.1,30767.9,30542.7,30757.4,241.8090653
1653941700000,30757.4,31449.9,30757.4,31308,1067.58414898
1653942600000,31307.9,31344,31096.8,31245.1,433.9520724
1653943500000,31245.1,31299.9,31140,31279.3,150.76576352
1653944400000,31279.3,31406.7,31221.8,31342.6,110.10140318
1653945300000,31342.5,32279.9,31331.2,31689.3,1507.6948826
1653946200000,31689.2,31819.6,31590,31599.7,186.52538069
1653947100000,31599.7,31870,31583.3,31805.7,273.95771071
1653948000000,31803.1,31907.9,31620.1,31638,118.07428648
1653948900000,31638.1,31700,31506.6,31669.5,239.27041816
1653949800000,31665.8,31733.2,31596.1,31700.2,114.19361984
1653950700000,31700.1,31768.1,31667.6,31768.1,54.96187051
1653951600000,31769,31894.4,31619.2,31864.8,103.2986838
1653952500000,31864.8,31875.4,31751.9,31804.5,43.41765951
1653953400000,31804.5,31804.6,31716.3,31765.9,45.2719935
1653954300000,31765.9,31776.8,31684,31733.1,111.58978888
1653955200000,31733,31861.3,31648.9,31648.9,66.07238422
1653956100000,31646.4,31678,31610,31656,94.22779376
1653957000000,31662.5,31665.4,31572.2,31589.2,68.0524153
1653957900000,31586.6,31597.3,31445,31573.4,93.41817024
1653958800000,31573.3,31590.4,31519.1,31551.6,17.89132372
1653959700000,31551.6,31591.5,31480,31565.7,40.98493674
1653960600000,31565.6,31619.2,31438.8,31522.6,66.32288156
1653961500000,31522.6,31568.5,31522.6,31550.2,34.46796638
1653962400000,31555.3,31627,31525,31623.3,22.43434452
1653963300000,31623.2,31675,31608.7,31675,42.51577664
1653964200000,31675,31675,31596.1,31625.1,45.59841322
1653965100000,31625.2,31716.3,31625.2,31696.8,54.69145703
1653966000000,31696.8,31823.1,31682.2,31821.2,101.08666229
1653966900000,31821.1,31821.1,31662.6,31677.8,58.90940485
1653967800000,31676.8,31699.9,31626.6,31699.6,36.28782221
1653968700000,31699.6,31834.2,31682.6,31772.9,154.86633098
1653969600000,31772.8,31805.4,31734.1,31797.6,41.28667999
1653970500000,31797.5,31799.4,31741.5,31747.8,31.56196419
1653971400000,31747.3,31786.8,31653,31667.4,27.07892396
1653972300000,31667.3,31714.8,31667.3,31691.9,14.58619289
1653973200000,31691.9,31707.9,31624.6,31669,26.04942813
1653974100000,31667,31737.7,31662.4,31726.7,31.77653069
1653975000000,31725.4,31739.7,31650.2,31662.9,23.10357967
1653975900000,31662.9,31700.7,31637.2,31645,26.59296734
1653976800000,31645,31658.2,31605,31632.3,18.39177813
1653977700000,31630.3,31638.6,31530.5,31564.7,111.45606421
1653978600000,31564.7,31585.3,31464,31560.8,256.73067333
1653979500000,31560.7,31578.2,31420.1,31500,40.40333093
1653980400000,31500,31562.5,31485.2,31535.8,57.33891739
1653981300000,31535.9,31583,31500.9,31578.1,23.56674411
1653982200000,31578.1,31585.9,31543.4,31571.9,54.29229573
1653983100000,31572,31586.8,31503.4,31578.1,12.78571076
1653984000000,31578.2,31688,31572.4,31612.9,89.53368401
1653984900000,31612.9,31686.9,31612.9,31683.4,29.66091331
1653985800000,31678.8,31683.2,31631.3,31655.1,15.9619183
1653986700000,31655,31727.4,31619.4,31624.7,31.64900601
1653987600000,31624.7,31640.5,31532.8,31604.1,28.24189592
1653988500000,31606,31606,31520.3,31593,32.10594858
1653989400000,31594.8,31614.6,31511.9,31514.2,29.04335877
1653990300000,31514.8,31570.4,31500,31544.5,17.70892627
1653991200000,31544.6,31619.9,31519.3,31619.2,26.57162186
1653992100000,31619.3,31663.7,31593.8,31623.7,37.03543931
1653993000000,31623.7,31675,31612.3,31673.9,22.32986257
1653993900000,31673.8,31692.4,31651.8,31669.8,21.21598079
1653994800000,31669.8,31795,31659.6,31742.3,218.02104252
1653995700000,31742.3,31823.6,31703,31801,29.04448846
1653996600000,31800.9,31832.9,31767.1,31819.3,75.92448589
1653997500000,31819.3,31836.3,31723.4,31765.4,49.42850714
1653998400000,31765.5,31773.8,31733.6,31773.8,27.52520052
1653999300000,31773.7,31800,31668.3,31708.3,27.69356789
1654000200000,31708.2,31718.9,31584.6,31596,68.14021177
1654001100000,31595.9,31631,31551.2,31617,97.2452077
1654002000000,31617,31730.2,31611.8,31723,52.57027868
1654002900000,31723.1,31939.4,31688,31842.4,114.35495236
1654003800000,31842.4,31850.8,31250.1,31363.4,450.49260478
1654004700000,31363.4,31469.2,31310.6,31396,155.55411538
1654005600000,31391.4,31429.5,31234,31423.8,193.15368592
1654006500000,31429.4,31634.1,31408,31503.6,118.83915824
1654007400000,31503.6,31674.9,31492.8,31661,74.84423843
1654008300000,31663.9,31738,31630.9,31690.4,54.37535507
1654009200000,31686.2,31722.9,31561.8,31611.3,53.75795638
1654010100000,31609.8,31709.9,31567.3,31662.4,51.96406102
1654011000000,31660,31790.3,31588.2,31779.4,75.73384156
1654011900000,31779.4,32183.5,31779.4,32056.1,320.27432034
1654012800000,32057.4,32239.6,31845.6,31845.6,238.79855339
1654013700000,31845,32121.6,31843.4,32098.2,172.09535424
1654014600000,32099.7,32408.5,31984.1,32302.3,188.41456069
1654015500000,32302.3,32354.6,32145,32160.9,150.86017003
1654016400000,32159.5,32193.6,32072,32128.6,70.09081021
1654017300000,32127.3,32127.3,31893.7,31979.1,101.74241685
1654018200000,31974.4,32047.9,31935.5,31972,43.53095489
1654019100000,31972.1,32148.5,31960.5,32124.1,45.79710211
1654020000000,32122.8,32159.2,32066.5,32109.3,190.1775466
1654020900000,32109.3,32141.1,32033.5,32064.9,82.93182374
1654021800000,32065,32068,31765.4,31817.7,140.58713402
1654022700000,31817.6,31820.8,31597,31676.2,201.38174948
1654023600000,31676.1,31726,31608.2,31704,54.32268963
1654024500000,31704,31780,31680.2,31702.2,43.74777378
1654025400000,31702.2,31778.7,31630,31630.1,30.81581994
1654026300000,31630,31701.6,31584.3,31626.7,75.48717297
1654027200000,31626.7,31747.1,31599.1,31729.5,38.66270586
1654028100000,31729.5,31738.5,31675.1,31727.4,21.60463277
1654029000000,31725.9,31750,31690,31701.8,9.70508044
1654029900000,31701.9,31814,31672.9,31813.9,47.93130292
1654030800000,31814,31828.3,31739.1,31780,25.05568315
1654031700000,31779.9,31797.8,31745.2,31769.1,13.47353122
1654032600000,31769,31804.5,31725.9,31740,7.177868
1654033500000,31740,31770.1,31656.6,31719.4,29.31554117
1654034400000,31719.4,31767.7,31686.5,31693.9,23.75623883
1654035300000,31693.8,31842.9,31684,31794,49.19028712
1654036200000,31794.1,31843.1,31789.5,31829.6,17.30623264
1654037100000,31829.5,31894.3,31800.3,31866.3,42.8733518
1654038000000,31866.1,31886.7,31827.4,31832.4,22.28522267
1654038900000,31832.5,31893.4,31829.4,31876.9,11.78261069
1654039800000,31876.9,31935,31832.1,31832.1,28.84774744
1654040700000,31832.1,31918.7,31772.3,31798.1,29.62260884
