ts,open,high,low,close,volume
1664582400000,19422.6,19464.4,19411.9,19457.7,21.82824716
1664583300000,19457.7,19481.6,19436.3,19453.8,16.34838285
1664584200000,19453.8,19453.8,19353.8,19360.6,77.69317704
1664585100000,19360.7,19401.3,19360,19401.2,25.53051878
1664586000000,19399.5,19404.6,19376.1,19386.9,20.21838104
1664586900000,19387.7,19403.2,19372.3,19381.1,20.78394381
1664587800000,19381,19414.8,19376.2,19391.6,51.82964388
1664588700000,19391.7,19431.4,19389.5,19423.6,12.95582676
1664589600000,19423.6,19423.6,19395.7,19399.3,12.97576454
1664590500000,19399.2,19423.3,19388.6,19412.5,27.58088455
1664591400000,19412.5,19436,19402.2,19405,76.92796098
1664592300000,19405.1,19433.3,19401.3,19417.7,59.85718827
1664593200000,19416.9,19439.2,19389.2,19394.5,23.31062631
1664594100000,19394.5,19414.9,19370.3,19370.3,21.69718011
1664595000000,19370,19406.7,19368.1,19404,17.75363189
1664595900000,19404.1,19420,19402.2,19418.7,21.60782642
1664596800000,19418.7,19420,19399.4,19417,26.16812087
1664597700000,19417,19417.9,19376.1,19380.9,21.3625776
1664598600000,19381.9,19417.7,19380.7,19412.1,26.745218
1664599500000,19412.1,19422,19379,19408.9,70.85955651
1664600400000,19408.9,19416.5,19397.7,19399,7.12185284
1664601300000,19399,19405.1,19276.1,19297.8,79.55743142
1664602200000,19296.9,19322.4,19288.2,19304.5,54.46649978
1664603100000,19304.5,19330.6,19297.9,19320.9,77.64372468
1664604000000,19320.9,19320.9,19286.3,19303.5,55.31694181
1664604900000,19303.6,19304.4,19270.9,19289.9,52.8736478
1664605800000,19290,19328.6,19290,19307.5,42.25171499
1664606700000,19307.5,19315.6,19289.9,19292.9,15.07330333
1664607600000,19293,19301.5,19258.3,19301.5,35.94168673
1664608500000,19301.6,19316.9,19282.3,19288.2,29.7409545
1664609400000,19288.1,19318.9,19275.7,19304.5,37.63720175
1664610300000,19305,19349.6,19305,19311.9,50.62328649
1664611200000,19311.5,19320.5,19305.9,19319,13.84431086
1664612100000,19319.5,19347.1,19319.5,19338,28.14364756
1664613000000,19338.1,19346.2,19335.4,19339.3,8.21053214
1664613900000,19338.6,19341.8,19323.8,19334.2,20.0206444
1664614800000,19334.3,19368.2,19332.4,19338.1,25.94239709
1664615700000,19338.1,19342.2,19323.3,19326.6,23.36018894
1664616600000,19326.5,19333.5,19305.8,19329.9,16.29525391
1664617500000,19329.9,19349.5,19325.8,19331.3,20.49689481
1664618400000,19331.4,19343.7,19315,19324,54.03470226
1664619300000,19324,19345.1,19288.9,19330.1,69.22519764
1664620200000,19329.5,19368.3,19329,19352.3,37.54862495
1664621100000,19352.3,19362.7,19327.2,19328.6,9.12438832
1664622000000,19328.7,19345.1,19319,19326.6,19.88529475
1664622900000,19326.7,19334.4,19160.1,19211.2,212.74774311
1664623800000,19212.7,19304.4,19200.3,19293.8,80.49303568
1664624700000,19293.8,19332.8,19261.1,19310.9,80.97575586
1664625600000,19311.2,19311.2,19273.2,19286.9,15.75434896
1664626500000,19286.9,19301.5,19254.4,19266,33.36593595
1664627400000,19266.8,19287.6,19244.8,19246.9,26.20095679
1664628300000,19247,19298.8,19247,19298.7,24.17022517
1664629200000,19298.8,19339.7,19282.3,19331,80.86029579
1664630100000,19331,19399.3,19330.9,19350,157.98954486
1664631000000,19349.9,19367.3,19333.8,19346.9,35.36468731
1664631900000,19346.2,19349.1,19327.8,19334.2,19.2291815
1664632800000,19334.1,19346.1,19310.8,19337.2,17.28806491
1664633700000,19337.2,19339.8,19317.1,19334.3,12.25522293
1664634600000,19334.3,19339.8,19292,19313.1,57.33668355
1664635500000,19311.6,19340.6,19293.5,19324.6,15.72370986
1664636400000,19324.5,19334.6,19306.6,19332,20.23243337
1664637300000,19333,19361.5,19328.7,19349,31.31553621
1664638200000,19349.1,19349.9,19325.9,19328.7,15.73913282
1664639100000,19328.7,19345.8,19317.7,19333.5,22.6449444
1664640000000,19333.1,19352.9,19300.6,19313.1,22.37733875
1664640900000,19311.4,19311.4,19266.9,19301.7,49.89122428
1664641800000,19301.6,19302.6,19248.9,19282.2,43.0911677
1664642700000,19280.7,19295.9,19248.7,19292.9,22.75840577
1664643600000,19293,19315.4,19284.2,19293.8,28.17318757
1664644500000,19293.8,19317.1,19257.1,19283.9,26.33808449
1664645400000,19284,19293.2,19280.4,19290,20.15938214
1664646300000,19291,19297.7,19248.8,19278.8,25.00740148
1664647200000,19278.8,19283.3,19207.5,19248.5,28.29919429
1664648100000,19248.6,19272.3,19240.8,19257.4,8.41627533
1664649000000,19257.4,19283.3,19246.7,19279.4,22.25165482
1664649900000,19279.5,19311,19266.6,19301.9,39.13659073
1664650800000,19301.7,19325,19296.8,19310.8,15.91769796
1664651700000,19310.4,19316,19305.3,19308.4,11.35431078
1664652600000,19308.5,19308.5,19217.1,19242.7,49.58783878
1664653500000,19242.4,19291.9,19237.1,19268.6,21.86858043
1664654400000,19268.6,19268.7,19201.8,19230.2,29.08589366
1664655300000,19230.2,19255.2,19223.6,19255.2,14.46818444
1664656200000,19254.5,19278.4,19238.1,19268.9,49.50653314
1664657100000,19269,19269,19246.7,19253.4,19.76995124
1664658000000,19253.4,19265,19247.6,19264.9,18.70924836
1664658900000,19264.9,19295.9,19261.1,19291,21.31906167
1664659800000,19291,19299,19289.1,19295.8,16.11292346
1664660700000,19296.8,19315,19284.4,19288.4,17.42850701
1664661600000,19288.4,19310,19274.6,19295,34.270421
1664662500000,19295.7,19322.1,19284.2,19316,39.90758216
1664663400000,19315.9,19321.9,19308.4,19320.9,19.77829715
1664664300000,19320.9,19335.5,19318.7,19322.8,29.04708612
1664665200000,19322.9,19339.8,19300,19307.6,22.14177556
1664666100000,19307.7,19314.6,19292.1,19304.1,9.42333323
1664667000000,19304.1,19313.2,19302.6,19313,6.87008047
1664667900000,19313,19317.1,19303.9,19311.3,9.39636021
1664668800000,19311.4,19318,19295,19308.7,8.33433419
1664669700000,19308.5,19324.7,19280.8,19289.9,23.77622846
1664670600000,19289.9,19323.8,19289.9,19298.8,14.91578769
1664671500000,19298.8,19298.8,19239.3,19279.3,46.17704817
1664672400000,19279.1,19291,19259.9,19277.8,12.70899282
1664673300000,19277.8,19308.3,19266.9,19296.7,15.66805534
1664674200000,19296.8,19305.6,19286.9,19304.4,26.9949325
1664675100000,19303.5,19307.7,19293.1,19307.2,15.40157963
1664676000000,19307.3,19335.4,19305.4,19305.4,22.08850071
1664676900000,19304.5,19323.9,19304.5,19322.6,18.16602984
1664677800000,19322.6,19343.1,19319.9,19339.1,23.17474698
1664678700000,19339.1,19345.4,19311.4,19317.1,34.60292816
1664679600000,19317.1,19331.9,19307.5,19319,21.60671137
1664680500000,19318.2,19318.2,19289.3,19293.8,25.37404784
1664681400000,19293.8,19309.3,19287.1,19307.3,14.85448738
1664682300000,19308.3,19312.1,19301.9,19309.8,3.27339271
1664683200000,19309.8,19310.3,19298.7,19298.7,33.24261137
1664684100000,19298.2,19316.1,19295.8,19316.1,4.6989907
1664685000000,19316.2,19322.3,19311.1,19313.3,12.79519649
1664685900000,19313.3,19334.5,19305,19334.5,23.07813184
1664686800000,19334.5,19335.4,19320.5,19331,37.16886488
1664687700000,19329.7,19356.1,19327.4,19356,28.8526867
1664688600000,19356.1,19396.7,19327.9,19333.4,77.41208953
1664689500000,19333.4,19363.4,19300.6,19333.6,35.78404628
1664690400000,19332.7,19379,19330.6,19351,28.11440674
1664691300000,19351,19378.9,19326.7,19361.6,37.56201421
1664692200000,19361.5,19365.1,19311.3,19323.8,46.64603014
1664693100000,19323.4,19331.6,19269.6,19276.4,55.52930872
1664694000000,19276.4,19307.8,19234.2,19269.6,94.63744039
1664694900000,19269.5,19293.8,19256.3,19288.2,19.3601821
1664695800000,19288.2,19298.6,19286.2,19292.1,18.05214409
1664696700000,19292,19302.5,19276,19285.7,34.52602483
1664697600000,19285.8,19298.7,19271.1,19283,20.14606093
1664698500000,19283.3,19286.1,19270,19283.7,14.18311303
1664699400000,19283.8,19286.2,19250.4,19263.6,19.65720507
1664700300000,19263.6,19283.3,19263.6,19283.1,13.16222246
1664701200000,19282.3,19283.2,19276.5,19282.5,6.67842579
1664702100000,19282.5,19290,19268.2,19272.7,23.58068836
1664703000000,19272.7,19272.7,19224.2,19257.4,46.54382829
1664703900000,19258.2,19273.4,19249.6,19261.4,23.08718855
1664704800000,19261.5,19263,19180,19214.1,62.7502014
1664705700000,19213.6,19218.7,19041.5,19107.7,280.40064818
1664706600000,19106.7,19157,19086.2,19106.1,59.29053927
1664707500000,19107.1,19124.9,19072.7,19102.9,38.14174424
1664708400000,19102.8,19159.3,19084.6,19159.2,59.87309762
1664709300000,19159.3,19271.1,19157.4,19264,45.54373778
1664710200000,19263.1,19265.8,19194.8,19201.9,34.24658641
1664711100000,19202,19208.3,19178.5,19196.2,13.04798004
1664712000000,19195.8,19249.2,19191,19223.6,43.92045767
1664712900000,19222.6,19222.6,19134.5,19151.6,27.13056844
1664713800000,19151.6,19182.1,19147.9,19174,26.51128909
1664714700000,19174,19193.7,19141.4,19162.3,55.18414893
1664715600000,19162.2,19164.1,19131.6,19141,43.28615767
1664716500000,19141,19166,19137.7,19149,21.34519161
1664717400000,19148.9,19197.6,19148.9,19181.1,38.14970762
1664718300000,19181,19187.3,19160.6,19162,18.320074
1664719200000,19162,19186.6,19152.6,19152.7,31.00088344
1664720100000,19152.6,19172.6,19140,19148,27.997354
1664721000000,19148.8,19152.3,19118.8,19138,34.43570573
1664721900000,19138,19145.9,19069.2,19104.7,60.38677547
1664722800000,19104.7,19148.7,19102.8,19141,37.29594055
1664723700000,19139.7,19140.9,19106.7,19109.8,17.41374754
1664724600000,19109.9,19140.6,19109.6,19123.1,23.31725166
1664725500000,19123.9,19157.1,19109.4,19143.9,34.69719407
1664726400000,19144.7,19183.9,19133.4,19183.9,23.50998625
1664727300000,19183.9,19234.9,19182.4,19200.6,48.43569447
1664728200000,19201.4,19203.3,19171.3,19192,18.77231912
1664729100000,19191.9,19218.5,19191.9,19198.5,27.669485
1664730000000,19198.6,19210.1,19196.6,19198.7,7.55788327
1664730900000,19198.7,19200.1,19168.5,19189.2,18.19233551
1664731800000,19189.2,19224.5,19178.5,19214.1,10.75344164
1664732700000,19214,19217.7,19195.2,19201.6,14.33348856
1664733600000,19201.6,19211,19146,19178.5,26.54853308
1664734500000,19178.4,19178.4,19150.7,19169,13.11626834
1664735400000,19169,19206,19169,19192.1,22.63905883
1664736300000,19192,19220.3,19179.4,19219.1,19.77740812
1664737200000,19219,19345.6,19219,19306.1,184.21121436
1664738100000,19306.4,19323.8,19237.1,19250,26.90725351
1664739000000,19250.5,19301.7,19230.3,19282.4,44.86146687
1664739900000,19282.4,19298.9,19254.6,19258.5,43.1260498
1664740800000,19259,19275.6,19258,19260.1,16.40216383
1664741700000,19260.1,19260.1,19240.9,19245.6,11.96609736
1664742600000,19245.6,19245.6,19229.4,19232.3,6.85774174
1664743500000,19232.3,19260.4,19229.5,19232.3,22.07160149
1664744400000,19231.4,19236.3,19168.1,19176.5,29.50250779
1664745300000,19176.5,19176.5,19106.7,19150,82.94651474
1664746200000,19149.9,19172.7,19149.7,19155.7,13.30302692
1664747100000,19155.7,19212,19153.7,19196.6,35.01790824
1664748000000,19196.6,19228.4,19139.2,19216.8,107.76617967
1664748900000,19216.8,19298.4,19203.9,19212.1,111.77166021
1664749800000,19212.1,19218.8,19180.8,19192.6,35.53194931
1664750700000,19192.6,19226.4,19143.4,19173.4,103.29629272
1664751600000,19172.7,19179.1,18920,18974.4,581.98566651
1664752500000,18973.7,18999.9,18922,18964.9,137.807768
1664753400000,18963.7,19077.1,18938.1,19076.3,35.96659423
1664754300000,19075.2,19108.9,19010.5,19055.1,68.79404694
1664755200000,19055.2,19081.7,18963.7,19076.2,120.51469645
1664756100000,19076.2,19126.1,19021.9,19107.5,53.57722632
1664757000000,19108.6,19108.6,19070.6,19075.3,25.25134065
1664757900000,19077.1,19100.9,19055.3,19090.4,28.09078533
1664758800000,19090.5,19208.2,19090.4,19190.8,160.35055883
1664759700000,19190.9,19227.9,19170.8,19224.6,30.64070089
1664760600000,19224.6,19225.4,19188.8,19206.3,52.83376555
1664761500000,19206.6,19255.1,19199.1,19221.7,29.01426498
1664762400000,19221.8,19237.1,19163.3,19195.7,51.32760274
1664763300000,19195.7,19195.7,19141.6,19158.8,51.48687908
1664764200000,19158.8,19209,19150,19196.6,20.92341718
1664765100000,19196.6,19208.2,19131.6,19136.2,31.18128094
1664766000000,19137.3,19179.3,19137.3,19179.3,11.85937704
1664766900000,19179.4,19208.9,19161.2,19161.3,10.56606114
1664767800000,19161.4,19203.7,19156.5,19189.2,21.73969527
1664768700000,19190,19194.6,19159.9,19170.2,10.89133453
1664769600000,19170.1,19173.6,19121,19133.3,54.31042352
1664770500000,19132.6,19142.5,19103.7,19115.3,24.51035387
1664771400000,19115.8,19129.3,19092.2,19124.8,28.98038532
1664772300000,19124.9,19137.3,19094.3,19094.4,22.79376295
1664773200000,19094.5,19107.6,19057.6,19076.2,59.46747978
1664774100000,19077.1,19119.9,19069.6,19109.6,53.5552067
1664775000000,19108.7,19171.7,19107.9,19168.9,27.73733579
1664775900000,19168.6,19287.3,19165.1,19241.8,145.91706796
1664776800000,19242.2,19310.3,19224.7,19231.3,329.15537313
1664777700000,19231.4,19245.7,19195.8,19210,69.30720825
1664778600000,19210.1,19219.7,19179.4,19179.4,272.65283898
1664779500000,19179.4,19216,19156.7,19193.6,42.2648002
1664780400000,19193.6,19235.8,19152.3,19196.2,56.50173332
1664781300000,19195.7,19237.1,19189.1,19220.7,30.45629356
1664782200000,19221,19234.2,19178.5,19190.8,20.43394844
1664783100000,19190.9,19215.9,19178.5,19197.2,44.49272051
1664784000000,19197.3,19198.6,19162.2,19195,21.8978355
1664784900000,19195.7,19211.9,19179.4,19211.8,12.33106257
1664785800000,19212.1,19220,19189,19192.8,8.92633287
1664786700000,19192.8,19205.3,19188.1,19194.4,11.23310105
1664787600000,19194.5,19194.5,19145.8,19167.1,38.57326303
1664788500000,19167.1,19184.4,19160,19181.6,31.3555276
1664789400000,19181.9,19192.7,19153.6,19154.5,20.42315641
1664790300000,19154.6,19179.3,19124,19179.3,47.41174759
1664791200000,19179.3,19179.3,19133.6,19135.4,30.46054272
1664792100000,19136.3,19169,19135.4,19169,7.09313148
1664793000000,19169.8,19215.4,19169.8,19198.1,50.37055921
1664793900000,19198,19232.3,19192.2,19232.2,42.61959656
1664794800000,19232.2,19248.7,19204.5,19220,46.19063642
1664795700000,19220.7,19222.6,19186.3,19203.7,29.53543595
1664796600000,19204.3,19231.2,19200.1,19212.5,8.2917243
1664797500000,19212.1,19253.4,19190,19250.5,28.41619142
1664798400000,19249.6,19256.8,19210.9,19218.6,54.77168438
1664799300000,19218.6,19233.1,19207.4,19215.1,39.17611343
1664800200000,19215.1,19236.5,19193.8,19200,27.74655567
1664801100000,19200,19281.2,19200,19252.4,91.9606199
1664802000000,19252.5,19336.3,19252.5,19299.7,119.19544002
1664802900000,19299.8,19324.6,19237.4,19246.7,60.55888547
1664803800000,19246.8,19304.1,19135.9,19189.2,152.13310912
1664804700000,19190,19255,19156.4,19177.4,56.79736977
1664805600000,19175.9,19321.6,19175.9,19246.8,241.19351907
1664806500000,19246.7,19488.1,19232.3,19415.9,296.36582732
1664807400000,19415.8,19461.6,19380,19405.1,110.99545238
1664808300000,19406.1,19439.7,19390.3,19415.8,127.52509218
1664809200000,19416.3,19490,19390,19438.2,191.18737452
1664810100000,19439,19492.7,19408.9,19414.5,80.17588502
1664811000000,19414.5,19434.2,19344.2,19354.5,47.37738545
1664811900000,19354.5,19383.3,19326,19335.2,92.08469861
1664812800000,19335.3,19420.8,19335.3,19375,84.5750544
1664813700000,19374.1,19390.6,19312.2,19350.6,43.67988349
1664814600000,19349.9,19404.5,19340.2,19379,57.75653177
1664815500000,19379.1,19413.8,19360.6,19406.1,90.61941316
1664816400000,19406.9,19472.5,19406.9,19453.3,208.20037883
1664817300000,19452.7,19570.7,19428.7,19510.2,650.08172889
1664818200000,19510.2,19574.2,19510.2,19569.7,61.60122709
1664819100000,19569.8,19593.3,19530.7,19545.4,105.40919301
1664820000000,19546.5,19632.9,19542.5,19591.8,110.67102442
1664820900000,19592.2,19633,19581.5,19602.5,55.05391794
1664821800000,19602.5,19629.6,19578.3,19616.9,60.4379744
1664822700000,19616.9,19646.2,19588.5,19614,54.03305583
1664823600000,19613.9,19629.5,19466.4,19511.7,192.74451254
1664824500000,19511.7,19589.4,19435.7,19528.8,148.69278019
1664825400000,19529.7,19560.1,19488.8,19503.4,47.89970732
1664826300000,19503.4,19543.2,19490.7,19543.2,48.70429142
1664827200000,19541.9,19578.6,19532.8,19550.9,50.57663951
1664828100000,19551.4,19562,19511.2,19527.7,84.53985939
1664829000000,19527.7,19549.3,19521.9,19536.7,25.6442244
1664829900000,19536.7,19600,19532.7,19593.2,78.11348253
1664830800000,19593.2,19593.2,19540.6,19542.1,28.64716827
1664831700000,19542.2,19588.1,19542.1,19572.9,15.63548954
1664832600000,19572.9,19593.2,19564.6,19580.6,11.34249219
1664833500000,19580.1,19580.1,19527.4,19552.2,13.11610617
1664834400000,19552.3,19599.8,19546.4,19572,26.46039968
1664835300000,19572,19576.6,19531.7,19550.5,48.92169882
1664836200000,19551.4,19556,19515.1,19528.8,45.30335041
1664837100000,19528.1,19536.5,19516.1,19519,20.44833917
1664838000000,19519,19633.5,19519,19616.8,50.65182674
1664838900000,19616.9,19725,19596.3,19641.4,239.90610166
1664839800000,19640.5,19661,19616.5,19626.8,27.3799867
1664840700000,19626.8,19640.9,19599.9,19629.6,43.84325413
1664841600000,19628.6,19689.2,19602.5,19689.2,347.63202579
1664842500000,19689.2,19721.7,19620.8,19626.6,67.8968741
1664843400000,19626.7,19635.6,19588.8,19591.4,34.24829498
1664844300000,19591.3,19607,19529.9,19564,44.30689206
1664845200000,19564,19578.6,19548.4,19558.2,25.91066839
1664846100000,19558.2,19566.9,19537.9,19550.3,27.20470314
1664847000000,19550.3,19559.9,19541.5,19548.4,24.48647074
1664847900000,19548.3,19556.1,19506.6,19506.6,37.86884372
1664848800000,19506.3,19531,19492.9,19526.8,54.4565553
1664849700000,19526.8,19536.6,19509,19525,27.56621308
1664850600000,19524.9,19552.1,19521.7,19541.4,19.71177322
1664851500000,19541.3,19549.1,19522.8,19546.5,18.63561499
1664852400000,19546.5,19567.9,19540.5,19567.7,24.37542608
1664853300000,19567.7,19600,19564.9,19569.7,42.56765946
1664854200000,19569.8,19626.2,19566,19617.4,37.72193141
1664855100000,19617.4,19617.4,19575.6,19597,22.22206818
1664856000000,19597.1,19608.4,19558.1,19560.9,26.4016971
1664856900000,19560.8,19594.2,19560.8,19570.9,13.1032344
1664857800000,19571,19639.4,19571,19600.2,39.78948659
1664858700000,19600.2,19607,19591.5,19594.6,19.96879465
1664859600000,19594.6,19619.5,19585,19614.5,43.65688096
1664860500000,19614.5,19665,19614.5,19616.7,172.81475648
1664861400000,19616.8,19628.6,19591,19614.6,47.34180326
1664862300000,19614.7,19631.6,19609.6,19609.6,13.25722704
1664863200000,19609.6,19636,19600,19629.6,22.39618566
1664864100000,19629.6,19720,19629,19719.9,81.17196756
1664865000000,19719.9,19850,19719.8,19827.9,258.91520253
1664865900000,19829.7,19874.8,19789.1,19850,689.41236573
1664866800000,19850.1,19913.2,19848,19874.6,919.5285331
1664867700000,19875.4,19941.6,19868,19880.1,625.04468969
1664868600000,19880,19950.5,19880,19927.1,1860.52832133
1664869500000,19927,19974.5,19927,19967.9,129.13223663
1664870400000,19966.3,20167.8,19960.1,20074,771.9550583
1664871300000,20073.2,20106.7,19896.5,19935.2,258.48251084
1664872200000,19935.3,19994.4,19928.2,19946.1,280.26065386
1664873100000,19945.4,19949.3,19857.3,19884.9,207.24321768
1664874000000,19886.3,19943.9,19814.3,19850.8,131.95366872
1664874900000,19851,19915.6,19817.9,19913.1,83.07154014
1664875800000,19913,19976.4,19897.5,19975.1,361.24945468
1664876700000,19975,19976.7,19932.4,19938.1,59.34560579
1664877600000,19938.1,19947.1,19898,19899.4,115.83477484
1664878500000,19899.5,19995,19899.5,19987,59.59710528
1664879400000,19987,19997.2,19948.3,19997.2,78.52718192
1664880300000,19997.1,20043.1,19952,19957.8,94.39723881
1664881200000,19957.9,19957.9,19938.7,19945.4,30.03993164
1664882100000,19945.5,19970.1,19902,19909.4,44.02234441
1664883000000,19910,19948.2,19871.6,19943.2,44.47378702
1664883900000,19943.1,19947,19929.9,19936.3,29.69692918
1664884800000,19936.4,19980.5,19917.3,19961,73.95181197
1664885700000,19961,19966,19907,19949.2,63.13504278
1664886600000,19950.1,19952.3,19915,19915,45.10571
1664887500000,19915,19982,19907.3,19979.2,94.15541917
1664888400000,19979.1,20036.3,19953.2,19994.2,119.39043152
1664889300000,19994.1,20041.7,19966.2,20000.1,135.28732451
1664890200000,20001,20150,19999.2,20050.1,399.50131324
1664891100000,20050.1,20116.4,20000,20096.3,274.07459234
1664892000000,20097.2,20270,20097.2,20178.9,2844.10767749
1664892900000,20179.2,20199.9,20063.2,20082.7,130.90174131
1664893800000,20082.7,20130.1,20043.2,20107.4,232.06469306
1664894700000,20107.7,20143.5,20087.8,20108.4,82.1203011
1664895600000,20108.4,20124.8,20071,20117.4,98.40181014
1664896500000,20117.6,20119.4,20051.3,20063.2,41.07608692
1664897400000,20063.2,20125.5,20046.3,20106.5,135.15401376
1664898300000,20106.5,20106.5,20060.7,20097.8,62.77357304
1664899200000,20098,20114.4,19958.8,19993.1,173.99301017
1664900100000,19994.1,20048.8,19961.8,20042.2,85.93635654
1664901000000,20042.6,20076.3,20033.2,20033.5,71.88093078
1664901900000,20033.5,20045.2,19975.9,19995.9,70.79081898
1664902800000,19995.9,20006.1,19911.3,19928.2,119.95071178
1664903700000,19928.2,19963.1,19873.6,19958.2,142.81123784
1664904600000,19959.1,19975.6,19940.9,19949.1,32.84853742
1664905500000,19949.2,20038,19949.2,20026.1,66.79082005
1664906400000,20026.2,20086.6,20022.2,20066,78.52761709
1664907300000,20066.1,20079,20028,20028.8,32.90647858
1664908200000,20028.9,20066.2,20028.9,20064.1,28.98918338
1664909100000,20064.2,20170,20062.2,20124.6,187.13594767
1664910000000,20125.8,20138.7,20043.6,20087.3,39.617028
1664910900000,20088.2,20134.6,20071.7,20121.6,32.51866511
1664911800000,20121.5,20121.5,20089.3,20105.3,35.53984549
1664912700000,20105.4,20268,20096.6,20217.8,262.53498184
1664913600000,20218.3,20229.4,20149.6,20174.9,31.86837855
1664914500000,20174.8,20386.3,20174.8,20374,1246.29163027
1664915400000,20374.3,20375.5,20268.9,20311.9,411.70886124
1664916300000,20318.5,20462.4,20318.5,20331.6,420.50912878
1664917200000,20330.8,20397,20328.8,20363.4,200.85014245
1664918100000,20364.4,20365.4,20316.6,20324.8,60.83926413
1664919000000,20324.8,20329.3,20259,20286.1,91.09333869
1664919900000,20286.1,20337.9,20284.2,20290.1,39.03804627
1664920800000,20290,20306.4,20281.3,20299.1,45.99348535
1664921700000,20299.1,20326.5,20255.4,20255.4,47.76989057
1664922600000,20256.4,20290,20247.5,20289,43.40978892
1664923500000,20288.9,20310.4,20240.3,20297.3,49.0061148
1664924400000,20297.2,20311.1,20272.5,20297.2,38.68742871
1664925300000,20297.3,20319.4,20291.9,20304.4,23.45677548
1664926200000,20304.4,20380,20304.3,20355.6,60.30929748
1664927100000,20355.6,20356.2,20326.8,20335.1,25.51823644
1664928000000,20336.6,20361.3,20244.8,20247.5,99.5851928
1664928900000,20247.6,20267.8,20150.1,20212,130.80799361
1664929800000,20212,20226.5,20166.8,20198.5,55.00126099
1664930700000,20198.5,20209.2,20152.8,20182.7,38.45838961
1664931600000,20182.7,20219.6,20178,20219.6,18.43224976
1664932500000,20219.7,20277.4,20206.2,20251.4,91.30689957
1664933400000,20251.3,20251.3,20204.1,20243.6,64.00748748
1664934300000,20243.7,20243.7,20211,20211.5,12.24703543
1664935200000,20213.2,20230.3,20198.1,20205,59.59896838
1664936100000,20205,20249.2,20202.6,20222.3,52.71403502
1664937000000,20221.3,20229.3,20201.1,20208.1,47.06749708
1664937900000,20206.6,20207,20185,20190.4,40.95477755
1664938800000,20190.5,20208.2,20160.7,20208.1,16.99544956
1664939700000,20208.2,20233.5,20205.4,20223.3,16.69323078
1664940600000,20224.3,20224.4,20181.4,20194.1,23.34991015
1664941500000,20194.1,20206.2,20183,20189.6,19.33906154
1664942400000,20189.6,20223,20178.7,20214,24.73964504
1664943300000,20212.5,20216.3,20074.5,20087.8,127.05736443
1664944200000,20087.9,20143.6,20080,20143.4,51.67964225
1664945100000,20143.5,20143.5,20115.2,20118.5,37.08427662
1664946000000,20119.1,20172.1,20109.4,20172.1,39.24151007
1664946900000,20171.4,20179.7,20139.6,20139.6,41.07728033
1664947800000,20138.7,20179.6,20138.6,20177.8,18.38303719
1664948700000,20177.8,20200,20154.8,20197.2,67.47897259
1664949600000,20197.5,20224,20177.7,20177.7,39.65701604
1664950500000,20177.7,20190.9,20160.8,20187.9,16.67026808
1664951400000,20187.9,20227.6,20186,20207.8,90.75890125
1664952300000,20207.9,20297.3,20203.1,20251.6,105.17759833
1664953200000,20250.7,20273.5,20222,20227.6,52.42814478
1664954100000,20230.4,20238.5,20204.1,20211,38.87097012
1664955000000,20211,20277.3,20211,20275,40.6842309
1664955900000,20275.1,20279.4,20217.3,20224,81.59199361
1664956800000,20224.1,20240.6,20103.7,20116,71.48117873
1664957700000,20114.5,20137.6,20008.2,20081.4,239.8098813
1664958600000,20081.3,20173.4,20053.2,20127.3,97.36224953
1664959500000,20127.3,20149.6,20113.2,20132.5,48.69142307
1664960400000,20132.5,20149.7,20104,20129.6,38.93686359
1664961300000,20129.5,20139.6,20083.3,20108.4,20.25924745
1664962200000,20108.5,20122.5,20058.1,20085.3,70.71635507
1664963100000,20085.3,20100,20059.2,20087.3,58.35532861
1664964000000,20087.2,20114,20078.3,20109.9,50.10576678
1664964900000,20110.9,20137.5,20086.3,20134.5,40.10376932
1664965800000,20134.6,20150.6,20090.3,20118.3,25.60798257
1664966700000,20118.4,20132.7,20093.5,20124.4,34.50377563
1664967600000,20124.2,20128.5,20097,20106.3,26.4807647
1664968500000,20106.4,20112.2,20082.4,20089.2,45.07230608
1664969400000,20089.3,20092.2,19959.2,19984.2,200.58295541
1664970300000,19984.1,20032.3,19974.1,20025.9,49.01811888
1664971200000,20027.1,20044,20000,20007,47.60487463
1664972100000,20008,20028,19961.9,19995.7,52.94687011
1664973000000,19995,20054.2,19978.5,20050,61.74362464
1664973900000,20049.9,20068.2,20018.1,20022.9,14.28757027
1664974800000,20022.3,20038.7,19860,19872.2,219.98873059
1664975700000,19874.5,19927.2,19873.6,19900.3,132.45040156
1664976600000,19900.3,19981,19818.3,19841.6,178.90350021
1664977500000,19841.1,19919.7,19817.1,19918.1,92.56344385
1664978400000,19918,19936.1,19830,19854.1,204.85752605
1664979300000,19854.6,19854.6,19731.2,19811,433.31089713
1664980200000,19811,19890.4,19750.2,19884.3,97.13985793
1664981100000,19884.4,19927.6,19862.6,19878.6,122.02970008
1664982000000,19878.6,19922.2,19865.6,19906.3,77.13591338
1664982900000,19906.4,19973,19890.6,19930.3,78.2235879
1664983800000,19930.8,20003.3,19914.3,19988.1,91.62850397
1664984700000,19988.4,20018.4,19971.4,19999.1,69.90618271
1664985600000,20000.1,20140.8,19952.9,20133.4,249.25266475
1664986500000,20132.5,20200,20076.4,20088.8,249.36594978
1664987400000,20088.8,20129.7,20066.9,20129.7,47.03440987
1664988300000,20129.7,20292.6,20105.5,20234.6,217.09618247
1664989200000,20234.6,20260.4,20175.1,20257.8,74.72978788
1664990100000,20257.8,20320,20195.9,20204.4,208.27415371
1664991000000,20204.3,20226.9,20157.2,20180.9,103.76803182
1664991900000,20181.9,20216.1,20163.8,20164.9,25.63370031
1664992800000,20164.9,20192.6,20087.8,20144.9,111.00314319
1664993700000,20144.8,20199.1,20136.3,20194,33.01190476
1664994600000,20194.1,20203.9,20140,20189.6,28.43350879
1664995500000,20188.4,20267.4,20164.8,20267.4,37.0388471
1664996400000,20267.4,20346.7,20201.6,20249.2,77.13559043
1664997300000,20250.5,20270.9,20196.1,20200,33.24554323
1664998200000,20200,20221.5,20171,20202,26.05897874
1664999100000,20200.5,20214.3,20107.4,20118.4,35.45194228
1665000000000,20119.9,20169.8,20118.6,20152,16.22063472
1665000900000,20152.1,20158.6,20070.2,20087.3,24.09095396
1665001800000,20087.3,20119.1,20074,20099.4,58.19462605
1665002700000,20099.3,20100.4,19958.6,19982.1,118.19687953
1665003600000,19982,20045.9,19982,20014.1,49.24784308
1665004500000,20013.1,20042.2,19985.8,20028.3,26.92526158
1665005400000,20028.2,20091.3,20027.1,20070.3,24.81742386
1665006300000,20070.3,20076.9,20014.3,20052.2,40.74464069
1665007200000,20052.2,20071,20016.3,20038.9,23.48431377
1665008100000,20038,20152.7,20038,20136.6,82.70408918
1665009000000,20136.5,20142.5,20096.2,20113.4,25.16763315
1665009900000,20114.8,20212.9,20114.8,20190.2,54.51660504
1665010800000,20190.2,20196.1,20126.6,20153.7,48.70810549
1665011700000,20153.7,20185.9,20137.7,20143.5,22.89494561
1665012600000,20143.6,20148.7,20119.5,20148.7,12.3237612
1665013500000,20148.7,20182.8,20146.6,20158.6,48.6647575
1665014400000,20158.6,20269.9,20146.6,20248,131.9855447
1665015300000,20247.7,20288,20228.3,20247.6,45.79359243
1665016200000,20247.7,20302.4,20211.2,20252.7,94.84182564
1665017100000,20252.8,20385,20250,20266.9,295.4145167
1665018000000,20266.8,20336.9,20250.3,20286.8,128.13119256
1665018900000,20286.8,20334.2,20266.9,20269.9,58.06848962
1665019800000,20269.9,20290.2,20243.7,20279.5,107.11204583
1665020700000,20279.5,20410.1,20275,20370.3,153.09443945
1665021600000,20370.3,20439,20370.2,20391.9,190.06136815
1665022500000,20392.8,20421.1,20312.6,20314.8,110.70888888
1665023400000,20314.9,20351,20293.6,20317.7,68.3845785
1665024300000,20317.7,20368.5,20316.6,20328,124.05943155
1665025200000,20328,20334.8,20281.3,20334.8,43.81318295
1665026100000,20334.8,20351.8,20309.2,20351.8,22.34082652
1665027000000,20351.8,20387.7,20330,20365.4,170.16949145
1665027900000,20365.4,20375.5,20330.8,20358.6,89.28001149
1665028800000,20358.6,20431.7,20324.4,20395.1,77.14939712
1665029700000,20395,20447.9,20359.8,20368.6,150.11791684
1665030600000,20368.5,20404.3,20349.1,20380.7,64.19163465
1665031500000,20380.8,20404,20346.7,20353.1,54.2165387
1665032400000,20353.2,20370.8,20250.9,20305.4,169.08063309
1665033300000,20304.4,20326.7,20286,20323.9,65.21772877
1665034200000,20324.5,20371,20317.6,20318.7,46.14809639
1665035100000,20317.6,20323.5,20292.1,20304.5,30.18439695
1665036000000,20304.4,20304.4,20239.5,20256.9,143.65095885
1665036900000,20256.5,20260,20189.2,20215.1,62.48567102
1665037800000,20215,20252.1,20205.1,20227.5,56.16248314
1665038700000,20227.5,20252.2,20170,20173.8,71.5054073
1665039600000,20173.8,20230,20162.2,20229.9,68.11904026
1665040500000,20230,20237.9,20191,20222.5,39.24604711
1665041400000,20223.2,20224.1,20192,20210.2,14.15774807
1665042300000,20210.2,20258.1,20167.7,20223.3,94.6089866
1665043200000,20222.4,20250,20187.1,20199.1,64.39691013
1665044100000,20199.1,20216.3,20111.4,20158.7,91.22545439
1665045000000,20158.7,20190,20104.3,20130.6,69.68937862
1665045900000,20130.6,20153.8,20115.7,20139.6,61.04618974
1665046800000,20139.5,20180.9,20125,20138.3,72.01485195
1665047700000,20137.7,20163,20130.1,20161.9,40.12599647
1665048600000,20161.9,20182.1,20155,20181.3,24.17468531
1665049500000,20181.6,20181.6,20089.1,20096.2,87.56638684
1665050400000,20096.1,20131.9,20086.3,20130.4,33.80834466
1665051300000,20130.5,20138.8,20089.3,20118.7,43.80566543
1665052200000,20118.7,20153.7,20118.4,20147.1,18.41431925
1665053100000,20145.7,20147.3,20111.7,20130.4,26.63257905
1665054000000,20129.5,20162,20129.1,20136.5,27.77512193
1665054900000,20136.6,20169,20127.5,20132.3,33.49722755
1665055800000,20132.4,20234.4,20132.3,20205.1,55.8106354
1665056700000,20206,20258.1,20185.1,20243,55.72754731
1665057600000,20243.1,20291.1,20191,20227.6,142.09732845
1665058500000,20228.3,20228.3,20157.6,20203,55.24316544
1665059400000,20203.1,20321.7,20203.1,20274,78.73916035
1665060300000,20273,20287,20176.3,20190,83.89606428
1665061200000,20190,20194.9,20100.1,20126.5,97.14638447
1665062100000,20127.5,20135.6,20044.3,20077.3,102.18541207
1665063000000,20078.2,20294.3,20074.9,20252.1,135.70450728
1665063900000,20253.1,20262.7,20107.4,20110.5,98.99999493
1665064800000,20110.4,20110.4,19900,19945.8,345.41586343
1665065700000,19945.3,19989.2,19881,19884.4,129.04250073
1665066600000,19883.5,20065,19881.6,20020.2,239.21173868
1665067500000,20020.1,20118.5,19990.8,20105.9,116.28023705
1665068400000,20105.5,20107.4,20000.2,20000.3,77.32072061
1665069300000,20001.9,20118.4,19991.7,20096.3,125.29408987
1665070200000,20097.2,20108.3,20050.3,20057.9,56.24033437
1665071100000,20058.5,20117,20012,20016.1,54.23644031
1665072000000,20014.1,20051.2,19953.2,19991.6,1218.57970945
1665072900000,19993.1,20066.1,19993.1,20064.7,81.68362545
1665073800000,20066.2,20091.3,20022.9,20090.2,35.56869915
1665074700000,20090.3,20104.4,20059.2,20059.2,38.7101408
1665075600000,20059.2,20098.3,20018.8,20098.3,42.21660703
1665076500000,20098.3,20256.5,20070,20135.6,1418.75277933
1665077400000,20135.5,20135.6,20077.3,20105.4,44.96003816
1665078300000,20105.4,20138.6,20088.3,20113,40.56456086
1665079200000,20113.1,20113.1,20044.9,20083.7,48.2821149
1665080100000,20083.8,20099.7,20044.6,20076.3,53.75099056
1665081000000,20075.3,20101.1,20036.6,20054.9,54.19742053
1665081900000,20054.9,20054.9,19983.1,20016.1,78.3545984
1665082800000,20016.1,20043.1,19987.2,20043.1,34.32657089
1665083700000,20043.2,20061.9,20020,20049.9,19.77511565
1665084600000,20050,20059.2,20030.4,20037.1,10.55317736
1665085500000,20036.2,20060,20006.1,20010.1,32.80311655
1665086400000,20010.1,20029.1,20002.1,20028.1,14.15537316
1665087300000,20029.1,20062.2,20024.2,20062.2,22.05936985
1665088200000,20062.5,20070.2,20035.1,20037.5,10.50962285
1665089100000,20037.5,20048.2,20024.1,20047.2,25.21391733
1665090000000,20047.4,20047.4,19965.3,19981.1,51.18839389
1665090900000,19981.1,20018.6,19914.1,19949.7,72.64563374
1665091800000,19949.7,19952.2,19910,19938.1,35.36412444
1665092700000,19938,19976.1,19883.9,19913.3,53.50953245
1665093600000,19913.3,19948,19855.7,19918.3,125.20059782
1665094500000,19919.2,19941.9,19890.5,19923.4,18.5808867
1665095400000,19923.5,19939,19894.5,19933.2,28.22020803
1665096300000,19933.3,19934.2,19890.8,19898.3,22.04491162
1665097200000,19898.4,19950.2,19873.5,19946.1,45.66935769
1665098100000,19945.2,19963.1,19925.3,19960,42.73567865
1665099000000,19960.1,19972.1,19935.1,19948.3,16.1131936
1665099900000,19948.3,19961.1,19930.3,19961.1,11.31390996
1665100800000,19962.1,20020.8,19945.3,20012,23.23039857
1665101700000,20011.5,20049.4,19992.1,20039,67.36736633
1665102600000,20039,20051.1,20000.3,20017.3,18.17622968
1665103500000,20017.1,20018.1,19992,19993.4,11.97240858
1665104400000,19993.1,19996.6,19967.4,19995.1,17.24597327
1665105300000,19994.2,20018.1,19975.1,20014,30.37790845
1665106200000,20014.1,20018.1,19982.1,20017.2,14.13525306
1665107100000,20017.1,20017.1,19986.1,19995.2,26.71202083
1665108000000,19995.2,20001.1,19970.2,19982.9,19.85055592
1665108900000,19982.9,20038.1,19982.9,20027.1,20.94890943
1665109800000,20028.1,20052.8,20021.9,20038,22.76731326
1665110700000,20037.1,20037.1,20006.1,20015.9,13.55996646
1665111600000,20016,20030,20010.6,20011,30.01978537
1665112500000,20010.6,20020.1,19984.2,19996.6,15.15522188
1665113400000,19996.7,20017.1,19990.3,20017.1,11.56106256
1665114300000,20017.1,20018.1,19981.2,19984.5,42.08280914
1665115200000,19984.4,20004.7,19976.1,20000.2,8.97982354
1665116100000,20001.3,20010.7,19990,20000,8.52507319
1665117000000,20000,20009,19973.4,19976.2,25.2300909
1665117900000,19976.1,19981.1,19940,19941.2,12.16905549
1665118800000,19941.3,19951.5,19912.6,19921.3,101.06797136
1665119700000,19921.2,19954.2,19921.2,19946.1,12.5748664
1665120600000,19946.1,19985.1,19938.3,19977.3,14.5361112
1665121500000,19977.2,19995,19969.1,19969.1,15.83774785
1665122400000,19969.2,19976.5,19947.2,19961.2,18.18558632
1665123300000,19961.1,19961.1,19811.1,19828.6,191.98347812
1665124200000,19828.6,19878.5,19825.9,19857.5,77.81772389
1665125100000,19857.4,19872.5,19843.6,19851.8,18.59844885
1665126000000,19852,19922.6,19847.9,19905.3,82.59255748
1665126900000,19906.2,19930.8,19895.4,19900.5,42.76241992
1665127800000,19900.4,19938.1,19891.2,19932.2,53.79890153
1665128700000,19932.5,19947.2,19923.6,19928.2,59.71561412
1665129600000,19928.2,19965.1,19920.3,19961,12.09472274
1665130500000,19961.1,19995,19958.8,19966.2,66.17631369
1665131400000,19966.3,20050.1,19966.2,19995.5,1177.53719971
1665132300000,19995.5,20000.1,19970,19973.1,47.32595804
1665133200000,19973.1,19999,19972.9,19998.9,20.08864964
1665134100000,19998.9,20025.2,19981,19987.1,42.73500896
1665135000000,19986.2,20007,19978.1,19980.4,18.93373335
1665135900000,19979.9,19984,19961.1,19977,27.63386071
1665136800000,19977,19981.1,19938.2,19938.2,36.16503654
1665137700000,19938.2,19956.2,19930.2,19946.2,22.16394331
1665138600000,19946.2,19972,19946.2,19955.2,37.70089967
1665139500000,19955.1,20005.9,19945.8,19997.1,32.65768119
1665140400000,19996.3,20002.5,19979.2,19981.3,21.73681558
1665141300000,19981.2,20002.1,19964.1,19991.2,10.72213001
1665142200000,19991.2,20010.2,19970.9,19983.2,22.85080254
1665143100000,19983.1,20018.2,19969.1,20000.1,23.4924156
1665144000000,20000.1,20018.3,19981.9,19998.1,21.80465816
1665144900000,19998,20050,19770.2,20020,985.60099808
1665145800000,20020,20048.2,19678.4,19784.3,1415.26899011
1665146700000,19783.3,19783.3,19473.6,19618.8,1104.60991794
1665147600000,19618.2,19642.8,19510,19639.9,301.00663438
1665148500000,19641.3,19704.3,19599.9,19622.8,193.92178348
1665149400000,19622.7,19661,19562.5,19592.3,202.80321314
1665150300000,19591.5,19606.5,19547.4,19603.8,129.31462878
1665151200000,19603.8,19652,19559.9,19638.6,127.83141198
1665152100000,19640,19700,19625.4,19650.4,99.15888153
1665153000000,19653.1,19659.6,19603.6,19650.2,44.82056417
1665153900000,19651.9,19685.4,19640.4,19645.2,63.68697037
1665154800000,19645.1,19652,19590,19601.2,54.02238229
1665155700000,19601.2,19621.7,19550,19588.2,261.55077241
1665156600000,19588.2,19611,19530.1,19553.5,157.08628858
1665157500000,19553.5,19589.6,19546.3,19579,134.28531527
1665158400000,19579,19607.4,19528.8,19588.1,215.43307371
1665159300000,19588,19595.4,19350.1,19386.8,590.36052173
1665160200000,19388.6,19429.6,19320.5,19411.1,1420.52313578
1665161100000,19411.1,19415,19376.2,19404.2,102.04801668
1665162000000,19404.6,19437.8,19366.9,19437.8,50.3643593
1665162900000,19437.8,19457.4,19417.8,19443,48.00930531
1665163800000,19443.9,19482.7,19425.9,19475.8,58.76908443
1665164700000,19474.9,19474.9,19398.3,19419.9,50.70860868
1665165600000,19419.9,19454.3,19404.2,19444.1,56.170153
1665166500000,19445,19474.5,19418.8,19420.1,43.44480925
1665167400000,19420,19456.6,19377,19425.5,60.31315739
1665168300000,19425.9,19460.5,19415.6,19455.7,48.44167605
1665169200000,19455.8,19486.4,19455.8,19458.6,58.00114994
1665170100000,19457.6,19458.6,19405.1,19432.3,62.10749722
1665171000000,19433.3,19453,19411.9,19442.3,19.70395214
1665171900000,19442.1,19470.3,19429.5,19462.5,35.82982055
1665172800000,19463,19471.7,19450,19459.5,13.92727861
1665173700000,19459.6,19543.5,19446.9,19543.5,42.55256969
1665174600000,19543.6,19543.6,19499.6,19521.9,47.92184261
1665175500000,19521.1,19567.6,19517,19547.4,79.37536953
1665176400000,19547.5,19600.1,19528.2,19588.4,1045.3419853
1665177300000,19588.3,19640.4,19575.8,19606.5,48.3640392
1665178200000,19606.1,19631.6,19575.6,19594.4,34.97149622
1665179100000,19594.4,19595,19551.6,19568,17.79721235
1665180000000,19568.8,19585.9,19549.4,19574.8,23.61534865
1665180900000,19574.8,19597.7,19559.1,19560.7,47.75263544
1665181800000,19559.4,19574.5,19545.2,19572.7,20.17567316
1665182700000,19572.7,19572.7,19551.2,19551.2,25.49222769
1665183600000,19551.3,19567.9,19536.6,19540.5,52.28855346
1665184500000,19540.5,19566.6,19540.5,19554.4,42.47202658
1665185400000,19554.5,19554.5,19511.3,19531.6,10.18060806
1665186300000,19531.7,19550.4,19518.1,19529.6,28.53725515
1665187200000,19529.6,19564.8,19518.1,19560.9,18.87093978
1665188100000,19561,19626.2,19560.9,19592.1,88.37461998
1665189000000,19592.1,19599.1,19544.5,19549.3,177.7195866
1665189900000,19549.3,19585.4,19535.8,19571.9,38.8853456
1665190800000,19571.8,19575.5,19545,19564.7,76.71127355
1665191700000,19564.6,19577.6,19562,19571.8,20.62341993
1665192600000,19571.9,19593.3,19559.9,19584.6,29.50614247
1665193500000,19584.6,19596,19578.9,19592.1,9.85900601
1665194400000,19591.9,19598.5,19586.6,19597.2,9.29619024
1665195300000,19597.3,19598,19572.7,19575,10.28122943
1665196200000,19574.9,19581.6,19571.4,19576.6,15.99997178
1665197100000,19576.6,19576.6,19539.5,19560.9,30.53414765
1665198000000,19561,19565.4,19524.5,19528.2,104.82454212
1665198900000,19528.3,19533.6,19511.4,19526.5,47.89176651
1665199800000,19526.5,19546.3,19526.5,19533.5,29.02556385
1665200700000,19533.6,19540.2,19495.4,19503.2,52.15857612
1665201600000,19503.3,19518,19502.5,19510.1,14.08518068
1665202500000,19510.1,19520.9,19508,19510.2,16.25952136
1665203400000,19510,19512,19444.9,19474.4,64.72450356
1665204300000,19474.4,19484,19427.1,19444,75.44539729
1665205200000,19443.5,19463.5,19438.2,19461.1,48.36484864
1665206100000,19461.5,19483.9,19461.5,19468.5,27.8722344
1665207000000,19468.4,19502,19468.4,19502,19.56701442
1665207900000,19502,19520.4,19492.9,19507.4,6.83758342
1665208800000,19508.3,19519.5,19471.3,19481.1,43.03442427
1665209700000,19481.6,19507.8,19480.1,19507.8,17.8934704
1665210600000,19506.7,19509.8,19490.7,19494.7,8.82762379
1665211500000,19494.7,19544.6,19484,19513.2,46.44167255
1665212400000,19513.2,19518,19494.6,19496.8,27.86298231
1665213300000,19497.3,19523.7,19495.2,19522.6,66.61394039
1665214200000,19520.5,19527.8,19508.4,19520.7,33.80316707
1665215100000,19520.7,19520.9,19494.4,19498.9,21.28492372
1665216000000,19499,19514.1,19497.2,19497.2,17.62322649
1665216900000,19497.7,19506.3,19477.1,19478.2,10.27638491
1665217800000,19478.1,19499.5,19460,19485,148.61285326
1665218700000,19484.9,19498.4,19452.8,19467.3,69.45067478
1665219600000,19467.3,19506.7,19467.3,19495.4,24.72262661
1665220500000,19494.7,19504.4,19489.7,19489.7,21.00059983
1665221400000,19489.4,19507,19476.4,19503.4,38.33750719
1665222300000,19503.3,19512.3,19485.8,19500.2,22.24178301
1665223200000,19500.3,19521,19498.8,19517.8,24.57446674
1665224100000,19518.7,19525.3,19497.3,19500.3,21.38241331
1665225000000,19500.3,19503.4,19487.4,19500.5,14.04374602
1665225900000,19500.6,19510.8,19498.8,19502,10.79567498
1665226800000,19501.9,19507.7,19485,19504.5,50.67802606
1665227700000,19504.6,19527.5,19500.4,19526.1,18.14473443
1665228600000,19526.1,19544.4,19523.8,19540.5,41.52585254
1665229500000,19542.4,19542.4,19512.8,19536.7,40.65902751
1665230400000,19536.6,19538.6,19478.2,19490.7,52.9613656
1665231300000,19490.7,19512.6,19490.2,19506.1,25.95438205
1665232200000,19505.7,19509.2,19499.4,19509.2,8.35021523
1665233100000,19509.7,19519,19506.3,19516.7,17.74019029
1665234000000,19516.8,19516.9,19491.7,19493.6,8.14642219
1665234900000,19493.6,19509.1,19485.9,19505.4,28.89355685
1665235800000,19505.3,19505.3,19474.3,19488,13.64012721
1665236700000,19488.7,19495.4,19477.3,19481.9,14.62327414
1665237600000,19481.9,19489.4,19456.6,19471.2,13.44080107
1665238500000,19472,19478.1,19438.2,19444,53.73390195
1665239400000,19444.5,19489,19416.4,19482.6,24.67176226
1665240300000,19482.7,19500.9,19481,19497.6,17.27205435
1665241200000,19497.6,19503.4,19485.9,19492.7,12.93619461
1665242100000,19492.8,19492.8,19468.9,19470.3,6.19833717
1665243000000,19470.3,19485.8,19464.1,19482.2,18.61737591
1665243900000,19482.7,19501,19482.6,19488.8,32.8308262
1665244800000,19488.9,19498,19469.6,19495.6,20.0636422
1665245700000,19494.8,19498,19476.4,19497.9,11.50891536
1665246600000,19498,19531.3,19493,19514.2,18.21138427
1665247500000,19514.2,19530,19513.7,19528.4,26.4252851
1665248400000,19528.5,19530,19490.7,19492.8,14.92416752
1665249300000,19492.7,19500.1,19486.3,19497.4,8.50867464
1665250200000,19497.4,19497.4,19479.2,19488,13.70438075
1665251100000,19488.5,19507.7,19488.4,19499.9,3.57097474
1665252000000,19499.8,19507.3,19484,19506.1,5.00928824
1665252900000,19506.1,19512,19496.6,19497.9,3.69781879
1665253800000,19498,19504.5,19490.1,19497.9,7.11398894
1665254700000,19498,19500,19464.1,19475.6,36.45860015
1665255600000,19475.6,19475.6,19456.3,19464.4,20.7172822
1665256500000,19463.6,19467.3,19459.6,19464.5,6.95017753
1665257400000,19464.5,19464.9,19439.3,19450.7,22.81402287
1665258300000,19450.8,19472.1,19450.8,19469,6.67228482
1665259200000,19469.1,19469.1,19431.4,19435.2,42.70714031
1665260100000,19435.2,19481,19426.7,19471.3,23.13487771
1665261000000,19471.3,19473.9,19445.3,19447,7.6107592
1665261900000,19447,19461.3,19420.7,19450.8,45.89314901
1665262800000,19450.8,19459.6,19438,19440,19.85320131
1665263700000,19440,19440,19426.6,19426.6,8.11622289
1665264600000,19426.7,19430,19215.9,19336.4,309.20657146
1665265500000,19336.9,19336.9,19270.2,19313.5,214.80978546
1665266400000,19314.1,19314.1,19270,19291.1,66.26390162
1665267300000,19291.1,19356.2,19278.6,19353.9,22.75554616
1665268200000,19354.8,19370.8,19343.3,19358.5,27.26180234
1665269100000,19358.5,19369.5,19339.3,19358.6,22.15639312
1665270000000,19359.6,19418,19358.7,19409.6,66.67359916
1665270900000,19409.6,19415.8,19387.7,19410.4,27.16882425
1665271800000,19410,19440.5,19406.1,19414.9,25.06308842
1665272700000,19413.9,19418.7,19389,19413.2,36.58289903
1665273600000,19413.3,19449.5,19395.5,19438.2,24.55458404
1665274500000,19439,19445.2,19399.3,19401.7,19.45747669
1665275400000,19400.4,19421.6,19382.1,19392.5,17.21067256
1665276300000,19392.5,19404.2,19385.9,19394.8,14.38015082
1665277200000,19394.8,19415.6,19387.7,19405.1,15.57649508
1665278100000,19405.6,19426.6,19403.4,19416.7,10.27921969
1665279000000,19415.9,19415.9,19367.3,19375,31.00474196
1665279900000,19374.9,19405.1,19372.2,19405.1,19.51304287
1665280800000,19405,19412.8,19384.8,19393.5,32.35451581
1665281700000,19392.6,19393.2,19376.4,19384.1,16.54690518
1665282600000,19384,19402.1,19368,19368,28.95952916
1665283500000,19368.9,19383.7,19366.4,19366.4,13.05017049
1665284400000,19366.5,19380.9,19363.5,19370.7,8.2457428
1665285300000,19370.7,19388.7,19367.7,19377.2,12.56822549
1665286200000,19377.3,19377.3,19344,19344,25.71151894
1665287100000,19344.1,19376.3,19332.1,19369.3,19.93498123
1665288000000,19368.3,19380.6,19345.7,19350.9,32.11299011
1665288900000,19350.9,19357.3,19323,19341.2,23.10360755
1665289800000,19340.4,19366.1,19340.3,19365.2,14.5340632
1665290700000,19364.4,19387.6,19350,19387.6,30.1551736
1665291600000,19385.9,19406.2,19384.8,19391.2,63.50160715
1665292500000,19391.2,19395.4,19382.3,19395.4,24.39645274
1665293400000,19396.4,19413.9,19390.6,19400.1,30.27406649
1665294300000,19400.1,19417.6,19400.1,19410.4,8.51291204
1665295200000,19410.5,19431.7,19410.5,19427.5,19.35446601
1665296100000,19427.1,19427.1,19394.3,19400.1,10.65228525
1665297000000,19400.1,19410,19386.3,19401.3,11.78153232
1665297900000,19401.2,19434.5,19401.2,19425.6,21.94556523
1665298800000,19425.7,19435.5,19411.9,19422.6,33.28505532
1665299700000,19421.8,19423.5,19405.4,19410,17.17080715
1665300600000,19410.1,19422.6,19409,19413.6,8.09186492
1665301500000,19413.6,19420.6,19407.7,19407.7,15.66282032
1665302400000,19407.7,19430.3,19407.7,19422.7,24.4626834
1665303300000,19422.8,19426.5,19391.1,19396.9,19.97065747
1665304200000,19396.5,19396.5,19375,19376.4,20.18492762
1665305100000,19376.4,19398.4,19376.1,19396.9,10.94639773
1665306000000,19397,19402.2,19382.6,19385.8,10.91007125
1665306900000,19385.9,19406.9,19385.9,19403.1,9.97796788
1665307800000,19403.1,19416.8,19397.4,19412.5,11.69695848
1665308700000,19412.5,19417.7,19404.8,19414.9,18.29471339
1665309600000,19415,19423.4,19402.7,19407.8,17.15458839
1665310500000,19407.2,19427,19407,19416.7,19.46178146
1665311400000,19416.6,19538.8,19416.6,19534.1,217.12081092
1665312300000,19534.5,19543.2,19452.2,19486.9,50.93672308
1665313200000,19488.6,19520,19488.6,19506.3,31.18739511
1665314100000,19506.3,19549.5,19506.2,19524.7,52.44639588
1665315000000,19524,19525.7,19494.7,19503.4,16.80489829
1665315900000,19502.9,19510,19463.6,19468,9.8578189
1665316800000,19468,19487.2,19466.1,19483.7,12.12701204
1665317700000,19483.8,19527.9,19483.7,19507.3,41.02175856
1665318600000,19508,19543.3,19508,19512.2,61.78890791
1665319500000,19512.3,19518.2,19498.5,19498.7,16.73703141
1665320400000,19498.7,19520,19492.8,19502.3,27.55200697
1665321300000,19501.5,19504.2,19489,19490.5,10.24867294
1665322200000,19490.6,19497.4,19470.2,19494.6,135.69227556
1665323100000,19494.6,19494.6,19463.9,19463.9,29.93438605
1665324000000,19464,19496.5,19463.8,19492.8,56.40084868
1665324900000,19492.8,19493.5,19479.8,19487.8,22.57453911
1665325800000,19487.9,19510.1,19487.9,19505.4,29.9921587
1665326700000,19505.3,19525.7,19500.5,19503.5,21.72083217
1665327600000,19503.5,19524.7,19503.4,19522.8,44.26999128
1665328500000,19523.2,19547.4,19510.8,19514.1,50.50760516
1665329400000,19514.1,19519,19504.5,19511.2,17.26467873
1665330300000,19511.5,19537.4,19511.5,19536.2,28.61488143
1665331200000,19536.2,19558.9,19481.1,19491.1,513.955178
1665332100000,19490.7,19500,19481,19500,392.72336779
1665333000000,19500,19500,19484,19495.7,301.80106877
1665333900000,19495.4,19510,19486.9,19506.2,87.26325482
1665334800000,19506.3,19507,19485.6,19485.6,34.68948202
1665335700000,19485.7,19495.5,19478.2,19489.5,19.21176945
1665336600000,19489.6,19503.3,19489.6,19501.2,4.54701274
1665337500000,19501.3,19501.4,19472.2,19481.8,18.10617917
1665338400000,19481.9,19494,19478.2,19480.7,8.05046183
1665339300000,19480.7,19486.7,19472.3,19472.3,6.46322031
1665340200000,19472.3,19488.3,19469,19488.3,13.46307059
1665341100000,19488.3,19524.6,19486.8,19521,25.52415848
1665342000000,19521,19535.4,19340,19440.4,362.34815282
1665342900000,19440.7,19440.8,19390.1,19437.2,55.86210928
1665343800000,19436.2,19477.9,19426.9,19464.7,16.01785912
1665344700000,19464.8,19489,19452.8,19467.1,10.57481983
1665345600000,19467.2,19467.3,19423.8,19444.9,50.23090361
1665346500000,19444.8,19448.6,19426.6,19432.8,13.30061259
1665347400000,19432.8,19457.5,19426.8,19457.5,23.96090628
1665348300000,19457.5,19486.5,19453.4,19484.7,11.02784275
1665349200000,19483.9,19483.9,19464.9,19470.3,21.15763774
1665350100000,19470.4,19470.4,19449.8,19460.4,11.5803483
1665351000000,19460.4,19460.4,19450,19459.9,30.44026763
1665351900000,19459.8,19496.4,19459.8,19480.2,12.72021783
1665352800000,19480.1,19480.1,19412.1,19434.5,71.89648934
1665353700000,19435.1,19452.5,19369.8,19385.6,84.68474557
1665354600000,19386.2,19411,19384.6,19403,31.60575124
1665355500000,19403,19416.2,19392.8,19398.4,15.29966074
1665356400000,19398.5,19415.6,19371.2,19402.2,26.53263279
1665357300000,19402.8,19417.4,19402.3,19410,12.42823247
1665358200000,19410,19448.2,19375,19442.2,68.93363773
1665359100000,19442.9,19446.8,19430.2,19441.3,17.378854
1665360000000,19441.3,19441.3,19411,19424.3,23.28639887
1665360900000,19424.4,19456.4,19405.3,19414.7,72.84559309
1665361800000,19414.7,19476.2,19406.1,19468.5,32.49838698
1665362700000,19468.5,19519.2,19467.3,19491.7,98.54551766
1665363600000,19492.1,19518.7,19492.1,19499.3,27.75852116
1665364500000,19499.4,19507.4,19468.4,19501.3,42.96412559
1665365400000,19501.2,19513,19488,19505.9,20.6015062
1665366300000,19507,19522.7,19497.5,19500.2,26.45156081
1665367200000,19500.3,19501.4,19473.5,19480,31.08230631
1665368100000,19479.8,19481.9,19454,19475.1,35.31421026
1665369000000,19475.2,19491.7,19472.3,19481.9,19.38327417
1665369900000,19481.9,19486.3,19460.9,19471.2,25.36911862
1665370800000,19471.2,19479.9,19461.9,19478,20.95684924
1665371700000,19478.1,19479.9,19452,19459.5,7.71015415
1665372600000,19459.6,19459.6,19430.3,19431.9,24.5719836
1665373500000,19431.9,19451.5,19431.8,19451.5,41.17765035
1665374400000,19451.5,19452.1,19441,19448.4,12.37889664
1665375300000,19447.8,19447.8,19422.7,19429.9,23.58599138
1665376200000,19430,19467.1,19425.6,19467.1,18.27129666
1665377100000,19467.2,19480.1,19460.6,19470.2,26.51530401
1665378000000,19470.1,19470.1,19445.9,19446,8.47352799
1665378900000,19446,19470.3,19444,19466.2,19.03152255
1665379800000,19466.1,19466.2,19383.9,19401.9,108.37488434
1665380700000,19402,19413.4,19395.5,19411.1,17.18790563
1665381600000,19411.1,19433.6,19381.9,19426.4,33.73614539
1665382500000,19426.3,19435.3,19416.4,19421.4,24.1572035
1665383400000,19422.4,19427,19391.9,19400.6,35.93392318
1665384300000,19400.3,19405.9,19371.4,19393.4,55.18013023
1665385200000,19393.4,19431.2,19389.6,19421,64.49570863
1665386100000,19420.6,19444,19405.1,19415,21.4444553
1665387000000,19415,19431.5,19407.1,19420.7,42.05827103
1665387900000,19420.7,19422.6,19407.5,19410.3,18.29792907
1665388800000,19410.3,19416.4,19261.8,19300.1,302.22298081
1665389700000,19300,19324.6,19163.2,19198.6,377.33575611
1665390600000,19198.6,19228.1,19127.3,19227.9,195.78967826
1665391500000,19227.9,19247.9,19210,19236.4,46.75734667
1665392400000,19236.2,19270.8,19227.4,19261.1,44.97958072
1665393300000,19261,19291,19248.7,19275.9,49.00530538
1665394200000,19276,19291.6,19259.2,19291.4,20.31500487
1665395100000,19291.4,19341.9,19288,19334.5,90.10886304
1665396000000,19334.4,19349.2,19321.1,19334.2,71.05658456
1665396900000,19334.3,19342.1,19288.1,19291,35.18423862
1665397800000,19291,19328.8,19291,19311.4,67.99040028
1665398700000,19311.3,19322.9,19274.8,19276.8,25.76863886
1665399600000,19276.8,19320.2,19276.8,19316.1,41.80034347
1665400500000,19316.2,19365,19316.2,19353.7,54.11323347
1665401400000,19353.7,19371.7,19324.9,19341.2,70.32701415
1665402300000,19341.2,19348.1,19331.7,19333.2,9.55807264
1665403200000,19333.4,19358.5,19332.6,19332.6,35.65205863
1665404100000,19332.6,19365.9,19315.3,19365.9,25.24770642
1665405000000,19365.9,19400,19361.1,19373.1,68.97481216
1665405900000,19373.1,19434.1,19373,19419.6,55.09263892
1665406800000,19419.7,19437.5,19394.5,19400,55.27729798
1665407700000,19400,19412.9,19381.9,19382.8,27.47000751
1665408600000,19382.8,19398.2,19330.1,19366.7,114.59637598
1665409500000,19366.7,19380.9,19299,19313.1,66.7072879
1665410400000,19313.8,19338.3,19299.1,19327.7,44.04329784
1665411300000,19326.8,19375.1,19318,19365.6,42.52786838
1665412200000,19365.5,19393.3,19243.4,19273.2,173.76973573
1665413100000,19273.1,19307,19225.1,19260.7,175.42003926
1665414000000,19260.6,19284.7,19227.9,19283.9,53.11620338
1665414900000,19283.8,19315.8,19267.3,19286.7,43.13631317
1665415800000,19286.7,19307.2,19233.7,19249.6,54.89988041
1665416700000,19249,19300.8,19232,19271.4,165.24301064
1665417600000,19270.1,19289.9,19241,19248.2,37.15674015
1665418500000,19248.5,19257.4,19103,19194.2,480.68818629
1665419400000,19194.2,19238,19186.2,19221.8,55.6798125
1665420300000,19223,19229.9,19135.5,19142.2,76.91920491
1665421200000,19142.2,19209.8,19122.4,19197.4,57.2232132
1665422100000,19197.9,19215.8,19176.6,19203.6,41.42256211
1665423000000,19203.6,19265,19203.5,19229.6,25.27038034
1665423900000,19229.5,19356.6,19221.3,19322.4,107.10271503
1665424800000,19322.7,19330.9,19278.5,19282.4,37.63137897
1665425700000,19282.4,19302.4,19251.5,19271.7,19.30668501
1665426600000,19272.4,19309.3,19252.1,19252.5,34.26063178
1665427500000,19252.5,19252.6,19184.5,19216.4,148.82903986
1665428400000,19216.4,19230.7,19192.7,19223.4,29.6831786
1665429300000,19223.6,19260.1,19206.4,19219,20.4676692
1665430200000,19219,19237.5,19197.3,19212.3,24.51512407
1665431100000,19212.3,19245.9,19207.9,19212.1,34.00249838
1665432000000,19212.3,19241.9,19211.4,19239.9,10.84498184
1665432900000,19240.2,19255.8,19234.2,19241.4,20.03437879
1665433800000,19241.5,19255.3,19224.7,19226.5,8.49222585
1665434700000,19226.5,19243.7,19226.5,19241.2,6.83109013
1665435600000,19241.3,19278.7,19241.3,19259.3,15.32063065
1665436500000,19259.3,19263.2,19241.9,19252.6,7.49776331
1665437400000,19252.6,19252.7,19226.9,19233.7,3.72668656
1665438300000,19233.6,19245.2,19229.5,19245.1,3.69590556
1665439200000,19245.1,19251.2,19020,19097.1,605.90523359
1665440100000,19097.1,19165.3,19066.9,19161.2,128.98219943
1665441000000,19161.2,19174.9,19105.8,19123.9,142.34175217
1665441900000,19124.1,19153.1,19122.4,19132.4,28.19529867
1665442800000,19132.2,19175.1,19128.8,19169.9,96.04199365
1665443700000,19169.8,19197.1,19169.8,19185.1,37.28393524
1665444600000,19185.2,19188,19155.8,19163,18.35180377
1665445500000,19162,19162,19122.4,19129.1,36.7760797
1665446400000,19130.1,19130.1,18954,18988.2,491.07547431
1665447300000,18987.3,19040.7,18966.1,19037.7,133.63526078
1665448200000,19037.1,19080,19027.7,19044.4,181.86008885
1665449100000,19044.2,19052.7,19001.8,19042.1,47.11930655
1665450000000,19042.8,19070.3,19017.2,19050,29.81563176
1665450900000,19050.1,19065.7,19034.3,19058.5,25.82955594
1665451800000,19058.6,19058.7,18960,19003,95.77932986
1665452700000,19003,19046,18972.8,19032.2,67.88988759
1665453600000,19032.2,19032.3,18964.9,18993.7,142.39037352
1665454500000,18993.7,19039.1,18957.3,19028.1,116.27264865
1665455400000,19028.1,19052.3,19025.7,19042.5,27.91103346
1665456300000,19042.5,19061.3,19040.9,19055,46.85642911
1665457200000,19054.9,19074.9,19048.6,19067.2,34.48478871
1665458100000,19067.2,19091.3,19052.6,19058.9,23.73359356
1665459000000,19059,19080.3,19035,19038.1,25.39307609
1665459900000,19038.1,19065.8,19038.1,19043,17.56013978
1665460800000,19043.4,19077.9,19027.9,19077.9,20.06863457
1665461700000,19077.9,19078.1,19030,19031.6,32.60742893
1665462600000,19031.6,19036.4,19020.2,19028.7,34.53947248
1665463500000,19028.7,19044.6,19024.6,19042.9,13.11558265
1665464400000,19043.2,19067.3,19030.6,19066.6,18.06460212
1665465300000,19066.5,19072.7,19060,19064.7,20.85328981
1665466200000,19064.5,19064.5,19029,19039,30.59298728
1665467100000,19039.1,19048.6,19026.8,19034.2,29.67740043
1665468000000,19034,19052.3,19010.7,19033.8,57.3642592
1665468900000,19033.9,19057.9,19033.9,19051.4,31.11709129
1665469800000,19051.9,19115,19051.8,19091,118.59881113
1665470700000,19091.3,19105.6,19039.9,19060.5,43.10239445
1665471600000,19060.2,19061.8,19029.6,19050.5,93.65720176
1665472500000,19051,19096.1,19051,19084.3,29.87355217
1665473400000,19084.1,19105.5,19083.1,19087.8,25.89894382
1665474300000,19087.6,19090,19060,19083.1,29.18343199
1665475200000,19083,19143.8,19080.1,19130.1,38.43227176
1665476100000,19130.1,19138.4,19110.9,19116.6,40.35651985
1665477000000,19117.9,19127.6,19107.6,19123.5,38.58474424
1665477900000,19123.4,19125.5,19092.6,19107.9,62.5606391
1665478800000,19107.6,19114.5,19092.6,19100.1,33.22439528
1665479700000,19100,19100.1,19073.6,19088.1,41.40755295
1665480600000,19088.2,19088.2,19040.7,19052.6,21.60136745
1665481500000,19052.6,19071.6,19032,19065.7,56.72839317
1665482400000,19065.8,19083.1,19045.6,19081.3,33.9923669
1665483300000,19081.2,19105.2,19050.1,19095.1,79.01298492
1665484200000,19094.3,19097.8,19063.4,19085.9,46.74038306
1665485100000,19085.5,19100.9,19083.3,19092,30.4055004
1665486000000,19092.1,19119.6,19092.1,19109.7,15.62370871
1665486900000,19109.8,19117.4,19094.1,19108.4,26.49635986
1665487800000,19108.5,19111.2,19091.4,19098.9,16.45841514
1665488700000,19098.9,19159.9,19072.5,19150.5,68.00785337
1665489600000,19150.5,19225.2,19137,19197.4,164.91127032
1665490500000,19197.5,19263.9,19197.4,19245.7,253.11149806
1665491400000,19244.9,19258,19175.1,19175.1,77.4288795
1665492300000,19175.1,19197.8,19135.8,19149,50.02359898
1665493200000,19149,19167,19123.5,19134.4,58.82033952
1665494100000,19133.6,19143.6,19099,19116.2,56.99116383
1665495000000,19116.2,19149,19051.6,19099.9,111.98219364
1665495900000,19098.9,19200.1,18978.6,18989.3,2482.52595353
1665496800000,18989.3,19036.9,18849.5,19036.9,2813.79673459
1665497700000,19036.9,19060,18986.5,19010.5,96.91679444
1665498600000,19011.2,19092.5,18991.1,19068.5,75.42296495
1665499500000,19068.5,19082.2,19030.6,19030.6,68.86097925
1665500400000,19030.5,19102.5,19030.4,19099.4,79.48859254
1665501300000,19099.4,19113.9,19071.4,19105.4,46.05717031
1665502200000,19106.5,19177,19097.8,19152.4,114.21781392
1665503100000,19153.8,19191.9,19139.8,19145.2,80.97585205
1665504000000,19146.9,19147.9,19085.5,19129.9,81.9560379
1665504900000,19131,19145.4,19098.9,19108.5,51.51793208
1665505800000,19108.6,19175.5,19107.9,19171.2,27.20303952
1665506700000,19171.2,19181.3,19141.9,19154.6,35.29507355
1665507600000,19154.8,19157.6,19132.2,19133.3,19.01033997
1665508500000,19133.3,19155.1,19120,19128.9,31.05552598
1665509400000,19128.3,19139.3,19108.4,19110.9,14.0490304
1665510300000,19111,19144.7,19107.9,19128.3,7.70656407
1665511200000,19129.6,19134.2,19040.3,19073.7,40.0938235
1665512100000,19074.3,19091,19046.1,19085.3,23.96162459
1665513000000,19085.4,19104,19034,19034,32.87210999
1665513900000,19034,19044.5,18939.9,18969.9,125.69943252
1665514800000,18970.7,19006.9,18921.7,18965.7,74.33960305
1665515700000,18965.6,19030.6,18937.8,19012.4,56.68799983
1665516600000,19011.6,19035.4,18990.1,19019,33.45221681
1665517500000,19019.1,19027.7,18979.5,18996.2,39.7868011
1665518400000,18996.1,19016.5,18989.3,19013.2,9.42513518
1665519300000,19013.2,19035.5,19013.2,19035.4,3.55367174
1665520200000,19035.4,19057,19012.4,19054.8,12.29415428
1665521100000,19054.9,19055.7,19018,19018,23.82581756
1665522000000,19018.1,19040.8,19018.1,19040.8,9.63249376
1665522900000,19040.8,19046.8,19020.5,19020.6,6.89982872
1665523800000,19021.1,19055,18998.2,19016.6,36.17469786
1665524700000,19016.4,19025.6,19005.6,19006.8,7.74622967
1665525600000,19006.7,19043.1,18997.7,19028.2,68.80206688
1665526500000,19028.1,19044.4,19021.5,19036.9,27.53043059
1665527400000,19037.3,19058.5,19034.5,19046.5,19.51950683
1665528300000,19047.4,19052.5,19038.7,19040.3,20.51087266
1665529200000,19040.4,19057,19030,19039.9,12.36425347
1665530100000,19040,19047,19007.2,19021.2,14.5891966
1665531000000,19021.3,19050,19007.4,19044.7,25.01810738
1665531900000,19044.6,19062.9,19038.2,19061.1,26.7288271
1665532800000,19060.5,19085.6,19026.1,19067.9,78.89734775
1665533700000,19067.2,19121,19064.9,19082.5,66.69754395
1665534600000,19082.6,19105.4,19057.6,19097.1,38.64708652
1665535500000,19098,19127.9,19085,19093.3,30.30477152
1665536400000,19092.4,19096.8,19068,19071.7,15.72998048
1665537300000,19071.7,19081.1,19051.3,19053.1,34.18241929
1665538200000,19053,19059.4,19034.3,19042.1,27.73340015
1665539100000,19042.1,19070.7,19040.7,19061.4,21.50139392
1665540000000,19061.2,19075.5,19050.5,19051.8,28.7323725
1665540900000,19052,19075.3,19031.6,19071,23.24804193
1665541800000,19071,19077.5,19045,19046.3,20.54492964
1665542700000,19046.3,19065.6,19046.3,19065.5,9.9636152
1665543600000,19065.6,19082.5,19065.6,19076.9,17.29712828
1665544500000,19076.9,19087.8,19061.2,19071.3,11.42510945
1665545400000,19071.4,19071.4,19048.9,19051.6,17.58320398
1665546300000,19051.7,19064.3,19042.2,19048.8,15.10134471
1665547200000,19048.8,19109.3,19044.9,19096.2,51.71022058
1665548100000,19096.2,19120.7,19096.1,19102.2,32.89770764
1665549000000,19102.5,19105.5,19082,19105.5,37.32982174
1665549900000,19104.7,19109.1,19096.5,19098.2,11.37804926
1665550800000,19099,19102.6,19076.3,19085.7,17.8357747
1665551700000,19085.4,19085.9,19073.4,19084,11.01392086
1665552600000,19084,19109.8,19076.1,19107.3,17.47403475
1665553500000,19107.3,19138.7,19104.4,19115.7,65.74956276
1665554400000,19115.5,19131.6,19092.2,19120,18.42751916
1665555300000,19120.7,19151.1,19103.6,19148,68.71779291
1665556200000,19147.9,19178.3,19128.9,19175.1,79.45894446
1665557100000,19175.1,19198.6,19146.1,19151.8,68.18261098
1665558000000,19152.7,19153.6,19130.9,19136.9,44.0111381
1665558900000,19136.8,19160.9,19098,19102.7,57.15646989
1665559800000,19102.7,19117.1,19084.2,19100.4,48.2985652
1665560700000,19100.4,19118.5,19100.4,19114.7,34.54451746
1665561600000,19114.6,19136.2,19092.6,19099,31.68075817
1665562500000,19098.9,19142.5,19098.3,19133.7,43.09652229
1665563400000,19133.8,19137.6,19122.1,19122.1,37.0275189
1665564300000,19122.2,19156.1,19122.2,19144.6,32.1337341
1665565200000,19144.5,19165.3,19137.6,19154.4,19.3271803
1665566100000,19154.5,19199.9,19154.5,19195.9,34.50824406
1665567000000,19195.9,19197.1,19164.1,19181.3,60.0837651
1665567900000,19181.3,19189.6,19170,19173.7,17.68895835
1665568800000,19173.7,19185,19166.9,19170,21.64023504
1665569700000,19170,19187.4,19141.6,19144.4,17.76083538
1665570600000,19144.4,19147,19127,19139.8,25.9043002
1665571500000,19139.9,19157.2,19131.6,19153.1,24.87047593
1665572400000,19153.1,19157.9,19128,19152.8,20.12036381
1665573300000,19152,19166,19148.8,19164.3,21.85876592
1665574200000,19165,19165.1,19136.2,19136.2,22.22310926
1665575100000,19136.3,19137.6,19111.1,19117,28.0937464
1665576000000,19117.1,19136.1,19112.8,19125.4,25.18631556
1665576900000,19126.1,19153.1,19093.1,19116.5,43.5690534
1665577800000,19115.8,19183.1,18957.1,19125.6,1094.14342498
1665578700000,19125.6,19125.6,19063.2,19076,97.97721785
1665579600000,19076,19088.9,19037.7,19069.4,96.64554268
1665580500000,19069.4,19098.9,19062.2,19074.8,62.55105403
1665581400000,19074.8,19140.8,19035.8,19140.8,133.60750876
1665582300000,19140.8,19150.5,19098.9,19116.2,99.04597136
1665583200000,19117,19136.8,19088.2,19093.9,92.00344361
1665584100000,19093.8,19114,19065.4,19102.9,59.91272596
1665585000000,19102.9,19121.9,19078,19083.1,40.73163872
1665585900000,19083.1,19109.2,19063.6,19092.8,35.48255035
1665586800000,19092.8,19107.1,19089.7,19105.1,31.94015905
1665587700000,19105,19130,19102.2,19116.1,24.22987427
1665588600000,19116.2,19122.2,19096.2,19112.4,79.94471159
1665589500000,19112.4,19150.6,19112.4,19140.1,55.81514753
1665590400000,19140.1,19156.7,19113.7,19120.2,26.88189961
1665591300000,19120.2,19129.3,19102.6,19103.7,22.87993719
1665592200000,19103.6,19109.4,19082.1,19097.7,33.96962928
1665593100000,19097.6,19102.5,19094.8,19099.1,27.6925159
1665594000000,19098.6,19109,19095.1,19104.5,29.27142461
1665594900000,19104.5,19110.4,19097,19110.4,9.90336062
1665595800000,19110.4,19110.4,19074.4,19083.9,32.00801868
1665596700000,19083.9,19092.9,19066.4,19089,33.3373215
1665597600000,19089.1,19146.7,19041.2,19145.6,187.35080669
1665598500000,19145.7,19150,19111.7,19147,44.05982846
1665599400000,19146.7,19157.9,19132.5,19142.1,19.29075491
1665600300000,19142,19149.6,19104.2,19113.7,27.89002772
1665601200000,19113.8,19125.5,19103,19120.2,10.36630401
1665602100000,19119.7,19134.3,19111.7,19125.4,15.08252342
1665603000000,19125.3,19151.7,19123.8,19151.7,11.35074093
1665603900000,19152,19173.5,19136.7,19137.3,33.69623121
1665604800000,19137.3,19146.4,19136.4,19144.4,19.13059125
1665605700000,19144.3,19150.3,19138.2,19138.2,4.19405359
1665606600000,19138.3,19153.5,19133.2,19145.1,19.9451845
1665607500000,19145,19168.1,19143.1,19168.1,10.83807029
1665608400000,19168.6,19188.8,19166.9,19188.7,30.87020454
1665609300000,19188.8,19188.8,19161.8,19166.9,10.01652494
1665610200000,19166.8,19191.2,19166.8,19179.2,4.63466114
1665611100000,19179.2,19187,19174,19176.2,10.27364275
1665612000000,19176.3,19233.7,19176.3,19202.6,98.75482117
1665612900000,19203.1,19207.3,19177.4,19177.4,19.87593286
1665613800000,19177.3,19182.1,19160.2,19171.6,19.28680639
1665614700000,19171.5,19180.4,19155.1,19155.1,11.68661363
1665615600000,19155.1,19169.8,19144.9,19161.4,19.12035696
1665616500000,19161.4,19168.8,19154,19157.4,7.62996367
1665617400000,19157.4,19160.2,19153.7,19156.3,3.72096809
1665618300000,19156.4,19159.2,19146.5,19155.2,76.90471668
1665619200000,19155.2,19172.7,19139.5,19140.4,33.84790221
1665620100000,19140.5,19165.8,19130.2,19157.3,31.11678627
1665621000000,19157.3,19163.8,19141.8,19143.9,27.9177769
1665621900000,19144,19150.2,19134,19150.2,18.50738925
1665622800000,19150.1,19153.3,19139.3,19139.3,17.4954121
1665623700000,19139.4,19143.8,19132.9,19138.2,23.57430545
1665624600000,19138.1,19139.2,19090.8,19101.4,80.69791866
1665625500000,19101.4,19116.2,19095.5,19109.1,42.79061513
1665626400000,19109,19111,19081.2,19081.7,31.29723862
1665627300000,19081.7,19089.3,19052,19057.1,56.04325852
1665628200000,19055.5,19080.9,19019,19072,140.86057951
1665629100000,19072,19095.4,19057.5,19085.8,25.02170282
1665630000000,19085.9,19105.5,19076.8,19104.3,36.03513237
1665630900000,19105.1,19114,19096.7,19099.8,24.75601655
1665631800000,19099.9,19111.8,19091.9,19095,29.12298194
1665632700000,19095,19102.3,19084.2,19089,17.24574734
1665633600000,19089.1,19089.3,19069.5,19077.1,11.80345281
1665634500000,19077.1,19093.8,19077.1,19090.8,11.42488852
1665635400000,19090.7,19092.8,19078.1,19087.2,12.94992231
1665636300000,19087.1,19096.9,19074.2,19094.5,57.7481484
1665637200000,19094.6,19094.6,19041.3,19084.9,75.10710279
1665638100000,19085,19085.1,19066.2,19075.2,15.99376916
1665639000000,19075.2,19113,19074.2,19108.1,26.19579543
1665639900000,19108.4,19110.2,19086.7,19089.2,42.27249614
1665640800000,19089.2,19101.4,19082.7,19091.8,11.74115665
1665641700000,19091.1,19099.4,19080,19080.9,23.78909941
1665642600000,19081.5,19088.6,19054,19058.8,45.48300115
1665643500000,19057.9,19074.8,19043.9,19060,21.91225009
1665644400000,19060.4,19060.4,19000,19023,137.01770338
1665645300000,19022.9,19058.1,19000.5,19052.1,105.95868071
1665646200000,19051.7,19051.7,18952.5,18995.3,224.68066853
1665647100000,18995.2,19014,18985.9,19009.2,73.60571482
1665648000000,19009.2,19009.2,18977.9,18979.7,60.59102339
1665648900000,18979.7,19008.9,18962.7,19008.8,87.20262145
1665649800000,19009,19039.5,19005.6,19011,60.87461961
1665650700000,19011,19020,19003.7,19011,33.48390411
1665651600000,19011.1,19031.1,19004.6,19022.8,24.7514486
1665652500000,19022.9,19024,19002.9,19005.4,44.77380489
1665653400000,19005.4,19018.2,19003.4,19012.2,22.429655
1665654300000,19012.1,19018,18980,18988.9,44.42902322
1665655200000,18989.8,19003,18968.2,18976.1,50.26093679
1665656100000,18976.2,18978.9,18744.8,18771.8,860.19924903
1665657000000,18770.3,18770.3,18563.1,18675.9,1216.86729329
1665657900000,18675.9,18720.6,18640,18691.8,141.5595145
1665658800000,18691.7,18717.5,18658.1,18717.4,73.61174272
1665659700000,18716.8,18725.8,18688.1,18711.7,50.30451085
1665660600000,18711.7,18829.3,18706.3,18824.1,147.87263748
1665661500000,18824.1,18824.1,18736.1,18753.4,118.69615869
1665662400000,18753.4,18776,18654.1,18735.3,116.99853253
1665663300000,18735.3,19082.5,18666.1,18796.9,967.25728793
1665664200000,18801.5,18811.1,18155,18327.1,6055.40033532
1665665100000,18329,18459.1,18270.1,18384.3,664.48520819
1665666000000,18384.9,18384.9,18281.1,18309.2,368.69235784
1665666900000,18309.2,18343.1,18275,18312.2,144.51882318
1665667800000,18312.2,18399.4,18285,18374.8,361.92096746
1665668700000,18376.2,18500,18366.2,18434,1525.5146825
1665669600000,18433.9,18493.6,18403.8,18491.1,264.93557575
1665670500000,18491.1,18491.1,18393.9,18411.1,365.09894437
1665671400000,18410.2,18453.2,18394.3,18421.8,115.07998394
1665672300000,18421.9,18452.6,18407.1,18415.6,106.54793945
1665673200000,18415.6,18590.5,18407.1,18590.5,191.30833155
1665674100000,18591.7,18855,18572.9,18802.4,1137.47097477
1665675000000,18802,19043,18792,18943,2320.43605603
1665675900000,18944.8,18984,18890.3,18955.1,326.81172476
1665676800000,18957.8,19036,18918,18933.8,165.34346156
1665677700000,18934.2,18968.3,18904.4,18940.6,76.63789733
1665678600000,18941,19194.3,18937.9,19172.3,381.2662124
1665679500000,19172.3,19173.5,19072.7,19085,111.54859497
1665680400000,19085.1,19135.7,19064.6,19087.6,42.29440516
1665681300000,19088.5,19165.4,19088.5,19113.5,103.15363394
1665682200000,19113.5,19224.2,19113.5,19153.5,129.21694452
1665683100000,19153.4,19190.4,19130.2,19157.9,50.27093276
1665684000000,19157.4,19186.2,19144.4,19170.2,49.36776283
1665684900000,19171.7,19224.3,19166.9,19169.9,57.55346696
1665685800000,19170.8,19204.9,19163.2,19204.9,57.60193123
1665686700000,19204.9,19507,19197.2,19418.8,2021.03972223
1665687600000,19419.7,19464.8,19391,19395.6,201.05946746
1665688500000,19395.6,19413.2,19322.1,19344.4,143.07409814
1665689400000,19343.7,19377.8,19322.9,19367.9,104.77732222
1665690300000,19367.9,19393,19339.5,19370.7,48.25263178
1665691200000,19370.6,19496,19357.8,19451.1,173.53310284
1665692100000,19451,19493.9,19384.3,19403,82.12528467
1665693000000,19400.2,19423.3,19374.4,19383.6,69.65634027
1665693900000,19383.6,19399.1,19366.4,19383.4,92.46022659
1665694800000,19384.3,19420.5,19379.8,19407,76.59970959
1665695700000,19407.2,19409.7,19391.6,19394.3,15.63969747
1665696600000,19394.3,19394.3,19327.5,19388.6,39.45507666
1665697500000,19388.5,19431.8,19385.8,19404.8,17.23988391
1665698400000,19404.7,19440.2,19390,19396.8,47.81602317
1665699300000,19396.3,19454.5,19396.3,19425.2,57.38214399
1665700200000,19425.2,19440.7,19416.7,19440.7,32.45914793
1665701100000,19441,19450,19420.2,19432.8,36.40326974
1665702000000,19432.2,19440.6,19400,19404.5,51.18882827
1665702900000,19404.4,19415.5,19384,19389.6,55.8365139
1665703800000,19389.4,19406.3,19358.7,19360.4,58.06937656
1665704700000,19360.8,19394.3,19360.8,19377.8,22.54907131
1665705600000,19377.8,19410.4,19343.7,19345.7,62.06336046
1665706500000,19346,19422.6,19339.2,19422.5,64.85644608
1665707400000,19422.5,19441.4,19396.1,19399.2,46.6961168
1665708300000,19400,19417.7,19394.8,19409.6,23.02649546
1665709200000,19409.7,19428.4,19400.8,19401.7,71.05784521
1665710100000,19401.6,19457.1,19399,19448.2,174.20967453
1665711000000,19448.3,19760,19448.3,19738,942.76870435
1665711900000,19738.1,19954.8,19738.1,19865.4,498.54994887
1665712800000,19865.4,19900,19788.4,19818.7,280.74332715
1665713700000,19817.7,19852.7,19767.4,19774.6,74.26203607
1665714600000,19774.6,19878.4,19773.7,19808.7,132.22198155
1665715500000,19808.7,19846.7,19808.7,19826.8,67.98335838
1665716400000,19826.9,19843.1,19784.3,19785,72.84014065
1665717300000,19785.1,19850,19785.1,19850,64.19388873
1665718200000,19850,19868.8,19797.8,19824.8,97.49047932
1665719100000,19824.9,19838.1,19803,19812.7,27.85329675
1665720000000,19812.8,19832,19795,19831.6,53.37565546
1665720900000,19831.6,19831.6,19807.8,19807.8,18.71885568
1665721800000,19807.8,19844.6,19806.8,19829.5,52.08374361
1665722700000,19829.8,19836,19793.4,19809.9,55.95935923
1665723600000,19810,19825.1,19805.6,19815.7,28.04737845
1665724500000,19816,19841.8,19804.7,19809.9,33.61702096
1665725400000,19809.3,19825,19730.1,19821.6,128.3160362
1665726300000,19821.6,19845.6,19800.1,19805.3,33.09660068
1665727200000,19805.9,19811.1,19780,19783.5,52.33211828
1665728100000,19783.5,19822.4,19779.9,19819.8,23.76130383
1665729000000,19819.8,19819.9,19803.7,19817.6,65.59815087
1665729900000,19817.6,19826.5,19786.3,19792.8,63.52653017
1665730800000,19792.6,19801.2,19770.1,19775,81.71351633
1665731700000,19774.6,19774.9,19666.6,19697.6,130.44719497
1665732600000,19697.5,19703.8,19570,19623.2,249.56019763
1665733500000,19622.4,19660,19592.1,19642.1,101.68921094
1665734400000,19641.6,19671.4,19612.2,19660.9,90.12646772
1665735300000,19660.9,19671.7,19560.8,19571.6,97.95579027
1665736200000,19571.6,19622.5,19557.5,19611.6,64.75490139
1665737100000,19611.6,19616.2,19575.3,19616.1,89.99010639
1665738000000,19616.2,19620.3,19592.5,19592.6,59.77892255
1665738900000,19592.5,19617.1,19530,19572.4,187.76164278
1665739800000,19572.9,19601.9,19568.5,19595.4,65.25936021
1665740700000,19595.5,19663.8,19590.1,19648.4,77.39200637
1665741600000,19648.5,19740.6,19631.5,19674.1,101.74902521
1665742500000,19674,19727.9,19636.6,19716.8,90.67792192
1665743400000,19716.5,19738.3,19656.8,19670.1,68.8988097
1665744300000,19670.2,19695,19653.5,19689.4,35.66571149
1665745200000,19689.3,19721.4,19669.9,19708.2,59.06412259
1665746100000,19708.2,19742.5,19692.8,19696.2,56.33806902
1665747000000,19695.9,19695.9,19605.3,19609.7,86.54257095
1665747900000,19609.6,19635.4,19590,19597.8,71.92499064
1665748800000,19597.9,19656.3,19597.8,19611.9,84.12043586
1665749700000,19611.9,19664.8,19592.9,19622.4,49.86199704
1665750600000,19622.5,19724.9,19555.5,19720,206.18236389
1665751500000,19720,19849.9,19720,19799.3,215.59279603
1665752400000,19799.4,19811.7,19754.3,19761.1,58.85147226
1665753300000,19761.1,19766.7,19680.6,19709.6,69.26975779
1665754200000,19710.3,19746.9,19662.1,19687.6,106.54529334
1665755100000,19686.7,19686.7,19628.7,19667.8,105.04689286
1665756000000,19667.8,19667.8,19438.3,19453.5,445.22914625
1665756900000,19452.8,19479.1,19354.5,19458,249.84229178
1665757800000,19458.8,19538.9,19381.9,19400.6,194.95257519
1665758700000,19385.1,19472.5,19385.1,19465.2,64.66462156
1665759600000,19465.1,19510.1,19389.1,19393.2,133.84889953
1665760500000,19393.2,19418.1,19308.2,19399.1,226.00952131
1665761400000,19399.1,19406.7,19354.1,19372.3,88.41953626
1665762300000,19372.2,19393.4,19315.9,19357.6,95.33158092
1665763200000,19357.1,19403.9,19235.1,19262.9,272.17069799
1665764100000,19261.1,19329.5,19225.5,19326.8,193.72647991
1665765000000,19327.7,19373.7,19314.3,19359,142.69547766
1665765900000,19357.1,19365.3,19284.6,19302.1,34.48310463
1665766800000,19302.7,19346.9,19290.9,19300.2,29.1482822
1665767700000,19300.3,19344,19300.2,19344,29.68580703
1665768600000,19344,19374.2,19330.5,19345,55.5080689
1665769500000,19344.9,19367,19328.3,19363.6,16.1751569
1665770400000,19363.5,19363.5,19302.7,19306.3,23.99189298
1665771300000,19306.3,19310.1,19208.7,19269.1,67.27401879
1665772200000,19270.2,19285.6,19136.7,19160.5,148.98249391
1665773100000,19160.4,19217.3,19147.1,19212.9,35.0111201
1665774000000,19212,19266.9,19212,19213.9,49.42909359
1665774900000,19216.3,19221.4,19111.4,19216.7,87.71991932
1665775800000,19216.7,19235.6,19192.4,19201.8,30.69648546
1665776700000,19201.4,19237,19134.6,19167.6,124.70824571
1665777600000,19168.5,19188.1,19120.7,19167.4,39.25214421
1665778500000,19167.5,19200.2,19167.5,19189.6,34.90520108
1665779400000,19189.7,19213.1,19184,19203.4,46.45748118
1665780300000,19203.4,19203.4,19166.9,19175.7,44.22469151
1665781200000,19174.9,19200.9,19174.8,19200,35.33967423
1665782100000,19199.3,19207.8,19134.6,19153.5,28.13812119
1665783000000,19154.5,19178.5,19135.6,19176.1,23.5502999
1665783900000,19176.1,19176.1,19075.8,19109.5,86.53644016
1665784800000,19109.5,19134.1,19090.2,19116.8,32.63207931
1665785700000,19116.9,19140.1,19115.8,19125,25.49703649
1665786600000,19124.9,19158.4,19124.9,19158.4,19.66403925
1665787500000,19158.3,19161.2,19145.5,19159.4,19.03545662
1665788400000,19159.3,19185.3,19144.2,19170.1,23.93810346
1665789300000,19170.1,19179.3,19151.6,19162.2,19.7573052
1665790200000,19162.3,19192,19157.9,19187.1,10.59799491
1665791100000,19187.8,19194.2,19171,19178.8,24.46199204
1665792000000,19178.8,19227.4,19175.7,19210.2,16.57254457
1665792900000,19210.2,19213.3,19195.7,19207.1,25.13606749
1665793800000,19207.2,19207.2,19176,19206.2,12.22609412
1665794700000,19206.3,19216.9,19200.4,19201.8,22.20194773
1665795600000,19201.7,19206.8,19183.6,19183.7,32.43535806
1665796500000,19183.4,19196.4,19182.9,19190.8,9.37229355
1665797400000,19190.9,19205.8,19160.1,19186.4,141.34580871
1665798300000,19185.9,19191.9,19173.9,19173.9,7.31444412
1665799200000,19174,19174,19136.4,19159.6,59.43337864
1665800100000,19159.7,19175.6,19149.6,19172.4,27.25811899
1665801000000,19172.5,19204.1,19172.5,19188.8,129.64416438
1665801900000,19188.3,19197.1,19178.7,19196.1,7.19205396
1665802800000,19196,19198.4,19180,19186.3,13.36894928
1665803700000,19185.9,19194.8,19184.5,19192.8,11.32417543
1665804600000,19192.8,19200,19189.3,19197.9,12.87182538
1665805500000,19197.9,19215.7,19191,19204.5,19.48525435
1665806400000,19203.9,19209.7,19194.8,19199.9,15.36623265
1665807300000,19199.9,19199.9,19181,19185.7,7.21440648
1665808200000,19185.6,19189.9,19182.9,19185.4,9.2678844
1665809100000,19186.4,19193.6,19183.2,19191,9.67830568
1665810000000,19191.7,19191.7,19156.6,19157.5,21.93806589
1665810900000,19157.5,19181.7,19157.5,19174.9,4.75722697
1665811800000,19175.7,19177.7,19164.7,19174.8,13.44299643
1665812700000,19174.7,19178.9,19167.1,19176.5,30.63683878
1665813600000,19176.6,19186,19157.5,19162,18.4483489
1665814500000,19162,19183.8,19160.2,19180.2,20.6205947
1665815400000,19180.2,19180.2,19172.5,19172.8,8.27956307
1665816300000,19172.7,19177.5,19165.6,19169.7,6.53291579
1665817200000,19169.7,19175.2,19163.1,19175.1,15.43002223
1665818100000,19175.1,19180.5,19138.3,19147.9,35.58774429
1665819000000,19147.9,19174.8,19147.8,19172.7,19.64891287
1665819900000,19172.7,19174.5,19167.6,19168.1,11.64050762
1665820800000,19168.2,19171.9,19151.6,19160.5,28.85413817
1665821700000,19160.5,19164.6,19147.3,19148.7,16.74769599
1665822600000,19148.5,19155.1,19093.2,19132.6,68.32905922
1665823500000,19132.5,19132.5,19035.5,19072.6,372.57625192
1665824400000,19072.6,19100.8,19066.2,19100.7,46.4697167
1665825300000,19100.6,19105.1,19087.6,19098.3,22.98050117
1665826200000,19098.4,19124.6,19098.3,19117.2,21.44962487
1665827100000,19118.1,19118.1,19089.6,19104,18.7682894
1665828000000,19104.1,19133.4,19098,19120.4,61.23783742
1665828900000,19120.4,19179.9,19101.2,19173,105.13417238
1665829800000,19172.5,19172.5,19148.2,19151.9,33.5734668
1665830700000,19151.9,19152.4,19135.8,19152.4,6.12706841
1665831600000,19152.4,19161.8,19150,19157.6,11.65167727
1665832500000,19157.6,19157.6,19142.9,19143,11.06314845
1665833400000,19142.8,19156,19142.8,19154.7,11.59020486
1665834300000,19154.8,19165.9,19142.3,19165.9,22.36851492
1665835200000,19165.8,19168.5,19152,19158.4,21.9165654
1665836100000,19158.3,19196.4,19158,19195.8,101.16709048
1665837000000,19195.8,19195.8,19178.5,19181.7,16.0899571
1665837900000,19181.7,19191.4,19167.7,19167.7,78.1413786
1665838800000,19167.8,19167.8,19149.6,19152.4,11.64832816
1665839700000,19152.5,19158,19101,19121.1,36.25941476
1665840600000,19121.5,19140.3,19107.4,19140.2,22.79720798
1665841500000,19140.3,19180.1,19130,19173,20.28722045
1665842400000,19173.1,19184.3,19151.3,19155.2,12.34695412
1665843300000,19155.6,19156,19121.9,19133.7,47.64358195
1665844200000,19133.7,19159.6,19128.2,19155.4,22.48388639
1665845100000,19155.2,19155.4,19139.4,19145.5,9.03080297
1665846000000,19145.4,19145.7,19130.9,19139.1,13.39943918
1665846900000,19139.1,19144.6,19127.1,19142.5,7.71240319
1665847800000,19142.6,19144.9,19124.4,19133.8,21.26564581
1665848700000,19133.8,19139.3,19121.1,19129.3,7.22601851
1665849600000,19129.3,19133.8,19123.8,19129,35.68196803
1665850500000,19129,19162.7,19129,19148.8,31.65613603
1665851400000,19148.9,19155.4,19121.2,19125.1,11.32409348
1665852300000,19125.2,19131.8,19110.7,19126.4,19.49699829
1665853200000,19126.4,19132.7,19114.3,19132.6,9.7470313
1665854100000,19132.7,19139.7,19116.3,19126.6,11.25907474
1665855000000,19126.6,19126.9,19096.2,19110.1,262.74362569
1665855900000,19110,19116.8,19098,19109.6,9.14986061
1665856800000,19109.6,19123.6,19105.3,19109.1,11.07971079
1665857700000,19109.2,19137.7,19109.2,19116.9,27.57002764
1665858600000,19117,19132.5,19117,19131.8,7.03947205
1665859500000,19131.8,19132.3,19118.6,19119.3,6.82685694
1665860400000,19120.6,19125.5,19099.4,19116.5,8.22315021
1665861300000,19116.5,19116.5,19056.7,19099.9,101.31062153
1665862200000,19100,19110.4,19082.2,19091.6,30.47385505
1665863100000,19091.5,19098.4,19090.5,19098.3,13.74070625
1665864000000,19098.4,19099,19085.3,19091.2,6.38197579
1665864900000,19091.2,19109.3,19082.6,19101.8,14.29540128
1665865800000,19101.9,19101.9,19082.7,19089.4,11.38191312
1665866700000,19089.6,19104.5,19089.6,19098.8,15.66883255
1665867600000,19098.8,19098.8,19048.4,19090.5,39.80234208
1665868500000,19090.6,19094.1,19082,19087.8,11.48739006
1665869400000,19087.5,19097.1,19087.1,19094.8,33.19036126
1665870300000,19094.8,19095.5,19068.6,19071.7,23.85413826
1665871200000,19070.9,19073,19046.1,19062.9,41.12657245
1665872100000,19062.8,19080,19044.5,19073.9,23.15105128
1665873000000,19073.9,19089.6,19063.6,19089,5.45426877
1665873900000,19089,19089.1,19059.5,19059.5,12.71592258
1665874800000,19059.4,19061.8,18975.7,19056,151.17151336
1665875700000,19056,19125.6,19020.4,19115.1,84.96989409
1665876600000,19115.2,19130.5,19076.3,19081.5,23.63070431
1665877500000,19081.5,19081.6,19051.3,19070.6,9.52055022
1665878400000,19070.5,19106.1,19065.7,19100.9,19.80587739
1665879300000,19100.9,19117.1,19094.9,19113.4,18.34053811
1665880200000,19113.4,19128,19096.7,19127.6,8.91571597
1665881100000,19127.5,19144.6,19118.4,19139.6,26.14208653
1665882000000,19139.2,19139.2,19116.2,19120.9,15.04703532
1665882900000,19120.9,19139,19112,19138.9,23.70660654
1665883800000,19138.1,19174.9,19138.1,19148.8,35.89143915
1665884700000,19149.1,19157.6,19141.1,19144.5,15.86157595
1665885600000,19144.6,19165.4,19144.6,19158.6,42.44294554
1665886500000,19158.6,19158.6,19127.4,19134.7,15.99138859
1665887400000,19134.7,19138.9,19113.6,19117.5,8.2169812
1665888300000,19117.4,19124.5,19106.5,19113.4,9.73187646
1665889200000,19112.6,19137.8,19110,19129.2,5.85718745
1665890100000,19129.3,19129.3,19110.3,19117.9,4.99507248
1665891000000,19118,19128,19114,19121.9,9.10264238
1665891900000,19121.9,19129.7,19117.8,19121.7,3.13164868
1665892800000,19121.7,19139.6,19113.4,19113.4,5.7529378
1665893700000,19113.4,19150,19113.3,19149.9,16.79200316
1665894600000,19149.9,19158.5,19137.2,19137.3,18.72809092
1665895500000,19137.2,19138,19129,19136.6,21.0330526
1665896400000,19136.7,19160.6,19136.6,19142.9,22.97340367
1665897300000,19143,19153.8,19123.6,19152.6,13.3231813
1665898200000,19152.6,19154.1,19142.8,19153.2,6.74937656
1665899100000,19153.1,19153.1,19140.6,19149.7,3.68290538
1665900000000,19149.7,19153.9,19139.7,19139.7,9.50157584
1665900900000,19139.8,19139.8,19122,19124.8,19.19392056
1665901800000,19124.8,19134.7,19118.7,19127.3,9.40626173
1665902700000,19127.3,19134.6,19123.9,19134.6,3.2355113
1665903600000,19134.6,19136,19122.6,19130.7,32.0648762
1665904500000,19130.8,19131.8,19118,19130.6,10.02533946
1665905400000,19130.6,19140.9,19130.5,19133.7,12.5447661
1665906300000,19133.7,19148.5,19133.2,19136.1,13.4540535
1665907200000,19136.1,19159,19136.1,19153.2,17.56752301
1665908100000,19153.3,19193.3,19153.3,19182.6,63.32525812
1665909000000,19182.6,19187.5,19161.8,19178.6,36.35135051
1665909900000,19178.5,19179.5,19161.6,19165.3,26.0072846
1665910800000,19165.4,19166.9,19157.9,19162.4,24.00756203
1665911700000,19162.4,19162.5,19144.2,19146.4,28.84496553
1665912600000,19146.3,19149.2,19140,19141.7,6.61674115
1665913500000,19141.7,19149.1,19134.3,19141.9,19.3586503
1665914400000,19141.9,19147.3,19140.3,19145.9,6.61164741
1665915300000,19145.9,19149.5,19125.7,19129.5,6.53685038
1665916200000,19129.1,19135.9,19090,19135.8,38.13735784
1665917100000,19135.5,19139.1,19122,19126.4,3.75160603
1665918000000,19126.4,19133,19121.1,19125.4,9.09707319
1665918900000,19125.5,19139.5,19125.4,19138,8.69424806
1665919800000,19138.1,19141.3,19133,19138.8,18.48800913
1665920700000,19138.9,19152.4,19133,19145.4,20.99191693
1665921600000,19145.4,19148.8,19121.9,19125.3,32.16546487
1665922500000,19125.3,19135.6,19118.2,19121.8,20.24013539
1665923400000,19121.9,19135.4,19118.6,19134.6,6.92418799
1665924300000,19134.6,19142.3,19124.8,19131.2,6.76461032
1665925200000,19131.3,19143.5,19128.9,19131.9,7.99860025
1665926100000,19131.9,19142.6,19127.9,19139.4,9.92706593
1665927000000,19139,19139,19121.2,19133.5,12.18072184
1665927900000,19133.6,19143.1,19128.6,19128.6,13.52134254
1665928800000,19128.7,19131.6,19125,19127.4,5.70415088
1665929700000,19127.4,19128,19117.2,19117.8,78.57024487
1665930600000,19117.7,19124.6,19100.9,19115.4,105.77460733
1665931500000,19115.4,19139.5,19114.2,19130.2,20.58774312
1665932400000,19130.3,19170,19126.4,19154.8,42.33276219
1665933300000,19154.9,19168.8,19139,19140.2,15.02546494
1665934200000,19140.2,19169.8,19140.1,19167.4,9.08698381
1665935100000,19167.5,19169.6,19150.9,19158,12.63909754
1665936000000,19158.1,19166.9,19142.5,19151.7,21.30888338
1665936900000,19151.8,19162.4,19128.8,19136.8,25.89658783
1665937800000,19136.9,19146.1,19127.3,19131.1,12.53835307
1665938700000,19131.1,19145.6,19126.3,19140.3,16.875969
1665939600000,19140.4,19158,19138.8,19140.4,31.84003149
1665940500000,19140.5,19149,19140.5,19147.4,6.80547483
1665941400000,19147.4,19161,19147.4,19151.3,10.78785269
1665942300000,19151.3,19151.4,19131,19132.3,8.48262167
1665943200000,19132.4,19135,19127.4,19130.7,6.87473676
1665944100000,19130.7,19133.8,19125,19127.6,8.22785351
1665945000000,19127.7,19131.8,19127.5,19128.7,3.72777824
1665945900000,19128.6,19148,19121.2,19132.9,9.72471974
1665946800000,19132.9,19152.4,19131.7,19149,8.23603915
1665947700000,19148.9,19168,19145.8,19166.9,148.22762673
1665948600000,19167.3,19336.3,19167.3,19336.3,459.40372846
1665949500000,19335.1,19380.9,19281.9,19377,123.13633858
1665950400000,19377,19421.7,19321.4,19322.4,70.09893736
1665951300000,19322.4,19335.2,19267.7,19290.1,35.03921266
1665952200000,19290,19309.1,19273.3,19299.3,26.16343406
1665953100000,19299.4,19338.1,19299.4,19333.6,57.50834563
1665954000000,19332.9,19363.5,19322.4,19362.4,30.76193725
1665954900000,19362.1,19362.1,19287.8,19295.9,29.10829358
1665955800000,19295.6,19314.9,19266.8,19268.7,40.59896593
1665956700000,19268.7,19272.3,19105,19144.6,81.6283569
1665957600000,19144.7,19400.1,19120.8,19331.4,1269.72664644
1665958500000,19331.3,19331.4,19281.5,19306.8,122.84251778
1665959400000,19307.2,19321.1,19285.4,19286.5,20.18292454
1665960300000,19287.3,19348,19285.4,19298.9,54.25474723
1665961200000,19299,19317.9,19275.6,19291.1,8.98119287
1665962100000,19291.1,19299.9,19243.3,19256.3,27.5907686
1665963000000,19255.7,19266.7,19230.2,19243.1,27.83275636
1665963900000,19243.8,19289.4,19243.5,19263.4,42.27763908
1665964800000,19263.4,19305.1,19254.3,19284.7,26.11808079
1665965700000,19284.7,19284.7,19236.7,19238.3,55.95593796
1665966600000,19238.1,19254.4,19212.7,19240.1,30.38732477
1665967500000,19240.4,19253.5,19215.8,19228.6,26.9601346
1665968400000,19228.7,19235.9,19188.5,19188.6,38.76126586
1665969300000,19188.6,19221.8,19186.7,19210,14.48162431
1665970200000,19209.9,19238,19207,19214.1,33.68798757
1665971100000,19214.2,19229.7,19173.2,19177.2,32.54162816
1665972000000,19177.3,19202.9,19172,19200,22.4361058
1665972900000,19200.1,19206,19195.2,19198.9,13.55610323
1665973800000,19199.1,19212.5,19182.9,19200.9,58.79417958
1665974700000,19200.9,19206.9,19197.4,19203.4,13.68118825
1665975600000,19204.5,19204.5,19160.2,19178.4,25.84595321
1665976500000,19178.3,19187.4,19164.9,19179.1,14.67507205
1665977400000,19179.2,19194,19169.6,19191.1,58.48517695
1665978300000,19191.2,19205.3,19176.2,19188.5,20.59537199
1665979200000,19188.6,19188.9,19165,19185.5,27.00647585
1665980100000,19185.6,19189.6,19176,19182.1,18.30074686
1665981000000,19182.2,19213.2,19182,19213.2,16.19571806
1665981900000,19214,19237,19214,19231.4,41.39183834
1665982800000,19231.5,19263.7,19230.8,19246.3,15.69314738
1665983700000,19247.2,19254,19234.9,19241.1,13.4216597
1665984600000,19240.8,19250.8,19226.6,19246.5,28.1365048
1665985500000,19247.7,19284,19241,19273.1,24.1758781
1665986400000,19273.1,19315.3,19273.1,19296.2,49.52423169
1665987300000,19296.6,19296.6,19254.5,19271.4,29.9203942
1665988200000,19271.5,19276.1,19234.7,19243.7,18.60097255
1665989100000,19243.8,19247.5,19226.2,19238.7,15.20166485
1665990000000,19238.8,19293.6,19238.7,19269.5,31.74542766
1665990900000,19270.4,19278.1,19233.1,19259.5,28.98027255
1665991800000,19259.5,19282.1,19246.7,19273.2,11.89722916
1665992700000,19272.8,19316.4,19272.8,19295.4,31.79619638
1665993600000,19295.4,19299.4,19282.4,19292.9,18.7908327
1665994500000,19292.9,19292.9,19268,19269.4,17.83338145
1665995400000,19268.9,19269.2,19252.2,19267.6,41.94400152
1665996300000,19267.5,19274.8,19244.9,19258.5,23.21407207
1665997200000,19258.5,19273.9,19253.9,19273.9,10.90050588
1665998100000,19274,19296.3,19273.9,19291.8,12.94383846
1665999000000,19292.4,19372.3,19292.4,19322.8,108.13489917
1665999900000,19322.1,19346.9,19318.2,19337.4,52.13760811
1666000800000,19337.5,19396,19337.5,19368.7,94.58977032
1666001700000,19368.7,19410,19344.8,19392.7,60.16415051
1666002600000,19392.6,19421.5,19358,19362.5,65.01137315
1666003500000,19363.5,19397.1,19363.4,19396,46.68347873
1666004400000,19396.3,19496.9,19373.6,19495.9,345.58011427
1666005300000,19495,19543.8,19479.5,19487.3,148.87521697
1666006200000,19487.2,19503.7,19454.5,19471.2,292.98498559
1666007100000,19471.1,19480.5,19419.9,19458.8,100.31532383
1666008000000,19458.8,19468.4,19422.9,19425.9,44.87031557
1666008900000,19425.9,19483.5,19421.9,19468.8,60.30800524
1666009800000,19468.8,19570,19468.1,19547.7,524.01480713
1666010700000,19548.6,19581,19515.9,19516,79.41983932
1666011600000,19516.7,19566.3,19516.7,19543.7,77.14905508
1666012500000,19542.8,19595.6,19536.4,19578.4,77.8866126
1666013400000,19577.6,19675.2,19565.7,19645.4,210.80913094
1666014300000,19644.4,19659.8,19576.1,19582.3,112.92420955
1666015200000,19582.3,19638.8,19570,19638.8,100.0232133
1666016100000,19638.8,19648.5,19518,19545.7,141.69495154
1666017000000,19545.7,19579.9,19499.9,19528,1160.82696521
1666017900000,19528,19544.8,19437.4,19469.7,244.30921932
1666018800000,19469.8,19500,19450,19468.7,90.91381492
1666019700000,19468.8,19553.3,19427.2,19545.5,183.99773616
1666020600000,19545.4,19579.7,19516.5,19542.9,93.03407516
1666021500000,19543.1,19569.9,19530.8,19532.7,45.88502466
1666022400000,19532.6,19589.4,19515.6,19547.3,48.54640962
1666023300000,19547.3,19553.4,19502,19547.2,117.53981109
1666024200000,19548.7,19558,19495.8,19511.9,42.85048301
1666025100000,19511.9,19530.5,19476.6,19511.2,51.12598367
1666026000000,19509.8,19527.7,19491.7,19513.3,36.12856662
1666026900000,19513.3,19534.4,19495.4,19509.7,40.40150521
1666027800000,19509.8,19513.5,19460,19461.9,76.17845022
1666028700000,19462,19524.2,19458.5,19521.4,67.15275132
1666029600000,19521.3,19540.8,19490,19493.6,39.06141573
1666030500000,19493.7,19497.9,19441.2,19481.4,63.46254816
1666031400000,19481.4,19505.7,19462.6,19501.5,36.48748589
1666032300000,19501.6,19531.7,19488.1,19518.4,40.4976425
1666033200000,19518.3,19524.7,19487.6,19515.1,49.90122891
1666034100000,19515.2,19516.3,19489.5,19511.4,26.19874581
1666035000000,19511.5,19546.8,19510.5,19543.2,24.94739532
1666035900000,19543.1,19554.2,19517,19526,23.35821634
1666036800000,19525.9,19556.2,19507.6,19507.7,90.32934042
1666037700000,19507.7,19528.4,19507.7,19524.9,14.88287333
1666038600000,19524.9,19548.1,19515.1,19548,12.89640684
1666039500000,19548.1,19555.1,19523.2,19527.6,33.23187468
1666040400000,19527,19527,19491.1,19493.6,29.99427317
1666041300000,19493.7,19511.2,19492.3,19511.2,10.16814457
1666042200000,19511.3,19528.9,19511.2,19513.3,14.07622251
1666043100000,19513.3,19541.2,19502.9,19518.2,24.98934886
1666044000000,19518.1,19614.2,19516,19577.5,95.15500314
1666044900000,19577.6,19621.8,19574.1,19581.1,66.98726976
1666045800000,19581,19581.1,19471.5,19510.1,57.23824439
1666046700000,19510.1,19549.1,19498.5,19517.4,30.41960156
1666047600000,19517.4,19559.8,19507.1,19546.4,33.13058723
1666048500000,19546.4,19555.7,19538.3,19555.7,9.60273692
1666049400000,19555.7,19570,19546.7,19565.8,23.83424485
1666050300000,19565.8,19570,19540.6,19547.6,13.36082412
1666051200000,19547.7,19567.4,19509.9,19533.3,28.05664424
1666052100000,19532.9,19602.8,19526,19588.1,32.31933462
1666053000000,19588.1,19612.6,19566.1,19574.1,43.77072573
1666053900000,19574.1,19594.6,19570.5,19594.6,9.37075932
1666054800000,19594.6,19620.1,19581.1,19615,45.36321074
1666055700000,19615.1,19615.1,19565.1,19565.9,21.89184103
1666056600000,19565.9,19575.4,19534.6,19543.1,15.82986333
1666057500000,19543.2,19548.3,19520,19534.7,27.33399891
1666058400000,19534.6,19544.1,19519.9,19527.1,32.76271477
1666059300000,19526.7,19526.8,19500,19515.7,21.70310326
1666060200000,19515.8,19533.1,19511.6,19514.6,27.97328649
1666061100000,19514.6,19525.5,19481.3,19488.7,54.09652357
1666062000000,19488.7,19502.9,19488.7,19497.2,22.43917336
1666062900000,19497.2,19520,19493.9,19509.9,27.8176712
1666063800000,19509.1,19571.4,19501.9,19565.8,42.4941136
1666064700000,19565.9,19572.8,19538.9,19547.4,52.95071337
1666065600000,19547.5,19576.6,19544.1,19566.3,44.29966214
1666066500000,19566.2,19612.4,19563,19597.8,35.06727867
1666067400000,19598,19599.5,19568.4,19571.9,42.80035804
1666068300000,19572,19584.8,19572,19579.1,9.51563891
1666069200000,19579.9,19584.8,19557.7,19567.5,15.04698153
1666070100000,19567.5,19567.5,19539.1,19543.6,41.46410764
1666071000000,19543.6,19564,19541.6,19560,11.73902231
1666071900000,19560.2,19582.3,19549.9,19550,23.01387758
1666072800000,19550,19562.7,19534.6,19551.6,117.26503475
1666073700000,19551.6,19600.4,19548.2,19593.7,43.50116487
1666074600000,19593.7,19709.2,19585,19692,1293.89681275
1666075500000,19691.6,19691.6,19629.1,19642.5,84.16508203
1666076400000,19642.5,19649.5,19585.4,19586.4,77.76053065
1666077300000,19585.9,19620.3,19565.4,19613,111.60251756
1666078200000,19613.1,19634,19584.7,19620.8,77.85718888
1666079100000,19620.7,19689.5,19616.3,19667.4,126.15616477
1666080000000,19667.4,19671.4,19605.7,19608.7,109.11177878
1666080900000,19609.7,19628,19596.9,19623,41.79295969
1666081800000,19622.6,19628,19551.2,19566,80.40021523
1666082700000,19566,19585.5,19524.5,19535.3,72.29281386
1666083600000,19534.3,19543.7,19495.8,19525.4,120.7538959
1666084500000,19525.5,19558.4,19525.5,19554,22.24334964
1666085400000,19554.1,19559.3,19476.2,19508.2,62.69884157
1666086300000,19508,19536.5,19500.7,19529.1,49.01084174
1666087200000,19529,19541,19506.6,19538.9,83.369759
1666088100000,19538.9,19564.7,19521.3,19551.7,61.38187327
1666089000000,19551.8,19579.7,19541.3,19558.4,39.34972853
1666089900000,19558.4,19563.2,19525,19529.6,26.6528257
1666090800000,19529.7,19555.5,19529.7,19532.1,28.12506293
1666091700000,19532.9,19562.9,19529.6,19558.1,14.5632006
1666092600000,19558.1,19594,19558.1,19575,28.06816075
1666093500000,19575,19599.7,19560.8,19563.5,73.97243908
1666094400000,19564.5,19609.4,19564.5,19601.4,27.75843871
1666095300000,19601.4,19603.5,19575.4,19603.4,15.4928381
1666096200000,19603.5,19615.6,19595.6,19605.7,30.35810369
1666097100000,19605.6,19649,19584.9,19631.5,52.18054548
1666098000000,19631.4,19638.8,19599.6,19599.6,20.6507333
1666098900000,19599.7,19663.6,19590.9,19645.7,74.83384805
1666099800000,19647,19677.5,19552.9,19592,141.13688862
1666100700000,19590.7,19595.4,19528.7,19543.4,90.78216318
1666101600000,19543.5,19570.6,19540.1,19556,41.30147554
1666102500000,19555.9,19567.6,19447.8,19470.4,157.89896906
1666103400000,19471.9,19472.2,19367.4,19438.1,207.71222991
1666104300000,19439.4,19468.7,19414,19419.3,77.50292979
1666105200000,19419.2,19450,19341.1,19375.1,116.10584953
1666106100000,19375,19385.2,19321.9,19349.4,107.46840418
1666107000000,19349.4,19358.6,19278,19321.1,1260.20061786
1666107900000,19321.2,19372.7,19316.8,19372.1,134.16138757
1666108800000,19372.1,19402.9,19348.3,19399.9,113.70986047
1666109700000,19400.3,19428.3,19364.8,19378.4,1085.03029315
1666110600000,19378.4,19423.9,19364.5,19406,76.54261198
1666111500000,19405,19438,19396.8,19413.3,46.29975142
1666112400000,19413.3,19416.3,19367,19400,86.34247053
1666113300000,19400,19400,19387,19400,438.85737054
1666114200000,19400,19432.8,19395.6,19411.4,719.33248754
1666115100000,19411.1,19413.1,19383.3,19406.5,27.1084099
1666116000000,19406.1,19409.4,19374,19405.2,28.36831642
1666116900000,19404.5,19404.5,19378.4,19398.7,13.82680316
1666117800000,19398.6,19398.7,19258.5,19272,150.69032999
1666118700000,19271.9,19285.2,19176.8,19220,193.88970607
1666119600000,19218.8,19220,19130.5,19130.5,70.2906939
1666120500000,19130.5,19161.1,19090.1,19156.4,88.34146485
1666121400000,19155.7,19206.1,19147.7,19203.7,104.85605099
1666122300000,19203.7,19217,19180.3,19217,99.15839799
1666123200000,19217,19286.9,19198.2,19248.1,103.63266562
1666124100000,19247.7,19302.3,19247.7,19286.6,38.57837167
1666125000000,19286.9,19422.8,19283.9,19389.3,91.21770933
1666125900000,19389.2,19427.5,19359.6,19363.2,44.0632802
1666126800000,19363.3,19373.4,19294.4,19326.7,50.53989238
1666127700000,19326.6,19342.8,19220.3,19275.2,40.01715801
1666128600000,19275.3,19308.9,19225.5,19299,57.48244803
1666129500000,19299,19320,19277,19297.8,11.55288586
1666130400000,19297.8,19304.2,19260,19283,34.78521721
1666131300000,19283,19303.9,19260.4,19300.9,13.59736993
1666132200000,19300.9,19312.2,19282.5,19305.2,15.99994888
1666133100000,19305.2,19335.5,19300.6,19321.7,10.73753665
1666134000000,19321.8,19365.7,19307.2,19365.7,13.13948906
1666134900000,19365.7,19366.7,19330,19332.4,17.15493501
1666135800000,19331.3,19363.1,19324.2,19335.8,11.48250366
1666136700000,19335.8,19355.5,19318,19330.1,18.85404392
1666137600000,19330,19358.6,19279.8,19279.8,43.50770298
1666138500000,19279.6,19292.5,19258.4,19292.5,31.44935092
1666139400000,19292.5,19300,19274.2,19274.2,8.18059075
1666140300000,19274.2,19274.2,19234.7,19234.7,30.71822508
1666141200000,19234.8,19273.4,19216,19269.1,36.29411964
1666142100000,19269.2,19291.5,19263.6,19272.4,27.84368322
1666143000000,19272.4,19320.5,19272.4,19313.3,51.78207723
1666143900000,19313.2,19321.7,19306.4,19313.3,10.11107804
1666144800000,19313.3,19318,19279.6,19290.9,23.17624865
1666145700000,19290.8,19296.7,19270,19277.3,24.71882991
1666146600000,19277.3,19282,19241.5,19257.5,36.48107591
1666147500000,19257.4,19300,19249.5,19290,42.52685988
1666148400000,19290,19296.6,19259.5,19266.1,11.92572046
1666149300000,19266.1,19297.6,19257.5,19277.1,27.85146369
1666150200000,19277.1,19304.4,19272.4,19298,24.13345274
1666151100000,19298.1,19302.9,19285.7,19285.7,37.29526445
1666152000000,19285.7,19294.7,19278,19278.3,31.35415106
1666152900000,19278.4,19304.4,19274.2,19282.8,38.24702942
1666153800000,19282.8,19282.8,19258.8,19273.5,25.41375996
1666154700000,19273.5,19283.7,19269.5,19276.8,11.81198532
1666155600000,19276.8,19304.3,19268.6,19289,22.25252855
1666156500000,19288.6,19301.5,19272,19297.7,26.95155829
1666157400000,19297.6,19297.7,19242.5,19246,28.46006346
1666158300000,19246.1,19264.5,19234.7,19257.3,16.4857629
1666159200000,19257.2,19278.8,19239.7,19270.5,12.12468716
1666160100000,19270.5,19275.7,19205.2,19224.9,46.08708123
1666161000000,19224.9,19224.9,19149.6,19180.2,36.88267151
1666161900000,19180.2,19217.5,19180.2,19191.4,17.52886675
1666162800000,19191.5,19214.8,19175.3,19209.2,19.55129461
1666163700000,19209.2,19238.5,19200,19212.4,40.23755394
1666164600000,19212.4,19238.9,19197.6,19216.9,29.79108356
1666165500000,19216.9,19229.3,19188.6,19219.6,40.23013105
1666166400000,19219.6,19233.7,19170,19184.6,23.83827487
1666167300000,19184.1,19184.1,19152,19162.1,55.33194899
1666168200000,19162.3,19190.3,19159.7,19189.1,21.37283819
1666169100000,19189.1,19204.3,19179.7,19196,33.88250385
1666170000000,19196,19233,19194.8,19231.5,21.11132855
1666170900000,19231.6,19240,19205,19211.9,15.24311518
1666171800000,19212,19244.2,19211,19242.5,21.26370998
1666172700000,19242.4,19277.1,19235.2,19266.1,23.62488538
1666173600000,19266.1,19273.8,19244.4,19255,15.14950212
1666174500000,19255,19260.3,19223.4,19225.3,26.72672276
1666175400000,19225.5,19234,19184.1,19184.1,28.80130028
1666176300000,19184,19214.4,19183.8,19211.9,16.20122447
1666177200000,19212.4,19221.5,19160.3,19166.6,14.65022119
1666178100000,19167.3,19187,19149.8,19165.9,84.80586303
1666179000000,19165.9,19188.4,19147.1,19181.3,58.46061523
1666179900000,19181.4,19202.5,19173.3,19201.5,21.76724692
1666180800000,19201.5,19201.5,19146.6,19188.6,36.31977448
1666181700000,19188.6,19190.4,19154.5,19174.3,28.62191416
1666182600000,19171.1,19171.1,19107.8,19146.8,63.51321121
1666183500000,19146.8,19174.3,19146.8,19165.1,35.48399746
1666184400000,19166,19166,19110,19139.7,164.12188203
1666185300000,19140,19174.6,19134.9,19171.4,33.75060194
1666186200000,19171.3,19239,19118.3,19154.4,137.80957306
1666187100000,19154.3,19166.9,19069.1,19123.9,144.8818067
1666188000000,19123.5,19198.8,19103.2,19197.8,39.14480459
1666188900000,19197.9,19226.9,19180.2,19211.1,54.1999975
1666189800000,19211.1,19221.9,19171.9,19185.7,49.34159441
1666190700000,19185.8,19196,19148.8,19153.8,23.75331116
1666191600000,19153.9,19221.7,19140.3,19220.2,70.55456878
1666192500000,19220.3,19227.6,19182.6,19189.2,20.84393482
1666193400000,19189.3,19227.4,19164.5,19219.7,32.60412208
1666194300000,19219.7,19302.3,19213.4,19267.3,143.74815945
1666195200000,19267.2,19276.8,19216.7,19249.1,120.54283435
1666196100000,19249.1,19249.1,19209,19213.8,21.87133704
1666197000000,19213.8,19232.1,19193.2,19204.1,131.51356674
1666197900000,19204.2,19209.8,19169.9,19174.6,105.01857449
1666198800000,19174.8,19183.5,19096.1,19144.6,266.36564303
1666199700000,19144.6,19167,19125.8,19155.5,20.18931323
1666200600000,19155.6,19165.9,19143.4,19164.1,8.812126
1666201500000,19164.3,19190,19156.5,19181.1,15.16624729
1666202400000,19181.2,19217.6,19174.5,19205.5,21.93790359
1666203300000,19205.5,19213.9,19177,19200.7,31.03751756
1666204200000,19200.7,19200.7,19167.5,19174.4,8.72128305
1666205100000,19174,19192.3,19172.7,19187.6,8.11487244
1666206000000,19187.6,19194.7,19155.1,19192.8,15.78411763
1666206900000,19192.9,19223.5,19183.5,19185.6,9.04708248
1666207800000,19185.6,19204.6,19166.2,19204.6,49.50360881
1666208700000,19204.7,19228.9,19190,19228.9,17.05981662
1666209600000,19228.8,19246.4,19138.4,19192.7,93.95345498
1666210500000,19192.7,19196.4,19174.3,19192.6,9.45896347
1666211400000,19192.7,19216.6,19190.4,19190.4,10.70031507
1666212300000,19190.4,19197.8,19179.4,19196.4,14.79719771
1666213200000,19196.4,19204,19193.3,19202.6,38.50471035
1666214100000,19203,19203.2,19180.8,19183.5,7.6079865
1666215000000,19183.6,19183.6,19159.9,19175.2,13.66303476
1666215900000,19175.2,19206.6,19173.1,19197.6,15.99747644
1666216800000,19197.2,19198.7,19166.1,19180.7,17.38273603
1666217700000,19180.6,19194,19179.9,19183.8,14.16974202
1666218600000,19183.7,19185.6,19099,19129.4,136.59654379
1666219500000,19129.4,19144.8,19112.3,19143,52.72703592
1666220400000,19142.9,19160.2,19131.6,19147.8,25.10198763
1666221300000,19147.7,19154,19128.2,19135.9,16.69673429
1666222200000,19135.9,19152.1,19124.8,19146,37.59152755
1666223100000,19145.9,19146.5,19088.3,19126.9,38.42653413
1666224000000,19126.6,19160,19114.1,19159.9,32.23346893
1666224900000,19160,19161.1,19129.8,19140.5,18.76241008
1666225800000,19140.5,19153.9,19080.1,19086.7,46.31164353
1666226700000,19086.7,19086.7,18902.1,18973.5,577.41813809
1666227600000,18973.4,19005,18931.2,19005,61.59521583
1666228500000,19004.9,19054.7,18975.2,19008.7,124.86677274
1666229400000,19008.6,19039,19004.9,19018.9,38.93620036
1666230300000,19018.8,19054.3,19018.8,19042.9,17.9022497
1666231200000,19043.7,19073.7,19018.6,19061.3,49.47502453
1666232100000,19061.3,19078.6,19057.1,19060.3,18.60141505
1666233000000,19060.3,19060.3,19043.4,19056.1,19.59865032
1666233900000,19056,19070,19033.6,19064.7,33.49570009
1666234800000,19064.7,19066.5,19035.3,19035.5,24.72930126
1666235700000,19035.4,19043,19032.5,19034.9,25.4319248
1666236600000,19035,19037,19016.4,19034,44.90884842
1666237500000,19034,19052,19033.4,19041.3,19.14156209
1666238400000,19043.3,19062.6,19042,19046.3,23.22351734
1666239300000,19048.3,19165.9,19047.7,19150.6,92.99341904
1666240200000,19150.6,19150.6,19112.1,19143.5,34.28190757
1666241100000,19143.6,19206.9,19143.6,19182,63.88802712
1666242000000,19182,19194.2,19143,19177.2,44.92945556
1666242900000,19176.7,19176.7,19129.9,19140.5,29.5137848
1666243800000,19139.5,19139.6,19119.7,19129.8,22.73805933
1666244700000,19129.9,19152.9,19129.9,19142.1,154.02360669
1666245600000,19142.1,19143.4,19117.9,19127.9,25.59437515
1666246500000,19127.9,19128.5,19113.4,19127.8,20.92470673
1666247400000,19127.9,19127.9,19103.3,19105,30.72245618
1666248300000,19104.9,19132.5,19098,19131.9,29.22360534
1666249200000,19131.9,19149.1,19098.4,19122.8,37.77330943
1666250100000,19122.9,19151.7,19122.8,19139.6,17.51756431
1666251000000,19139.5,19146.9,19121.8,19144.3,14.79554565
1666251900000,19144.7,19165,19141.7,19144.1,38.12098106
1666252800000,19144.1,19165.8,19135,19135.1,36.39951874
1666253700000,19135.1,19147.2,19131.1,19131.9,10.11112891
1666254600000,19131.9,19144.4,19113.6,19142.8,44.59418493
1666255500000,19142.8,19142.8,19108.1,19113.8,37.20638851
1666256400000,19114.4,19127,19108,19125,16.89549793
1666257300000,19125.1,19143,19125.1,19142.8,9.43681304
1666258200000,19142.8,19158.3,19142.8,19152.2,8.97965198
1666259100000,19152.1,19192.5,19152.1,19188.1,58.05842554
1666260000000,19188,19196.7,19137.7,19148.4,38.44943675
1666260900000,19148.5,19156.8,19142.6,19156.8,8.43329862
1666261800000,19156.8,19252.3,19156.8,19234.2,73.96340529
1666262700000,19235,19237.3,19169,19203.7,181.99519327
1666263600000,19204.1,19220.5,19191.3,19197.4,48.55857462
1666264500000,19197.5,19226.4,19197.5,19206.7,48.17925741
1666265400000,19206.7,19218.6,19189.3,19189.3,19.57556495
1666266300000,19189.4,19216.5,19189.4,19209.3,35.39894292
1666267200000,19209.1,19239.6,19207,19215.6,35.700449
1666268100000,19215.5,19279.6,19215.5,19242.4,44.377482
1666269000000,19242.3,19273.8,19154.7,19162.9,127.0689542
1666269900000,19162.8,19195.4,19133.5,19137.1,62.60919789
1666270800000,19137,19158.3,19131.2,19149.2,68.46647592
1666271700000,19149.3,19183.3,19149.3,19165.9,14.25521408
1666272600000,19165.8,19189.1,19140.6,19177.6,38.40132362
1666273500000,19177.5,19217.1,19169.9,19172.5,65.18845062
1666274400000,19173,19261.4,19170.4,19234.1,92.46875486
1666275300000,19234.2,19346.2,19234.2,19302.3,203.40332724
1666276200000,19302.3,19328.3,19265.8,19284.6,74.41697685
1666277100000,19283.7,19333.1,19278.7,19323.3,38.67175635
1666278000000,19323.3,19336,19298.4,19308,56.60964498
1666278900000,19307,19308.1,19254.1,19264.1,47.15252082
1666279800000,19265.3,19289.1,19262.4,19277.4,28.41236203
1666280700000,19278.4,19280.7,19251.9,19255.9,29.59377114
1666281600000,19256,19256,19165.8,19171.6,105.45729131
1666282500000,19170.8,19190,19147.4,19178.9,48.15016217
1666283400000,19178.9,19190.7,19159.7,19190.7,30.81742153
1666284300000,19190.7,19190.8,19162.1,19180.6,64.60531711
1666285200000,19179.7,19184.9,19111.6,19144.1,61.56107375
1666286100000,19144.3,19164,19133.2,19146.1,55.22747315
1666287000000,19146.2,19146.2,19082.7,19104.3,100.85534028
1666287900000,19104.2,19113.6,19065.3,19096.4,59.45381121
1666288800000,19095.8,19099.7,19014,19014.1,130.97590322
1666289700000,19014.1,19080.5,18991.5,19014.4,122.32759203
1666290600000,19014.4,19040.6,18967.8,18998,45.89651105
1666291500000,19000.5,19088.2,18996.2,19066.4,54.97050783
1666292400000,19066.4,19113.5,19057.2,19094.9,29.40893966
1666293300000,19094.5,19094.5,19041.7,19063.6,32.60527165
1666294200000,19063.5,19063.5,19032.5,19058.7,9.36616842
1666295100000,19059.3,19082,19037,19063.9,54.05169631
1666296000000,19063.3,19085,19046.6,19066,44.80747126
1666296900000,19065.7,19065.7,18990,19012.2,68.94827493
1666297800000,19012.2,19046.3,18932.8,19046.3,210.05825122
1666298700000,19046.4,19054,19017.6,19030,37.56369017
1666299600000,19030.1,19047.1,18997.7,19047.1,27.91872842
1666300500000,19047.1,19074.5,19043.9,19068.8,25.92818712
1666301400000,19068.9,19085,19055,19068,25.92299801
1666302300000,19068.1,19096.7,19060.6,19072.8,16.73339724
1666303200000,19072.8,19089,19032.8,19057.7,135.33509672
1666304100000,19057.7,19057.7,19029.8,19034.7,10.5655708
1666305000000,19034.7,19034.7,19004.3,19015,31.65412498
1666305900000,19015.1,19041,19012.3,19033.8,27.63035886
1666306800000,19035.7,19044,18984,18995.9,30.53819475
1666307700000,18995.9,19030.1,18995.9,19027.5,17.84366456
1666308600000,19027.5,19050,19025.5,19049.4,80.46005742
1666309500000,19050,19050,19031.1,19043.9,36.549589
1666310400000,19043.9,19055.2,19019,19053.2,36.38000108
1666311300000,19054.5,19063.9,19001.7,19022.3,32.84538571
1666312200000,19021.5,19060.5,19003.9,19054,32.29329397
1666313100000,19054,19063.9,19045.3,19049.6,13.93329955
1666314000000,19049.3,19050.2,19026.7,19047.8,12.836162
1666314900000,19048.5,19061.3,19030.7,19033.9,10.99494737
1666315800000,19034,19060.6,19025.9,19059.4,14.08111631
1666316700000,19059.4,19076.2,19050.2,19066.1,32.49300387
1666317600000,19066.1,19085,19062,19072.5,35.50158276
1666318500000,19072.5,19100,19072.5,19100,25.32299641
1666319400000,19100,19132.5,19085.4,19107,51.9608122
1666320300000,19107.1,19110.8,19094.7,19110,111.78339277
1666321200000,19110,19120.6,19107.4,19120.5,4.44005091
1666322100000,19120.6,19122.9,19089,19090.1,17.56112815
1666323000000,19090.4,19095.8,19062.7,19064.3,44.35557447
1666323900000,19064.4,19069.8,19046.6,19050.9,41.7032193
1666324800000,19051,19059.2,19042.5,19055.2,12.52679366
1666325700000,19055.2,19080,19053.6,19069.6,19.71749051
1666326600000,19069.5,19069.5,19040.6,19048,20.92624783
1666327500000,19048,19048.2,19027,19047.2,9.55122041
1666328400000,19047.2,19051.7,19041.1,19051.5,9.92335971
1666329300000,19051.6,19053.4,19045.6,19045.6,34.13635979
1666330200000,19045.6,19062.1,19030.9,19059.2,28.20837177
1666331100000,19059.2,19064,19040.5,19045,16.82693919
1666332000000,19044.5,19069,19040,19069,34.4141177
1666332900000,19068.9,19069.3,19034.2,19034.3,13.51937336
1666333800000,19034.3,19047.4,19033.1,19046,9.40139598
1666334700000,19046,19052.3,19033.5,19039.2,28.35469737
1666335600000,19039.3,19039.3,18990,19017.1,126.5851733
1666336500000,19017.2,19081.3,19016,19066.4,52.86017372
1666337400000,19066.4,19066.4,19040.4,19057,23.17525184
1666338300000,19057.1,19057.1,19027.7,19030.2,27.9212151
1666339200000,19030.3,19040,19023.2,19027.6,14.71855366
1666340100000,19027.1,19036.4,18990.2,19015.7,31.98664333
1666341000000,19015.6,19015.7,18936.5,18975.6,63.26103816
1666341900000,18973.7,19001.9,18963.5,18980.7,32.17259945
1666342800000,18980.8,18997.4,18951,18957,182.38057899
1666343700000,18956.5,18986.6,18900.3,18986.6,135.9599225
1666344600000,18986.6,19006.5,18953.4,18963.4,39.44309637
1666345500000,18965.1,19030,18960.6,19013.1,45.23609202
1666346400000,19012.4,19017.5,18981.9,18985.2,70.06688057
1666347300000,18985.3,18993.2,18957.8,18988.1,24.8677628
1666348200000,18988.2,18991.7,18965,18970.6,25.7825406
1666349100000,18970.6,19006.2,18964.8,19004.8,33.71531115
1666350000000,19004.8,19004.8,18972.1,18972.9,10.60884715
1666350900000,18972.9,19008.2,18971.8,18992.5,15.52607767
1666351800000,18992.4,19003.8,18978.1,18983.6,17.74171982
1666352700000,18983.5,18996.2,18934.5,18944.3,48.91332085
1666353600000,18944.3,18945.9,18648.9,18768.7,824.18188044
1666354500000,18768.8,18784.7,18702.1,18774.4,167.43729723
1666355400000,18774.3,18827.7,18731.5,18818.4,68.91600776
1666356300000,18818.4,18900.4,18767.5,18880,118.56787225
1666357200000,18879.9,19015.4,18858.8,18937.3,176.96677854
1666358100000,18937.3,18961.9,18890.7,18950.4,176.20788789
1666359000000,18951.4,18992.9,18891.8,18965.4,85.35883661
1666359900000,18966.7,19082.5,18961.5,19067.2,150.70577815
1666360800000,19066.1,19125.1,19046.2,19112.3,169.94568857
1666361700000,19113,19119.7,18990,19001.6,121.57307601
1666362600000,19001.5,19018.2,18940.2,18997.6,116.30504464
1666363500000,18996.7,19036.6,18969.6,18978,47.33170098
1666364400000,18977.9,19010.4,18950.8,18996.8,54.7223909
1666365300000,18996.6,19057.3,18973,19045,74.92713256
1666366200000,19045.1,19083.2,19015.7,19060.1,39.54079829
1666367100000,19059.4,19168.8,19048.4,19165,130.77077293
1666368000000,19165.1,19225,19139,19143.7,301.95645409
1666368900000,19143.6,19179.7,19116.9,19116.9,60.5709768
1666369800000,19117,19154.4,19104.7,19134.9,41.13048994
1666370700000,19134.9,19167.5,19109.7,19128.8,51.24961567
1666371600000,19128.7,19139.7,19093.3,19112.9,58.89191112
1666372500000,19113.7,19137.8,19099,19134.4,31.75438512
1666373400000,19134.4,19169.8,19114,19124,42.38809455
1666374300000,19124,19161.4,19123.9,19148.3,41.07985109
1666375200000,19149,19201.4,19149,19158.5,30.83968621
1666376100000,19158.8,19170,19124.4,19136.1,20.26737602
1666377000000,19136.1,19153,19123.1,19130.4,10.20978813
1666377900000,19130.3,19148.9,19125.5,19137.8,13.05116973
1666378800000,19137.9,19188.8,19137.9,19171.9,35.03904112
1666379700000,19171.9,19198.7,19164.7,19166.6,15.6783996
1666380600000,19166.7,19242.4,19166.6,19228.9,66.44448901
1666381500000,19228.1,19250,19181.9,19189.6,69.05679903
1666382400000,19189.5,19248.4,19187.6,19201.2,65.94954054
1666383300000,19201.3,19204.6,19176.7,19197.9,32.04661392
1666384200000,19198.7,19198.7,19174.6,19175.5,8.36550114
1666385100000,19175.6,19181.8,19158,19178.8,25.18776774
1666386000000,19178,19178,19157.7,19157.8,17.41652588
1666386900000,19157.7,19166.1,19145.9,19158,17.12839256
1666387800000,19157.9,19159.7,19139.2,19142.6,7.79064313
1666388700000,19142.6,19158.9,19142.6,19154.8,11.42230452
1666389600000,19154.8,19194,19154.7,19172.6,18.91137088
1666390500000,19173.4,19185.1,19173.4,19183.6,16.64389008
1666391400000,19183.6,19188.1,19164.1,19173.1,9.95055125
1666392300000,19173.1,19192.2,19173,19190.1,5.7770068
1666393200000,19190.1,19191,19172.8,19181.1,16.96589577
1666394100000,19181.1,19185.1,19172.8,19181.9,78.16256226
1666395000000,19182,19186.7,19165.2,19165.2,14.73731082
1666395900000,19164.1,19169.1,19160,19161.9,9.03878416
1666396800000,19162.1,19171.6,19148,19150.3,20.6853052
1666397700000,19150.1,19164.8,19150,19164.8,9.73187768
1666398600000,19164.8,19179.8,19162.4,19169.5,12.04963427
1666399500000,19169.5,19169.7,19155.4,19163.9,9.03714003
1666400400000,19164,19181.7,19163.5,19163.5,6.19331116
1666401300000,19163.6,19165,19152,19155.1,2.24839659
1666402200000,19155.1,19158,19150,19158,5.98926348
1666403100000,19158,19158,19151.3,19154.6,8.67620789
1666404000000,19154.7,19163.5,19154.6,19161.7,16.75451832
1666404900000,19161.7,19163.9,19155.7,19157.6,6.804569
1666405800000,19157.6,19160.3,19150,19150,27.40474441
1666406700000,19150,19151.2,19120.8,19128.9,49.58012765
1666407600000,19128.9,19129.1,19115,19127.6,11.51797803
1666408500000,19127.7,19141.6,19127.7,19139.6,19.12518747
1666409400000,19139.6,19140,19128.8,19130.8,32.88162381
1666410300000,19130.7,19160.4,19130.7,19152.1,69.34688767
1666411200000,19152.1,19160.1,19150.3,19155,30.65095469
1666412100000,19155,19155,19149.1,19153.2,2.84053551
1666413000000,19153.2,19162.1,19150.6,19158.2,70.39353858
1666413900000,19158.2,19159,19147.7,19148.5,3.74930261
1666414800000,19148.5,19155.6,19148.5,19153.2,4.72009374
1666415700000,19153.2,19153.3,19141.3,19141.3,13.57553828
1666416600000,19141.3,19150,19141.2,19149,10.40877289
1666417500000,19148.5,19148.7,19143.6,19143.6,5.47074053
1666418400000,19143.6,19143.6,19135,19136.3,14.26457243
1666419300000,19136.2,19143.1,19136.2,19137.3,9.68317793
1666420200000,19137.4,19144.1,19137.3,19138.4,6.85760415
1666421100000,19138.4,19150,19138.3,19145.8,24.76654627
1666422000000,19145.8,19157.7,19145.8,19157.7,34.66710807
1666422900000,19157.8,19165,19155.7,19157.7,38.44061106
1666423800000,19157.8,19162.3,19153.2,19156.1,28.67191346
1666424700000,19156.2,19173.9,19156.1,19163.1,58.0856828
1666425600000,19163.5,19173.6,19162.1,19163,12.6332641
1666426500000,19162.9,19168.8,19160.3,19163.1,8.08315302
1666427400000,19162.9,19163.2,19159.4,19160.6,10.97123342
1666428300000,19160.6,19160.6,19155.2,19156.5,14.51719744
1666429200000,19156.6,19159.3,19150.6,19153.1,12.19336296
1666430100000,19153.1,19156.3,19150.5,19151.3,21.14605653
1666431000000,19151.4,19166.9,19151.3,19165.2,10.57199978
1666431900000,19165.2,19170,19141.2,19141.3,26.25101267
1666432800000,19141.4,19150.8,19140.9,19150.7,15.02142488
1666433700000,19150.8,19153.6,19144.6,19150.7,15.20759671
1666434600000,19150.7,19160.1,19150,19158.9,10.93511768
1666435500000,19159,19169.8,19159,19166.4,15.93574086
1666436400000,19167.3,19180.4,19160.9,19161.6,9.47260986
1666437300000,19161.6,19169.8,19161.5,19166.1,6.38555962
1666438200000,19166.1,19185.7,19165.2,19181.1,11.77164864
1666439100000,19181.1,19185,19172.3,19180,8.74980849
1666440000000,19180.1,19180.1,19173.6,19173.6,7.75179216
1666440900000,19173.7,19195.5,19157.7,19159,20.51735761
1666441800000,19158.4,19170.6,19157.9,19167.9,9.25936096
1666442700000,19168,19201,19161.7,19180.7,74.36305068
1666443600000,19181,19217,19181,19208,27.51123373
1666444500000,19208,19252,19207.2,19229.2,77.77422561
1666445400000,19229.3,19231.3,19195.5,19202,12.6336351
1666446300000,19202.1,19209.7,19193.5,19194.8,50.54872161
1666447200000,19194.9,19233.8,19194.9,19221.3,33.33003514
1666448100000,19221.4,19231,19217,19222.6,22.93891502
1666449000000,19222.6,19235.5,19222.6,19228.3,15.08159972
1666449900000,19228.4,19231.6,19221,19231.6,13.75973647
1666450800000,19232,19252,19225.2,19225.2,17.7370282
1666451700000,19225.3,19232.4,19223.2,19224.8,18.38944805
1666452600000,19224.8,19229.4,19211.6,19216.3,34.20689278
1666453500000,19216.2,19242,19216.1,19235.3,18.97640739
1666454400000,19235.3,19247.3,19213.3,19213.3,17.51142182
1666455300000,19213.9,19218.8,19184.3,19191.2,12.51323053
1666456200000,19191.3,19194,19170.3,19175.4,38.85197716
1666457100000,19175.4,19192.6,19175.4,19192.6,8.40912055
1666458000000,19193.8,19198,19183.9,19192.7,5.21983805
1666458900000,19192.7,19205,19184.2,19189.5,10.71788938
1666459800000,19189.6,19191.3,19161.9,19168.4,16.34576539
1666460700000,19168.5,19169.3,19147.5,19150.5,35.31866704
1666461600000,19151,19158,19137,19139.8,10.24844985
1666462500000,19139.8,19161.8,19138.3,19159.7,11.22043491
1666463400000,19159.7,19170,19157.5,19169.9,8.12385929
1666464300000,19170,19175.6,19169.8,19173.4,9.34718408
1666465200000,19173.4,19185.9,19168,19185.8,5.7498367
1666466100000,19185.9,19187.2,19183.1,19184,6.01402148
1666467000000,19184,19184.8,19172.5,19184.7,3.95157784
1666467900000,19184.7,19186.8,19178.5,19184.8,1.69560158
1666468800000,19184.9,19188,19181.5,19181.5,2.15419377
1666469700000,19181.5,19181.6,19175.8,19175.9,2.72187442
1666470600000,19175.9,19193.2,19175.9,19192.4,4.76375293
1666471500000,19192.5,19222.3,19191.8,19217.4,34.54504274
1666472400000,19217.3,19221.2,19192.4,19192.4,14.48932137
1666473300000,19192.3,19209.6,19192.3,19201.7,8.83294783
1666474200000,19201.8,19214.7,19198.1,19209.5,12.68360994
1666475100000,19209.6,19216.2,19205.6,19205.6,3.26977836
1666476000000,19205.6,19208.5,19191.2,19198.7,6.84208782
1666476900000,19199.1,19201.1,19190.2,19193.2,3.02861386
1666477800000,19193.2,19198.2,19193.1,19194.8,2.52654629
1666478700000,19194.9,19196.9,19186.7,19195.1,3.78759345
1666479600000,19195.1,19201,19192.9,19197.1,4.84655003
1666480500000,19197.1,19204.4,19196.3,19196.9,2.17467067
1666481400000,19197.2,19198,19195.3,19197.1,2.93418285
1666482300000,19197,19205,19197,19202.7,3.51221083
1666483200000,19202.8,19217.9,19202.7,19206.8,7.93729292
1666484100000,19206.8,19208.7,19199.9,19202.4,3.09305564
1666485000000,19202.4,19209.6,19195,19195.8,5.64692181
1666485900000,19195.5,19199.8,19192,19195.7,5.89459092
1666486800000,19195.1,19202.4,19183.4,19183.8,4.84253117
1666487700000,19183.8,19183.9,19176,19179.1,13.30140104
1666488600000,19179,19179.1,19169,19173,15.09861615
1666489500000,19173,19180,19167.6,19180,6.46217662
1666490400000,19180,19186.2,19177,19177.1,4.76695961
1666491300000,19177.5,19199.2,19176.6,19198.8,11.03430501
1666492200000,19198.6,19201,19196.8,19199.6,8.28237916
1666493100000,19199.6,19205.8,19196.7,19196.7,9.27283084
1666494000000,19197.6,19198.4,19194.2,19194.9,5.00975293
1666494900000,19195,19198.1,19188.9,19188.9,50.22598076
1666495800000,19189,19191.4,19186.5,19190.3,5.42186624
1666496700000,19190.3,19198.1,19190.3,19197.1,14.60982856
1666497600000,19197.1,19198.1,19195,19196.6,7.7094651
1666498500000,19196.6,19216.4,19196.6,19216.4,9.44663631
1666499400000,19216.3,19218.9,19212.5,19213.7,13.74003178
1666500300000,19213.5,19213.5,19176.3,19185.7,21.20376092
1666501200000,19185.8,19194.2,19182.5,19192.1,5.37277424
1666502100000,19192.1,19192.6,19184.8,19185.3,6.30759209
1666503000000,19185.4,19187.2,19182.5,19183.1,3.72397954
1666503900000,19183.1,19187.8,19170.1,19179.1,25.50601924
1666504800000,19178.9,19186.1,19170.4,19185.7,9.47666448
1666505700000,19185.7,19186.2,19158.4,19170,22.82676178
1666506600000,19170.8,19177.1,19164,19167.5,4.6565461
1666507500000,19167.5,19173,19167.3,19172,12.25814188
1666508400000,19172,19172.9,19162,19165.2,28.97939567
1666509300000,19164.7,19171.7,19151,19161.7,23.37360035
1666510200000,19160.3,19160.5,19151,19160.5,4.80238449
1666511100000,19160.4,19164.1,19160.4,19163.3,10.09589281
1666512000000,19163.2,19170.4,19152.8,19168.7,9.77163569
1666512900000,19168.7,19174.7,19168.5,19169.4,10.90735166
1666513800000,19169.4,19179.6,19169.4,19175.7,7.02085198
1666514700000,19175.7,19184.7,19175.7,19184.6,11.17383924
1666515600000,19184.7,19187.3,19184.7,19184.8,9.85497017
1666516500000,19184.8,19184.8,19184.7,19184.7,36.28230053
1666517400000,19184.7,19185.9,19184.7,19185.8,12.11448447
1666518300000,19185.9,19186,19182.7,19184.7,9.65837194
1666519200000,19184.8,19186.6,19175,19175.1,9.92370462
1666520100000,19175,19177.6,19175,19176.6,4.3053112
1666521000000,19176.6,19176.6,19166,19166.1,24.43100733
1666521900000,19166,19170.8,19164.9,19170.8,2.39041326
1666522800000,19170.8,19170.8,19130.7,19150.3,26.65726784
1666523700000,19149.6,19149.6,19133.4,19143.1,18.97383921
1666524600000,19143.1,19146.7,19139.2,19145.6,11.27818075
1666525500000,19145.6,19157,19145.5,19156.2,3.27810643
1666526400000,19156.2,19156.8,19148.2,19150.2,14.40605573
1666527300000,19150.2,19150.2,19070.1,19126.1,139.57224077
1666528200000,19126.1,19150.8,19109,19115,17.65305752
1666529100000,19114.9,19157.4,19114.9,19151.5,21.63811808
1666530000000,19151.5,19176.7,19146.9,19175.7,51.9798038
1666530900000,19175.6,19177.8,19159.1,19159.6,9.70057854
1666531800000,19159.7,19159.7,19152.4,19157.7,12.74751341
1666532700000,19157.8,19181.3,19153.8,19178.6,13.1486854
1666533600000,19178.6,19207.9,19178.6,19189.8,68.68122939
1666534500000,19189.8,19208,19181.1,19185.7,28.88172731
1666535400000,19185.7,19190.1,19179.4,19190,6.46170942
1666536300000,19190,19193,19184.1,19189.3,8.40518763
1666537200000,19189.2,19209.3,19183.7,19183.7,50.17891772
1666538100000,19184,19192.2,19181.7,19187.4,14.94182938
1666539000000,19187.4,19195.8,19187.3,19193.5,5.19393926
1666539900000,19193.6,19194.4,19182,19193,8.4022198
1666540800000,19193.1,19202.5,19181.4,19182.8,14.56759836
1666541700000,19182.9,19182.9,19171.4,19172.1,4.67271172
1666542600000,19172,19190,19172,19190,15.58959111
1666543500000,19189.9,19192.2,19176.6,19177.5,5.5063021
1666544400000,19177.6,19213.8,19175.7,19213.8,22.90404573
1666545300000,19213.8,19217.9,19199.8,19201.6,42.14453177
1666546200000,19201.6,19247.1,19201.5,19241.3,51.99256969
1666547100000,19241.1,19500,19241.1,19474.2,756.32929275
1666548000000,19474.4,19527.4,19402.7,19479.6,238.67983846
1666548900000,19479.2,19506.3,19444,19483.9,91.86481298
1666549800000,19483.8,19503.9,19441.5,19443.1,46.8774534
1666550700000,19444.1,19456.4,19422.6,19440.4,16.99686646
1666551600000,19440.5,19471.5,19440.5,19460.7,19.14383569
1666552500000,19460.6,19498.5,19460.2,19497.6,10.43644601
1666553400000,19497.6,19497.7,19472.4,19479.7,18.43913417
1666554300000,19479.7,19519.5,19478.3,19499.8,22.66472236
1666555200000,19499.8,19516.1,19471.6,19475.7,18.03237324
1666556100000,19475.7,19479.2,19453.4,19466.2,19.39679346
1666557000000,19467,19468.3,19447.1,19459.5,9.19802229
1666557900000,19459.4,19519.9,19459.4,19494.5,49.29169184
1666558800000,19494.6,19504.5,19493.2,19494.4,27.99624509
1666559700000,19494.4,19608.3,19459.5,19486.1,268.23502991
1666560600000,19486,19491.6,19452,19462.8,17.63685481
1666561500000,19463.8,19549.3,19463.7,19539.2,24.06601745
1666562400000,19540.4,19652.1,19540.4,19589.3,272.08508939
1666563300000,19589.2,19630,19562.1,19620.5,66.43217874
1666564200000,19620.5,19691.9,19607.5,19648.8,214.04904721
1666565100000,19648.9,19650,19579.9,19593,52.79691997
1666566000000,19593.1,19604.9,19570.5,19592.3,46.82359108
1666566900000,19592.4,19594.1,19521.9,19528.6,58.93295514
1666567800000,19528.6,19587.3,19528.6,19581.2,39.89839938
1666568700000,19581.3,19584,19550,19570.5,18.974969
1666569600000,19570.7,19598.8,19553.5,19555.5,39.22364587
1666570500000,19555.6,19584.1,19540.7,19574.8,32.18807217
1666571400000,19575.7,19588.2,19510.6,19524.1,58.04512395
1666572300000,19522.8,19529.8,19492.3,19518.5,51.84039781
1666573200000,19518.4,19524.3,19492.7,19507,32.43059076
1666574100000,19507,19508.1,19385,19443.2,407.98656801
1666575000000,19442.7,19469.7,19436.1,19441.9,52.79195729
1666575900000,19442,19442.8,19370.6,19413.1,59.2235635
1666576800000,19412.1,19438.7,19394.8,19438.6,29.54606721
1666577700000,19438.1,19447.8,19416.8,19445.1,34.12127626
1666578600000,19445,19467,19442.9,19443,29.71819017
1666579500000,19443,19459.9,19412.6,19413.6,35.50964504
1666580400000,19413.7,19432.7,19352.1,19353.2,173.2231324
1666581300000,19353.2,19382.2,19341.3,19376.5,32.48709212
1666582200000,19376.5,19389.2,19370.8,19383,29.11546539
1666583100000,19383.1,19397.1,19383.1,19391.2,27.16177621
1666584000000,19391.2,19391.2,19277.5,19298.9,145.10120238
1666584900000,19298.8,19321,19278.7,19313.1,51.45462047
1666585800000,19313.1,19337.6,19293.9,19302.9,28.21038614
1666586700000,19302.9,19337,19302.9,19336.1,34.28671835
1666587600000,19336.2,19336.2,19300.1,19310.2,60.51300393
1666588500000,19310.2,19338,19310.2,19335.3,21.18339568
1666589400000,19335.3,19337.5,19297.6,19324.7,15.01785056
1666590300000,19324.7,19350.9,19320,19335.7,19.47106303
1666591200000,19335.8,19347.6,19321.7,19322.6,16.52064725
1666592100000,19322.5,19362.3,19322.5,19362.3,16.25329556
1666593000000,19362.3,19362.3,19334.1,19348.2,15.78544129
1666593900000,19348.3,19348.3,19285.2,19293.9,108.77795116
1666594800000,19294.6,19338.6,19250.3,19314.1,142.38929214
1666595700000,19314.7,19318.6,19260.6,19291.5,94.94763328
1666596600000,19291.4,19301.6,19270.4,19296.6,68.72202009
1666597500000,19296,19323.8,19279.8,19321.9,49.91156153
1666598400000,19322,19335.6,19306.7,19330.6,23.45610417
1666599300000,19329.6,19330.6,19293.8,19313.1,14.3872559
1666600200000,19312.9,19330.2,19311.2,19330.2,19.16997368
1666601100000,19329.4,19342.2,19329.3,19340.7,17.62844215
1666602000000,19340.7,19340.7,19319.7,19319.8,10.5009778
1666602900000,19319.5,19337.7,19313.2,19336,4.31951974
1666603800000,19335.9,19373,19324.1,19356.5,73.48834478
1666604700000,19356.5,19401.9,19356,19383.7,44.89115779
1666605600000,19383.5,19397.8,19370,19382.8,21.99159208
1666606500000,19383.2,19433.7,19383.2,19431.6,34.79298967
1666607400000,19431.6,19442.7,19380.2,19380.7,44.6576303
1666608300000,19380.8,19404.6,19368.7,19404.6,25.6342501
1666609200000,19404.6,19405.5,19377.8,19384.2,30.58626894
1666610100000,19384.2,19389.7,19363.1,19387.1,35.65560933
1666611000000,19387,19421.4,19381,19421.4,26.97536155
1666611900000,19421.4,19444.2,19413.7,19423.1,31.45019099
1666612800000,19423.2,19452,19394.6,19450,966.43209554
1666613700000,19450,19450.1,19369,19376.8,190.13794809
1666614600000,19375.9,19379,19323.6,19349.1,66.63497729
1666615500000,19349.1,19380.2,19345.2,19374.3,25.80058037
1666616400000,19374.4,19378.8,19334.9,19340.7,26.11281322
1666617300000,19340.7,19358.9,19337.4,19345.9,24.50718695
1666618200000,19345.8,19399.6,19301.9,19325,146.51902028
1666619100000,19325,19389.4,19319.4,19353,134.6903993
1666620000000,19353,19353.9,19294.6,19319.4,109.02525726
1666620900000,19319.3,19319.4,19161,19233.5,413.40444342
1666621800000,19233.3,19266.9,19197.9,19241.2,117.12629923
1666622700000,19241.3,19283.3,19226.6,19277.1,89.55190438
1666623600000,19277.1,19284.6,19248.7,19277.4,32.58749514
1666624500000,19277.5,19287,19253,19269.7,76.9606139
1666625400000,19269.7,19290,19260.3,19271.7,49.31708157
1666626300000,19271.6,19310,19255.8,19303.6,52.12874323
1666627200000,19303.7,19314.4,19266.1,19295.7,45.7521612
1666628100000,19295.7,19311.1,19285.2,19292.5,84.41577329
1666629000000,19292,19292,19254,19277.7,31.16998025
1666629900000,19277.8,19286.5,19272.5,19273.9,11.3829654
1666630800000,19273.9,19273.9,19256.6,19260.2,14.79186355
1666631700000,19260.2,19260.8,19224.2,19238.7,33.00634606
1666632600000,19238.1,19292,19237.9,19290.9,14.27414793
1666633500000,19290.9,19296,19284.3,19284.4,37.27721504
1666634400000,19284.4,19304,19284.4,19304,6.33595812
1666635300000,19303.9,19339.8,19303.9,19324.7,54.39616992
1666636200000,19324.7,19342.6,19306.9,19332.6,16.14654822
1666637100000,19332.9,19349.9,19329.4,19334.5,15.8573844
1666638000000,19334.4,19395.3,19334.4,19384.5,50.37348938
1666638900000,19384.5,19422,19371.1,19371.2,39.37012284
1666639800000,19371.1,19375.2,19352.1,19369,13.05157869
1666640700000,19369,19373,19332.3,19342,20.15889069
1666641600000,19342.1,19342.1,19321.4,19336.8,7.56724271
1666642500000,19336.9,19342.8,19332.3,19334.7,6.9127049
1666643400000,19334.8,19347.8,19306.8,19346.6,24.5615541
1666644300000,19346.8,19377.5,19342.9,19377.5,17.5287387
1666645200000,19377.6,19415.2,19363.6,19363.6,80.41262841
1666646100000,19363.6,19363.6,19334.6,19340.6,12.96356032
1666647000000,19340.6,19359.4,19338.9,19358.4,11.26376519
1666647900000,19358.5,19369.2,19357.5,19363.5,6.30995045
1666648800000,19363.5,19370.2,19306.6,19329.1,23.18043245
1666649700000,19329.6,19331.6,19322.8,19324.5,16.43965883
1666650600000,19324.5,19356.2,19324.4,19353.9,15.69715569
1666651500000,19353.9,19363.5,19353.6,19359,11.04163307
1666652400000,19359.2,19363,19336.4,19337.3,21.0053464
1666653300000,19337.3,19346.2,19326.8,19340,10.19934993
1666654200000,19340.5,19356.7,19340.1,19340.2,9.99088507
1666655100000,19340.1,19340.1,19323.8,19332.3,6.94313165
1666656000000,19331.4,19335.1,19279.6,19317,27.92164421
1666656900000,19316.1,19321.7,19290.8,19318.3,18.14227957
1666657800000,19318.1,19333,19318,19326.2,15.35841411
1666658700000,19327.1,19329.9,19299.1,19309.2,23.93432719
1666659600000,19309.1,19313.5,19275.4,19292.8,30.50659144
1666660500000,19292.9,19293.7,19246.8,19263.8,59.25538064
1666661400000,19263.9,19293.5,19252.5,19293.5,8.11688896
1666662300000,19293.5,19305.1,19292.7,19297.1,6.35457585
1666663200000,19297.1,19303.9,19280.4,19280.5,46.0018818
1666664100000,19280.5,19290,19279.5,19290,5.97221132
1666665000000,19290,19297.7,19289.1,19297.5,21.5869722
1666665900000,19297.5,19315.7,19297.5,19310.3,5.25781019
1666666800000,19310.4,19327.6,19309.3,19327.4,9.51051457
1666667700000,19327.3,19361.8,19327.3,19360.5,63.18360612
1666668600000,19360.4,19360.5,19344.1,19346.6,16.65097195
1666669500000,19346.7,19360.1,19337.5,19341.9,14.05825286
1666670400000,19342,19374,19341.9,19349.3,12.55241696
1666671300000,19349.4,19349.4,19332.4,19332.5,5.68505435
1666672200000,19332.5,19337.1,19332.5,19336.1,8.88029834
1666673100000,19336.1,19339.6,19336,19339.2,4.79957384
1666674000000,19339.2,19341.9,19313.4,19316.7,17.64557222
1666674900000,19316.7,19317.7,19295.7,19311.9,27.26266187
1666675800000,19311.8,19328.4,19308,19321.4,11.04019827
1666676700000,19321.5,19338.2,19321.5,19338.2,10.97090342
1666677600000,19338.2,19344.5,19336.8,19337.5,14.72722254
1666678500000,19337.5,19351.3,19337.5,19351.3,13.16249777
1666679400000,19352.2,19362,19338.2,19348,14.69590726
1666680300000,19348,19351.2,19324,19326.3,28.04463973
1666681200000,19326.4,19338.4,19291.6,19299.8,26.71542
1666682100000,19299.8,19306.7,19274.1,19288.1,23.84045303
1666683000000,19288.2,19306.4,19282.3,19306.4,19.03110306
1666683900000,19306.5,19317.4,19304.8,19308.5,23.33547423
1666684800000,19307.6,19318.5,19305.5,19317.6,8.80093762
1666685700000,19317.5,19317.6,19273,19291.2,31.56255036
1666686600000,19291.3,19315.9,19291.2,19309,16.06456821
1666687500000,19309,19310.5,19294,19296,14.52672929
1666688400000,19295.7,19295.7,19272,19272,37.15716228
1666689300000,19272.1,19290,19264.2,19279.6,33.32440434
1666690200000,19279.6,19279.7,19258.5,19270.4,18.01556426
1666691100000,19270.4,19290,19267.3,19267.3,11.35007227
1666692000000,19267.4,19275.5,19242.6,19257.8,24.65670895
1666692900000,19257.8,19278,19246.6,19277.7,14.59872066
1666693800000,19278,19285,19277.7,19283,11.36398318
1666694700000,19282.8,19295.7,19282.1,19295.7,6.48582797
1666695600000,19295.6,19296,19277.5,19284.9,15.81773174
1666696500000,19285,19306,19279.2,19306,25.61287365
1666697400000,19306,19323.8,19302.5,19312,27.51115778
1666698300000,19311.9,19316.5,19298.6,19299.9,7.37043865
1666699200000,19300,19308.9,19278.3,19287,12.55321447
1666700100000,19287.1,19290.5,19280.6,19285.3,30.35629245
1666701000000,19285.3,19287.7,19264,19277.2,24.72961073
1666701900000,19277.3,19339.7,19277.3,19327.9,53.02394728
1666702800000,19327.9,19391.5,19327.9,19384.4,76.81529726
1666703700000,19386.2,19418,19369.9,19378.4,81.7526803
1666704600000,19379.3,19444.9,19376.7,19414.3,107.94078726
1666705500000,19414.4,19521,19414.4,19478.6,315.71499563
1666706400000,19478.7,19522.9,19444.1,19476,164.11275001
1666707300000,19475.7,19510.9,19467,19506.8,43.11641181
1666708200000,19506.8,19542,19458.9,19472.7,74.47713673
1666709100000,19472.8,19512.1,19472.8,19490.3,31.51682524
1666710000000,19490.2,19626.9,19487.2,19572.7,255.16052647
1666710900000,19572.6,19676.3,19572.6,19623.2,218.54153202
1666711800000,19623.3,19684.5,19614.5,19666,150.26297955
1666712700000,19666,19807.9,19646.2,19747.5,487.90803542
1666713600000,19747.6,19837.1,19721.1,19760.3,240.65961386
1666714500000,19759.6,19802.9,19759.6,19785.2,80.67693477
1666715400000,19785.2,19819.2,19781.4,19796.7,97.93925428
1666716300000,19796.9,19815.2,19730.7,19814.1,355.8071475
1666717200000,19814.1,20193.3,19814.1,20098.3,3513.92439858
1666718100000,20099.3,20108.2,19937.4,19996.8,378.63912803
1666719000000,19996.8,20050,19980,20005.4,109.32410932
1666719900000,20005.4,20153.4,19982.9,20119.4,449.55479884
1666720800000,20119.4,20154.7,20079.8,20124.2,163.35843721
1666721700000,20124.2,20350,20119.8,20332,444.12121454
1666722600000,20332,20410.9,20214.6,20242.7,587.70948813
1666723500000,20242.8,20333.9,20242.8,20275.3,202.52565225
1666724400000,20274.5,20358.7,20273.5,20344,192.56166152
1666725300000,20343.6,20385.3,20315.6,20342.2,113.28328879
1666726200000,20342.3,20412.3,20229.1,20231.6,286.35134129
1666727100000,20234.7,20271.4,20209.4,20271.4,100.26351994
1666728000000,20271.8,20293.2,20028,20060,399.27388187
1666728900000,20060,20091.7,20031.4,20069.9,248.75564049
1666729800000,20069.8,20172.3,20014.1,20159.9,282.75155806
1666730700000,20159,20190,20136.5,20187.7,132.68635661
1666731600000,20187.6,20200.5,20139.9,20158.2,88.05242996
1666732500000,20158.3,20159.5,20102.4,20129.7,65.894476
1666733400000,20129.7,20155.4,20106.6,20134.8,30.47457637
1666734300000,20134.9,20269.2,20134.7,20234.2,114.47833775
1666735200000,20234.2,20239.4,20087.4,20087.6,102.77010476
1666736100000,20087.4,20127.1,20068.6,20070.8,124.53779008
1666737000000,20070.2,20084.4,19983.6,20051.8,123.00761522
1666737900000,20051.8,20077.6,20035.9,20065.2,32.22693348
1666738800000,20065.3,20104.9,20043.9,20070.8,24.93622096
1666739700000,20070.8,20128.9,20055.5,20091.9,99.12729715
1666740600000,20092.1,20099.7,20061.4,20067.2,29.61343118
1666741500000,20067.2,20116,20067.2,20082.5,37.18760739
1666742400000,20082.5,20147.9,20053.2,20071.9,50.95069259
1666743300000,20071.9,20152,20071.9,20114.8,77.11267457
1666744200000,20114.8,20136.4,20089.1,20126.8,49.64954567
1666745100000,20126.8,20174.7,20089.6,20165.6,131.33398026
1666746000000,20165.7,20192.4,20130,20132.9,59.51537432
1666746900000,20133.5,20163,20087.9,20119.1,85.64994458
1666747800000,20119,20256.2,20118.9,20237.2,307.26482257
1666748700000,20237.3,20292.9,20220.3,20231.2,134.19204044
1666749600000,20231.2,20250.3,20176.2,20219.3,36.51739834
1666750500000,20219.4,20247.6,20194.1,20201.1,37.17022329
1666751400000,20201.1,20222,20182.5,20221.9,73.34999178
1666752300000,20221.7,20239,20181.7,20208.8,45.6621426
1666753200000,20208.8,20208.8,20184,20193.2,31.92596506
1666754100000,20193.3,20307.5,20186.4,20284.6,69.22945983
1666755000000,20284.3,20304.5,20246.9,20252.3,48.71326835
1666755900000,20252.3,20276,20250.4,20251.6,22.68452169
1666756800000,20251.6,20261.1,20230.8,20230.8,21.06034717
1666757700000,20230.8,20239.3,20215.6,20235.2,63.42980064
1666758600000,20236,20272.9,20235.9,20253.2,26.39588355
1666759500000,20253.3,20276,20183.4,20203.7,106.35106161
1666760400000,20204.1,20230.4,20136.1,20148.1,259.34510975
1666761300000,20148.1,20164.9,20144.8,20162.5,26.94930331
1666762200000,20162.5,20191,20156.3,20190,33.48347458
1666763100000,20190.9,20199,20174.2,20186.4,33.85468931
1666764000000,20186.3,20250.5,20179.2,20232,171.27916489
1666764900000,20230.4,20246.7,20170.3,20173.8,178.28770938
1666765800000,20173.8,20240.4,20166.9,20230.9,115.41286241
1666766700000,20231.9,20231.9,20204,20216.3,37.07454304
1666767600000,20216.4,20276.4,20202.8,20221.6,103.59121667
1666768500000,20221.1,20338.5,20214,20335.1,138.90771168
1666769400000,20336.4,20343,20280.4,20316.8,78.23908665
1666770300000,20316.7,20377.6,20306.9,20345.5,122.24520552
1666771200000,20345.4,20400,20289.2,20303.4,109.62847628
1666772100000,20303.4,20347.1,20283.5,20314.3,113.57986633
1666773000000,20314.6,20790.2,20305.9,20666.9,2501.6672529
1666773900000,20667.3,20772.9,20643.4,20669.4,268.53155082
1666774800000,20669.4,20718.8,20550.5,20593.7,169.29592807
1666775700000,20593.6,20648.2,20576.6,20609.5,289.16648203
1666776600000,20609.6,20673.1,20609.5,20652.4,130.81486364
1666777500000,20652.4,20662.2,20596,20596.8,100.2063555
1666778400000,20596.8,20628.4,20541.5,20565.1,99.40334388
1666779300000,20565.1,20644.3,20565.1,20635.5,54.77820379
1666780200000,20635.5,20680,20624,20669.4,48.85513164
1666781100000,20669.4,20681.2,20647.1,20667,30.94595851
1666782000000,20667.1,20747.5,20650.2,20664.7,94.71282312
1666782900000,20665,20669.5,20636,20655.2,105.44936822
1666783800000,20655.1,20659.3,20623.4,20628.2,35.92923294
1666784700000,20628.3,20630.9,20575,20609.4,89.81578337
1666785600000,20609.3,20609.8,20540.6,20600.8,70.40804499
1666786500000,20600.9,20619.9,20452.6,20536.7,392.93161276
1666787400000,20536.1,20556,20513.1,20554.8,176.23564729
1666788300000,20554.8,20557,20529.5,20549.2,157.22163063
1666789200000,20549.2,20566,20483.1,20557.3,65.83790142
1666790100000,20557,20560.8,20418.2,20456,185.73609002
1666791000000,20456,20561.2,20344.2,20475.3,403.65047682
1666791900000,20474.6,20612.5,20472.4,20555.1,258.20936898
1666792800000,20555.1,20788,20555.1,20761.3,467.51753405
1666793700000,20761.2,20975.4,20756,20821.7,1153.17861936
1666794600000,20821.7,21020.5,20753.9,20943.8,581.869238
1666795500000,20943.8,21010.2,20803.6,20830.9,258.9244185
1666796400000,20831.1,20904.4,20831.1,20883.7,117.49227197
1666797300000,20882.1,20893.1,20833.6,20873,55.95208127
1666798200000,20873.1,20930,20864.8,20925.4,279.19719968
1666799100000,20925.3,20925.3,20787.3,20845,199.8586333
1666800000000,20845.1,20989.9,20845,20912,158.39993039
1666800900000,20912.3,20917.5,20812.5,20826.6,87.96507683
1666801800000,20826.6,20873.9,20778.1,20785.9,52.98915485
1666802700000,20786.9,20832.8,20717.1,20759.4,232.01074359
1666803600000,20759.3,20795.1,20691.3,20786.5,107.2079585
1666804500000,20787.6,20795.6,20686.4,20723.1,59.68364017
1666805400000,20723.1,20754.5,20668.8,20743,98.55733933
1666806300000,20743.1,20828.8,20724.5,20822.4,60.46096539
1666807200000,20822.4,20864.5,20785.9,20812.3,155.61122056
1666808100000,20812.3,20812.3,20757.1,20760.5,61.42156501
1666809000000,20760,20811.2,20716.5,20717.5,37.32049542
1666809900000,20717.4,20753,20660.9,20693.4,1119.55355768
1666810800000,20694.7,20698.3,20639.5,20695.5,266.83883593
1666811700000,20695.5,20738.8,20695.5,20737.8,94.31180252
1666812600000,20737.6,20782.9,20720.8,20767.2,49.07886325
1666813500000,20767.7,20785.5,20737.4,20761,23.87331936
1666814400000,20761.5,20849.6,20714.9,20772.5,491.55630387
1666815300000,20772.6,20776,20697.5,20708.6,36.45274547
1666816200000,20710.7,20742.8,20694.4,20742.8,33.62600096
1666817100000,20743.5,20772.2,20736.8,20742.7,33.12634791
1666818000000,20744,20745.7,20699.8,20721.8,63.24693886
1666818900000,20721.9,20754.1,20720.9,20743.8,39.25746727
1666819800000,20743.8,20759.3,20717,20750.8,26.72979648
1666820700000,20750.8,20761.7,20744.1,20744.1,8.65619872
1666821600000,20743.6,20824.2,20696.4,20785.5,57.49338491
1666822500000,20785.6,20900.1,20754.1,20862,439.2695744
1666823400000,20861.4,20900,20787.5,20787.5,73.15986521
1666824300000,20787.5,20818.7,20763.7,20817.7,37.83383991
1666825200000,20817.6,20906,20800,20847.3,142.83827073
1666826100000,20847.3,20847.3,20809.5,20825,34.8309055
1666827000000,20825.1,20825.1,20784.7,20788.9,25.42484943
1666827900000,20788.9,20795.6,20735.3,20770.8,87.36055803
1666828800000,20769.2,20805.1,20748.9,20804.9,72.31310237
1666829700000,20804.9,20847.5,20747.4,20761.9,74.96982457
1666830600000,20762,20762,20720,20746.6,34.79326375
1666831500000,20746.3,20757.6,20733.2,20752.2,21.269378
1666832400000,20752.2,20782.3,20752.2,20767.9,38.44457822
1666833300000,20767.9,20800.8,20720.4,20722.2,45.31082924
1666834200000,20722.2,20752.2,20706,20736.1,18.07709602
1666835100000,20735.6,20744.2,20719.9,20725.3,35.09256692
1666836000000,20725.3,20771.6,20721.7,20769.9,50.65747224
1666836900000,20770,20795.8,20762,20768.9,57.70657604
1666837800000,20768.9,20791.3,20763.3,20773.7,38.63954236
1666838700000,20774,20793.5,20683.9,20684,74.73444693
1666839600000,20684,20754.1,20590.9,20710.7,286.58276033
1666840500000,20710.7,20719,20670.5,20677.7,15.4634429
1666841400000,20677.9,20722.1,20666.3,20720,42.79904484
1666842300000,20720.5,20770.6,20717.8,20752.4,53.43362385
1666843200000,20752.4,20762.8,20746.1,20747.3,17.48073386
1666844100000,20747.2,20793.9,20739.2,20792.1,18.7865826
1666845000000,20792,20807.5,20770.5,20778.8,20.93510519
1666845900000,20778.9,20865,20778.9,20801.1,48.39522839
1666846800000,20800.4,20828.3,20789,20828.2,23.86705354
1666847700000,20828.3,20846.2,20814.7,20824.2,33.6045078
1666848600000,20824.2,20870.3,20800.9,20862.4,55.19410049
1666849500000,20862.4,20867.6,20800.9,20801,133.23348625
1666850400000,20801,20833.1,20792,20796.6,14.50939524
1666851300000,20795.5,20828.5,20780.9,20803.8,31.49854933
1666852200000,20803.9,20805.4,20729.1,20729.1,29.54527328
1666853100000,20730.2,20750,20709,20718.4,37.59186693
1666854000000,20718.3,20748.8,20690.5,20744.7,55.06534032
1666854900000,20744.6,20766,20717.4,20718.4,41.04091812
1666855800000,20719,20734,20682.2,20688.6,34.25657305
1666856700000,20688.7,20735,20688.7,20713.2,21.23810183
1666857600000,20713.1,20736.8,20690.3,20736.8,19.67530323
1666858500000,20736.8,20739,20710.7,20727.8,32.94440387
1666859400000,20727.9,20738.7,20684.3,20696.8,26.67769151
1666860300000,20697.4,20750,20684.6,20713.1,46.21642052
1666861200000,20713.1,20713.1,20624.5,20650,61.61409891
1666862100000,20650,20660.6,20604.3,20642.5,39.8611062
1666863000000,20642.5,20647.6,20528.5,20610.6,306.4409043
1666863900000,20610.6,20641.4,20586.6,20615.5,36.91430546
1666864800000,20615.4,20615.4,20559.1,20591.3,27.93798896
1666865700000,20590.8,20619.2,20575.5,20597.2,28.124534
1666866600000,20597.2,20601.5,20457.6,20501.5,294.20567605
1666867500000,20501.5,20556.4,20483.3,20548.6,56.20751203
1666868400000,20548.6,20606,20533.6,20603.9,74.51775427
1666869300000,20602.9,20633.2,20590,20607.1,91.68329453
1666870200000,20607.1,20630.9,20560.5,20560.5,88.94855211
1666871100000,20560.7,20623.3,20542.5,20623.3,53.20176416
1666872000000,20623.2,20623.3,20576.8,20587.5,33.98805546
1666872900000,20586.5,20629.3,20568.4,20592,67.41779513
1666873800000,20590.6,20768.7,20497.3,20646,1431.96902874
1666874700000,20646.3,20745.2,20640.5,20725.3,1193.69784144
1666875600000,20725.4,20739.9,20678.8,20705,87.53154821
1666876500000,20704.9,20740.5,20680.1,20692.2,220.02991274
1666877400000,20692.4,20726.4,20599.9,20635.9,648.45096107
1666878300000,20635.8,20644.5,20435.3,20523.4,852.05238981
1666879200000,20522.4,20732.7,20499.6,20686.1,246.11985387
1666880100000,20686.2,20722.5,20634.2,20677.7,68.33132608
1666881000000,20677.6,20694.8,20544.4,20565.2,47.02325455
1666881900000,20565.2,20644.8,20557.4,20567,60.40583888
1666882800000,20567.5,20630.9,20564.1,20610.1,36.18673233
1666883700000,20609.7,20639,20575.9,20617.3,71.58631083
1666884600000,20617.3,20661.8,20566,20568.7,32.91206356
1666885500000,20568.6,20594.3,20542,20562.2,52.27958727
1666886400000,20562.1,20594.3,20559.7,20586.8,37.64373441
1666887300000,20585.8,20600,20495.1,20501.2,47.25927319
1666888200000,20501.3,20565.7,20501.3,20550,45.48165741
1666889100000,20550,20583.9,20537.3,20574.3,41.29760291
1666890000000,20574.3,20604,20552,20604,56.14636303
1666890900000,20604,20633,20591.1,20603,112.44121253
1666891800000,20603.1,20644.3,20582.9,20620.6,69.30161361
1666892700000,20620.6,20627.4,20584.3,20584.3,18.18234813
1666893600000,20584.4,20595.9,20554,20575.9,19.14155877
1666894500000,20576,20585.7,20554.6,20579.2,23.13847135
1666895400000,20579,20588,20566.5,20576.1,6.28588229
1666896300000,20576.7,20587.5,20574.1,20579.1,12.07983123
1666897200000,20579.2,20651.1,20579.2,20645.5,22.28333216
1666898100000,20646.2,20675,20638.1,20647.9,159.20451189
1666899000000,20647.9,20675,20625.9,20639.6,19.7432193
1666899900000,20639.7,20648.9,20612.7,20628.7,19.98215664
1666900800000,20629.3,20633.3,20447,20494.7,478.2983243
1666901700000,20494.8,20508.4,20246.1,20297.5,1246.74835765
1666902600000,20297.5,20470.2,20264.7,20391.2,502.08558721
1666903500000,20391.2,20437.5,20391.2,20395.7,53.56231713
1666904400000,20395.5,20403.5,20344.9,20351.2,40.30397396
1666905300000,20350.9,20377.1,20324.9,20351.3,55.9848449
1666906200000,20351.3,20385.2,20342.8,20355.3,33.99574739
1666907100000,20354.3,20412.7,20349.7,20410.1,32.29396189
1666908000000,20410,20420.7,20382.7,20384.9,35.68858061
1666908900000,20386.6,20397.6,20350,20361.9,30.10877152
1666909800000,20362.9,20365.2,20200,20286.1,189.78844951
1666910700000,20286.1,20308,20258.1,20271.6,28.92066833
1666911600000,20271.5,20296,20207.8,20246.7,124.26809237
1666912500000,20245.3,20291.9,20230.1,20284.5,20.65584393
1666913400000,20285.2,20295.8,20246.9,20295.1,44.38007277
1666914300000,20295.9,20299.9,20271.4,20290.4,26.91212613
1666915200000,20291.5,20310,20236.8,20244.2,59.27157157
1666916100000,20244.5,20298.2,20164,20272.7,626.23936215
1666917000000,20272.8,20328.4,20272.8,20317.9,28.21179458
1666917900000,20317.5,20334.3,20277.4,20285.4,63.77130408
1666918800000,20285.2,20286.9,20234.2,20281.9,85.60536073
1666919700000,20281.7,20281.7,20226,20256,73.56858573
1666920600000,20256,20297,20245.3,20287.9,31.08959202
1666921500000,20287.9,20325.9,20280.4,20325.8,48.63801092
1666922400000,20325.8,20325.8,20208.6,20252.5,109.97498601
1666923300000,20252.3,20281.6,20243.3,20280.7,56.86243341
1666924200000,20280.5,20281.6,20243.9,20259.9,26.14079349
1666925100000,20259.9,20269.5,20181.1,20224.6,138.65142993
1666926000000,20224.4,20259,20209.2,20256.5,58.55349073
1666926900000,20256.8,20274,20233.8,20269.8,21.51631291
1666927800000,20269.8,20283.3,20260.3,20267.8,19.31405595
1666928700000,20267.8,20296,20255.7,20295.9,52.10124928
1666929600000,20295.9,20300,20282.5,20299.5,23.29268743
1666930500000,20299.5,20306.1,20279.7,20287.2,33.38146656
1666931400000,20287.1,20294.3,20279.6,20286.8,7.06952263
1666932300000,20286.6,20287.7,20246.9,20250.5,514.88626559
1666933200000,20250.5,20259.5,20222,20233.1,26.56431469
1666934100000,20232.7,20269.9,20221.2,20255.4,16.78932752
1666935000000,20255.4,20274.7,20237.2,20240.2,22.61496841
1666935900000,20240.3,20290.1,20238.8,20288.1,41.16996432
1666936800000,20289.5,20306.2,20261.6,20270,19.6216917
1666937700000,20270,20280.9,20263.7,20280.3,13.65315503
1666938600000,20280.3,20287.6,20272.4,20284.4,27.05831371
1666939500000,20284.1,20293.8,20254.8,20255.5,15.02581902
1666940400000,20255.6,20266.7,20239.1,20243.8,95.2153687
1666941300000,20243.6,20251.1,20200,20200.6,410.50996573
1666942200000,20200.6,20205.3,20115,20151.1,1024.69473264
1666943100000,20151.4,20151.4,20049.9,20078.9,1437.22727652
1666944000000,20079,20138.9,20063.3,20127.8,129.67811591
1666944900000,20127.8,20131,20027.6,20107.4,101.4927855
1666945800000,20107.4,20197.4,20096,20184.4,195.10311593
1666946700000,20184.7,20206,20176.7,20181.3,61.35755
1666947600000,20181.4,20189.9,20155.7,20161.6,18.7490169
1666948500000,20161.6,20230.8,20156.3,20219,31.33054456
1666949400000,20218.6,20230,20183.1,20192.8,22.84263642
1666950300000,20194.7,20200.3,20180,20200.3,26.3092492
1666951200000,20201.2,20202.8,20161.1,20183.9,18.16142682
1666952100000,20184,20246.2,20159.9,20218.3,77.02225428
1666953000000,20218.3,20237.7,20181.6,20183.9,33.51906451
1666953900000,20182.8,20191,20135.6,20176.3,75.33376234
1666954800000,20176.2,20181.8,20117.2,20141.9,61.60041618
1666955700000,20142.3,20199.9,20133.9,20193.4,70.9447394
1666956600000,20193.5,20211,20174,20181,20.1062523
1666957500000,20180.9,20195.1,20163.3,20176.1,27.52265581
1666958400000,20175.3,20184.6,20140.7,20157.7,70.90961582
1666959300000,20157.3,20184,20127.5,20131.2,30.43249215
1666960200000,20131,20442.5,20000,20207.6,1148.88950776
1666961100000,20207.6,20217.2,20165.9,20210,31.09475464
1666962000000,20210,20288.3,20190.4,20275.5,42.09408187
1666962900000,20275.5,20384,20263.8,20343.1,190.00597214
1666963800000,20344.1,20587.1,20344.1,20549.9,393.03436534
1666964700000,20549.9,20560.2,20469.1,20469.2,177.8593697
1666965600000,20470,20534.1,20333.3,20398.2,396.12692734
1666966500000,20397.8,20515.5,20390.5,20490.8,340.80331592
1666967400000,20490.6,20552.4,20468.5,20526.8,78.67647751
1666968300000,20527,20559.7,20492.8,20498,51.2237573
1666969200000,20498,20538,20448.3,20490.6,100.26488392
1666970100000,20490.5,20496.9,20444.6,20447,40.03145563
1666971000000,20447.9,20495.9,20418.4,20495.3,42.48316168
1666971900000,20494.9,20496.8,20461.9,20481.5,36.48861173
1666972800000,20482.2,20535.9,20450.8,20507.8,61.69515443
1666973700000,20507.8,20700,20505.3,20643.3,480.77604404
1666974600000,20643.2,20724.9,20643.2,20694.6,167.74246677
1666975500000,20695.3,20746.8,20655.3,20704.9,158.86441489
1666976400000,20704.8,20733.9,20677.5,20710,43.47334086
1666977300000,20711.1,20723.2,20674.3,20682.2,73.61662314
1666978200000,20682.3,20698.6,20654.9,20681.4,50.0441008
1666979100000,20681.4,20696.3,20629.9,20630.9,37.45501817
1666980000000,20631,20651.8,20593,20632.7,126.47020943
1666980900000,20632.7,20664.8,20629.5,20647.8,78.46007627
1666981800000,20647.8,20654.9,20631.1,20636.4,21.85174907
1666982700000,20636.3,20645.1,20583.1,20628.7,53.47485463
1666983600000,20628.4,20630.9,20561.4,20577.9,17.80323756
1666984500000,20577.3,20582.4,20544.1,20571.2,35.87805037
1666985400000,20571.1,20596.6,20564.2,20586.6,23.82302179
1666986300000,20585.9,20617.5,20576.1,20609,14.1860635
1666987200000,20610,20653.2,20610,20637.5,32.3003962
1666988100000,20637.4,20678.3,20635,20677.2,20.2843632
1666989000000,20677.2,20735.3,20657.2,20722,115.11259501
1666989900000,20721,20722,20624.5,20626.9,45.7012147
1666990800000,20626.9,20659.7,20624.3,20659.6,34.8352564
1666991700000,20659.6,20660.4,20623.3,20624.6,11.07664986
1666992600000,20624.1,20629.7,20583.8,20590.8,41.10191125
1666993500000,20590.1,20602.3,20569,20591.2,10.18996122
1666994400000,20591.6,20627.4,20580.8,20620.7,15.95134637
1666995300000,20620.8,20620.8,20598.8,20608.1,6.57359643
1666996200000,20607,20634,20582.3,20623.1,12.57805944
1666997100000,20623.6,20634.9,20612.5,20631.9,13.68783052
1666998000000,20631.8,20633,20601,20605.8,5.64122226
1666998900000,20605.9,20614.3,20600,20614.3,15.089017
1666999800000,20614.4,20618.5,20577.4,20581.1,11.62902264
1667000700000,20580.8,20607.3,20579.9,20592.5,8.39356379
1667001600000,20592.5,20597.7,20556.9,20597.6,27.89118881
1667002500000,20597.8,20599.4,20571.9,20591.2,11.59319631
1667003400000,20590.5,20595.4,20558.2,20571.7,18.51154323
1667004300000,20571.8,20630.6,20569,20623.2,33.69830561
1667005200000,20623.3,20632.4,20606,20617.7,19.89170746
1667006100000,20617.7,20638.4,20617.7,20627.3,12.59676459
1667007000000,20627.4,20629.1,20609.5,20623.7,22.90295514
1667007900000,20623.6,20631.7,20617.6,20630.5,14.18678035
1667008800000,20630.5,20650,20629.7,20642.5,7.15816911
1667009700000,20643.4,20718.5,20636.8,20707.5,102.5979678
1667010600000,20707.5,20766.6,20671.8,20732.5,284.5537655
1667011500000,20732.6,20777.7,20732.6,20736.4,63.13351536
1667012400000,20736.4,20737.7,20692.1,20732.9,24.02383549
1667013300000,20733,20800,20728.2,20761.5,577.52248765
1667014200000,20761.4,20764.7,20737.9,20738.3,33.03564155
1667015100000,20738.4,20759.4,20730.7,20752.8,24.57336704
1667016000000,20752.9,20767.9,20707.9,20709.4,44.72876794
1667016900000,20709.5,20718.1,20667.2,20674.8,60.26202448
1667017800000,20674.9,20683.9,20662.6,20662.8,36.80537939
1667018700000,20662.8,20683.2,20662.7,20676.4,20.81644164
1667019600000,20676.5,20685,20668,20676.5,8.64607776
1667020500000,20676.6,20745.7,20653.9,20721.8,156.31618028
1667021400000,20721.7,20721.8,20681,20684.6,74.11351083
1667022300000,20683.3,20691.6,20618.7,20657.2,81.69487393
1667023200000,20657.2,20680,20651.8,20670.4,29.58039298
1667024100000,20670.4,20684.9,20662.2,20682.2,20.00665433
1667025000000,20682.4,20710,20682.4,20687.4,19.7221681
1667025900000,20687.4,20695.8,20684.4,20685.7,17.54397477
1667026800000,20685.7,20692.4,20667.1,20692.4,23.24463707
1667027700000,20692.3,20739,20692.3,20739,46.81630027
1667028600000,20739.8,20759.8,20711.8,20720.5,51.86110364
1667029500000,20720.5,20777.7,20715.7,20772.4,66.91360899
1667030400000,20772,20800,20724.7,20786.6,82.59607212
1667031300000,20786.6,20954.3,20785.5,20920.4,806.76994412
1667032200000,20920.4,20980.8,20865.3,20881,176.14116843
1667033100000,20881.2,20928.8,20851,20923.4,163.81115306
1667034000000,20922.4,20940.3,20894.5,20904.5,145.88060951
1667034900000,20904.6,20934.1,20878.4,20897.4,44.53411115
1667035800000,20897.5,20927.2,20897.5,20915.5,68.71682381
1667036700000,20915.3,20966.1,20900,20952.9,396.5231132
1667037600000,20952.9,20952.9,20910.7,20937.1,44.43068813
1667038500000,20937.2,21080,20841,20858.4,1032.62431303
1667039400000,20858.3,20886.8,20814.9,20859,164.35862921
1667040300000,20858.4,20875.1,20736.2,20775.6,344.74240235
1667041200000,20775.5,20800.7,20728.1,20773.6,107.31175392
1667042100000,20773.6,20773.9,20725.9,20749.3,101.37464517
1667043000000,20749.2,20749.2,20653.9,20690.7,159.22002821
1667043900000,20691.9,20717,20679.8,20697.2,56.3130614
1667044800000,20697.2,20774.2,20679.1,20753.6,303.92182584
1667045700000,20753.7,20776.9,20729.1,20740.7,345.52658483
1667046600000,20740.7,20755,20719.4,20744.5,29.30614195
1667047500000,20744.6,20776.6,20720.5,20771.6,60.90594477
1667048400000,20770.9,20783.2,20731.3,20735.1,35.88682441
1667049300000,20735.2,20757.3,20693.1,20746.5,141.92846283
1667050200000,20746.4,20761,20694.7,20711.6,44.48849093
1667051100000,20711.5,20781.6,20695.7,20781.6,83.3779114
1667052000000,20782.3,20875,20758.1,20845.6,629.09662337
1667052900000,20846.6,20935.4,20817,20829.9,167.70728299
1667053800000,20830,20837.4,20780.3,20821.3,47.36236499
1667054700000,20821.3,20825.8,20782.8,20807.9,56.71531721
1667055600000,20808,20865.4,20797,20844.7,34.18845978
1667056500000,20844.8,20900,20822.8,20900,430.53721246
1667057400000,20900,20943.1,20831,20884.5,381.35576877
1667058300000,20884.5,20930.8,20853.4,20923.1,72.6974171
1667059200000,20923.1,20962.1,20856.4,20928.6,192.28263127
1667060100000,20928.6,20938.4,20868.1,20869.7,66.07866331
1667061000000,20869.8,20903.3,20850,20903.3,75.9553742
1667061900000,20903.3,20935.3,20860,20863.6,111.20331825
1667062800000,20862.6,20891.3,20839.6,20880.9,35.76754588
1667063700000,20880.9,20898.1,20842.6,20861,30.44501569
1667064600000,20861.1,20918.3,20854.5,20913.4,59.59001813
1667065500000,20913.4,20979.5,20780.1,20808.4,394.15751336
1667066400000,20808.3,20852.6,20760.6,20843.1,102.89040929
1667067300000,20843.5,20868.9,20792.6,20830.5,54.05125447
1667068200000,20830.4,20863.8,20787,20847.5,676.8486073
1667069100000,20847.5,20858.3,20821.6,20852.2,38.72253513
1667070000000,20852.3,20857.7,20815.8,20829.9,29.8876777
1667070900000,20829.9,20850.9,20814.3,20848.6,21.28899375
1667071800000,20848.5,20848.5,20795.3,20808.2,41.95529733
1667072700000,20808.2,20843.3,20791.9,20838.2,22.77991089
1667073600000,20838.2,20848.9,20826.9,20844.1,11.62677869
1667074500000,20845.1,20870.9,20826.6,20850,22.08269171
1667075400000,20850,20867.2,20833.4,20849,30.80532852
1667076300000,20849,20875.6,20849,20857.2,22.4838969
1667077200000,20856.3,20894.5,20850.7,20893,42.15883293
1667078100000,20893.1,20899,20874.3,20880.7,17.57876563
1667079000000,20880,20896.1,20869.9,20889.1,19.52369973
1667079900000,20889.1,20889.2,20839.9,20848.4,19.20730402
1667080800000,20848.5,20860.2,20757.1,20787.6,167.68052794
1667081700000,20787.6,20805.8,20733,20765.1,158.72114356
1667082600000,20765.1,20783.8,20761.4,20763.9,29.2537051
1667083500000,20764,20774.3,20705.1,20758.5,130.44264361
1667084400000,20758.3,20763.7,20730.2,20762.6,26.01812808
1667085300000,20762.6,20783.3,20762.3,20771.1,24.95868574
1667086200000,20771.1,20805.4,20770.8,20803.9,35.28098194
1667087100000,20803.9,20812.4,20802.2,20808.1,18.30066498
1667088000000,20808.2,20835.1,20787.2,20803,30.59323755
1667088900000,20803,20806,20738.8,20742.4,59.63570073
1667089800000,20742.5,20742.5,20717.4,20730.4,21.87542016
1667090700000,20730.4,20735.9,20702.6,20710.3,53.27388427
1667091600000,20709.8,20740,20703.4,20739.2,23.66880066
1667092500000,20739.3,20757.5,20739.3,20749.6,15.16460322
1667093400000,20750.2,20762.3,20737.4,20762.3,19.68259189
1667094300000,20762.3,20778.4,20739.5,20778.3,20.55406874
1667095200000,20778.3,20794.1,20764.1,20764.1,70.13674086
1667096100000,20764.1,20770,20743.5,20749.8,12.95322953
1667097000000,20749.8,20784.7,20743.1,20783,29.76251851
1667097900000,20783.1,20794.9,20746.5,20753.6,67.94069879
1667098800000,20753.7,20786.3,20753.6,20770.9,17.21871598
1667099700000,20770.9,20800.5,20768.7,20800.5,48.51745998
1667100600000,20800.5,20800.6,20750.3,20765.9,100.58994484
1667101500000,20765.9,20782.6,20759.9,20773,49.71120018
1667102400000,20773.1,20783.9,20765.6,20765.7,9.38933043
1667103300000,20765.6,20769.6,20743.4,20769.6,21.45534847
1667104200000,20770.5,20778.4,20756.1,20756.1,12.15386255
1667105100000,20755.7,20761.7,20741.3,20746.1,34.97437497
1667106000000,20745.2,20771,20744.1,20756.1,11.92575867
1667106900000,20756.2,20802.6,20755.3,20777.1,38.61808308
1667107800000,20777,20791.7,20762.3,20771.1,20.91009417
1667108700000,20771.3,20801.8,20771.3,20801.2,81.75426022
1667109600000,20801.3,20875.1,20791.4,20869.7,87.17657503
1667110500000,20869.8,20880,20826.8,20834.9,459.05642094
1667111400000,20834.5,20891,20828.6,20882.4,32.20317486
1667112300000,20882.8,20900,20871.1,20891.7,169.36305661
1667113200000,20891.7,20927.7,20879.5,20912.1,529.53844811
1667114100000,20912.1,20917,20861,20869.9,90.52000844
1667115000000,20870,20870,20822.3,20851.9,73.41032787
1667115900000,20851.9,20860.4,20850,20850.6,187.95793771
1667116800000,20850.7,20881,20841,20880.3,326.51728994
1667117700000,20880.2,20885.2,20761.8,20761.8,87.4440688
1667118600000,20761.4,20781.9,20722.1,20775.5,91.87474139
1667119500000,20775.5,20786.2,20766.4,20784.6,20.25959409
1667120400000,20784.7,20813.7,20761.8,20812.7,11.01679354
1667121300000,20813.6,20821.3,20783.4,20783.5,14.68733525
1667122200000,20783.4,20786.1,20727,20728.2,44.47642215
1667123100000,20729.3,20738.2,20639.5,20693.6,182.94379055
1667124000000,20693.6,20716.8,20668.1,20686.2,37.53774324
1667124900000,20686.3,20691.3,20654.7,20687.1,25.98278898
1667125800000,20688,20704.8,20634.3,20683.2,27.04061857
1667126700000,20683.6,20703.1,20680,20689,15.59109097
1667127600000,20689.1,20725.1,20687.2,20710.9,22.87134532
1667128500000,20710.9,20710.9,20682.7,20685.1,22.38434403
1667129400000,20685.2,20760.8,20664.7,20749.7,61.59582513
1667130300000,20749.9,20785,20734,20774,52.95601553
1667131200000,20773.8,20777.8,20729.1,20730.9,17.24677159
1667132100000,20730.9,20738.1,20685.1,20714,42.89604609
1667133000000,20713.4,20746.9,20677,20722.1,48.10948127
1667133900000,20722.5,20739,20722.5,20728.2,12.27666131
1667134800000,20728.2,20730.3,20688.6,20726.7,21.93429609
1667135700000,20726.8,20726.8,20671.4,20678.2,19.5373626
1667136600000,20677.6,20717.3,20608.8,20658.1,178.91444203
1667137500000,20658.6,20700,20622.2,20649.7,150.33650262
1667138400000,20648.8,20670.5,20629.9,20649,37.63737873
1667139300000,20648.8,20727.5,20647.5,20708.7,50.26007288
1667140200000,20708.8,20739.2,20701.9,20717.7,38.15127182
1667141100000,20717.8,20740.8,20717.8,20738.4,45.30184783
1667142000000,20738.5,20745.3,20699.4,20699.4,40.34342387
1667142900000,20699.5,20722.2,20673.9,20705.6,68.05124458
1667143800000,20705.5,20711,20675.2,20678.6,25.71933807
1667144700000,20678.5,20683.3,20643.1,20679,52.9368908
1667145600000,20679.1,20689.9,20590,20672.1,417.14656779
1667146500000,20671.8,20696.5,20631.6,20654.6,30.51522808
1667147400000,20655,20675.7,20624.6,20640.2,46.08346897
1667148300000,20640.4,20641.1,20536.1,20598.2,185.74510253
1667149200000,20598.3,20621.3,20564.1,20607.6,59.44938292
1667150100000,20607.7,20624.1,20579,20614.7,20.26541872
1667151000000,20614.7,20659,20611.1,20652.7,70.96399139
1667151900000,20652.8,20666.2,20638.8,20660.9,51.3889958
1667152800000,20660.8,20660.8,20642.6,20644.4,11.70606528
1667153700000,20644.4,20665.9,20644.4,20655.1,16.13715025
1667154600000,20655.1,20695.3,20652.4,20684,35.47038027
1667155500000,20684,20684,20668,20673.5,11.48570041
1667156400000,20673.5,20688,20671,20671.1,4.68403496
1667157300000,20671,20675.4,20649.3,20674.4,6.77543823
1667158200000,20674.4,20691.5,20671.2,20676.9,11.40571602
1667159100000,20676.9,20683.4,20632.7,20644.9,78.09752564
1667160000000,20645,20660,20645,20651.3,5.74740394
1667160900000,20651.4,20737.4,20651.2,20730.5,61.60881548
1667161800000,20730.5,20730.5,20688.6,20688.6,24.14777578
1667162700000,20688.1,20701.2,20679.9,20679.9,4.19266501
1667163600000,20680,20705,20679.9,20687.3,26.41490844
1667164500000,20687.4,20706.7,20687.3,20703,7.53737247
1667165400000,20703.1,20703.1,20669.3,20671.1,17.40841641
1667166300000,20671.1,20691,20666.3,20688.1,16.76241408
1667167200000,20687.9,20693.4,20591.5,20606.1,35.19965068
1667168100000,20606.2,20615.3,20521.6,20528.1,132.16133661
1667169000000,20528,20575,20509.7,20561.5,41.53901267
1667169900000,20561.5,20586.9,20540.6,20586.9,9.64465453
1667170800000,20586.8,20600,20555.1,20567,18.58038568
1667171700000,20567,20612.1,20563.1,20602.2,20.60056844
1667172600000,20602.3,20628.9,20601.2,20616.2,11.98642828
1667173500000,20616.2,20635.7,20601.2,20626.7,10.75570234
1667174400000,20627,20668.5,20623.4,20661.7,21.86658034
1667175300000,20661.7,20673.2,20606.5,20608.6,43.29077577
1667176200000,20608.7,20609.8,20538.5,20559.6,49.47871033
1667177100000,20559.6,20565.4,20535.1,20538.1,29.71616529
1667178000000,20538.2,20570.3,20535,20548.4,13.40211599
1667178900000,20548.5,20567.9,20535.9,20567.9,20.89845192
1667179800000,20567.9,20568,20454.5,20478.3,172.90131716
1667180700000,20478.3,20554.9,20475.6,20524.8,76.79876497
1667181600000,20523.8,20538.2,20452,20461,88.00339456
1667182500000,20461.1,20482.3,20430,20451.5,49.82716774
1667183400000,20449.9,20486,20444.6,20456.8,24.71561131
1667184300000,20456.7,20478.1,20440.7,20470.1,23.68451629
1667185200000,20470.2,20499,20468.4,20493.2,25.22523088
1667186100000,20492.6,20507.5,20476.9,20476.9,12.99929863
1667187000000,20477,20506.6,20464,20499.3,20.16645885
1667187900000,20499.2,20525.6,20492.8,20520.6,27.28359224
1667188800000,20520.6,20532.5,20513.9,20532.4,10.53761779
1667189700000,20532.5,20541,20517.4,20517.6,11.51785829
1667190600000,20517.6,20557.3,20511.2,20552.8,35.89521365
1667191500000,20551.8,20575.7,20545.5,20562.8,43.30285117
1667192400000,20562.7,20590.2,20553.7,20581,19.4530721
1667193300000,20582,20587.6,20565.1,20584.3,28.3613829
1667194200000,20584,20584.9,20552.5,20554.1,15.73474318
1667195100000,20554.2,20554.2,20528.1,20544,22.5730323
1667196000000,20544,20562.6,20493.7,20500.7,34.85228836
1667196900000,20500.7,20507.1,20478.2,20483.1,26.16443002
1667197800000,20482.5,20497.3,20457.2,20493.6,15.95554625
1667198700000,20493.7,20523.1,20480,20512.8,39.70393698
1667199600000,20513.7,20522.6,20483.4,20496.1,22.11099794
1667200500000,20496.1,20496.2,20464.8,20491.3,19.0200238
1667201400000,20491.4,20529,20491.4,20528.9,26.56082213
1667202300000,20529,20548.8,20509.7,20547.3,27.85288465
1667203200000,20547.4,20547.4,20452.8,20486.2,47.80112789
1667204100000,20486.1,20512.8,20472.9,20495.2,16.61517447
1667205000000,20494.6,20494.6,20461.1,20468.5,18.93144087
1667205900000,20469,20496.3,20455.4,20491.5,20.66574121
1667206800000,20491.5,20509.3,20469.1,20508.5,31.67692329
1667207700000,20509.3,20519.5,20499,20510.4,28.16592686
1667208600000,20510.4,20653.7,20510.1,20640.8,90.26249399
1667209500000,20641.4,20733.6,20640.1,20717.6,195.72193285
1667210400000,20717.7,20846,20717.7,20728.3,217.63705128
1667211300000,20728.4,20788.9,20690.5,20774.1,50.51283034
1667212200000,20774.1,20785.1,20722.1,20726.5,21.24710593
1667213100000,20726.5,20752.7,20709.9,20752.3,24.29098816
1667214000000,20752.7,20820.4,20752.7,20776.5,101.92211043
1667214900000,20776.6,20819,20743.4,20747.7,46.0961819
1667215800000,20746.2,20757.7,20720.5,20754.7,31.5044314
1667216700000,20754.8,20769,20719,20733.1,27.05285238
1667217600000,20733.2,20738.2,20670,20671,37.40109043
1667218500000,20670.9,20728.5,20643.6,20711.6,33.51482669
1667219400000,20711.6,20749.1,20699.9,20725.5,50.38361835
1667220300000,20724.1,20724.1,20686.3,20699.5,25.82847504
1667221200000,20699.4,20751.2,20679.9,20751.2,46.15155994
1667222100000,20750.1,20752.2,20672.3,20672.3,27.45511594
1667223000000,20673.9,20715.4,20622.3,20666.7,103.36544026
1667223900000,20666.8,20667.1,20300,20328.4,845.28023002
1667224800000,20328.2,20424.3,20278.1,20349.1,399.88145961
1667225700000,20349.9,20397.4,20320.8,20350.3,137.80038885
1667226600000,20350.2,20424.7,20241.1,20363.5,391.10879136
1667227500000,20363.6,20377.3,20309.9,20338.5,81.55862253
1667228400000,20338.3,20370.9,20291.9,20359,112.94024311
1667229300000,20358.5,20391.3,20325.1,20381.7,40.95215198
1667230200000,20381.9,20381.9,20341.2,20366.7,21.81969652
1667231100000,20367.3,20460,20362.4,20400,84.11558064
1667232000000,20400,20420,20356.1,20383.6,170.68954612
1667232900000,20383.6,20527.4,20382.4,20422.9,249.08817837
1667233800000,20422.9,20428.6,20331,20356,80.73605978
1667234700000,20355.7,20390,20346.5,20373.4,27.35700369
1667235600000,20373.3,20405.6,20350.4,20382.9,58.79829514
1667236500000,20383.2,20421,20373,20413.6,25.46395487
1667237400000,20413.6,20423.2,20397.4,20409.7,18.47558569
1667238300000,20409.8,20411.7,20349,20377.1,52.35101528
1667239200000,20376.2,20397.1,20359.4,20391.5,18.24023024
1667240100000,20391.4,20408.7,20385.9,20391.7,13.1040962
1667241000000,20391.8,20468.5,20389.3,20449.3,31.59082219
1667241900000,20449.3,20464.6,20425.5,20431.6,30.62683159
1667242800000,20431.6,20434.7,20370,20387.5,33.19516071
1667243700000,20388,20405.4,20364.6,20390.2,15.61597757
1667244600000,20389.1,20425.1,20382.7,20421.3,9.54362034
1667245500000,20420.5,20420.5,20364.7,20369.9,16.60430876
1667246400000,20370.6,20403,20356.8,20382.8,29.28301345
1667247300000,20382.8,20403,20364.1,20390.2,18.89809842
1667248200000,20390.2,20420.1,20384.8,20420.1,5.35611035
1667249100000,20420.2,20442.7,20404.1,20404.1,21.67454983
1667250000000,20404,20420.3,20394,20395.8,17.27660752
1667250900000,20395.9,20417.7,20395.8,20404.4,21.40275225
1667251800000,20403.7,20424.3,20402.7,20424.3,15.92977106
1667252700000,20424.3,20428.9,20406.8,20409.8,19.03144543
1667253600000,20409.8,20434.1,20374.2,20431,45.38663724
1667254500000,20431.6,20496.9,20421.6,20461.7,33.58555705
1667255400000,20462.1,20472.5,20433,20465.7,28.53374735
1667256300000,20465.7,20485.2,20459.8,20477.3,17.5330084
1667257200000,20477.9,20493.2,20473.7,20483.9,17.39868648
1667258100000,20484,20499,20465.8,20483.6,14.64518729
1667259000000,20483.6,20494.4,20473.1,20490.1,14.05718196
1667259900000,20490.1,20520.5,20489.3,20491,44.64242105
