ts,open,high,low,close,volume
1680307200000,28466.4,28499.5,28449.2,28498.5,37.55330686
1680308100000,28498.5,28547.5,28469.8,28485.7,46.6201214
1680309000000,28485.7,28499.9,28411.1,28442.2,25.57857513
1680309900000,28440.4,28450.2,28411.1,28439.8,15.50690942
1680310800000,28439.7,28464,28409.4,28432.7,51.83353067
1680311700000,28432.7,28452.8,28426.9,28435.7,11.36849611
1680312600000,28435.7,28487.6,28435.6,28473.2,14.00038683
1680313500000,28473.2,28625.5,28465.5,28610.2,82.63415006
1680314400000,28609.6,28831.6,28592.1,28674.2,468.58135305
1680315300000,28675.5,28696.2,28529.1,28606,79.34819051
1680316200000,28607.3,28612.3,28466.5,28513.1,57.36397343
1680317100000,28513.1,28588,28513.1,28581.9,42.54122329
1680318000000,28581.9,28607.3,28542.3,28578,46.02176213
1680318900000,28578.1,28586.9,28526.6,28526.8,30.31695594
1680319800000,28526.8,28564.4,28500.8,28531.7,22.39728029
1680320700000,28531.6,28568.8,28531.6,28540.2,15.82452852
1680321600000,28539,28582.4,28529.3,28563.5,23.32392556
1680322500000,28563.4,28594.2,28550.8,28592.9,32.23967076
1680323400000,28592.9,28615.1,28582.1,28589,28.92115921
1680324300000,28588.2,28623.2,28567.8,28578.7,50.52809196
1680325200000,28577.6,28586.9,28552.5,28563.9,18.58541983
1680326100000,28563.9,28571.5,28533.3,28533.4,11.6923534
1680327000000,28533.4,28560,28530.5,28553.8,23.59424221
1680327900000,28553.9,28570.2,28553.9,28569.7,13.74927994
1680328800000,28569.8,28572.6,28517.2,28521.9,27.86099501
1680329700000,28522,28528.2,28415.4,28430.1,102.33012979
1680330600000,28431.8,28488,28357.7,28481.5,175.36122101
1680331500000,28480,28494.2,28456.2,28482.4,41.44219049
1680332400000,28482.4,28483,28402.8,28404.5,27.65260643
1680333300000,28404.5,28413.3,28352.6,28401.5,72.20707432
1680334200000,28403.7,28423.8,28392,28410.4,41.94680746
1680335100000,28410.5,28442.8,28397.4,28430.5,24.12725527
1680336000000,28430.5,28440.4,28414.3,28438.7,16.17804539
1680336900000,28439,28480,28386.9,28474.6,56.4759088
1680337800000,28474.6,28482.5,28443.5,28479.1,37.16709114
1680338700000,28479.1,28481.3,28432,28434.9,19.64777019
1680339600000,28435,28445.7,28421,28421.9,27.33010922
1680340500000,28421.9,28448.2,28421,28428.6,23.09688716
1680341400000,28430,28463,28421,28458.4,13.64697322
1680342300000,28458.4,28458.4,28423.5,28424.9,22.25334725
1680343200000,28425,28432.3,28392.7,28397,21.50513406
1680344100000,28397,28432.2,28390,28425.4,29.46446726
1680345000000,28425.4,28442.6,28421.5,28442.6,16.64251607
1680345900000,28443.9,28469.8,28426.4,28469.8,27.75515713
1680346800000,28465.3,28475,28441.6,28443.1,21.50100858
1680347700000,28443.1,28450,28420,28429,29.03600687
1680348600000,28428.9,28440,28412.1,28421.8,22.48743729
1680349500000,28421.8,28421.8,28362.5,28374.8,42.07060333
1680350400000,28374.8,28390.8,28318.2,28390.8,70.65069683
1680351300000,28390.9,28421.4,28379.9,28421.4,21.46122933
1680352200000,28421.4,28421.4,28365.9,28408,21.32531031
1680353100000,28408,28430.1,28370.1,28422.6,69.93371391
1680354000000,28422.7,28436.3,28411,28411,5.09113886
1680354900000,28411.1,28424.8,28381.3,28424.7,9.84771065
1680355800000,28426,28430,28390.3,28411.8,14.97099307
1680356700000,28411.9,28444.2,28391.7,28416.3,31.73992445
1680357600000,28416.4,28421.9,28397.2,28397.3,29.1675123
1680358500000,28397.3,28406.6,28338.7,28369.8,36.22432848
1680359400000,28369.7,28380.1,28292.6,28354.6,57.78081706
1680360300000,28354.7,28380.2,28319.3,28319.3,29.28505732
1680361200000,28315.4,28350,28216.4,28327.6,112.76090452
1680362100000,28327.6,28359,28323.5,28355.1,14.98107719
1680363000000,28355.2,28389.2,28350.6,28369.2,32.16450621
1680363900000,28369.3,28404.6,28355.2,28402,33.45858581
1680364800000,28402.1,28435.9,28384,28435.9,26.63008557
1680365700000,28435.9,28435.9,28420,28425.9,50.90688216
1680366600000,28426,28430.3,28392,28397.8,58.28913
1680367500000,28395.5,28395.7,28284.6,28328.2,148.8320191
1680368400000,28328.2,28380.1,28320,28372.1,18.98414657
1680369300000,28372,28374.1,28351.2,28365.7,9.29103863
1680370200000,28365.8,28384.6,28342.5,28384.6,45.7906661
1680371100000,28384.6,28386.8,28334.1,28373.8,8.10856854
1680372000000,28373.6,28386,28368.2,28383.3,8.83550635
1680372900000,28383.1,28386.4,28338.4,28343.7,6.1658998
1680373800000,28343.8,28374,28337,28358.5,19.19682106
1680374700000,28358.4,28381.4,28336.7,28381.2,14.94286525
1680375600000,28381.2,28392.6,28368.1,28373.5,14.49473609
1680376500000,28373.6,28378.7,28345,28377.6,8.46591158
1680377400000,28376.3,28385.6,28370.1,28373.1,4.87294301
1680378300000,28373.1,28387,28360,28384.4,5.36053925
1680379200000,28384.5,28446.6,28380.9,28406.5,23.5676507
1680380100000,28408.2,28435.9,28408.2,28427.5,6.54150542
1680381000000,28427.5,28579.6,28415.5,28506,179.92820155
1680381900000,28503,28515.5,28447.7,28447.7,20.15821733
1680382800000,28447.7,28517.5,28427.2,28488.8,48.64280116
1680383700000,28488.9,28521,28479.7,28479.8,29.90893788
1680384600000,28479.7,28492.9,28471.3,28482.9,12.41651986
1680385500000,28482.9,28501.3,28453.4,28481,41.52274989
1680386400000,28481,28510.7,28480.9,28490.2,17.80308577
1680387300000,28488.6,28522.2,28486.6,28516.4,23.83635554
1680388200000,28516.4,28543,28500,28510.3,17.14210528
1680389100000,28510.3,28537.5,28509.1,28516.1,9.06480196
1680390000000,28519.4,28533.4,28509.1,28531.3,3.86001416
1680390900000,28531.4,28557.3,28494.8,28504.9,39.60748243
1680391800000,28504.9,28504.9,28446.3,28457.3,26.21561881
1680392700000,28460,28476.8,28449.6,28457,6.92737888
1680393600000,28457.1,28481.5,28453.9,28471.6,8.2063573
1680394500000,28471.6,28500,28457.8,28464.5,10.01125786
1680395400000,28464.4,28466.6,28394.7,28421.4,16.02499773
1680396300000,28421.4,28428.8,28353.3,28363.4,131.89379472
1680397200000,28363.3,28399.6,28353.3,28384.3,16.86046614
1680398100000,28384.4,28429.3,28372.3,28406.9,12.47075551
1680399000000,28406.8,28432.9,28406.8,28409.6,42.31037267
1680399900000,28409.6,28426.9,28384.8,28384.8,12.33629649
1680400800000,28384.9,28420.7,28373.4,28416.6,16.22676725
1680401700000,28416.7,28430.8,28373.1,28421.5,32.53991238
1680402600000,28421.5,28427.2,28395.8,28406.7,14.1946505
1680403500000,28410.3,28416.5,28398.4,28401.9,10.61026996
1680404400000,28402,28417.6,28401.9,28415.4,15.41713336
1680405300000,28413.1,28492.9,28413,28492.9,39.69516361
1680406200000,28492.9,28526,28475.5,28483.2,38.83325311
1680407100000,28483.2,28488.1,28463.1,28474.5,13.16455432
1680408000000,28474.8,28489.7,28457,28468.4,7.8670072
1680408900000,28468.4,28478.6,28451.5,28461,19.95999702
1680409800000,28461,28463.4,28424.4,28424.4,25.84544574
1680410700000,28424.3,28436.8,28380.3,28387.1,35.63746124
1680411600000,28387.1,28405.1,28381,28404.1,9.82021919
1680412500000,28402.8,28437.6,28402.8,28422.5,9.51455419
1680413400000,28422.5,28469.8,28422.4,28459.6,14.4693749
1680414300000,28461.6,28475,28436.7,28470.4,10.92452866
1680415200000,28470.3,28471.6,28433.9,28434,10.15127403
1680416100000,28434,28442,28416,28432.5,11.24845382
1680417000000,28432.5,28453.9,28432.3,28453.9,10.15498313
1680417900000,28453.9,28488,28453.9,28463.3,35.00543676
1680418800000,28463.3,28481.5,28444,28470,25.40423285
1680419700000,28470,28473,28450.1,28460,10.03738378
1680420600000,28460,28462.4,28434.3,28434.4,7.05003162
1680421500000,28434.3,28445.9,28411.9,28413.8,44.68858732
1680422400000,28413.7,28422.6,28386.7,28390.1,20.5819762
1680423300000,28390.1,28414.6,28374.6,28414.6,9.5255554
1680424200000,28414.5,28414.6,28373.1,28389.8,31.4554537
1680425100000,28389.9,28389.9,28363.5,28383.1,8.1575306
1680426000000,28383.1,28394.1,28367.9,28394.1,16.82901
1680426900000,28394,28415,28388.1,28400,31.83718264
1680427800000,28396.1,28412,28393,28404.9,4.1594348
1680428700000,28405,28449.9,28403.8,28413.1,27.75019898
1680429600000,28413.1,28417.1,28379.9,28379.9,13.59267341
1680430500000,28379.8,28385.7,28378,28385.6,5.72090406
1680431400000,28385.7,28408.9,28362.7,28397.2,58.80257571
1680432300000,28397.3,28397.8,28359.9,28369.5,102.70414242
1680433200000,28369.5,28376.9,28306.3,28375.8,84.07074133
1680434100000,28375.8,28387.7,28350,28374,11.54192732
1680435000000,28374,28380.7,28351.6,28380,21.11002128
1680435900000,28380.7,28387.9,28351.2,28354.1,14.77243872
1680436800000,28354.1,28361,28300,28338,43.48159584
1680437700000,28338,28350.5,28269,28305.2,35.87124223
1680438600000,28305.1,28310.2,28250,28310,53.9285835
1680439500000,28311.6,28311.6,28222.6,28261.7,200.72600809
1680440400000,28261.8,28261.8,28131.6,28182,155.87478617
1680441300000,28182.4,28267.6,28160,28260.1,41.46274993
1680442200000,28258.2,28340.4,28247.7,28291.8,59.59316158
1680443100000,28291.8,28329,28255.7,28281.3,17.9624903
1680444000000,28281.4,28302,28253.4,28260,13.59223504
1680444900000,28260,28316.7,28238.9,28308.9,13.55762953
1680445800000,28308.9,28347.9,28293.6,28295.7,9.73303721
1680446700000,28295.6,28314.6,28277,28277,13.20794396
1680447600000,28276,28276.1,28025,28100,498.44848193
1680448500000,28100,28151,28043,28106.8,83.44017336
1680449400000,28106.8,28130,28058,28094.3,82.88263406
1680450300000,28090,28138,28070.3,28124.7,75.32550195
1680451200000,28124.7,28141.8,28101.8,28130.8,51.88119831
1680452100000,28133.1,28133.2,27959.2,27992.3,273.68304055
1680453000000,27992.3,28082.7,27930.1,28068.9,109.09559543
1680453900000,28068.8,28133.7,28054.4,28122.7,36.54967406
1680454800000,28123.3,28150,28115.6,28134.4,27.62326031
1680455700000,28134.3,28156.6,28115.1,28115.1,49.25083599
1680456600000,28113,28230,28112.9,28195.2,105.9633134
1680457500000,28193.6,28232.9,28181.7,28202.1,20.69141327
1680458400000,28195.6,28220.1,28190.4,28191.9,50.12106824
1680459300000,28191.8,28192,28156.5,28173.5,10.01561233
1680460200000,28173.5,28201,28157.8,28179.9,10.50878676
1680461100000,28179.9,28185,28158.4,28160.1,12.52588167
1680462000000,28160.1,28174.8,28125.7,28131.7,51.40239938
1680462900000,28131.6,28131.7,28094.7,28123.7,57.83667422
1680463800000,28123.7,28128.6,27850,27949.9,633.05474341
1680464700000,27949.9,27994.1,27912.7,27938.3,337.56119675
1680465600000,27938.3,27986.3,27900,27986,129.09145338
1680466500000,27986,28039,27946.6,28036.5,25.38595578
1680467400000,28035.1,28077.7,28011.9,28077.7,18.73362451
1680468300000,28078.2,28087.9,28038.4,28054.6,40.61573965
1680469200000,28054.1,28148.2,28046.7,28117.9,20.6332282
1680470100000,28121.8,28127.7,28075.2,28109.1,31.5253176
1680471000000,28109.2,28111.7,28052.5,28053.2,17.79228008
1680471900000,28052.8,28054.8,27979.1,28013.5,26.2018614
1680472800000,28013.5,28021.3,27870.2,27895.5,63.24931465
1680473700000,27895.5,27987.4,27860.2,27963.9,66.76528875
1680474600000,27960,27986.9,27932,27963.9,26.73149429
1680475500000,27963.9,28114.7,27956.5,28104.5,59.82323244
1680476400000,28104.4,28125.2,28040.1,28094.5,30.87800366
1680477300000,28088.5,28136.2,28046.2,28111.3,22.38398283
1680478200000,28111.3,28170.7,28111.3,28139.9,77.63059257
1680479100000,28139.9,28200,28139.9,28168.6,17.81602822
1680480000000,28170,28182.6,28149.1,28156.7,21.02947709
1680480900000,28156.7,28171.4,28101.1,28139.5,15.48051754
1680481800000,28141.3,28144.1,28067.4,28089.6,31.00597984
1680482700000,28088.1,28118.1,28076.6,28113.4,32.03258181
1680483600000,28113.5,28142.6,28085.9,28092.5,63.0847165
1680484500000,28092.5,28099.6,28015.9,28021.7,30.43508813
1680485400000,28021.8,28048.9,27600.3,27716.7,861.7331394
1680486300000,27716.7,27724.9,27560,27711.5,377.32209169
1680487200000,27713.2,27774.4,27670,27774,172.00963185
1680488100000,27774.4,27810,27743,27774.4,69.65217821
1680489000000,27774.3,27799,27725,27785,38.78597033
1680489900000,27785,27812,27708,27719.6,85.82211368
1680490800000,27719.6,27739.9,27621.3,27683.1,82.22315365
1680491700000,27683.1,27724.5,27654.4,27724.5,95.43542201
1680492600000,27724.1,27739.9,27666.6,27733.9,38.12808434
1680493500000,27734.7,27777.1,27730.1,27749.5,34.71667188
1680494400000,27750.4,27754.2,27700.6,27704.5,82.86666005
1680495300000,27704.5,27709.2,27640.5,27687.3,110.45601579
1680496200000,27687.4,27716.3,27633.6,27633.7,56.52668439
1680497100000,27633.6,27700,27583.3,27699.9,109.96512301
1680498000000,27700,27712.4,27687.6,27697.5,34.7926194
1680498900000,27697.4,27731.2,27696,27717.8,38.49318553
1680499800000,27717.8,27760.7,27711.3,27727.4,30.70306022
1680500700000,27727.5,27727.5,27660,27676.5,51.48841051
1680501600000,27680.5,27687.5,27651,27679.3,20.241028
1680502500000,27679.4,27717.6,27650,27712.6,66.39991628
1680503400000,27712.5,27753.8,27682.7,27698.9,87.11118145
1680504300000,27700.5,27799.7,27694.8,27779.8,83.78842485
1680505200000,27779.7,27837.7,27772.9,27797.5,125.67167984
1680506100000,27798.7,27937,27794.5,27917.7,157.5109404
1680507000000,27919.6,27938.3,27877.4,27877.5,148.22168488
1680507900000,27877.5,27963.2,27874.1,27961.1,71.98183234
1680508800000,27961.6,28189.3,27960.8,28124.5,362.18780521
1680509700000,28124.6,28429.2,28124.6,28383.7,1212.60376903
1680510600000,28383.8,28456,28301.6,28312.9,428.42423239
1680511500000,28312.9,28354.9,28278.1,28333.5,191.11055933
1680512400000,28334.5,28359,28300,28306,138.86897161
1680513300000,28305.9,28384.2,28301.1,28321.5,206.95166141
1680514200000,28321.6,28395.9,28302.5,28314.1,211.38145078
1680515100000,28314.1,28349.9,28300.7,28331.7,44.39854948
1680516000000,28331.7,28360,28309.1,28323.8,102.42571421
1680516900000,28323.8,28438.9,28323.8,28407.4,176.54391438
1680517800000,28413.9,28566.5,28353.4,28353.4,345.38788424
1680518700000,28353.4,28387.6,28303.5,28303.5,59.03550244
1680519600000,28303.5,28320,28220.3,28243.9,104.18649367
1680520500000,28243.2,28317.9,28236.3,28272,68.17046007
1680521400000,28271.9,28298.4,28211.9,28283.5,95.06653469
1680522300000,28283.5,28290.1,28224.5,28251.5,101.2797849
1680523200000,28251.5,28261.3,28206.5,28234,101.52386222
1680524100000,28234,28254.5,28116.1,28135.9,160.38440636
1680525000000,28135.8,28182.3,28088,28103.3,203.27397553
1680525900000,28101.2,28175,28061.3,28162,75.0227101
1680526800000,28160.6,28180,28131,28139.5,26.39049779
1680527700000,28139.5,28225,28112.1,28217,71.91156346
1680528600000,28216.9,28216.9,28137.3,28197.2,105.50667887
1680529500000,28199.9,28376.6,28199.9,28259.9,190.58713243
1680530400000,28260.2,28298.7,28212.4,28239.9,85.77434054
1680531300000,28239.9,28252.8,28206.1,28246.8,79.64681324
1680532200000,28248,28248.5,27974.4,28083.8,224.27404246
1680533100000,28091.4,28095.4,27949.3,27990.8,271.76515737
1680534000000,27992,28055.5,27946.4,27961.9,138.13417266
1680534900000,27962,28097.8,27946.6,28069.7,45.55306339
1680535800000,28069.7,28105.4,28031.6,28031.6,94.60970313
1680536700000,28031.2,28074.8,27990.4,28045.6,126.62290866
1680537600000,28048.3,28126.2,28021.4,28091,67.90183033
1680538500000,28090.9,28100,28023.1,28038.6,96.23790294
1680539400000,28042.4,28066.4,27996.9,28009.2,104.51779555
1680540300000,28008.5,28026,27915.6,27926.1,120.43995001
1680541200000,27926.2,27999,27881.2,27996,125.18342541
1680542100000,27996.1,27998.9,27970.9,27979.1,21.00581114
1680543000000,27979,28083.1,27933.8,27990.4,34.4428662
1680543900000,27990.3,28056.8,27943.6,27983.2,65.56073122
1680544800000,27983.3,28043.4,27966.4,27980.3,45.88802916
1680545700000,27980.2,28109,27945.4,28089.7,130.54295089
1680546600000,28089.6,28237.9,28051.1,28127.2,274.28255167
1680547500000,28127.2,28228.9,28107.8,28151.1,94.79084417
1680548400000,28151.1,28236.8,28101.3,28153,112.59580547
1680549300000,28152.1,28157.5,28090.9,28121.1,41.19797595
1680550200000,28121.1,28164.1,28102.4,28157,55.99892434
1680551100000,28157,28159,28031.7,28077.6,47.64816906
1680552000000,28080.3,28094.2,27658.8,27711.3,429.04977921
1680552900000,27710.3,27790.7,27618,27753.9,309.62476046
1680553800000,27754,27809.7,27669.5,27794,60.26234026
1680554700000,27794,27794,27424.5,27581.3,569.9597213
1680555600000,27581.3,27582.9,27202.9,27423.4,645.698375
1680556500000,27423.6,27597.6,27368.4,27524.9,143.34939619
1680557400000,27525,27587.5,27497.2,27566.1,83.90807959
1680558300000,27566.2,27763.1,27557.5,27708.1,222.08866922
1680559200000,27713.5,27775,27668,27754.9,63.6688252
1680560100000,27756.7,27937.3,27729.3,27896.9,164.90772719
1680561000000,27897,27939.4,27840,27856.6,114.21391503
1680561900000,27860.6,27880,27775.6,27801.5,52.91183946
1680562800000,27801.5,28012.5,27791.7,27880.8,176.07472515
1680563700000,27880.8,27938.4,27869.3,27871.9,71.48660532
1680564600000,27873.1,27887.2,27776.6,27858.1,115.82302594
1680565500000,27858,27889.4,27739,27801,75.66006968
1680566400000,27800.1,27814.6,27753.9,27760.1,30.44885665
1680567300000,27760,27866.5,27750,27759,67.82863002
1680568200000,27759,27801,27666.6,27725.1,133.18858766
1680569100000,27725.1,27779.4,27725,27764.2,76.84937886
1680570000000,27761.6,27788.5,27692.9,27716.9,80.6247984
1680570900000,27719.4,27879.1,27699.4,27875.7,64.54552964
1680571800000,27876.4,27901.4,27790.9,27826.5,124.27259909
1680572700000,27826.5,27831.1,27783.6,27817.9,73.47381837
1680573600000,27817.9,27842.2,27780.1,27842.2,85.86997747
1680574500000,27840.3,27914.2,27813.3,27913.9,67.34014008
1680575400000,27913.8,27957,27883.6,27919.4,127.46914976
1680576300000,27922.2,27922.2,27852,27858,39.04310788
1680577200000,27858.1,27883.4,27852.5,27878.6,43.45337428
1680578100000,27878.6,27945.3,27864.8,27933.1,39.03690688
1680579000000,27933.1,27967.5,27879.9,27880.1,44.23675685
1680579900000,27880.1,27897.2,27849.8,27853.5,56.95801263
1680580800000,27854.5,27885.2,27848.8,27878.5,36.69969325
1680581700000,27879,27882.7,27833.3,27852.1,32.56124262
1680582600000,27852.1,27852.1,27772.5,27774.4,60.39573181
1680583500000,27776.7,27833.1,27774.9,27811.5,21.31539689
1680584400000,27811.5,27847.6,27811.5,27847.5,19.68495714
1680585300000,27847.6,27939,27847.6,27889.5,74.45086162
1680586200000,27891.4,27930,27878.3,27898.9,41.18460947
1680587100000,27898.9,27921.8,27889.2,27890,34.85712734
1680588000000,27890.1,27919.1,27871.4,27880.1,21.26171562
1680588900000,27880.2,27901.1,27860.8,27901.1,20.60280464
1680589800000,27901,28080,27877.8,28029,247.46819949
1680590700000,28028.7,28150,28015.4,28078.7,172.89241766
1680591600000,28078.7,28144.9,28049.2,28100.3,112.02318697
1680592500000,28102.1,28110,28025.1,28031.4,36.82105905
1680593400000,28031.3,28035.3,27964.6,27965.5,113.77383107
1680594300000,27964.8,28049.1,27964.6,28027.4,91.02683302
1680595200000,28027.5,28037.5,28000,28000,50.98060715
1680596100000,28002.8,28014.5,27933.5,28005.1,37.53479237
1680597000000,28005.2,28089,27998.8,28084.4,39.46464823
1680597900000,28084.5,28137.2,28054.8,28097.3,69.37389845
1680598800000,28098.2,28139.9,28040.8,28040.9,78.1040327
1680599700000,28040.8,28122.7,28040.1,28073.9,32.56126138
1680600600000,28073.9,28187.6,28073.9,28163.6,205.02092112
1680601500000,28163.6,28218,28140,28202.8,71.99364552
1680602400000,28200.1,28290.9,28171.4,28221.3,273.93901989
1680603300000,28221.3,28343,28221.3,28253.1,234.85711201
1680604200000,28253.1,28286,28197.3,28214,66.16020106
1680605100000,28212.4,28248.1,28195.1,28223.3,44.4156991
1680606000000,28223.3,28445,28199.1,28331.9,437.98952918
1680606900000,28331.9,28418.5,28236.8,28290,331.74617718
1680607800000,28290,28321.1,28165.8,28245.2,157.93311007
1680608700000,28240.7,28321.4,28236.4,28285.9,100.87385281
1680609600000,28285.9,28339.6,28223.2,28234.6,173.58829235
1680610500000,28234.6,28359,28232.9,28313.6,100.91541595
1680611400000,28313.6,28378.1,28208.6,28249.5,179.09382658
1680612300000,28249.5,28282.9,28203.1,28263.4,91.15712646
1680613200000,28263.4,28395.2,28240.8,28290.9,207.12920969
1680614100000,28292.4,28311.5,28262.6,28267.5,179.52684132
1680615000000,28267.6,28300,28169.7,28179.5,89.19396123
1680615900000,28177.8,28230.7,28073.1,28109.2,205.63124522
1680616800000,28109.3,28210.3,28109.3,28182.9,128.59507818
1680617700000,28184.2,28198.7,28083.5,28155.3,93.75741625
1680618600000,28155.4,28259.4,28155.4,28175.7,132.24940457
1680619500000,28174.5,28214.7,28109,28128,101.4866744
1680620400000,28125.9,28146.1,28033.7,28081.3,202.20947307
1680621300000,28081.4,28103.9,27954.5,28004.8,286.72601537
1680622200000,28004.8,28052,27971.4,28052,120.15634148
1680623100000,28052.3,28088.5,28020,28028.1,63.13590244
1680624000000,28027.5,28029.1,27970.9,27999.8,34.52301329
1680624900000,27999.5,28062.3,27984.1,28058.5,65.61710048
1680625800000,28058.4,28119.4,28022.3,28117.2,48.68049274
1680626700000,28119.4,28129.8,28067.5,28099,34.09101046
1680627600000,28099.1,28132.7,28076.5,28092.3,23.01409199
1680628500000,28092.3,28189.6,28092.3,28140.9,37.35492559
1680629400000,28140.9,28221.9,28139.2,28206.4,97.53065817
1680630300000,28206.3,28232.2,28169.9,28227,48.98945211
1680631200000,28227,28256.1,28162.8,28167.4,41.41052368
1680632100000,28167.4,28170.4,28117.4,28121.8,21.56232529
1680633000000,28123,28185.9,28109.5,28185.8,30.57882231
1680633900000,28185.9,28207.4,28082.1,28117.4,61.97289259
1680634800000,28117.4,28136.1,28096,28125.6,34.9777268
1680635700000,28125.6,28166.9,28069.4,28096.3,67.57741708
1680636600000,28096.2,28161.4,28090.9,28157.7,32.7265301
1680637500000,28157.6,28199.3,28110.9,28190.4,43.92912759
1680638400000,28190.3,28207.4,28175.9,28193,23.39736539
1680639300000,28193,28229.8,28171.3,28177.5,26.1352337
1680640200000,28178.7,28301.4,28177.4,28250.4,83.56109842
1680641100000,28250.4,28306,28234.3,28254,80.29919196
1680642000000,28254.6,28256.4,28216,28231.4,23.20088247
1680642900000,28234.3,28244.6,28201,28213.7,42.4069294
1680643800000,28214.6,28232.8,28161.7,28184.3,35.33617063
1680644700000,28184.3,28223.2,28161.9,28223.2,26.88518113
1680645600000,28223.2,28260,28201,28256.6,24.33670998
1680646500000,28256.7,28256.7,28213.6,28238.4,13.13292818
1680647400000,28238.4,28251,28190.2,28212,17.09279767
1680648300000,28212,28212,28181.2,28188.9,5.03529419
1680649200000,28188.9,28216.7,28161.7,28185.8,20.54396825
1680650100000,28185.8,28190.1,28107.2,28117.6,32.50518864
1680651000000,28119.6,28137.1,28080,28120,19.20237521
1680651900000,28112.9,28191.7,28103.6,28168.8,12.78299632
1680652800000,28168.9,28170.9,28135.9,28136,17.80066331
1680653700000,28136,28277.1,28101,28240,60.80478699
1680654600000,28250,28500,28247.5,28431.4,705.39114246
1680655500000,28431.4,28739.7,28420.1,28667.8,784.27419798
1680656400000,28664.1,28743,28550.6,28617,245.35822042
1680657300000,28626.5,28654.8,28561.3,28612.7,111.88327265
1680658200000,28612.7,28665,28580.1,28585.9,86.2033362
1680659100000,28593,28622.7,28568.2,28573.2,45.38038279
1680660000000,28573.1,28665,28564.6,28636.8,102.21875764
1680660900000,28636.8,28700,28633.9,28646.3,47.09254824
1680661800000,28646.2,28795,28561,28566.8,264.76938682
1680662700000,28566,28605.6,28525.7,28565.5,90.10436043
1680663600000,28565.6,28578.7,28480,28480,62.08524744
1680664500000,28480,28501.7,28430.5,28447.6,76.94184741
1680665400000,28447.7,28519.9,28436.5,28499,62.69050078
1680666300000,28499,28550.6,28499,28546.7,103.23617714
1680667200000,28546.8,28581.6,28509.6,28509.6,78.80829387
1680668100000,28511.4,28577.3,28511.4,28542,40.75288312
1680669000000,28542,28561.3,28522.1,28525.6,52.80684769
1680669900000,28525.5,28534.8,28488.5,28508.2,25.01828106
1680670800000,28508.2,28539,28481.2,28538.9,19.06654373
1680671700000,28538.9,28614.1,28538.4,28591.8,53.64508675
1680672600000,28591.8,28625,28548.3,28554.3,41.87193781
1680673500000,28551.4,28587,28540.8,28586.7,27.85755733
1680674400000,28584.1,28601,28564.5,28569.9,36.45061229
1680675300000,28568.5,28588.3,28539,28559.1,26.40052968
1680676200000,28559,28563.8,28500,28514.5,33.61703801
1680677100000,28514.5,28545.6,28500,28536.3,32.9974806
1680678000000,28536.3,28546.2,28515.6,28515.6,22.49547371
1680678900000,28515.6,28520,28459.9,28486.1,50.85254637
1680679800000,28487,28518.1,28461.3,28514,25.76122668
1680680700000,28512.6,28532.4,28497.8,28529.9,54.09508983
1680681600000,28529.9,28535.5,28460,28466.8,26.80471489
1680682500000,28468.5,28601.5,28451,28574.8,128.90809131
1680683400000,28574.8,28597.4,28558.7,28562.1,31.26293915
1680684300000,28562.1,28570.4,28543,28545,42.42780799
1680685200000,28543,28559.9,28526.5,28559.8,114.58215383
1680686100000,28559.9,28598.4,28508.7,28517,39.15414027
1680687000000,28517,28525.8,28503,28514.2,28.30686275
1680687900000,28514.2,28530.1,28510.1,28516.4,129.69134828
1680688800000,28516.4,28535,28514.2,28532.8,59.95211991
1680689700000,28532.7,28533.5,28501,28501.1,29.69219688
1680690600000,28501.1,28507.5,28482.6,28500,32.39250949
1680691500000,28500,28519.7,28484.4,28510,30.81266063
1680692400000,28513.7,28515.9,28481.4,28488.1,18.29713612
1680693300000,28488.1,28572.3,28483.4,28527.5,63.86385453
1680694200000,28532.4,28552.2,28517.9,28547.4,23.96496792
1680695100000,28547.4,28559.6,28536.9,28556.8,28.32206332
1680696000000,28556.9,28597,28556.8,28566,39.61794016
1680696900000,28566,28650,28497.1,28543,92.05315833
1680697800000,28542.9,28565.5,28306.1,28480.9,384.94609512
1680698700000,28480.9,28757.9,28451,28570.3,517.11951185
1680699600000,28570.3,28592.3,28530.6,28556.5,80.30807341
1680700500000,28556.5,28576.8,28436.9,28498.4,108.02526345
1680701400000,28498.4,28506.8,28321.3,28388.6,213.13592591
1680702300000,28388.7,28413.8,28319,28406.6,93.44511927
1680703200000,28406.6,28476,28097.3,28143.7,404.92575929
1680704100000,28143.7,28234.2,28126.1,28175,192.78354127
1680705000000,28171.6,28237.8,28087,28156.3,154.89762198
1680705900000,28154.7,28181.2,28091,28106.7,77.79737587
1680706800000,28106.7,28111.2,27860,28038.3,629.89888816
1680707700000,28036.7,28052.5,27923.8,28010.6,367.37428391
1680708600000,28011,28084.6,27985.9,28060.1,178.0483835
1680709500000,28060,28129.3,28025,28034.6,173.02783294
1680710400000,28034.6,28057.7,27883.3,27900.1,189.87826686
1680711300000,27900.1,27955.9,27808,27922.7,309.48041987
1680712200000,27922.7,28013,27882.2,27960.2,157.83762544
1680713100000,27960.1,27988.8,27914.9,27955.8,110.92883643
1680714000000,27952.3,28021.2,27924.3,28014.5,158.29886231
1680714900000,28016.9,28083.2,28006.7,28069.4,60.77317269
1680715800000,28069.5,28109.7,27997.4,28003.4,69.13561432
1680716700000,28005.3,28071.4,27991.5,28022.8,34.54733033
1680717600000,28024.6,28061.3,27999.5,28042.6,50.63555484
1680718500000,28042.6,28050.6,27951,27966.9,52.4366823
1680719400000,27967,28036.9,27940.2,28000.4,48.47038637
1680720300000,28000.3,28037.1,27983,28034.7,77.00100971
1680721200000,28032.3,28077.2,27967.7,28076.7,148.77042105
1680722100000,28076.7,28233.3,28074.2,28208.7,309.13910933
1680723000000,28208.6,28307.6,28183.1,28305.3,137.05241879
1680723900000,28307.4,28314.2,28234.4,28238,152.88422059
1680724800000,28237.9,28259.2,28182.7,28249.7,37.51675452
1680725700000,28248.1,28300,28197.5,28208.1,50.53433566
1680726600000,28208.1,28243.8,28201.4,28208.5,53.16070848
1680727500000,28208.4,28210.3,28129.7,28150.6,91.04153554
1680728400000,28150.6,28198.5,28145.4,28192.7,14.13300047
1680729300000,28192.7,28218.5,28169.2,28189.3,7.00013227
1680730200000,28192.1,28200,28153.9,28154.2,22.56489506
1680731100000,28154.2,28187.1,28133.8,28184.2,9.2843715
1680732000000,28184.2,28184.2,28133.4,28147.6,32.39701893
1680732900000,28147.7,28158.4,28133.3,28134.4,8.96924967
1680733800000,28134.9,28188.8,28128.8,28188.4,15.592349
1680734700000,28188.4,28234.2,28172.1,28175,24.76014596
1680735600000,28175,28175.1,28137.3,28164.7,10.23420994
1680736500000,28164.7,28210.3,28162.8,28171.9,12.56000028
1680737400000,28171.9,28198.7,28169.2,28178.4,14.98225789
1680738300000,28178.4,28212,28168.1,28169.5,16.87823639
1680739200000,28167.9,28180.7,28025.4,28093.5,78.07438674
1680740100000,28093.6,28122,28037.7,28116.1,45.51111531
1680741000000,28116,28130.9,27960.9,28000,125.64805222
1680741900000,28000.1,28021.2,27925,27996.4,68.11056138
1680742800000,27997.8,28034.5,27938.4,28009.8,38.23055924
1680743700000,28009.9,28034.1,27881.4,27961.1,76.56441313
1680744600000,27961.2,28035,27893,28035,38.94095982
1680745500000,28034.9,28089.7,28014,28059.8,48.88464014
1680746400000,28059.8,28098.3,28043.2,28068.2,40.68726521
1680747300000,28068.2,28084.9,28039.5,28072.7,18.26841817
1680748200000,28072.7,28079.4,28011.2,28057.3,28.87328337
1680749100000,28057.4,28065.2,27978.2,28044.1,70.67667511
1680750000000,28044,28080,28025.5,28072.2,18.74663838
1680750900000,28072.2,28098.9,28051,28083.8,21.26839232
1680751800000,28084.5,28100,28062.9,28077.9,28.83402094
1680752700000,28077.9,28159.8,28065.7,28131.7,53.05518571
1680753600000,28131.7,28133.3,28107.2,28111.9,156.64320786
1680754500000,28111.8,28120.1,28083.5,28088.2,44.76283681
1680755400000,28088.2,28101.3,28085.6,28089.8,4.40268031
1680756300000,28089.8,28112.3,28066.6,28069,26.19152715
1680757200000,28069,28078.6,28020,28070.1,26.66735679
1680758100000,28070.1,28087.4,28064.2,28074.2,14.07691676
1680759000000,28074.1,28076.9,27960.7,27998.3,86.14734879
1680759900000,28000.2,28050,27983,28039.2,21.39280121
1680760800000,28039.2,28048.4,28007.4,28020,39.79590045
1680761700000,28020,28040.2,28011.2,28036.8,34.07893594
1680762600000,28036.8,28072.7,28036.1,28067.9,26.81807414
1680763500000,28067.9,28072.4,28050,28062.8,8.39284844
1680764400000,28062.9,28090.3,28052,28054.4,36.75608467
1680765300000,28054.5,28055.9,28010.6,28034.7,57.59142723
1680766200000,28034.8,28048.1,27964.8,27994.2,43.53367383
1680767100000,27994.3,28000.2,27907.1,27907.1,117.85040049
1680768000000,27908.6,27941.7,27850,27939,114.12461531
1680768900000,27939,27939,27855.2,27912.6,87.91974291
1680769800000,27912.6,27989.7,27912.5,27966.4,35.13390054
1680770700000,27966.5,27976,27926.1,27951.7,35.7393674
1680771600000,27951.8,27972.4,27937.8,27967.2,32.40670735
1680772500000,27967.2,28023.9,27967.2,28009.1,34.12727827
1680773400000,28011.1,28014.6,27971.1,27971.1,21.58038071
1680774300000,27969.2,27977.5,27900,27905,50.28164166
1680775200000,27904.9,27905,27802.3,27865.5,174.76952074
1680776100000,27868.1,27894.4,27841.7,27894.4,82.92091362
1680777000000,27894.4,27903.7,27697.5,27840.8,350.54649947
1680777900000,27832,27859.3,27780.4,27845.4,50.45282676
1680778800000,27846.2,27913.4,27843.1,27910.2,41.4113543
1680779700000,27910.2,27924.4,27887.2,27904.1,26.12438158
1680780600000,27904.7,27939.9,27890.8,27935.9,25.42981894
1680781500000,27935.9,27953.3,27924.3,27949.8,38.43622337
1680782400000,27949.8,27959.1,27901.9,27906.3,45.16238993
1680783300000,27906.2,28023.4,27869.9,27999.1,84.39232472
1680784200000,27999.2,28088.6,27912.7,27912.7,251.94182956
1680785100000,27912.7,27916,27857.5,27910.9,73.44617485
1680786000000,27910.9,27944.7,27865.8,27940.3,52.58477799
1680786900000,27940.3,27982,27933.9,27933.9,69.61306362
1680787800000,27933.9,27950.6,27789.8,27850,156.51913437
1680788700000,27849.9,27896.1,27748.3,27891,163.57564239
1680789600000,27891,27979,27883.6,27931.1,73.41130393
1680790500000,27931.1,27959.2,27909.4,27932.2,57.99067189
1680791400000,27932.3,27959,27904.4,27914.4,63.01054043
1680792300000,27912.5,27968,27910.6,27949.8,45.07068008
1680793200000,27949.7,28079.6,27940.9,28049.6,119.30352624
1680794100000,28049.6,28099.9,28008.7,28074,105.14160753
1680795000000,28074,28183.3,28050,28139.5,138.0061816
1680795900000,28138.9,28151.3,28090.9,28097.5,72.56066431
1680796800000,28099.9,28130,28090.8,28109.9,67.23141675
1680797700000,28110.1,28149.2,28097.3,28106.3,40.65602729
1680798600000,28106.3,28165.1,28106.2,28126.3,21.91264268
1680799500000,28123.8,28138.1,28045.8,28064.5,25.21959381
1680800400000,28066,28083.4,28038.3,28046.4,17.4669283
1680801300000,28047.2,28083.8,28047.2,28075.2,10.79158188
1680802200000,28075.3,28091.7,28041.2,28056.7,21.81936972
1680803100000,28056.8,28069,28019.5,28041,76.47120167
1680804000000,28041,28059.6,28021,28059.6,14.82667627
1680804900000,28059.5,28095,28054,28095,14.27216703
1680805800000,28094.9,28099.9,27956.4,27993.7,61.03850699
1680806700000,27993.7,28027.2,27960.9,27965.4,21.43464551
1680807600000,27961.6,27994.7,27952.6,27994.7,53.56733623
1680808500000,27994.6,28026,27973.5,28007.5,44.352907
1680809400000,28007.6,28051.7,28003.5,28043.7,17.38791941
1680810300000,28043.6,28058.2,28014.5,28018.1,27.71154968
1680811200000,28016.1,28060,28001.6,28060,43.72429298
1680812100000,28060,28096,28055.9,28092.3,24.78710511
1680813000000,28089.2,28124.4,28073.9,28078.1,29.52778366
1680813900000,28078.2,28083.1,27968,27979.2,45.24396078
1680814800000,27976.8,28031.3,27959.9,28006,26.40895364
1680815700000,28005.9,28053.9,28004.1,28025.1,29.46222527
1680816600000,28025.2,28025.6,27984.8,27989.8,23.53541875
1680817500000,27987.6,28014.7,27977.9,27986.5,45.08442608
1680818400000,27986.6,28013.1,27912.2,27934.6,76.09316801
1680819300000,27934.7,27961.8,27897.2,27926.3,66.26859856
1680820200000,27926.3,27994.9,27926.2,27986.7,57.24708476
1680821100000,27986.6,28019.5,27986.6,28013.5,36.50895917
1680822000000,28013.6,28062.4,28011.1,28044.6,20.73401976
1680822900000,28044.7,28051.8,28020.4,28049.7,37.50001367
1680823800000,28047.7,28050,28016.3,28031.5,21.25461461
1680824700000,28031.5,28043.2,28019.1,28034.8,29.84441375
1680825600000,28034.7,28035.3,28014.8,28016.2,28.61070424
1680826500000,28016.3,28050,27998,28023,74.36208624
1680827400000,28023.1,28072,28018.7,28048.6,39.20094542
1680828300000,28048.7,28103.7,28046.9,28100.3,41.53223492
1680829200000,28100.3,28101.6,28063.7,28073,19.73073921
1680830100000,28073,28075,28037.7,28056.9,18.90753157
1680831000000,28056.9,28079,28053,28079,21.43072756
1680831900000,28079,28079,28056.1,28061.7,17.56577447
1680832800000,28058.4,28069.2,28048.1,28067.6,7.651413
1680833700000,28067.6,28075,28013.9,28015.6,27.27918605
1680834600000,28015.6,28018.8,27931,27991.9,86.40903393
1680835500000,27992,28035.9,27966,28018.8,28.45893199
1680836400000,28019.6,28030.2,28009.1,28015.1,10.92598328
1680837300000,28015.2,28020.7,27983.2,27993.1,25.08829972
1680838200000,27993.1,28053.2,27980,28049.1,28.0155602
1680839100000,28049.2,28053.2,28039,28039,13.26043408
1680840000000,28039.1,28044.6,28023.6,28028.3,15.58916256
1680840900000,28028.2,28056.6,28007.4,28052.8,13.76411864
1680841800000,28052.9,28067.7,28052.8,28065.5,18.10685068
1680842700000,28065.5,28068.4,28000,28022.3,37.13208768
1680843600000,28022.4,28025.5,28002.5,28002.5,27.10621932
1680844500000,28001.9,28020,27950.1,27983.1,114.88992204
1680845400000,27983.1,27983.2,27880.6,27965.6,123.15144745
1680846300000,27965.5,27994.2,27952.7,27983.1,51.6312302
1680847200000,27983.1,27991.5,27950,27950.1,25.72702502
1680848100000,27950.1,27975.9,27924.1,27950.3,37.28223692
1680849000000,27950.3,27953,27901,27923.6,69.10188903
1680849900000,27923.5,27962.9,27908.1,27961.3,57.17751857
1680850800000,27961.2,27961.2,27941.2,27947.6,35.24771201
1680851700000,27947.6,27951,27912.3,27931.2,43.13499049
1680852600000,27930.4,27931,27824.8,27862.1,81.4243643
1680853500000,27862,27883.1,27770.5,27836.1,158.71957876
1680854400000,27836.4,27875,27801.2,27871.7,38.1153044
1680855300000,27871.7,27929.6,27841.7,27924.8,48.6244407
1680856200000,27924.8,27930.9,27875.5,27879.6,29.48262812
1680857100000,27879.6,27886.5,27817.3,27817.4,43.62700888
1680858000000,27817.4,27873.3,27792.9,27858.3,51.50099217
1680858900000,27858.3,27882.9,27838.7,27841.3,31.2252757
1680859800000,27841.3,27890.4,27835,27890.4,28.56215814
1680860700000,27890.3,27898.7,27869,27870,40.76268132
1680861600000,27869.9,27885,27859.9,27870.1,34.34829362
1680862500000,27870.1,27959.5,27862.2,27928.7,122.97150475
1680863400000,27928.7,27960,27915.6,27950,38.74650039
1680864300000,27950,27966.8,27929.5,27934.4,53.93538204
1680865200000,27934.6,27938.3,27894.4,27894.5,51.10376625
1680866100000,27894.5,27918.9,27888.6,27902.7,13.17619413
1680867000000,27902.7,27930,27865.5,27869.2,30.98964361
1680867900000,27869.2,27869.3,27805,27840,55.66952505
1680868800000,27840,27920.9,27823.4,27888.7,50.27030953
1680869700000,27888.7,27917.8,27858.6,27917.8,33.3513238
1680870600000,27917.8,28000,27796.4,27926,191.98481902
1680871500000,27926,27956.5,27886.2,27888.6,46.35830037
1680872400000,27888.7,27911.7,27878,27903.6,21.23207619
1680873300000,27903.6,27927.1,27849.4,27854.2,34.59438406
1680874200000,27854.2,27923,27833.3,27886.6,51.57428016
1680875100000,27886.6,27908.8,27872.8,27899.9,11.00158111
1680876000000,27900,27939,27894,27932.8,25.73768216
1680876900000,27932.8,27960,27897.2,27959.8,31.37047967
1680877800000,27959.8,27983.6,27926,27931.4,52.63800361
1680878700000,27930.4,27951.4,27913.8,27914.7,10.87890952
1680879600000,27914.7,27948.4,27909.7,27921.3,21.51707229
1680880500000,27920.7,27949.3,27909.5,27910.8,35.92192606
1680881400000,27910.8,27940.1,27910.7,27929.9,52.78382964
1680882300000,27930,27951.4,27913.4,27945.9,25.54256851
1680883200000,27944.5,27954.4,27932,27934,17.73300692
1680884100000,27934,27934,27892.6,27906,13.55090428
1680885000000,27906,27906,27882,27882.1,14.1454655
1680885900000,27882,27890.1,27859,27880.1,32.62930945
1680886800000,27880.3,27901,27880,27898.5,10.03455398
1680887700000,27898.6,27924.3,27898.1,27920.4,11.04291729
1680888600000,27920.4,27932.2,27914.9,27930.1,14.6221691
1680889500000,27930.1,27941.9,27903.3,27914.9,14.46029017
1680890400000,27914.9,27930.5,27905.5,27915.4,18.06244537
1680891300000,27914.1,27934.7,27901.1,27931.3,24.04209577
1680892200000,27931.4,27932,27899,27899,20.09722615
1680893100000,27899,27904.9,27880,27895.8,21.01589334
1680894000000,27895.9,27901.8,27871.6,27879.5,16.02056881
1680894900000,27879.5,27909.5,27878,27897.4,17.24982858
1680895800000,27897.4,27908.4,27890.2,27905.7,18.24406416
1680896700000,27905.6,27911.2,27890,27902.8,19.47622965
1680897600000,27903,27916.1,27900.5,27910.7,8.41102429
1680898500000,27910.7,27929.6,27889.2,27893.5,7.8664074
1680899400000,27891.7,27902.2,27873.9,27896.8,8.13249229
1680900300000,27896.8,27896.8,27843.1,27866.3,15.30718223
1680901200000,27866.4,27900.1,27862.5,27900,8.5892207
1680902100000,27900,27911.6,27876.9,27881.1,4.59990572
1680903000000,27881.1,27881.2,27839.3,27868.9,106.40455844
1680903900000,27869,27894.7,27868.9,27890,3.90272834
1680904800000,27890.1,27890.1,27869.5,27872.4,11.54922165
1680905700000,27872.3,27888.3,27872.1,27886.1,1.43152073
1680906600000,27886.1,27950,27885.8,27935.8,25.15802209
1680907500000,27935.8,27981,27930.5,27958.6,40.58303624
1680908400000,27958.6,27976,27915.4,27930.2,30.12563472
1680909300000,27930.2,27934.5,27891.9,27906.8,30.22115854
1680910200000,27906.7,27925.9,27903.4,27920,16.78700947
1680911100000,27920,27935.3,27902.6,27906.6,29.6640665
1680912000000,27906.6,27912,27895.3,27896.3,6.93610746
1680912900000,27896.2,27910.3,27875,27896.2,24.49744348
1680913800000,27896.2,27919.6,27871.9,27871.9,12.66145878
1680914700000,27871.9,27886.1,27862.5,27884.4,20.5147157
1680915600000,27884.5,27895.9,27884.3,27895.2,10.98378795
1680916500000,27895.2,27899.6,27876.2,27897.4,15.36810738
1680917400000,27898.2,27929.4,27898.1,27921.8,11.6515079
1680918300000,27921.8,27923.4,27901.7,27905.9,9.86288765
1680919200000,27905.9,27910.3,27903.4,27908.2,13.2683326
1680920100000,27908.3,27926.2,27905,27923.6,19.44236859
1680921000000,27923.5,27932.7,27908.1,27913.2,6.44429322
1680921900000,27913,27960,27913,27957.7,35.64112031
1680922800000,27957.6,27980.5,27950.3,27953.1,30.05789329
1680923700000,27953.1,28064.8,27940.6,28046.8,121.24754278
1680924600000,28046.9,28050,27993.1,27994.2,67.03540837
1680925500000,27994.1,28028,27976,28021.4,31.89447017
1680926400000,28021.5,28037.2,28018,28030.9,57.59880276
1680927300000,28030.9,28032.4,27988.5,28008.8,40.37917712
1680928200000,28008.9,28010.9,27982.2,28002.7,55.67769597
1680929100000,28002.7,28005,27976.8,27990.1,18.63109589
1680930000000,27990.1,28021.5,27981.4,28016.7,60.24157168
1680930900000,28016.7,28040.1,28012.1,28012.8,59.07404287
1680931800000,28012.9,28040,28012.8,28039.9,28.21233168
1680932700000,28039.9,28155.7,28033.3,28145.2,137.21616654
1680933600000,28145.2,28151.8,28100,28113.6,57.50586185
1680934500000,28113.6,28149.8,28088.4,28128.6,72.67168999
1680935400000,28128.5,28144.1,28095,28111.2,43.31335652
1680936300000,28111.3,28141.8,28105.6,28115.3,45.29165102
1680937200000,28115.3,28118.4,28095,28097.8,45.89085966
1680938100000,28097.8,28111.1,28095.3,28101.2,45.55065142
1680939000000,28101.3,28110.9,28088.6,28090,33.21002293
1680939900000,28090.1,28092.9,28056.6,28085.4,52.00456906
1680940800000,28085.4,28087.9,28075,28087.8,78.45617445
1680941700000,28087.9,28116.5,28087.8,28100,60.72355355
1680942600000,28100.1,28103.6,28081.4,28088.7,41.66163644
1680943500000,28088.6,28090.7,28021.2,28026.6,24.9401555
1680944400000,28026.7,28052,28010.6,28052,57.07280263
1680945300000,28052,28061.5,28038.5,28056.5,10.04694154
1680946200000,28056.5,28062.1,28039.1,28056.1,35.93488312
1680947100000,28056.2,28059.9,28011.2,28029.3,26.29320126
1680948000000,28029.3,28033.9,28020.8,28028.7,26.49473688
1680948900000,28028.8,28029.2,28014,28014,13.24424074
1680949800000,28014,28030.2,27995.7,27995.7,34.91304408
1680950700000,27995.6,28015,27994.1,28013.2,18.32703974
1680951600000,28013.2,28021.7,28009.3,28009.3,15.49022457
1680952500000,28009.4,28028.5,27991.6,28025.8,19.72726505
1680953400000,28025.9,28032.1,28014.4,28016.4,15.45411416
1680954300000,28016.2,28025,28004.5,28011.9,39.22676652
1680955200000,28012,28016.1,27996.7,27996.7,12.03471917
1680956100000,27996.8,28007.2,27989.8,28006.9,50.54963287
1680957000000,28006.9,28032.3,27948.1,27964.7,64.46716499
1680957900000,27964.5,28001.1,27951.2,27986.5,71.81878483
1680958800000,27986.5,27998.4,27985.5,27997.8,67.90334152
1680959700000,27997.8,28000.8,27976.8,27980.1,38.05954453
1680960600000,27980.1,28005.5,27968.5,28005.4,58.10894403
1680961500000,28005.4,28042,28001.6,28020,43.74869699
1680962400000,28020,28032.5,28018.2,28021.2,89.53652584
1680963300000,28021.2,28054.3,28007.7,28046,54.13640838
1680964200000,28046,28048.9,28029.8,28029.9,14.52169322
1680965100000,28029.9,28031.3,28029.8,28029.9,10.13418764
1680966000000,28029.9,28029.9,27986.4,28014.3,18.90120207
1680966900000,28014.4,28016.7,27996,28004.8,21.42315406
1680967800000,28004.8,28004.8,27990.8,27991.8,7.73854427
1680968700000,27991.7,28014.3,27990.6,28013.9,30.76165996
1680969600000,28014,28024,28013.9,28017.1,14.03649219
1680970500000,28017.1,28020,27997.4,27998.3,15.9413399
1680971400000,27998.2,28011.1,27997.5,28009.1,7.53716611
1680972300000,28009.2,28009.2,28000.8,28004.1,15.69974096
1680973200000,28004.1,28007.3,27994.9,28003.8,7.02372431
1680974100000,28003.8,28017.7,27999.7,28001,3.01472367
1680975000000,28001.1,28001.3,27977.3,27984.6,14.6057758
1680975900000,27984.7,27984.7,27897,27939.1,74.61261924
1680976800000,27939.1,27955.6,27890.3,27955.5,23.08351537
1680977700000,27955.6,27955.6,27935,27942.3,19.04940597
1680978600000,27942.3,27953.3,27914.2,27932.1,17.27309501
1680979500000,27932.1,27933.4,27869.1,27905.2,111.18750834
1680980400000,27905.2,27936,27873.3,27935.9,12.54020244
1680981300000,27935.9,27935.9,27904.1,27921.9,13.05891946
1680982200000,27921.8,27930,27906.6,27930,9.93726873
1680983100000,27929.9,27950,27912.8,27920.7,16.72096839
1680984000000,27920.7,27938.9,27918.2,27936.1,12.47506698
1680984900000,27936.1,27963,27933.5,27952.5,115.39185776
1680985800000,27952.6,27952.6,27931.5,27936.1,8.26837285
1680986700000,27936.1,27936.2,27912.6,27914.5,12.53713056
1680987600000,27914.5,27933.5,27894.5,27933.5,20.71596066
1680988500000,27933.5,27937.6,27919,27920.8,5.8107381
1680989400000,27920.9,27926.9,27915.1,27918.7,9.75016311
1680990300000,27918.7,27929.2,27918.6,27929.2,4.64870074
1680991200000,27929.2,27941.4,27911.4,27926.3,18.81570864
1680992100000,27926.3,27926.3,27888,27890.5,11.42696098
1680993000000,27890.5,27915.1,27883.7,27914.9,8.62289509
1680993900000,27914.9,27950,27913.3,27937.1,7.28797034
1680994800000,27937.1,27984.5,27932.2,27968.8,20.87632315
1680995700000,27968.7,27972.9,27957.1,27960.7,9.75593824
1680996600000,27960.8,27966.2,27926,27942.9,16.88627192
1680997500000,27942.9,27944.7,27929,27940,4.73475405
1680998400000,27940.1,27958.7,27924.6,27956.8,15.64167498
1680999300000,27956.8,28012.3,27956.7,28010.7,24.2991366
1681000200000,28010.8,28052.1,27994.3,28041.3,70.57950367
1681001100000,28041.1,28081.3,28027.4,28040.3,51.47821475
1681002000000,28038.6,28076.3,28034.8,28054.4,30.12440735
1681002900000,28054.4,28070.2,28051,28062.8,17.08859334
1681003800000,28062.9,28080.1,28032.1,28058.5,23.99198703
1681004700000,28058.5,28088.1,28049.8,28079.4,24.63911687
1681005600000,28079.4,28085.4,28058.3,28058.3,30.8035079
1681006500000,28058.4,28079.2,28054.5,28058.9,19.28590166
1681007400000,28058.8,28067,28035.7,28054.3,26.10548037
1681008300000,28053.3,28055.7,28030.3,28032.4,50.84505656
1681009200000,28032.5,28035.7,28021.5,28029.7,7.6114401
1681010100000,28029.8,28049.6,28020.4,28049.5,16.14529837
1681011000000,28049.6,28053.9,28041.9,28048.1,10.73245652
1681011900000,28048.6,28051.4,28028.5,28028.6,7.91577994
1681012800000,28028.6,28036.9,28023.3,28029.1,10.8638122
1681013700000,28029.2,28038.8,28020.8,28034.2,27.32806908
1681014600000,28034.2,28045.5,28016.9,28034.6,12.65387724
1681015500000,28034.6,28043.8,28031.6,28040.8,17.07447401
1681016400000,28040.9,28061.3,28040.8,28060.8,10.20529808
1681017300000,28060.8,28074.1,28056.3,28065.1,13.97175287
1681018200000,28065.1,28069.5,28040.5,28046.5,15.00712454
1681019100000,28046.5,28046.9,27990.5,27999,31.55817184
1681020000000,27999,28002.8,27905,27952,130.38338594
1681020900000,27951.9,27954.6,27916.9,27949.4,76.36016981
1681021800000,27949.3,27963.3,27917.3,27917.3,29.64841247
1681022700000,27917.2,27934.5,27850.7,27878.9,115.43001787
1681023600000,27880,27883.5,27837.3,27871,29.4635577
1681024500000,27870.9,27914.5,27851.2,27905.3,38.74404689
1681025400000,27905.3,27914.1,27860.1,27887.6,44.98241581
1681026300000,27887.6,27911.8,27877.6,27904.5,15.84895986
1681027200000,27904.5,27911.8,27897.2,27911.2,15.31360615
1681028100000,27911.1,27920,27872,27883.8,11.16549076
1681029000000,27883.9,27891.8,27857.4,27876.7,18.72087756
1681029900000,27876.7,27885.3,27790,27882.5,61.8200124
1681030800000,27882.6,27913.3,27882.5,27911.7,14.49086006
1681031700000,27911.7,27945.6,27898,27899.5,76.79424473
1681032600000,27899.5,27924.6,27880.6,27918.2,24.11982905
1681033500000,27918.2,27926.6,27897.5,27898.7,11.24201906
1681034400000,27898.8,27904.9,27892.5,27902.4,12.39044437
1681035300000,27902.5,27916.1,27875,27907.5,14.58620823
1681036200000,27907.4,27907.5,27891.5,27896.9,6.55121201
1681037100000,27896.9,27901.1,27857.8,27892,18.52298993
1681038000000,27892,27905.8,27879.9,27879.9,22.19939677
1681038900000,27879.9,27880,27861.5,27865.1,106.20016375
1681039800000,27865.1,27921,27861.9,27919.6,53.30981909
1681040700000,27920.9,27935.5,27909.7,27934.8,32.57941493
1681041600000,27932.2,27935.3,27920.2,27929,7.36470569
1681042500000,27929.1,27967.8,27923.8,27959.9,25.11504634
1681043400000,27959.9,27973.4,27930.1,27952.2,32.21682781
1681044300000,27952.1,27952.1,27922.8,27929.4,11.50293778
1681045200000,27929.4,27929.5,27913.3,27916.2,14.47496884
1681046100000,27916.1,27916.2,27880.8,27901.6,13.5320454
1681047000000,27901.6,27910,27883.9,27903.2,19.64046903
1681047900000,27903.1,27906.8,27902.3,27905.2,7.32227686
1681048800000,27905.3,27918.7,27905.3,27915.8,11.41294525
1681049700000,27915.9,27926.6,27800,27848.8,81.97196132
1681050600000,27848.9,27871.6,27825.3,27859.3,49.76096794
1681051500000,27859.3,27880,27842.7,27866.4,28.74256255
1681052400000,27866.3,27890.2,27831.9,27890.1,12.78428663
1681053300000,27890.1,27890.1,27867.9,27886.8,12.78458665
1681054200000,27886.8,27914.2,27860,27910.4,32.64238419
1681055100000,27910.4,27917.4,27881.7,27888.3,12.42927131
1681056000000,27888.4,27915.8,27888.3,27915.7,31.74151124
1681056900000,27915.8,27925.1,27904.3,27910.2,27.94347465
1681057800000,27910.2,27941.7,27910.2,27921.8,12.50911075
1681058700000,27921.9,27932.1,27891.2,27896.5,8.44799589
1681059600000,27896.5,27903.4,27892.9,27900.7,9.38284054
1681060500000,27900.6,27902.7,27874.8,27881,27.18572629
1681061400000,27881.1,27903.6,27874.5,27876,16.7786884
1681062300000,27876,27924.2,27874.3,27904.4,10.37196727
1681063200000,27903.2,27930,27903,27930,8.83460617
1681064100000,27933,27938,27920.8,27920.9,7.85416797
1681065000000,27920.9,27941.6,27916.6,27940,39.75880359
1681065900000,27939,28059.4,27936.8,28028.5,146.87004354
1681066800000,28027.9,28081,28000.3,28081,46.95712335
1681067700000,28081,28292.2,28081,28196.6,367.73705219
1681068600000,28196.7,28231.4,28078,28098.6,106.24243025
1681069500000,28098.7,28149.9,28089.4,28141.4,25.03707652
1681070400000,28141.5,28160.1,28113.5,28118.4,12.75978591
1681071300000,28118.5,28133.1,28084.7,28117.7,32.12449644
1681072200000,28117.7,28149,28114.9,28122.8,11.17190446
1681073100000,28122.7,28123.8,28095.6,28118.7,10.03689096
1681074000000,28118.8,28197.3,28115.9,28180,116.8887298
1681074900000,28180,28375.8,28152,28326.9,380.27581508
1681075800000,28331,28415.8,28218.2,28325.9,165.65775281
1681076700000,28325.8,28494.3,28325.8,28439.6,161.80789718
1681077600000,28439.6,28529.9,28391,28407,180.37004681
1681078500000,28410.3,28454.2,28392.9,28429.6,48.16730623
1681079400000,28429.6,28449.3,28360,28371.4,79.26218873
1681080300000,28372.6,28409.9,28358.7,28371.2,71.04349319
1681081200000,28370.9,28394.7,28331,28350.3,89.90449704
1681082100000,28350.6,28424.7,28350.2,28364.8,55.71026562
1681083000000,28364.7,28373.2,28290,28297.5,47.43948126
1681083900000,28297.5,28339.3,28291.6,28318.9,49.68084406
1681084800000,28318.9,28381.8,28290.2,28363.4,74.35410839
1681085700000,28363.4,28386,28350,28385.7,48.67191228
1681086600000,28385.6,28426.6,28345.1,28396.5,72.00635699
1681087500000,28396.5,28417.8,28350,28380.6,59.17849925
1681088400000,28380.7,28384.4,28321,28325.2,35.31057543
1681089300000,28322,28338,28254.5,28257.3,62.50599603
1681090200000,28256.5,28296.4,28247.7,28289.7,75.04716283
1681091100000,28289.8,28320,28289.8,28302.2,22.18719281
1681092000000,28302.2,28313.9,28292,28301,23.80989138
1681092900000,28301,28305,28270.6,28300.2,23.46218261
1681093800000,28300.2,28344.5,28300.2,28323.2,30.1184058
1681094700000,28323.3,28329.5,28295.1,28295.5,58.69933702
1681095600000,28295.2,28319.5,28262.3,28282.7,117.6995768
1681096500000,28282.6,28298.7,28273,28298.6,25.2992084
1681097400000,28298.7,28315,28289,28307.7,35.42591887
1681098300000,28307.7,28307.7,28274.4,28276.5,19.24353187
1681099200000,28276.6,28299.2,28273.3,28294.5,21.32854811
1681100100000,28294.5,28314.4,28280,28295.7,28.15138713
1681101000000,28295.7,28302.6,28286.2,28286.2,22.9650561
1681101900000,28286.3,28299.5,28212.2,28233.9,53.27775191
1681102800000,28238.7,28250.7,28209.1,28220.1,43.72723008
1681103700000,28220.1,28239.1,28200,28235.6,71.79228418
1681104600000,28235.7,28303.1,28233.3,28288.1,62.27319211
1681105500000,28288.1,28311.1,28256.3,28280,40.99905697
1681106400000,28279.9,28292.5,28275.6,28285.6,74.31527866
1681107300000,28285.7,28289.2,28250.9,28250.9,24.05062243
1681108200000,28253,28269.3,28249.3,28269.3,18.57997793
1681109100000,28269.2,28290.9,28268.8,28274.2,30.65101923
1681110000000,28274.2,28300.9,28274.1,28285.9,24.53885156
1681110900000,28285.9,28286,28270.7,28270.8,11.67598337
1681111800000,28270.7,28280,28236.1,28270.4,75.82590683
1681112700000,28270.5,28302.8,28265.4,28286.8,40.43813155
1681113600000,28286.9,28354.6,28286.3,28339.8,60.21444317
1681114500000,28339.8,28345.7,28315.9,28343.5,47.86621158
1681115400000,28343.4,28375.6,28314.1,28320.9,52.18264087
1681116300000,28321,28325.1,28290.3,28293,35.31897811
1681117200000,28293.1,28309.8,28277.2,28309.5,17.65701959
1681118100000,28309.5,28322.9,28298.5,28318,28.40864165
1681119000000,28318.1,28348.1,28292.9,28315.6,46.43441563
1681119900000,28313.4,28314,28301.5,28307.9,14.06951393
1681120800000,28310,28340.3,28307.2,28313.2,44.24245561
1681121700000,28313.2,28316.1,28294.8,28300,39.73824399
1681122600000,28299.9,28316,28296,28316,12.21344287
1681123500000,28316,28363.6,28315.9,28333.8,22.47604971
1681124400000,28333.9,28362.2,28328.1,28347.2,25.65392166
1681125300000,28347.2,28349.6,28320,28343.1,13.20812309
1681126200000,28343.1,28343.1,28290,28302.3,53.88180094
1681127100000,28302.4,28320,28290,28304.6,20.01396623
1681128000000,28304.7,28304.7,28281,28281,19.77132834
1681128900000,28281,28317.5,28259.8,28269.1,59.27299385
1681129800000,28269.2,28302.1,28256.5,28294.5,19.89442356
1681130700000,28294.5,28300.6,28274,28275.3,34.7687443
1681131600000,28275.4,28297,28263,28279.9,25.60950605
1681132500000,28280,28286.5,28250,28253.2,34.89346883
1681133400000,28253.2,28263.4,28224.4,28231.9,62.8471077
1681134300000,28231.9,28246.5,28166.6,28214.2,118.18597832
1681135200000,28214.1,28250,28194.5,28250,41.79654197
1681136100000,28250,28258,28231.8,28235.8,23.46030771
1681137000000,28235.8,28315,28233.1,28311.5,23.65587512
1681137900000,28311.6,28342,28300.1,28309.4,54.08606886
1681138800000,28309.5,28455.7,28309.5,28448,173.73880824
1681139700000,28448.7,28511.8,28394,28414,135.3648131
1681140600000,28417.2,28575.1,28374.6,28496.5,204.57734436
1681141500000,28496.6,28526.2,28432.8,28439.6,122.90378426
1681142400000,28439.7,28473,28376.2,28403.8,170.21136984
1681143300000,28403.8,28451,28395.3,28443.1,29.62622933
1681144200000,28443.2,28644.3,28443.1,28561.2,217.56123683
1681145100000,28561.2,29180.9,28561.2,29046.9,1468.71020814
1681146000000,29046.9,29331.8,29004.5,29140.2,855.54998534
1681146900000,29137.2,29196.8,29009.6,29102.7,321.98357643
1681147800000,29099.6,29299.7,29044.7,29117.5,332.55031835
1681148700000,29117.4,29181,29074.6,29158.4,174.25247708
1681149600000,29158.4,29234.9,29138.8,29138.9,100.93088419
1681150500000,29138.9,29185.2,29108.6,29125.6,327.5628232
1681151400000,29125.2,29209.9,29119.2,29171.6,79.6618562
1681152300000,29171.6,29283.7,29171.6,29274.2,185.31202576
1681153200000,29274.2,29291.8,29163.3,29171.9,194.92143806
1681154100000,29177.4,29208,29055.9,29099,144.0907695
1681155000000,29099,29162.8,29077.5,29131.8,104.56336817
1681155900000,29131.7,29202,29121.3,29170.4,148.88405951
1681156800000,29170.7,29214.2,29111.5,29123.8,110.90108823
1681157700000,29125.7,29155.4,29091.1,29110.2,48.20751962
1681158600000,29110.2,29147.4,29069.7,29114.5,33.5622478
1681159500000,29114.5,29129.9,29097.2,29116.6,64.72927847
1681160400000,29116.6,29176,29080.5,29117.8,51.98925526
1681161300000,29117.8,29225.9,29115,29225.9,72.67557783
1681162200000,29225,29284.9,29172.6,29203.3,86.97751322
1681163100000,29205.8,29242,29205.8,29218.9,10.01701571
1681164000000,29218.9,29843.3,29218.8,29502.1,1679.57008077
1681164900000,29502,29636.1,29496,29559.6,227.27222547
1681165800000,29559.7,29701.1,29553.2,29663.4,289.34737321
1681166700000,29663.4,29681.9,29584.8,29584.8,139.48769662
1681167600000,29584.8,29776.1,29584.8,29741.2,370.16724466
1681168500000,29741.2,29764.2,29651,29672.9,175.49015352
1681169400000,29672.8,29728.9,29637.2,29643.3,132.12121808
1681170300000,29643.4,29674.2,29586.2,29635.9,49.6666271
1681171200000,29635.9,29664.1,29590,29664.1,54.1432983
1681172100000,29664.1,29700,29645.1,29672.1,53.17850749
1681173000000,29672.2,30005,29650.7,29794,1058.71355289
1681173900000,29791.2,29931.3,29760,29927.7,208.60063204
1681174800000,29924.6,29935.3,29777.2,29800.6,130.88410556
1681175700000,29800.4,29840,29751,29830.2,165.38056081
1681176600000,29830.3,29912.6,29829.7,29906.1,116.0680882
1681177500000,29906.1,30357.5,29886.1,30194,1429.10060433
1681178400000,30194,30444,30114.8,30274.5,501.00167846
1681179300000,30274.5,30392.6,30233,30293.3,351.12661512
1681180200000,30293.3,30302,30027.1,30076,245.18623659
1681181100000,30076,30141.7,29991.8,30079.2,243.60365531
1681182000000,30079.1,30081.8,29955.5,30009.6,186.32185513
1681182900000,30009.5,30039.9,29936.5,29977.6,163.53621243
1681183800000,29977.6,30072.9,29972.6,30031.9,248.99785585
1681184700000,30032.1,30119.9,30031.1,30110.9,178.65392129
1681185600000,30110.9,30120.5,30054.8,30091.1,115.56994078
1681186500000,30091.2,30171.2,30076.4,30106.5,128.65150132
1681187400000,30106.5,30121.9,30024.1,30073.7,99.29790538
1681188300000,30073.8,30119.8,30073.4,30108.1,37.32748827
1681189200000,30108,30120.8,30079.8,30108.2,49.03719396
1681190100000,30108.2,30147.3,30058.8,30069.2,76.45122115
1681191000000,30069.2,30093.1,29977.5,29998.6,93.12031749
1681191900000,29998.7,29999.5,29790.1,29888.2,384.93849297
1681192800000,29888.2,30024.1,29874.6,30020,81.98124345
1681193700000,30020,30083.5,29987.1,30083.5,68.48329965
1681194600000,30083.4,30083.9,30042.4,30070.3,33.02088581
1681195500000,30070.4,30075.5,30031.8,30033.9,39.98695577
1681196400000,30032.4,30100,30031.1,30100,58.21795027
1681197300000,30099.9,30155,30082.8,30091.3,78.09733434
1681198200000,30091.3,30131.5,30045.4,30125.7,114.25530722
1681199100000,30125.6,30150,30093.6,30100.1,92.65598864
1681200000000,30100.2,30118.9,30067.8,30077.9,53.11089206
1681200900000,30077.9,30115,30061.3,30111.6,56.83356446
1681201800000,30111.7,30145.7,30060,30081.6,111.50400412
1681202700000,30081.6,30097.6,30037.7,30092,57.58358062
1681203600000,30092,30094.8,30036,30058.1,65.08493546
1681204500000,30058.1,30058.1,29981,30055.8,173.20691316
1681205400000,30055.9,30077.6,30014.3,30014.3,87.46426191
1681206300000,30014.2,30052.8,30000,30050,41.55069731
1681207200000,30049.9,30053.4,30015.2,30037.7,55.74400204
1681208100000,30037.7,30075,30030.6,30064.7,28.12070459
1681209000000,30064.7,30123.3,30059.8,30110,122.01712451
1681209900000,30109.9,30135,30091.3,30119.6,88.46612634
1681210800000,30119.6,30119.7,30091.2,30105.1,70.55872597
1681211700000,30105.2,30120.8,30081,30096.5,85.95679379
1681212600000,30096.5,30118.8,30058.1,30076.9,103.86056133
1681213500000,30076.8,30078.3,30052.9,30055.8,23.27696746
1681214400000,30055.8,30130,30041.5,30129.9,68.42741897
1681215300000,30129.8,30222.5,30002.4,30069.2,208.20504997
1681216200000,30069.1,30132.2,30049.1,30121.4,55.46078575
1681217100000,30121.5,30139,30079.9,30096.8,34.96978675
1681218000000,30096.8,30120.8,30071.5,30099.7,56.90731746
1681218900000,30099.7,30171.4,30091.8,30166,64.49802703
1681219800000,30166,30200,30101.1,30120,116.93617132
1681220700000,30120.1,30259.1,30114,30239.6,165.71693163
1681221600000,30239.6,30278.4,30190.4,30220.9,221.8525097
1681222500000,30220.9,30224.9,30160.1,30210.5,49.3969705
1681223400000,30210.6,30210.6,29986.7,30020.3,284.76168252
1681224300000,30020.3,30075.3,29971.4,30055.5,64.08442923
1681225200000,30055.4,30250,30037.6,30210.1,154.97350892
1681226100000,30210.2,30220,30165.3,30177.6,57.19751974
1681227000000,30177.6,30192.7,30133.5,30167.6,51.94275617
1681227900000,30167.6,30226,30163.4,30195.3,56.34993679
1681228800000,30194.7,30261.7,30184.1,30197.7,100.83000929
1681229700000,30197.7,30203.8,30095.4,30197.8,68.05195688
1681230600000,30197.8,30231,30130.1,30192.1,72.66873571
1681231500000,30192.1,30192.1,30100.5,30123.6,61.79650142
1681232400000,30123.4,30146,30071.4,30117.3,81.64897657
1681233300000,30117.4,30159.9,30030.5,30158.4,49.02153295
1681234200000,30156.1,30173.8,30120.4,30163.5,20.07925761
1681235100000,30163.6,30223,30161.5,30207.1,36.56932813
1681236000000,30207.2,30241.4,30192.3,30211.3,34.2077754
1681236900000,30211.4,30236.8,30152,30180.5,33.89153785
1681237800000,30180.5,30216.5,30180.5,30194.7,42.56001091
1681238700000,30194.7,30232.1,30194.7,30232.1,18.76549469
1681239600000,30232.1,30265,30188.2,30262.4,24.21224636
1681240500000,30262.4,30568.9,30262.4,30421.6,702.16395321
1681241400000,30421.7,30425,30150,30187.1,203.51922187
1681242300000,30187.2,30205,30101.8,30127.4,115.48413263
1681243200000,30127.4,30162.6,30007.6,30107.5,237.3214565
1681244100000,30107.4,30107.5,29908,30071.3,293.30233049
1681245000000,30071.3,30134.8,30054.4,30127,45.99718788
1681245900000,30130.3,30174.5,30111.7,30162.1,27.07578174
1681246800000,30162.3,30222.8,30135.6,30209.4,48.02379301
1681247700000,30209.5,30210.7,30172.6,30184.3,18.2529695
1681248600000,30184.4,30247.8,30129.2,30131.3,78.82530499
1681249500000,30131.3,30213.4,30131.3,30189,20.11275809
1681250400000,30189,30203.5,30148.3,30198.4,16.71564686
1681251300000,30198.5,30205.1,30176.9,30181.1,16.27693676
1681252200000,30181.1,30220,30180.9,30206.5,30.95440809
1681253100000,30206.5,30271.4,30202.9,30265.2,56.24771695
1681254000000,30265.3,30271.6,30224.9,30228.7,22.69335744
1681254900000,30228.7,30228.7,30180.8,30193.2,24.37829665
1681255800000,30193.2,30244.2,30156.3,30233,50.22317571
1681256700000,30233,30236,30199,30199.1,17.050641
1681257600000,30199.1,30256.7,30199,30256.7,43.81728534
1681258500000,30256.7,30351.4,30236.4,30308.1,65.63095889
1681259400000,30308.2,30308.2,30240,30290.6,33.07920589
1681260300000,30290.7,30320,30196.8,30225.8,83.35233304
1681261200000,30225.8,30237.8,30166.6,30237.7,68.4447251
1681262100000,30237.7,30284.8,30223.1,30223.2,36.60517582
1681263000000,30223.6,30258.1,30173,30173,40.76344909
1681263900000,30173.1,30189.5,30115.7,30166.1,85.90774653
1681264800000,30166.3,30169,30010.6,30045.1,281.31632392
1681265700000,30042.7,30042.8,29873,29932.1,577.06311001
1681266600000,29931,29979.3,29833.6,29941.1,230.27006712
1681267500000,29941.1,29951.2,29826,29912.5,217.3041788
1681268400000,29913.8,29950,29887.6,29950,79.02211836
1681269300000,29950,29987.1,29904.2,29985.8,77.56380861
1681270200000,29985.8,29987.5,29920.8,29926.7,25.83265975
1681271100000,29926.7,29940,29855.5,29919.5,208.36466918
1681272000000,29919.6,29945.1,29883.7,29940.4,56.14583203
1681272900000,29940.4,29963.3,29917.9,29963.2,35.40230226
1681273800000,29963.2,29966.5,29941.2,29961.2,80.30497288
1681274700000,29961.2,29996.1,29941,29978.5,59.47704351
1681275600000,29978.5,30000.4,29941.1,29954.3,75.93311209
1681276500000,29954.4,29966.1,29920.6,29927.5,30.58884309
1681277400000,29927.6,29946.5,29910.2,29940.7,37.51785885
1681278300000,29940.7,29942,29893.3,29923.4,69.00539599
1681279200000,29923.3,29941.5,29869.3,29883.8,99.97721857
1681280100000,29883.9,29917.2,29852.2,29906.2,58.14917877
1681281000000,29906.3,29926,29888,29918.4,52.18666215
1681281900000,29918.3,29958.1,29918.3,29934.6,34.9630827
1681282800000,29934.6,29970.3,29922.3,29970.3,49.14081741
1681283700000,29970.3,30065.2,29945.5,30041.6,70.30780637
1681284600000,30041.7,30067.1,29997.1,30000,141.0992863
1681285500000,30000,30000,29967.3,29985.6,60.60137733
1681286400000,29985.6,30024.3,29983.2,30023,85.53578603
1681287300000,30023,30046.1,29965.6,29981.1,36.54993331
1681288200000,29981.2,30007.6,29971,29974.6,54.53246595
1681289100000,29974.7,29979.8,29900,29910.7,62.48385274
1681290000000,29910.7,29931.4,29893.7,29931.4,110.13066991
1681290900000,29931.3,29981.3,29931.3,29981.3,42.98803954
1681291800000,29981.3,30003.5,29955.9,29990.9,35.17959328
1681292700000,29990.9,30006,29957.3,30006,28.71534165
1681293600000,30006,30006.5,29983,29988.4,31.94878649
1681294500000,29988.2,30024.1,29985.2,30021.7,51.41316805
1681295400000,30021.7,30024.1,29985.3,30004.4,40.77542616
1681296300000,30004.3,30008.2,29978,29996.1,31.36197225
1681297200000,29996.1,30004,29945.4,29991.4,37.40021026
1681298100000,29991.3,30003.7,29944.2,29981.9,49.5981528
1681299000000,29981.9,29990.1,29957.8,29964.9,29.11971329
1681299900000,29964.9,30019.1,29962.3,30013.4,46.50728735
1681300800000,30013.4,30030,29955.9,29972.7,60.86530109
1681301700000,29972.6,30021.5,29923.6,30007.2,130.73453687
1681302600000,30007.2,30484.3,29998.3,30286.9,1436.98833226
1681303500000,30286.8,30301.1,30145.4,30149.1,296.92209209
1681304400000,30149.1,30260.7,30087.7,30227.2,161.76854854
1681305300000,30227.1,30339.9,30142.6,30169.8,159.35201245
1681306200000,30169.8,30216.9,30090.5,30111,127.87516262
1681307100000,30111,30123,29963.8,30049.6,329.71364632
1681308000000,30049.6,30210.2,30010.8,30131.4,126.50498169
1681308900000,30131.4,30209.7,30098.2,30206.7,201.76161456
1681309800000,30206.8,30260.3,30071.4,30104.9,206.19421142
1681310700000,30104.8,30165.1,30019.5,30023.6,124.82400268
1681311600000,30023.7,30067.2,29637.1,29796.5,738.52180342
1681312500000,29801.8,29951.4,29796.3,29915,276.67440119
1681313400000,29921.7,29946,29881.2,29924.1,87.52616022
1681314300000,29925.3,30004.3,29925.3,29961.8,66.80097203
1681315200000,29963,29985.7,29920.7,29966.5,83.94308002
1681316100000,29966.4,30037.1,29929.4,29994.2,82.04192401
1681317000000,29993.7,30015.9,29932.1,29932.1,66.79921182
1681317900000,29932.1,29965.5,29906.8,29935,48.70419014
1681318800000,29935.1,30019.1,29909.1,29987.9,158.83381942
1681319700000,29987.9,30024.6,29976,30006.9,51.44034444
1681320600000,30006.9,30090.3,30006.9,30036.1,85.08681817
1681321500000,30034.5,30045,30016.3,30023.4,32.2291161
1681322400000,30027,30059.7,29983.9,30043.2,39.97926012
1681323300000,30043.2,30054.2,29934.8,29950.3,78.63457079
1681324200000,29950.4,29969.3,29921.7,29944.1,65.75849348
1681325100000,29942.1,29958.4,29843.1,29915.7,113.00718654
1681326000000,29915.7,29945.8,29852.8,29864.9,64.20241369
1681326900000,29864.8,29907.5,29790.1,29822.2,68.06208838
1681327800000,29822.2,29897.5,29817.5,29878.1,75.94186357
1681328700000,29878.1,29900,29755,29796.5,171.54032363
1681329600000,29797.6,29854.5,29764.8,29841.8,33.55199062
1681330500000,29841.8,29888,29823.5,29882.7,34.99492263
1681331400000,29882.8,29888,29868.8,29887.9,79.96486605
1681332300000,29888,29959.3,29867.4,29953,59.35995784
1681333200000,29953,29962.2,29930.2,29942.9,40.1721581
1681334100000,29943,29979.6,29936.3,29950.2,44.47762558
1681335000000,29950.1,29980.1,29925.4,29953.5,35.75666125
1681335900000,29953.5,29953.6,29900.1,29950.3,30.20293467
1681336800000,29950.2,29953.4,29904.2,29927.5,9.5500855
1681337700000,29927.5,29977.5,29910,29931.1,20.17812141
1681338600000,29931.1,29957.2,29842.5,29905.8,46.17847833
1681339500000,29908.4,29948.6,29798.2,29841.9,39.3760983
1681340400000,29842.5,29888,29820.9,29883.3,51.18159694
1681341300000,29883.2,29941.8,29868.9,29912.9,83.86589068
1681342200000,29912.8,29935.6,29869.1,29881.4,57.58935378
1681343100000,29882.7,29910.3,29868.3,29887.4,19.3899966
1681344000000,29891.6,29925.3,29882.5,29922.1,37.45322747
1681344900000,29922.1,29957.9,29857.2,29953.3,34.10507772
1681345800000,29953.2,30028.8,29953.2,30019.9,56.40342951
1681346700000,30019.9,30039.6,29970.5,29984.4,58.81739941
1681347600000,29984.4,30013,29940.5,29993.3,49.96317576
1681348500000,29993.3,29999.3,29955,29979.4,18.11079147
1681349400000,29978.5,30080,29950.3,30053.6,66.01308911
1681350300000,30053.6,30080,30035.2,30066.7,46.42024423
1681351200000,30067.7,30085.3,30016.4,30030,124.7249694
1681352100000,30030.1,30045.2,30000,30041.5,29.20370548
1681353000000,30041.5,30211.9,30028,30148.7,183.22504133
1681353900000,30150,30155,30090.9,30114,47.51274136
1681354800000,30114.1,30126.2,30091.4,30092.4,27.28690306
1681355700000,30092.5,30100,30055.4,30088.9,33.35691138
1681356600000,30088.9,30091.8,30044.6,30076.6,25.23390895
1681357500000,30076.6,30087.8,30054.5,30072.5,17.38431204
1681358400000,30072.6,30085,30048,30073.2,25.13025284
1681359300000,30073.3,30105.1,30065,30089.9,19.86468881
1681360200000,30089.9,30111.5,30054,30061.2,70.84190132
1681361100000,30061.3,30083.5,30050,30056.9,9.87164699
1681362000000,30057,30080.7,30046.2,30046.3,31.80825733
1681362900000,30046.2,30078.3,30038.6,30078.3,111.10563583
1681363800000,30078.3,30093.9,30063.1,30085.9,34.08617757
1681364700000,30085.9,30133,30072.8,30107.4,37.29288775
1681365600000,30107.5,30122.6,30067.4,30083.2,51.71737544
1681366500000,30083.2,30092.4,30044.8,30074.7,25.52816045
1681367400000,30074.6,30092.1,30045.8,30054.3,32.73704559
1681368300000,30054.4,30055.4,29994.4,30020,145.76050035
1681369200000,30020,30066.2,30000.5,30062.1,85.07787055
1681370100000,30062.1,30069.3,30032,30062.9,61.9392795
1681371000000,30063,30070,30031.4,30063.9,22.06698754
1681371900000,30064,30108.3,30064,30070.3,27.11909164
1681372800000,30070.3,30085.8,30044.3,30047.5,41.33163911
1681373700000,30047.4,30080,30040.8,30074,35.15709249
1681374600000,30073.9,30167.4,30052.4,30103,257.20995411
1681375500000,30103,30297.6,30054.6,30190.2,383.36915669
1681376400000,30190.2,30310,30176,30293.8,221.01321486
1681377300000,30293.8,30390,30251.2,30251.2,351.86228372
1681378200000,30251,30268.7,30147.4,30180.2,119.65264466
1681379100000,30180.2,30214,30155.3,30210.1,76.21861993
1681380000000,30210.1,30220.1,30167,30167,66.22374776
1681380900000,30167,30209.3,30149.9,30203.6,55.2554627
1681381800000,30203.7,30238,30191.9,30201.6,61.25937209
1681382700000,30201.6,30243.7,30200.6,30207.1,41.32278228
1681383600000,30207.2,30235.2,30180.3,30185.1,68.83647137
1681384500000,30185.2,30217.6,30167.8,30202.6,57.28206417
1681385400000,30202.6,30202.7,30170,30193.6,20.47479379
1681386300000,30193.7,30200,30154.3,30163,40.23535528
1681387200000,30162.9,30199,30162.9,30176.3,47.16850721
1681388100000,30177.4,30251.8,30177.4,30186.7,109.40591678
1681389000000,30186.6,30270.5,30140.2,30218.1,186.38291501
1681389900000,30213.4,30305.7,30213.4,30271.5,103.86225319
1681390800000,30271.5,30327.5,30236.8,30240.2,139.68656615
1681391700000,30240.1,30258.8,30201.4,30250.7,77.85114056
1681392600000,30253.2,30260,30190.5,30207.5,106.4823445
1681393500000,30207.6,30241.4,30160,30175,69.03764657
1681394400000,30175,30219.1,30167.9,30214.5,43.79401412
1681395300000,30214.6,30310.9,30213,30303.4,45.78036839
1681396200000,30303.5,30443.2,30284.1,30383.1,240.23584808
1681397100000,30383.2,30546.4,30382.8,30443.4,245.64361031
1681398000000,30437.6,30595.3,30300.3,30340.1,346.83630758
1681398900000,30340,30420,30298.4,30404.8,121.429942
1681399800000,30405,30457.4,30368.2,30394,79.84169329
1681400700000,30393.9,30460,30385.6,30436.7,121.50491142
1681401600000,30436.2,30467.8,30339.6,30356.6,185.81606068
1681402500000,30353.5,30366.7,30330.5,30358.4,30.6059131
1681403400000,30358.4,30381.3,30321.8,30321.9,34.90043464
1681404300000,30321.8,30333.3,30263.5,30323.5,79.36222451
1681405200000,30323.5,30388.3,30279,30375.4,55.60028108
1681406100000,30375.5,30396.5,30343,30359.2,21.19328962
1681407000000,30359.2,30370.8,30328,30370.8,27.39814815
1681407900000,30370.8,30443.6,30370.8,30428.1,45.94637546
1681408800000,30428.1,30526.6,30415.2,30493.2,112.79065623
1681409700000,30493.2,30546.4,30432.8,30433,56.68439909
1681410600000,30433,30472,30429.4,30443,52.75000947
1681411500000,30443,30477.4,30443,30445.7,52.63917418
1681412400000,30445.7,30445.7,30329.5,30391.7,169.59092251
1681413300000,30391.7,30391.7,30344.4,30359.4,29.96275835
1681414200000,30359.4,30371.3,30332,30343.7,23.56871247
1681415100000,30343.6,30364.2,30311.1,30337.6,36.24911277
1681416000000,30335.9,30337.1,30200.1,30234.5,50.78042442
1681416900000,30234.8,30274.8,30228.4,30247.6,17.03721532
1681417800000,30248,30300,30238.1,30242.2,34.34985265
1681418700000,30242.3,30284.7,30242.3,30250.1,22.65026591
1681419600000,30250.1,30286.4,30237,30286.1,61.91723399
1681420500000,30286.1,30287.5,30264.4,30284.1,30.80452998
1681421400000,30284.1,30332,30282,30322,37.57112501
1681422300000,30322,30331.1,30282.7,30284.2,18.7959283
1681423200000,30284.3,30354.3,30284.3,30349.3,26.49638416
1681424100000,30349.4,30362.5,30325.6,30352.8,20.26772372
1681425000000,30352.8,30397.2,30326.9,30327.6,61.11871829
1681425900000,30327.7,30335.2,30288.2,30300.3,44.64289733
1681426800000,30300.3,30316.3,30282.8,30296.3,56.58271026
1681427700000,30296.2,30339.9,30292.8,30306.9,31.19422067
1681428600000,30306.8,30343.5,30293.8,30332.6,28.02036607
1681429500000,30332.7,30390.3,30332.6,30380.6,44.65466097
1681430400000,30380.6,30385.8,30349.9,30361.6,37.59273759
1681431300000,30361.6,30412.5,30313,30397.9,71.31079941
1681432200000,30398,30837.5,30377.7,30739.3,1596.95789885
1681433100000,30739.4,30778.6,30650,30747,244.52373163
1681434000000,30746.9,30850,30717.4,30823.7,244.90055422
1681434900000,30823.6,30838,30700,30783.1,113.84614205
1681435800000,30783,30839.6,30731.8,30818.4,205.22373563
1681436700000,30819.7,30939.4,30760,30783.6,389.46367929
1681437600000,30786.8,30817.7,30728.5,30817.6,149.15543328
1681438500000,30817.6,30817.7,30738.1,30743.6,85.75380016
1681439400000,30743.6,30761.2,30639.9,30664.9,91.4208882
1681440300000,30664.9,30664.9,30522.6,30604.7,232.01056575
1681441200000,30604.7,30635.7,30560,30627.1,68.95263877
1681442100000,30627.1,30703.2,30627.1,30677,67.38397381
1681443000000,30677,30713,30645.6,30689.4,64.93846586
1681443900000,30689.4,30744.1,30684.9,30700.5,78.99539541
1681444800000,30700.5,30744.2,30696.5,30738.5,35.92069393
1681445700000,30737.3,30758.7,30711.4,30713.9,124.63584991
1681446600000,30714,30734.2,30691.9,30707.2,27.49087718
1681447500000,30707.1,30728.1,30662.3,30712.4,72.89426263
1681448400000,30712.4,30786,30699.9,30772.3,68.49784011
1681449300000,30772.2,30786.4,30735.5,30758.9,50.89778835
1681450200000,30758.9,30825,30758.8,30821.4,123.43230861
1681451100000,30821.4,30838,30781.8,30802.2,99.80362094
1681452000000,30802.3,30806.5,30713.4,30766.9,130.15168077
1681452900000,30766.8,30826.7,30753.5,30819.9,79.44037991
1681453800000,30819.9,30949,30780.2,30847.9,218.75538628
1681454700000,30847.8,31043.4,30847.8,30947.3,357.48113708
1681455600000,30947.2,30948.5,30856.2,30896,204.68099805
1681456500000,30896,30960.5,30892.5,30937.6,150.58154001
1681457400000,30937.6,30940,30742.7,30790.3,197.6508589
1681458300000,30790.2,30799.1,30730.3,30736.6,169.81265457
1681459200000,30735.1,30790.3,30718.3,30754.6,191.42958116
1681460100000,30754.9,30791.1,30678.6,30702.4,261.79315399
1681461000000,30702.4,30750,30691.4,30694.8,137.7180785
1681461900000,30694.9,30737.9,30653.4,30735.3,62.95440348
1681462800000,30735.4,30737.4,30701,30701.1,47.85671763
1681463700000,30701.1,30750.1,30700.1,30743,54.42249984
1681464600000,30743,30800,30723.5,30796.5,193.02677545
1681465500000,30796.4,30800,30768,30795.2,56.15393781
1681466400000,30795.2,30827.4,30793.2,30810.5,72.55834675
1681467300000,30810.5,30815.8,30764.1,30810.7,56.95538459
1681468200000,30810.7,30810.7,30774.4,30788.9,48.55931714
1681469100000,30790.5,30794.2,30756.3,30770.1,47.39522461
1681470000000,30770.1,30798.3,30760,30787.6,61.44799374
1681470900000,30787.6,30802,30726.2,30765.2,44.15084456
1681471800000,30765.2,30782.6,30747.2,30758.2,28.22950862
1681472700000,30758.2,30810.9,30757.8,30804.5,42.5280006
1681473600000,30805.6,30849.6,30782.8,30843.4,82.86830345
1681474500000,30842.2,30856.7,30760.8,30823,189.65353957
1681475400000,30823,30845,30746.8,30762.7,130.91793311
1681476300000,30762.6,30762.6,30571.7,30617.6,393.95245301
1681477200000,30617.7,30678.5,30613,30665.4,126.33243678
1681478100000,30665.4,30680.9,30623.4,30677.2,93.21072224
1681479000000,30677.2,30728.7,30630,30719.9,91.70210381
1681479900000,30720,30752.8,30709.4,30721.8,80.48154373
1681480800000,30721.7,30762.6,30562.4,30617,173.75749162
1681481700000,30616.9,30679.7,30539.2,30610.1,240.60358962
1681482600000,30599.3,30633.8,30473.7,30607.7,179.22257121
1681483500000,30607.8,30643.3,30512.4,30600.5,168.69905426
1681484400000,30600.4,30631,30350,30417,510.2971417
1681485300000,30421.8,30478.5,30165,30235.7,525.66425831
1681486200000,30234.2,30276.7,30088.5,30271.7,552.06611556
1681487100000,30271.7,30316.5,30202.5,30240,246.37298672
1681488000000,30238.1,30269.6,30160.8,30269.6,180.0354296
1681488900000,30269.6,30269.6,30129.3,30195.1,65.667301
1681489800000,30197.9,30197.9,30015.9,30127.8,152.5019512
1681490700000,30127.8,30148.6,29970,30142,228.59959764
1681491600000,30143,30240,30123.9,30221.2,91.42195312
1681492500000,30221.2,30275.7,30201.9,30238.1,93.84042232
1681493400000,30238,30278.1,30190.1,30224.8,66.83277923
1681494300000,30224.1,30279.6,30214.3,30272.7,37.99651512
1681495200000,30268.4,30348.5,30263.3,30342.9,138.96835335
1681496100000,30342.9,30348.6,30295.3,30348.6,46.70505498
1681497000000,30348.7,30351.4,30240.7,30283,153.74776281
1681497900000,30283,30296.1,30251.9,30278.9,32.4867048
1681498800000,30278.9,30278.9,30196.7,30212.7,40.5415567
1681499700000,30212.7,30278.5,30196.6,30259.6,32.76247987
1681500600000,30259.6,30350,30259.6,30328.9,16.96509461
1681501500000,30328.9,30335.7,30293.1,30328,12.46886011
1681502400000,30328,30342.2,30276.4,30328.1,14.83623636
1681503300000,30328.2,30440.4,30307.3,30433.4,69.07109096
1681504200000,30431.3,30520,30403.3,30490.3,100.15005556
1681505100000,30490.3,30514.9,30438.1,30443.5,58.48132845
1681506000000,30443.5,30459.9,30394.1,30450,20.84712687
1681506900000,30451.7,30468.9,30420.9,30468.9,32.0431263
1681507800000,30468.9,30500.1,30465,30481,34.36739187
1681508700000,30481,30507.7,30405.2,30455.3,71.35812113
1681509600000,30455.3,30456.9,30414.3,30430.5,27.28195263
1681510500000,30430.5,30441.9,30409.7,30421.4,21.14030995
1681511400000,30421.5,30452.4,30417,30426.6,25.95119591
1681512300000,30427.6,30458,30414.7,30437.3,13.41053587
1681513200000,30437.2,30483.7,30430.9,30433.9,26.02944161
1681514100000,30433.9,30437.1,30369.9,30422.4,54.73927991
1681515000000,30422.5,30436.9,30387.9,30392.4,27.20024538
1681515900000,30392.4,30481,30392.3,30467.6,41.42566574
1681516800000,30467.7,30472.5,30431.1,30444.3,31.05509296
1681517700000,30444.3,30597.7,30431,30547.9,66.93593329
1681518600000,30547.9,30548,30390.9,30394.2,72.41945043
1681519500000,30395.4,30434.2,30374,30374,36.99642691
1681520400000,30374,30395.6,30321.5,30352.8,36.96243386
1681521300000,30352.8,30370.1,30279.9,30325.2,49.6719357
1681522200000,30325.1,30386.9,30325.1,30386.9,18.04918096
1681523100000,30386.8,30402.1,30371,30371,23.18707499
1681524000000,30371.1,30443.5,30367.2,30389.6,53.29240141
1681524900000,30389.7,30407.5,30371.9,30388.1,51.53189471
1681525800000,30388.3,30406.4,30345.9,30391.8,35.10387734
1681526700000,30391.9,30407,30380.1,30380.2,13.54036317
1681527600000,30380.1,30427.1,30380.1,30394,20.60937144
1681528500000,30394.1,30410.6,30387.1,30388.7,17.25833606
1681529400000,30388.7,30404,30365.2,30378.2,28.3890163
1681530300000,30378.1,30392.2,30361.3,30380.3,17.54071109
1681531200000,30380.4,30397.2,30342.9,30365.5,36.27498878
1681532100000,30365.6,30377.2,30343.5,30347.5,93.06165082
1681533000000,30347.5,30376.7,30347.5,30367.9,76.07613553
1681533900000,30365,30390.8,30345.5,30360.6,54.8186702
1681534800000,30360.5,30399,30360.5,30398.9,38.2255766
1681535700000,30399,30407.4,30385,30407.4,29.91498072
1681536600000,30407.4,30410.6,30393.6,30404.8,15.84305339
1681537500000,30404.8,30425,30400.3,30425,10.30024413
1681538400000,30425,30432.9,30388.9,30398.1,41.82789549
1681539300000,30398.2,30410.3,30394.9,30395,9.66549519
1681540200000,30395,30397.7,30369,30378.7,20.60260843
1681541100000,30378.7,30402.4,30377.8,30392.9,9.92105887
1681542000000,30392.9,30408.3,30392.9,30408.3,5.08128757
1681542900000,30408.3,30458.9,30408.2,30434.5,28.65812131
1681543800000,30437.5,30445.1,30384.1,30423.4,31.82411161
1681544700000,30423.4,30469.1,30395.5,30431.9,34.98483299
1681545600000,30432,30450.1,30420.9,30422.1,33.79121445
1681546500000,30420.4,30426.8,30409.4,30420,6.04196152
1681547400000,30419.9,30464.4,30391.3,30391.3,15.27306561
1681548300000,30390.6,30392.5,30370.1,30390.1,9.52416834
1681549200000,30390.1,30414.9,30390,30413.1,10.07814615
1681550100000,30413.2,30436.3,30406.7,30406.7,11.73354371
1681551000000,30407.5,30457.9,30407.4,30428.7,27.61147855
1681551900000,30428.8,30461.4,30420,30458.3,47.61088797
1681552800000,30458.4,30469,30435.5,30438,28.95731384
1681553700000,30438,30447.5,30430,30431.4,9.87723489
1681554600000,30431.4,30431.5,30400,30400.2,26.32057417
1681555500000,30400.1,30428.5,30400.1,30422.8,12.7963136
1681556400000,30422.7,30429.4,30407.5,30419,18.32729744
1681557300000,30419.1,30441,30389.8,30406.2,21.64579133
1681558200000,30406.2,30415.1,30390,30412.3,14.26400164
1681559100000,30412.3,30412.3,30360.8,30384.4,35.4228495
1681560000000,30384.4,30400,30361.6,30399.2,30.31051992
1681560900000,30399.2,30407.7,30394.6,30394.7,13.77094308
1681561800000,30394.7,30450,30393.8,30417.6,35.00157476
1681562700000,30417.7,30446.1,30416.2,30425.6,16.50432607
1681563600000,30424.7,30433.1,30416.4,30429.4,20.47683933
1681564500000,30429.4,30440,30409.1,30418.8,9.3727607
1681565400000,30418.9,30418.9,30323,30362.7,72.93968534
1681566300000,30362.8,30362.8,30288.9,30331.4,54.4471305
1681567200000,30331.5,30363,30300.2,30363,23.07405616
1681568100000,30363,30377.9,30338,30365.9,69.16985904
1681569000000,30366.6,30377.8,30365.7,30375.8,5.87505249
1681569900000,30375.8,30375.8,30351.5,30359.9,17.79191462
1681570800000,30359.9,30416,30347.8,30396.5,22.0230775
1681571700000,30396.5,30420,30392.9,30403.2,23.0239175
1681572600000,30403.3,30420,30400,30402.9,24.24246649
1681573500000,30402.9,30420,30325,30327.8,108.65662114
1681574400000,30327.9,30342.3,30263.8,30279.2,83.71384533
1681575300000,30279.3,30327.7,30279.2,30313.6,80.07567468
1681576200000,30313.7,30345.6,30296.5,30312.4,44.11849667
1681577100000,30312.3,30327.6,30266.8,30323,49.9353226
1681578000000,30323,30323,30269.5,30293.3,32.97475885
1681578900000,30293.3,30296.6,30225,30272.4,64.18994424
1681579800000,30272.4,30272.4,30205.4,30253.1,45.50743023
1681580700000,30253.2,30264.2,30214.3,30246.7,18.14676392
1681581600000,30246.7,30270,30246.6,30269.4,7.52239847
1681582500000,30269.4,30292.8,30262,30283.5,11.10549925
1681583400000,30283.5,30305.5,30281.2,30295.7,7.56708143
1681584300000,30295.8,30302.1,30294.2,30302.1,3.86529263
1681585200000,30302.1,30313,30290,30290,4.80767608
1681586100000,30289.9,30312.8,30280,30286.4,20.06568849
1681587000000,30286.4,30312.8,30259,30259.1,70.76408133
1681587900000,30259,30333.7,30229.8,30333.7,22.98838733
1681588800000,30333.6,30344.6,30314.6,30325,11.36976136
1681589700000,30325,30329.9,30306.3,30326.1,11.19511044
1681590600000,30326.1,30326.1,30305.1,30320.2,10.49751241
1681591500000,30320.2,30320.3,30265.2,30279.2,29.80429851
1681592400000,30279.2,30290.6,30242.6,30248.9,17.67977473
1681593300000,30249,30289.8,30248.9,30286.2,11.20544243
1681594200000,30286.2,30304,30279.6,30304,8.23249837
1681595100000,30303.9,30304,30250,30267.9,14.51112838
1681596000000,30268,30325,30239.1,30318,22.43714925
1681596900000,30322,30345.3,30309,30341,18.72799118
1681597800000,30340.9,30359.9,30333.5,30354.7,11.03940646
1681598700000,30358.2,30360,30329.8,30352.3,15.15614827
1681599600000,30352.4,30360,30338.3,30338.3,8.38317492
1681600500000,30338.3,30342.6,30316,30330.1,10.77941345
1681601400000,30330,30337.6,30287.4,30308.3,17.79132689
1681602300000,30308.4,30308.4,30282.5,30294.1,13.71641766
1681603200000,30293,30308,30282.8,30282.8,12.77215382
1681604100000,30282.8,30320.1,30280,30288.8,46.18018392
1681605000000,30288.9,30323.6,30288.8,30320.1,18.7113266
1681605900000,30320.1,30331.1,30273.5,30280.7,48.34227054
1681606800000,30280.8,30280.8,30118.8,30175.7,141.0394574
1681607700000,30175.8,30235.2,30121.2,30229.4,88.49669105
1681608600000,30229.3,30255,30222,30228.7,19.39255422
1681609500000,30228.8,30261.4,30219.5,30237.4,46.18663644
1681610400000,30235.7,30282.3,30223.9,30275,39.30587032
1681611300000,30275,30290.6,30259.6,30264.8,9.25554159
1681612200000,30264.8,30280.1,30259.7,30271,6.99305631
1681613100000,30271,30277.8,30259.9,30266,16.4168681
1681614000000,30266.1,30269.7,30240,30253.2,110.20536975
1681614900000,30253.3,30253.3,30230.6,30232.5,12.46814568
1681615800000,30232.4,30269.6,30225.6,30232.8,12.26138713
1681616700000,30232.7,30261.7,30228,30248.7,12.86106979
1681617600000,30248.8,30254.4,30245.2,30254.3,5.05861018
1681618500000,30254.4,30270.2,30252.7,30270.2,9.19492977
1681619400000,30270.3,30311.5,30267.6,30281.1,30.32602678
1681620300000,30281.2,30300,30280,30299.4,22.96414126
1681621200000,30299.9,30334.8,30294.4,30332.2,12.42691822
1681622100000,30332.3,30338,30301.8,30320.5,49.77195668
1681623000000,30320.5,30325,30298.7,30312.1,12.83112655
1681623900000,30312.2,30316.1,30281.8,30302.7,37.26596919
1681624800000,30302.8,30315,30301,30315,11.29240259
1681625700000,30315.1,30321.5,30303.8,30317.5,18.30932505
1681626600000,30317.5,30346.5,30314.5,30326.1,25.34424126
1681627500000,30326.2,30328.3,30302.3,30302.3,8.88696339
1681628400000,30302.4,30307.2,30300,30300.1,20.63909363
1681629300000,30300.1,30339.4,30295.2,30339.4,18.79024788
1681630200000,30339.4,30392.1,30334.2,30345,48.16566314
1681631100000,30345,30368.1,30344.9,30347.3,32.43883358
1681632000000,30347.3,30352.1,30330,30340.8,17.33423386
1681632900000,30340.8,30356,30330,30330.1,9.78004601
1681633800000,30330,30341.6,30323.3,30332.4,15.37146865
1681634700000,30332.6,30348.7,30332.6,30339.1,7.71849983
1681635600000,30339.1,30339.1,30310,30310.1,16.78121402
1681636500000,30310,30317.9,30282.3,30299.5,29.41277504
1681637400000,30299.5,30309.2,30256,30283.1,101.65638374
1681638300000,30283,30299.7,30255.3,30275.5,52.32377772
1681639200000,30275.5,30278.3,30255.8,30272.9,15.20273959
1681640100000,30273,30284.6,30263.1,30284.6,14.57673324
1681641000000,30284.6,30288,30266.5,30287.3,14.80803754
1681641900000,30287.2,30288,30263.1,30288,11.60240667
1681642800000,30288,30322.1,30281.4,30290.7,12.56778018
1681643700000,30290.7,30293.5,30265.4,30279.3,29.71034156
1681644600000,30279.4,30280.7,30231.9,30244.9,126.92737838
1681645500000,30245,30257.4,30214.5,30225.4,94.01625104
1681646400000,30223.9,30251.2,30209.5,30251.2,73.73591254
1681647300000,30253.1,30270.6,30237,30240.6,21.37143802
1681648200000,30240.7,30259.7,30211.7,30245.5,86.44222051
1681649100000,30245.5,30278.3,30239.4,30255.3,19.7564654
1681650000000,30255.3,30260.3,30239.7,30239.7,20.722269
1681650900000,30239.8,30247,30203.1,30238.3,66.66366382
1681651800000,30238.3,30239,30203.2,30234.9,40.03500506
1681652700000,30235,30258.2,30157.1,30249.8,101.95599653
1681653600000,30249.8,30295.9,30242.6,30250.8,23.66995262
1681654500000,30246.4,30291.7,30246.4,30274.1,15.40042645
1681655400000,30274.2,30313.5,30264.4,30292.4,109.81299946
1681656300000,30292.5,30317.7,30292.5,30305.6,39.20723231
1681657200000,30305.7,30316.1,30292.9,30306.6,29.81870634
1681658100000,30306.6,30345.7,30300,30335.1,14.13841142
1681659000000,30335.1,30361.9,30323,30342.5,25.77234832
1681659900000,30342.5,30355.9,30327.7,30330.5,36.62450182
1681660800000,30331.3,30331.5,30304.2,30304.3,17.30040549
1681661700000,30304.3,30308.8,30275,30277.8,26.99503079
1681662600000,30277.8,30295,30260,30293.4,21.05898229
1681663500000,30293.5,30342.8,30293.4,30338.3,25.02234452
1681664400000,30338.2,30378.1,30321.8,30335.1,53.02385571
1681665300000,30335.2,30337.9,30324.3,30333.5,10.45438995
1681666200000,30333.6,30333.6,30290,30302.1,17.66015228
1681667100000,30302,30311.2,30290.8,30295.8,15.30271796
1681668000000,30295.9,30309.5,30293.5,30309.5,14.6949854
1681668900000,30309.5,30354.7,30308.2,30342.6,7.38848198
1681669800000,30342.6,30348.9,30329.3,30329.3,8.96956965
1681670700000,30329.4,30496,30301.6,30486.6,109.57765852
1681671600000,30487,30550.6,30424.7,30498,202.13410135
1681672500000,30498,30524,30466.8,30513.8,117.18197906
1681673400000,30514.1,30556.8,30438.8,30464.3,100.14713104
1681674300000,30464.3,30478.4,30281,30310.5,96.05763379
1681675200000,30310.4,30331.9,30182.9,30303.9,121.76579851
1681676100000,30303.9,30357,30293.6,30354.8,21.96015662
1681677000000,30354.9,30395.5,30321.5,30385.3,40.85915066
1681677900000,30385.3,30407.6,30329.7,30340.4,29.77470358
1681678800000,30340.5,30380.2,30273.5,30295.7,22.76382633
1681679700000,30295.7,30333.7,30278.5,30308.7,31.16405141
1681680600000,30309.3,30369.5,30309.3,30365.4,28.56579594
1681681500000,30365.5,30394.6,30332.2,30391.1,23.15782338
1681682400000,30390,30409.8,30367.9,30370.8,15.58027699
1681683300000,30370.7,30374.3,30315.9,30321.6,37.58747105
1681684200000,30321.6,30338,30299.9,30333.5,60.83105465
1681685100000,30333.5,30338,30313,30329,32.5728799
1681686000000,30329.1,30350,30294.8,30313.5,14.34953653
1681686900000,30313.5,30315.7,30280,30280,14.69954686
1681687800000,30280,30285.6,30242.6,30279,22.47511808
1681688700000,30279.3,30310.9,30264.4,30308.5,16.17105976
1681689600000,30301.6,30315.8,30250,30298.1,21.21350301
1681690500000,30298.1,30300,30015.5,30051.9,413.36350664
1681691400000,30052,30116.3,29801,29905.7,766.28296558
1681692300000,29905.7,29910.7,29783.5,29833,586.34075336
1681693200000,29833,29911.9,29733.6,29911.9,239.74517503
1681694100000,29911.9,29972.7,29882.5,29943.5,117.48282334
1681695000000,29943.4,29989.2,29926,29970.2,87.91326446
1681695900000,29970.2,29987.8,29908,29944.6,43.92915151
1681696800000,29944.5,29950.4,29888,29929.7,67.2943969
1681697700000,29929.7,29983.1,29907.1,29983,20.90622777
1681698600000,29983,30096.5,29950,30059.4,135.41189455
1681699500000,30059.3,30059.4,30013,30019.1,68.57623965
1681700400000,30019,30040.7,30005.7,30007,20.83038932
1681701300000,30006.9,30027.7,29985.3,29989.1,49.70426341
1681702200000,29989.1,29997.2,29964.6,29977.2,21.52408538
1681703100000,29977.2,29997.2,29950,29979.6,29.42919878
1681704000000,29979.6,29985.4,29955.5,29964.1,65.65008555
1681704900000,29964.1,29981.4,29938.6,29941.6,79.94845568
1681705800000,29945.3,29967.1,29906.9,29967.1,32.40164301
1681706700000,29967.1,29984.2,29958.1,29980.9,11.37594909
1681707600000,29980.9,29993.3,29971.3,29988,14.0976113
1681708500000,29988,30007.7,29935.4,29961.6,17.07767843
1681709400000,29961.6,29969.1,29944,29961.9,16.10830275
1681710300000,29961.9,29996,29961.8,29996,25.52400207
1681711200000,29998.3,30005.8,29973.7,29993.6,19.96178913
1681712100000,29993.6,29993.6,29930.8,29953.3,14.95342858
1681713000000,29953.2,29953.3,29908,29908.5,14.25125232
1681713900000,29908.6,29930,29890,29900,91.03318565
1681714800000,29900,29932.1,29866,29922.8,53.66646485
1681715700000,29922.7,29939,29885.8,29907.3,44.48325278
1681716600000,29907.2,29922.7,29875.1,29881.4,60.06642174
1681717500000,29881.5,29907.5,29838.4,29843.9,69.76258232
1681718400000,29843.9,29863.6,29803.6,29834.3,84.13874266
1681719300000,29834.3,29901.1,29834.2,29874.8,49.45866813
1681720200000,29874.8,29913,29861,29912.7,16.50369868
1681721100000,29912.8,29920.1,29880,29916.9,30.0200626
1681722000000,29916.8,29924.4,29905.3,29923.9,24.30925663
1681722900000,29923.9,29924.4,29881.5,29904.4,33.6819393
1681723800000,29904.4,29923.3,29868.1,29882.7,36.81946958
1681724700000,29882.7,29895.8,29850.7,29880.3,31.46939899
1681725600000,29880.2,29888.8,29850,29888.8,36.92583005
1681726500000,29888.8,29889.2,29814,29840.2,45.66881352
1681727400000,29840.2,29885.9,29772.5,29885.9,119.80322551
1681728300000,29886.2,29899.3,29865.4,29888.7,85.46600616
1681729200000,29888.6,29892.9,29864.2,29876.1,52.93683587
1681730100000,29876,29876.1,29743.2,29768,91.6028167
1681731000000,29768,29798.5,29255.2,29555.5,1442.05463523
1681731900000,29559,29608.9,29500,29571.6,194.82757625
1681732800000,29567,29595,29519.2,29555.3,83.53164667
1681733700000,29557.8,29581.6,29468.4,29512,99.99504385
1681734600000,29511.9,29512,29449.2,29490.5,123.13487509
1681735500000,29490.5,29550,29440.8,29529.2,61.25671891
1681736400000,29529.2,29538.1,29458.9,29480,66.18651153
1681737300000,29480.1,29481,29315.7,29357.1,213.27952961
1681738200000,29356.9,29473.3,29251.3,29430.2,176.11014647
1681739100000,29430.3,29442.5,29360,29399.3,101.22241591
1681740000000,29399.3,29437.9,29355.3,29426.2,60.49492417
1681740900000,29426.3,29483.4,29426.3,29451.8,85.65516391
1681741800000,29451.7,29476.9,29352.4,29388.3,56.5135753
1681742700000,29388.2,29445.6,29354.3,29436.3,64.95015303
1681743600000,29439.2,29466.3,29399.5,29423.1,64.21138293
1681744500000,29423.1,29447.7,29384,29384.1,79.55277349
1681745400000,29384,29389.7,29233.2,29309.4,279.86470611
1681746300000,29309.4,29364.5,29272.7,29355.9,78.96829111
1681747200000,29354.8,29396.7,29335,29387.9,74.00562468
1681748100000,29388.1,29416.4,29330,29413.6,99.12588234
1681749000000,29413.6,29479.7,29405.8,29450,66.08532874
1681749900000,29450.1,29477,29421,29462,81.3394912
1681750800000,29462,29530.3,29444.9,29509.5,71.42526893
1681751700000,29509.5,29527,29463.3,29477.2,35.99088591
1681752600000,29477.3,29513,29463.1,29473.5,21.2411808
1681753500000,29473.5,29506.9,29460.2,29460.3,11.98291335
1681754400000,29460.3,29505.2,29456.2,29471.1,53.98637363
1681755300000,29471.2,29528.7,29471.2,29521.3,16.49459909
1681756200000,29521.2,29546.7,29488,29532.1,90.67365857
1681757100000,29532.2,29570.2,29504.3,29527.5,29.32032373
1681758000000,29527.5,29542.5,29500.9,29520.9,28.09040244
1681758900000,29520,29566.7,29505.9,29554,23.08073143
1681759800000,29553.9,29577.4,29474.2,29489.1,56.85325813
1681760700000,29489.1,29518.1,29453.4,29463.7,34.43596914
1681761600000,29463.8,29494,29463.8,29468.7,25.55667673
1681762500000,29468.7,29487.4,29424.4,29444.2,23.78464476
1681763400000,29444.3,29481.1,29442.1,29455.5,19.77946328
1681764300000,29455.5,29462.7,29411.6,29444.8,59.5921728
1681765200000,29444.9,29460,29413.9,29435.7,57.91722128
1681766100000,29435.6,29448.6,29383,29435.9,45.72609123
1681767000000,29435.9,29470.8,29434.8,29464.3,22.658027
1681767900000,29464.3,29465.9,29450,29455.3,23.6099189
1681768800000,29455.4,29495.5,29455.3,29477,24.88087619
1681769700000,29477.1,29512,29471,29502.1,25.40660343
1681770600000,29498.8,29535.4,29498.7,29510.9,18.67031447
1681771500000,29510.9,29525.9,29484,29501.7,11.33231439
1681772400000,29505.3,29510.2,29475.4,29475.5,19.78764725
1681773300000,29475.5,29486.8,29465.8,29466.5,11.18300988
1681774200000,29466.5,29482.3,29426.8,29436.4,43.31392215
1681775100000,29436.5,29455.5,29392.9,29427.8,23.41444969
1681776000000,29427.8,29448.6,29415.8,29444.7,28.9443577
1681776900000,29444.7,29444.7,29388,29395,50.21830502
1681777800000,29395,29428.9,29279.1,29327.6,119.6954044
1681778700000,29327.6,29368,29320.1,29361,48.622392
1681779600000,29365.3,29376.4,29140,29205.8,293.73119043
1681780500000,29205.7,29285.7,29097.6,29278.8,291.4793446
1681781400000,29278.8,29417,29278.8,29396.1,158.59954479
1681782300000,29397.6,29400.7,29367.8,29369.6,25.59799005
1681783200000,29369.6,29434.7,29369.6,29415.6,64.76402608
1681784100000,29415.6,29468.8,29403.8,29427.9,39.17232448
1681785000000,29427.9,29474.9,29420,29470.4,19.87890534
1681785900000,29470.4,29487.7,29449.1,29468.2,20.96723854
1681786800000,29468.2,29485.9,29454.6,29482.4,30.12335104
1681787700000,29482.4,29507.7,29442.8,29453.5,52.58156501
1681788600000,29453.4,29477.3,29451.3,29477.2,10.4993912
1681789500000,29477.3,29478.4,29440.8,29445.4,110.48794098
1681790400000,29445.5,29446.3,29434.3,29446,31.12478717
1681791300000,29446,29491.6,29439.6,29455.8,55.18659362
1681792200000,29455.8,29505.9,29451.7,29505,31.23487835
1681793100000,29505.1,29506.9,29476.9,29494.3,33.67468051
1681794000000,29494.4,29518.9,29494.4,29516.3,20.27154231
1681794900000,29516.3,29566,29500,29544.6,63.85517225
1681795800000,29543.1,29596.9,29540,29548,70.42757537
1681796700000,29548,29562.6,29517.6,29545.5,42.67707343
1681797600000,29545.5,29596.4,29545.5,29566.9,104.25166667
1681798500000,29566.9,29746.8,29562.9,29704,218.32848501
1681799400000,29704.1,29730.4,29663.9,29668.2,83.94710735
1681800300000,29667.8,29722.2,29648.7,29717.6,36.93571229
1681801200000,29717.6,29745.2,29672,29708.6,68.6868533
1681802100000,29708.7,29741.4,29677.8,29729.7,38.98073956
1681803000000,29729.7,29776.1,29723.6,29733.8,140.06341175
1681803900000,29733.9,29801.3,29733.8,29770.9,77.23141779
1681804800000,29770.9,29828.4,29763.1,29780.9,96.34137975
1681805700000,29781,29781,29709.5,29721.2,50.48106434
1681806600000,29721.1,29736.5,29693.4,29695.3,54.02157121
1681807500000,29695.4,29729.3,29691.2,29702.7,77.39123617
1681808400000,29702.6,29731.2,29696.5,29711.9,33.27208083
1681809300000,29711.9,29832.9,29711.9,29822.9,110.23464988
1681810200000,29822.9,29910.6,29819.8,29878.9,127.42231869
1681811100000,29878.9,29930,29858.4,29893.9,91.31206865
1681812000000,29893.8,29920.9,29864.5,29875,73.97296841
1681812900000,29875,29969.7,29874.9,29921.1,148.21181438
1681813800000,29921.1,29935.8,29877.8,29880.8,66.11590029
1681814700000,29880.8,29902.8,29876,29895.3,51.68575362
1681815600000,29895.4,29930.1,29882.9,29925.9,54.3530593
1681816500000,29924.8,30028.6,29915.9,29990.1,219.34234745
1681817400000,29990.1,30390,29983.6,30316.6,688.00567081
1681818300000,30316.7,30380,30271,30379.9,249.13609985
1681819200000,30380,30461.5,30344,30426.4,295.8599086
1681820100000,30424.1,30492.4,30380,30396.9,319.48560016
1681821000000,30396.9,30416.6,30290.9,30290.9,93.73973671
1681821900000,30291,30381.5,30285.5,30305,110.77586602
1681822800000,30305,30340.2,30285,30304.8,63.35514639
1681823700000,30304.8,30338.1,30294.6,30337.5,44.87566063
1681824600000,30337.6,30376.8,30300,30364.1,225.3026472
1681825500000,30364,30435.2,30363.8,30377.1,112.95885695
1681826400000,30376.9,30391,30237.2,30295.3,178.04400912
1681827300000,30295.3,30314,30153.9,30177.3,170.14943731
1681828200000,30179.7,30259.1,30120,30258,87.72644425
1681829100000,30258,30280.7,30238,30245.6,78.447412
1681830000000,30245.7,30283.9,30122.4,30123.5,76.20588266
1681830900000,30123.4,30188,30105.9,30187.9,72.10127851
1681831800000,30186.8,30238,30115.1,30155.8,85.70611082
1681832700000,30155.2,30193.3,30105.8,30185,57.03144112
1681833600000,30185.1,30258,30172.1,30258,68.33394534
1681834500000,30258,30261.9,30192.7,30203.4,31.22604652
1681835400000,30204.9,30250.5,30159,30233.5,25.47881736
1681836300000,30232.1,30260.3,30188,30221.9,41.59174446
1681837200000,30221.8,30257.7,30212.7,30239.8,27.41745237
1681838100000,30239.7,30247.5,30170.8,30182.2,27.29381809
1681839000000,30180.9,30230.1,30125.6,30149.7,179.01438129
1681839900000,30150.6,30178.4,30018.9,30022.7,95.32377657
1681840800000,30025.5,30053.3,29949.3,30032.3,138.6725726
1681841700000,30032.2,30247.3,30032.2,30235.6,135.07738475
1681842600000,30233.3,30274,30164.3,30175.5,58.96356455
1681843500000,30175.6,30190.3,30067.7,30146.5,76.29529986
1681844400000,30146.6,30198.4,30095.1,30169.5,46.57108663
1681845300000,30169.6,30229.2,30130.1,30162.9,45.64973762
1681846200000,30161.1,30213.3,30138,30201.9,57.58986254
1681847100000,30202,30244.7,30158,30225.3,56.28091583
1681848000000,30225.4,30284.5,30156.6,30250.8,55.92841606
1681848900000,30249.7,30270,30227.6,30262.7,36.69832218
1681849800000,30262.7,30340.7,30224.3,30335.4,60.31710998
1681850700000,30335.5,30460.7,30304.6,30425,144.61070414
1681851600000,30424.9,30445.9,30342.7,30346.9,57.56248961
1681852500000,30347,30374.6,30315.1,30346.1,65.83135334
1681853400000,30346.2,30349.4,30280.8,30321.7,51.85696495
1681854300000,30321.7,30389.2,30299.1,30374.9,31.25359543
1681855200000,30374.9,30411.3,30334,30334,36.22735241
1681856100000,30334.1,30360.6,30315,30335.9,26.84223394
1681857000000,30335.9,30351.8,30293.3,30310.8,14.81410889
1681857900000,30310.8,30369.1,30310,30368.9,8.45468916
1681858800000,30369,30369.1,30318,30344.2,36.84269465
1681859700000,30344.2,30365,30300.1,30330.2,150.65612114
1681860600000,30330.2,30398.1,30313,30381.9,58.98542783
1681861500000,30381.9,30410,30350.9,30380.2,36.52670892
1681862400000,30380.8,30383.3,30338.5,30367.8,29.69542346
1681863300000,30367.8,30414.2,30308,30314.9,45.05842137
1681864200000,30314.6,30333.6,30283.3,30311.2,29.23798062
1681865100000,30311.1,30358,30293.5,30318.6,28.09941214
1681866000000,30318.6,30346.4,30237.8,30279.3,69.79514126
1681866900000,30279.2,30313.4,30268.1,30313.4,24.58671779
1681867800000,30313.4,30331.5,30255.7,30302.2,23.41516919
1681868700000,30302.8,30306.2,30228.5,30239.5,28.63797978
1681869600000,30239.4,30255.4,30127.2,30195.2,92.09590476
1681870500000,30197.2,30259.7,30132.7,30247.2,48.07620592
1681871400000,30247.2,30260.1,30196.4,30211.6,46.90263403
1681872300000,30211.5,30223.3,30171.7,30201.8,128.04249801
1681873200000,30201.5,30227.6,30189.2,30213.8,72.04207825
1681874100000,30213.8,30278.6,30211.2,30271.6,53.42394396
1681875000000,30271.5,30271.5,30212.2,30214.6,44.52144121
1681875900000,30214.1,30230.4,30180,30214.6,67.67697292
1681876800000,30214.6,30221.1,30176.2,30182.7,50.61758456
1681877700000,30182.7,30230.4,30152.2,30228.5,54.78502164
1681878600000,30228.5,30243.9,30212.2,30226.2,51.35838229
1681879500000,30226.1,30226.1,30177,30204.5,21.52555895
1681880400000,30204.5,30238,30174.5,30229.5,26.86284289
1681881300000,30229.5,30253.4,30214.2,30226.7,47.47501175
1681882200000,30226.7,30298.7,30213.9,30279.6,47.6172059
1681883100000,30279.7,30339.9,30258.3,30272.4,95.24013467
1681884000000,30272.3,30279.7,30220.9,30220.9,54.65909306
1681884900000,30220.8,30221.2,30055.6,30116.7,187.0282527
1681885800000,30114.5,30135.9,30084.1,30116.1,63.128569
1681886700000,30116.1,30118.6,30010,30010,118.85439341
1681887600000,30010,30080,29987,30032.5,76.04022504
1681888500000,30029.8,30119.9,30029.8,30119.9,63.15098687
1681889400000,30118.3,30126.5,30082,30102.4,74.46125697
1681890300000,30102.3,30109.9,30055.1,30077.6,50.91132396
1681891200000,30077.6,30082.6,29268,29463.8,2163.88277417
1681892100000,29462.8,29552.4,28936,29282.3,2555.73245346
1681893000000,29282.3,29383.7,29182.8,29278.3,1039.65318362
1681893900000,29278.3,29370,29157,29167.2,1035.84743843
1681894800000,29167.2,29229.4,29028.6,29212.4,365.7531189
1681895700000,29219.4,29225,29133.8,29216.2,186.1769472
1681896600000,29214.9,29351.9,29182.7,29270.2,159.64425294
1681897500000,29270.1,29270.1,29186.5,29199.9,60.51425549
1681898400000,29199.9,29221.4,29124.3,29165.9,148.90175009
1681899300000,29165.8,29212.8,29125.1,29194.8,119.41644623
1681900200000,29195.3,29195.6,29087.9,29154.4,187.57366471
1681901100000,29159.1,29273.1,29126.5,29253.6,135.68471524
1681902000000,29253.7,29283.1,29234.4,29269.2,93.2900503
1681902900000,29269.2,29299.5,29246.2,29265.8,94.22840947
1681903800000,29265.8,29334.4,29265.8,29285.3,95.57419332
1681904700000,29283.8,29311.6,29265.8,29311.5,83.24768957
1681905600000,29311.6,29311.6,29221.1,29221.1,97.58193058
1681906500000,29221.2,29265.9,29204.8,29246.7,59.32214829
1681907400000,29246.8,29262.7,29178.4,29233.5,73.20649293
1681908300000,29233.5,29243.9,29195.1,29220.4,69.81469281
1681909200000,29220.5,29238.5,29178.4,29210.1,44.39913322
1681910100000,29210.1,29271.1,29210,29261.3,98.37218189
1681911000000,29261.4,29311.6,29240.6,29278.9,111.01990458
1681911900000,29279,29337.2,29272,29333,149.47993707
1681912800000,29333,29461.8,29330.6,29442.5,229.5138386
1681913700000,29442.4,29452.4,29360,29396.3,160.11408413
1681914600000,29398.4,29501.5,29394.6,29464.6,217.42144351
1681915500000,29464.7,29480.6,29380,29390.1,91.90573263
1681916400000,29390.1,29424.9,29330.7,29382.6,40.68275251
1681917300000,29382.6,29407.7,29364.5,29378.3,43.22309844
1681918200000,29378.4,29391.4,29083.8,29236.1,525.14215344
1681919100000,29234.1,29288.9,29159.4,29258.3,196.88724563
1681920000000,29264.3,29300,29235.8,29299.1,106.48854495
1681920900000,29299,29363.9,29288.4,29314.9,102.34189313
1681921800000,29315,29362.6,29309.2,29325.8,46.05532381
1681922700000,29325.8,29339.9,29308.9,29313.9,21.39592066
1681923600000,29314,29326.1,29263.5,29269,69.02283201
1681924500000,29270.6,29293.7,29174,29257.6,144.33293491
1681925400000,29257.6,29265.1,29076.1,29212,212.03867362
1681926300000,29212.1,29319,29200.3,29318.9,65.25774222
1681927200000,29319,29355,29300.8,29317.2,57.99447544
1681928100000,29317.1,29338,29252.7,29298.8,44.31028793
1681929000000,29298.8,29298.8,29214.6,29237.7,36.44530108
1681929900000,29237.7,29284.1,29218.7,29277.8,52.15117391
1681930800000,29277.8,29325.9,29238,29325.9,34.93070793
1681931700000,29325.9,29346.9,29292.1,29296.3,36.71946663
1681932600000,29296.4,29333.2,29246.8,29257.2,33.68074933
1681933500000,29257.2,29257.4,29204.4,29228.8,61.64067769
1681934400000,29226.5,29316,29187.5,29259.3,61.76465002
1681935300000,29259.4,29277.9,29188.8,29214.2,68.81584334
1681936200000,29214.3,29220,29152.9,29210.3,39.5632833
1681937100000,29210.3,29241.9,29197.4,29230.8,34.44218784
1681938000000,29230.8,29242.3,29163,29204.8,27.94430688
1681938900000,29204.9,29217.5,28900,29058.4,516.24610602
1681939800000,29056.6,29083.3,28804.5,28938.6,367.48290826
1681940700000,28937.1,29166.5,28934.1,29166.5,124.61748634
1681941600000,29166.6,29233.3,29101.3,29177.4,54.83277218
1681942500000,29177.5,29205.4,29061.8,29080.2,76.57833122
1681943400000,29080.2,29172,29072.2,29147.5,52.79489909
1681944300000,29147.6,29147.6,29034.7,29075.6,77.39892126
1681945200000,29075.6,29086.5,28908.5,28943.3,168.021663
1681946100000,28943.3,28981.8,28555,28722.2,1764.3330148
1681947000000,28722.3,28787.2,28637.2,28774.3,735.21886233
1681947900000,28774.3,28878.2,28738.9,28804.3,612.16104218
1681948800000,28803.6,28822.4,28728.5,28728.5,185.60495282
1681949700000,28728.5,28920,28718.9,28896.8,358.21299919
1681950600000,28896.8,28966.1,28863,28923.7,226.08615173
1681951500000,28923.7,28961.7,28900,28921.3,55.86010487
1681952400000,28921.3,28956.2,28840.7,28874.2,89.62220503
1681953300000,28874.2,28906.4,28851.7,28863.5,67.86128231
1681954200000,28863.6,29002.4,28863.5,28963.4,122.87581925
1681955100000,28963.3,28963.4,28917.1,28938.3,52.14054636
1681956000000,28938.2,28961.6,28880,28895.9,37.36767799
1681956900000,28895.9,28907.1,28830.5,28886,49.65345731
1681957800000,28886.1,28886.1,28812.9,28830.3,33.14310153
1681958700000,28830.3,28830.3,28723.9,28744.3,122.69333586
1681959600000,28747.1,28815.2,28551.1,28798.2,364.25945411
1681960500000,28796.8,28862.2,28773,28832.8,97.35643709
1681961400000,28832.8,28860.7,28803.1,28831.3,155.78988334
1681962300000,28829.8,28881.3,28824.4,28859.1,84.20015155
1681963200000,28859.7,28939.4,28855.5,28891.5,112.18193264
1681964100000,28891.5,28940,28870,28931.8,45.97390425
1681965000000,28931.9,28953.4,28893.7,28898.5,48.68299578
1681965900000,28898.4,28927.3,28835.9,28865.7,109.29419123
1681966800000,28865.6,28940.9,28865.6,28898.1,35.65018169
1681967700000,28900.9,28913,28844.7,28869.2,67.65702136
1681968600000,28869.2,28887.8,28818.1,28847.5,47.02803741
1681969500000,28847.6,28900,28820.6,28887.8,30.83877197
1681970400000,28890,28991,28890,28970,86.10064635
1681971300000,28970,29088.8,28970,28976.7,193.22211037
1681972200000,28976.7,28996.8,28939.6,28943.7,91.95182887
1681973100000,28939.6,28986.2,28918.7,28926.3,104.63107054
1681974000000,28922.1,28947.4,28892.9,28894.9,50.52619519
1681974900000,28895,28928.2,28895,28913.9,32.51297232
1681975800000,28913.9,28915.8,28860.1,28886.3,74.71307935
1681976700000,28886.4,28907.6,28850.4,28868.3,43.45605201
1681977600000,28868.4,28920,28834.5,28919.9,40.76296784
1681978500000,28920,28951.8,28900,28919.5,24.89557293
1681979400000,28923.2,28950.7,28741,28809.5,190.22073665
1681980300000,28809.6,28867.2,28798.1,28829.2,91.99124506
1681981200000,28829.2,28881,28820.1,28841.3,58.86833924
1681982100000,28840.1,28868.1,28832.8,28857.3,24.15978941
1681983000000,28857.4,28907.6,28857.4,28880.6,56.64731695
1681983900000,28880.6,28888,28857.4,28862.7,38.68993945
1681984800000,28862.6,28904.9,28828.8,28834.7,43.06948366
1681985700000,28834.6,28851.9,28787.6,28815.3,55.12237278
1681986600000,28815.2,28842.6,28782.5,28828.3,70.97036433
1681987500000,28828.3,28864.4,28820,28855.4,29.50953648
1681988400000,28851.7,28858,28750,28779,128.63597056
1681989300000,28778.9,28785.3,28673.5,28754.9,135.00124216
1681990200000,28754.9,28762.9,28652.4,28691.4,156.06808615
1681991100000,28691.4,28700,28588,28610.2,224.8623264
1681992000000,28611.6,28699.1,28565.7,28636.8,209.52003755
1681992900000,28636.8,28783.9,28316.4,28724.1,1043.46406054
1681993800000,28724.3,28909,28724.3,28818.4,367.76066176
1681994700000,28818.4,28955.1,28812.4,28892.7,155.12254244
1681995600000,28892.7,28896.9,28822.6,28856.4,60.88997746
1681996500000,28856.5,28856.5,28757.6,28773.7,148.04835178
1681997400000,28773.9,28883.6,28716.9,28759.4,129.03342708
1681998300000,28759.5,28876.4,28714.4,28817.7,199.29206688
1681999200000,28817.7,28872,28771.1,28852.9,94.78154711
1682000100000,28852.9,28852.9,28771.4,28771.4,51.36733631
1682001000000,28773.2,28812.9,28717,28763.1,50.96439862
1682001900000,28763.2,28786.8,28679.2,28722.7,75.94134863
1682002800000,28722.6,28729.9,28663,28699.9,81.22874288
1682003700000,28700,28735.3,28651.1,28700.2,185.74186878
1682004600000,28700.3,28700.3,28510.8,28560.8,276.17002511
1682005500000,28562.9,28644.1,28442.1,28510.1,193.04621315
1682006400000,28510.1,28570,28253.8,28547,932.65776315
1682007300000,28546.9,28659.2,28523,28575.7,331.05605765
1682008200000,28573.4,28621.1,28558,28612.4,78.16790261
1682009100000,28613,28633,28440,28440,103.20872161
1682010000000,28440.1,28507.1,28352.3,28506.1,173.51742784
1682010900000,28507.1,28615.1,28454.1,28569.8,85.45735266
1682011800000,28569.8,28591.5,28476.9,28514.7,42.51781761
1682012700000,28514.7,28564.2,28451,28451,51.0769931
1682013600000,28451,28526.9,28408.1,28513.3,124.65437233
1682014500000,28513.3,28515.8,28335.1,28338.2,106.13486787
1682015400000,28338.3,28373.7,28281.6,28311.5,131.82464912
1682016300000,28311.4,28390.2,28279.3,28362,93.00822468
1682017200000,28362.1,28363.6,28216,28254.6,177.85931264
1682018100000,28254.6,28278.5,28009.4,28085.8,772.45282957
1682019000000,28085.7,28213.8,27999.5,28184.5,276.67139164
1682019900000,28186.3,28218.6,28091.1,28104.9,100.62856547
1682020800000,28102.7,28205.9,28051.2,28107.2,108.62806355
1682021700000,28107.2,28232.5,28009.4,28214.9,165.51422171
1682022600000,28214.8,28322.2,28214.8,28241,107.34055612
1682023500000,28240.9,28267.3,28173,28206.3,39.03666962
1682024400000,28206.3,28262,28174.6,28240.8,60.85238413
1682025300000,28240.9,28291.4,28195.4,28203,44.23687247
1682026200000,28203,28221.2,28163.2,28221.2,58.34450508
1682027100000,28221.3,28231.6,28174.2,28231.6,44.58087206
1682028000000,28231.6,28357.9,28178,28318,212.7916225
1682028900000,28318.2,28365.6,28265.9,28288.7,63.51835262
1682029800000,28288.6,28288.7,28213.1,28218.2,27.24181551
1682030700000,28218.2,28270,28209.3,28252.9,121.80586618
1682031600000,28253,28321.1,28252.9,28301.6,27.4794724
1682032500000,28301.5,28304.6,28186,28225,55.08465519
1682033400000,28226.7,28260,28200,28229.1,24.25047494
1682034300000,28229.1,28272.7,28225.5,28245.5,106.13818413
1682035200000,28246,28312.5,28224,28290.2,112.51768801
1682036100000,28290.2,28324.5,28118.4,28150,140.87799935
1682037000000,28150,28294.4,28089.8,28276.4,157.05328432
1682037900000,28278.2,28372,28266.4,28291.4,90.85028333
1682038800000,28295.3,28320.4,28199.9,28243,60.0843018
1682039700000,28243,28272.4,28217.7,28248.4,60.36118208
1682040600000,28248.5,28276.2,28209.6,28221.6,62.53733958
1682041500000,28221.7,28240.7,28189.5,28202.3,37.42000534
1682042400000,28200.1,28237.9,28177.4,28235.3,61.92879858
1682043300000,28235.3,28240.2,28169.7,28169.7,62.44553351
1682044200000,28169.7,28219.4,28138.4,28216.9,44.49195062
1682045100000,28217,28247.5,28208.1,28247.5,88.23482546
1682046000000,28247.6,28273.9,28240.6,28273.6,28.55785978
1682046900000,28273.6,28306.1,28263.7,28300,23.85807811
1682047800000,28300.1,28313.3,28269.4,28293.7,18.93103216
1682048700000,28293.2,28334.2,28290.4,28317.6,32.57148011
1682049600000,28317.6,28344.9,28313.7,28324.2,13.96446407
1682050500000,28324.2,28342.2,28302,28302,14.56072509
1682051400000,28302.1,28315.7,28258,28262.1,60.0731508
1682052300000,28262.2,28281.9,28228.5,28238,9.93803679
1682053200000,28238,28256.6,28214.9,28237.9,33.78823512
1682054100000,28237.8,28244.6,28206.4,28220.1,50.34901196
1682055000000,28220,28254.5,28218,28233.5,24.17170483
1682055900000,28233.5,28257.6,28158.2,28158.2,133.87080093
1682056800000,28158.3,28185.8,28112.9,28159.6,56.89767943
1682057700000,28159.6,28213.2,28159.6,28165,41.24079164
1682058600000,28163,28170.6,27868.1,28023.2,762.85384186
1682059500000,28023.2,28048.5,27812.9,27916.1,687.2814789
1682060400000,27916.1,28036,27882.1,27997.5,186.1974389
1682061300000,27997.5,28010,27850,27860.1,240.03782605
1682062200000,27860.2,27962.8,27830,27945.9,375.95175351
1682063100000,27945.9,28175,27945.8,28156.6,280.08001605
1682064000000,28156.6,28234.5,28086.5,28086.5,191.33856942
1682064900000,28085.9,28157.9,28085.9,28125.1,120.18796995
1682065800000,28125.2,28133.3,28018.6,28053.3,122.25324218
1682066700000,28053.3,28092.9,28036,28074.2,93.36456308
1682067600000,28071.6,28114.1,28020.2,28028.1,61.94363601
1682068500000,28028.5,28100.5,27998.9,28000.1,99.46502477
1682069400000,28002.2,28079.9,27969.2,28079.8,49.47789711
1682070300000,28079.9,28094.5,28053,28058.5,36.88934809
1682071200000,28058.4,28080.4,28024.7,28080.4,62.64355762
1682072100000,28080.4,28156,28077.7,28110.1,86.65020029
1682073000000,28110.1,28125.8,28001,28054.5,75.12279608
1682073900000,28054.5,28058.5,27936.9,28001.1,98.10781224
1682074800000,28001.1,28011.9,27935.5,27962.4,42.69560548
1682075700000,27962.3,28030.1,27917.7,28008.8,84.47618564
1682076600000,28008.4,28046.6,27994.9,28010.6,56.12686935
1682077500000,28012.9,28095.9,27973.5,28065.9,104.84051076
1682078400000,28066,28112.4,27968.4,28100.8,98.72857899
1682079300000,28100.8,28206.7,28082.4,28175.5,103.29982653
1682080200000,28176.1,28238.5,28157.4,28178.2,67.6311963
1682081100000,28176.4,28224.6,28157.6,28221,54.8623888
1682082000000,28221,28233.3,28186.9,28203.3,64.29364005
1682082900000,28200,28217.4,28168,28168,33.29689928
1682083800000,28168,28304.4,28160.4,28267.6,208.51292923
1682084700000,28267.6,28290.9,28094.5,28111.5,251.50794597
1682085600000,28113.5,28131.3,28057.9,28082,157.93894568
1682086500000,28081.9,28222.7,28038.3,28182.3,83.60550884
1682087400000,28184.1,28193.2,28070.4,28070.4,114.56967565
1682088300000,28070.5,28117.4,28039,28056.8,110.13386115
1682089200000,28060.2,28107.7,28050.7,28058.5,101.641767
1682090100000,28058.5,28097.9,28021,28079.2,65.69675417
1682091000000,28079.3,28136.6,28065.4,28117.8,73.45083282
1682091900000,28117.7,28138,27982.4,28041.3,233.16394614
1682092800000,28041.3,28053.8,27971.6,28053.8,133.21179908
1682093700000,28053.8,28092,27951.4,27977.1,75.87354982
1682094600000,27973,28048,27951.2,28048,61.49198304
1682095500000,28047.9,28083.2,28011.3,28042.4,31.48016535
1682096400000,28042.4,28061,28013,28043.2,41.28063161
1682097300000,28043.3,28043.3,27777,27888,495.5395958
1682098200000,27888,27938,27827.7,27922.2,150.20537574
1682099100000,27922.1,27978.2,27876.6,27901,120.58717127
1682100000000,27901,27941.5,27886.1,27934.1,40.24622382
1682100900000,27932.4,27993.1,27920.7,27934,77.54951461
1682101800000,27934,27937.3,27829.7,27839.7,68.03200224
1682102700000,27839.7,27852.1,27709,27783.4,245.90918831
1682103600000,27777.1,27800,27250,27380.1,2197.6012305
1682104500000,27380.1,27469.8,27335.6,27379.1,323.24996871
1682105400000,27379.1,27379.1,27188.3,27345.4,439.83873956
1682106300000,27345.3,27352.6,27229.9,27274.2,240.09232233
1682107200000,27274.1,27344.2,27168.2,27315,311.41039001
1682108100000,27315,27395.1,27309.6,27364.1,125.03375626
1682109000000,27363.1,27407,27268.2,27293.6,78.95186076
1682109900000,27293.1,27340.9,27244.4,27270.5,85.9646531
1682110800000,27270.5,27350,27234,27346.2,55.35707518
1682111700000,27346.2,27359,27290.6,27354,25.9316795
1682112600000,27354.1,27377.6,27280,27280,202.98774247
1682113500000,27290.5,27330.2,27251.9,27280.2,302.73240742
1682114400000,27280.2,27346.1,27254.8,27313.5,69.03725712
1682115300000,27313.5,27322,27247,27258.7,63.21816785
1682116200000,27258.8,27271.7,27122.9,27232.3,231.14588784
1682117100000,27232.4,27272.3,27216.1,27261.6,55.00659807
1682118000000,27261.5,27341.1,27243.9,27315,117.74276198
1682118900000,27314.9,27335.3,27292.4,27295.9,50.41315754
1682119800000,27297.5,27339.2,27283.7,27301.9,72.33477222
1682120700000,27301.9,27301.9,27238.1,27260.4,77.39351506
1682121600000,27260.7,27315.4,27257,27315.4,50.23866588
1682122500000,27316.6,27332.3,27280,27280.1,81.84362765
1682123400000,27280.2,27284.9,27226.9,27227,42.7621616
1682124300000,27227,27250,27211,27220.1,40.58412219
1682125200000,27220.1,27262,27171.6,27171.7,68.49922897
1682126100000,27171.7,27242.1,27142.8,27226.4,57.10228022
1682127000000,27226.4,27276.3,27210.5,27276.3,56.57639663
1682127900000,27276.3,27304,27265.2,27290.2,52.44224872
1682128800000,27290.3,27320,27264.1,27293.6,153.41994364
1682129700000,27293.6,27293.6,27243.2,27255.5,16.48681921
1682130600000,27255.5,27291,27238,27238.1,56.34016362
1682131500000,27238,27269.1,27235,27242.8,15.07159797
1682132400000,27242.8,27260.3,27235.1,27247.9,31.78412686
1682133300000,27248,27288.5,27236.4,27288.5,35.05532008
1682134200000,27288.4,27313.2,27274.4,27297.7,45.39026487
1682135100000,27297.7,27363.6,27297.4,27316.7,53.11745802
1682136000000,27316.8,27330,27305,27318.4,121.01159101
1682136900000,27319.6,27332.2,27301.2,27332.1,13.89861021
1682137800000,27332.1,27360,27308.2,27323.9,63.69299156
1682138700000,27323.9,27370.1,27323.8,27343.1,65.45672809
1682139600000,27343.2,27351.7,27305.7,27305.8,31.949183
1682140500000,27305.7,27338.5,27305.7,27336.8,16.10579217
1682141400000,27336.8,27365.4,27336.8,27361.7,19.80759712
1682142300000,27361.7,27393.9,27349.7,27393.8,37.95455968
1682143200000,27394.5,27394.5,27335,27339.1,39.1267001
1682144100000,27339.2,27341,27306.1,27313.5,31.39726917
1682145000000,27313.5,27333.4,27305,27326.4,19.19254798
1682145900000,27326.5,27344.9,27322.8,27344.9,13.27202111
1682146800000,27344.8,27349.7,27330,27330,17.34574212
1682147700000,27330.1,27346.2,27317.9,27331.5,19.95653464
1682148600000,27332.1,27345.4,27300,27303.4,19.64899521
1682149500000,27303.5,27308.3,27225.2,27276.6,98.18411613
1682150400000,27277.8,27282.8,27258,27263.3,35.6471742
1682151300000,27263.2,27307.6,27240,27240,57.41736248
1682152200000,27240,27272.6,27229.2,27266.3,58.80007195
1682153100000,27266.3,27272.7,27188,27212.8,43.56548478
1682154000000,27212.9,27246.1,27190,27242.3,286.94386911
1682154900000,27242.2,27268.1,27229.1,27230.5,24.44786224
1682155800000,27230.5,27270,27216.1,27261.7,20.85466459
1682156700000,27261.7,27274.1,27238,27238.1,19.9548236
1682157600000,27238.1,27249.9,27213.9,27247.8,20.1643972
1682158500000,27247.8,27251.7,27197.8,27222.1,21.72998245
1682159400000,27222.1,27231.9,27199.4,27208.3,32.79111127
1682160300000,27208.3,27260.9,27184.3,27250.7,37.35677412
1682161200000,27250.7,27275.1,27243,27264.9,21.44870653
1682162100000,27265,27270,27243.2,27254.3,19.0630604
1682163000000,27254.3,27292.1,27246,27284.4,42.83771246
1682163900000,27284.5,27322,27280.5,27287.2,26.49348892
1682164800000,27287.3,27312,27282.3,27292.1,33.35707203
1682165700000,27292.2,27322.3,27292.1,27306.8,19.74845852
1682166600000,27306.9,27335.7,27306.4,27335.6,21.68285159
1682167500000,27335.7,27355.8,27319.5,27338.2,84.54335842
1682168400000,27338.3,27355.6,27322.3,27351.7,17.50166646
1682169300000,27353.9,27356.9,27280.4,27284.8,33.6005922
1682170200000,27284.8,27303.8,27229.9,27264.5,29.7628887
1682171100000,27264.5,27288.2,27238.6,27255.4,43.81576198
1682172000000,27255.6,27262.8,27244.7,27262.8,27.61436593
1682172900000,27262.8,27330.2,27259.2,27305.3,22.04902663
1682173800000,27301.7,27324.1,27291.4,27310,19.66015585
1682174700000,27310.1,27493.6,27310.1,27475.1,214.26764304
1682175600000,27478,27560,27388.1,27435.4,199.1886569
1682176500000,27436.8,27479,27389.7,27464.7,93.48903734
1682177400000,27464.7,27510,27445.6,27458.3,47.92731623
1682178300000,27458.3,27500,27437.4,27486,29.34500272
1682179200000,27488.2,27683.5,27479.8,27654.2,369.03877548
1682180100000,27653.8,27676.9,27579.8,27606.8,96.50282528
1682181000000,27606.8,27665.5,27572.1,27640.9,69.71411823
1682181900000,27640.9,27689.1,27569.6,27582.4,71.62821933
1682182800000,27579.2,27655.3,27568.2,27641.2,38.03106014
1682183700000,27641.3,27738,27641.3,27704.9,97.88712831
1682184600000,27702.1,27780.3,27674.2,27700.3,139.61474264
1682185500000,27700.4,27707,27662.2,27665.9,99.62054014
1682186400000,27665.9,27675.3,27620,27640.3,28.39366751
1682187300000,27640.4,27640.7,27580.5,27589.2,30.59046875
1682188200000,27589.3,27596.9,27520.9,27572.5,47.55909486
1682189100000,27573,27630.7,27573,27596,34.82270277
1682190000000,27596,27651.8,27580.4,27630.6,39.85940014
1682190900000,27630.7,27646.9,27601.2,27617.8,19.06209431
1682191800000,27617.9,27643.1,27594.3,27639.7,22.70461012
1682192700000,27639.8,27651.4,27616.6,27616.7,16.69787834
1682193600000,27616.7,27661.8,27616.7,27657.3,17.37828973
1682194500000,27657.4,27696.9,27652,27655.1,48.6607863
1682195400000,27655,27690.7,27644.4,27676.1,13.61471847
1682196300000,27676.1,27688.7,27625.9,27626.2,26.66641011
1682197200000,27626.3,27632.6,27565.1,27598.8,35.01764325
1682198100000,27603.7,27628.1,27575.3,27610.4,9.24001613
1682199000000,27610.4,27656.5,27600,27642.5,20.96215652
1682199900000,27642.5,27668,27615.8,27668,22.61067629
1682200800000,27668.1,27799,27649.5,27792.8,184.00032964
1682201700000,27794.4,27795.2,27729.4,27740.4,139.05200748
1682202600000,27740.5,27883.9,27733.9,27837.8,234.29462955
1682203500000,27837.8,27857,27807,27848.3,46.96059983
1682204400000,27848.2,27877.1,27810.6,27823.6,60.13815526
1682205300000,27823.6,27826.6,27800.2,27801.8,61.05154709
1682206200000,27801.9,27868.8,27800.1,27835.1,65.87681958
1682207100000,27835.1,27835.1,27800.1,27811.4,45.10629054
1682208000000,27811.4,27814.2,27739.9,27740.1,107.03357008
1682208900000,27740.2,27761.9,27722.2,27722.2,41.9563805
1682209800000,27722.3,27726.1,27426.4,27504.9,352.40915874
1682210700000,27504.9,27549.8,27495.2,27541.6,59.17962604
1682211600000,27541.7,27635.1,27530.5,27631.1,43.00594325
1682212500000,27631.1,27654.6,27589.4,27654.6,44.87067933
1682213400000,27654.6,27656.2,27479.8,27479.8,77.82082365
1682214300000,27479.8,27556.4,27475.2,27552.6,28.1879059
1682215200000,27552.6,27556.2,27492.5,27492.5,29.85206425
1682216100000,27492.6,27556.6,27490.1,27553.4,20.8318704
1682217000000,27553.4,27604,27550,27598.5,41.1885799
1682217900000,27596.5,27600,27583.3,27590.4,28.37575149
1682218800000,27590.4,27596.7,27560,27560,11.95588817
1682219700000,27560,27643.5,27536,27625.9,46.79140588
1682220600000,27630.6,27639.2,27575,27575,26.65340841
1682221500000,27575.1,27575.1,27545,27563.8,43.74317046
1682222400000,27563.9,27573.8,27549.8,27567.2,15.48015536
1682223300000,27567.3,27607.4,27567.3,27587.4,18.89984385
1682224200000,27587.4,27608.2,27581.5,27597.9,19.93391262
1682225100000,27597.9,27631.5,27597,27608.1,13.37820561
1682226000000,27608.2,27616.1,27565.6,27595.3,27.16016596
1682226900000,27595.3,27599.9,27552.7,27590.3,23.03170049
1682227800000,27590.3,27624.2,27536.2,27565.8,37.51147545
1682228700000,27564.2,27590.8,27551.3,27589.7,50.3491018
1682229600000,27589.7,27609.6,27581.1,27593.3,23.36963696
1682230500000,27593.3,27626.1,27593.3,27598.6,12.36000898
1682231400000,27598.5,27628.3,27592,27592,34.29242066
1682232300000,27592.1,27610,27568.4,27590.7,49.33028055
1682233200000,27588.2,27596.9,27554.3,27569.4,27.36277652
1682234100000,27569.4,27600,27551.4,27599,18.91631609
1682235000000,27599,27698.7,27599,27683.6,82.09778627
1682235900000,27683.7,27752.6,27681.5,27720.8,154.15087667
1682236800000,27720.9,27769.2,27688.3,27723.4,89.59448796
1682237700000,27723.4,27723.4,27671,27681.7,18.89704344
1682238600000,27678.2,27749.9,27678.2,27707.7,27.05073998
1682239500000,27707.7,27739.3,27700,27710,31.38483753
1682240400000,27710,27727,27682.6,27700,22.02028407
1682241300000,27699.9,27699.9,27640.2,27667.3,25.69920379
1682242200000,27666.9,27666.9,27615.7,27626.5,20.81264372
1682243100000,27626.4,27651.7,27589.3,27633.1,32.95232548
1682244000000,27633.2,27649.7,27606.2,27636.6,19.70408604
1682244900000,27636.6,27636.6,27550.1,27557.3,21.59619117
1682245800000,27557.3,27562.6,27484.5,27542.1,93.40818327
1682246700000,27542.1,27549.3,27490,27532.9,27.32194229
1682247600000,27532.8,27559.7,27514,27559.6,15.17126637
1682248500000,27559.7,27560,27514.9,27553,15.35849502
1682249400000,27552.9,27596.4,27548,27581.1,34.12584758
1682250300000,27581,27648.7,27572.5,27646,45.05160825
1682251200000,27645.9,27656.2,27619.5,27619.7,17.34325456
1682252100000,27619.7,27710.9,27591.4,27664.9,63.22169653
1682253000000,27667.2,27730.8,27630,27636.5,49.69427567
1682253900000,27636.5,27667.4,27600,27609.4,58.42536946
1682254800000,27609.4,27631.5,27594.4,27604.3,26.16039405
1682255700000,27604.3,27633.8,27604.3,27611.6,16.91202548
1682256600000,27611.7,27657.4,27576.9,27647.1,56.58594151
1682257500000,27645.3,27660,27622.6,27630,12.04165641
1682258400000,27628.5,27641.7,27596.8,27626.4,34.18521599
1682259300000,27626.5,27660,27626.4,27640,14.09320305
1682260200000,27637.6,27676.1,27624.1,27642.8,17.98213159
1682261100000,27642.8,27653.8,27500,27554.2,83.07964052
1682262000000,27554.3,27578.8,27466.2,27528.3,100.99144635
1682262900000,27528.4,27534.4,27300,27400.1,330.76228939
1682263800000,27400,27445.9,27383.5,27426.2,81.26609478
1682264700000,27428.3,27488.7,27401.3,27472.3,125.12025088
1682265600000,27472.8,27480.4,27369.6,27393.8,48.98321404
1682266500000,27398.2,27556.1,27398.1,27537,74.63513692
1682267400000,27537,27677.3,27520,27627.7,135.47152461
1682268300000,27627.8,27688,27577,27584.4,27.95721593
1682269200000,27584.4,27611.8,27569.9,27607.5,16.15564808
1682270100000,27607.6,27630,27534.8,27545.1,18.21245044
1682271000000,27545.1,27557.3,27520,27538.1,11.96849653
1682271900000,27543.3,27565.2,27478,27510.8,50.82933422
1682272800000,27510.8,27530.9,27415.6,27491.8,35.00600553
1682273700000,27491.8,27491.9,27393.9,27439.9,57.45338635
1682274600000,27440,27537.1,27419.6,27526.3,28.48695691
1682275500000,27526.3,27526.3,27337.3,27451,158.44904551
1682276400000,27451.1,27497.5,27418.9,27479.2,29.35991384
1682277300000,27479.3,27498.2,27439.1,27455.9,24.5915
1682278200000,27455.9,27524,27447.7,27488.5,21.17349974
1682279100000,27488.4,27522.4,27457.8,27457.9,13.41000244
1682280000000,27464,27492.2,27404.3,27488,30.11296685
1682280900000,27488,27540,27481.4,27518,60.34945365
1682281800000,27517.5,27537.9,27491.5,27507.7,29.79766717
1682282700000,27507.7,27533.8,27493.8,27503,8.55712573
1682283600000,27504,27550,27504,27532.3,12.1897518
1682284500000,27529.2,27529.2,27491.1,27509.9,12.77454711
1682285400000,27509.9,27518,27489,27515.2,15.95269682
1682286300000,27515.3,27520.7,27501.3,27513.9,24.9059807
1682287200000,27514,27514,27444,27444,14.04658097
1682288100000,27444,27531.9,27424,27531.8,30.8884959
1682289000000,27531.8,27641.9,27531.8,27587.9,106.57652182
1682289900000,27588,27606.9,27579,27593.9,20.53713538
1682290800000,27593.9,27628.2,27590.1,27615.7,20.57788007
1682291700000,27615.7,27653.8,27601.6,27626.8,22.28857916
1682292600000,27626.8,27637.8,27563.3,27563.3,54.23633249
1682293500000,27568.6,27607.2,27543.1,27588.2,19.59487854
1682294400000,27588.2,27592.4,27563,27563,23.26244717
1682295300000,27563.1,27573,27451.1,27454,31.94291947
1682296200000,27454,27482.8,27430.1,27456.7,72.47331773
1682297100000,27456.8,27871,27441.7,27807.9,443.36617468
1682298000000,27807.3,27969,27807.3,27897.8,643.42567909
1682298900000,27897.8,27999.7,27816.7,27816.9,308.5586058
1682299800000,27816.8,27816.9,27691.1,27791.1,122.60724236
1682300700000,27794,27845.7,27752.1,27753.2,52.09127253
1682301600000,27753.2,27798.5,27730,27792,18.9747188
1682302500000,27791.1,27827.7,27720.7,27720.7,16.05063415
1682303400000,27720.8,27748.3,27682.6,27682.6,32.74290208
1682304300000,27682.6,27746.3,27675.1,27746.3,29.31355049
1682305200000,27747.5,27757.4,27735.2,27737.9,8.98190312
1682306100000,27738,27738,27679.1,27729,32.51780109
1682307000000,27729,27791,27713.6,27770.1,22.00894962
1682307900000,27770.1,27793.4,27741.7,27788.6,24.96361306
1682308800000,27788.7,27794.4,27755.4,27766.1,22.64137429
1682309700000,27766.2,27766.2,27721.1,27760.1,17.82809196
1682310600000,27760.2,27772,27702.8,27724.1,9.40886806
1682311500000,27727.3,27732.8,27694.4,27701,19.03936987
1682312400000,27701.1,27739.2,27688.9,27739.1,28.03349414
1682313300000,27739.2,27760.7,27734.8,27741.4,18.30362862
1682314200000,27741.5,27755.8,27670,27685.3,40.31473238
1682315100000,27685.4,27693.9,27640,27654.9,80.02890981
1682316000000,27654.9,27705.6,27653.6,27698.6,17.89430745
1682316900000,27698.6,27706.7,27645.6,27673.7,21.09623262
1682317800000,27677.6,27694.3,27589.6,27614.9,67.2869892
1682318700000,27614.9,27621.2,27466.6,27549.7,85.55162039
1682319600000,27549.8,27549.8,27394,27441.6,137.64608623
1682320500000,27441.5,27477,27349.1,27471.2,138.36063342
1682321400000,27471.3,27476.8,27410.8,27462.1,81.35898163
1682322300000,27462,27477,27437.3,27454.8,52.19844485
1682323200000,27454.8,27522.1,27410.8,27498.7,348.38835675
1682324100000,27501.9,27501.9,27361,27390.3,142.01856197
1682325000000,27390.4,27417.6,27212,27307.4,399.16230784
1682325900000,27308.6,27333.5,27155.4,27186.4,539.16038857
1682326800000,27186.1,27278.5,27165.3,27275.5,163.78019951
1682327700000,27275.5,27328.8,27265.4,27305.3,51.09689364
1682328600000,27300.9,27353,27286.5,27348.5,69.41489106
1682329500000,27348.6,27372.3,27287.9,27317.5,44.12543091
1682330400000,27313.6,27394.1,27306.7,27332.8,84.72173636
1682331300000,27332.9,27362.5,27328.4,27362.5,29.46892778
1682332200000,27362.4,27384,27346,27348.7,14.87083575
1682333100000,27348.7,27436.5,27348.7,27423.3,48.16042789
1682334000000,27423.4,27461.2,27419.2,27428.1,71.7185291
1682334900000,27428.1,27432,27386,27403.1,74.47146061
1682335800000,27403.1,27479.7,27403.1,27454.6,97.38055208
1682336700000,27454.7,27550,27454.6,27549.9,94.1679077
1682337600000,27550,27575.7,27476.4,27479.9,407.39130074
1682338500000,27479.9,27504,27463.1,27494.4,36.51107743
1682339400000,27494.5,27514.8,27425.9,27480.4,42.50298591
1682340300000,27480.5,27500.2,27427.1,27440.2,69.58044438
1682341200000,27442.3,27485.1,27425.3,27445,23.69387284
1682342100000,27445.1,27480,27406.7,27411.5,21.72751125
1682343000000,27417.8,27690.3,27388.9,27666.4,268.50470155
1682343900000,27666.5,27717.1,27613,27626.7,189.92594726
1682344800000,27628.7,27681.7,27591.4,27651.7,45.69363417
1682345700000,27651.7,27699.2,27597.3,27612.9,36.79396629
1682346600000,27612.9,27626.7,27281.7,27330.9,258.25074022
1682347500000,27325.1,27429.6,27300,27429.5,63.69148419
1682348400000,27426.5,27430,27360.1,27374.2,58.58299483
1682349300000,27374.2,27380.3,27232.9,27244.5,193.01444986
1682350200000,27244.5,27315.8,27226.2,27251.3,87.54177358
1682351100000,27251.3,27295,27215.6,27260.7,114.79706363
1682352000000,27259.2,27355.8,27238.5,27301.1,106.66537238
1682352900000,27301.1,27366.6,27265,27324.6,83.0549335
1682353800000,27324.7,27394.4,27320.2,27369,37.34654097
1682354700000,27369,27369.1,27006,27109.9,734.5195571
1682355600000,27109.9,27299.8,26902.6,27266.5,597.11711252
1682356500000,27266.5,27379.9,27254,27349.2,199.21471521
1682357400000,27347.2,27393.6,27295.1,27375.1,45.97509643
1682358300000,27375.2,27410.6,27354.7,27378.3,79.81555755
1682359200000,27378.4,27393.2,27347.4,27361.1,48.99472628
1682360100000,27361.2,27578.9,27353.2,27451.7,221.05847725
1682361000000,27450.1,27457.5,27295.1,27330.4,86.95702359
1682361900000,27334.2,27368.9,27289.8,27337.6,17.73905687
1682362800000,27337.6,27378,27324.3,27378,14.11135412
1682363700000,27378,27378,27318.1,27342.1,41.34301963
1682364600000,27342,27418.1,27328.2,27399.7,22.56981874
1682365500000,27399.8,27413.9,27349.4,27381.2,40.48375823
1682366400000,27384.9,27452.7,27337,27438,60.39068103
1682367300000,27438.1,27480.7,27420.4,27420.4,28.17952699
1682368200000,27420.4,27422.9,27382,27393,26.79578982
1682369100000,27392.9,27462.8,27392.9,27462.8,23.03369674
1682370000000,27462.9,27462.9,27413.6,27431.7,23.06782436
1682370900000,27431.7,27442.8,27326.5,27374.8,85.85084502
1682371800000,27374.9,27381.5,27327.3,27377.1,43.95683525
1682372700000,27377.2,27427.5,27377.1,27414,34.96965634
1682373600000,27411.5,27413,27375.8,27413,22.40645778
1682374500000,27413,27480,27412,27447.5,16.58296123
1682375400000,27447.6,27468.6,27438,27460.8,34.15441315
1682376300000,27460.9,27515.2,27460.9,27462.6,28.29738278
1682377200000,27462.7,27513,27444.3,27487.1,27.27877588
1682378100000,27487.1,27559.6,27472.4,27546.5,29.00306968
1682379000000,27546.4,27562.9,27490,27498.7,65.22517166
1682379900000,27498.6,27526.9,27493,27508.1,46.78563628
1682380800000,27508.2,27570.6,27497.2,27534.3,60.32158495
1682381700000,27532.9,27589.5,27475,27488.4,53.10407581
1682382600000,27488.4,27489,27450.8,27468.4,36.81766697
1682383500000,27468.4,27477.9,27432.6,27460.9,22.95562291
1682384400000,27459.9,27520.1,27451,27470.1,24.13433683
1682385300000,27470.1,27479,27442.3,27473.1,25.26374545
1682386200000,27473.1,27475.4,27400,27418,20.62513385
1682387100000,27412.8,27425.6,27369.9,27402.2,82.54888189
1682388000000,27401,27431.5,27343.5,27343.6,37.80415668
1682388900000,27343.6,27384.1,27324.5,27370.7,52.7961424
1682389800000,27370.8,27417,27355,27407.7,76.48935792
1682390700000,27407.8,27428.5,27368.9,27406.1,60.84723849
1682391600000,27399.2,27409.9,27361.6,27407,42.06648204
1682392500000,27407.1,27435.7,27407,27412.9,28.51792024
1682393400000,27412.3,27422,27390,27416.9,19.47264479
1682394300000,27416.9,27429.9,27322.1,27350.5,46.02927251
1682395200000,27350,27379.2,27331.2,27374.2,24.28953123
1682396100000,27374.2,27395.1,27371.2,27374.1,10.68316876
1682397000000,27374.2,27409.4,27355.8,27405.7,11.10102847
1682397900000,27405.8,27447.3,27398.1,27403.4,75.01138155
1682398800000,27410.2,27415.5,27329.1,27329.1,69.72983908
1682399700000,27329.1,27382,27317,27377.1,25.11228837
1682400600000,27377.1,27393.9,27368.9,27393.9,20.19139866
1682401500000,27393.9,27458.8,27384.5,27413,72.24777795
1682402400000,27413.1,27423.4,27395.1,27405.9,23.70019527
1682403300000,27405.9,27436.8,27400.3,27431.8,24.1707667
1682404200000,27431.9,27448,27421.5,27423.3,12.30687872
1682405100000,27423.3,27423.4,27343.7,27354.2,29.7970618
1682406000000,27358.9,27404,27330,27371.5,34.57154195
1682406900000,27370.4,27400.3,27336,27343.3,25.15187696
1682407800000,27343,27354.5,27243.2,27262.8,232.36451405
1682408700000,27262.7,27311.1,27256.5,27265.5,52.59118082
1682409600000,27265.4,27294.8,27219.9,27291.2,459.04718468
1682410500000,27291.2,27315.4,27161.6,27312.3,878.24942482
1682411400000,27312.3,27358.5,27285,27358.5,82.33691626
1682412300000,27358.5,27434.5,27320.1,27426.5,112.53723308
1682413200000,27423.2,27435.7,27389.9,27392.9,102.56186411
1682414100000,27392.8,27408.1,27327.7,27342.3,30.11109043
1682415000000,27342.3,27352.4,27277,27346.8,75.26103232
1682415900000,27347.7,27347.7,27293,27319.3,54.71483819
1682416800000,27320.7,27332.9,27295,27319.9,25.20044857
1682417700000,27319.9,27338,27285.9,27303.5,30.31664623
1682418600000,27303.5,27343.5,27292.9,27343.5,40.81610457
1682419500000,27343.5,27349,27319.1,27332.3,43.95603414
1682420400000,27332.3,27398.4,27310.9,27393.9,104.09104028
1682421300000,27389.9,27389.9,27311,27328.7,28.50009451
1682422200000,27328.7,27426.9,27320.8,27404.1,105.23914227
1682423100000,27404.1,27428.5,27378.6,27389.9,35.3405016
1682424000000,27391.8,27401.9,27375.2,27386.6,25.4430252
1682424900000,27386.6,27469.8,27386.6,27410.1,58.52677404
1682425800000,27413.4,27413.4,27356.9,27374.1,52.40313449
1682426700000,27374.1,27396.7,27354.2,27395,34.21181453
1682427600000,27394.6,27426.2,27385.2,27406.7,58.20609637
1682428500000,27406.7,27450,27393,27397.5,52.91661268
1682429400000,27397.6,27464,27337.8,27382,120.00914698
1682430300000,27382,27382,27318.3,27341.3,54.83902972
1682431200000,27341.3,27388,27269.5,27290,129.99455081
1682432100000,27290,27325,27269.4,27293.2,110.80931884
1682433000000,27293.3,27316.3,27210,27261.5,111.78827728
1682433900000,27261.5,27301.5,27250.3,27289.1,27.67957183
1682434800000,27288.1,27423.2,27268,27394.6,144.68455432
1682435700000,27397.1,27430,27357.4,27360.5,87.83926749
1682436600000,27360.4,27369.7,27313.3,27348.6,31.09147714
1682437500000,27348.6,27368.1,27299.6,27339.3,39.58099146
1682438400000,27339.3,27355.4,27313.1,27347,45.1584618
1682439300000,27346.9,27418.5,27317,27386.4,27.10903077
1682440200000,27387.6,27420.2,27351.7,27404.5,33.34939736
1682441100000,27404.5,27407.9,27365.5,27394.2,23.77637882
1682442000000,27394.9,27400.9,27346.1,27349.2,40.6166836
1682442900000,27349.1,27368.3,27317,27362.3,67.10413845
1682443800000,27362.2,27581.8,27331.2,27560.7,303.23779308
1682444700000,27562.5,27656.8,27478.1,27625.2,224.2809438
1682445600000,27625.3,27691.4,27558.5,27663.9,111.5377133
1682446500000,27663.9,27737.9,27633.5,27696,155.07740684
1682447400000,27696.1,27784.3,27614.6,27620.5,186.15566857
1682448300000,27620.5,27666,27565.5,27582.4,52.70957777
1682449200000,27577.3,27603.3,27486.3,27486.3,53.64331027
1682450100000,27485.8,27538,27482.7,27509.1,27.84631239
1682451000000,27509.1,27587.1,27509.1,27540,33.81006832
1682451900000,27540,27656.5,27529.3,27611.5,78.5031566
1682452800000,27612.7,27943.3,27612.7,27857.1,312.47514232
1682453700000,27861.5,27975.2,27833.8,27925,90.5645578
1682454600000,27925.1,28042.6,27875,27953.7,174.85669746
1682455500000,27953.7,28048.5,27953.7,27972.2,38.35375636
1682456400000,27972.2,28215.1,27972.2,28184.4,359.92723097
1682457300000,28184.4,28267.9,28122.3,28234,218.08737905
1682458200000,28233.9,28245.2,28161.6,28179,120.58356071
1682459100000,28179,28308,28178.9,28267.6,82.13220131
1682460000000,28263.3,28387.9,28243.9,28249.4,246.43985387
1682460900000,28249.3,28268.8,28208.4,28235.9,73.69544865
1682461800000,28235.9,28281.1,28215.6,28265.1,109.53591904
1682462700000,28265.1,28279.3,28230.9,28231.7,59.9889571
1682463600000,28231.7,28257.1,28162.6,28168.4,92.3343563
1682464500000,28168.4,28289.1,28168.3,28263.1,112.24871121
1682465400000,28263.1,28301.1,28252.7,28281.5,50.637675
1682466300000,28281.4,28355.4,28269.1,28296.5,80.36756905
1682467200000,28298.6,28466,28264.2,28372.1,198.15669562
1682468100000,28372.7,28475.8,28350.7,28421.9,176.86759977
1682469000000,28421.9,28463.5,28377.7,28379.5,217.1973933
1682469900000,28379.5,28395.6,28291.5,28297.4,219.12161729
1682470800000,28298,28354.7,28258.2,28270.1,169.83541279
1682471700000,28270,28312.9,28252.7,28296.9,74.61067884
1682472600000,28297,28333.2,28277.2,28331,38.18928614
1682473500000,28331,28387.3,28325.3,28387.3,107.89588779
1682474400000,28387.3,28399.6,28352,28377,78.83804456
1682475300000,28377.1,28394,28344.8,28365.2,71.94943533
1682476200000,28365.3,28373.7,28345.5,28347.6,63.9308588
1682477100000,28347.7,28386.8,28347.5,28386.8,100.84572152
1682478000000,28386.8,28454,28368.5,28385.2,187.40342059
1682478900000,28385.3,28385.7,28322,28326.9,47.23524619
1682479800000,28326.9,28354.7,28324.2,28336.6,25.37762243
1682480700000,28336.5,28344.8,28305.5,28310.5,29.48782142
1682481600000,28310.4,28338,28300.4,28331.4,59.55703637
1682482500000,28334.8,28368,28334.7,28361.4,32.6377083
1682483400000,28361.4,28371.9,28334,28340.3,22.69740591
1682484300000,28338.5,28341.2,28305.8,28325.5,34.01250075
1682485200000,28325.5,28365.2,28325.5,28363,60.60060335
1682486100000,28363.1,28415.1,28359.3,28393.3,42.83947283
1682487000000,28393.3,28411.7,28374,28392.5,25.15049325
1682487900000,28392.6,28403.4,28375.8,28392.6,33.7122626
1682488800000,28392.6,28588.1,28390,28439.4,438.09416718
1682489700000,28439.3,28443.7,28360.4,28362.2,132.97123876
1682490600000,28361.7,28378.1,28339.4,28363,172.76019764
1682491500000,28363,28409.1,28362.9,28388.8,60.03882857
1682492400000,28388.7,28403.8,28380.4,28384.9,30.76967087
1682493300000,28384.9,28404.7,28321.2,28355,87.42847167
1682494200000,28355.1,28363,28319.8,28328.5,43.09896125
1682495100000,28328.6,28378,28311.7,28375.7,49.37865503
1682496000000,28375.6,28407.8,28367.6,28401.9,91.43560581
1682496900000,28404.2,28755.9,28403.9,28663.7,457.13365142
1682497800000,28664.3,28780,28606.4,28645.9,231.43232223
1682498700000,28645.9,28768.6,28644.5,28727.5,352.24042762
1682499600000,28726.3,28857.1,28688.1,28750.1,300.62007849
1682500500000,28743.7,28810.5,28682.4,28768,133.78137832
1682501400000,28768.1,28924.7,28747.5,28818,297.78997086
1682502300000,28818.1,28940.6,28815.1,28868.4,149.7294981
1682503200000,28868.4,28888,28810,28814.9,94.87121528
1682504100000,28815,28877.4,28780,28866.6,106.87048357
1682505000000,28863.3,28995.1,28831,28970.1,186.29681221
1682505900000,28970,29110,28954,28999.9,353.16062868
1682506800000,29000,29153.9,28911.3,28927.2,310.83851454
1682507700000,28927.3,28975,28900,28927.5,180.21841305
1682508600000,28927.7,28968,28921.4,28961.9,56.64589355
1682509500000,28964.8,28985.8,28930,28952.6,85.03045299
1682510400000,28955.1,29106.5,28955.1,29093.3,103.65141518
1682511300000,29093.4,29888,29074.4,29758.9,1802.62338253
1682512200000,29748.3,30040.1,29631.7,29810.5,2122.72347377
1682513100000,29808.9,30003.1,29792,29967,296.38935009
1682514000000,29966.9,30038.7,29828.5,29840.2,245.95908386
1682514900000,29840.6,29867.9,29772.9,29830.1,226.7908062
1682515800000,29830,29868,29666,29720.2,371.80031185
1682516700000,29720.1,29880.3,29720.1,29850.6,183.91422121
1682517600000,29853.3,29881.2,29768.5,29769.6,134.40270425
1682518500000,29769.6,29792,29539.4,29645.6,404.94379343
1682519400000,29645.7,29672,29517.1,29627.8,201.05779957
1682520300000,29628.3,29714.2,29623.5,29701.7,156.06599065
1682521200000,29701.2,29778.5,29680,29772.6,161.13225753
1682522100000,29772.6,29791.7,29684.4,29696,151.98924421
1682523000000,29696.1,29838.8,29690.8,29794.3,117.64433687
1682523900000,29794.3,29855,29776.9,29818.6,151.66098217
1682524800000,29817.3,29899.7,29814.9,29828,160.71047077
1682525700000,29827.9,29893.1,29720.6,29807.6,165.07967706
1682526600000,29807.6,29822.4,29750.4,29781.8,83.8764098
1682527500000,29777,29833.4,29748.1,29806,84.74284763
1682528400000,29810.1,29819.9,29769.3,29801.1,55.17326879
1682529300000,29801.1,29801.1,29753.3,29798.3,60.47708069
1682530200000,29798.4,29846.3,29777.3,29826.2,91.88741767
1682531100000,29826.3,29830.3,29660.1,29720.2,126.65897596
1682532000000,29720.2,29756.4,29708.2,29735.4,59.49677797
1682532900000,29735,29800,29710,29788,91.37050971
1682533800000,29788,29804.3,29718.7,29718.7,41.21257083
1682534700000,29718.7,29759.8,29711,29740,29.1972259
1682535600000,29744,29744,29572.3,29600,136.79588672
1682536500000,29600,29605.9,29038,29080,773.89871355
1682537400000,29080,29154.2,28174.6,28273.9,3123.47921346
1682538300000,28272.7,28307.3,27685.3,27886.3,2447.47809186
1682539200000,27884.1,27884.1,27219.6,27737.4,2775.28880114
1682540100000,27737.4,27988,27509.8,27556.3,782.48680789
1682541000000,27558.4,28194.6,27545.2,28105.5,1077.84809751
1682541900000,28105.4,28425.5,27909.9,28416.4,733.51124299
1682542800000,28418.5,28445.7,28151.7,28218.5,516.23719386
1682543700000,28222.8,28295.6,28102.6,28294.7,392.39655536
1682544600000,28295.4,28299,28121.5,28255,230.03491564
1682545500000,28255,28703.5,28194.8,28682.3,381.73772617
1682546400000,28682.3,28744.7,28466.9,28580.2,272.85550877
1682547300000,28580.2,28619.9,28307.6,28378,416.68971356
1682548200000,28378,28381.2,28170.3,28297.1,357.72245466
1682549100000,28296.6,28367.9,28260,28301.9,76.57539054
1682550000000,28301.9,28447.5,28263,28447.5,63.65866085
1682550900000,28447.8,28448.8,28333.3,28378.7,90.49328351
1682551800000,28379.3,28454.5,28285.7,28327.6,103.46657238
1682552700000,28327.3,28431.1,28306.7,28412.8,52.64057316
1682553600000,28412.9,28608.7,28379,28569.9,112.45067602
1682554500000,28570,29477,28565.6,29395.6,1851.21590441
1682555400000,29398.4,29458.2,29083.8,29181.2,715.22014574
1682556300000,29180,29369.8,29093.8,29227.4,410.62292878
1682557200000,29227.3,29346.6,29050,29060.7,287.06741484
1682558100000,29057.3,29127.7,28555,28850.9,898.02398277
1682559000000,28850.8,28935.2,28803.1,28863.5,140.77552606
1682559900000,28863.6,28874.6,28674.2,28743.3,299.78913449
1682560800000,28743.4,29108.4,28743.4,29104.4,358.61724724
1682561700000,29101,29108.4,28926.8,28954.5,216.50544955
1682562600000,28954.6,29088,28930.6,28971.9,73.51641322
1682563500000,28971.9,29084.1,28938.4,29040.5,58.95164975
1682564400000,29040.5,29054.2,28853.2,28894.2,159.42329127
1682565300000,28896.1,28978.2,28891.4,28946.5,43.89446411
1682566200000,28946.5,28997.7,28900,28968.9,49.62525778
1682567100000,28968.9,29034.2,28836.6,28885,136.35580268
1682568000000,28887.4,28966.1,28869.7,28966.1,78.9700394
1682568900000,28966.2,28991.4,28885.7,28961.7,51.81279082
1682569800000,28961.7,29040,28911,29039.8,77.53558793
1682570700000,29039.8,29153.3,29001,29100,92.22189626
1682571600000,29100.1,29113.6,29055.3,29067.1,38.06810854
1682572500000,29072.3,29206.8,29050.9,29162.8,102.52785864
1682573400000,29165.7,29277.1,29092.7,29124.4,146.23817612
1682574300000,29124.4,29168.2,29072.5,29082.3,44.94003835
1682575200000,29083.8,29095.3,28983.1,29035,108.32154139
1682576100000,29035.3,29049,28976.5,28984.9,107.20360436
1682577000000,28984.9,29060.2,28965.4,29000.1,40.18785427
1682577900000,29000,29000,28631.8,28800,730.74493143
1682578800000,28793,28890,28703.5,28850,135.29353937
1682579700000,28850,28902,28788,28829.5,45.81429353
1682580600000,28829.5,28951.2,28823.3,28870.1,102.20478249
1682581500000,28870.1,28939.8,28843.6,28888.1,48.67601631
1682582400000,28888.1,28892.8,28788,28794.3,115.24217572
1682583300000,28794.2,29082.6,28780.2,28976.5,121.28561206
1682584200000,28976.9,29091.6,28934.7,28988,97.90875839
1682585100000,28988.1,29029.3,28949.7,28958,38.1124352
1682586000000,28958.1,29010.3,28925.8,28942.4,29.21128258
1682586900000,28942.4,28973.3,28868.1,28911.9,74.2872637
1682587800000,28911.9,29023.2,28905.1,28988.4,59.98391841
1682588700000,28986.6,29034.6,28920,28932.2,63.11549036
1682589600000,28931.5,28991.4,28893.1,28975.9,73.92774642
1682590500000,28975.8,29018.3,28950,28950.1,179.42618795
1682591400000,28950.1,29029.6,28950.1,29022.7,44.00594799
1682592300000,29022.5,29038,28963,28994.6,27.25484108
1682593200000,28995.6,29149.6,28971.5,29095.9,135.70898306
1682594100000,29095.9,29098.1,29042.4,29054.9,58.4819355
1682595000000,29054.9,29074.2,28917.4,28940.1,67.281111
1682595900000,28940.1,28951.4,28880,28934,88.77185551
1682596800000,28934.1,29011.4,28927,29002.9,42.7983482
1682597700000,29003.5,29057.8,28944.3,28999.5,129.6260328
1682598600000,28998.4,29050,28666,28763.6,582.80591937
1682599500000,28757.7,28898.1,28745.6,28862.7,154.47213275
1682600400000,28863.2,28950,28857.1,28904.4,121.14286217
1682601300000,28904.5,28940,28868.1,28888,113.6903475
1682602200000,28887.6,28950.2,28852.3,28865.8,122.36985666
1682603100000,28865.3,28959.7,28850.5,28933.9,52.45045394
1682604000000,28933.9,29090,28933.8,29049.3,205.8793772
1682604900000,29048.7,29075.6,28976.4,29005.6,92.19317084
1682605800000,29005.6,29065.8,28975.5,29042.4,122.63898112
1682606700000,29042.5,29052.5,28948.9,28971.8,115.78396936
1682607600000,28975.8,29075.7,28973.1,29018.2,78.47255136
1682608500000,29020.5,29581.3,29015,29276.2,1282.88196992
1682609400000,29277,29405.4,28961,28974.8,392.45528719
1682610300000,28969.6,29184.9,28812.5,29148.1,397.27471674
1682611200000,29148.1,29212.3,29067.8,29086.3,85.68354448
1682612100000,29086.3,29133,29015.1,29127.4,43.99102138
1682613000000,29127.3,29151.7,29039.9,29091.3,19.62944495
1682613900000,29091,29136.3,29037,29133.7,49.03075871
1682614800000,29135.2,29202.3,29094.2,29176.9,70.92933523
1682615700000,29176.9,29277,29166.7,29263,104.58999515
1682616600000,29263,29364.3,29223.3,29290.3,96.20781059
1682617500000,29290.3,29434.9,29276.6,29302.5,158.64423171
1682618400000,29302.6,29388.6,29234.8,29336.2,114.89578684
1682619300000,29336.3,29751.5,29336.3,29630.4,638.74213161
1682620200000,29630.5,29893.9,29619.3,29885.9,370.81802443
1682621100000,29886,29898.6,29753.7,29769.5,274.07791266
1682622000000,29775.8,29855.1,29451.1,29565.5,504.29479271
1682622900000,29559.2,29690.2,29501.5,29654.8,214.45594253
1682623800000,29651.7,29807.5,29631.3,29770.7,223.1163502
1682624700000,29774,29780.1,29628.5,29674.9,101.81829807
1682625600000,29670.5,29751.9,29477.5,29525.5,287.10421119
1682626500000,29528.9,29581.8,29467.8,29559.5,97.99580322
1682627400000,29559.4,29675.8,29522.5,29604.5,125.1165548
1682628300000,29603.9,29636.2,29570.8,29621.1,48.36636148
1682629200000,29621.1,29779.1,29621,29751.9,120.66078568
1682630100000,29752.4,29774.6,29690.4,29702.9,77.55606801
1682631000000,29703.1,29703.4,29592.2,29616.5,110.20222384
1682631900000,29616.5,29656.4,29540.6,29642.6,28.96438559
1682632800000,29642.7,29670.5,29566.9,29597.7,75.78487283
1682633700000,29605.1,29624.8,29578.6,29582.9,72.94143576
1682634600000,29583,29599.8,29488,29542.9,51.41239039
1682635500000,29542.9,29542.9,29255,29388.1,354.41974668
1682636400000,29393.6,29493.9,29375.2,29406.5,62.34701271
1682637300000,29407.1,29479.9,29387.3,29471.7,40.80304014
1682638200000,29472,29493.5,29400,29434.7,40.87970268
1682639100000,29434.8,29487.7,29409.7,29473.3,47.6797767
1682640000000,29474.5,29528.6,29429.8,29429.8,70.00143184
1682640900000,29429.7,29470.9,29363.4,29389.5,104.13473582
1682641800000,29387.3,29453.9,29355.8,29416.2,49.55767705
1682642700000,29409.8,29560.3,29409.8,29553.7,103.67886681
1682643600000,29558.3,29593.4,29465.5,29474.2,99.87082605
1682644500000,29474.3,29504.6,29455.1,29469.2,21.7716895
1682645400000,29469.3,29552,29405.3,29537.7,71.76514361
1682646300000,29538.1,29561.7,29513,29514,50.86216437
1682647200000,29514.2,29549.7,29463,29463,127.14085487
1682648100000,29463,29485.3,29431.5,29475.8,48.46462978
1682649000000,29475.8,29475.8,29408.2,29413.6,34.49568313
1682649900000,29415.4,29447.7,29377.2,29400.5,85.82319041
1682650800000,29400.4,29419.7,29360.8,29393.9,53.36606507
1682651700000,29393.9,29400,29331,29357.4,65.14181971
1682652600000,29361.3,29436.4,29361.2,29409.5,117.14961162
1682653500000,29409.5,29432.8,29397.1,29424.9,37.21752717
1682654400000,29424.9,29488,29408.4,29479.9,43.15298596
1682655300000,29481.5,29500,29459.7,29471.1,67.0306057
1682656200000,29471.2,29491.8,29460,29479.9,34.93604333
1682657100000,29479.2,29541.2,29455.2,29499.9,63.41271002
1682658000000,29499.9,29499.9,29457.2,29488,79.20481729
1682658900000,29487.9,29511.2,29479.3,29487.4,46.4060963
1682659800000,29487.4,29549.8,29461.6,29534.8,82.86126933
1682660700000,29534.8,29568.4,29476.2,29476.2,23.48817565
1682661600000,29476.3,29497.5,29463.6,29478.9,18.14667284
1682662500000,29479,29515.2,29405.4,29436.4,37.96621548
1682663400000,29436.4,29472.6,29400.7,29429.7,35.63141906
1682664300000,29429.7,29474.8,29407.1,29474.8,74.56577947
1682665200000,29474.7,29510.9,29450.1,29502.9,57.57387706
1682666100000,29502.9,29524.5,29445.8,29454.6,83.46650884
1682667000000,29454.6,29495.9,29425,29490.4,61.27199979
1682667900000,29490.2,29518.8,29465.2,29487.5,54.83022374
1682668800000,29486.9,29495.9,29414.4,29427.2,78.61939655
1682669700000,29427.2,29427.3,29353,29366.7,101.21750457
1682670600000,29366.6,29395.6,29146.7,29215.9,557.48490546
1682671500000,29213.4,29276.8,29168.4,29250,160.22931864
1682672400000,29250.1,29276.8,29130.3,29214.9,146.87692132
1682673300000,29214.9,29293.9,29199.9,29219.3,132.16764502
1682674200000,29219.3,29246.2,29200.2,29241.3,69.89353324
1682675100000,29241.3,29241.3,29182.7,29202.9,98.86501354
1682676000000,29202.4,29219.7,29172.9,29205.7,58.80727248
1682676900000,29205.6,29325.1,29203.1,29285.9,35.8126435
1682677800000,29285.8,29345.8,29278.4,29310.1,85.832991
1682678700000,29310.2,29330.5,29252.6,29261.5,51.8258423
1682679600000,29261.4,29301.9,29238.1,29298,33.59987547
1682680500000,29297.9,29326.2,29271.4,29295,50.55985837
1682681400000,29295.1,29297.4,29249.1,29283.8,45.93379061
1682682300000,29283.8,29300,29200,29240.2,48.74794922
1682683200000,29240.2,29272.8,29192.6,29272.4,92.45154228
1682684100000,29272.5,29340,29256.7,29333.5,81.64504145
1682685000000,29332.4,29470.4,29252.6,29327.8,383.21785388
1682685900000,29325.4,29330,29208,29226.4,93.36419365
1682686800000,29226.4,29273,29200,29269.4,38.47588658
1682687700000,29269.3,29340.1,29248.7,29314.5,30.14855729
1682688600000,29316.2,29361.8,28927,28947.5,640.79605365
1682689500000,28950.9,29063,28889.2,29024.4,240.06922455
1682690400000,29026,29191.5,29000,29174.8,434.9712861
1682691300000,29174.9,29310.6,29147.8,29243.6,169.67217347
1682692200000,29240.2,29267.7,29138.5,29138.8,103.1468496
1682693100000,29138.8,29233.2,29037.6,29096.1,116.17345327
1682694000000,29096.5,29096.5,28949.5,29012.4,213.3082494
1682694900000,29012,29101.4,29000,29076,53.78106197
1682695800000,29076.9,29110,29050.3,29091.2,64.0213417
1682696700000,29092.6,29176.2,29085.3,29148.3,71.61491045
1682697600000,29148.2,29278,29136.8,29256.9,70.27593913
1682698500000,29256.9,29257,29105.8,29146.4,47.13931244
1682699400000,29146.4,29199.2,29118.9,29171.7,81.82938789
1682700300000,29175.1,29300,29175.1,29273.9,79.09521632
1682701200000,29274,29292.2,29222.9,29222.9,57.310246
1682702100000,29222.9,29235.7,29150.8,29230.4,80.91678113
1682703000000,29229.3,29260,29173.9,29256.1,42.21100647
1682703900000,29256.2,29266.1,29202,29243.2,39.65903907
1682704800000,29238.4,29263.9,29123,29167.4,38.00183196
1682705700000,29161.3,29216.6,29140.3,29175.8,21.95225051
1682706600000,29175.8,29199.5,29128,29181.8,58.99267533
1682707500000,29186.7,29253.9,29180.5,29244.4,53.69554727
1682708400000,29244.4,29446.2,29244.4,29347.8,146.88232613
1682709300000,29347.8,29381.3,29300.5,29314.5,42.50375761
1682710200000,29315.7,29436,29291.9,29394.3,73.50249752
1682711100000,29394.3,29417.2,29321.5,29334,99.44855045
1682712000000,29333.1,29407.7,29329.5,29366.8,39.36801894
1682712900000,29366.9,29386,29300,29326.6,32.13239197
1682713800000,29326.6,29341.6,29301.8,29322.3,40.65040844
1682714700000,29322.3,29373.7,29303.5,29336.9,46.50209633
1682715600000,29336.9,29366,29304.4,29344.9,53.94615056
1682716500000,29345,29369.3,29331.3,29331.3,14.03859856
1682717400000,29331.3,29344.6,29313,29323.1,20.67712623
1682718300000,29323,29344.4,29320.1,29325.7,4.85435022
1682719200000,29325.7,29398.5,29320.9,29379.6,31.37003891
1682720100000,29384.8,29399,29340.2,29386.7,35.16735268
1682721000000,29386.8,29406.2,29367.9,29405.4,33.11425432
1682721900000,29405.3,29433.4,29343.7,29345.1,24.84442316
1682722800000,29345.1,29395,29340,29378.9,30.09687041
1682723700000,29378.9,29380.5,29267.9,29296.3,50.75456482
1682724600000,29301.6,29334.4,29291.3,29327.9,11.84443513
1682725500000,29327.9,29335.5,29305.3,29310.1,12.58388555
1682726400000,29310.2,29359.7,29300.1,29306.4,65.84057344
1682727300000,29306.4,29330.4,29296.4,29306.4,10.70246635
1682728200000,29306.5,29322.3,29281.1,29297.1,21.58045137
1682729100000,29297.3,29309.5,29191.3,29258,99.95731058
1682730000000,29259.6,29259.7,29220,29254.7,52.63584103
1682730900000,29254.6,29284.7,29237.8,29284.5,32.44455321
1682731800000,29283.9,29301.3,29266.6,29269.4,26.27902609
1682732700000,29269.3,29285.6,29267.3,29272,20.10189936
1682733600000,29272.1,29307.8,29272,29293.4,31.99067402
1682734500000,29291.4,29345.4,29290,29324.4,49.55973944
1682735400000,29324.5,29376.9,29324.4,29361.4,88.43414497
1682736300000,29361.4,29392.4,29354.7,29379.1,44.12463624
1682737200000,29375.1,29384.6,29348.4,29361.7,68.9165706
1682738100000,29361.8,29372.7,29337.4,29372.6,48.20786162
1682739000000,29372.7,29394.4,29350.5,29358.2,42.70904523
1682739900000,29358.2,29368.3,29341.7,29341.7,7.23677059
1682740800000,29341.8,29369.5,29337.1,29356.2,22.91014926
1682741700000,29356.2,29445,29354.7,29406.2,48.5898456
1682742600000,29410.2,29410.3,29358.5,29365.8,24.4187588
1682743500000,29365.8,29373.5,29350,29373.2,39.09600928
1682744400000,29373.3,29415,29364.4,29402.1,55.23702334
1682745300000,29401.3,29424.6,29368,29371.8,67.0971006
1682746200000,29371.8,29385.8,29355.1,29361,10.88326809
1682747100000,29361.1,29361.1,29350,29353.4,9.18422324
1682748000000,29353.5,29379.8,29349.5,29354.9,21.26506107
1682748900000,29354.9,29371.8,29319.7,29319.7,35.20621096
1682749800000,29319.6,29331.9,29313.3,29321.5,12.06238926
1682750700000,29321.5,29333.9,29288.6,29324,48.82267317
1682751600000,29323.5,29368,29323.5,29338.6,22.19072414
1682752500000,29338.6,29366.2,29295.4,29316.5,72.19560074
1682753400000,29316.5,29348.2,29296.4,29335.7,37.73790327
1682754300000,29335.7,29352.5,29335.7,29345,12.728215
1682755200000,29344.9,29359.9,29300.1,29322.1,44.7242435
1682756100000,29322.1,29330.6,29272,29299.6,47.38288337
1682757000000,29298.2,29313,29275.9,29312.9,47.50581329
1682757900000,29313,29331.2,29298.4,29307,33.99505379
1682758800000,29307,29316,29258.4,29269.5,57.54342556
1682759700000,29269.5,29297.1,29244.3,29293.1,44.81342776
1682760600000,29293.2,29295.8,29271.7,29283.8,11.74071168
1682761500000,29283.8,29312.1,29278.8,29299.9,8.41774946
1682762400000,29300,29311.5,29287,29287.9,7.00862793
1682763300000,29288,29290.4,29246,29267.1,31.18403255
1682764200000,29267.1,29285.6,29240.1,29271.4,9.44908489
1682765100000,29271.4,29292.6,29254.5,29269.9,7.25064088
1682766000000,29269.9,29274.9,29245.4,29273.1,10.80810358
1682766900000,29273,29279.3,29256,29257.7,12.25614966
1682767800000,29257.1,29297.3,29240,29288.2,22.04900037
1682768700000,29288.2,29333.3,29288.1,29330.3,48.74285282
1682769600000,29330.3,29337.9,29309.1,29321.6,22.24806314
1682770500000,29321.6,29326.7,29299,29306.6,19.09005567
1682771400000,29306.4,29312.4,29292.9,29307.4,17.18303871
1682772300000,29306.7,29317,29281.5,29281.5,23.63726124
1682773200000,29281.4,29302.5,29280,29300.8,12.02472212
1682774100000,29300.9,29365.7,29300.6,29345.5,45.68867004
1682775000000,29345.6,29357.3,29320.4,29339,13.91930418
1682775900000,29339,29395.6,29321.8,29386.7,58.42683567
1682776800000,29386.6,29395.7,29346,29357.1,35.66509609
1682777700000,29355.7,29363,29331.3,29362.9,24.60880322
1682778600000,29362.9,29375,29341.4,29347.2,22.08594618
1682779500000,29347.2,29356,29320.7,29333,22.06485969
1682780400000,29333.1,29333.1,29309.5,29309.5,23.11787373
1682781300000,29309.5,29339.7,29309.5,29330.5,17.20352305
1682782200000,29330.5,29335.7,29315,29334.9,19.84650855
1682783100000,29335,29340,29223.8,29273.9,62.130373
1682784000000,29271.1,29300,29259.2,29273.2,19.27096426
1682784900000,29273.2,29281.4,29247.9,29265.5,10.87450879
1682785800000,29265.5,29281,29256.1,29265.6,18.88340585
1682786700000,29265.7,29292.7,29265.6,29282.4,9.63805791
1682787600000,29282.4,29285.6,29256.2,29256.5,13.76504625
1682788500000,29256.6,29273.2,29240,29240.7,21.40789423
1682789400000,29240.7,29240.8,29031.5,29154.5,325.45049522
1682790300000,29154.6,29166.6,29117.8,29152.5,11.92291719
1682791200000,29152.6,29213.3,29147.5,29213.3,14.4988116
1682792100000,29213.3,29214.2,29177.6,29185.7,8.32473797
1682793000000,29185.8,29190,29130.2,29165.5,39.40557205
1682793900000,29165.4,29181.8,29158.2,29177.5,16.74272685
1682794800000,29177.6,29201.9,29162.7,29184.9,10.94492108
1682795700000,29185,29275.6,29184.9,29251.5,72.0426153
1682796600000,29251.4,29320,29251.4,29269.7,35.9837499
1682797500000,29273.6,29273.6,29239.9,29240.1,9.9828406
1682798400000,29240.2,29250.4,29219.2,29232.7,11.51489863
1682799300000,29232.7,29260,29231.4,29255.6,11.73140748
1682800200000,29255.7,29268.2,29223.7,29228.9,41.10920038
1682801100000,29232.2,29237.7,29202.9,29220.3,6.57978565
1682802000000,29217.6,29243.8,29217.6,29234.4,22.91903062
1682802900000,29234.4,29242.7,29227,29227.4,5.03276503
1682803800000,29227.4,29253.5,29176.9,29252.1,25.47565405
1682804700000,29247.5,29259.8,29213.6,29231.9,14.34522297
1682805600000,29231.9,29238.3,29182.2,29200,26.53729035
1682806500000,29200,29210.9,29181.4,29203.1,41.92179624
1682807400000,29203.2,29228.6,29197.1,29228.6,5.39798743
1682808300000,29228.5,29234.7,29203.7,29203.7,7.51157609
1682809200000,29201.1,29206,29141.1,29188,29.97195857
1682810100000,29187.9,29207.3,29169.6,29169.6,18.29429021
1682811000000,29169.6,29223.9,29163,29208.1,36.49601066
1682811900000,29208.2,29243.8,29200.1,29228.9,5.85305887
1682812800000,29229,29233.9,29213,29214.3,14.45975455
1682813700000,29214.3,29218.7,29189.6,29214.5,12.88678754
1682814600000,29214.5,29214.5,29180,29187.3,8.68767359
1682815500000,29187.2,29187.2,29126,29144.3,18.05662153
1682816400000,29144.4,29154.7,29130.4,29150.3,18.49770994
1682817300000,29150.4,29172.9,29119.9,29140.4,17.19582346
1682818200000,29140.4,29149.5,29107.6,29136.8,43.69468129
1682819100000,29136.9,29159.8,29091,29102,25.50773126
1682820000000,29101.9,29135.2,29091.1,29119.6,16.21512967
1682820900000,29119.7,29136.9,29110.1,29120.6,22.09739086
1682821800000,29118.5,29154.7,29118.5,29146.1,28.81116573
1682822700000,29146.1,29183.4,29136.6,29180,21.12044449
1682823600000,29180.1,29190,29166.9,29166.9,13.93312874
1682824500000,29166.9,29166.9,29148.4,29160,14.09919862
1682825400000,29160,29179.8,29154.7,29167.2,30.97649497
1682826300000,29167.3,29190.1,29151.1,29179.9,18.30830857
1682827200000,29180,29192.1,29171.6,29183.8,14.27425917
1682828100000,29183.8,29203.1,29176.6,29181.9,13.3968136
1682829000000,29183.5,29202,29181.9,29196.1,13.25719223
1682829900000,29196.2,29218.7,29196.1,29208.7,7.46713541
1682830800000,29208.8,29241.3,29206.8,29238.1,25.0748793
1682831700000,29238.1,29253.7,29218.8,29237.8,31.6750349
1682832600000,29237.8,29249.3,29220,29238.1,19.92318297
1682833500000,29238.2,29267.4,29228,29259.9,32.44795663
1682834400000,29260,29285.7,29253.3,29265,48.99774472
1682835300000,29265,29280.7,29238,29239.6,42.59786513
1682836200000,29239.6,29266.9,29237.9,29266.5,18.05321528
1682837100000,29265.6,29280,29259.6,29273.3,17.6080829
1682838000000,29273.3,29284.1,29265.5,29277.4,25.45629015
1682838900000,29277.5,29297.3,29277.5,29287.1,23.24962674
1682839800000,29287.1,29297.8,29273.9,29290.5,36.0835091
1682840700000,29290.5,29290.5,29265.5,29266.7,10.6020736
1682841600000,29266.8,29276.1,29240,29265.1,22.25317208
1682842500000,29265.2,29299,29241.1,29288.6,12.72871013
1682843400000,29285.4,29349.2,29285.2,29293.7,101.76056898
1682844300000,29293.8,29293.8,29244.1,29279.3,27.7559445
1682845200000,29274.2,29280.7,29248.3,29256.2,37.54459483
1682846100000,29256.1,29261.3,29224,29250.8,34.90518778
1682847000000,29250.9,29256.1,29225.1,29245.7,13.05929316
1682847900000,29245.6,29264,29245.6,29263.5,12.29972517
1682848800000,29257.1,29306.4,29257.1,29295.9,19.57155476
1682849700000,29297,29322.3,29278.6,29279.9,20.72669821
1682850600000,29280,29280,29220.3,29221.1,6.94540055
1682851500000,29221.1,29237,29180.8,29221.7,27.93564181
1682852400000,29221.7,29235.7,29218.8,29224.9,8.18561305
1682853300000,29224.3,29250.9,29205.2,29218.4,14.41068438
1682854200000,29218.5,29218.5,29179.4,29186.5,40.47140654
1682855100000,29190.6,29210.5,29166.6,29201.1,10.92835821
1682856000000,29201.2,29210,29191.6,29209.9,10.12714855
1682856900000,29210,29228.1,29189.9,29205.7,17.42806128
1682857800000,29205.8,29228,29188,29227.9,21.0966083
1682858700000,29227.9,29259.3,29226,29242.9,54.14925702
1682859600000,29242.9,29280,29240.3,29260.8,45.02656402
1682860500000,29261.5,29333.3,29261.5,29283.7,57.98514906
1682861400000,29283.6,29305,29265.6,29279.5,23.0652087
1682862300000,29279.5,29303.1,29279.4,29295.9,60.35297592
1682863200000,29296,29300,29278.9,29280.1,15.61388594
1682864100000,29280,29280.1,29258.4,29273.1,12.40935793
1682865000000,29273.1,29440,29261.7,29358.5,124.07944311
1682865900000,29355.4,29415.3,29333.3,29390.9,65.03910096
1682866800000,29390.9,29690.5,29390.9,29576.9,736.0459873
1682867700000,29577,29884.9,29577,29831.4,915.97637159
1682868600000,29831.5,29966.4,29831.5,29871,478.41711292
1682869500000,29871.1,29896.7,29561,29661.9,381.28252966
1682870400000,29661.8,29867.1,29661.8,29726.7,147.2969158
1682871300000,29723.3,29810,29627.6,29627.6,66.61664101
1682872200000,29627.3,29731.3,29626.2,29694.7,52.61971386
1682873100000,29693.1,29767.5,29692.1,29711.4,24.39244561
1682874000000,29716.2,29763,29669.7,29717.3,64.8600348
1682874900000,29717.4,29788.3,29707,29772.1,21.04865831
1682875800000,29768.2,29823.4,29748.1,29764.3,19.17516146
1682876700000,29764.3,29768.4,29641.8,29641.9,28.56883812
1682877600000,29641.9,29654.2,29508.7,29652.6,132.5777079
1682878500000,29652.6,29667.3,29604.9,29643.4,30.95423239
1682879400000,29643.4,29647.1,29591.3,29620.7,10.17133521
1682880300000,29613.7,29632.3,29558.9,29581,22.9882163
1682881200000,29581,29596.2,29348.7,29373.9,285.62158202
1682882100000,29373.9,29415.1,29192.8,29362.1,380.54259816
1682883000000,29360.3,29388,29295,29368.3,47.30879301
1682883900000,29368.2,29386.9,29312.6,29362.9,51.5819283
1682884800000,29362.9,29362.9,29154,29212.5,255.35835164
1682885700000,29200.5,29331.1,29158.6,29316.3,115.47008315
1682886600000,29314.5,29331.7,29275.2,29315,55.66691696
1682887500000,29315.1,29338,29281.5,29333.4,36.66801941
1682888400000,29333.5,29456,29318.8,29441.1,108.8559089
1682889300000,29441,29483.3,29368.1,29476.9,87.37427554
1682890200000,29479.9,29490,29366.6,29377.7,45.45569499
1682891100000,29381.8,29453.3,29376.8,29412.4,29.20072635
1682892000000,29412.4,29431.6,29378.1,29413.4,17.26887485
1682892900000,29413.4,29425,29384.8,29422.5,22.25203138
1682893800000,29422.5,29437.3,29374.4,29405.5,27.68449109
1682894700000,29405.6,29409.4,29368.2,29379.8,46.61659541
1682895600000,29379.8,29429.5,29334.1,29398.5,47.80937286
1682896500000,29398.5,29398.6,29299.6,29392.3,124.58430951
1682897400000,29392.3,29422.8,29365.8,29397.8,28.89486376
1682898300000,29396.8,29396.8,29175.5,29239.8,133.21988654
