ts,open,high,low,close,volume
1725148800000,58974.2,59064.5,58956.2,59045.4,9.01977882
1725149700000,59044,59083.4,58902.6,58964.5,13.76209251
1725150600000,58964.5,59026.1,58897.5,58913.9,37.30100317
1725151500000,58914,58975.7,58914,58933.3,6.03737563
1725152400000,58933.3,58945,58882.6,58882.6,7.28708818
1725153300000,58882.7,58961,58850.2,58926.1,5.81030535
1725154200000,58926,58951.8,58846.8,58884.4,12.31984472
1725155100000,58884.3,58903.4,58823.5,58827.2,20.3630558
1725156000000,58827.3,58861.3,58544.3,58614.7,117.86534478
1725156900000,58614.1,58690.5,58278.3,58320.6,130.16001447
1725157800000,58322.2,58556.2,58271.3,58476,70.80963294
1725158700000,58474,58547.6,58426.6,58547.6,22.39949136
1725159600000,58547.6,58652.5,58400,58620.5,51.49847659
1725160500000,58620.1,58675.7,58550.8,58642.1,42.57221119
1725161400000,58640.4,58669.1,58574,58577.9,16.38650809
1725162300000,58578,58614.6,58488,58527.4,25.24457303
1725163200000,58527.4,58549.9,58385.5,58513.9,119.17873783
1725164100000,58512,58554,58416.4,58550.3,36.75923145
1725165000000,58550.3,58600,58538.2,58538.6,15.84762656
1725165900000,58538.7,58538.7,58361.4,58443.1,20.4516125
1725166800000,58440.2,58467.3,58208.1,58318.5,51.80741348
1725167700000,58318.4,58370.3,57831.2,58039.8,243.21950519
1725168600000,58039.8,58081.6,57772.3,57985.9,148.75121599
1725169500000,57986,58076,57890.8,57977.1,109.00752235
1725170400000,57983,58211,57940.5,58166.8,57.49454172
1725171300000,58166.8,58184.1,58094.2,58179.6,49.67753173
1725172200000,58179.6,58243.2,58106.1,58243.2,37.21746783
1725173100000,58243.2,58297.6,58162.1,58186,31.15429702
1725174000000,58188,58263.9,58124.1,58197.9,34.5107854
1725174900000,58198,58207.4,58119.2,58130.1,51.62964283
1725175800000,58130.1,58265.5,58130,58262.5,33.03579828
1725176700000,58265.1,58497.2,58252.8,58472.6,71.63759372
1725177600000,58477.6,58508,58358,58362,35.01270504
1725178500000,58362,58393.8,58285.9,58318.1,35.75438613
1725179400000,58318.1,58328,58202,58234.7,28.56446979
1725180300000,58234.5,58267.9,58192.1,58233.7,17.85962843
1725181200000,58233.8,58233.9,58141.1,58183.9,19.97364421
1725182100000,58183.9,58301.6,58183.9,58278.3,25.61340571
1725183000000,58278.2,58397.9,58259.6,58330.6,33.34690311
1725183900000,58332.1,58345.7,58193.4,58196.4,29.44599455
1725184800000,58196.4,58220.8,58000.1,58008,86.43691337
1725185700000,58006.1,58098.8,57929.5,57991.9,85.86918189
1725186600000,57995.9,58047.9,57932.1,58044.8,55.02231837
1725187500000,58044.8,58071.5,57888,57928,68.93828688
1725188400000,57928,58017.6,57829.2,57987.9,50.76668859
1725189300000,57987.9,58078.6,57860,58046.9,48.01206765
1725190200000,58047.6,58071.9,57996,58041.8,31.4625909
1725191100000,58042.7,58237.9,58034,58236.7,53.11583653
1725192000000,58236,58310.4,58169.5,58228.4,52.34863499
1725192900000,58228,58228,58026,58060.6,52.4694903
1725193800000,58060.6,58147.9,57908,57969.3,36.9365125
1725194700000,57969.2,58020,57911,58011.8,49.1323441
1725195600000,58013.6,58131.5,57993.2,58090.5,62.71083852
1725196500000,58090.6,58090.6,57911.5,57954,153.3150722
1725197400000,57954,58011.5,57809.8,57831.9,127.7517872
1725198300000,57828,58210.6,57712.6,58165.8,165.68883955
1725199200000,58168,58176,57168.5,57515.4,415.53506061
1725200100000,57515.4,58024.8,57460.8,57735.5,348.07184143
1725201000000,57735,58049.5,57727.7,57952.9,113.85029711
1725201900000,57953,58120,57812.7,57878.5,41.58096532
1725202800000,57875.8,58051.5,57810,57942.8,25.95111436
1725203700000,57940.5,57990,57850.8,57851.5,34.06134704
1725204600000,57855.2,58072.2,57750,58070.1,74.18828743
1725205500000,58066,58371.2,58057.7,58214.1,132.18593102
1725206400000,58214.1,58354.2,58170,58344,32.63322429
1725207300000,58345.5,58350,58090.9,58106.1,44.48308499
1725208200000,58107.8,58219.9,58086.9,58139.9,36.47519761
1725209100000,58140,58218.1,58090.3,58128,27.07176599
1725210000000,58128.1,58207.6,58116,58165.2,8.5269207
1725210900000,58165.2,58175.9,57872.2,57920.8,71.31316909
1725211800000,57920.7,58026.9,57874.1,58025.4,24.66450901
1725212700000,58024.1,58144.1,57967.3,58124,19.76306574
1725213600000,58120.1,58264.8,58118.1,58184,12.32424022
1725214500000,58187.5,58799.9,58187.5,58536,147.9769382
1725215400000,58539.3,58628,58341.4,58468,69.15029778
1725216300000,58468.1,58623.9,58462,58547.9,56.54322956
1725217200000,58547.9,58782.6,58530.1,58531.1,66.95634422
1725218100000,58530,58579.6,58358.2,58375.9,34.02975841
1725219000000,58380.6,58457.8,58272.1,58300,53.52563297
1725219900000,58295,58539.9,58295,58518,99.59589539
1725220800000,58518,58624.9,58496,58584.8,83.03313765
1725221700000,58593.7,58664.1,58506.7,58615.5,24.2212784
1725222600000,58615.6,58628,58423.2,58473.7,9.83645763
1725223500000,58468.1,58470,58382.6,58430,10.92981611
1725224400000,58430.1,58436.2,58293.8,58300,29.67240539
1725225300000,58301.3,58340,58130,58176.8,17.70870647
1725226200000,58175.9,58264.4,58091.8,58264.4,12.73154158
1725227100000,58261.1,58395.7,58208.8,58350.1,27.96592869
1725228000000,58355.3,58423.9,58047.7,58074.1,53.75168675
1725228900000,58077,58077,57327.5,57521.9,307.91037658
1725229800000,57526.1,57548.5,57265,57548,149.1786267
1725230700000,57547.9,57776.7,57228,57309.8,128.10930385
1725231600000,57309.7,57597.1,57199.9,57289.3,213.65297981
1725232500000,57291.6,57466,57193.9,57368,113.32937056
1725233400000,57369.3,57499.9,57277.4,57336.1,33.2865433
1725234300000,57334.4,57426.9,57250,57296.1,39.95208904
1725235200000,57294.9,57449.9,57257,57437.9,61.15796772
1725236100000,57436,57547.3,57316.8,57529.2,89.99969271
1725237000000,57529.2,57651.1,57336.2,57339.5,97.67319632
1725237900000,57334.1,57484.6,57116.2,57464,176.9793018
1725238800000,57468,57497.2,57233.5,57426.6,36.83424314
1725239700000,57433.9,57573.9,57316.7,57422.8,63.07777269
1725240600000,57422.8,57533.2,57283,57324.2,60.50124336
1725241500000,57326.1,57429.6,57268,57414.9,62.05557334
1725242400000,57414.8,57711,57356.1,57562.2,206.07834127
1725243300000,57560,57700.1,57482.2,57482.2,61.71924905
1725244200000,57480.3,57488.9,57288.3,57376,63.75041257
1725245100000,57370,57538.8,57328.7,57496.1,32.01929128
1725246000000,57496.1,57714.2,57488,57656.3,75.79643481
1725246900000,57650.5,57749.8,57596.3,57630.2,47.1284423
1725247800000,57630.2,57719.9,57508.5,57552,44.25778707
1725248700000,57552.4,57766.1,57516.4,57740.1,42.63169569
1725249600000,57740,57766.8,57600.3,57679.8,43.3744943
1725250500000,57680,57698.4,57630.1,57664,28.75384241
1725251400000,57664.7,57673,57503,57508.1,24.18802336
1725252300000,57508.2,57569.9,57454.5,57460,28.98883448
1725253200000,57462.6,57550,57448.7,57532.3,15.83702988
1725254100000,57532.3,57700.2,57512.2,57698,38.62806575
1725255000000,57698,57879.6,57610.1,57808.1,55.76923474
1725255900000,57810.9,57986.9,57778.9,57784,50.59419589
1725256800000,57781.2,57884.7,57670.1,57730,33.09327915
1725257700000,57731.9,57817.9,57714.2,57745.9,34.30997926
1725258600000,57745.9,57792.3,57731.9,57749.9,9.82527228
1725259500000,57749.9,57778.2,57676.8,57689.2,15.33950714
1725260400000,57689.2,57806,57668.9,57756.2,42.50080557
1725261300000,57756.2,57756.2,57495.4,57526.1,96.05823284
1725262200000,57526,57599.6,57356,57458.8,71.51394607
1725263100000,57458.8,57565.8,57381.8,57550,62.28764645
1725264000000,57550,57839.7,57512.1,57830.1,82.38542257
1725264900000,57830.8,58165.4,57735.8,58159.2,163.35967139
1725265800000,58157.7,58308.1,58103.7,58138.8,289.68381126
1725266700000,58138.2,58262.3,58046,58050.1,78.1107008
1725267600000,58052.8,58146,57980.1,57994.1,84.74182874
1725268500000,57994.1,58027.7,57900.2,57988,47.60796364
1725269400000,57988,58100,57912,58050,57.9164266
1725270300000,58052,58461.9,58035.2,58406.1,225.17115453
1725271200000,58406,58499.7,58289,58366,73.2672113
1725272100000,58366,58580,58319.1,58526.4,129.19035116
1725273000000,58526.3,58588.3,58386.6,58445,86.66639937
1725273900000,58445.1,58504,58358,58503.9,94.12395198
1725274800000,58501.8,58501.8,58346.5,58405.9,43.26050679
1725275700000,58405.8,58666.1,58371,58665.9,118.53464658
1725276600000,58664,58666.6,58453.5,58484,78.81484565
1725277500000,58484,58514.1,58392.1,58427.1,21.21097422
1725278400000,58427.1,58511.9,58252,58320.2,73.06762652
1725279300000,58320.2,58437.5,58320.1,58408.1,32.95801519
1725280200000,58408.1,58418,58271.4,58274.7,43.71231973
1725281100000,58275.5,58426.6,58261.5,58388.3,35.8872451
1725282000000,58384.1,58448,58293.4,58409.1,24.82721231
1725282900000,58409,58497.9,58238.1,58275.3,61.7329611
1725283800000,58272,58329.9,58139.1,58234,120.8380059
1725284700000,58234.6,58296.3,58177.7,58177.9,26.12673032
1725285600000,58178,58289.9,58100.3,58137.9,44.83301274
1725286500000,58140.8,58439.9,58110.1,58417.9,89.30563298
1725287400000,58417.4,58817.4,58417.4,58605.9,297.50861207
1725288300000,58603.6,58790.2,58593.5,58608.2,72.07627814
1725289200000,58608.1,58727.9,58497.2,58621,45.75004929
1725290100000,58621.1,58697.9,58542,58545.1,33.83910286
1725291000000,58547,58760.2,58541.7,58657.3,38.72279956
1725291900000,58657.2,58686.2,58525.6,58535.7,28.02241015
1725292800000,58536,58658,58526,58643.8,26.88084688
1725293700000,58643.8,58650,58442.4,58456.1,29.58166078
1725294600000,58456,58514.9,58333.9,58409.9,43.51373053
1725295500000,58410,58421.2,58294.1,58341.3,27.71747137
1725296400000,58341.2,58487.2,58335.7,58377.9,31.81111789
1725297300000,58377.9,58457.8,58294.1,58456,33.44149914
1725298200000,58456,58523.9,58382.9,58415.1,40.50062239
1725299100000,58415.1,58559.7,58413.8,58517.9,14.17790498
1725300000000,58518,58666.6,58452.4,58583.6,28.16304862
1725300900000,58583.6,58609.9,58463.4,58526.3,7.80504037
1725301800000,58522.5,58562.5,58444.4,58458.9,19.67014051
1725302700000,58457.7,58499.2,58322,58486,18.80264225
1725303600000,58483,58559.7,58394.1,58502.3,10.80724158
1725304500000,58502.4,58525.7,58462.7,58520.2,9.62306725
1725305400000,58519.4,58539.1,58398.8,58446.9,9.32961086
1725306300000,58446.9,58476.8,58408.2,58449,9.06378149
1725307200000,58448.9,58562.6,58379.9,58536,32.12674206
1725308100000,58536.1,58578,58514,58516,15.44641597
1725309000000,58516.1,58666,58500.2,58608.1,23.57345686
1725309900000,58608,59255.8,58586,58995.5,201.07643492
1725310800000,58997.9,59275,58989.8,59230,106.77799233
1725311700000,59230,59274,59132.2,59274,49.40751769
1725312600000,59274.3,59289.4,59018.2,59099.8,31.08128384
1725313500000,59099.8,59128.9,58880,59042,41.24804957
1725314400000,59042.1,59170,59000,59090,68.25890244
1725315300000,59090.1,59227.9,59044,59220.2,86.77253406
1725316200000,59220,59260,59108.4,59243.8,65.87935416
1725317100000,59240.1,59356,59210,59352.9,26.02480324
1725318000000,59352.9,59433.8,59237.9,59250.7,36.14017047
1725318900000,59250.6,59294.7,59074.6,59089.6,28.61557846
1725319800000,59092,59202.4,59082.8,59164.3,19.19972508
1725320700000,59160.4,59176.5,59078.3,59143.2,40.71177358
1725321600000,59142.2,59152.1,59063.7,59109.8,14.82762119
1725322500000,59113,59151.9,59025.1,59133,18.96052007
1725323400000,59133,59189.4,59044,59135.7,20.30845665
1725324300000,59135.6,59255.8,59118.1,59255.8,12.82715085
1725325200000,59255.8,59413.9,59217.4,59268.1,47.40597258
1725326100000,59268.1,59329.4,59204,59259.2,25.54555297
1725327000000,59260,59292,59187.8,59214.1,39.89813325
1725327900000,59212.5,59408,59186.8,59388.7,52.68772639
1725328800000,59388.1,59817,59342.1,59759.9,241.28539428
1725329700000,59760.4,59811.4,59548.4,59581.8,92.29227337
1725330600000,59582.4,59652.5,59408.3,59455.9,85.24562969
1725331500000,59456,59499.9,59312,59317.3,42.16558561
1725332400000,59317.4,59335.3,59245.4,59297,48.6954603
1725333300000,59295,59328.2,59131.7,59132.6,48.3925096
1725334200000,59132.6,59205.2,59132.5,59162.5,31.4432385
1725335100000,59162.5,59190.3,59082.9,59121.4,42.42805073
1725336000000,59121.4,59184,59074.7,59106.6,28.29755492
1725336900000,59106.6,59158,59074.7,59132.4,22.16373647
1725337800000,59132.4,59242.6,59120,59230,32.39085029
1725338700000,59230,59245.8,59008.7,59099.4,83.90940962
1725339600000,59099.4,59261.4,59000,59248.2,71.4683126
1725340500000,59248.2,59263.2,59199.3,59235.9,24.37192182
1725341400000,59235.2,59243.2,59153.4,59159.5,16.09894201
1725342300000,59161.8,59214.2,59133.9,59194.5,11.85479157
1725343200000,59194.2,59194.2,58930.3,58975.9,102.55349861
1725344100000,58975.9,59023.8,58878.6,58986.9,32.27732666
1725345000000,58987.4,59029.9,58916.5,58987.2,20.30585141
1725345900000,58987.3,58995.9,58873.9,58890.8,36.51470772
1725346800000,58890.8,59006.8,58883.9,58927.9,42.67835408
1725347700000,58928,59014.5,58924.8,58963.5,24.89466454
1725348600000,58963.6,59127.7,58963.6,59095.7,96.30324102
1725349500000,59095.6,59135.6,59072,59104.2,45.0999046
1725350400000,59104.2,59138,59060.1,59060.1,29.81044343
1725351300000,59060,59114.6,59014,59023.9,20.26878827
1725352200000,59024.8,59028.2,58716,58781.8,74.66234048
1725353100000,58783.3,58864.4,58724.1,58780.2,32.27027159
1725354000000,58784,58866.6,58772.4,58804,24.28602261
1725354900000,58803.9,58920,58790.1,58868.7,52.764765
1725355800000,58868.8,58963.2,58836.8,58872.6,20.40707303
1725356700000,58872,58957.2,58857.6,58872.4,23.45845437
1725357600000,58872.5,58945.8,58832,58930.7,13.17956317
1725358500000,58930.6,59195.3,58903.4,59175.8,55.59975449
1725359400000,59175.1,59186,59031,59061.6,25.11667913
1725360300000,59062.9,59084,58970,59076.9,17.78536617
1725361200000,59076,59100,58942.1,59009,17.49994167
1725362100000,59009.4,59055.7,59009.4,59055.3,11.36670166
1725363000000,59055.2,59104,59016,59016.1,15.51926482
1725363900000,59016,59087.4,58972.1,59066.6,15.90483394
1725364800000,59066.6,59200,59050.5,59152.1,45.35695024
1725365700000,59152.6,59254.9,59094.1,59215.7,23.33710855
1725366600000,59214.9,59360.3,59202.7,59241.8,55.83338034
1725367500000,59238,59257.4,59132.4,59136,26.33562084
1725368400000,59137.3,59323.1,59132.4,59302.3,21.47390796
1725369300000,59302.2,59302.3,59090.9,59116.7,32.17845267
1725370200000,59121.4,59145.1,58494.9,58636.8,272.6635715
1725371100000,58636.9,58636.9,58194.7,58403.9,274.7554672
1725372000000,58402.8,58402.8,57885.5,57896.3,272.60401679
1725372900000,57896.3,58142,57774.4,58046,236.15332158
1725373800000,58044,58044,57780.4,57891.7,130.53628233
1725374700000,57891.6,57926,57562.1,57674.1,197.62566387
1725375600000,57672.4,57972.3,57626,57968,120.6534277
1725376500000,57968,58018.4,57702.1,57784,75.71296914
1725377400000,57784.9,57900,57631,57690.7,97.61219017
1725378300000,57692,57810.6,57630.8,57724,71.98605118
1725379200000,57721.5,57858.9,57680.6,57830.4,74.86667323
1725380100000,57828.6,57936,57684,57741.7,60.08695757
1725381000000,57741.7,57793.7,57658.7,57729.2,69.45555205
1725381900000,57724.1,57835.9,57673.1,57697.6,53.67294664
1725382800000,57697.6,57797.7,57677,57703.8,32.44405771
1725383700000,57700,58041.5,57686.1,58027.1,58.83061313
1725384600000,58023,58104.3,57842,57904,55.41146752
1725385500000,57902.7,57986.7,57690.6,57694.5,64.23984923
1725386400000,57697.5,57821.4,57590.9,57771.4,85.99009906
1725387300000,57775.4,57960,57769.7,57895.4,59.90447201
1725388200000,57892.8,58059.9,57884,58041.1,33.33647351
1725389100000,58043.9,58057.3,57907.8,57924,33.69201484
1725390000000,57922.1,58158.1,57902.1,58144,31.98378063
1725390900000,58143.9,58251.4,58002.7,58005.5,34.39526822
1725391800000,58006.6,58056.7,57856.6,57949.1,57.31047325
1725392700000,57949,58111.1,57848.7,58047.6,72.38945434
1725393600000,58050,58196,58049.9,58190,16.34864979
1725394500000,58189.9,58237.9,58130.4,58146.1,12.47971397
1725395400000,58146.7,58228,58072.8,58123.8,26.34687423
1725396300000,58124,58243.9,58063.7,58235.7,54.55085888
1725397200000,58238,58246.2,58137,58154.2,11.46528729
1725398100000,58154.1,58195.2,57963.5,57994,45.50510499
1725399000000,57992.1,58087.3,57970,58018.4,16.72512086
1725399900000,58020.1,58152.1,58008.3,58126.2,24.67251234
1725400800000,58126.3,58187,57935.6,58002.4,42.61283746
1725401700000,58002.7,58074.6,57940.2,57963.4,43.90470328
1725402600000,57963.4,57985,57877.5,57886,22.64609902
1725403500000,57888.4,57914.5,57863.2,57867.4,9.56795117
1725404400000,57869.4,57909.1,57714.2,57790.3,28.82584113
1725405300000,57790.2,57819.9,57660,57660,38.65977191
1725406200000,57662.3,57744,57653.6,57744,34.2972138
1725407100000,57745.3,57746,57401,57484,139.99172693
1725408000000,57480.1,57819.6,57461.4,57784.3,25.35884513
1725408900000,57784.2,57947.9,57771.5,57807.4,99.63603004
1725409800000,57804.2,57931,57656.1,57718.1,58.28528109
1725410700000,57720.1,57854.1,57102,57133.3,245.47707085
1725411600000,57133.3,57148.8,55568,56196.9,1793.56152513
1725412500000,56196.8,56537.2,56034.6,56416.1,310.70205135
1725413400000,56418,56906,56360.4,56796,216.70304302
1725414300000,56796,56920,56747.6,56779.1,92.21895803
1725415200000,56778.4,56822,56520.3,56656.9,136.46476411
1725416100000,56653.9,56771.3,56600.1,56608.7,46.41016517
1725417000000,56609.6,56747.6,56600.5,56704.1,26.02014385
1725417900000,56704.1,56762.8,56629.7,56642.1,56.91350696
1725418800000,56642.1,56814.8,56603.2,56762,51.57264871
1725419700000,56760.6,56820,56720.9,56818,20.6645908
1725420600000,56812.3,56847.9,56712.1,56716,92.09238707
1725421500000,56716,56779.7,56640.1,56661.9,49.33551474
1725422400000,56662,56708,56636.3,56708,17.94633028
1725423300000,56707.2,56707.2,56555.1,56573.9,26.20057973
1725424200000,56573.8,56682.4,56562,56667.1,29.46627321
1725425100000,56667,56728.9,56604.6,56692.1,69.00757359
1725426000000,56694,56694,56561.2,56561.2,15.32714662
1725426900000,56561.2,56561.2,56466.6,56501.1,64.66082041
1725427800000,56501,56515,56222.9,56407.9,156.70442702
1725428700000,56407.9,56411.9,56168,56240.3,150.07314993
1725429600000,56240.3,56461.7,56240.3,56291.9,93.8962652
1725430500000,56297.1,56516.6,56228,56492.9,105.96339994
1725431400000,56490,56512.7,56358,56392.1,77.59766556
1725432300000,56392,56525.7,56236.8,56272.9,52.25535246
1725433200000,56271,56553.8,56250,56511.6,72.46915978
1725434100000,56508.1,56623.2,56473.3,56515.2,128.68420261
1725435000000,56517.9,56883.7,56500,56846.9,153.18653465
1725435900000,56849.9,56878.1,56720.7,56748.9,61.51468091
1725436800000,56748,56815.7,56666,56722.1,75.06969728
1725437700000,56722.1,56848.2,56703.7,56848.1,28.09170234
1725438600000,56848,56899.8,56700,56701.9,37.26877045
1725439500000,56702,56801.7,56702,56780.1,41.78816268
1725440400000,56780.1,56853.7,56705.7,56728.1,24.60159477
1725441300000,56728.1,56754,56667.1,56734.2,39.52179704
1725442200000,56734.3,56754.7,56644.1,56747.6,26.05434542
1725443100000,56747.7,56800,56575.5,56596,75.6313598
1725444000000,56596.1,56665.8,56468,56548.2,41.63175847
1725444900000,56548.2,56664,56450,56620.2,43.19544883
1725445800000,56620.2,56701.7,56490.2,56521,35.37529545
1725446700000,56521.4,56567.1,56438,56447.6,42.80684145
1725447600000,56448.1,56582,56448.1,56518.4,27.27722533
1725448500000,56518.4,56560.5,56456.6,56531.1,29.0059099
1725449400000,56531.1,56687.3,56520.3,56621.5,31.19140147
1725450300000,56620,56635.2,56551.2,56565.9,34.13231789
1725451200000,56564,56678,56478.7,56503.8,42.69803436
1725452100000,56503.9,56643.9,56494.2,56635.2,17.20700255
1725453000000,56635.3,56732,56510.1,56732,54.15242708
1725453900000,56732,56765.6,56582.3,56604,31.33673697
1725454800000,56603.9,56639.8,56480,56516,37.3561468
1725455700000,56515.9,56583.2,56461.7,56486,36.32609861
1725456600000,56486,56690,56316.8,56408.1,146.70370874
1725457500000,56408.4,56539.8,56350,56493,98.65687529
1725458400000,56494.2,56739.8,56179.6,56569.6,371.49653017
1725459300000,56571.6,56637.4,56277.5,56448.7,89.94548095
1725460200000,56448.8,57100,56408.1,57086.7,255.92617014
1725461100000,57087.6,57583.8,57035,57515.7,429.9137364
1725462000000,57515.7,57768.3,57371.9,57469.9,324.40728293
1725462900000,57470,57532,57360.7,57414,183.2952445
1725463800000,57413.9,57797.8,57366.1,57777.5,241.67155164
1725464700000,57776.1,58165.1,57776.1,58128.7,312.2978224
1725465600000,58128.2,58446.2,58119.2,58150.3,274.44932528
1725466500000,58150.3,58480.3,58139.9,58286,103.32237982
1725467400000,58286,58522.1,58216.9,58248.4,101.66030058
1725468300000,58247.9,58521.4,58246.2,58400,114.65613669
1725469200000,58398.4,58480.6,58254.2,58258.7,72.88665367
1725470100000,58258.6,58330,57964.2,57964.3,194.92877667
1725471000000,57964.2,58034,57814.4,57927.3,114.86253266
1725471900000,57928,58084,57840.1,57874.7,44.82977727
1725472800000,57874.8,57974.9,57800,57944.7,45.60982326
1725473700000,57944,57999.9,57775.7,57899.6,54.80179979
1725474600000,57894,57978.4,57656.2,57662.1,44.29907601
1725475500000,57663.9,57766.5,57640.1,57679.4,38.47829079
1725476400000,57679.5,57861.5,57653.2,57846,62.46513909
1725477300000,57847.9,57946.2,57736.4,57930.7,47.31338584
1725478200000,57928.1,57988,57793.3,57965.8,39.77745465
1725479100000,57965,58171.3,57838.5,58056.4,67.57873597
1725480000000,58060.3,58183.5,57996.2,58000,32.01398011
1725480900000,57994.8,58036,57900.1,57921.4,25.38813778
1725481800000,57919.6,58050.8,57911.4,58016.3,9.66955259
1725482700000,58014,58127.9,57822.3,58044.1,140.16667775
1725483600000,58044,58091.6,57968.2,57994,17.75633158
1725484500000,57994,58055.5,57942.1,57996.3,9.27029969
1725485400000,57996.4,58067.9,57980.9,57980.9,8.60625951
1725486300000,57980.1,58121.7,57980,58101.8,3.83487673
1725487200000,58101.9,58408.1,58101.9,58381,45.34705962
1725488100000,58380.2,58403.2,58075.8,58105.6,44.06302917
1725489000000,58101.9,58211.8,58036.6,58067.8,25.2565255
1725489900000,58064,58171.6,58038,58134.8,15.80831976
1725490800000,58131.4,58206.4,58114.4,58181.2,15.41857006
1725491700000,58182.8,58251.8,58070.7,58087.9,74.31456983
1725492600000,58085.9,58125.9,57975.6,58002.3,16.79241705
1725493500000,58003.8,58011.9,57891.4,57970,45.5874984
1725494400000,57970,58109.9,57949.7,58090.9,35.82350937
1725495300000,58087.3,58329.9,58059.3,58259.7,45.69979676
1725496200000,58256.1,58262.2,58065.9,58084,40.77848648
1725497100000,58083.9,58197.9,57990.9,57999.4,64.24837732
1725498000000,58001,58073,57953.3,58008.5,93.83562473
1725498900000,58008.1,58132.5,57955,58124,72.50307575
1725499800000,58123.9,58261.3,58097,58140.1,53.38164338
1725500700000,58140.1,58186,57988.1,58025,20.6253604
1725501600000,58024,58074.4,57750,57776.8,109.12955052
1725502500000,57777,57860.9,57750,57839.9,75.91682447
1725503400000,57836.7,57868.6,57681.1,57720.2,107.15290109
1725504300000,57720.2,57766.9,57658.3,57697,67.247638
1725505200000,57696.9,57698,57099.9,57200.7,690.49173295
1725506100000,57200.9,57255.7,57006.3,57086.5,349.67857214
1725507000000,57089.9,57173.9,56900,57151.4,140.35692121
1725507900000,57151.3,57195.9,57060.8,57127.1,42.60836811
1725508800000,57127.4,57258.6,57068.5,57257.7,46.65276841
1725509700000,57258.7,57273,57162.2,57237.8,37.45553806
1725510600000,57240,57249.4,57140,57157.8,41.93778116
1725511500000,57157.8,57286.4,57153.4,57203.6,71.42449959
1725512400000,57204.1,57216.3,57030,57166.4,83.21501289
1725513300000,57162.1,57259.1,57106.1,57252.1,42.54880047
1725514200000,57253.1,57256.9,57156.1,57210,11.4036176
1725515100000,57209.1,57226.5,57132.2,57192.1,11.18300118
1725516000000,57192.1,57222.7,57072,57095,113.17115671
1725516900000,57091.9,57100,56534.8,56850,231.85272738
1725517800000,56849.9,56879.2,56727.8,56876.4,84.91838593
1725518700000,56876,56958.1,56830,56909.7,62.32483697
1725519600000,56909.7,57208.4,56829.2,57160.6,110.28947418
1725520500000,57156.2,57224,57107.1,57196.1,72.47105917
1725521400000,57200.1,57252,57164.2,57188.6,44.14532367
1725522300000,57188.5,57200,57146,57151.9,55.39021095
1725523200000,57150.6,57237.9,57134.6,57163.9,48.023717
1725524100000,57163.9,57226,57147.9,57155,33.157608
1725525000000,57155.1,57184,56980.3,57032.9,58.26463969
1725525900000,57027.2,57041.9,56952.1,57009.2,17.92575102
1725526800000,57009.3,57020,56930.6,56959.9,24.59547023
1725527700000,56959.9,56998.1,56759.2,56821.3,100.36247393
1725528600000,56820,56930.7,56611.1,56902.7,128.66407093
1725529500000,56900,56949.4,56750,56799.9,57.59063884
1725530400000,56799.9,56851.9,56692.1,56783.8,32.91851012
1725531300000,56784,56830.5,56654.5,56722,58.89572534
1725532200000,56721.3,56839.9,56640.1,56798.9,35.33225508
1725533100000,56798.9,56835.6,56721.1,56770.5,31.27042676
1725534000000,56773.8,56849.5,56637.2,56700.3,54.4409372
1725534900000,56700.2,56787.9,56668.2,56784.3,51.66356567
1725535800000,56783.2,56875.3,56701.5,56723.9,56.0903442
1725536700000,56720,56756,56664.6,56693.5,33.07659991
1725537600000,56692,56852.7,56548,56847.1,93.40671528
1725538500000,56846.1,56848.2,56321.9,56606,209.3191082
1725539400000,56607.9,56810.5,56436.9,56560,101.48093703
1725540300000,56560,56727.7,56490,56661.8,52.31940283
1725541200000,56662.8,56788.1,56620.1,56620.1,56.82180899
1725542100000,56620.2,56722.2,56585.1,56706.2,26.08955862
1725543000000,56706.3,57160,56566,56911.1,221.33333449
1725543900000,56911,57058,56614.3,57033.3,176.71427015
1725544800000,57033.5,57370.5,56696,56765,350.71209583
1725545700000,56760,57270.8,56700,57026,170.82675421
1725546600000,57027.9,57187.9,57002.6,57012.1,72.82047753
1725547500000,57008.6,57012.7,56472.9,56556,150.31784893
1725548400000,56554.9,56670,56238,56484.8,388.20300719
1725549300000,56492,56618,55915.4,55976,540.10246459
1725550200000,55974,56200,55809.6,55961.1,262.18649754
1725551100000,55964,56180,55958.5,55976.1,171.42583615
1725552000000,55979.5,56158.2,55956,56076.3,54.1942734
1725552900000,56076.3,56297.5,55958,56189.8,119.61854431
1725553800000,56185.9,56373.3,56072.6,56342.9,62.927808
1725554700000,56344,56414.6,56130,56334,58.63465078
1725555600000,56334,56463.4,56260.1,56404,56.99417326
1725556500000,56405.3,56458,56245.2,56255.9,37.44939265
1725557400000,56256.2,56418.1,56197.2,56418.1,40.8393359
1725558300000,56418.1,56618,56407.9,56603.4,69.18316403
1725559200000,56603.4,56686.1,56508,56508,47.24483156
1725560100000,56507.8,56654,56502.1,56634.1,20.14728996
1725561000000,56635.1,56684.5,56542,56561.1,30.2998022
1725561900000,56561.2,56719.2,56536.1,56550.7,30.45899739
1725562800000,56550.7,56575.1,56381.8,56388.7,111.44786898
1725563700000,56390.5,56390.5,55950.4,56245.1,121.14675889
1725564600000,56246,56386.6,55859.7,55919.2,169.8203332
1725565500000,55919.3,56117.5,55787.2,56051.2,157.6604088
1725566400000,56049.2,56211.8,56006.6,56099.9,42.58744206
1725567300000,56100,56172,56006.1,56114.8,46.48246041
1725568200000,56114.1,56191.4,56041.5,56181.8,30.60546591
1725569100000,56181.7,56255.9,56030,56088.2,23.74084527
1725570000000,56088.1,56138,56064,56125.6,15.75249741
1725570900000,56125.5,56248.6,56125.5,56184,13.76380228
1725571800000,56184,56272,55631,56132,174.78289936
1725572700000,56131.5,56188.1,56020.7,56149,34.10009271
1725573600000,56145.4,56229.9,55986.4,56012.2,43.08215856
1725574500000,56012.1,56078.3,55781.7,55964,87.15618527
1725575400000,55963.9,56133.3,55952,56115.4,56.75307048
1725576300000,56115.4,56161.2,56021.5,56104.1,36.07628156
1725577200000,56104.1,56168,56080,56135.8,39.40134045
1725578100000,56135.8,56140,55984.6,56096.8,36.27749878
1725579000000,56096.7,56170.5,56034.7,56164.9,16.499472
1725579900000,56164.9,56209.9,56124.1,56176,25.98209501
1725580800000,56176,56330,56174.1,56295.7,77.86293227
1725581700000,56295.6,56332.7,56179.3,56251.9,28.21094227
1725582600000,56252,56297.5,56000,56082.5,39.06075612
1725583500000,56084,56217.8,55980.1,56172.1,96.22282209
1725584400000,56172.1,56179.1,55985.1,56091.9,56.74702057
1725585300000,56088.1,56298,56052,56208.1,58.26450206
1725586200000,56208,56619.9,56201.5,56500,135.42639103
1725587100000,56503.1,56612,56431.2,56563.4,65.4505005
1725588000000,56560.1,56863.5,56500.1,56771.9,141.23806723
1725588900000,56772,56847.9,56687.4,56766,109.36719798
1725589800000,56761.1,56853.9,56686.4,56826.5,65.41616952
1725590700000,56824,56855.9,56704.9,56738,44.23325981
1725591600000,56738.8,56785.7,56694,56764.6,32.82405812
1725592500000,56768.1,56831.9,56709.9,56793.1,55.48617814
1725593400000,56797.4,56844,56700.1,56715.9,52.14032107
1725594300000,56716,56760,56525.9,56586,86.27626119
1725595200000,56586,56748,56586,56732.2,31.70453668
1725596100000,56732.1,56732.1,56646,56693.7,18.3716332
1725597000000,56693.7,56720,56614.2,56667.3,12.42202217
1725597900000,56664,56709.9,56582.3,56592,14.60905758
1725598800000,56593.6,56668,56491.4,56520.7,27.78088442
1725599700000,56524,56545.9,56339.1,56363.9,67.30361888
1725600600000,56361.7,56452.6,56303.3,56421,37.47238882
1725601500000,56423.7,56537.4,56390.2,56490,60.20646603
1725602400000,56489.2,56518.2,56330,56367.7,32.9147589
1725603300000,56371.7,56429.9,56332.2,56339.1,58.31871796
1725604200000,56339.9,56376.9,56258,56308.4,76.55544254
1725605100000,56309.5,56472.8,56295.2,56427.2,49.45964149
1725606000000,56427.2,56443.6,56163.6,56199.1,64.28881084
1725606900000,56194.4,56261.6,55273.4,55570,560.60194035
1725607800000,55570,55781.9,55281.4,55698.2,220.5808907
1725608700000,55698.1,55862,55651.8,55796.6,82.6819535
1725609600000,55796.6,55868,55732,55860.9,98.47733277
1725610500000,55859.4,55933,55750,55831.9,55.33546144
1725611400000,55831.1,55911.3,55761.3,55779.8,34.73550344
1725612300000,55779.8,55807.8,55633.9,55785.7,85.03369821
1725613200000,55785.7,55837.9,55717.2,55763.9,33.98245296
1725614100000,55763.3,55792,55675.7,55760.5,18.87486974
1725615000000,55760.4,55908.3,55744.6,55857.9,58.51120734
1725615900000,55860.9,55927.9,55806.5,55891.7,60.97691271
1725616800000,55892,55993.9,55884.1,55953.3,29.32532977
1725617700000,55950.9,56180.6,55948,56136,89.06753089
1725618600000,56134,56269.7,56081.2,56113.9,54.75773627
1725619500000,56116,56200,56109.6,56169,55.77219917
1725620400000,56168.7,56246.9,56030.3,56069.9,73.35949617
1725621300000,56067.9,56160,55978,55984.3,92.24204204
1725622200000,55986.1,56026,55934.8,55934.8,61.46146377
1725623100000,55934.4,56079.9,55831.3,56000,55.98631817
1725624000000,56000,56093.9,55848.9,55900,51.30451843
1725624900000,55900,56116.1,55840.4,55908.8,95.77840002
1725625800000,55908.7,56820,55666.4,56500,758.53415826
1725626700000,56500,56932.9,56423.3,56879.9,230.73041113
1725627600000,56876,56888.3,56631.3,56816,164.89623347
1725628500000,56816.5,57054.8,56708.7,56751.2,122.62331291
1725629400000,56752,56874.6,55819.2,56103.3,401.44357716
1725630300000,56103.3,56209.5,55892.9,55892.9,162.57713019
1725631200000,55894.3,55936,55000,55097.7,583.32986734
1725632100000,55094,55351.5,54735.4,54806.1,750.48955498
1725633000000,54812.5,55185.9,54726.2,54788,479.09809556
1725633900000,54790,54897.3,54400,54729.9,830.71251848
1725634800000,54725.4,55020.4,54463.1,54482.4,367.2783353
1725635700000,54486,54593.7,53805.4,54193.9,698.00770669
1725636600000,54196,54447.9,54166.7,54400.1,256.61177171
1725637500000,54400.1,54424.1,54020.5,54044,286.29500465
1725638400000,54044.1,54258.2,53994,54125.9,232.46458537
1725639300000,54120,54245.1,53834.1,54102,363.72015834
1725640200000,54101.1,54233.2,53835.1,54020.2,200.89322929
1725641100000,54020.2,54105.9,53620,54073.7,451.74127333
1725642000000,54074.5,54288.5,53968.3,54285.2,199.0371064
1725642900000,54285.1,54434.1,54200.1,54264.6,291.18435002
1725643800000,54264.5,54286.2,53690,53946.1,172.31235382
1725644700000,53946.1,54062.2,53764,53934.2,106.91003375
1725645600000,53934.4,53994.1,53761.5,53866.1,82.88659015
1725646500000,53868.6,53934.9,53555,53791.2,143.65403851
1725647400000,53791.2,53882.9,53384,53664,209.89187376
1725648300000,53654.5,53688,53350,53350.2,247.412457
1725649200000,53350.2,53850,53344.8,53764,181.87481332
1725650100000,53765,53836.8,53590.1,53623.8,308.32039438
1725651000000,53627,53643.9,53260.1,53426.2,267.22767694
1725651900000,53426.3,53999.7,53412.6,53535.9,410.58620239
1725652800000,53536,53804,53470.6,53772.8,76.99968246
1725653700000,53774.1,53774.1,53322.1,53466.9,153.46894038
1725654600000,53464.4,53517.1,53010,53396,446.13461045
1725655500000,53392.8,53430,52600,52879.6,769.25200731
1725656400000,52881.1,53308.7,52528.6,53244.4,474.51646432
1725657300000,53247.7,53435.4,53180.2,53426,99.53933609
1725658200000,53426,53602.9,53365.3,53466,67.96685766
1725659100000,53466,53771.6,53466,53769.5,52.89725424
1725660000000,53771.8,53822.2,53650.1,53796.2,53.84431931
1725660900000,53796.2,53869.8,53702,53824.1,53.73963049
1725661800000,53824,53842,53748.8,53824,47.42618072
1725662700000,53824,53860,53606.3,53642.8,47.84124237
1725663600000,53642.9,53725.8,53604.1,53706.5,79.07992919
1725664500000,53701.9,53861.1,53675,53780.8,37.09046255
1725665400000,53780,53860,53750.2,53851.8,18.91739321
1725666300000,53851.9,53972,53851.9,53958.8,44.48532379
1725667200000,53958.8,54097.4,53930.5,53944,93.49619137
1725668100000,53944.8,53983.7,53889.3,53936,44.7526151
1725669000000,53938.7,54058,53896.1,54044.9,99.34521801
1725669900000,54046.2,54068,53911,53912.6,39.79011335
1725670800000,53912.6,53999.3,53850.7,53883.3,43.72424888
1725671700000,53883.9,53917.8,53831.1,53874,52.07898724
1725672600000,53873.9,53913.6,53792.1,53802.7,51.08893474
1725673500000,53802.7,53843.7,53734.1,53815.4,53.47897836
1725674400000,53815.2,53855.9,53748.2,53846.2,35.41322134
1725675300000,53846.5,53945.8,53800,53851.7,92.92674786
1725676200000,53848.8,53926.6,53816.8,53888.2,69.42453676
1725677100000,53888.2,53912,53759.9,53802,63.39960233
1725678000000,53802,53857.5,53782.3,53850.6,31.97334056
1725678900000,53850.6,53860,53805,53860,43.37540517
1725679800000,53860,53869.4,53821.5,53847.8,26.18203741
1725680700000,53847.3,53869.3,53788.4,53813.8,64.56758939
1725681600000,53815.9,53865,53799.9,53850,72.77307237
1725682500000,53850,53856,53810.1,53841.9,60.59554927
1725683400000,53842,53956.4,53842,53956.1,24.80072494
1725684300000,53956,54060,53950.7,54056.6,49.84876014
1725685200000,54056.7,54388.1,54000.3,54285.8,160.47769443
1725686100000,54282,54305.9,54127.6,54153,107.83038524
1725687000000,54154.6,54264.1,54154.6,54204.1,70.52053126
1725687900000,54206.7,54287.4,54162.8,54180.1,92.21109178
1725688800000,54185.4,54226,54033,54115.9,68.25244231
1725689700000,54116,54203,54097.9,54172,41.26925461
1725690600000,54172,54280.6,54116.8,54255.5,47.56755638
1725691500000,54255.5,54380,54251.2,54311.6,106.5533668
1725692400000,54311.6,54394.8,54272,54305.9,92.37037947
1725693300000,54304,54340,54232,54283,73.99602736
1725694200000,54282.2,54397.6,54166.5,54274,73.96758136
1725695100000,54274,54291.8,54187.6,54289,32.72732304
1725696000000,54288.9,54334.1,54236.1,54290.2,23.17616418
1725696900000,54290.1,54364,54189.8,54356.1,71.44498027
1725697800000,54356,54400,54249.9,54364.7,93.48438977
1725698700000,54364.7,54383.6,54294.1,54377.9,73.63584618
1725699600000,54375.7,54418,54300,54305.1,40.98189354
1725700500000,54308.5,54322,54172.5,54196.7,43.24048074
1725701400000,54196.6,54247.1,54188,54211,25.7914053
1725702300000,54212,54298.5,54202.1,54248.9,16.57822478
1725703200000,54248.9,54326,54242.1,54301.9,38.38999601
1725704100000,54302.2,54380.1,54302.2,54345.8,52.92110506
1725705000000,54344.6,54411.7,54316.1,54411,37.83858243
1725705900000,54411,54453.1,54339.9,54341.3,64.79127988
1725706800000,54341.4,54413.5,54315.3,54394.1,34.80205772
1725707700000,54394.1,54448.9,54370.1,54426.2,23.58463892
1725708600000,54426.1,54492.1,54310.4,54332.6,41.0813278
1725709500000,54332.1,54366,54279.5,54327.9,45.25289942
1725710400000,54328,54439.5,54328,54418.3,42.70129979
1725711300000,54418.3,54468,54383.4,54444.1,28.11154946
1725712200000,54444.3,54545,54444.3,54474,54.09200706
1725713100000,54474,54676,54473.9,54582,329.05943127
1725714000000,54582.8,54635.2,54544.1,54635.2,82.47753179
1725714900000,54634.6,54634.6,54532.5,54579.8,95.08197658
1725715800000,54579.8,54660,54412.7,54476.3,51.10303348
1725716700000,54476.4,54591.8,54400.7,54547.8,62.04283064
1725717600000,54547.8,54695.9,54516,54623.5,42.00437308
1725718500000,54623.5,54660,54557.2,54623.3,32.07238719
1725719400000,54623.2,54672.4,54502,54509.4,34.06922906
1725720300000,54508.1,54651.9,54488.1,54630.3,72.27639269
1725721200000,54630.3,54794.6,54594.1,54667.7,43.37290763
1725722100000,54667.6,54819.4,54620.1,54782.4,45.50322754
1725723000000,54782.3,54832,54690.9,54743.8,41.09244204
1725723900000,54743.8,54820,54720,54784.1,18.88082921
1725724800000,54784.1,54853,54692.1,54711.4,60.44042322
1725725700000,54711.4,54771.1,54676.1,54676.1,22.3130076
1725726600000,54676,54694,54443.8,54506.2,75.6553985
1725727500000,54507.1,54553.9,54441.1,54466,15.72621819
1725728400000,54466.1,54542.8,54340.1,54457.6,35.49667596
1725729300000,54456.1,54466,54366,54408,29.83189868
1725730200000,54408,54420,54308,54314.6,21.86035767
1725731100000,54310.4,54328,53979.4,54129.6,195.80658775
1725732000000,54128.8,54215.9,54036,54143.9,50.86667944
1725732900000,54144,54325.6,54144,54266,42.43406315
1725733800000,54264.1,54358.8,54190.3,54358.6,34.32146591
1725734700000,54358.7,54404.6,54265.4,54294.1,28.70469988
1725735600000,54293.7,54345.5,54233.8,54300.2,8.07824048
1725736500000,54300.2,54373.2,54284,54362.1,18.12279551
1725737400000,54360,54425.7,54324.1,54400,16.63115072
1725738300000,54399,54461,54398.1,54400.1,11.99854539
1725739200000,54400.2,54437.8,54295.7,54302.2,14.9960021
1725740100000,54300.2,54344,54252,54310,15.0110181
1725741000000,54310,54339.9,54251,54275.4,14.34297232
1725741900000,54275.5,54279.4,54161.4,54161.4,20.05428708
1725742800000,54161.5,54172.5,53916.2,53984.1,88.43223696
1725743700000,53989.6,54193.7,53972,54100.1,19.00269628
1725744600000,54100,54151.8,53900,54036.1,146.75513616
1725745500000,54036,54047.9,53863.5,53928.4,31.00456212
1725746400000,53929.2,54085.6,53908.5,54000,13.69174368
1725747300000,53998.1,54036.3,53901,53987.1,14.71336091
1725748200000,53987.1,54003,53857.6,53962.9,24.45886896
1725749100000,53960,53986,53930,53954,18.08236306
1725750000000,53953.9,53968,53803.8,53921,47.7461715
1725750900000,53921.6,54055.9,53909.3,54048.3,31.27901234
1725751800000,54048.1,54060.8,53993.1,54050.4,12.08777027
1725752700000,54050.3,54219.2,54032.3,54155.8,55.76881272
1725753600000,54161.2,54186.4,54060.9,54114.9,21.233877
1725754500000,54115.9,54164.4,54065.9,54065.9,11.8282654
1725755400000,54065.9,54138.7,54000,54004.1,16.64695978
1725756300000,54005.4,54184.4,53966.6,54136.8,28.14115412
1725757200000,54138.1,54314.7,54135,54277.5,50.14083231
1725758100000,54279.7,54369.5,54222.1,54230.6,16.43135105
1725759000000,54230.6,54257.9,54194.8,54204,6.52137049
1725759900000,54204,54276.9,54170.2,54276.8,25.51593059
1725760800000,54276.9,54380,54276.1,54370.1,19.12375244
1725761700000,54370.1,54517.7,54329.4,54473.1,72.41830849
1725762600000,54469,54484,54302.2,54322.9,61.10313834
1725763500000,54324,54363.9,54308,54338.6,17.36194189
1725764400000,54339.9,54382.3,54322.1,54343.4,15.42594319
1725765300000,54343.4,54361.8,54308,54312,12.27784528
1725766200000,54312.1,54333.9,54259.4,54301.3,26.3255822
1725767100000,54301.2,54410.4,54300,54399.4,12.17568766
1725768000000,54399.4,54459.9,54382.1,54457.1,40.72646152
1725768900000,54457.1,54483.9,54390.1,54458.7,30.5043146
1725769800000,54458.7,54490,54377.7,54392,40.76789328
1725770700000,54389,54581.5,54368.1,54496.1,33.56231775
1725771600000,54496.1,54525.4,54429.9,54502.1,49.53364473
1725772500000,54502.1,54502.1,54429.5,54472,25.98972532
1725773400000,54472,54494.1,54425.1,54458,7.7696398
1725774300000,54457.9,54462,54335.7,54351.9,31.34281535
1725775200000,54348.3,54421.2,54344.1,54418.6,9.75067986
1725776100000,54419.3,54429.7,54353,54367.9,21.3764141
1725777000000,54368.1,54410.6,54265.1,54328.4,42.66453218
1725777900000,54328.5,54328.5,54290.2,54295.7,14.0890981
1725778800000,54295.8,54529.9,54295.7,54488.1,44.14757543
1725779700000,54488,54532.9,54383.2,54427.4,27.64570226
1725780600000,54425.9,54519.9,54425.4,54475.9,32.44339664
1725781500000,54474.4,54508.7,54414.1,54440.5,15.63602166
1725782400000,54441.9,54450,54358.6,54360.1,13.39183256
1725783300000,54360.1,54398.7,54355,54374.1,8.17696622
1725784200000,54374,54492.1,54374,54439.7,66.74873775
1725785100000,54437.5,54487.2,54432,54479.9,42.673852
1725786000000,54480,54746.7,54474,54644,125.15593047
1725786900000,54644.1,54720,54479.6,54631.4,62.47305242
1725787800000,54634.6,54645.9,54532.1,54541.3,16.11777229
1725788700000,54541.3,54575.9,54450,54450.1,44.88328686
1725789600000,54450.1,54588.2,54443.7,54585.9,119.4772859
1725790500000,54585.9,54652,54554,54616.9,97.60828441
1725791400000,54619.7,54644,54562.1,54605.9,35.99808729
1725792300000,54605.5,54622.2,54572.1,54606.1,7.41562441
1725793200000,54606.1,54678,54606.1,54666,9.97261896
1725794100000,54666.1,54667.9,54562.9,54570.1,45.66409212
1725795000000,54570.1,54634,54512.1,54580.1,44.72053197
1725795900000,54580,54609,54529.6,54560,10.86911763
1725796800000,54560,54567.2,54511.2,54567.2,66.24330431
1725797700000,54566.3,54573.9,54374.9,54409.2,71.19808376
1725798600000,54410,54485.1,54334,54408,80.63490701
1725799500000,54406.4,54440,54100,54200.8,116.02672521
1725800400000,54200.1,54200.8,54068.9,54163.4,102.75976316
1725801300000,54161.1,54264.2,54150.4,54254.9,95.93142735
1725802200000,54255,54285.7,54169.8,54274.6,32.27587938
1725803100000,54274.8,54406,54244.1,54397.3,33.52625388
1725804000000,54397.2,54458,54050,54136.9,113.39347938
1725804900000,54138,54235.2,54136,54192.1,115.67340535
1725805800000,54193.3,54228,54144,54224.2,29.33250397
1725806700000,54224.1,54273.8,54144.1,54147.5,51.65521507
1725807600000,54147.5,54199.9,53999.5,54060.5,50.65362703
1725808500000,54061.7,54105.1,53936,53955.8,74.84582145
1725809400000,53954,54044,53853.3,53904.2,83.99150517
1725810300000,53903.9,53973.7,53646.1,53687.9,139.60281665
1725811200000,53686.9,53859.5,53626.2,53751.1,103.4166833
1725812100000,53751,53857.1,53682.7,53842.1,65.18745986
1725813000000,53842.1,53980,53824,53979.9,44.26028953
1725813900000,53977.9,54029.9,53850.9,53908,24.17211732
1725814800000,53908.1,54117.6,53908,54108.7,44.61056552
1725815700000,54108,54268.1,54096,54229.5,76.89575521
1725816600000,54232,54404.2,54219,54336.3,71.37410895
1725817500000,54336,54519.2,54300,54502.3,53.08569371
1725818400000,54502.3,54530,54340,54370.4,31.39968133
1725819300000,54371.9,54452.4,54288.1,54288.1,22.50566282
1725820200000,54287.2,54423.6,54272,54416.9,30.59916151
1725821100000,54416.9,54457.2,54350.1,54412.6,5.9757155
1725822000000,54412.7,54481.9,54408.2,54468.1,8.13847493
1725822900000,54471.4,54477.2,54316.1,54374,14.04083499
1725823800000,54373.9,54411.1,54330,54362,6.23429891
1725824700000,54361.9,54395.9,54328.1,54333,5.82333509
1725825600000,54333,54368,54277.9,54353.6,27.44198626
1725826500000,54353.6,54357.8,54258.1,54295.9,8.53153814
1725827400000,54288,54311.8,54135.7,54214,33.91217354
1725828300000,54215.7,54381.8,54215.7,54375.2,18.00843835
1725829200000,54377.6,54635.8,54342.1,54539.9,62.14351459
1725830100000,54543.6,54591.5,54315.2,54359.4,29.76947177
1725831000000,54359.3,54520,54332,54452.1,11.05953201
1725831900000,54452,54467.8,54401.9,54458.6,2.25019512
1725832800000,54458.5,54620,54366,54544,44.36309746
1725833700000,54541.9,55320.1,54541.9,55206.2,374.34109796
1725834600000,55209.9,55245,54618,54731.9,326.23071883
1725835500000,54730.1,54839.6,54471,54530.6,75.80702413
1725836400000,54530.6,54818.7,54444.3,54742,109.27596333
1725837300000,54740,54969.7,54578.1,54908,150.94067156
1725838200000,54909.8,54945.1,54782.4,54918,43.84710377
1725839100000,54919.9,54977.7,54768.6,54875.9,35.87940763
1725840000000,54876,55148.9,54767,54947.9,153.11437255
1725840900000,54948,55212,54922.9,55020,53.84962922
1725841800000,55020,55059.4,54842.7,54844,39.90965559
1725842700000,54842.7,55085.3,54690.6,55050,102.47886581
1725843600000,55050.1,55368.6,55028.1,55171.9,329.07331061
1725844500000,55168.1,55189.4,54938.1,55080,61.37839919
1725845400000,55083.9,55263.1,54904.9,55227.7,117.08602868
1725846300000,55226.2,55292.5,55076.7,55100.2,41.32792041
1725847200000,55100.2,55100.2,54925,55016,57.6660621
1725848100000,55015.9,55021.4,54883.8,54884.8,55.50014669
1725849000000,54884.9,54977.9,54845.1,54923.9,35.57676613
1725849900000,54921.8,55135.9,54921.8,55108.1,60.17023706
1725850800000,55113.8,55147.9,54974.5,55082.7,28.63275319
1725851700000,55081.6,55089,54790,54979.9,117.02862166
1725852600000,54980,55220,54968.1,55191.3,87.73791219
1725853500000,55188.7,55197.2,55091.9,55117.9,50.32595372
1725854400000,55118,55155.3,55034.6,55097.7,61.97476095
1725855300000,55104.6,55108,54880,54934.1,54.91767538
1725856200000,54933.7,55000.1,54892,54910.1,38.52700067
1725857100000,54909.5,54972.4,54850,54853.2,51.3585797
1725858000000,54853.2,54887.6,54685.8,54795.1,107.37135488
1725858900000,54800,54855.4,54756.1,54831.9,27.76373233
1725859800000,54830.2,54936.2,54687.5,54710.3,65.74189506
1725860700000,54713.6,54724,54588.7,54672,95.93105623
1725861600000,54672.9,54800,54644.4,54764.7,26.24115042
1725862500000,54764,54841,54702.8,54803.7,37.03186382
1725863400000,54803.5,54971.9,54803.5,54886.1,49.39707157
1725864300000,54886.1,54900,54807.6,54900,21.54705967
1725865200000,54900,54923.5,54735.7,54754.4,36.24949429
1725866100000,54756.9,54831.2,54740,54799.9,13.18458521
1725867000000,54800,55000,54789.6,54950,84.28107309
1725867900000,54952,55000,54912.4,54966.7,54.2577291
1725868800000,54966.7,55193.7,54952.1,55144.1,103.20686957
1725869700000,55144.1,55248,55118,55219.3,104.31004829
1725870600000,55219.2,55333.4,55134.4,55207.8,73.07624315
1725871500000,55205.2,55253.6,55146,55249.5,78.00163141
1725872400000,55249.3,55555,55222.3,55337.9,237.28380403
1725873300000,55337.9,55392,55255,55298.3,75.13100785
1725874200000,55298.3,55362.9,55220.1,55226.5,43.5557943
1725875100000,55225,55260.1,55092.6,55152.4,70.03526052
1725876000000,55152.5,55274,55090.8,55272,80.33212401
1725876900000,55271.9,55453.9,55256,55433,85.68018969
1725877800000,55432,55456,55340,55349.8,108.84487677
1725878700000,55352.3,55401,55326.2,55364,25.31880877
1725879600000,55363.9,55387.1,55209.6,55236,96.70727414
1725880500000,55236.1,55326.8,55169.1,55326.8,37.4646719
1725881400000,55327.9,55347.9,55237.2,55268,127.39483002
1725882300000,55267.9,55282,55191.9,55263.9,84.56970819
1725883200000,55263.9,55293.8,55131.6,55189,65.46646502
1725884100000,55192.1,55228,54972,55031.5,74.34440763
1725885000000,55032,55230,55024,55218.2,64.90364184
1725885900000,55221,55359.1,55178.1,55343.1,48.42028817
1725886800000,55347,55353.2,55246.2,55299.2,26.51873685
1725887700000,55299.2,55586,55299.2,55408,126.6101631
1725888600000,55410.1,55592.5,55279,55495.6,394.52976814
1725889500000,55490.1,55805.2,55395.9,55696,423.01003504
1725890400000,55696.7,55755.7,55482.7,55561.9,174.97154007
1725891300000,55556.3,55562.6,55088.9,55142.1,277.03076854
1725892200000,55136.1,55150,54805.1,54905.2,305.97072487
1725893100000,54908,55050,54815.2,54833.9,174.13033654
1725894000000,54829.5,55327.9,54820.6,54992,172.24081659
1725894900000,54982.5,55252.5,54903.5,55244.7,45.68837793
1725895800000,55251.9,55366.5,55189.7,55294.2,88.34309094
1725896700000,55291.5,55473.2,55262,55383.9,88.17706502
1725897600000,55384,56040,55344,55923.5,436.89897151
1725898500000,55923.5,56260.2,55889.3,56090.1,668.72870914
1725899400000,56088.1,56346.7,55976.7,56275.5,288.33279115
1725900300000,56271.9,56541.4,56244.1,56430,322.60217005
1725901200000,56430.5,56723.9,56342.8,56518.4,428.62004164
1725902100000,56520,56600,56431.9,56568.7,248.79437877
1725903000000,56569.3,56775.6,56393.6,56419.9,294.10363733
1725903900000,56419.5,56627.9,56404.1,56513.9,64.30329721
1725904800000,56513.4,56626,56263.2,56435.2,238.45847463
1725905700000,56440,56603.5,56410,56489.4,35.68730212
1725906600000,56490.9,56561.9,56388,56536.2,90.09885767
1725907500000,56539.9,56652,56450,56526.1,80.82665357
1725908400000,56516.4,56871.4,56472.9,56626.5,308.43722427
1725909300000,56628.3,56882,56624.3,56869.6,95.51306194
1725910200000,56868,57028,56796.9,56928.9,184.74957505
1725911100000,56929.9,57187.4,56848.1,57096.1,146.6552007
1725912000000,57090.3,57135.9,56824,56831.9,328.05601788
1725912900000,56831.9,56949.6,56812.1,56866.2,64.94975152
1725913800000,56866.2,57022.2,56852.9,56963.7,41.85567853
1725914700000,56963.8,57057.5,56950,57011.5,61.98422272
1725915600000,57012,57588,57005.9,57504.6,126.41168639
1725916500000,57492,58135,57479.2,57669.5,507.09761241
1725917400000,57669.4,57707.9,57300.2,57303.6,107.65701712
1725918300000,57302.2,57528.7,57213.8,57452.7,39.41815382
1725919200000,57457.9,57631.4,57356.6,57393.4,72.18288413
1725920100000,57393.5,57487.2,57332.4,57389.8,40.69725495
1725921000000,57390,57410.6,57256.1,57298,35.60324535
1725921900000,57298,57317.3,57200.3,57216.9,39.26674109
1725922800000,57216.9,57232,57051.2,57100,49.48289902
1725923700000,57100.1,57268.1,57095.6,57201.6,27.44405064
1725924600000,57201.7,57250,57104,57114.1,62.60285177
1725925500000,57114.1,57119.9,56975.5,57030.8,108.92467318
1725926400000,57030.9,57066,56743.5,56743.5,177.43205593
1725927300000,56743.4,56849.3,56624.1,56628,93.51473014
1725928200000,56636,56894.4,56634.3,56848.1,62.42294386
1725929100000,56849.9,57009.9,56809.4,56988.2,52.8147472
1725930000000,56988.2,57058.7,56939.7,56995.6,37.73436016
1725930900000,56992.1,56995.6,56851.9,56868.9,51.72899974
1725931800000,56872.1,56938,56762.9,56831.9,22.93255828
1725932700000,56831.9,56937.8,56722.4,56900.4,47.51130867
1725933600000,56900.4,56920.9,56718.1,56741.3,60.22918275
1725934500000,56738.1,56764.9,56636,56670,128.70278837
1725935400000,56668.5,56865.8,56658,56839.9,46.30472981
1725936300000,56839.9,56851.5,56761.8,56774.7,8.10668631
1725937200000,56774.7,56813.5,56602.6,56670.5,45.11339816
1725938100000,56669.4,56707.9,56600,56682.8,47.72536257
1725939000000,56685.1,56693.9,56575.5,56601.7,33.09397173
1725939900000,56600,56658.6,56527.1,56527.1,36.43329178
1725940800000,56527.1,56636.9,56524.1,56596.3,28.70551806
1725941700000,56598.3,56738.5,56598.3,56676.6,15.84149728
1725942600000,56676.5,56676.5,56387.1,56518.4,55.27566689
1725943500000,56518.3,56633.9,56518.3,56610.1,23.09329358
1725944400000,56610.1,56722,56589.9,56713.7,63.65564334
1725945300000,56716.7,56957.2,56705.6,56898,104.58663875
1725946200000,56896,56974,56813.9,56939.6,72.5129094
1725947100000,56943.5,56952,56872,56943.7,84.28122206
1725948000000,56941.2,56941.2,56784,56815.9,35.77476247
1725948900000,56817.9,56861.6,56768.4,56850.1,16.08784956
1725949800000,56850,56905.4,56818,56855.3,87.11222042
1725950700000,56857.9,56868,56800,56827.2,58.88300485
1725951600000,56828,56902.9,56750,56877.8,180.79057873
1725952500000,56877.9,57262,56854.9,57108.2,377.36681296
1725953400000,57108.3,57264.1,57097,57186.6,144.65763701
1725954300000,57186.6,57301.6,57140.5,57220.3,115.36993228
1725955200000,57218.1,57385.5,57163.8,57309.7,86.37607713
1725956100000,57309.7,57363.6,57191.6,57278,135.42680886
1725957000000,57278,57330,57114.1,57144,259.75811597
1725957900000,57143.9,57202,57000,57057,120.49348407
1725958800000,57057,57059.9,56897.5,57006.5,70.50532119
1725959700000,57004.9,57078,56990.1,57060,45.3678297
1725960600000,57060.1,57299.8,56988.3,57228.1,87.21716738
1725961500000,57226.3,57268.7,57091.6,57091.6,49.21886026
1725962400000,57096,57168,56970,56985.9,43.56431314
1725963300000,56984,57162,56953.3,57131.9,37.95215002
1725964200000,57135.5,57186.7,57084,57102.2,40.30578608
1725965100000,57102.1,57170.7,57059.3,57165.5,61.44759727
1725966000000,57165.7,57226,57136,57136,50.02228738
1725966900000,57135.2,57178.5,57104.7,57129.1,16.06064285
1725967800000,57129,57190.4,57014.3,57073.4,62.04573939
1725968700000,57073.4,57257.6,57073.4,57220.4,39.93484359
1725969600000,57220.5,57335.1,57195,57324,75.87051116
1725970500000,57323.9,57399,57235.3,57348,65.65628599
1725971400000,57352,57390,57276.2,57390,105.26878929
1725972300000,57389.9,57470.6,57153.7,57200.1,63.24437301
1725973200000,57200,57208,56879.3,56930.2,205.50792581
1725974100000,56930.3,56989.9,56818.7,56916.1,120.77082746
1725975000000,56917.5,57007.1,56638.3,56885.9,191.46931155
1725975900000,56882.9,56977.7,56684.5,56741.2,148.97466005
1725976800000,56738,57035.7,56559.9,56606,220.65283588
1725977700000,56601.6,57015.8,56527.8,57003.4,118.90334696
1725978600000,57000.7,57168.4,56836.1,56898,122.68334983
1725979500000,56901.3,57027.1,56804.4,56943.7,54.73269327
1725980400000,56939.6,57099.4,56743.2,56952,94.49175216
1725981300000,56953.8,57150,56850.1,57142.1,69.41336135
1725982200000,57140,57208.3,56956,57023.3,48.2398151
1725983100000,57020,57020,56591,56592.2,94.56948537
1725984000000,56592.2,56773.7,56560,56624,54.83106411
1725984900000,56626.5,56828.2,56615.1,56786.6,37.10366046
1725985800000,56787.9,56915.9,56736.7,56860,49.98197169
1725986700000,56858.4,56954.9,56793.8,56818.5,28.17723187
1725987600000,56825.4,57360,56797.3,57295.7,116.91447649
1725988500000,57295.7,57381.6,57070.2,57096,242.97574543
1725989400000,57097.9,57239.1,57076.1,57173.3,160.59278006
1725990300000,57173.3,57321.4,57099.4,57174,255.90383311
1725991200000,57174.3,57449.8,57174.3,57413.7,176.01689713
1725992100000,57412,57745.9,57412,57660.4,179.88308412
1725993000000,57660.5,57982.3,57568.5,57840,120.93869731
1725993900000,57839.9,57905.4,57502.4,57588,98.9673722
1725994800000,57585.8,57585.8,57333,57478.7,66.93657279
1725995700000,57477.5,57614.3,57374,57613.6,38.75521517
1725996600000,57613.7,57969.9,57573,57932.8,93.90679648
1725997500000,57937.8,58045.8,57826.9,57951.7,151.48339243
1725998400000,57952.1,57980.6,57725.4,57812,57.08013687
1725999300000,57812,57882.3,57637.3,57694,47.43594287
1726000200000,57696,57826.2,57665.1,57803.7,29.75583691
1726001100000,57801,57870.2,57549.9,57570,33.27636076
1726002000000,57570,57757.9,57503.7,57668,36.70481753
1726002900000,57668.1,57697.7,57524.3,57593.6,17.06007121
1726003800000,57594,57687.2,57528.1,57556.1,11.85318931
1726004700000,57556,57563.9,57460.2,57516,21.43656341
1726005600000,57518.1,57664.3,57450,57649.9,56.61596472
1726006500000,57645.7,57691.6,57515.8,57536.9,18.74617321
1726007400000,57535.2,57618.7,57480.1,57572.1,43.61253281
1726008300000,57572.1,57619.3,57512.8,57613.5,21.83389851
1726009200000,57612,57712,57582.3,57627.3,35.21082499
1726010100000,57627.3,57870.9,57627.3,57756.6,19.03065847
1726011000000,57753.5,57769.5,57637.8,57658.6,33.26156353
1726011900000,57655.2,57673,57585,57639.7,20.76530229
1726012800000,57639.8,57673,57516.4,57596,71.83728954
1726013700000,57590.4,57614.4,57439.2,57510.6,30.31253115
1726014600000,57510,57660.4,57465.1,57646.1,64.12118364
1726015500000,57646,57688.8,57559.1,57633.9,46.27094953
1726016400000,57639.7,57750,57536.5,57702.1,63.25730056
1726017300000,57702.1,57702.1,57328.6,57377.2,69.68006961
1726018200000,57376.1,57397,56679,57104.1,280.52285357
1726019100000,57113.3,57266.6,56700.1,56721.9,127.42095411
1726020000000,56722,57021.1,56679.2,56954.2,75.28086455
1726020900000,56954.2,57108.9,56954.2,56983.1,68.45536221
1726021800000,56984.1,57174,56798.3,57102.6,124.62023456
1726022700000,57100,57119.9,56917.3,56921.1,57.79415821
1726023600000,56921.1,56976,56764,56866,61.195339
1726024500000,56864.3,56869.7,56722,56722,77.8286879
1726025400000,56722.1,56912.5,56684,56798.6,76.04718558
1726026300000,56796.7,56868,56739.2,56827.6,45.44662335
1726027200000,56822,56822,56615.2,56652.6,131.7037023
1726028100000,56650.9,56650.9,56262,56507.5,264.21830175
1726029000000,56507.5,56507.5,56355,56414,79.48750613
1726029900000,56412.8,56568.1,56258.5,56530,96.92741301
1726030800000,56530.1,56546.2,56253.6,56301.9,71.34071591
1726031700000,56297.1,56404.5,56075.2,56163.6,118.95826882
1726032600000,56163.6,56329.8,56107.1,56304,36.10331331
1726033500000,56302.9,56324.7,56213.3,56248,59.82253885
1726034400000,56245.4,56427.3,56172.6,56409.9,46.30065925
1726035300000,56411.3,56468,56363.1,56436,49.86241294
1726036200000,56436,56544,56404.9,56502.7,48.87642569
1726037100000,56502,56578,56416.8,56462,38.84798446
1726038000000,56462.5,56587.3,56462.5,56535.3,47.28972295
1726038900000,56535.3,56647.9,56528.2,56647.9,47.60391693
1726039800000,56647.9,56716.8,56560.1,56564.6,67.85538103
1726040700000,56564.3,56783.2,56555,56716,72.39431341
1726041600000,56715.9,56720.2,56562.5,56566.7,43.87931074
1726042500000,56567.9,56615.9,56508,56565,39.00348293
1726043400000,56564.9,56579.9,56353.4,56356.1,119.43932157
1726044300000,56353,56439.1,56353,56403.7,53.3151539
1726045200000,56404,56574,56382,56550,30.93821792
1726046100000,56548,56627.6,56444.4,56545.8,88.49551448
1726047000000,56545.9,56708.7,56541.1,56650.4,72.68703764
1726047900000,56650.3,56740.4,56578.5,56680.6,54.80290908
1726048800000,56680.5,56705,56505.9,56570.2,57.00075304
1726049700000,56564.4,56608.4,56346.4,56531.5,98.29684927
1726050600000,56526.8,56647.7,56474,56498,43.77743081
1726051500000,56497.9,56558,56425.7,56511.9,51.20918534
1726052400000,56512,56736,56512,56680.1,49.77064776
1726053300000,56682,56760,56658.1,56708,86.04884102
1726054200000,56706.1,56875.3,56703.9,56778.2,50.95468017
1726055100000,56778.2,56850,56733.3,56795.8,69.5894294
1726056000000,56795.9,56823.5,56644,56809.9,68.92982061
1726056900000,56802.9,56918.6,56684.9,56835.3,117.44918676
1726057800000,56835.4,56862.1,56456.4,56494,340.14937708
1726058700000,56491.2,56816.5,56300,56750.1,163.51585533
1726059600000,56750,57173.9,56726.4,56967.9,183.59043876
1726060500000,56968.3,57115.7,56823.9,56840.1,75.57465342
1726061400000,56840.1,56849.5,56291,56415.7,277.77030286
1726062300000,56415.8,56444.3,55709.9,55737.3,554.1196568
1726063200000,55739.8,55999.7,55639.5,55808.6,219.69745571
1726064100000,55812.9,56032.7,55661,55906.1,132.44762422
1726065000000,55906.1,55917.5,55625.2,55672,169.34643664
1726065900000,55664.8,55984.5,55555,55974,207.28389452
1726066800000,55976.4,56196.3,55852,56135.1,170.02897108
1726067700000,56135.1,56353.8,56111.9,56322.8,181.3771007
1726068600000,56322.9,56948,56277.1,56907.8,257.60003932
1726069500000,56902.6,57030.5,56592,56700.4,163.86653179
1726070400000,56700,57116.5,56645.5,56886.8,229.75798584
1726071300000,56885.9,57130.7,56781.2,56878.4,101.54803174
1726072200000,56880,57072.6,56807,56989.1,59.82576382
1726073100000,56989.1,57539.7,56943.9,57314.1,228.56248418
1726074000000,57314,57680,57254,57651.3,240.91110559
1726074900000,57649.9,57772.2,57600,57705.9,111.09220229
1726075800000,57708,57823,57451.2,57721.3,119.14069068
1726076700000,57720,57869.2,57611.6,57695.9,142.34126019
1726077600000,57693.3,57809,57668.3,57785,78.12955315
1726078500000,57784.9,57988,57784.9,57894.3,147.64372059
1726079400000,57894.2,57959.9,57642.6,57745.9,278.91285607
1726080300000,57744.1,57750,57390.1,57500,157.25680904
1726081200000,57494.1,57494.1,57325.3,57449.9,69.08961898
1726082100000,57449.9,57590,57449.9,57579.6,26.19569534
1726083000000,57574.2,57789.7,57474.4,57545.9,46.91763398
1726083900000,57545.9,57682.7,57400,57588,40.20213211
1726084800000,57585.2,57678,57516,57582.2,15.45428682
1726085700000,57582.3,57623.6,57552,57592.8,36.55557518
1726086600000,57592.4,57602,57440.1,57494,26.18031675
1726087500000,57494,57586,57476,57480.1,13.90082025
1726088400000,57480,57560,57290.1,57340.8,33.58011994
1726089300000,57338,57411.7,57290.1,57296,15.92420676
1726090200000,57297.7,57380.8,57252,57380.7,25.42489088
1726091100000,57375,57407.4,57304.3,57355,13.72034536
1726092000000,57355.1,57411.7,57306,57398,18.03162717
1726092900000,57399.9,57411.6,57214,57311.4,19.77314401
1726093800000,57310.9,57380,57300.9,57320,7.59128114
1726094700000,57315.5,57467.9,57274.2,57467.9,19.19694749
1726095600000,57468,57506,57411.1,57438,25.45832515
1726096500000,57438,57488,57375.5,57384.3,16.40187986
1726097400000,57384.1,57447.7,57375.1,57398.3,23.91801471
1726098300000,57404.2,57445.8,57304.4,57338.3,39.37720843
1726099200000,57335.3,57533.8,57328.2,57454.2,34.26067367
1726100100000,57452,57748.2,57435.6,57613.9,179.32520921
1726101000000,57614,57906.5,57586,57885.4,140.17334905
1726101900000,57889.3,57893.9,57600,57622.9,46.04811685
1726102800000,57624.2,57751.4,57595.4,57607.3,25.56691553
1726103700000,57608,57775.4,57600.4,57772.6,65.50586826
1726104600000,57773.1,57940.6,57702.1,57718.9,58.3829735
1726105500000,57719,58285.7,57702.1,58130,313.62748732
1726106400000,58135.8,58483.5,57941.3,57955.3,414.23481968
1726107300000,57952.8,58089.1,57813.9,57971.9,128.80128174
1726108200000,57971.8,58060.1,57839.4,58006.1,70.74104704
1726109100000,58009.4,58084.1,57901,57947.9,78.1543011
1726110000000,57948,58278.8,57948,58241.5,84.51213419
1726110900000,58241.6,58291.9,58154.2,58272.1,74.22620018
1726111800000,58272.1,58335.9,58158.7,58288.2,68.13820006
1726112700000,58288.3,58320,58202.1,58229.8,22.44565822
1726113600000,58231.2,58385.5,58168.2,58385.5,32.17387298
1726114500000,58385.5,58430,58347.2,58369.9,75.25022194
1726115400000,58370,58391.8,58234.5,58323.8,69.05641742
1726116300000,58320.9,58322.5,58157,58184.1,27.93972431
1726117200000,58184.1,58187,58066,58121.9,30.81498555
1726118100000,58121.9,58155.5,58055.1,58068,54.38744925
1726119000000,58068,58158.1,57976,58049.2,54.34402115
1726119900000,58049.3,58123.9,57927.1,57970.2,68.35471318
1726120800000,57970.1,58095.8,57938,58076.8,29.09457216
1726121700000,58072.2,58095.7,57867.1,57929.9,96.03714508
1726122600000,57930,57975.2,57840.1,57916.9,33.94297281
1726123500000,57916.9,57998.9,57885.5,57951.4,38.13101618
1726124400000,57952,58063.7,57873.4,57946.7,33.84442963
1726125300000,57946.6,58070.2,57902.2,58060,30.62883124
1726126200000,58059.8,58144.9,57990.2,58034.6,36.60904353
1726127100000,58034.7,58149.7,57971.3,58138.1,68.04583405
1726128000000,58138.1,58287.9,58094.1,58225.3,48.34387073
1726128900000,58224,58323.8,58175.5,58312.1,54.47222468
1726129800000,58310.3,58349.8,58257.3,58324,52.44897095
1726130700000,58322.6,58335.4,58135.1,58168.9,46.94721887
1726131600000,58169,58233.5,58091.4,58233.4,39.66976513
1726132500000,58234.4,58251.8,58169,58177.8,32.29236233
1726133400000,58178.8,58217.8,58088.1,58097.2,44.16536624
1726134300000,58097.1,58111.8,57937,58022,51.66048697
1726135200000,58022.1,58100,57985.1,58079.9,32.11375233
1726136100000,58083.2,58099.9,58017.9,58037.6,21.72509783
1726137000000,58034.2,58082,57945,57959.3,44.59553905
1726137900000,57959.4,58015.2,57926.1,57929.7,38.84240666
1726138800000,57929.8,57988.6,57892.3,57943.4,46.11624631
1726139700000,57940.3,58100,57929.1,58097.6,44.16968184
1726140600000,58099.3,58150.6,58008.2,58050.2,22.07762718
1726141500000,58050,58126.4,58028,58064.1,17.80507109
1726142400000,58064.2,58165.6,58056,58082.8,33.0835744
1726143300000,58082.7,58144,58047.4,58112.6,38.75242034
1726144200000,58112.6,58160.3,57722.1,57801,176.43802139
1726145100000,57804,57848.6,57603,57695.9,173.80627722
1726146000000,57695.9,57793,57613.1,57690.1,136.89323306
1726146900000,57691.3,57763.1,57653.8,57763.1,49.91029089
1726147800000,57763,57886.5,57567.5,57710.4,215.57202663
1726148700000,57704.8,57736,57335,57625.7,338.32168132
1726149600000,57626,57978.9,57552,57978.9,118.41472652
1726150500000,57976.3,58286.2,57903.8,58249.6,315.46085925
1726151400000,58248,58588.8,58000,58016.2,405.95184378
1726152300000,58012.8,58027.9,57530.8,57536.1,258.7331485
1726153200000,57536.1,57882.3,57400.9,57856.4,357.07431498
1726154100000,57851.9,57851.9,57528.1,57610.6,91.79801941
1726155000000,57610.6,57770.9,57562.8,57562.8,66.39905263
1726155900000,57562.7,57589,57423.9,57514.2,91.31143872
1726156800000,57512,57772.7,57494.2,57764,52.76784532
1726157700000,57764,57913.4,57763.8,57808.1,40.94949088
1726158600000,57808.1,57881.3,57701.3,57802.4,19.61453931
1726159500000,57805.6,58128.1,57772.3,58068,38.97295726
1726160400000,58067.8,58217.9,58008.5,58141.6,70.57578063
1726161300000,58141.3,58300,58125,58142.1,71.73282692
1726162200000,58143.3,58318.6,58099.1,58228.5,48.67459607
1726163100000,58229.7,58414.6,58228.5,58393.9,41.09732844
1726164000000,58394,58420.2,58244,58326.6,27.82995301
1726164900000,58327.9,58457.2,58302.3,58393.3,61.9676069
1726165800000,58389.4,58442,58281.3,58348.9,40.16506536
1726166700000,58349,58386.7,57970.1,58178.6,109.62375136
1726167600000,58178.6,58440,58128.9,58364.7,45.97613513
1726168500000,58364.8,58444.2,58205.6,58264.5,40.59103268
1726169400000,58264.5,58286.3,58147.6,58280.7,45.29574672
1726170300000,58280.7,58415.6,58244.1,58395.9,56.63520718
1726171200000,58393.9,58396,58181.3,58185.9,32.57648933
1726172100000,58186.9,58288.8,58182.5,58209.9,15.67650635
1726173000000,58204.6,58270.1,58112.6,58190.8,32.80161025
1726173900000,58190.8,58254,58156.1,58210,18.20196819
1726174800000,58210,58236.4,58056,58073.6,24.74086189
1726175700000,58073.6,58073.7,57843.7,57984,48.03586008
1726176600000,57984,58388.9,57770.8,57833.5,174.590708
1726177500000,57833.5,58009.5,57820,57927.6,35.07142405
1726178400000,57927.4,58036.9,57902,57960,22.68900152
1726179300000,57955.9,58080,57936.1,58051.9,15.93456643
1726180200000,58051.9,58250,58017,58222.4,29.86811788
1726181100000,58222.4,58257,58088,58140.3,19.95157116
1726182000000,58140.2,58177,58031.8,58039,27.49939954
1726182900000,58039,58093.1,58039,58061.9,22.12814855
1726183800000,58064.7,58190,58064.7,58122.1,28.44487134
1726184700000,58123.5,58186.4,58100.3,58132.5,17.14911078
1726185600000,58132.5,58240.9,58123.4,58211.6,40.23462561
1726186500000,58213.7,58234.3,58048.1,58084.1,45.6067705
1726187400000,58084,58180.2,58042.7,58155.8,56.63291059
1726188300000,58155.7,58211.6,58001.6,58036,81.56165925
1726189200000,58036,58078,57881.6,57900,50.84896219
1726190100000,57900,57979.9,57892.6,57973.8,39.61693251
1726191000000,57973.4,57990.9,57924.6,57948.5,28.50932131
1726191900000,57948.4,58252.6,57941.8,58130,49.2522663
1726192800000,58130,58169.9,57995.6,58012.6,33.15486613
1726193700000,58012.5,58058,57968.8,58031.8,38.69890749
1726194600000,58031.6,58106.1,58004.4,58106.1,26.8644762
1726195500000,58106.2,58107.3,58032.2,58048.1,12.19493372
1726196400000,58048,58072.8,58020,58020,15.1532537
1726197300000,58020.1,58036,57990.1,58013.3,19.3759964
1726198200000,58013.3,58027.4,57868.6,57909.7,46.4697399
1726199100000,57910.3,57941.4,57828.1,57849.9,32.80902727
1726200000000,57850,57950.3,57821.2,57934.1,37.08277219
1726200900000,57934.1,57982.1,57930.3,57982.1,14.25640733
1726201800000,57980.2,57993.3,57847.4,57861.8,20.27733603
1726202700000,57861.7,57901.9,57843.1,57843.1,14.78689742
1726203600000,57843.2,57935.9,57838.7,57899.2,25.28820685
1726204500000,57899.3,57905,57831.1,57868.8,34.55689782
1726205400000,57868.9,58032,57852,57993.9,27.29393824
1726206300000,57993,57995.8,57934.8,57943,25.29631799
1726207200000,57943.1,57955,57841.3,57874.2,36.74648187
1726208100000,57872.4,57933.1,57860.4,57863.4,13.58030415
1726209000000,57860.1,57883.1,57746.5,57820.4,24.75523121
1726209900000,57818.2,57818.6,57744,57764,28.71886732
1726210800000,57764.1,57923.8,57762.5,57871.1,43.97394107
1726211700000,57869.9,57972.2,57868,57970.4,15.95192986
1726212600000,57970.5,58000,57926.7,57983.4,22.84306987
1726213500000,57983.4,58143.9,57956.1,58115.7,77.64601294
1726214400000,58115.8,58152.4,58044.7,58108,89.66551231
1726215300000,58107.9,58108,58004.8,58051.7,24.76072741
1726216200000,58051.7,58051.7,57996.4,58020.1,37.38556116
1726217100000,58020,58064.5,57930.8,57959.6,20.11584202
1726218000000,57959.7,58030.1,57902,58030,28.87172792
1726218900000,58030,58149.6,58001.3,58112.7,45.48565607
1726219800000,58112.7,58153.6,58084.1,58142.1,8.97798019
1726220700000,58139.3,58139.3,58056.2,58056.2,8.9400962
1726221600000,58056.1,58150,58031,58135.1,33.91474205
1726222500000,58135,58197.2,58097.5,58167,17.96703449
1726223400000,58167,58280.6,58140,58269.9,40.34536779
1726224300000,58268.7,58349.5,58256,58349.5,91.91932194
1726225200000,58349.4,58349.4,58255.9,58303.7,26.67084874
1726226100000,58303.4,58338.4,58158.8,58180.2,41.66331094
1726227000000,58176.3,58203.5,58072.6,58092.3,63.31429473
1726227900000,58095.4,58128.4,57821.9,57876,116.27671619
1726228800000,57876,57956.1,57814.2,57872.2,118.45983925
1726229700000,57872.3,57923.4,57635.4,57696,142.25694651
1726230600000,57692.4,57782,57652,57776.7,87.41474713
1726231500000,57772,57947.3,57768,57901.1,62.21014622
1726232400000,57902.3,57947.7,57740.8,57836,78.53109368
1726233300000,57836.1,57842,57722.6,57737.3,35.30471334
1726234200000,57738.5,58100,57684.1,58100,105.04433603
1726235100000,58099.9,58160,58003.6,58048,141.00149156
1726236000000,58050.4,58340,57858.1,58216.4,189.62966145
1726236900000,58217.3,58320,58079.8,58079.8,80.42230397
1726237800000,58079.8,58336.1,57834.9,58309.1,112.06177647
1726238700000,58309.2,58554,58230.2,58453.8,185.77550914
1726239600000,58452.1,58535.7,58363.7,58469.9,101.32991363
1726240500000,58471.8,59142.7,58421.3,59035.3,483.17816544
1726241400000,59038,59512.6,59038,59358.8,527.01839807
1726242300000,59356,59717,59356,59660.1,322.98381896
1726243200000,59658.1,59795.3,59554,59581.3,336.93717663
1726244100000,59584.1,59732.6,59512.8,59624.2,144.06166234
1726245000000,59624.1,59669.1,59372,59459.6,127.76779766
1726245900000,59453.9,59530.6,59312.1,59453.9,113.13611536
1726246800000,59454.5,59607.5,59447.2,59578.2,58.43817673
1726247700000,59578.1,59677.9,59556.1,59598.1,82.64703051
1726248600000,59598,59776.2,59589.8,59776.2,164.92518842
1726249500000,59775.6,59982.4,59528.1,59588.4,313.41529718
1726250400000,59588.3,59750,59480.1,59581,150.21063795
1726251300000,59580.9,59670.6,59513,59551.1,75.06974783
1726252200000,59546.4,59906,59512.9,59784.1,166.30376555
1726253100000,59783.7,59850,59692.3,59751.8,66.25383192
1726254000000,59752,59911.9,59725.8,59875.8,90.16850376
1726254900000,59875.8,59983.3,59824.1,59980,177.9988013
1726255800000,59980,59999.3,59791.4,59905.1,145.97100978
1726256700000,59908.8,59931,59642.4,59737.6,255.01954411
1726257600000,59740.9,59740.9,59627.6,59687.9,59.63672811
1726258500000,59687.8,59864,59685.4,59830,25.94470464
1726259400000,59831.1,59960,59824.1,59953.4,29.78962869
1726260300000,59950.2,59953.4,59830,59842.2,38.38357812
1726261200000,59836.3,60333,59816.1,60085.6,294.0441951
1726262100000,60085.5,60365,60050,60188,74.59948576
1726263000000,60187.9,60365,60109.1,60241.7,73.59058089
1726263900000,60242.2,60306.6,60183.8,60280.6,57.57651907
1726264800000,60280.2,60537.9,60240.8,60391.9,106.99721438
1726265700000,60395.2,60630,60343.5,60465.6,327.99001539
1726266600000,60465,60574.4,60363.9,60528,54.20863499
1726267500000,60528,60635,60519.5,60618.1,62.49418357
1726268400000,60618.2,60633.1,60376,60377.1,184.55729942
1726269300000,60377.1,60441.5,60348.6,60363.9,35.59549236
1726270200000,60363.9,60530,60332.6,60516,85.99991119
1726271100000,60515.4,60644.7,60500,60500.1,73.55688974
1726272000000,60500,60600,60475.5,60511.6,64.2989143
1726272900000,60511.6,60612.2,60482.5,60482.5,44.25842081
1726273800000,60484,60499.5,60371.7,60477.8,56.010371
1726274700000,60477.7,60495,60400,60406.3,45.3351123
1726275600000,60406.3,60600,60406.3,60503.4,89.55662852
1726276500000,60503.4,60554.5,60485,60548.4,35.67869114
1726277400000,60548.4,60581.8,60492,60532,30.01099363
1726278300000,60529.6,60541.8,60402.5,60402.6,25.08870333
1726279200000,60402.6,60500,60402.6,60489.1,25.50792416
1726280100000,60489.1,60500,60414.3,60440.1,12.45601544
1726281000000,60440,60443.6,60378.6,60383.5,19.95786541
1726281900000,60383.8,60418,60288.8,60289.7,56.79516309
1726282800000,60289.7,60394,60289.7,60367.6,40.03310226
1726283700000,60367.6,60438.8,60367.6,60401.1,36.4316151
1726284600000,60401.1,60432.3,60319.9,60330.4,41.76470661
1726285500000,60330.3,60365.1,60312,60328.9,22.59343348
1726286400000,60324.4,60346,60290.5,60292.8,34.78997472
1726287300000,60292.8,60350,60273.2,60326,22.98297965
1726288200000,60323,60326,60253.8,60264.6,37.96657614
1726289100000,60264.6,60288,60186.4,60222.4,50.84873233
1726290000000,60214.1,60244,60187.6,60209.8,40.7748138
1726290900000,60209.8,60220.4,60096.7,60113,65.31074843
1726291800000,60113,60170.1,60058,60153.1,71.69737309
1726292700000,60151.5,60153.2,59922.7,59935.9,144.12559747
1726293600000,59935.8,60048.8,59914,60031.2,131.05135241
1726294500000,60031.1,60031.2,59964.1,59988.3,34.70453007
1726295400000,59988.2,60036.9,59900.4,60028.2,109.5362307
1726296300000,60028.1,60104.1,60012.1,60055.2,26.31214138
1726297200000,60055.2,60055.2,59996.2,60052.3,29.8412827
1726298100000,60052.3,60109.1,60031,60105.9,59.0449065
1726299000000,60104.7,60185,60095.8,60148.3,57.4223164
1726299900000,60148,60178,60121,60145,28.79953043
1726300800000,60143.4,60165.8,60030.2,60044.2,52.43686727
1726301700000,60044.2,60065.8,59993.3,59994.6,31.1781338
1726302600000,59994.1,60060.2,59985.2,60008.6,43.01769211
1726303500000,60008.5,60008.6,59938.6,59988.1,57.54759631
1726304400000,59988.1,60057.2,59976.1,60009.5,44.05617062
1726305300000,60009.6,60013.6,59941.2,59968.2,30.96878594
1726306200000,59968.1,60000,59912.7,59948.8,60.72020661
1726307100000,59948.7,60077.1,59880.3,60076.6,51.26010651
1726308000000,60076.5,60076.6,59959.5,60009.2,26.27652397
1726308900000,60008.4,60008.4,59900,59984.8,67.79494451
1726309800000,59984.7,59986.6,59924.6,59931.1,30.12041892
1726310700000,59931.2,59931.2,59790.6,59850.9,63.58324491
1726311600000,59850.6,59850.6,59707.8,59764.3,37.75186873
1726312500000,59764.3,59842.3,59731.4,59802,49.88393963
1726313400000,59798.5,59827.2,59647.8,59695.8,39.06107715
1726314300000,59696,59730.6,59600,59705.9,79.18152989
1726315200000,59705.9,59789.1,59632,59782,61.4654268
1726316100000,59781.7,59834,59752,59821.9,46.04128643
1726317000000,59821.8,59828.8,59760.2,59773.3,43.71634388
1726317900000,59773.3,59861.8,59771.7,59796.6,16.86286456
1726318800000,59796.6,59800,59745.2,59764.3,18.90212268
1726319700000,59767.4,59767.4,59666.7,59702,65.96382756
1726320600000,59701.9,59753.9,59647.1,59737.8,45.73298136
1726321500000,59737.8,59781.7,59710.1,59770,15.53047279
1726322400000,59770,59783.6,59683,59722.6,52.91589668
1726323300000,59722.5,59997.6,59703.4,59941.1,65.52481222
1726324200000,59941.2,60028,59854,59889.9,79.89551628
1726325100000,59889.8,59959.2,59862.1,59922.4,13.2278081
1726326000000,59917.8,59956,59878,59909.7,14.24050924
1726326900000,59909.7,59951.9,59876.2,59929,14.66782415
1726327800000,59928.9,59928.9,59830.1,59840.5,67.21094741
1726328700000,59840.6,59900,59822.3,59875.3,40.0451726
1726329600000,59875.3,59936,59834.3,59932.1,36.25286244
1726330500000,59932.2,59982.6,59856,59864.1,30.94048523
1726331400000,59862,59951.9,59862,59930.5,15.97556855
1726332300000,59930.6,59988,59839.7,59984,40.08724483
1726333200000,59980.1,59984,59881.9,59887.2,25.7964717
1726334100000,59887.1,59939.4,59884.8,59884.8,25.06602991
1726335000000,59884.3,59889.9,59840,59869.1,24.41612416
1726335900000,59868,59890.1,59850.2,59889.9,7.43401349
1726336800000,59888,59900.4,59355.9,59631.2,478.23110083
1726337700000,59628,59760,59567.5,59656,29.74280076
1726338600000,59654.2,59777.8,59654.2,59760,14.38568195
1726339500000,59759.9,59819.9,59708,59783.3,8.12337684
1726340400000,59783.4,59789.8,59731.4,59768.1,5.30568946
1726341300000,59768.1,59877.4,59756.8,59876,3.55582136
1726342200000,59876,59905.4,59804.6,59840.5,16.45649043
1726343100000,59838,59863.1,59806.6,59812.3,2.49317883
1726344000000,59812.3,59855.2,59788.1,59790.1,6.66785331
1726344900000,59790,60145.1,59776,60009,86.83645246
1726345800000,60009.7,60039.9,59943.6,59971.3,31.45067593
1726346700000,59966.1,60044,59946.9,60011.9,19.46009304
1726347600000,60011.9,60040,59961,60008.9,21.00192602
1726348500000,60009,60044,59982.7,60030,14.38743502
1726349400000,60030,60030,59946.9,60014.6,11.47286911
1726350300000,60014.7,60063,59998.6,60035.4,12.15917107
1726351200000,60035.3,60129.9,59927.5,59966.9,56.07683644
1726352100000,59962,59995.7,59935.1,59977.7,20.83443858
1726353000000,59976.1,60121.3,59976.1,60040.2,28.62698044
1726353900000,60040.3,60062,59995.8,60006.9,24.82616985
1726354800000,60003.4,60051.9,60002.1,60008.9,7.8259672
1726355700000,60009,60023,59963.5,59972,9.81258069
1726356600000,59973.7,59987.9,59941.1,59962,17.70979095
1726357500000,59962,60000,59959.3,59991.8,3.48453068
1726358400000,59991.9,60027.9,59985,60025,7.97559135
1726359300000,60022.9,60070,59999.6,60069.1,4.68866816
1726360200000,60069,60099.8,60055.2,60093.7,6.6000082
1726361100000,60093.7,60123,59985,60029.4,10.41766031
1726362000000,60030.7,60125,60030,60118.5,48.18528308
1726362900000,60118.4,60257.5,60088.1,60190.7,55.54264928
1726363800000,60191.5,60270.9,60166.3,60190,39.05536145
1726364700000,60189.9,60266,60189.9,60229.6,24.12252241
1726365600000,60229.6,60244.8,60119.6,60168.6,29.6608212
1726366500000,60168.5,60187.3,60110,60169,22.28525107
1726367400000,60169,60228.2,60168.9,60217,22.40469691
1726368300000,60216.9,60261.8,60211.5,60231.5,18.44484144
1726369200000,60231.5,60236.5,60205.3,60236.5,7.42041165
1726370100000,60236.4,60244,60160,60178,11.75611238
1726371000000,60178.5,60198,60138,60172.2,16.67264736
1726371900000,60172.1,60172.2,60128,60157.7,5.71744566
1726372800000,60155.8,60202,60154,60190.6,5.78541949
1726373700000,60190.6,60219,60068.8,60135.9,19.93374167
1726374600000,60135.9,60166.3,60125.6,60126,18.9487962
1726375500000,60126,60145.2,60103.1,60117.7,15.67506965
1726376400000,60117.8,60154,60114.8,60153.9,18.8042913
1726377300000,60153.9,60204.2,60145.1,60197.2,32.0467626
1726378200000,60197.2,60217.8,60173.8,60212.9,21.7120481
1726379100000,60213,60215.3,60150,60150.1,21.20587303
1726380000000,60150.1,60184.9,60138.6,60138.7,10.6786062
1726380900000,60138.7,60156,60132,60139.9,10.02275723
1726381800000,60139.9,60150.7,60139.9,60142.4,9.2584221
1726382700000,60144.9,60167.4,60138.6,60159.4,8.9937753
1726383600000,60159.5,60162,60133,60133,12.64222782
1726384500000,60133.1,60218.7,60122.3,60204.4,21.10281707
1726385400000,60204.5,60204.5,60152,60174.9,10.13510641
1726386300000,60174.9,60199.4,60174.9,60193.8,14.43053376
1726387200000,60193.7,60205.3,60141.5,60162.8,12.00697461
1726388100000,60162.9,60197.8,60038,60073,22.98428625
1726389000000,60073.2,60123.1,60070,60113.7,17.55944792
1726389900000,60113.7,60120.4,60064,60077.8,45.77817495
1726390800000,60075.1,60095.4,60035.5,60061.6,25.16075128
1726391700000,60061.6,60109.5,60061.6,60102.7,9.80450637
1726392600000,60102.7,60109,60056.5,60058.1,19.6084522
1726393500000,60058.5,60074.7,60008.1,60017.4,27.95882065
1726394400000,60017.4,60056,59984.7,59993.5,18.03935887
1726395300000,59991.7,59997.8,59938.6,59943.3,18.79306119
1726396200000,59943.4,60026.5,59876.1,60006.8,18.14847677
1726397100000,60008.6,60015.4,59975.3,59990,15.02240007
1726398000000,59990,59996.7,59906,59942.2,7.33633265
1726398900000,59939.7,59969.5,59900.2,59964.5,8.55815121
1726399800000,59964.6,60044,59942.1,60028.3,36.63389622
1726400700000,60028.3,60037,60000.5,60008.2,24.0213161
1726401600000,60008.2,60008.2,59954,59981.4,26.7404039
1726402500000,59981.4,60021.8,59953.1,60011.9,16.28961321
1726403400000,60011,60041,59985,60024,15.16222221
1726404300000,60024,60132.9,59994.5,60107.4,18.4419735
1726405200000,60107.4,60240,60083.4,60179.7,37.68770194
1726406100000,60179.6,60367.1,60179.6,60210.1,78.83515577
1726407000000,60210.2,60235,60142.5,60179.7,28.46839065
1726407900000,60179.6,60188,60116.3,60184.6,11.92634901
1726408800000,60184.6,60234,59996.7,60039.2,29.50531329
1726409700000,60037.7,60079.8,59868.1,60079.8,66.05211143
1726410600000,60079.9,60200,60077.3,60149.9,14.3801348
1726411500000,60149.7,60290.5,60117.4,60275.8,36.49173915
1726412400000,60275.9,60407.3,60196.4,60220.2,69.2186948
1726413300000,60221.7,60259.9,60164.3,60255.1,26.77372724
1726414200000,60255.1,60376.8,60203.8,60371.3,17.42436744
1726415100000,60371.3,60375,60302.6,60334.2,36.75280907
1726416000000,60334.2,60354,60178.6,60180.1,14.68467413
1726416900000,60180.1,60235.3,60016.2,60099.2,43.65922795
1726417800000,60099.2,60151,60000,60000,52.03813084
1726418700000,60000,60063.4,59939.3,59955.9,48.94871954
1726419600000,59955.9,60050,59701.6,59836.2,97.19824
1726420500000,59834.4,59934.1,59766.1,59914.7,31.90118042
1726421400000,59908.6,59908.6,59753.1,59806.8,22.81083357
1726422300000,59805.1,59863.1,59743.7,59823.3,18.35806025
1726423200000,59823.3,59919.9,59801.1,59805.9,13.04038208
1726424100000,59807.3,59836.2,59760.1,59836.1,9.79189598
1726425000000,59836.1,59935.3,59746,59788,27.38438401
1726425900000,59788,60185.7,59766,59975.1,246.49291185
1726426800000,59975.2,60142,59962,60037.8,25.83885716
1726427700000,60036.1,60067,59804,59863.9,39.12072394
1726428600000,59860.4,59918.9,59822,59862.9,22.36498709
1726429500000,59863,59888.1,59810.6,59879.7,9.85770995
1726430400000,59879.7,59913,59743.5,59889.5,36.29868362
1726431300000,59889.5,59941.9,59676.5,59739.8,36.17816904
1726432200000,59737.5,59838.9,59724,59781.4,14.1801241
1726433100000,59781.4,59873.9,59754,59797.7,17.33030661
1726434000000,59797.7,59805.5,59530,59550,134.96006108
1726434900000,59550.1,59744.8,59477.5,59533.2,91.61044435
1726435800000,59533.2,59655,59518,59632.3,50.19574611
1726436700000,59633.7,59694.3,59528,59658,13.38059761
1726437600000,59660.5,59678.3,59390,59433,67.43070698
1726438500000,59436.5,59493.3,59396.2,59427.5,24.17402122
1726439400000,59427.5,59487.9,59401.1,59451.6,22.83016855
1726440300000,59450.5,59479.3,59411.4,59433.6,10.54140395
1726441200000,59427.5,59459.2,58692.8,58843,510.6453253
1726442100000,58843,59269.9,58765,59255,289.05747953
1726443000000,59257.1,59258.7,58928.6,59146.2,174.64149701
1726443900000,59149.2,59208.8,59116.1,59126.2,55.83681019
1726444800000,59126.3,59209.9,58950.2,58950.2,78.88046381
1726445700000,58950.3,59022.8,58800.1,58881.9,100.9606444
1726446600000,58877.8,58877.8,58600,58746,171.9301692
1726447500000,58747.6,58865.5,58636,58668.9,68.69394273
1726448400000,58666,58719.7,58488.8,58527.1,130.22468446
1726449300000,58527,58766.8,58443.2,58719.7,93.62768682
1726450200000,58723.9,58803.9,58400.2,58678.1,93.64854939
1726451100000,58678.2,58728.8,58431.6,58604.6,78.36713778
1726452000000,58605.9,58672,58301.7,58401.3,182.5058823
1726452900000,58401.2,58499.9,58261,58376.4,95.67122311
1726453800000,58378.1,58499.9,58285.5,58373.9,97.68895638
1726454700000,58374,58472,58120,58263.4,115.55760226
1726455600000,58265,58351,58220,58351,52.76016185
1726456500000,58350.9,58462,58337.9,58431.4,85.94575576
1726457400000,58431.4,58544.7,58429,58469.3,84.30332858
1726458300000,58469.3,58636.9,58464.1,58573.6,47.31070306
1726459200000,58573.6,58599,58446,58492,51.62306069
1726460100000,58491.2,58507.6,58415,58463.9,68.60820112
1726461000000,58462.4,58499.1,58400.8,58412.2,23.84867575
1726461900000,58412.2,58434,58318.3,58360,30.20113727
1726462800000,58359.9,58558.7,58343.6,58549.9,47.35854747
1726463700000,58550,58644,58460.2,58478.4,70.27453709
1726464600000,58478.5,58495.9,58406.7,58495.8,29.54007413
1726465500000,58495.8,58673.9,58494.3,58668.1,40.24500276
1726466400000,58668.1,58824.7,58622.3,58808.6,86.74726472
1726467300000,58808.6,58855.6,58687.7,58739.9,107.33046755
1726468200000,58739.9,58751.7,58665.9,58687.1,34.23211406
1726469100000,58684.1,58716,58641.4,58706,16.43906083
1726470000000,58705.9,58800,58666.9,58798,28.91129116
1726470900000,58797.9,58868.8,58750.1,58857,29.05040067
1726471800000,58856,58920.2,58802.2,58835.6,54.78502203
1726472700000,58835.6,58967.3,58835.5,58901.5,49.75315617
1726473600000,58907.4,58943.8,58849,58917.4,39.78682268
1726474500000,58915.5,59179.9,58888.1,59079.4,76.58518595
1726475400000,59079.5,59115.7,58936.1,58977.8,59.15589803
1726476300000,58979.9,59007.4,58910.4,58924.9,18.46893448
1726477200000,58925,59037.9,58898.8,59036.8,19.37498913
1726478100000,59036.9,59036.9,58788,58830,46.67577495
1726479000000,58828.3,58844.9,58650.1,58705.9,47.15560803
1726479900000,58705.9,58707.9,58588,58628.6,53.47333111
1726480800000,58628.6,58649,58530,58582.8,44.66380364
1726481700000,58583,58638.7,58506.4,58601.1,25.14206621
1726482600000,58600.3,58687.9,58534.1,58687.7,54.0630527
1726483500000,58687.7,58749.9,58644.5,58745.9,43.0215293
1726484400000,58745.9,58798.4,58694.1,58781.9,27.20525521
1726485300000,58781.9,58841.6,58669.1,58741,105.67538673
1726486200000,58739.6,58781.5,58653.8,58662,125.82037637
1726487100000,58661.9,58704,58650,58661.6,61.99039943
1726488000000,58659.9,58790.7,58638,58756.2,28.36498771
1726488900000,58756.1,58767.8,58571.3,58610.3,36.25239891
1726489800000,58610.5,58691.5,58444,58641.8,72.80531361
1726490700000,58641.8,58697.9,58478,58527,55.36473536
1726491600000,58527.1,58616.2,58458.5,58563,28.30037181
1726492500000,58563.1,58610,58402,58531.5,32.4057844
1726493400000,58539,58555.3,58084.1,58094,344.89474672
1726494300000,58095.2,58498.7,58016.7,58488.5,131.07849352
1726495200000,58495.9,58564.5,58201.6,58379.4,106.61325703
1726496100000,58378.2,58436.8,57920.1,57995.2,255.75996229
1726497000000,57995.2,58006.1,57588,57769.6,440.87140778
1726497900000,57772,57799.9,57575.9,57608.1,97.7848568
1726498800000,57612.9,57919.4,57565.3,57835.9,143.31693919
1726499700000,57835.8,57975.6,57802.7,57926,99.39761555
1726500600000,57918,58000,57803.3,57818.2,78.15941817
1726501500000,57818.1,57989.5,57744.5,57881.8,144.40971817
1726502400000,57881.6,57932.6,57770.3,57827.6,172.59291096
1726503300000,57829.7,57953.9,57713,57907.1,120.99206341
1726504200000,57910,57924.1,57742,57746.5,105.73907369
1726505100000,57746.4,57900,57671.6,57806.7,116.97097729
1726506000000,57806.8,57816.8,57431.1,57580.1,161.65744853
1726506900000,57580.1,57740,57518.6,57689.9,93.01233554
1726507800000,57692.2,57948.8,57510.1,57854.5,223.13332001
1726508700000,57850.6,58268.3,57850.6,58169.4,194.93922412
1726509600000,58170.1,58195.7,57720,57722,295.05955841
1726510500000,57722,57847.8,57722,57774,45.13020987
1726511400000,57774.1,57913.3,57702.1,57702.2,73.83046452
1726512300000,57702.2,57896.9,57692.8,57891.1,45.12881295
1726513200000,57892.3,57973.9,57821.8,57857.5,95.46471241
1726514100000,57857.6,58012.2,57798.4,57942,69.32363488
1726515000000,57942,57991.9,57868.2,57973.9,42.48427806
1726515900000,57974,58036.1,57861.8,57951.9,110.93511508
1726516800000,57942.1,58176.7,57846.8,58160.3,74.05685913
1726517700000,58160.2,58160.2,57802.6,57807.2,75.57841487
1726518600000,57807.2,57852.2,57717.1,57803.6,47.25487044
1726519500000,57803.6,57826.6,57636.3,57690,51.91955082
1726520400000,57689.9,57856,57602.1,57809,78.02059563
1726521300000,57809,57900,57737.8,57826.1,72.98588276
1726522200000,57826.1,57881,57773,57806.2,22.43428594
1726523100000,57806.2,57999.5,57806.2,57999.5,16.66358433
1726524000000,57999.6,58037.7,57837.6,57851.9,24.64248022
1726524900000,57851.9,57994.2,57851.9,57928.5,35.66437622
1726525800000,57928.4,57977.6,57876,57899.7,17.2755329
1726526700000,57899.6,57998,57850.8,57970.4,12.84967661
1726527600000,57970.4,58131.3,57970.1,58087.4,135.433525
1726528500000,58087.5,58263.5,58087.5,58237.4,48.12878384
1726529400000,58236.2,58282,58208.7,58270.5,24.26356597
1726530300000,58270.5,58428.4,58188.2,58211.9,86.7487702
1726531200000,58212,58346,58174.4,58318.8,35.45619498
1726532100000,58323.9,58346.5,58142.8,58197.6,29.83344018
1726533000000,58197.7,58224.7,58066,58077.9,39.65393841
1726533900000,58075.8,58090.5,57616,57626,159.63612863
1726534800000,57628.2,57849.1,57615.7,57701.7,70.35442478
1726535700000,57699.8,57834,57683.9,57823.5,72.72887548
1726536600000,57827.9,57947.2,57784.8,57934.4,39.4448428
1726537500000,57936,57963.8,57837.3,57895.7,25.51533736
1726538400000,57894.4,57951.5,57832.6,57837.5,35.37341822
1726539300000,57833.4,57973.6,57828.7,57898.5,67.77071155
1726540200000,57896.8,58149.2,57876.2,58114.7,68.2224663
1726541100000,58110.1,58220.8,58060.5,58110.9,59.26319085
1726542000000,58110.8,58149.2,58025.4,58085,33.02019302
1726542900000,58090.9,58119.8,58008,58080.2,28.27273314
1726543800000,58080.2,58148.7,58066.5,58137.6,22.83844928
1726544700000,58136.7,58140,58050.7,58066.1,11.63327234
1726545600000,58066.1,58168.6,58028.1,58145.6,35.19875458
1726546500000,58145.6,58249.4,58134.9,58225,30.83180193
1726547400000,58225.4,58270,58198,58270,30.39744712
1726548300000,58270,58334.3,58227.8,58241.5,49.42986922
1726549200000,58244.7,58325.7,58223.6,58306.1,22.01308471
1726550100000,58310,58375.6,58302,58364.8,47.39602657
1726551000000,58364.3,58474,58364.2,58421,44.42492434
1726551900000,58420.9,58786.6,58418,58649.5,221.82231105
1726552800000,58649.4,58678,58498.1,58505.3,57.2449178
1726553700000,58505.5,58560.9,58442.1,58444,18.61213284
1726554600000,58444,58572,58442.6,58557.5,25.71293135
1726555500000,58554,58554,58480,58485.5,19.38673539
1726556400000,58485.5,58606,58446.5,58576.2,44.58266919
1726557300000,58576.2,58649.9,58520.6,58553.9,33.88330799
1726558200000,58553.9,58685.9,58543.4,58676,34.85617596
1726559100000,58676,58726.1,58653.9,58700,42.64444081
1726560000000,58700.1,58852.1,58688.8,58762.6,82.7180415
1726560900000,58765.6,58802.4,58634.1,58669.9,54.0166195
1726561800000,58670,58861.9,58670,58820.4,25.68615745
1726562700000,58820,58820,58720.5,58800.8,68.42686409
1726563600000,58800.8,58973.6,58730,58759.6,103.54496861
1726564500000,58763.5,58815.4,58695.3,58739.4,48.12934695
1726565400000,58739.5,58888.4,58723.3,58812,42.750577
1726566300000,58812,59083,58812,58970.6,91.26495278
1726567200000,58967.3,59037.6,58908.1,59028.8,77.66941227
1726568100000,59022.8,59140.7,59005.4,59095.8,103.73738123
1726569000000,59095.8,59250,59064,59169.2,158.53258786
1726569900000,59169.3,59274,59169.3,59240.7,111.31458482
1726570800000,59240.6,59300,59109.6,59110,150.29279541
1726571700000,59110,59172,59028.7,59141.9,84.54071028
1726572600000,59142.2,59193.8,59058,59093.4,42.01997094
1726573500000,59096,59176.9,59038,59090.7,61.82453198
1726574400000,59090.7,59237.8,59082.4,59082.4,57.43332973
1726575300000,59080,59218.7,59050.1,59188,50.15389656
1726576200000,59188,59330,59130,59312.2,84.98050391
1726577100000,59312.1,59447.9,59260.3,59378.3,74.75998187
1726578000000,59378.3,59388,59200,59215.9,48.95420063
1726578900000,59216,59420,59192.1,59272,58.45151633
1726579800000,59271.6,59387.1,58948.8,58998.5,181.9431851
1726580700000,59003.9,59088.6,58872.1,58956.1,146.10400739
1726581600000,58963.9,59784.9,58940,59738,261.9072797
1726582500000,59737,60400,59737,60206,690.4231916
1726583400000,60210,60260,59750,60106,437.65236015
1726584300000,60103.2,60370,60099.5,60267.9,216.52139353
1726585200000,60276,61077.9,60229.5,61060,836.96600702
1726586100000,61055,61343.1,61054,61158.2,643.91343528
1726587000000,61158.1,61264.7,60928.7,60932.2,285.52301621
1726587900000,60934,61180,60800,61134,159.94970443
1726588800000,61133.4,61268,61090,61109.9,241.38085391
1726589700000,61109.9,61109.9,60732.6,60926.4,214.70790293
1726590600000,60926.5,61064,60739.9,61012.6,226.84415245
1726591500000,61012.7,61125.1,60821.7,60869.5,116.57323591
1726592400000,60875.5,60983.9,60683.1,60838.1,125.03761422
1726593300000,60838,61000,60724.2,60916.7,76.80514731
1726594200000,60915.8,60981.7,60797.1,60828.7,47.94574313
1726595100000,60828.7,60993.9,60734,60954.5,55.39885802
1726596000000,60954.5,61071,60898.9,60915.9,57.64207878
1726596900000,60914.1,61063.9,60850.1,60997.1,29.82839828
1726597800000,61000.5,61046.1,60845.9,60864.7,36.1897752
1726598700000,60866.3,60903.7,60407.4,60540.6,174.92505928
1726599600000,60540.6,60699.5,60486.8,60653.8,70.1688022
1726600500000,60649.8,60651.9,60317.6,60423.3,75.28858146
1726601400000,60423.3,60450.7,60139,60139,148.6916636
1726602300000,60139,60157.3,59627.3,59971.9,483.69870948
1726603200000,59972,60010.3,59742.5,59974.2,204.71355502
1726604100000,59972,60235.9,59970.3,60180.4,57.92144827
1726605000000,60180.5,60347.9,59984.7,60004.2,170.68063847
1726605900000,60004.2,60178.3,60004.2,60117.1,34.40893349
1726606800000,60117.6,60305.4,60102.1,60276,17.22929587
1726607700000,60276.4,60374.3,60239.4,60319.9,22.43956002
1726608600000,60319.9,60454.5,60273.4,60375.4,58.4513761
1726609500000,60375.5,60381.7,60238.7,60331.9,12.34384737
1726610400000,60332,60338.4,60125.6,60236.9,26.18330771
1726611300000,60236.9,60290.4,60125,60179.9,18.45859331
1726612200000,60179.9,60280.2,60169.3,60280.1,29.00526026
1726613100000,60280.2,60348,60234.8,60239.6,57.1150533
1726614000000,60239.6,60239.6,60006.1,60092,28.99677208
1726614900000,60094.7,60222.4,60093.7,60162.8,42.40389894
1726615800000,60162.8,60252.9,60138.5,60199.4,21.9245929
1726616700000,60199.5,60329.1,60199.5,60314.6,22.68681563
1726617600000,60314.7,60337.8,60114.2,60143.6,34.97453859
1726618500000,60140.2,60196,60002,60076.3,114.80614748
1726619400000,60076.2,60111.7,59877.7,60107.8,170.74547353
1726620300000,60106.2,60285.5,60106.2,60234,36.93722427
1726621200000,60234.1,60325.9,60041.1,60076,38.90758632
1726622100000,60076,60250,59989.2,60235.3,40.87014248
1726623000000,60235.2,60287.9,60090.1,60255.4,41.65316199
1726623900000,60254.1,60259.8,60040,60112,29.64727676
1726624800000,60112.1,60225.3,60071.2,60219.1,27.2104155
1726625700000,60216.3,60249.4,60129.5,60166.5,15.20766233
1726626600000,60166.6,60271,60142,60243.2,37.79740453
1726627500000,60242.1,60361,60186,60355.5,77.19647323
1726628400000,60356,60693.6,60346.6,60584.5,158.24006778
1726629300000,60584.5,60618.4,60477.6,60618.3,60.26645839
1726630200000,60618.3,60749.5,60532.7,60749.4,76.1052087
1726631100000,60749.5,60771,60509.7,60517.9,78.12594053
1726632000000,60518,60614.6,60476.2,60605,75.3354205
1726632900000,60605,60698,60561.3,60637.7,41.05053617
1726633800000,60637.8,60648,60446.8,60472.3,36.79483804
1726634700000,60472.3,60508,60314,60430,29.63244356
1726635600000,60430,60430,60276.1,60380.1,42.9930038
1726636500000,60380.2,60380.2,60281,60356.7,39.11642441
1726637400000,60356.8,60363,60220,60220.1,38.30380539
1726638300000,60220.1,60273,60202,60233.2,23.97890114
1726639200000,60233.2,60346,60200,60324.1,65.03527866
1726640100000,60326.5,60373.5,60304.3,60309.4,30.4187718
1726641000000,60309.5,60374.9,60278.2,60344,21.01620036
1726641900000,60344,60493.6,60330.2,60457.9,42.30078091
1726642800000,60457.5,60550,60448.1,60476.3,75.13406021
1726643700000,60472.9,60489.9,60336.1,60421.9,95.40965402
1726644600000,60421.9,60484,60388.1,60424.1,31.4677186
1726645500000,60424.1,60487.9,60400.6,60427,38.05071747
1726646400000,60427,60428,60132.9,60196.4,78.63522903
1726647300000,60196.3,60276.4,60140.1,60167.4,29.96954177
1726648200000,60167.4,60222,60141.7,60160.1,27.19349318
1726649100000,60160.1,60221,60089.9,60202.8,34.68081123
1726650000000,60198.3,60199.3,60014.2,60015.9,110.27045682
1726650900000,60018.1,60094.4,59920,59956.2,116.4447008
1726651800000,59957.9,59980.1,59851,59917.7,66.28534821
1726652700000,59917.8,59958,59654,59656.7,148.34939777
1726653600000,59654,59818,59536.1,59542,160.01975738
1726654500000,59543.1,59696,59379.9,59684,281.26504012
1726655400000,59684,59932.5,59651.6,59839.3,84.91074531
1726656300000,59839.4,59926,59798,59905,46.02031837
1726657200000,59905.1,59914.2,59830.2,59857.8,25.76621322
1726658100000,59857.9,60001,59857.9,59990.8,27.33042989
1726659000000,59992,60012.3,59871.4,59905.2,38.95311341
1726659900000,59905,59959,59822.4,59851.2,53.26614863
1726660800000,59851.9,59909.9,59735,59739.8,80.54017595
1726661700000,59739.9,59930.9,59690,59849.9,61.36036614
1726662600000,59850,59986,59849.9,59904.6,35.26925541
1726663500000,59902.3,60012,59862.2,59980,55.48483503
1726664400000,59980.1,60160.1,59818,59893.9,66.34349801
1726665300000,59893.9,60078.5,59842.2,59931.9,104.01883895
1726666200000,59931.9,59952,59600,59638.1,148.8202609
1726667100000,59638.2,59650.1,59312.1,59509.9,228.71745403
1726668000000,59509.8,59613.3,59338,59475.9,81.93340915
1726668900000,59473,59699.9,59350,59631,88.58102592
1726669800000,59631,59791.1,59433.1,59692.1,97.23807788
1726670700000,59694.2,59769.9,59402.3,59493.1,91.81877551
1726671600000,59493.1,59761,59489.1,59646.2,70.98631086
1726672500000,59647.5,59648.1,59481.9,59615.5,48.58011253
1726673400000,59612.2,59612.2,59350.5,59377.9,58.71360497
1726674300000,59377.8,59527.9,59329.9,59430,57.52410003
1726675200000,59430,59607.7,59179.7,59493.3,156.84819815
1726676100000,59495.3,59740.1,59494.1,59689.1,47.45690866
1726677000000,59689.2,59920,59666.5,59812.4,66.92126771
1726677900000,59811.2,59953.9,59739.2,59916.7,78.52645864
1726678800000,59917.8,59934.9,59512.8,59548,77.28529366
1726679700000,59548.1,59794.7,59541,59794,59.61357223
1726680600000,59793.8,60048.3,59774.5,59970.1,132.14539317
1726681500000,59972.8,60249.9,59916,60007.8,106.95223482
1726682400000,60006.1,61080,59777,60184,1844.14718741
1726683300000,60187.4,60640,60171,60522.6,256.48904383
1726684200000,60525.7,61355.6,60248.8,60383.3,750.09900293
1726685100000,60382.1,60957.1,60350,60621.8,224.62910081
1726686000000,60625.5,60754.7,60246.8,60687,400.51850536
1726686900000,60687.7,60690.1,59971.7,60439.9,273.72652443
1726687800000,60443.7,60533.2,60190.1,60309.9,284.91802615
1726688700000,60309.9,60372.3,60014.8,60061.5,210.63735539
1726689600000,60066,60076,59468.3,59657,282.88855322
1726690500000,59657,59984.8,59622.9,59977.3,81.56920761
1726691400000,59977.3,60215.5,59938.1,60178,70.0932469
1726692300000,60178.1,60315,60121.3,60224.4,68.84312147
1726693200000,60224.4,60374,60224.4,60373.9,51.30788268
1726694100000,60374,60390,60161.4,60358,102.51466055
1726695000000,60358,60487.3,60327.3,60327.6,34.7920436
1726695900000,60327.6,60337.8,60201.4,60201.4,23.03051419
1726696800000,60201.4,60349,60199.9,60299.6,18.9723759
1726697700000,60299.5,60600,60299.5,60586.1,53.0796442
1726698600000,60582.8,60694.4,60484.2,60506.1,109.70666265
1726699500000,60505.3,60703.2,60505.3,60692.5,63.25891033
1726700400000,60694.7,61000,60686,60900,150.24018315
1726701300000,60900.1,61249.8,60900,61200.1,180.92452128
1726702200000,61200,61399.8,61114,61285.9,389.80738494
1726703100000,61285.6,61807.8,61152.1,61767.7,457.52729589
1726704000000,61770.7,62135.5,61720,62048.7,534.03372822
1726704900000,62048.6,62397.3,61892.7,62247,476.57517974
1726705800000,62247,62417.9,62110,62333.8,241.13664259
1726706700000,62333.8,62588.8,62178.1,62240.1,238.84847014
1726707600000,62240,62330,61840.1,61929.9,226.28321221
1726708500000,61930,62024.9,61750,61755.8,220.63208157
1726709400000,61754.2,61946.7,61558,61866,237.03255245
1726710300000,61866.5,62024.4,61836.9,62014.4,128.36649189
1726711200000,62014.5,62071.9,61787.9,62000,136.01809169
1726712100000,62002.7,62094,61954,62089.3,99.18127103
1726713000000,62085.5,62326.2,62050.1,62270,122.53349594
1726713900000,62270,62305.9,62170.1,62202.1,105.95285965
1726714800000,62208.4,62277.9,62079.9,62079.9,90.43520973
1726715700000,62080,62163.1,62001,62153.8,34.92811736
1726716600000,62156.2,62170,62011.9,62089.9,60.45342271
1726717500000,62089,62128,62035,62112.1,44.49846416
1726718400000,62112.1,62149,62004.2,62034,75.11892796
1726719300000,62034.1,62132.9,61899.9,61918.3,122.25655927
1726720200000,61918.4,61970,61892.2,61953.5,46.97454042
1726721100000,61952,62103,61943.5,62079.2,69.78039797
1726722000000,62080.8,62173.8,62070.1,62078.8,78.42078932
1726722900000,62078.9,62129,61971.7,61981.7,64.6937666
1726723800000,61981.7,62018,61927.4,61980.3,58.07307121
1726724700000,61978.4,62000,61904,61991.3,37.66282328
1726725600000,61991.4,61991.4,61817,61849.9,56.1264173
1726726500000,61850,62060,61849.8,62026,54.54363684
1726727400000,62028.5,62127.8,62022,62115.9,31.8244702
1726728300000,62116,62118.2,61960,62017.9,34.33493844
1726729200000,62016.9,62161.2,61925.6,61974.1,157.5226683
1726730100000,61974,62118,61960.2,62083.6,71.58556299
1726731000000,62083.6,62140.2,61977.4,62102.7,68.70973024
1726731900000,62102.7,62167.9,62070,62099.5,74.10404524
1726732800000,62099.8,62179,62024,62120.9,58.29131896
1726733700000,62116.8,62195.4,62034.7,62049,39.53247058
1726734600000,62048.9,62086,61937.7,61945,60.8390039
1726735500000,61945,61984,61889.3,61933.7,54.29577522
1726736400000,61933.8,62144.7,61899,62122.4,60.00734285
1726737300000,62122.5,62198.8,62057.5,62145,107.48978499
1726738200000,62145.1,62335.9,62110.8,62335.9,80.19220636
1726739100000,62336.2,62350.1,62223.9,62269.9,85.59630584
1726740000000,62270,62533.2,62269.9,62477.3,165.93180272
1726740900000,62477.2,62734.8,62410.9,62640.4,152.10581712
1726741800000,62640.5,62696.8,62317.1,62428.4,172.42045255
1726742700000,62426.5,62454.8,62311.2,62313.7,31.30733598
1726743600000,62315.4,62414.2,62232.5,62393.9,45.91581692
1726744500000,62396.6,62524.1,62374.8,62500.1,59.91883729
1726745400000,62498.3,62586,62485.6,62565.3,77.19491923
1726746300000,62569.3,62709.8,62515.8,62644.6,90.56360561
1726747200000,62643.4,63214.8,62556.9,62971.8,639.72536821
1726748100000,62974,63094,62821.1,62868.8,186.37056341
1726749000000,62869.6,63050,62831,62850,60.09632352
1726749900000,62849.1,62956.8,62733.6,62922.5,94.90308439
1726750800000,62925.6,63286.1,62850,63213.1,134.83022262
1726751700000,63212.8,63368.5,63040,63254.2,100.3209967
1726752600000,63254.1,63278.6,62921,62921.1,319.63446858
1726753500000,62921.1,63055.1,62693.8,63038,187.98613632
1726754400000,63041.4,63428,62992.3,63279.6,217.98902446
1726755300000,63279.6,63387.4,63130,63330.1,277.73467341
1726756200000,63330.1,63509.1,63202.3,63222.5,105.64492324
1726757100000,63219.7,63219.7,62881.1,62935.1,173.74115154
1726758000000,62935.2,63144,62834.6,63075.2,103.64540387
1726758900000,63081.6,63200,62980,63199.9,37.41716106
1726759800000,63200,63266,63088,63240.7,95.37023372
1726760700000,63240.6,63366.5,63134,63156.2,135.74515033
1726761600000,63157.6,63343.4,62923,63073.2,145.5808751
1726762500000,63073.3,63309.9,63012.4,63300.9,140.26889318
1726763400000,63301,63481.7,63240,63397.8,161.16819535
1726764300000,63402.9,63683.7,63361.3,63554.7,162.33449464
1726765200000,63552.4,63800,63424,63424,290.80763445
1726766100000,63424.1,63571.9,63283.3,63383.7,123.98213963
1726767000000,63383.7,63842.1,63361.1,63818.8,217.95538836
1726767900000,63818.9,63858.1,63676.1,63714.6,187.62491049
1726768800000,63714.7,63790.7,63561.6,63609.1,101.13744348
1726769700000,63609,63750.6,63504,63609.3,119.06320606
1726770600000,63612.6,63782,63580,63704.1,65.10620576
1726771500000,63704.2,63710,63488.1,63632.7,82.65282072
1726772400000,63632.8,63647.1,63411.3,63427,65.77270828
1726773300000,63428.1,63511.9,63232.2,63320.4,103.25623399
1726774200000,63320.4,63510.1,63236.7,63473.4,74.16294697
1726775100000,63473.4,63550.4,63200,63253.8,99.04406682
1726776000000,63254.3,63260,63141.9,63200,102.35739075
1726776900000,63200,63250.4,63164.5,63212.8,28.70785473
1726777800000,63213.1,63238.8,63133.1,63133.1,22.09295566
1726778700000,63133.1,63195.8,62983.8,63025.4,93.29644139
1726779600000,63025.4,63184.2,62932.7,63110,99.78643654
1726780500000,63110,63110,62968,62968,27.8360429
1726781400000,62968,63108.9,62895,62935,49.42523439
1726782300000,62935.1,63023.7,62882.6,62882.6,16.3323027
1726783200000,62882.3,62911.3,62742.6,62819.1,78.11432867
1726784100000,62819,62891.9,62654.4,62722,79.31413852
1726785000000,62722.1,63103.4,62674.1,62902,231.57773773
1726785900000,62902,63014,62872,62945,31.53983714
1726786800000,62947.1,63071.3,62916,63019.9,36.59075472
1726787700000,63019.9,63076.4,62960.2,63016.1,47.83428891
1726788600000,63016.2,63060.2,62972.4,62995,25.05872301
1726789500000,62995,63026,62908.2,62956.3,42.83163077
1726790400000,62956.4,63023.7,62831.2,62898.3,50.11205327
1726791300000,62898.3,62923.9,62781,62794.6,59.21279573
1726792200000,62794.6,62879.8,62666.3,62869.7,86.12762522
1726793100000,62869.7,62956.8,62764,62766.4,67.33415057
1726794000000,62766.4,62790,62614,62715.9,96.58135602
1726794900000,62715.8,62856.9,62691.6,62843.1,92.35413003
1726795800000,62843.2,63019.9,62843.2,62962.3,65.4545492
1726796700000,62962.3,63182.9,62962.3,63039.6,112.21317753
1726797600000,63039.7,63127.4,62950,62952.1,53.07718982
1726798500000,62952.2,63001.9,62818,62920.9,45.9622914
1726799400000,62921,63022.1,62911.1,62942.6,54.41614609
1726800300000,62942.6,63127.5,62851,63124.1,158.66508692
1726801200000,63124.1,63329.8,63081,63170,147.09330787
1726802100000,63170,63366.7,63142,63273.9,86.8258927
1726803000000,63273.9,63374,63261.8,63364.1,53.80103595
1726803900000,63364.2,63750,63364.1,63738,201.68709021
1726804800000,63741.4,64142.8,63665.4,63949.8,554.03186177
1726805700000,63946.6,64092.1,63729.1,63864.1,293.38175713
1726806600000,63864.1,64000,63703.9,63913.9,142.73373698
1726807500000,63914,63963.1,63750,63839.9,64.56813658
1726808400000,63840,63929.5,63765.6,63860.1,69.28236584
1726809300000,63860.2,64029.8,63786.6,63805,212.48701572
1726810200000,63805.1,63892.2,63688,63700.2,97.0131981
1726811100000,63700,63817.9,63602.1,63809.9,62.23704855
1726812000000,63809.9,63925.5,63680,63696,79.30995047
1726812900000,63696.1,63786.6,63629.9,63688.1,36.28407148
1726813800000,63688.1,63842,63658.6,63750,61.1489955
1726814700000,63750.1,63872.7,63700,63791,58.90369136
1726815600000,63793.1,63794.1,63600,63662.2,106.15725638
1726816500000,63662.2,63662.2,63416,63442.2,178.37697708
1726817400000,63442.3,63556,63390.5,63504.9,160.28318623
1726818300000,63508.4,63671,63492.1,63516,168.66447547
1726819200000,63516.1,63528,63388,63403.9,91.72518918
1726820100000,63403.9,63532.3,63243.3,63244.9,108.49895531
1726821000000,63245,63306.6,63100.1,63269.5,164.17673344
1726821900000,63269.5,63366.6,63269.5,63305,66.32392796
1726822800000,63305.1,63411.9,63267,63395.1,53.51709673
1726823700000,63395.2,63498.7,63395.1,63469.9,54.42872604
1726824600000,63470,63554.9,63451.1,63520.9,57.90115448
1726825500000,63522.4,63548,63445.5,63460.7,67.26696065
1726826400000,63460.8,63550,63444.3,63461.3,86.91937086
1726827300000,63461.3,63519.5,63461.3,63474.6,26.93758283
1726828200000,63474.7,63674.1,63349.9,63654,89.72217513
1726829100000,63655.9,63669.6,63544.4,63667.9,76.7048899
1726830000000,63667.9,63704.1,63560,63563.5,53.79044989
1726830900000,63563,63679.2,63475.7,63478.2,41.35620265
1726831800000,63478.1,63513.1,63350,63363.2,91.65259208
1726832700000,63362.1,63469.9,63349.9,63441.2,59.46398962
1726833600000,63441.1,63548,63334.5,63429.9,71.08449489
1726834500000,63431.6,63516,63343,63466.9,62.18054823
1726835400000,63466.8,63522.3,63351.2,63491.4,51.37582015
1726836300000,63490.9,63496.5,63374.5,63429.7,52.09064383
1726837200000,63429.8,63462.4,62890.1,62903.9,210.5928191
1726838100000,62904.9,63055.9,62780,62922.7,228.64203935
1726839000000,62926,63028.4,62680,62737.5,153.50228016
1726839900000,62737.6,62976,62727.3,62842.9,122.12040205
1726840800000,62843,62956.8,62574.5,62620,135.6558504
1726841700000,62620,63285.5,62588.2,63226.1,275.2001683
1726842600000,63232.4,63511.6,63068,63277.4,236.32125739
1726843500000,63277.4,63412.6,62980.7,63041.8,200.96645742
1726844400000,63041.8,63095.8,62700,62939.5,162.51588633
1726845300000,62942,63019.7,62777.1,62900,87.5197871
1726846200000,62900,63291.2,62856,63277.7,88.41089595
1726847100000,63277.8,63359.9,63140,63160,70.64696078
1726848000000,63159.9,63285.9,63100,63119.4,66.42280376
1726848900000,63120.1,63126.8,62918,62990.8,61.18132108
1726849800000,62990.7,62992,62810.9,62914.1,48.71537508
1726850700000,62912.7,63038,62857,62871.3,43.5090848
1726851600000,62868.2,62965.6,62790.1,62949.5,67.67021286
1726852500000,62950.1,62987.7,62728.5,62736,37.32716162
1726853400000,62736.1,62809.2,62699.9,62745.9,52.19864206
1726854300000,62748.2,62783.4,62616,62700,67.39402895
1726855200000,62699.4,62751.4,62338,62477.2,220.76586413
1726856100000,62475.4,62632.5,62475.4,62620.9,65.47466381
1726857000000,62621.7,62788.9,62555.1,62719.4,52.23363701
1726857900000,62719.3,62981.2,62704,62865.4,75.45864431
1726858800000,62865.5,62953.4,62785.1,62917.8,78.4568097
1726859700000,62918,63018.8,62886.8,62928.1,58.64009829
1726860600000,62928,63027.1,62862.1,62924,65.15009044
1726861500000,62924,62967.9,62800,62806.1,105.85306638
1726862400000,62806.2,62891.7,62702,62741.8,31.82567955
1726863300000,62744,62834,62734.3,62746.6,17.07214859
1726864200000,62746.7,62878.7,62714,62874.9,9.51690403
1726865100000,62874.9,62949.6,62804.2,62815.8,15.35277997
1726866000000,62815.9,63300.5,62810,63300,520.68485157
1726866900000,63300,63300.1,63195.1,63221.9,37.89313892
1726867800000,63222,63265.9,63071.4,63080.6,22.979863
1726868700000,63080.7,63187.7,63074.1,63118.4,40.08036617
1726869600000,63118.5,63283.3,63116.6,63215.9,27.37351838
1726870500000,63217.6,63243.9,63170,63232.1,7.78657014
1726871400000,63232.1,63277.6,63174,63241.4,13.32039681
1726872300000,63241.4,63241.4,63172.7,63172.7,20.07581201
1726873200000,63172.8,63174.7,63078,63119.2,48.97059438
1726874100000,63118.8,63140,63070.7,63136,10.61772778
1726875000000,63136,63205.2,63136,63147.9,8.88621646
1726875900000,63147.9,63217.3,63072,63200,17.80868622
1726876800000,63199.9,63207.4,63032,63076.4,29.63497947
1726877700000,63075.7,63300,63056,63119.5,39.32075218
1726878600000,63116.1,63291.7,63088.1,63252.2,39.26749485
1726879500000,63252.3,63268,63167.4,63167.4,13.09536233
1726880400000,63167.5,63193.8,62990.6,63024,32.96289769
1726881300000,63024,63126.1,62852.6,63027.9,50.65567103
1726882200000,63026,63064,62897,62933.8,29.34767373
1726883100000,62938,62957.3,62835.6,62840.8,33.27604468
1726884000000,62840.9,62922,62812.3,62851.9,26.43042058
1726884900000,62852,62924,62816.1,62921.9,22.56812247
1726885800000,62921.9,62991,62910.8,62990.9,10.29560266
1726886700000,62990.9,62991,62910,62910,28.24367635
1726887600000,62910.1,62996,62870,62990.9,18.73054214
1726888500000,62990.9,63000,62890,62900.3,6.81630625
1726889400000,62900.3,62979.9,62871.4,62932.2,19.43676865
1726890300000,62932.3,62954.7,62879.4,62888,7.16162252
1726891200000,62888,62929.3,62851.5,62855,20.1928836
1726892100000,62855.1,62924,62827.8,62908,34.07891951
1726893000000,62908,62908.3,62820,62823.4,40.62839298
1726893900000,62826.7,62894,62821.1,62857.1,60.37772334
1726894800000,62857,62884.1,62750.6,62878.8,48.14416957
1726895700000,62878.9,62937.9,62850,62917.9,26.24819302
1726896600000,62918,62950.4,62886,62890,20.44275419
1726897500000,62890.1,62929,62888,62913.9,16.18206387
1726898400000,62914,63045.7,62888.2,63020.4,49.46939541
1726899300000,63020.5,63093.1,62975,63078,47.96991537
1726900200000,63078,63085.7,63032.5,63047.2,9.03892176
1726901100000,63047.3,63070,62986.1,62993.2,19.58193234
1726902000000,62993.2,63053.8,62978.6,63044.2,12.09788245
1726902900000,63044.1,63053.7,62966.7,62986,27.39073703
1726903800000,62986,63023.4,62978,63012.7,9.17266165
1726904700000,63012.6,63128,63012.6,63082.5,29.35989616
1726905600000,63082.5,63117.7,63050,63070,20.60363487
1726906500000,63070,63070,63028.2,63042.7,8.91791577
1726907400000,63042.1,63072,63002.7,63062.1,23.02484825
1726908300000,63062,63062.1,63010.1,63028.5,4.06553161
1726909200000,63028.5,63070.4,63001.4,63058.7,7.44828885
1726910100000,63058.8,63134,63030.1,63126.1,21.45037092
1726911000000,63126.2,63139,63084.5,63088,12.57735347
1726911900000,63088,63120.9,63086,63118,6.60948514
1726912800000,63118.1,63122.8,63060.3,63066.7,14.67167771
1726913700000,63066.6,63082,63004.3,63008,16.06195791
1726914600000,63008,63036,63002.1,63028.7,7.8856915
1726915500000,63028.7,63043.8,62958,62982.8,13.06038997
1726916400000,62982.8,63056,62966.1,63048.4,19.19623138
1726917300000,63048.5,63096.1,63038.1,63047.3,13.97655027
1726918200000,63047.3,63095.9,63047.1,63092,7.66242588
1726919100000,63092,63105.6,63070.5,63084.2,9.42644601
1726920000000,63084.3,63104.1,63042,63046,17.43254055
1726920900000,63046,63067.5,63037.6,63040,8.01436121
1726921800000,63040,63092.9,63034,63088.1,7.06495444
1726922700000,63088.2,63158,63036,63152.7,26.98146101
1726923600000,63150.1,63178.6,63029.3,63050.1,21.93137024
1726924500000,63050.4,63133.9,63050.4,63127.3,15.49884388
1726925400000,63127.2,63166,63101.8,63159.9,18.23316292
1726926300000,63159.9,63222.8,63129.1,63185.3,81.95427664
1726927200000,63185.2,63229.8,63131,63164.2,41.04967947
1726928100000,63164.3,63201.7,63144.2,63149.9,22.00470986
1726929000000,63149.9,63250,63149.8,63245.4,43.62257744
1726929900000,63245.3,63299,63204.4,63299,49.85416654
1726930800000,63298.9,63305,63053.4,63103.8,71.24786546
1726931700000,63103.8,63209.7,63076.3,63203.9,21.01727894
1726932600000,63203.9,63216.5,63164,63184,22.1999673
1726933500000,63185.1,63199.3,63139.1,63170.1,23.01139338
1726934400000,63170.2,63229.8,63154.6,63174.3,10.85610214
1726935300000,63174.3,63217.2,63084.4,63113.9,17.07983153
1726936200000,63114.9,63196.1,63086.8,63125,29.87749575
1726937100000,63125,63218.6,63122,63218.5,18.25310882
1726938000000,63218.6,63354,63182,63326.6,41.89201755
1726938900000,63326.6,63399,63260,63299.9,56.07823605
1726939800000,63300,63386.3,63300,63300.1,31.84588227
1726940700000,63302.6,63321.8,63228.9,63281.1,19.8868265
1726941600000,63281.2,63303.4,63236,63239.4,12.55152201
1726942500000,63239.4,63280.7,63238,63261.9,10.8023966
1726943400000,63261.9,63284,63230.1,63235.9,13.78672578
1726944300000,63237.9,63277.4,63230,63269.8,7.83579957
1726945200000,63269.8,63340.9,63259.7,63311.5,25.07371738
1726946100000,63311.5,63311.5,63183.4,63227.3,54.97072074
1726947000000,63227.4,63259.8,63183.7,63220.8,12.01306212
1726947900000,63225.5,63225.5,63164,63204,30.01641527
1726948800000,63204.1,63218,63157.9,63170.3,9.50128707
1726949700000,63170.4,63204.2,63162.5,63192,9.57214649
1726950600000,63192.1,63197.2,63152.2,63152.2,5.46222376
1726951500000,63152.2,63169.9,63123,63140.2,17.43209446
1726952400000,63140.3,63152,63100,63111.1,9.84282049
1726953300000,63111.2,63150,63100.6,63118.9,23.50485938
1726954200000,63119,63139.9,63056,63061.7,24.89288121
1726955100000,63065,63097,63046.4,63088.9,7.72120391
1726956000000,63089,63130.8,63074.8,63112.4,5.39249382
1726956900000,63112.4,63130.7,63052,63108,4.46785273
1726957800000,63108.1,63147.8,63104,63138.5,5.70459969
1726958700000,63138.9,63234,63138.9,63225.6,7.21128614
1726959600000,63225.6,63232,63152,63173.9,12.51474699
1726960500000,63174,63319.9,63174,63288,28.2051513
1726961400000,63288,63376,63274.1,63355.6,136.61379495
1726962300000,63355.7,63569.1,63316,63348,101.22849149
1726963200000,63348.1,63450,63234,63265.1,65.82677586
1726964100000,63265.1,63338,63152,63159.8,71.01242117
1726965000000,63159.8,63215.3,63105,63136.4,28.6079099
1726965900000,63138.5,63246,63138.5,63232,41.06747638
1726966800000,63232,63250.9,63154,63207.7,22.18518965
1726967700000,63207.7,63294.7,63154.5,63164,32.49586099
1726968600000,63164,63207.9,63144.7,63146,17.28059718
1726969500000,63147.7,63170,63010.1,63038,23.22889102
1726970400000,63038,63100.7,62800,62862.5,98.72566201
1726971300000,62862.6,62956.8,62825,62945.9,35.06299131
1726972200000,62945.9,62949.4,62868,62906,24.23431298
1726973100000,62906.1,62962,62856,62957.3,15.22349714
1726974000000,62957.2,63210,62921.9,63178.2,108.30174256
1726974900000,63178.3,63183.6,63100,63117.9,30.80067203
1726975800000,63117.9,63152,63050,63082.9,17.17038058
1726976700000,63083,63119.8,63067.2,63114.8,25.2722269
1726977600000,63114.9,63149,63080,63080,19.80891687
1726978500000,63079.4,63130.7,63078,63130.6,7.53576211
1726979400000,63130.7,63205.9,63113,63172.1,13.06067035
1726980300000,63172.2,63177.9,63074,63074,25.19036137
1726981200000,63074.1,63087.7,62958,62976,39.69170113
1726982100000,62974.4,63010.2,62942.8,63010,35.50734528
1726983000000,63010,63018,62922.6,62941.8,29.10132434
1726983900000,62941.9,62957.4,62908,62933.7,20.23838408
1726984800000,62933.8,63003.7,62920,62975.3,15.34803963
1726985700000,62978,63045.7,62971.8,63011,48.24448884
1726986600000,63013.4,63013.4,62837.4,62886.5,46.69659972
1726987500000,62886.5,62900,62841.8,62881.2,19.64253337
1726988400000,62881.2,62931.8,62881.2,62927.1,6.01072623
1726989300000,62928.4,62977.5,62896,62969.9,25.1576676
1726990200000,62969.9,62970,62914.1,62938,21.85007186
1726991100000,62939,62953,62922.1,62944.1,15.15660172
1726992000000,62944.2,63010,62900,62971.7,21.08706566
1726992900000,62971.7,62993.9,62950.2,62993.9,19.26780458
1726993800000,62993.9,62994,62938.7,62973.7,29.81803565
1726994700000,62973.7,63035,62962.6,63029.9,33.82667073
1726995600000,63030,63030,62822.5,62875.8,112.98816785
1726996500000,62875.8,62882,62794,62806.5,43.86056131
1726997400000,62806.5,62862.8,62649.7,62669.7,81.50572783
1726998300000,62670,62761.9,62662,62705.1,43.94764155
1726999200000,62705.1,62788.1,62702.2,62706,20.12698984
1727000100000,62706,62751.8,62666.9,62738.1,25.51436027
1727001000000,62736,62737,62561,62655.9,47.43698962
1727001900000,62656,62672.8,62587.5,62665.2,33.1790796
1727002800000,62665.2,62693,62555,62581.3,65.02402308
1727003700000,62581.1,62778.3,62551,62737,48.68302597
1727004600000,62736.9,62864.2,62730,62799.9,52.82631228
1727005500000,62800,62832.9,62773,62779.3,28.13495084
1727006400000,62779.4,62892,62767.1,62892,22.87541801
1727007300000,62890.1,62940,62769.9,62798.1,58.12351936
1727008200000,62798,62823.6,62734.9,62777.8,65.558181
1727009100000,62775.4,62838,62767.1,62780.6,30.56982137
1727010000000,62780.6,62827.4,62720,62826.1,35.04659798
1727010900000,62825.6,62837.7,62704,62733.9,17.10923221
1727011800000,62736.4,62743.7,62602.1,62653.3,46.08025579
1727012700000,62653.3,62653.3,62566,62592.2,51.35853501
1727013600000,62592.2,62683.5,62466.5,62683.4,68.25088063
1727014500000,62683.4,62702,62506.1,62543.9,30.72839304
1727015400000,62543.9,62607.5,62475.5,62555.9,35.57987757
1727016300000,62555.9,62684.6,62550,62671.2,15.84457271
1727017200000,62671.2,62696,62578.6,62641.1,15.82347259
1727018100000,62642.9,62764.2,62642.9,62753.1,20.23403087
1727019000000,62753.2,62814,62698,62721.3,16.61530233
1727019900000,62721.4,62737.4,62656.1,62656.1,19.73907952
1727020800000,62656,62692.9,62492.5,62492.6,57.97549939
1727021700000,62494.7,62703.9,62470.2,62672.1,57.62587196
1727022600000,62673.8,62850,62620.1,62805.9,36.22432778
1727023500000,62805.9,62833.6,62780,62780.3,29.95534865
1727024400000,62780.3,63008,62780.2,62960.1,51.76925489
1727025300000,62964.4,62989.9,62878.7,62972.1,36.32815835
1727026200000,62972,63106,62972,63039.1,41.39278544
1727027100000,63039.1,63138.6,63001,63063.1,25.77193308
1727028000000,63063.1,63073.1,62911.3,62933.7,85.7735042
1727028900000,62933.8,62977.9,62827.9,62956.9,31.06382484
1727029800000,62958.6,63012.1,62929,63003.9,16.92029125
1727030700000,63004.3,63056.8,62945.1,62960,20.49135096
1727031600000,62961.8,63006,62904,62918,7.61886636
1727032500000,62918,62928.9,62803.7,62838.1,15.22472225
1727033400000,62838.5,62970.5,62838.5,62960,14.85887936
1727034300000,62960,63229.8,62952,63164.1,57.66211273
1727035200000,63164.1,63263.1,63104,63263,43.96171037
1727036100000,63263,63311,63174,63248,52.9914127
1727037000000,63246.5,63246.5,63124.3,63150.1,12.57060058
1727037900000,63150.5,63218.5,63134,63211.7,17.02287069
1727038800000,63212.1,63315,63192,63259.9,29.32392014
1727039700000,63261.9,63326.3,63213.7,63217.5,16.76008851
1727040600000,63217.6,63227.3,63045.5,63115.5,24.6714629
1727041500000,63115.5,63175.5,62780,62791,186.68371246
1727042400000,62791,62873.6,62364.8,62644,286.5604969
1727043300000,62646.8,62914.9,62632,62826.5,57.0710734
1727044200000,62826.5,63765.7,62820.4,63500.1,319.15667719
1727045100000,63501.6,64019,63501.6,63876.1,332.19610013
1727046000000,63876.1,63975.9,63572,63592.6,92.65249753
1727046900000,63592,63656.4,63426.2,63494.7,97.17758809
1727047800000,63497.4,63621.7,63423.8,63562,27.4928603
1727048700000,63562.1,63653.5,63508,63574.2,76.2367393
1727049600000,63577.5,63610,63009.7,63049.9,141.48313229
1727050500000,63053.6,63201.4,62560,63184,243.80738867
1727051400000,63183.5,63393.9,63071.1,63323.4,75.13937737
1727052300000,63326.1,63760.3,63322.1,63574.5,181.75281584
1727053200000,63574.5,63910.4,63471.6,63745.3,115.40998122
1727054100000,63748.7,63877.1,63600,63689.8,177.12572227
1727055000000,63689.9,63961.5,63668,63838,77.52231565
1727055900000,63838.4,63934.4,63752.9,63824.1,42.20153658
1727056800000,63824,63891.7,63689.3,63824,23.61287882
1727057700000,63824,63834.5,63678.5,63737.9,34.29753105
1727058600000,63733.4,63948.4,63724.5,63796,40.50150167
1727059500000,63796,63980,63783.3,63933.9,46.09012563
1727060400000,63935.5,64447,63916,64319.9,372.60995294
1727061300000,64319.9,64750,64275.8,64661.9,321.58281215
1727062200000,64661.9,64724.6,64368.4,64499.9,285.85583886
1727063100000,64499.9,64500,64300,64358.7,108.53106041
1727064000000,64358.7,64467.8,64326,64334,70.37545968
1727064900000,64334.1,64343.3,63904,63922.1,196.7994106
1727065800000,63922.2,64023.9,63790.4,63882,131.47164106
1727066700000,63887,63937.6,63786,63902,35.03007295
1727067600000,63902.1,63942.1,63658.2,63676,104.34759741
1727068500000,63677.6,63819.9,63675.7,63766,24.40056525
1727069400000,63766.1,63878,63762.1,63850,30.07730911
1727070300000,63850.1,63886,63682,63761.9,54.368971
1727071200000,63760.2,63780,63601.5,63659.4,94.01525124
1727072100000,63658.2,63755.7,63530.5,63639.9,106.79113245
1727073000000,63639.9,63752,63620,63710.7,61.46464044
1727073900000,63710.8,63781,63637.4,63663.9,77.42657808
1727074800000,63663.9,63663.9,63444,63526,88.84548598
1727075700000,63526.1,63526.1,63382.1,63478.4,81.7808738
1727076600000,63475.9,63589.2,63432.5,63584,59.58299007
1727077500000,63584,63587.1,63495,63551.9,31.17931368
1727078400000,63551.9,63565.8,63395,63406.1,58.76691002
1727079300000,63406.5,63617.7,63305.2,63564.5,83.70453857
1727080200000,63564.5,63612,63357.7,63366.3,46.28081062
1727081100000,63366.4,63523,63347.4,63493.4,42.98179681
1727082000000,63493.5,63587.6,63486,63531.9,59.26783046
1727082900000,63531.9,63692.3,63498,63679.8,69.82286183
1727083800000,63679.8,63695.9,63580,63603.8,30.13045539
1727084700000,63603.3,63646.7,63554,63627.5,34.62987471
1727085600000,63627.6,63642.8,63494.4,63499.9,44.26877133
1727086500000,63500,63602.7,63412,63576.9,34.90046234
1727087400000,63576.6,63624.2,63533.6,63542,33.50862482
1727088300000,63542.1,63578.5,63466.6,63497,40.46285947
1727089200000,63497,63520,63390,63396,22.75677392
1727090100000,63399,63510,63392.4,63432.1,40.11452622
1727091000000,63432.2,63536.2,63368,63514.8,28.59226419
1727091900000,63514.3,63525.9,63392.5,63428.6,21.27564658
1727092800000,63429.8,63481.9,63332,63367.5,34.32230081
1727093700000,63367.5,63531.9,63340,63519,33.50289438
1727094600000,63518.8,63519.9,63286.6,63301.7,47.94776239
1727095500000,63301.7,63368,63229.8,63314,108.27995097
1727096400000,63314.1,63390.9,63202,63208.8,84.09107721
1727097300000,63208.8,63366.7,63168.1,63322.5,67.78532073
1727098200000,63322,63423.4,63184.7,63324.9,143.39254625
1727099100000,63324.9,63350,63060.2,63183.1,235.64908327
1727100000000,63183.1,63665.9,63129.1,63471.5,131.77772511
1727100900000,63473.5,63807.5,63429.8,63641.4,286.36368177
1727101800000,63646.5,63687.9,63066,63229.4,198.23462718
1727102700000,63227.6,63474.1,63183,63387.5,107.91815399
1727103600000,63387,63387,63108.1,63321,96.25798932
1727104500000,63320.6,63542.3,63190,63490,118.78405885
1727105400000,63492.5,63630,63452,63617.9,86.21807695
1727106300000,63618,63770.2,63594.2,63616.1,78.91074838
1727107200000,63616,63823,63422.1,63506,140.49710658
1727108100000,63507.4,63568,63251.5,63308.9,111.35270476
1727109000000,63308.9,63358.9,63205.4,63231.9,57.63718227
1727109900000,63233,63280.8,63200.1,63232,34.78641679
1727110800000,63231.9,63264.9,63102,63205.9,89.59795961
1727111700000,63205.9,63246,63137.6,63224,24.73581515
1727112600000,63224.4,63342,63184.2,63184.2,25.9448698
1727113500000,63184.3,63333,63182,63320.5,29.00393949
1727114400000,63320.6,63470.9,63280.1,63407.9,38.53490412
1727115300000,63407.9,63476,63376.1,63416,36.47471551
1727116200000,63416,63545.2,63406,63545.1,47.07188984
1727117100000,63545.1,63559.9,63402,63431.2,22.68556345
1727118000000,63429.3,63482.4,63322,63443.9,43.81525748
1727118900000,63444,63497.9,63433.4,63449.8,41.19436812
1727119800000,63449.8,63449.8,63300,63348,31.84523086
1727120700000,63349.5,63429.9,63258,63300,34.22037423
1727121600000,63305.8,63398,63262,63394.8,16.31731747
1727122500000,63394.9,63427.8,63279,63328,23.59557152
1727123400000,63328.5,63394,63298,63378,13.88174842
1727124300000,63377.3,63441.9,63304.7,63313,12.33369469
1727125200000,63312.9,63377.9,63306,63366.1,13.42751474
1727126100000,63366.1,63504,63092.2,63368,232.20587807
1727127000000,63366.4,63464.2,63278.2,63280,23.6698099
1727127900000,63282.4,63396.2,63225.3,63380,27.98542041
1727128800000,63380,63380,63196.4,63282.7,35.70327814
1727129700000,63288,63333.3,63262,63296,15.42809618
1727130600000,63294.9,63351.7,63217.1,63217.1,22.96893919
1727131500000,63217,63317,63200.4,63222.6,24.89490201
1727132400000,63224,63389.8,63218.2,63372,24.75114964
1727133300000,63376.8,63398,63191.5,63248,35.66554713
1727134200000,63252.5,63406.6,63250.6,63377.3,13.44174083
1727135100000,63377.3,63420.4,63310,63336.1,34.05674634
1727136000000,63334.1,63404,63226,63256.4,95.16903812
1727136900000,63256.4,63358,63230,63308,27.93906088
1727137800000,63308,63336,62806,63248.5,238.12118634
1727138700000,63244.1,63244.1,62912,62913.9,142.38988983
1727139600000,62918,63097.1,62861,63031.4,65.86692519
1727140500000,63033.9,63266.8,62853.7,62931.9,116.81145002
1727141400000,62932,63031.2,62808.6,63006,72.14036515
1727142300000,63006.1,63074.2,62857.2,62938,64.09744268
1727143200000,62938,62975,62702.3,62775.2,117.4884621
1727144100000,62780,62968,62720.5,62900,44.3889915
1727145000000,62900.1,62990.6,62811,62987.5,84.22187399
1727145900000,62990,63151.9,62974,63122.4,79.8084564
1727146800000,63123.7,63182.2,63053,63160,66.65843779
1727147700000,63160,63183.8,63046,63046,53.27710855
1727148600000,63046.1,63107.5,62935.1,63096.3,75.78052389
1727149500000,63099.1,63179.9,63096.3,63122,16.64939955
1727150400000,63122.1,63139.9,63044,63081.9,19.18924211
1727151300000,63081.9,63118.9,62980,63116,27.70167645
1727152200000,63116.1,63116.1,63014,63025.9,19.13226258
1727153100000,63026,63080,62941.1,63079.8,42.58195506
1727154000000,63079.6,63168,63060,63145.9,63.96241127
1727154900000,63146,63166.8,63100,63166,27.06282616
1727155800000,63166,63193.8,63115,63138.3,133.21988682
1727156700000,63138.3,63236.1,63136,63222.9,47.27914324
1727157600000,63222.9,63307.6,63222.9,63299.8,48.412178
1727158500000,63299.9,63396.1,63262,63272,48.01113909
1727159400000,63272.1,63377.5,63266,63334,53.8366832
1727160300000,63334,63362,63288.8,63310.1,17.1743368
1727161200000,63310.5,63446,63300.5,63445.9,48.86735216
1727162100000,63446,63525.7,63415.7,63435.9,53.79845572
1727163000000,63435.9,63499.9,63389,63423.8,48.49457417
1727163900000,63423.9,63576,63423.8,63565.9,95.06490758
1727164800000,63565.9,63704.5,63543.4,63610.6,103.25622008
1727165700000,63613.2,63770,63568,63711.2,107.33814245
1727166600000,63712,63810,63662,63775.6,129.671537
1727167500000,63776.6,63950,63762.4,63849.1,141.77567197
1727168400000,63849,63896,63628.3,63644,143.48777335
1727169300000,63644,63688.5,63566,63600,51.11007631
1727170200000,63600.1,63639.9,63484,63537.5,72.81874482
1727171100000,63537.5,63561.6,63504.6,63526.8,24.74464747
1727172000000,63526.9,63616.5,63508.9,63550.4,38.6312
1727172900000,63550.4,63725.1,63550.4,63683.9,104.22060609
1727173800000,63684,63725.9,63600.3,63672.2,24.6839899
1727174700000,63673,63680.3,63524.1,63524.1,26.2820887
1727175600000,63526.5,63546,63379.1,63424.1,72.73160842
1727176500000,63424,63526.6,63410,63523.4,42.99784553
1727177400000,63523.5,63605.1,63492,63511.2,24.96596724
1727178300000,63511.3,63516,63460,63475.9,16.48251136
1727179200000,63476,63603.4,63476,63490,27.29918196
1727180100000,63491.7,63664,63491.7,63563.5,41.30106839
1727181000000,63563.5,63652,63508,63559.4,37.3689454
1727181900000,63559.5,63593.4,63410,63451.9,63.92279132
1727182800000,63452,63555,63420.4,63521,47.50760295
1727183700000,63521,63564.4,63441,63462,23.92670507
1727184600000,63462,63663.3,63402,63626,107.28671959
1727185500000,63626,63776.6,63506,63521.8,139.51571063
1727186400000,63521.8,63557.1,63131.8,63264,542.20770541
1727187300000,63264.1,63329.4,62813.3,62870.1,246.05424963
1727188200000,62870,63019.2,62728.1,62920,251.01278651
1727189100000,62919.9,63222,62919.7,63192,214.8163376
1727190000000,63192,63362.3,63077.4,63245,144.38365433
1727190900000,63247.5,63343.9,63112.6,63117.9,120.16583457
1727191800000,63118,63222,63002,63113.5,56.75981417
1727192700000,63113.9,63279.9,63096,63160,42.7035916
1727193600000,63161,63264,63102.5,63207.4,68.74102523
1727194500000,63207.5,63289.8,63098,63134.8,133.78335033
1727195400000,63134.9,63277.5,63093.1,63275,26.11948146
1727196300000,63275,63376.3,63224,63262,50.7413192
1727197200000,63262,63401.4,63238,63387.9,48.58498657
1727198100000,63387.5,63650,63368.3,63544.5,67.80475654
1727199000000,63544,63875,63540,63819.5,227.52831467
1727199900000,63819.6,64007.4,63764.1,63781.3,207.7080396
1727200800000,63779.5,63889.9,63570.8,63589.5,83.24391023
1727201700000,63588,63757.4,63555.1,63629,50.90257824
1727202600000,63629.4,63863.6,63540.6,63809,79.48426496
1727203500000,63809.1,63824.8,63724,63728,40.93268034
1727204400000,63728,63871.6,63684,63866,47.61086303
1727205300000,63866,63894.1,63780,63842,43.14047939
1727206200000,63839.6,63899.8,63762,63872,35.77766387
1727207100000,63872,64384.2,63872,64297.2,317.24165361
1727208000000,64297.2,64620,64186.5,64348.8,516.87011832
1727208900000,64348.8,64356,64091.7,64285.5,182.91092324
1727209800000,64284.2,64309.6,64149.5,64198,43.84995475
1727210700000,64198,64320,64133.3,64219.8,24.24251707
1727211600000,64219.4,64290.3,64212.9,64274.4,55.29667566
1727212500000,64275.5,64275.5,64092,64110.7,30.05072885
1727213400000,64110.7,64141.9,63976.9,64008.6,39.51477387
1727214300000,64009.4,64166.1,63982,64036.6,17.07893523
1727215200000,64036.7,64476.8,64036.6,64462.5,69.6608727
1727216100000,64461,64508,64287.5,64421.6,58.24468171
1727217000000,64422,64441.3,64278.1,64310.5,51.87633178
1727217900000,64310.1,64698,64225.4,64589.9,144.91388944
1727218800000,64590,64632,64417.9,64422.3,55.350244
1727219700000,64422.4,64506.3,64336,64342,54.62019076
1727220600000,64342.1,64348.3,64256.1,64307.5,36.93358515
1727221500000,64307.5,64365.4,64260.4,64275.8,59.26544031
1727222400000,64275.8,64302.6,64216,64216,32.54797401
1727223300000,64216.1,64216.1,64069.8,64186,50.92141039
1727224200000,64186.1,64442.7,64146.1,64388.1,69.28584318
1727225100000,64388,64392,63993.1,64128.5,146.20551209
1727226000000,64128.6,64223,64087.5,64198,42.10621786
1727226900000,64198.1,64473.2,64081,64386.2,124.2594282
1727227800000,64386.2,64822.2,64370,64613.9,294.50174033
1727228700000,64614,64614,64388,64389,69.07623595
1727229600000,64389.1,64440,64294,64367.3,47.44234104
1727230500000,64366.2,64480,64318.4,64399.6,32.4556721
1727231400000,64399.7,64573.2,64392.5,64551.9,77.56394455
1727232300000,64551.9,64559.1,64428,64428,64.24372635
1727233200000,64428.1,64428.1,64243.6,64300.1,106.07289179
1727234100000,64300.2,64340,64230,64290.5,36.23141827
1727235000000,64289.8,64415,64271.2,64338.6,21.7878413
1727235900000,64338.7,64465.9,64338.6,64456,25.64214035
1727236800000,64456,64462.9,64361.6,64375.9,30.41218619
1727237700000,64378.6,64412,64350,64381.8,30.84155752
1727238600000,64381.9,64381.9,64230,64269.9,43.9981159
1727239500000,64270.2,64325.9,64178.5,64181,16.57395344
1727240400000,64181,64287.5,64171.2,64214,38.59202876
1727241300000,64214.1,64254.5,64184.4,64199.7,38.09334656
1727242200000,64203,64282,64184.4,64184.4,20.71724185
1727243100000,64184.4,64203.3,64146.6,64173.1,44.62002249
1727244000000,64173,64173,64064,64094,74.31717807
1727244900000,64094,64094.1,63910,63952,127.92525222
1727245800000,63952,63991.6,63882.1,63976,86.35317456
1727246700000,63976.1,63978.7,63758,63810.1,100.39808935
1727247600000,63810,63860.1,63758,63758.7,98.92995514
1727248500000,63758.7,63832.8,63643,63827.3,155.811994
1727249400000,63827.3,63872.1,63740.4,63814.9,40.6029479
1727250300000,63814.9,63858,63764.1,63850.9,39.82426882
1727251200000,63850.9,63905.9,63808,63836.9,55.11827254
1727252100000,63836.8,63914,63814.1,63864,29.67561165
1727253000000,63864.1,63895.1,63840,63888.2,26.17409776
1727253900000,63888.1,63907.3,63761.8,63825,29.92329279
1727254800000,63825.1,63874.5,63811.2,63870,14.42356747
1727255700000,63870.1,63870.1,63718,63731,26.42618566
1727256600000,63731,63817.1,63692.1,63696,51.9535235
1727257500000,63696.1,63724,63606,63614,90.77411933
1727258400000,63614.1,63688.9,63406,63647.5,272.5811022
1727259300000,63647.6,63738,63620.3,63723.5,108.70937274
1727260200000,63723.6,63738.2,63633.8,63683.5,26.96136299
1727261100000,63683,63683,63600,63635.9,33.25339117
1727262000000,63636,63654,63554,63581.9,55.39577687
1727262900000,63581.9,63644.4,63500,63641.5,51.72236914
1727263800000,63641.6,63838,63628.1,63777.9,69.13744778
1727264700000,63777.9,63844,63700,63837.9,38.10802
1727265600000,63838,63840,63722,63772.6,25.6956562
1727266500000,63772.7,63831.9,63756.5,63780,15.30129099
1727267400000,63780,63796,63688,63743.1,137.20586177
1727268300000,63743.1,63754,63596,63596,57.38034771
1727269200000,63596.1,63675.8,63489.1,63497.5,91.22762238
1727270100000,63497.6,63561.3,63436.2,63542,71.07602021
1727271000000,63539.5,63632.9,63320,63434,210.73901975
1727271900000,63434.6,63768.5,63434.6,63758,123.96638213
1727272800000,63758,63860,63688.3,63774.2,152.58888383
1727273700000,63774,63860.4,63686,63708.8,82.00165045
1727274600000,63708.3,63893.8,63645,63819.5,89.61637152
1727275500000,63819.2,63951,63686.4,63938,137.74725773
1727276400000,63938,64000,63833,63859.5,94.98639305
1727277300000,63858,63960.7,63770,63806,232.66756668
1727278200000,63805.9,63871.5,63670,63783.9,97.53688764
1727279100000,63781.4,63791.9,63444.5,63499,238.50533411
1727280000000,63499.3,63647.9,63459,63590,84.3766413
1727280900000,63592.5,63635.5,63520,63618.6,25.24186674
1727281800000,63618.6,63669.9,63538,63601.5,22.10417676
1727282700000,63601.5,63637,63454,63461.9,64.18667177
1727283600000,63463,63563,63392.4,63407.9,90.37980444
1727284500000,63407.6,63433.9,63161.9,63162,151.07236346
1727285400000,63161.9,63211.9,63018,63106.5,249.00524123
1727286300000,63106.6,63177,63000,63167.6,94.46847477
1727287200000,63167.7,63247.9,63124,63202,53.25293802
1727288100000,63203.5,63275.9,63142,63217.4,44.09146936
1727289000000,63217.4,63280.4,63171.7,63255.6,90.21978483
1727289900000,63255.6,63385.1,63242,63352.2,55.89688763
1727290800000,63354,63472.5,63330.1,63349,38.6218643
1727291700000,63349,63456,63218.1,63274,58.22335408
1727292600000,63273.9,63377.7,63204.1,63277.9,70.85966407
1727293500000,63277.9,63333.9,63140.9,63187.7,49.99858119
1727294400000,63183.6,63359.5,63182.4,63342,36.74385054
1727295300000,63342,63364.3,63257.4,63296.6,15.84170285
1727296200000,63296.7,63427.5,63296.7,63405,21.1161833
1727297100000,63405,63532,63374,63509,36.797412
1727298000000,63510,63522,63431.7,63458.5,22.18308093
1727298900000,63458.5,63475.9,63428,63475.9,13.67119251
1727299800000,63476,63550,63476,63510,12.69154497
1727300700000,63510.1,63569.4,63408.6,63439.9,10.66527647
1727301600000,63439.9,63518.1,63309.4,63309.8,54.19112586
1727302500000,63309.9,63425.9,63289.4,63404.6,26.93545163
1727303400000,63404.6,63439.3,63129.4,63170.5,47.65865261
1727304300000,63170,63318,63050.1,63263.9,70.63478902
1727305200000,63264,63272,63102.1,63168.5,30.06359738
1727306100000,63169,63201,63032,63099.5,29.96239865
1727307000000,63099.9,63103.7,62950,62956,88.67065595
1727307900000,62956,63183.6,62952,63154.9,77.14070976
1727308800000,63154.9,63285.1,63064.8,63239,56.64477794
1727309700000,63239.2,63288,63190.1,63266.7,19.40882
1727310600000,63266.1,63282,63040,63179,35.17506495
1727311500000,63178.3,63178.3,62850,62950.5,104.28496358
1727312400000,62950.6,63082.3,62800,62973.2,105.99535369
1727313300000,62973.1,62973.1,62789.9,62893,109.88583663
1727314200000,62893.5,62980,62671,62945,115.72477111
1727315100000,62945.3,63153.7,62936,63153.7,56.79571375
1727316000000,63153.6,63203.9,63096,63137.2,45.15076686
1727316900000,63137.9,63225,63137.9,63193.4,33.19850623
1727317800000,63193.4,63309.6,63193.4,63302.1,72.8455576
1727318700000,63304,63372.5,63281,63348.2,51.5309499
1727319600000,63348.3,63394,63339.4,63376.1,112.6140379
1727320500000,63376.2,63466,63281,63302.3,116.80028141
1727321400000,63305.9,63493.9,63302,63446.1,91.8279001
1727322300000,63446.1,63545.3,63446,63509.9,71.25113358
1727323200000,63510,63537.9,63455.6,63478.9,58.40343454
1727324100000,63478.9,63499.5,63430.8,63444,39.27794107
1727325000000,63443.9,63444,63366.7,63386.1,24.05481756
1727325900000,63386.1,63427.9,63329.7,63425.8,38.93040892
1727326800000,63425.9,63496.5,63358,63472,54.46539297
1727327700000,63472.5,63550.4,63454,63542.4,53.50488755
1727328600000,63542.5,63674.3,63542.5,63657.9,104.70800889
1727329500000,63658,63730.2,63582,63597.9,43.46358394
1727330400000,63597.9,63728.2,63584.5,63725.4,45.9272643
1727331300000,63725.4,63770,63640.2,63659.9,48.20718916
1727332200000,63660,63779.4,63660,63760.4,60.41960582
1727333100000,63760.5,63778,63690.1,63722.4,38.24526748
1727334000000,63722.4,63748,63664,63700,24.41696029
1727334900000,63700,63838.2,63690,63786.6,135.99953777
1727335800000,63786.5,63855,63761.1,63812,54.2390066
1727336700000,63811.9,63874,63802.1,63852.4,64.07682083
1727337600000,63852.5,63892.1,63756,63771.8,93.39955938
1727338500000,63771.9,63830,63771.7,63805.9,43.90363581
1727339400000,63805.9,63887.2,63778.7,63786.5,72.96732777
1727340300000,63786.9,63827.9,63699.6,63717.9,59.79224403
1727341200000,63714.5,63738,63590,63642.6,71.05670605
1727342100000,63642.7,63970,63623.9,63890,128.32775461
1727343000000,63892,63923.9,63754.3,63810.4,121.38021011
1727343900000,63810.4,63825.2,63746.1,63797.9,32.03332832
1727344800000,63798,63945.9,63762,63940.8,50.56809294
1727345700000,63940.9,64250,63907.7,64206.7,215.5708516
1727346600000,64207.5,64466.4,64182,64367.4,253.57597405
1727347500000,64367.4,64420,64278,64394.8,112.39785098
1727348400000,64395.9,64448,64299.1,64389.6,37.97626327
1727349300000,64389.6,64500,64328,64332.3,114.98968733
1727350200000,64333.5,64443.4,64300,64406.4,81.09341317
1727351100000,64406.5,64448,64362.1,64400.5,43.53242686
1727352000000,64400,64473.2,64328,64415.9,54.26722545
1727352900000,64412.7,64562,64380.5,64523.5,80.83828747
1727353800000,64523.6,64735.6,64384.1,64612.8,290.01884439
1727354700000,64612.8,64634.9,64474.7,64484.1,113.03420715
1727355600000,64484.1,64567,64411,64479.5,81.7950888
1727356500000,64479.5,64530,64333.4,64372,104.34722056
1727357400000,64372,64419.1,64154.1,64339.7,127.37649484
1727358300000,64339.8,64434.5,64210,64434.4,66.70983045
1727359200000,64434.5,64888,64373,64801.4,365.77402082
1727360100000,64801.4,65223.9,64541.7,64694.3,740.49928267
1727361000000,64696.7,64988.4,64519.5,64731.4,173.82303227
1727361900000,64733.1,64948,64373.1,64431.5,232.03977422
1727362800000,64431.4,64719.9,64318.8,64699.5,143.51418145
1727363700000,64699.4,65010,64655.8,65006,130.0860657
1727364600000,65006,65500,64926,65325.9,605.43364404
1727365500000,65326,65556.6,65166.9,65233,156.17990797
1727366400000,65234,65499.6,65104.1,65299.9,133.95220336
1727367300000,65300,65486.4,65219.4,65432.9,92.32318992
1727368200000,65433,65565.9,65364.1,65445,67.39120037
1727369100000,65445,65540,65329.4,65340.4,61.01416477
1727370000000,65340.5,65831.9,65300,65570.1,290.99841451
1727370900000,65570,65595.4,65335.1,65387.5,74.65126338
1727371800000,65387.5,65491.5,65112.5,65260.5,113.04760574
1727372700000,65260.4,65385.9,65115.2,65125.1,48.26352467
1727373600000,65128,65270.1,65038.9,65245.6,78.32634425
1727374500000,65245.7,65305,65085.2,65085.2,62.70240316
1727375400000,65085.3,65179.5,64936.7,65046,69.19556883
1727376300000,65046,65284.1,64987.1,65284.1,83.1954999
1727377200000,65284.7,65295.7,65134,65197.9,133.92973313
1727378100000,65198,65241.2,65102,65119.9,106.33945213
1727379000000,65119.9,65168.8,65038.4,65079.9,90.47981493
1727379900000,65080,65084,64679.6,64698.2,174.11191344
1727380800000,64699.9,64861.7,64638.8,64715,82.63293498
1727381700000,64716.1,64805,64637.1,64727.8,106.20888509
1727382600000,64729.5,64862,64714,64771.2,66.41733348
1727383500000,64771.9,64803.5,64650,64650,58.83979557
1727384400000,64650,64877,64625.8,64835.6,51.81197747
1727385300000,64835.5,65199.9,64820.5,64826,146.23727057
1727386200000,64824.7,64995.2,64757.2,64921.3,58.05028513
1727387100000,64921.4,65064,64916.6,65043.9,18.54299946
1727388000000,65043.9,65246,65034,65132.1,43.78473878
1727388900000,65132.2,65143.9,64955.2,64975.8,44.24010346
1727389800000,64975.9,65190,64974,65145.9,21.82659149
1727390700000,65145.9,65164,65020.1,65086.6,21.42434619
1727391600000,65086.7,65095.8,64916.6,64926.8,15.01122409
1727392500000,64926.9,64998,64728.4,64947.9,57.29125787
1727393400000,64948,65084.4,64909.4,65079.9,39.61490011
1727394300000,65079.9,65173.9,65056.8,65163.4,35.80531384
1727395200000,65163.4,65172,64988.5,65106.1,27.21699118
1727396100000,65106.4,65190,65055.7,65153.9,28.234353
1727397000000,65153.9,65248,65057.1,65199.8,77.56220692
1727397900000,65200,65293.8,65110.3,65238,61.14943756
1727398800000,65238.1,65346,65185.4,65201.2,87.20233247
1727399700000,65201.3,65271.9,65088,65206.1,67.0622009
1727400600000,65206,65282,65057.1,65058,81.81348867
1727401500000,65060,65154.4,65000.1,65113.8,52.7993045
1727402400000,65113.9,65196.5,65062,65098.9,43.12341215
1727403300000,65098.5,65119.9,64910,64921.9,88.34952183
1727404200000,64921.9,65003.5,64894,64958.2,66.55529865
1727405100000,64958.2,64963.7,64829.6,64885.3,67.7930001
1727406000000,64885.3,64920.5,64820,64920.4,46.38219837
1727406900000,64920.5,65014.4,64902,65006.8,25.88182722
1727407800000,65006.9,65337,65006.8,65281.6,133.17355528
1727408700000,65280,65420,65252,65366,67.9853895
1727409600000,65366.1,65456,65316.1,65349.3,114.73106763
1727410500000,65350,65417.8,65304.1,65314.5,27.39459068
1727411400000,65314.5,65381.8,65267.8,65348,31.16750584
1727412300000,65348,65382.8,65268.1,65305,55.90163158
1727413200000,65305,65347.6,65242.7,65305.7,30.29218203
1727414100000,65307.7,65308.9,65159.9,65186,145.48143553
1727415000000,65186,65217.9,65070.9,65142,156.551508
1727415900000,65144.4,65382,65140,65353.6,63.73463935
1727416800000,65353.7,65511.2,65340.6,65493.6,93.12620574
1727417700000,65493.7,65522.3,65356.5,65489.9,115.8992996
1727418600000,65489.9,65519.6,65275.8,65341.9,104.764156
1727419500000,65342,65370.6,65216.2,65343.9,86.34599694
1727420400000,65344,65403.7,65260,65403.7,121.78759451
1727421300000,65403.8,65546.5,65379.8,65513.8,149.2607911
1727422200000,65511.9,65530.1,65360.3,65403.9,125.88591948
1727423100000,65403.9,65488.5,65390,65464.7,195.18486171
1727424000000,65464.7,65588.2,65417,65548.5,74.71775398
1727424900000,65548.6,65705.7,65540,65620.2,80.03967801
1727425800000,65621.9,65798.9,65558.1,65653.4,81.18415174
1727426700000,65652,65741,65590.5,65731.9,104.92224963
1727427600000,65732,65850,65715.3,65796.9,193.82490707
1727428500000,65797,65997.2,65662.8,65748,174.39881473
1727429400000,65748.1,65793.9,65668.1,65700.8,43.46519935
1727430300000,65703,65899.8,65702,65746.8,63.20862363
1727431200000,65746.3,65781.1,65560.7,65626.7,80.56471222
1727432100000,65626.8,65633,65500.1,65573.3,48.29094913
1727433000000,65573.4,65631.1,65488.1,65572.1,83.56726787
1727433900000,65572.1,65621.9,65488,65488,36.60919462
1727434800000,65488.1,65596.5,65488,65544,50.64001474
1727435700000,65544,65616.3,65380,65380,59.22186216
1727436600000,65380.1,65426,65342,65406.3,48.8270388
1727437500000,65406.3,65498.7,65398,65436.4,60.46780479
1727438400000,65436.5,65530,65408.3,65477.3,56.25893582
1727439300000,65477.4,65502.5,65316.1,65454.9,54.84731112
1727440200000,65455,65798.5,65448.4,65783.9,98.43911387
1727441100000,65783.9,65883.4,65686.1,65740.1,76.95068805
1727442000000,65740.2,65791.1,65635,65644.5,81.1459859
1727442900000,65644.6,65748.2,65641.7,65654.9,32.57075106
1727443800000,65654,65667.9,65359,65435.5,85.03611879
1727444700000,65437.7,65688,65394,65672.1,61.14963651
1727445600000,65672.5,66213.2,65562,66073.8,543.3920398
1727446500000,66076,66350,65945,66285.1,317.00821699
1727447400000,66285,66500,66098.8,66284.5,458.62365831
1727448300000,66284.8,66386.3,66185.3,66243.8,146.66556512
1727449200000,66243.8,66354.9,66169.1,66317,176.86080933
1727450100000,66317.1,66425.6,66266,66342.8,105.55608433
1727451000000,66342.9,66362,66214.5,66214.5,70.41095053
1727451900000,66214.5,66269.8,66000.1,66000.1,136.81603551
1727452800000,66000,66207.3,66000,66104,75.32053512
1727453700000,66102.7,66129.9,65893.3,66086.8,162.37690336
1727454600000,66086.7,66275.9,66040.4,66176.9,120.51630134
1727455500000,66177,66364,66133.1,66299.9,71.31625145
1727456400000,66299.9,66355.1,66000,66014.6,110.64565658
1727457300000,66014.6,66042,65772,65802.8,147.43974839
1727458200000,65804.5,65938,65676.7,65743.4,102.45756218
1727459100000,65744.1,65933.9,65728,65919.9,86.65925144
1727460000000,65920,65935.6,65770.4,65770.4,56.34736494
1727460900000,65770.5,65817.8,65585.8,65599.9,61.23755511
1727461800000,65600,65709.8,65520.1,65644.4,90.23204423
1727462700000,65644.5,65879,65644.5,65875.9,72.74888186
1727463600000,65876,65977.6,65741,65759.5,91.05185605
1727464500000,65759.5,65858.6,65754.8,65776.2,44.96257986
1727465400000,65776.3,65832,65704,65746.9,77.92879173
1727466300000,65747,65770.3,65633.8,65651.3,89.82775208
1727467200000,65650.3,65755.8,65620,65731.5,47.97531777
1727468100000,65731.5,65763.2,65668.3,65751.8,18.55404448
1727469000000,65751.9,65870,65748.3,65869.9,11.76563623
1727469900000,65870,65917.7,65779.3,65799.3,24.30972506
1727470800000,65799.4,65861.9,65742.3,65771.9,32.35893996
1727471700000,65772,65859.5,65763.3,65859.5,20.16748759
1727472600000,65859.6,65882,65766.5,65766.5,18.64644695
1727473500000,65766.6,65859,65766.5,65814,12.86427186
1727474400000,65816.1,65913.9,65766.5,65897.2,25.02266555
1727475300000,65897.3,65935.9,65831.8,65912.7,22.30896051
1727476200000,65912.8,65969.8,65894.9,65937.4,14.60630912
1727477100000,65937.5,65937.5,65866,65871.5,7.20525757
1727478000000,65871.6,65909.9,65820,65832,14.02291661
1727478900000,65832,65832.1,65714.2,65738.9,30.09134705
1727479800000,65738.9,65774,65678,65687.4,13.69213344
1727480700000,65687.4,65797.8,65678,65774.1,14.69887635
1727481600000,65774,65826.3,65762.3,65799.9,22.6373689
1727482500000,65799.9,65844,65727.1,65740,12.48783238
1727483400000,65740,65883.4,65718,65866.6,24.43809422
1727484300000,65867,65912.7,65834,65903.5,14.80313721
1727485200000,65903.7,65903.7,65827.5,65874.3,19.25626564
1727486100000,65874.3,65883.4,65801,65830.5,10.36039161
1727487000000,65830.6,65881.5,65800,65878.7,24.03766639
1727487900000,65878.7,66005.5,65846.9,65991.1,28.18362182
1727488800000,65991.1,66022.6,65900,65951.9,24.56976559
1727489700000,65951.9,66074.9,65925,66066.7,20.80354963
1727490600000,66066.7,66169.1,66066.7,66146,43.50970173
1727491500000,66146,66197.9,66083.7,66169.4,56.69389664
1727492400000,66169.5,66269.7,66130,66134.3,54.14503854
1727493300000,66134.4,66134.4,66049,66054.9,51.08239953
1727494200000,66054.9,66084,65976.2,65976.2,42.47815046
1727495100000,65976.3,66085.1,65976.2,66071.9,50.58249086
1727496000000,66072,66072,65970,65997.4,28.082252
1727496900000,65997.5,66097.9,65990.7,66082.6,22.58718858
1727497800000,66082.7,66085.8,66045,66062.1,7.3725483
1727498700000,66062.2,66062.2,65994,66016.8,10.96158007
1727499600000,66016.9,66030.5,65978,65983.3,12.59015917
1727500500000,65978.8,66000,65918,65918,13.33392531
1727501400000,65918.1,66030,65911.3,66010,52.18237269
1727502300000,66010,66010,65914.7,65956.4,70.76430229
1727503200000,65956.4,65966.1,65821.5,65821.5,41.72907969
1727504100000,65821.6,65890,65820,65889.8,36.92251293
1727505000000,65889.9,65901.5,65729.9,65763.4,71.76685762
1727505900000,65763.5,65820,65740.3,65800,34.73217535
1727506800000,65800.1,65831.2,65790,65800,47.71641367
1727507700000,65800,65823.9,65788,65788,28.97029277
1727508600000,65788,65899.9,65756.4,65896.6,57.56166919
1727509500000,65896.7,65896.7,65802.6,65816.6,34.3610612
1727510400000,65816.6,65816.7,65626,65626,50.3758936
1727511300000,65626.1,65721.2,65626,65639.9,50.8152346
1727512200000,65640,65720.3,65570.2,65719.7,81.38136818
1727513100000,65719.8,65730.9,65625,65639.9,35.20159424
1727514000000,65640,65649.3,65446.1,65516.1,65.80414431
1727514900000,65516.2,65594,65477.9,65518.7,46.83353074
1727515800000,65518.6,65586.7,65515.1,65583.7,22.64735046
1727516700000,65583.8,65629.9,65544,65629.8,28.83751451
1727517600000,65629.9,65696.4,65580,65696.3,23.20565078
1727518500000,65696.3,65696.4,65646,65658.2,16.78821427
1727519400000,65658.3,65757.4,65658.2,65745.5,33.77491195
1727520300000,65745.6,65774.2,65722,65761.5,19.94523629
1727521200000,65761.6,65798.3,65727.8,65727.8,44.57197991
1727522100000,65727.9,65777.3,65727.8,65727.8,26.04767745
1727523000000,65727.8,65780,65703.5,65769.8,14.92146342
1727523900000,65769.8,65807.8,65724.6,65799.9,13.63455174
1727524800000,65800,65800,65642.1,65683.7,34.63040257
1727525700000,65688.6,65688.6,65620,65642.4,25.31498923
1727526600000,65642.5,65654.7,65435.9,65470,102.86574575
1727527500000,65470.3,65570.4,65470.3,65549.3,40.65032779
1727528400000,65549.3,65564.8,65441.8,65449.3,32.53364378
1727529300000,65449.3,65560.6,65414.6,65556.4,52.38393471
1727530200000,65556.5,65613.2,65482,65609.9,14.5509664
1727531100000,65609.9,65610,65520,65536.1,13.31495846
1727532000000,65536.1,65707.4,65536.1,65641.2,40.1533429
1727532900000,65641.3,65814.8,65641.3,65716.1,67.94172067
1727533800000,65716.1,65791.6,65714.6,65762.2,35.00438457
1727534700000,65762.2,65763.4,65693.7,65724.7,28.3820807
1727535600000,65724.8,65725,65666.1,65684.2,37.58065728
1727536500000,65684.3,65692,65624.8,65665.9,36.93737555
1727537400000,65665.9,65690,65625,65626.7,25.86737816
1727538300000,65626.7,65652.9,65618,65619,9.46622368
1727539200000,65619.1,65625,65576,65600.7,29.14155767
1727540100000,65600.8,65664.5,65545,65659.9,29.36879199
1727541000000,65659.9,65660,65521.1,65529,29.13434274
1727541900000,65529.8,65559.7,65490,65512.5,21.16167348
1727542800000,65512.6,65591.9,65500,65584.5,11.66950019
1727543700000,65584.6,65719.3,65551.2,65682.4,16.99424974
1727544600000,65682.5,65697.9,65622,65647.8,9.44090017
1727545500000,65647.9,65662,65608.6,65635.5,7.44300269
1727546400000,65637.6,65776.2,65633.3,65776.1,19.57149719
1727547300000,65776.2,65820,65762.1,65766.4,17.41590566
1727548200000,65766.3,65797.3,65734.3,65734.4,6.5564306
1727549100000,65734.4,65745.7,65696.2,65699.9,10.71710606
1727550000000,65700,65734.7,65692,65728.1,12.65999036
1727550900000,65728.1,65778,65715.4,65723.9,8.1170075
1727551800000,65723.9,65736.6,65691.2,65722,9.29207693
1727552700000,65722.1,65735.7,65703.1,65730.3,7.33520494
1727553600000,65730.4,65772.7,65706.7,65765.9,17.15706338
1727554500000,65765.9,65777.2,65732,65760.7,19.95075685
1727555400000,65760.7,65760.8,65728,65740.4,5.0308726
1727556300000,65740.3,65740.4,65615,65644.8,36.08662382
1727557200000,65644.8,65684.2,65529.8,65558.1,24.14847907
1727558100000,65558.1,65614.5,65420,65588.2,62.367771
1727559000000,65588.2,65701.7,65587.6,65682.4,14.58782243
1727559900000,65681.2,65699,65641.4,65698.9,3.58186111
1727560800000,65698.9,65750,65579.7,65649.7,25.34235304
1727561700000,65649.6,65744.5,65632.2,65728.6,22.01019472
1727562600000,65728.6,65787.7,65685,65717.1,22.56105588
1727563500000,65715.2,65759.7,65686,65686,12.74058471
1727564400000,65686.1,65694,65644,65644,8.52633453
1727565300000,65644.1,65664.5,65616.1,65653.9,8.49914802
1727566200000,65654,65718.1,65653.9,65718,8.00715221
1727567100000,65718,66000,65711.2,65853.3,119.66380735
1727568000000,65853.4,65891.1,65802,65852.1,28.33596561
1727568900000,65852.1,65982,65834,65898,32.1242754
1727569800000,65898.1,65898.1,65752.9,65757.9,27.52243303
1727570700000,65758,65794,65650,65682.7,36.19743087
1727571600000,65683,65769.5,65683,65692,21.00627221
1727572500000,65692.1,65795.3,65653.2,65761.6,24.68809102
1727573400000,65761.7,65791.5,65702.4,65744.8,17.30973714
1727574300000,65744.9,65880,65744.8,65869.1,21.87461802
1727575200000,65869.2,65920,65817.9,65878.4,31.36931053
1727576100000,65876.8,65942.2,65836,65899.9,48.53523196
1727577000000,65900,65927.7,65826,65862,17.01293981
1727577900000,65862.1,65911,65821.5,65826.4,13.32647211
1727578800000,65826.5,65829.6,65769,65781.8,36.13981285
1727579700000,65781.9,65834,65720,65826,26.95454755
1727580600000,65826.1,65830,65788,65826.5,8.81121864
1727581500000,65826.5,65829.9,65798.3,65820.6,13.36070275
1727582400000,65820.7,65820.7,65732.8,65738,26.94572187
1727583300000,65738.1,65752.8,65700,65752.6,17.37724888
1727584200000,65752.7,65752.7,65700,65737.6,8.88914581
1727585100000,65737.7,65755.6,65689.1,65750.3,30.15779718
1727586000000,65750.4,65756.3,65718,65722,17.91905851
1727586900000,65722,65763.6,65718.1,65739.7,11.11692116
1727587800000,65739.7,65739.8,65562.1,65570.1,54.14004683
1727588700000,65570.1,65619,65516,65600.4,39.54549755
1727589600000,65600.4,65652.8,65568,65574.5,30.9105569
1727590500000,65574.6,65604.3,65508.4,65604.3,24.28978838
1727591400000,65604.3,65608.9,65520,65542,22.954382
1727592300000,65542,65550,65500,65505.9,26.18871694
1727593200000,65506,65566,65500.5,65564.7,21.08766921
1727594100000,65566.1,65569.9,65470,65529,53.00037382
1727595000000,65529,65567.1,65507,65526.6,29.41845911
1727595900000,65526.6,65532.4,65440,65474,72.61576701
1727596800000,65474,65538.4,65455.1,65514,24.51720352
1727597700000,65514.1,65514.1,65440,65444,48.14008949
1727598600000,65444.1,65588,65442,65583.9,32.75142923
1727599500000,65583.9,65598.9,65550,65561,16.4316181
1727600400000,65560.9,65690,65556.7,65661.8,51.43615702
1727601300000,65661.9,65682.3,65602.5,65606,13.01069468
1727602200000,65606.1,65652,65606,65621.9,7.21275204
1727603100000,65622,65642,65575,65582.6,13.75714652
1727604000000,65582,65588,65530.1,65542.8,23.19237662
1727604900000,65542.9,65542.9,65460,65479,25.80375739
1727605800000,65479.1,65533,65474.9,65532.9,16.68162279
1727606700000,65533,65575.7,65523.6,65575.6,12.52564967
1727607600000,65575.7,65652.4,65566.2,65652.3,53.6989677
1727608500000,65652.4,65668,65613.5,65650,19.90631447
1727609400000,65650,65729.4,65628,65692.1,45.08994772
1727610300000,65692.1,65735.4,65674.5,65699.1,19.44418869
1727611200000,65699.1,65766.9,65699.1,65715.2,39.91440252
1727612100000,65715.2,65761.1,65669,65679.9,82.53969285
1727613000000,65680,65725.9,65657.8,65707.6,16.78562205
1727613900000,65707.6,65718,65615.8,65626.3,25.64743948
1727614800000,65626.4,65774.9,65578,65763.2,38.23740818
1727615700000,65763.3,65800,65725,65731.5,28.13319983
1727616600000,65731.6,65856.6,65714,65820,56.96424492
1727617500000,65822.5,65857.8,65787.6,65816,20.44121619
1727618400000,65816,65828.3,65706,65747.2,27.33798054
1727619300000,65747.2,65800,65700,65729.9,39.08776743
1727620200000,65728,65754.9,65676,65694.1,14.42332252
1727621100000,65694,65728,65650,65691.9,39.92685289
1727622000000,65692,65706.3,65555,65704.7,103.28605153
1727622900000,65704.7,65806.9,65607.8,65645.2,46.08825735
1727623800000,65645.3,65749.8,65641.4,65736.1,25.8809573
1727624700000,65736.2,65793.9,65716,65756.2,18.00115992
1727625600000,65756.2,65799,65722,65756.2,27.20970276
1727626500000,65758.5,65762,65696.1,65709.2,29.22973203
1727627400000,65709.3,65749.7,65648.1,65727.9,16.55674824
1727628300000,65729.2,65796.6,65728.1,65766.1,12.47870095
1727629200000,65766.2,65938.1,65763.2,65886.8,39.81838114
1727630100000,65886.9,65936.5,65840,65853.8,25.7673
1727631000000,65853.8,65900,65853.8,65855.1,8.93230296
1727631900000,65854,65867.9,65792,65816.6,6.73987113
1727632800000,65816.7,65855.9,65778,65795,8.22689979
1727633700000,65795,65802,65745.6,65757.8,15.49796832
1727634600000,65757.9,65869,65757.8,65798.5,15.17124489
1727635500000,65798.6,65811.2,65761.4,65786.4,11.20938879
1727636400000,65786.5,65821.9,65779.5,65821.9,4.15545104
1727637300000,65822,65871.3,65821.9,65842,11.96693707
1727638200000,65842.1,65900,65837.5,65899.9,5.6724249
1727639100000,65899.9,65970,65899.9,65953.9,23.93746487
1727640000000,65954,66079.6,65876,65923.9,70.3799767
1727640900000,65924,66017.9,65836.1,65907.9,11.13954264
1727641800000,65908.5,65969.4,65830,65850.3,21.1205838
1727642700000,65850.3,65865,65797.5,65813.7,7.93646031
1727643600000,65813.8,65883.6,65797.7,65856,13.38198202
1727644500000,65856,65976.6,65841,65860.6,18.90097874
1727645400000,65860.6,65867.9,65800,65852.1,8.06217149
1727646300000,65852.1,65874.5,65805,65874.4,4.2183077
1727647200000,65874.4,65955.9,65627.9,65723.5,50.06391759
1727648100000,65723.6,65767.6,65580.6,65750.2,53.02027169
1727649000000,65750.3,65821.9,65684.1,65685.7,14.90797538
1727649900000,65685.8,65771,65640.2,65668.9,17.18153421
1727650800000,65669,65719.2,65559.6,65639.9,22.32144442
1727651700000,65638.4,65649.9,65527,65556.7,21.00786141
1727652600000,65556.7,65618.8,65526.1,65616.8,23.34700669
1727653500000,65616.8,65733.7,65602,65603.5,20.38847598
1727654400000,65603.6,65623.7,65461.5,65502.1,75.62859384
1727655300000,65500,65527.9,65200,65245.6,150.67204337
1727656200000,65247.1,65347.3,65100,65343,141.83306063
1727657100000,65343.1,65470.5,65312.1,65468.4,49.61429185
1727658000000,65468.5,65550,65232,65294.7,88.31228917
1727658900000,65294.2,65310.9,65178,65287.8,75.42502168
1727659800000,65287.9,65332.5,65158,65167.3,28.50064639
1727660700000,65169,65174,64727.2,64767.5,474.2764949
1727661600000,64764.7,64817.9,64410.8,64534.5,245.34498804
1727662500000,64534.4,64676,64488,64495.3,86.45420927
1727663400000,64495.4,64554.4,64335.1,64466,280.77310505
1727664300000,64466,64466,64340.1,64371.7,196.49561667
1727665200000,64371.7,64467.3,64194.6,64425.9,207.46881077
1727666100000,64425.6,64451.2,64319,64405.8,157.26190144
1727667000000,64405.9,64574,64367.5,64488.1,320.79328471
1727667900000,64488.2,64551.2,64440.5,64551.1,150.27169619
1727668800000,64551.2,64551.2,64414.4,64454.1,68.63153349
1727669700000,64454.2,64490,64331.2,64359.2,84.24143796
1727670600000,64359.2,64470.5,64320,64447.7,53.94042852
1727671500000,64447.7,64482.3,64418,64428.2,33.21059283
1727672400000,64428.2,64517.9,64387,64428.9,48.85050582
1727673300000,64428.9,64526,64425.6,64525.9,49.4277783
1727674200000,64525.9,64531.1,64453,64464,48.14955251
1727675100000,64464,64525.9,64437.8,64525.8,29.85067403
1727676000000,64525.8,64712,64515.9,64647.8,214.54580899
1727676900000,64647.9,64650.7,64496.2,64516.2,73.49856361
1727677800000,64516.2,64552,64428,64428,32.40710109
1727678700000,64428.1,64490,64342,64342,74.32029097
1727679600000,64342.1,64662.4,64340,64600,135.01147359
1727680500000,64600,64686,64536.3,64575.8,88.8700884
1727681400000,64575.8,64615.6,64522.9,64537.1,52.03609028
1727682300000,64537.2,64598.4,64537.1,64563.9,23.49511033
1727683200000,64564,64580,64419.3,64434,61.8320974
1727684100000,64434.1,64448.2,64228.1,64285.2,124.88922248
1727685000000,64285.2,64383.9,64112.3,64200,228.98332299
1727685900000,64200,64333.8,64033,64309.5,149.78241695
1727686800000,64309.5,64309.5,64026.1,64085,102.69638432
1727687700000,64085,64108.6,63711.1,63972.9,370.27039728
1727688600000,63973,64026.7,63788.4,63854.7,111.41057844
1727689500000,63856,63888,63542,63542,147.881423
1727690400000,63541.9,63671.8,63250,63313.9,417.64697426
1727691300000,63314,63621.9,63256.1,63604,391.42562798
1727692200000,63604.6,63612.5,63471.6,63579.9,92.40603805
1727693100000,63579.9,63648,63524,63637.9,75.35356422
1727694000000,63638,63699,63510,63695,91.04198421
1727694900000,63695.1,63715.4,63607.8,63711.2,52.20867534
1727695800000,63711.1,63750.8,63624,63649.9,79.02804726
1727696700000,63652,63871.4,63557.2,63822,154.14246919
1727697600000,63822,63864,63760.6,63830.1,67.70499424
1727698500000,63830.1,63871.8,63792.5,63820.4,40.93005445
1727699400000,63820.4,63899.9,63750,63784.4,188.12060673
1727700300000,63784.5,64134.5,63771.4,64043.1,168.2899238
1727701200000,64043.2,64153.6,63988,64108.7,93.389585
1727702100000,64108.8,64151.1,63944.9,63984.6,75.99657931
1727703000000,63985.4,64086.4,63816.3,64006.5,244.04143831
1727703900000,64006.6,64103.9,63874,63878.4,74.57806516
1727704800000,63879.6,63953.8,63568,63757.6,200.55865706
1727705700000,63756.1,63822,63590.1,63809.9,90.85121642
1727706600000,63810.4,64012,63719,63909.5,103.58650242
1727707500000,63909.6,63957,63732.4,63746.8,49.17258201
1727708400000,63746.7,63850,63628.6,63807.9,63.75032674
1727709300000,63808,64006.7,63797.3,63857.9,126.31536857
1727710200000,63858,63876.6,63625.5,63754,44.76741681
1727711100000,63754,63852,63537.9,63558.8,124.44382507
1727712000000,63558.8,63679,63522,63641.4,79.33464072
1727712900000,63641.5,63733.7,63612.6,63629.1,72.25522704
1727713800000,63629,63647.9,63457.8,63523.8,84.8952687
1727714700000,63523.9,63612.5,63464.1,63489.8,43.662404
1727715600000,63491.7,63563.5,63414.6,63457,42.26746325
1727716500000,63456.9,63669.9,63441.1,63465.7,50.18005108
1727717400000,63467.9,63657.4,63376,63657.1,81.56922455
1727718300000,63657.1,63708,63555.4,63693.9,46.09901569
1727719200000,63699.1,63733.5,63296.2,63383,72.30806092
1727720100000,63383,63387,63063,63162.8,167.44093657
1727721000000,63162.8,63433,63055.6,63349.1,108.8844722
1727721900000,63349.2,63463.9,63316,63333.3,53.53622199
1727722800000,63333.4,63505.4,63266.5,63350.8,100.65548311
1727723700000,63352.2,63451.3,63329,63449.8,50.92546624
1727724600000,63449.8,63510.8,63366.5,63428.3,115.43933925
1727725500000,63428.3,63639.4,63417.2,63485.4,174.89593375
1727726400000,63486.6,63679.9,63440,63623.5,92.18244572
1727727300000,63623.4,63728.6,63604.3,63659.7,69.87036822
1727728200000,63659.7,63776.1,63638.4,63697.5,50.50796998
1727729100000,63697.4,63854.4,63669.7,63803.6,56.52642548
1727730000000,63805.5,63830,63745.3,63747.3,33.0862025
1727730900000,63747.5,63788.9,63728,63788.9,21.87615889
1727731800000,63788.9,63825.5,63639,63639.1,18.85830912
1727732700000,63639.1,63733.9,63639,63704.4,17.58751561
1727733600000,63704.5,63775.8,63647.7,63738.1,28.25303334
1727734500000,63738.2,63738.2,63574,63585.5,24.76508815
1727735400000,63585.5,63669.7,63570,63596.6,17.48218672
1727736300000,63598,63628.4,63470.2,63486,48.30015273
1727737200000,63487.9,63621.9,63292.7,63564.5,90.7551493
1727738100000,63562.1,63575.4,63350,63380.7,20.39960947
1727739000000,63381.9,63381.9,62850,62980.1,231.70102437
1727739900000,62980.2,63357,62975.2,63327.5,141.35917536
