ts,open,high,low,close,volume
1743465600000,82556.9,82722.1,82480.1,82484.1,34.17830917
1743466500000,82484.1,82758.3,82429.6,82637.8,27.00792501
1743467400000,82637.8,82749.6,82545.8,82732.7,24.31838219
1743468300000,82732.8,82847.3,82572,82660,43.70999344
1743469200000,82656.4,82681.9,82456.7,82570,22.65809495
1743470100000,82570,82727.2,82506.1,82705.6,33.3585915
1743471000000,82705.6,82739.3,82550.1,82582,23.55165063
1743471900000,82582.3,82744.5,82582.3,82713.6,35.9486982
1743472800000,82713.6,82855.9,82652,82855.9,26.68829264
1743473700000,82856,83033.3,82855.9,82890.8,80.49554488
1743474600000,82890.9,82965.1,82795.2,82956,25.75544086
1743475500000,82957.9,83112.7,82864.2,83096.9,262.60571433
1743476400000,83096.8,83199.8,83026.7,83178.8,61.53715707
1743477300000,83178.8,83252.8,83060.8,83083.7,40.52100057
1743478200000,83086,83124.3,82989,83000,36.46192537
1743479100000,83000.1,83093.9,82929.1,82964.9,23.62891579
1743480000000,82964.9,83031,82904.9,82938.9,26.53339167
1743480900000,82940,83052.6,82885.7,83051.1,27.55429505
1743481800000,83051.1,83239.7,83051.1,83172.1,24.29723952
1743482700000,83172,83174.4,83051.4,83060,25.0279881
1743483600000,83060,83174.5,82999.9,83174.5,44.78100022
1743484500000,83174.5,83331.9,83170,83292.1,37.38342367
1743485400000,83292,83332,83125.9,83170,21.77359429
1743486300000,83171.7,83180,82987,83006.2,24.67841459
1743487200000,83006.3,83047.3,82891,82994,31.0124147
1743488100000,82994.3,83140.7,82964.7,83130.1,21.26854247
1743489000000,83130.1,83381.6,83121.7,83357.7,66.73525108
1743489900000,83360,83500,83289.6,83460,53.51569306
1743490800000,83462.8,83520.4,83382.3,83509.9,55.64197314
1743491700000,83509.9,83566.6,83386.4,83448.9,79.66945749
1743492600000,83449,83599.9,83394.9,83531.9,52.23268484
1743493500000,83532,83584.9,83434.9,83452.7,55.43819456
1743494400000,83452.8,83699,83431.9,83694.1,98.06060503
1743495300000,83694.1,84038.7,83694.1,83938.2,187.67941195
1743496200000,83939.9,84195.9,83920.7,83992.2,199.06903092
1743497100000,83992.2,84211.2,83989.1,84109.7,191.0219663
1743498000000,84109.7,84310,84108.1,84154.9,135.53755665
1743498900000,84151.1,84287.8,84133.3,84224.7,78.07114337
1743499800000,84226.6,84366.2,84193.3,84332.6,98.33360886
1743500700000,84332.6,84392.2,84253.2,84353.8,76.17831368
1743501600000,84353.9,84389.2,84154,84285.3,84.38911143
1743502500000,84285.3,84502.4,84285.3,84424.1,112.42746261
1743503400000,84424.1,84444,84180.1,84241.1,95.80093729
1743504300000,84244,84351.9,84156,84184.1,61.7188266
1743505200000,84184.1,84214.4,83965.9,84102.9,139.48334874
1743506100000,84105.3,84177.9,83992.7,84052.1,33.33602739
1743507000000,84050,84050,83827.8,83982.1,77.4933492
1743507900000,83981.2,84056,83876.2,83923.4,32.08309988
1743508800000,83923.4,84134.4,83916.7,84099.9,79.01023115
1743509700000,84099.8,84159.8,83914.8,84068.3,54.47628722
1743510600000,84068.2,84069.9,83684.1,83752.6,49.6427673
1743511500000,83752.6,83810.3,83612.8,83616.2,45.08008149
1743512400000,83616.2,83844.8,83600,83785.3,76.55116041
1743513300000,83784.9,83784.9,83620.1,83681.8,28.78700276
1743514200000,83681.8,83832.6,83418,83738,176.46363529
1743515100000,83737.9,83908.2,83533.6,83615.4,146.09230083
1743516000000,83622.2,83725.4,82648.5,82800,389.37688895
1743516900000,82801.7,83056,82536.2,82970,254.14744792
1743517800000,82969.5,83664.6,82933.4,83518,129.35784343
1743518700000,83517.9,84357.5,83436.2,84193.3,324.15197725
1743519600000,84190.5,84918.6,84178.9,84910,357.84061017
1743520500000,84909.9,85247.4,84700.5,84754.2,471.83482082
1743521400000,84754.1,85336,84750.1,85336,349.2656586
1743522300000,85335.9,85500,85207.4,85286.8,268.42227428
1743523200000,85288.2,85487.2,85103,85179.7,212.55111711
1743524100000,85179.6,85277.6,84814.9,84929.9,185.45515934
1743525000000,84930,85147,84820,84955.2,109.13789558
1743525900000,84955.2,85296.4,84898.3,85116,145.40663243
1743526800000,85116.1,85158.4,84904.5,85150.7,59.1716226
1743527700000,85150.8,85173.4,84921,85139.9,46.17764454
1743528600000,85137.8,85266.6,85088.9,85112.2,64.78443612
1743529500000,85112.2,85336.6,85100,85120.2,37.20105143
1743530400000,85120.3,85130.5,84764,84864.2,57.8089199
1743531300000,84864.3,84960.8,84697.2,84903,89.51687842
1743532200000,84902.9,85182.7,84855.1,85138.2,57.04130999
1743533100000,85138.2,85158.5,84911.2,85128,39.35919616
1743534000000,85127.2,85170.6,85001.8,85122.2,31.40651684
1743534900000,85124.6,85183.2,84921.6,84927.5,32.03476014
1743535800000,84924.2,85066.6,84863.2,84988.5,20.0561613
1743536700000,84988.5,85111.7,84796.9,84968.5,55.28637048
1743537600000,84968.5,85018,84768.2,84985.3,52.04974719
1743538500000,84985.3,85108.6,84933.3,84963.1,98.51799819
1743539400000,84963.1,85049.9,84852.8,85023.9,35.31679973
1743540300000,85024.4,85356,85003.7,85235,106.48282362
1743541200000,85237.9,85334.9,85126.7,85295,34.75524383
1743542100000,85290.8,85290.8,85173.4,85182.2,15.70826857
1743543000000,85182.3,85482.1,85139,85366.7,120.6868001
1743543900000,85366.6,85383,85186.3,85240,94.85561957
1743544800000,85240.8,85479.9,85149.1,85375,69.87269108
1743545700000,85374.1,85390,85213.1,85230,35.23879655
1743546600000,85228.2,85337.9,85176,85218.4,40.6537006
1743547500000,85216.7,85338.5,85086.2,85108.9,36.65843568
1743548400000,85107.1,85142.1,84975,85070,39.58464999
1743549300000,85070,85348.2,85070,85342.7,17.8117998
1743550200000,85342.7,85555,85201.6,85260,175.73939544
1743551100000,85260,85260,85148.1,85168.2,39.51004321
1743552000000,85168.3,85273.1,85110.9,85113.7,60.80457161
1743552900000,85110.9,85257.9,85074.5,85077.6,41.83485191
1743553800000,85077.7,85150,85039.1,85040.1,32.24389705
1743554700000,85040,85139,84924.7,84972,115.76203353
1743555600000,84973.8,85099.6,84849.8,84907.6,81.13701107
1743556500000,84907.6,85046,84874.9,84939.2,55.52577823
1743557400000,84939.3,85220.7,84910.9,85180.2,51.61975427
1743558300000,85180.3,85192.1,85031.7,85155.9,32.96755084
1743559200000,85156,85178.3,84645.3,84752.7,115.00772697
1743560100000,84752,84866.9,84660.2,84796.5,86.11221361
1743561000000,84796,84894.1,84644.7,84671.6,42.22725888
1743561900000,84671.7,84866.6,84665.1,84724.7,29.38875386
1743562800000,84724.7,84918.3,84707.3,84846.7,62.51328369
1743563700000,84846.8,84899.2,84669,84719,56.17972854
1743564600000,84718.9,84795,84507.4,84609.3,74.22373387
1743565500000,84609.3,84643.9,84549.9,84549.9,26.43123936
1743566400000,84550,84700,84510.7,84698,32.27969239
1743567300000,84698.1,84735.1,84598.3,84624,20.15071293
1743568200000,84622.3,84622.3,84468.8,84468.9,35.55362051
1743569100000,84468.8,84650.3,84463.6,84604,52.01102332
1743570000000,84603.1,84609.9,84367.4,84367.4,53.0053864
1743570900000,84367.5,84367.5,84174.8,84245,60.3092685
1743571800000,84246,84356.1,84166.7,84195.9,45.83476527
1743572700000,84195.9,84232,84105.5,84107.9,33.81252296
1743573600000,84107.8,84160,83900,83997.6,111.59131108
1743574500000,83997.7,84181.8,83936.3,84136.3,91.54215971
1743575400000,84136.2,84360.1,84048.1,84320.9,42.14250226
1743576300000,84321.5,84321.5,84116.2,84130,23.22340147
1743577200000,84130,84230,84031.7,84035,42.21664393
1743578100000,84035,84251.2,84001.3,84143.6,31.83204342
1743579000000,84143.6,84452.1,84109.2,84245,102.87246337
1743579900000,84244.9,84457.1,84196.6,84420.6,80.24372411
1743580800000,84420.7,84427.5,84305.8,84342,30.20416482
1743581700000,84338.6,84613.7,84260,84557.6,32.91339324
1743582600000,84557.5,84720,84526,84685.9,60.42708519
1743583500000,84685.9,84753.2,84599.9,84670,21.66992285
1743584400000,84670,85450,84632,85306.5,172.28102177
1743585300000,85306.5,85357.4,84910,85078.1,80.10539096
1743586200000,85080,85178.1,84974.1,85009,48.31790775
1743587100000,85009,85100.5,84950,85019.7,25.65054765
1743588000000,85019.6,85194.5,84934.4,85122.1,52.49500313
1743588900000,85122.9,85291.6,85036.7,85096.6,63.81982124
1743589800000,85095.6,85100.9,84904.5,85027,60.95258611
1743590700000,85026.9,85066.6,84821.7,84865.9,33.72149327
1743591600000,84865.9,84966.1,84748.1,84878,28.86135288
1743592500000,84877.9,84976.1,84813.2,84813.2,12.54336159
1743593400000,84813.3,84881.2,84634.6,84725.9,27.93856571
1743594300000,84726,84760,84546.6,84569.8,41.31468657
1743595200000,84569.9,84782.5,84466.6,84755.2,64.24236086
1743596100000,84755.2,84799.9,84568.7,84571.9,47.46289611
1743597000000,84572,84999.8,84570,84973,62.73479193
1743597900000,84970,85065.1,84803.7,85057.2,49.5867698
1743598800000,85057.3,85059.9,84844,84860.2,65.2037466
1743599700000,84860.2,84882,84607.5,84630,53.89447307
1743600600000,84628.3,85520,84476,85468.2,417.66761895
1743601500000,85468.2,86140.7,85230.1,85230.1,763.32163584
1743602400000,85230,85800,85169.3,85439.4,177.3656403
1743603300000,85436,85766.5,85328.1,85738,81.11650812
1743604200000,85737.9,85891.8,85441.1,85577.8,95.69444818
1743605100000,85577.9,85966.6,85524.1,85870,168.97515926
1743606000000,85873.9,86474,85803.1,86187.9,326.95775613
1743606900000,86185.7,86620,86173.6,86546.1,319.65847353
1743607800000,86546,87344,86535.1,87178.9,530.58953786
1743608700000,87178.9,87293.9,86670.7,86752.4,522.60855662
1743609600000,86755,86948.1,86584.3,86893.9,122.51145432
1743610500000,86893.8,87019.8,86777.9,87011,84.59381451
1743611400000,87011,87113.5,86796,87023.7,51.00086519
1743612300000,87023.6,87210,86907.2,87050,92.68847124
1743613200000,87057.9,87328.5,86950.9,87217.5,122.39738967
1743614100000,87218.2,87242.3,86729.5,86755.9,74.64311181
1743615000000,86751.5,86837.8,86426.2,86580,85.08344173
1743615900000,86582.3,86736.9,86345,86615.8,58.62552131
1743616800000,86615.8,86731.1,86378.8,86514.2,122.51973841
1743617700000,86514.1,86596.8,86231.3,86231.3,57.97283215
1743618600000,86231.2,86670.9,86208.4,86580.4,64.54249096
1743619500000,86580.3,86621.7,86285.9,86286,35.61185946
1743620400000,86286,86462,86236.3,86267.9,59.78610577
1743621300000,86267.9,86397.7,86174,86351.8,55.21939921
1743622200000,86351.9,86477.1,86225.7,86409.4,74.14104813
1743623100000,86409.4,87010.9,86334.9,86896,177.4418453
1743624000000,86896.1,88151,86060,87764.5,1127.0936549
1743624900000,87763.8,88500,85445.1,85888.3,1708.39396132
1743625800000,85888.3,86418.9,85226,85371.8,691.26620649
1743626700000,85371.8,85844.3,85223.5,85651,244.77580687
1743627600000,85653.8,85737.8,84478,84540.9,350.00622209
1743628500000,84540.8,84918.8,84220.5,84621.9,185.54724744
1743629400000,84622.1,84694.8,84400,84620.1,58.56736676
1743630300000,84620.2,84897.6,84439.2,84856.2,77.79517336
1743631200000,84856,84856,83559,83680.1,297.28877669
1743632100000,83682.6,83682.6,83292,83473.3,276.47296768
1743633000000,83473.2,83473.2,82719.7,82744.3,331.47481395
1743633900000,82745.3,83123.9,82670.4,82823.7,163.54286565
1743634800000,82822,82822,82320.1,82715.7,409.00670809
1743635700000,82713.5,82854.2,82467.2,82850.2,164.85930169
1743636600000,82850.3,82850.3,82518.5,82658.1,205.26210706
1743637500000,82658,82666.2,82474.3,82513.2,166.64179422
1743638400000,82514.1,82799.9,82169.7,82756.2,322.62746074
1743639300000,82756.3,83282.9,82707.7,82970.4,246.08847093
1743640200000,82971.9,83406.1,82967.1,83204.6,120.50940854
1743641100000,83204.7,83259.8,82950.8,83225.4,173.50321187
1743642000000,83225.5,83405,83100,83364,165.96870663
1743642900000,83364,83499.9,83160.5,83486.1,148.2175611
1743643800000,83486.1,83715.3,83352.3,83704.1,187.65783608
1743644700000,83704,83937.3,83683.3,83749.7,115.43558866
1743645600000,83749.8,83890,83571.5,83716.7,118.73883241
1743646500000,83716.8,83747.7,83306,83418,122.57836734
1743647400000,83418.1,83655.1,83270.3,83506.2,72.26978155
1743648300000,83506.2,83777.6,83492.3,83772,33.76283563
1743649200000,83772,83780.9,83468.2,83483,55.68491013
1743650100000,83483.9,83694.7,83466.7,83606.2,45.61924448
1743651000000,83606.1,83686.6,83347.4,83402.1,56.4627604
1743651900000,83402.2,83586.8,83402.2,83483.7,25.97230366
1743652800000,83484,83563.8,83356.2,83433.3,26.3531523
1743653700000,83434,83458,83278.5,83322.5,49.711827
1743654600000,83321.8,83742,83271.5,83702,71.57979079
1743655500000,83701.9,83715.3,83535,83559.2,47.57380666
1743656400000,83559.2,83714,83537.6,83610.1,76.47590513
1743657300000,83610.1,83650,83439.8,83493.8,152.81342518
1743658200000,83493.9,83499.8,83333.3,83499.4,44.87403885
1743659100000,83498.9,83522.8,83323.8,83338,32.19313462
1743660000000,83338.1,83422,83300,83341.2,55.89633962
1743660900000,83341.2,83388.3,83198.4,83306.5,85.69903209
1743661800000,83306.5,83320,83150.1,83249,62.83830843
1743662700000,83249,83376,83010.5,83053.2,89.8467414
1743663600000,83053.2,83302,83035,83093.6,82.664005
1743664500000,83093.5,83419.9,83001.4,83396,105.97532578
1743665400000,83395.9,83424.5,83172.3,83331,47.80016076
1743666300000,83330.9,83498.1,83252.9,83456.1,32.78745288
1743667200000,83457.9,83666.6,83450.3,83636.3,53.9608522
1743668100000,83636.2,83721.6,83558.4,83650.1,42.33310958
1743669000000,83650.1,83791.1,83527.5,83684.4,75.25646711
1743669900000,83684.3,83729.2,83546.6,83678.1,40.68222734
1743670800000,83678.1,83765.4,83586.2,83603.3,51.21457484
1743671700000,83603.2,83690,83591.7,83631.1,16.62633322
1743672600000,83631.1,83774.9,83631.1,83747.6,51.0747327
1743673500000,83747.5,83747.5,83450,83483.7,67.98342031
1743674400000,83483.7,83750,83450,83627.1,86.1158297
1743675300000,83630,83727.9,83284.7,83311.5,69.76304538
1743676200000,83311.9,83422.4,83150,83366,83.19490246
1743677100000,83368.1,83485.9,83209.6,83220.1,56.46915459
1743678000000,83220,83364,83064.3,83344.1,53.90163724
1743678900000,83344,83351,83070.1,83148.3,73.92717723
1743679800000,83146.1,83247.7,83045.6,83187.9,49.03322451
1743680700000,83187.9,83233.2,83041.5,83093.1,57.5566208
1743681600000,83093,83142,82870,83009,209.63367137
1743682500000,83008.4,83008.4,82555,82570,161.55812342
1743683400000,82570.1,82717.3,82188,82188.3,232.84208882
1743684300000,82190,82271.7,81884.4,81947.9,388.40859426
1743685200000,81948,82073.8,81800.1,81925.9,245.88162321
1743686100000,81925.8,82048.2,81782,81996.1,124.24869406
1743687000000,81997.8,82798.2,81930.6,82378,504.42992025
1743687900000,82377.9,82586.4,82139.7,82374.4,175.11918262
1743688800000,82374.4,82400,81650,81787.2,396.37715514
1743689700000,81788.1,82314.3,81788.1,82299.6,152.35786902
1743690600000,82295.7,82398.4,81742.8,81809.5,158.75479243
1743691500000,81810,81834,81312.8,81537.3,195.89665724
1743692400000,81537.8,81811.4,81203,81639.4,215.54926933
1743693300000,81639.3,81913,81580.1,81724.4,113.13462882
1743694200000,81722.1,82050,81711.7,81997.4,132.49199468
1743695100000,81997.3,82093.9,81697,82046.1,81.27859485
1743696000000,82046.1,82469.6,81977.4,82145.6,624.47324762
1743696900000,82145.5,82342.1,82033.5,82293.4,557.68058603
1743697800000,82294.9,82365.9,81920.1,82028,85.06108816
1743698700000,82027.9,82053.1,81723.1,81830.1,78.54972526
1743699600000,81830.1,82044,81766.7,81850.1,49.12768014
1743700500000,81851.4,81950,81678.5,81781.1,49.55458946
1743701400000,81781.4,82148.3,81636,82104.1,67.25920001
1743702300000,82104.2,82196,81818,81837.2,54.70716658
1743703200000,81837.1,81965.8,81675.9,81703.9,41.17667519
1743704100000,81703.9,81771.1,81543.7,81683.2,47.1074023
1743705000000,81683.3,82166.8,81600.8,82150.7,63.64937095
1743705900000,82151.6,82323.3,82000,82111.1,58.6464524
1743706800000,82111.1,82364.7,82075.8,82197.6,59.62313135
1743707700000,82197.5,82204.9,81828.9,81926.8,51.63473096
1743708600000,81926.8,82277.1,81881.6,82270,156.09203608
1743709500000,82269.9,82274,81914,82016.1,169.53052826
1743710400000,82016,82132.3,81879.9,82028.3,202.18479263
1743711300000,82028.7,82067.4,81814,81823.4,43.06622424
1743712200000,81822.8,82104,81798.8,82101.9,31.60304626
1743713100000,82102,82428.5,82102,82370,61.962386
1743714000000,82370,82573.6,82321.9,82510.2,71.72992824
1743714900000,82510.1,82594.4,82437.1,82544.3,46.94396435
1743715800000,82544.4,82545.3,82388.4,82544.8,31.82820626
1743716700000,82544.8,82866,82435.8,82725.9,70.89652279
1743717600000,82725.9,82877.2,82595.5,82782.7,45.46199008
1743718500000,82782.6,82852.4,82707.2,82768,32.13211752
1743719400000,82768,82871.9,82640.6,82693.4,27.88432831
1743720300000,82693.4,82783.2,82640.3,82736,16.53231153
1743721200000,82736,82817.9,82500.1,82587.5,58.39325498
1743722100000,82587.9,82821.6,82524.1,82816,28.07982597
1743723000000,82815.9,82965.9,82804.8,82880,32.0227372
1743723900000,82880,83331.4,82876,83216.3,214.59396754
1743724800000,83216.4,83296,83034,83068.9,123.57625075
1743725700000,83068.9,83354.3,83038.1,83326.1,122.11406543
1743726600000,83326.1,83416.9,83235.1,83310.9,172.05681098
1743727500000,83313.9,83327.9,83000,83038,47.8587681
1743728400000,83038.1,83266.6,83032,83240,42.38084705
1743729300000,83238.8,83350.5,83010.1,83110,52.65919418
1743730200000,83110,83113.9,82891.3,82925.3,35.32916348
1743731100000,82926,82987.7,82590.1,82703,69.15083464
1743732000000,82703,83095.7,82703,83054.6,28.73450934
1743732900000,83054.5,83185.9,82924.1,82940,22.95094413
1743733800000,82939.2,82943.1,82834.5,82928.1,21.78955887
1743734700000,82928.1,83010,82761.2,82907.9,25.193532
1743735600000,82909.4,82982.8,82774.7,82881.9,31.54265375
1743736500000,82882,83074,82791.5,82965.9,28.20441297
1743737400000,82966,82976,82684,82783.9,36.78900829
1743738300000,82783.9,82868,82727.8,82816.6,21.50740771
1743739200000,82816.6,82828.2,82666.7,82707.6,50.76941186
1743740100000,82707.6,82824,82618.1,82812.1,94.35508365
1743741000000,82815.8,82933.3,82757.6,82767.9,61.60017375
1743741900000,82768,82825.9,82696,82728.6,21.15352911
1743742800000,82728.6,82877.5,82639.5,82825.9,50.36699078
1743743700000,82826,83114,82825.9,83085.6,31.4087354
1743744600000,83086.6,83212.5,83042,83192,86.46995033
1743745500000,83192,83198,83105.3,83192.3,53.6891956
1743746400000,83190.1,83240,83142,83217.9,71.53376726
1743747300000,83217.9,83257.9,83131.9,83244.2,62.11922096
1743748200000,83244.1,83247.7,83053.9,83071.3,66.25544517
1743749100000,83071.3,83127.9,83036.1,83054,15.1190518
1743750000000,83054,83577,83048.1,83525.9,170.28752801
1743750900000,83525.8,83718.9,83419.3,83589.4,111.82870226
1743751800000,83588.9,83728,83486,83714,150.91443664
1743752700000,83713.9,84026.4,83713.9,83999.7,256.28079931
1743753600000,83999.8,84306.8,83999.8,84251.1,180.28566044
1743754500000,84250.1,84598,84241.7,84382.5,211.67548352
1743755400000,84382.5,84538.9,84361.7,84533.1,207.70949526
1743756300000,84533,84654.1,84362.1,84419.5,163.0494061
1743757200000,84419.6,84472.2,84131.6,84394.2,192.43755666
1743758100000,84398,84530.3,84322.1,84330.3,78.2583596
1743759000000,84330.4,84583.9,84265.1,84521,87.59344453
1743759900000,84521,84725,84450,84577.8,76.17763161
1743760800000,84580,84700,83633.9,83694,258.04315534
1743761700000,83696,83805.2,82765.8,82941.9,584.48545572
1743762600000,82942.1,83219.2,82810,82810,198.48268233
1743763500000,82810,82907.5,82432.8,82593.1,365.80566951
1743764400000,82592.1,82785.6,82076.1,82160,275.16711055
1743765300000,82160,82333.7,81686.1,81782.5,257.00824905
1743766200000,81784.1,82294.1,81667,81930,228.88555303
1743767100000,81929.4,82727.1,81928.1,82682,178.63354975
1743768000000,82682,82682,82260.1,82438,165.71560432
1743768900000,82437.9,82615.7,82226.3,82500,128.73147488
1743769800000,82498,83233,82360.9,82779.3,546.27081345
1743770700000,82779.9,82903.2,82522,82883.6,158.43024725
1743771600000,82883.7,83324.3,82790.7,82972.3,134.97400585
1743772500000,82973.2,83059.5,82591.2,82608.1,137.75922154
1743773400000,82602.6,82976.6,82140,82324.2,292.29250332
1743774300000,82324.1,83518.9,82216.3,83340.2,287.81852826
1743775200000,83346.6,83520,82706.3,82978,239.19610784
1743776100000,82976,83219,82664.4,82671.9,196.91144181
1743777000000,82671.9,82861.6,82233.9,82283.1,232.51674193
1743777900000,82281.1,82769.1,81840.6,82575,390.08170108
1743778800000,82571.7,83600,82481.5,83524,539.48324838
1743779700000,83525.9,83700,83105.9,83221,550.87638994
1743780600000,83225.9,83536.5,82601,82878,367.16736173
1743781500000,82876.8,83307.9,82700.1,82860.1,191.05663625
1743782400000,82862,83565.7,82850.7,83430.1,261.65850183
1743783300000,83431.9,83483.2,82736.8,82965.9,196.52794985
1743784200000,82966.5,83371.6,82822.1,83136.1,116.63887523
1743785100000,83136,83554.7,83040.1,83390,113.23080222
1743786000000,83388.9,83616.3,83097,83132.1,142.63935985
1743786900000,83132.1,83602,82959.3,83480,94.25345979
1743787800000,83476.6,84425.1,83287,84163.9,285.21803139
1743788700000,84165.4,84613.2,84097.6,84466.2,237.63101331
1743789600000,84466.2,84588.2,83972.8,84026,141.23247722
1743790500000,84026,84046.1,83733.3,83966,150.16193492
1743791400000,83966.1,84079.8,83801.1,83912.6,72.73146634
1743792300000,83912.7,84299.8,83841.2,83994.4,121.82118636
1743793200000,83994.3,84315.7,83790.6,84278.7,124.45040987
1743794100000,84278.7,84441.8,84047.8,84221.8,58.40953536
1743795000000,84222.4,84466.1,84126.4,84260,74.03874674
1743795900000,84260.8,84358.7,83808.9,84000.2,214.26658092
1743796800000,84000.1,84121.8,83781.6,83864.5,112.43239299
1743797700000,83865.4,83886.3,83479.7,83804.6,61.4773587
1743798600000,83804.6,84046.7,83780,84042.9,45.15347414
1743799500000,84044.2,84300,84011.4,84164.3,110.10669479
1743800400000,84166,84300,84047.4,84186,77.15039801
1743801300000,84186.1,84250,84067,84124.7,27.2235082
1743802200000,84124.7,84383,83950,84382.9,57.05621151
1743803100000,84382.9,84460,84166.7,84195.2,57.47546962
1743804000000,84195.3,84284.7,84123,84144.9,37.99092146
1743804900000,84147.9,84242,84079.3,84155,21.31508955
1743805800000,84155,84163.7,84030,84083.9,10.72811085
1743806700000,84083.8,84083.8,84016.6,84061,9.61400756
1743807600000,84061,84119.3,83800,83821.6,48.75389535
1743808500000,83821.9,83888,83669.9,83710.1,77.50030826
1743809400000,83710.1,83813.2,83641.7,83813.2,52.18175353
1743810300000,83813.2,83903.8,83812.1,83889,58.57813768
1743811200000,83889.1,83889.1,83642,83750,34.23501343
1743812100000,83750,83837.3,83684.5,83751.3,18.70943021
1743813000000,83751.2,83751.3,83421,83508,56.59968058
1743813900000,83507.9,83849.9,83501.4,83793.3,35.19136371
1743814800000,83793.4,84072.8,83788.8,83982,53.49287571
1743815700000,83982.1,84268.7,83982,84184.4,56.99658212
1743816600000,84184.3,84236,84053.4,84059.7,68.19542559
1743817500000,84057.5,84066.3,83916,83975.7,49.10458548
1743818400000,83975.7,84095.1,83887.9,83916.2,20.13390937
1743819300000,83920,83977.9,83821.4,83838,19.86966599
1743820200000,83838.1,84080,83800.6,84079.9,28.62750604
1743821100000,84080,84094.4,83925.1,83977.8,22.57430014
1743822000000,83977.9,83977.9,83814.5,83829.8,18.52386409
1743822900000,83828.9,83909.9,83722.5,83761.6,19.50636444
1743823800000,83761.6,83829.9,83691.1,83725.7,30.4805841
1743824700000,83725.7,83783.5,83620,83630.8,47.5875636
1743825600000,83630,83811.8,83628.1,83807.2,18.81968988
1743826500000,83807.3,83837.5,83742.4,83837.4,13.66540436
1743827400000,83837.4,83866.6,83749.6,83749.6,12.27921003
1743828300000,83746.1,83747.7,83607.4,83684.1,39.38995286
1743829200000,83684.1,83743.9,83628,83721.6,17.63936413
1743830100000,83722,83864.1,83700.8,83859.7,14.75363091
1743831000000,83859.7,83865.9,83720,83720.1,21.21428251
1743831900000,83720,83745.8,83670.4,83684.1,10.8841405
1743832800000,83684.1,83724,83662,83681.5,18.47738668
1743833700000,83681.6,83734,83619,83624,12.56908351
1743834600000,83624,83632.3,83384,83400.1,83.13447303
1743835500000,83400.1,83484.5,83331.9,83484.1,32.87603496
1743836400000,83484.1,83523.8,83350,83388.1,66.10658155
1743837300000,83388.1,83489,83374.3,83488.9,19.96013085
1743838200000,83489,83489,83387.3,83466.7,19.77118515
1743839100000,83466.7,83568,83450,83527.7,16.94188372
1743840000000,83527.7,83652,83512,83534.7,42.6249702
1743840900000,83534.7,83627.3,83353.5,83455,517.89073707
1743841800000,83455.1,83574.3,83452.2,83574.2,312.18446304
1743842700000,83574.2,83574.2,83500,83517.5,21.11833208
1743843600000,83517.6,83761.8,83514.7,83748.3,17.16309481
1743844500000,83748.4,83748.4,83668,83730.5,22.87337262
1743845400000,83730.6,83806,83673.3,83790,12.73469679
1743846300000,83790,83860,83753.6,83848.2,14.64481242
1743847200000,83848.3,83915.4,83757.9,83814.7,26.84317252
1743848100000,83814.8,83814.8,83686.6,83743.6,15.69121025
1743849000000,83743.5,83755.9,83621,83627,32.18736838
1743849900000,83625,83675,83583.4,83651,16.62132321
1743850800000,83651,83686.6,83572.8,83578,35.45330725
1743851700000,83580,83696.7,83580,83667.9,11.56551349
1743852600000,83668,83700,83463.1,83497.4,38.77769064
1743853500000,83497.3,83528.7,83460,83469,19.19389835
1743854400000,83468.9,83551.7,83419.3,83524.8,72.35912104
1743855300000,83524.8,83566.9,83431.4,83450.4,58.7110736
1743856200000,83449.9,83465.9,83213.7,83232.2,56.38941213
1743857100000,83232.3,83316.4,83136,83293.3,66.4730491
1743858000000,83293.3,83360,83148.9,83152,84.02317883
1743858900000,83152,83152.1,82686.6,82832.6,194.93690541
1743859800000,82831.2,82908,82633.7,82662,92.14177363
1743860700000,82660,82766.6,82528.1,82764.1,99.26294135
1743861600000,82764,82958.3,82726.1,82757.2,60.76196374
1743862500000,82757.9,82942.9,82678.1,82882.6,38.81507791
1743863400000,82882.5,83015.1,82786.9,82936.3,42.56437571
1743864300000,82936.3,83038,82907,82919.9,47.02272089
1743865200000,82920,82920,82706,82724.6,22.37208598
1743866100000,82724.7,82847,82630,82665.6,90.45450691
1743867000000,82666.5,82715,82390.6,82411.4,187.40120243
1743867900000,82411.8,82640.1,82383,82620.5,35.08691547
1743868800000,82620.1,82743.4,82610.1,82736.3,17.86597393
1743869700000,82736.3,82798,82609.4,82663.9,21.83128632
1743870600000,82664,82831.9,82663.9,82811.7,15.20971898
1743871500000,82811.7,82823.5,82666.6,82749.9,15.73477347
1743872400000,82750,82822,82677.2,82763.6,9.47256771
1743873300000,82763.6,82904.6,82763.6,82899.6,12.06135311
1743874200000,82899.7,82962,82860.4,82929.2,15.98091779
1743875100000,82929.3,82958.8,82852.5,82874.3,10.53280983
1743876000000,82874.3,83080.8,82858.4,83070,17.66828194
1743876900000,83068.5,83109.9,82933.4,82982.2,15.43900118
1743877800000,82983.8,83021.5,82920.6,82989,10.78977496
1743878700000,82989,83109.9,82987.9,83038.5,8.40348963
1743879600000,83038.6,83149.5,83038.5,83061.9,12.11881574
1743880500000,83061.9,83098.7,83026.7,83068,29.51619339
1743881400000,83068,83102.9,82875.4,82910,46.29007181
1743882300000,82906.4,82906.4,82779.8,82862.4,14.82824311
1743883200000,82862.4,82997.9,82860.1,82969.9,7.14208781
1743884100000,82970,83056.5,82957.4,83056.5,9.61584131
1743885000000,83056.4,83119.5,82820.1,83051.9,34.11651473
1743885900000,83052.1,83105.3,82894.1,83087.8,13.13805162
1743886800000,83087.9,83147,83006.4,83108.1,21.64640494
1743887700000,83106.7,83248.5,83038.5,83223.9,27.489141
1743888600000,83223,83223,83022.3,83038.9,17.56269824
1743889500000,83038.9,83098.9,82903.6,82923,10.89350556
1743890400000,82926.1,83132.7,82923.6,83040,18.14418181
1743891300000,83033.3,83086.8,82962.4,83026.7,6.87228938
1743892200000,83027.7,83095.9,82986.5,83072.1,4.37075527
1743893100000,83072.1,83223.9,83049.8,83195.5,13.48409293
1743894000000,83195.5,83278,83133.4,83217.9,16.44773304
1743894900000,83217.9,83260.5,83156.7,83178.2,9.83301417
1743895800000,83178.3,83315.1,83150.1,83311.5,20.04956449
1743896700000,83311.5,83684.1,83284.3,83534.2,53.25457921
1743897600000,83539.6,83611.6,83414,83468,27.9064161
1743898500000,83468.1,83588,83437.3,83534,15.59645907
1743899400000,83534.1,83555,83418.7,83520.4,14.26506417
1743900300000,83520.5,83553.7,83454.9,83520,13.45932007
1743901200000,83520,83580,83476.6,83531.8,27.20247302
1743902100000,83531.8,83686.3,83531.8,83649.9,22.3346399
1743903000000,83649.9,83793.7,83485.4,83485.4,56.15221412
1743903900000,83485.3,83537.7,83418.6,83432.2,15.44544054
1743904800000,83432.3,83494.5,83357.4,83386,35.35103743
1743905700000,83386,83449.6,83342.9,83421.9,25.09568321
1743906600000,83421.9,83455.7,83360,83360,16.61264888
1743907500000,83360.1,83361.7,83270,83291.7,20.40262107
1743908400000,83291.8,83373.7,83214.3,83345.1,18.22204383
1743909300000,83345,83399,83257.4,83287.2,82.9799965
1743910200000,83287.2,83362,83160.8,83264.9,46.04456434
1743911100000,83265,83356,83262.1,83346,30.01447992
1743912000000,83345.9,83387.9,83224.7,83325.4,24.32261454
1743912900000,83325.5,83434.9,83254.4,83399.4,19.71835668
1743913800000,83399.3,83466.1,83378.5,83441.9,6.8145149
1743914700000,83441.9,83498.2,83420,83493.8,8.15912935
1743915600000,83493.9,83528.7,83450,83464.4,15.97448725
1743916500000,83464.4,83530,83422.9,83504.1,16.05528865
1743917400000,83504.1,83520,83311.3,83381,23.7763367
1743918300000,83381.1,83494.1,83353,83441.1,16.59346052
1743919200000,83441.1,83465.7,83354.6,83404.1,17.71283662
1743920100000,83404,83439.9,83399.1,83406.5,3.9737175
1743921000000,83406.5,83419.9,83133.3,83210.1,30.88094111
1743921900000,83210.1,83240,83110.5,83110.5,41.50129774
1743922800000,83110.5,83199.9,83044,83180,29.19891008
1743923700000,83179.9,83192,83068.9,83069,16.73477505
1743924600000,83068.9,83121,83030.1,83090.2,72.30266068
1743925500000,83090.1,83147,83025.1,83028.1,21.4044908
1743926400000,83028,83044,82868.1,82871.9,46.30183319
1743927300000,82872,82900,82718.2,82776,55.7032114
1743928200000,82776,82978.2,82760,82950.1,50.32601374
1743929100000,82950.1,83047.6,82924,83026.3,29.6656955
1743930000000,83026.3,83031.9,82917.7,82935.7,28.77543494
1743930900000,82935.7,83137.6,82928.3,83110,28.41806649
1743931800000,83110,83168,83033.3,83102.1,35.82031085
1743932700000,83102,83128.6,83041.4,83077,16.14014835
1743933600000,83077,83078.4,82839.1,82906,43.49924157
1743934500000,82906.1,82950,82706.2,82824,66.51834855
1743935400000,82823.9,82853.3,82780.1,82784,39.87473208
1743936300000,82784,82873.5,82742.1,82868.1,19.03714906
1743937200000,82868.1,82921.4,82750,82750,18.776381
1743938100000,82750,82776,82668,82771.4,81.64388576
1743939000000,82771.5,82779.5,82652,82759.9,74.29410375
1743939900000,82759.9,82860,82700.1,82843.6,17.13229225
1743940800000,82842.5,83000,82800,82847.9,107.98216041
1743941700000,82850,82919.5,82752.1,82882,19.6195592
1743942600000,82882,82897.7,82650,82770,101.65439205
1743943500000,82766.1,82829.2,82666.8,82695.5,57.00312578
1743944400000,82695.6,82852.8,82660,82816.2,39.29285753
1743945300000,82816.2,82816.2,82521,82544,89.74520812
1743946200000,82543.9,82649.9,82437.9,82481,85.78637315
1743947100000,82483.9,82498,82216,82305.9,130.21354516
1743948000000,82306,82674.3,82216,82621.9,61.76768844
1743948900000,82620.3,82625.9,82387.1,82389.4,34.1519689
1743949800000,82388.5,82564.4,82380.1,82564.4,31.99314529
1743950700000,82564.5,82799.8,82500,82661.7,514.51480625
1743951600000,82661.8,82803.7,82380.1,82606,433.68218517
1743952500000,82606,82661.2,82445.4,82450,310.11269445
1743953400000,82448.1,82662.2,82448.1,82630.1,35.12339329
1743954300000,82630.1,82723.3,82522.6,82547.6,41.54832228
1743955200000,82547.6,82565.8,82425.5,82440,33.27937275
1743956100000,82439.9,82492,82267.1,82338.1,51.61869542
1743957000000,82338.1,82431.9,82102.1,82137.3,108.60594007
1743957900000,82137.3,82215.9,81920,81969.2,175.80032786
1743958800000,81967.6,81999.9,81690.8,81695.6,145.21437212
1743959700000,81695.6,81914.2,81560,81621.3,140.40187535
1743960600000,81620,81620.1,81082.4,81129.3,328.42706355
1743961500000,81124.1,81481,80567.1,80812,573.44909308
1743962400000,80812,80812,80131.2,80304.2,403.88075084
1743963300000,80304.2,80424,79628,79702.4,564.87983086
1743964200000,79705.9,80109,79144,79165.1,488.63887327
1743965100000,79165.1,79423.7,78688.7,79110,452.48862529
1743966000000,79112,79444.5,78832,79403.7,180.00564759
1743966900000,79400,79836.4,79183,79505,152.57862957
1743967800000,79502,79851.1,79428,79502,129.77228619
1743968700000,79504,79699,79100,79614.4,81.91190594
1743969600000,79614.5,79891.3,79464,79474,125.2640574
1743970500000,79473.9,79666.6,79331.4,79364.9,45.85131658
1743971400000,79367.2,79540,78523,79232.6,281.93084906
1743972300000,79232.7,79246.7,78704.5,78862,262.62187989
1743973200000,78868,79399.8,78704.5,79332,168.38877637
1743974100000,79332,79677.4,79065.1,79164.2,138.39040897
1743975000000,79164.3,79392.1,79032.2,79100.6,81.62550228
1743975900000,79104.9,79275.4,78887.7,78948.8,50.9021985
1743976800000,78947.6,79132.3,78206.6,78834.3,748.27721754
1743977700000,78834.3,79092,78484.7,79059.4,373.37806206
1743978600000,79059.4,79059.4,78248.8,78318.3,215.69768015
1743979500000,78318.2,78491.6,77810,78062,412.91174749
1743980400000,78060,78199.9,77300,77749.9,551.27589136
1743981300000,77749.7,77822.4,77142.8,77430.1,408.41132235
1743982200000,77430,78401.8,77368,78323.5,319.40415652
1743983100000,78326,78701.8,78071.9,78426,259.97773772
1743984000000,78427.1,78520,77414,77452,235.67283457
1743984900000,77456.4,78340,77456.4,78314.4,235.12191084
1743985800000,78318.3,78372,77858.2,77940,155.88667632
1743986700000,77943,78388,77611,78330.1,161.03776185
1743987600000,78330.1,78911.5,78309.9,78852.4,179.19760013
1743988500000,78856.1,79340,78682.1,79027.9,286.22171229
1743989400000,79027.9,79131.5,78603,78710,116.1194632
1743990300000,78713.9,79222,78676.2,79133.4,86.71399706
1743991200000,79133.3,79224.3,78888,79030.4,68.98105946
1743992100000,79030.1,79099.8,78580,78636.1,86.53720757
1743993000000,78636,78863.6,78420.7,78499.9,80.61831671
1743993900000,78499.9,78766.6,78380.1,78439,53.97224375
1743994800000,78439,78510.9,78051.2,78093.3,70.306339
1743995700000,78090.1,78461.7,78070.1,78336.7,57.20821718
1743996600000,78334.9,78355,77405.1,77420,182.93594147
1743997500000,77414.6,77728.7,77350,77689,115.01058604
1743998400000,77688.9,77981,77174.6,77410,172.44279176
1743999300000,77412.5,77685.9,76960,77428,290.77937169
1744000200000,77425.2,77543.7,76666,76803.2,229.29940731
1744001100000,76804.7,77078.1,76655,76991.9,196.85086285
1744002000000,76990.1,77288.3,76660,77064.9,185.04730564
1744002900000,77064.9,77502,76900.1,77199.9,158.32384869
1744003800000,77200,77394.9,76875.2,76999,112.91489099
1744004700000,76999.1,77131.1,76764,76948,94.0287351
1744005600000,76947.9,77299.2,76807.9,76870,99.88636671
1744006500000,76870,76905.9,75704.4,75817.9,646.29511454
1744007400000,75819.1,75897.6,74908.9,75046.7,760.38719692
1744008300000,75046.7,75390.6,74533.5,74802,1010.74219519
1744009200000,74807.2,75288.6,74501.6,75084,807.90827377
1744010100000,75086.8,75378,75000,75071.9,444.24577791
1744011000000,75071.8,75486.7,74868,75238.1,407.66228982
1744011900000,75238,75400,75028.5,75124,359.5319036
1744012800000,75124,75894.8,75088.9,75533.3,466.97884422
1744013700000,75530,76504.4,75490.1,76281.9,379.22648544
1744014600000,76282,76832.9,76066.1,76642.4,184.59172868
1744015500000,76642.4,76795.3,76214.2,76263,138.20313388
1744016400000,76259.9,76533.3,76111,76115.5,90.78121741
1744017300000,76115.5,76349.1,75745.1,76248.4,166.10050984
1744018200000,76248,76747.6,76182.1,76646.1,261.07909403
1744019100000,76648.7,76800,76203.5,76281.9,129.12631164
1744020000000,76281.9,77039.2,76150.4,76983.3,203.30352631
1744020900000,76984,77565.5,76958.1,77238.1,283.66426467
1744021800000,77233.6,77545.9,77100.4,77364.9,126.17084338
1744022700000,77364.9,77475.2,76800.1,76990,131.34502248
1744023600000,76992,77400,76907.7,77124.9,97.81532333
1744024500000,77120,77230,76905.4,77090,140.40023056
1744025400000,77090.1,77122.8,76560,76610,137.08404616
1744026300000,76610,76762.6,76437.5,76690,76.09927196
1744027200000,76691.5,76916.2,76412.9,76746.4,95.48371471
1744028100000,76743.9,77481.5,76622.5,77437.9,253.70021499
1744029000000,77430.2,77670.1,76902.1,76948.9,226.29709392
1744029900000,76948.6,77638.2,76729.2,77332.5,296.59295761
1744030800000,77324.7,77381.4,77030.3,77227.8,135.11154856
1744031700000,77226.1,77290.3,76802.3,76867.3,116.06309554
1744032600000,76869.2,77216,75798.5,76052,410.22832898
1744033500000,76050,78487.2,75775.5,78361.3,691.2276805
1744034400000,78362,80070.8,77927.6,79568.9,1362.96813618
1744035300000,79564.8,81213.5,77875,78122.7,2519.23666047
1744036200000,78116.7,80009.3,77913.8,78689.7,1348.75049624
1744037100000,78689.6,79539.7,78421.5,79030,785.09272472
1744038000000,79037.7,79361.3,77800.1,77817.2,572.72376922
1744038900000,77801.9,78643.1,77531.2,78023.9,751.02878534
1744039800000,78020.1,79074.3,78020.1,78943.2,333.28590199
1744040700000,78947.5,78983.1,78450,78480.1,183.64639256
1744041600000,78480,78500,78064.6,78287,161.59036472
1744042500000,78286.9,78431.8,77633.7,78330,190.63302014
1744043400000,78329.9,78583.2,77811,77912.1,101.90252071
1744044300000,77911.7,77911.7,77293.5,77434,198.50269207
1744045200000,77430.2,78405.7,77430.2,78235,401.27641184
1744046100000,78233.3,78608.4,78070,78568.3,219.37356659
1744047000000,78568.2,78950,78278,78930,217.91746633
1744047900000,78932.9,79208.7,78563.3,79067,276.56246269
1744048800000,79070,79189.9,78694.6,78829.2,175.89850006
1744049700000,78828.5,79371.2,78569.8,78633.3,164.19825192
1744050600000,78634.3,79135.4,78515.6,78860,91.17009406
1744051500000,78860,78974.4,78281.2,78482.1,111.315088
1744052400000,78482.1,78958,78238.2,78330,132.92855862
1744053300000,78326.6,78711.7,78192.4,78288,146.85336064
1744054200000,78286,78902,78106.8,78129.9,150.25852183
1744055100000,78126.6,78449.7,78010.2,78120,162.25597433
1744056000000,78127.8,78569.4,78100.1,78232,59.84119093
1744056900000,78232.1,78688.8,78232.1,78688.6,69.63859535
1744057800000,78689.4,79106.5,78689.4,79092,51.8562847
1744058700000,79092,79133.7,78797.5,78940,37.86646171
1744059600000,78936,79121.2,78657.5,79115.8,44.58546885
1744060500000,79112.8,79223.6,78822.3,78959.9,52.11728507
1744061400000,78959.9,79035,78820.9,79008,31.25036445
1744062300000,79008.1,79591.6,79008.1,79230,78.31977393
1744063200000,79233.3,79680,79174.1,79596.6,111.37069675
1744064100000,79596.6,79850.1,79596,79805.2,84.40221791
1744065000000,79805.2,79966.1,79678.7,79946.6,55.538816
1744065900000,79948.5,80210,79790,79955,115.83596294
1744066800000,79955,80088,79714.9,79762,53.14785903
1744067700000,79760.1,79892,79650,79852.9,62.35854549
1744068600000,79854,79899.8,79263.4,79315.8,70.24500583
1744069500000,79322.5,79431.6,79083.9,79174.4,99.37062074
1744070400000,79174.4,79521,79086,79515.9,51.52663348
1744071300000,79515.9,79600.2,79355.5,79356.4,30.09436
1744072200000,79356.3,79480.8,79109.6,79350,57.25048307
1744073100000,79350,79354.4,78998.8,79024.1,80.7465213
1744074000000,79018.1,79293.6,78776.7,79220.1,81.56149544
1744074900000,79220,79781.8,79024.2,79722.1,83.33510947
1744075800000,79720,80555.5,79658.3,80415,245.00633833
1744076700000,80416.8,80800,80201.3,80599.6,224.45759632
1744077600000,80599.6,80860,80409,80646.4,173.4728801
1744078500000,80646.5,80698,80445.4,80448.2,76.22873156
1744079400000,80446.9,80446.9,80184,80234,102.0283551
1744080300000,80236.3,80283.9,79900,79947.9,74.42164419
1744081200000,79946.3,80124,79882.9,79964,77.13104529
1744082100000,79965.9,80181.1,79800.9,80176.1,103.85910857
1744083000000,80176,80216.2,79833.3,79858,48.05741805
1744083900000,79858.2,79990,79753.8,79904.8,43.86731683
1744084800000,79904.8,80079.7,79858.1,80074.1,32.77455384
1744085700000,80074.2,80280.4,79976.3,80254,49.5965831
1744086600000,80253.9,80413.4,80113,80301.5,64.15556416
1744087500000,80301.4,80348.6,80106.3,80300.1,66.67860785
1744088400000,80300.1,80310,79700.5,79810.2,77.95605029
1744089300000,79810.3,79867,79530,79597.9,112.03678782
1744090200000,79598,79833,79572,79680.1,67.75582328
1744091100000,79685.9,79880,79660.1,79866.1,44.44243257
1744092000000,79866,79866,79466.3,79483.9,102.32420687
1744092900000,79483.9,79529.8,79367.1,79402.3,50.92219584
1744093800000,79402.3,79541.6,79284,79533.4,67.79240513
1744094700000,79537.9,79570.1,79378.8,79444.1,55.87648252
1744095600000,79444.1,79541.1,79216,79490.6,67.37588412
1744096500000,79490.7,79700,79384.1,79560.7,71.41177928
1744097400000,79560,79560,79380,79471.1,73.93496173
1744098300000,79471.1,79553.7,79258.1,79487,66.38988002
1744099200000,79486,79526,79057.1,79058.9,87.48849056
1744100100000,79059,79206,78943.9,78943.9,110.21024806
1744101000000,78943.9,79221.4,78943.9,79220.1,67.02890054
1744101900000,79219.1,79223.3,78993.8,79171.9,165.96315145
1744102800000,79170,79239.7,78999.9,79116,95.45005138
1744103700000,79116.1,79116.5,78880.1,78884.7,50.037732
1744104600000,78884.8,79164.2,78869.6,79130.5,40.22937896
1744105500000,79130.4,79189.9,78889.2,78906.2,32.18297638
1744106400000,78906.2,79061.7,78818.4,78906.4,60.00880303
1744107300000,78906.4,79070.8,78876,79005.6,28.19624497
1744108200000,79005.9,79184.3,78934,79070,57.2678576
1744109100000,79069.9,79145,78939.7,79015.9,43.19740144
1744110000000,79016,79283.1,78965.1,79168.2,85.89915884
1744110900000,79166.7,79371.2,79058.2,79361.5,63.83598775
1744111800000,79356.1,79806,79349.6,79601.4,103.67733004
1744112700000,79600.1,80070,79600.1,79985.6,131.84346447
1744113600000,79985.6,80128.3,79790,79982,129.009801
1744114500000,79982,79992.4,79767.5,79876,63.14976847
1744115400000,79870,79979.9,79566.7,79686.8,57.28559546
1744116300000,79686.5,79893.8,79601.6,79834.8,36.32904533
1744117200000,79834.8,80395,79766.6,80050,219.95892899
1744118100000,80051.4,80285.6,79898,80174.4,109.38183446
1744119000000,80178.8,80392,79378,79784,324.98908233
1744119900000,79783.3,80020.1,79533.4,79891.7,156.92657736
1744120800000,79893.8,80257.3,79733.4,79976.6,285.35296843
1744121700000,79970,80184.4,79400,79457.9,219.79141536
1744122600000,79456.3,79599.9,79103.1,79126,137.8760822
1744123500000,79129.2,79255.9,78477.1,78482,237.84177286
1744124400000,78482.1,78857.7,78188,78339.9,394.82829956
1744125300000,78340,78570.1,78176.6,78206.6,126.13314231
1744126200000,78210,78680,78191.5,78599.3,110.46353983
1744127100000,78599.4,78695.4,78269.3,78497,95.45439012
1744128000000,78496.9,78524.9,78195.5,78200,101.35502585
1744128900000,78198.3,78199.8,77826,78124.1,177.48433876
1744129800000,78120,78233.2,77405.1,77542.1,273.84340323
1744130700000,77542,77884,77360.1,77420,207.89248301
1744131600000,77422.2,77546.9,76868,77021.4,211.92517523
1744132500000,77021.5,77235.2,76566.1,76660.9,219.0575353
1744133400000,76661,77575.6,76555,77324,384.42978298
1744134300000,77329,77537,76909.7,77346.1,170.33054406
1744135200000,77350,77514.4,77078.1,77159.4,133.8907756
1744136100000,77159.4,77700.1,77132.8,77329.9,90.67302095
1744137000000,77330,77997.8,77330,77456.6,235.15549986
1744137900000,77456.6,77687.9,77241.5,77252,117.71013799
1744138800000,77254,77358.2,76767.8,76792,117.07750028
1744139700000,76797.5,77083.2,76561.8,76864.5,188.15134347
1744140600000,76863.4,76898.1,76353,76496.2,313.78723975
1744141500000,76492,77134.9,76421.3,76867.4,244.04372828
1744142400000,76867.5,76981.8,76667.1,76872,185.54457195
1744143300000,76871.9,77004.7,76602.8,76670.7,140.53007476
1744144200000,76670.7,77224.7,76616.1,77146.1,109.79999471
1744145100000,77146,77155.2,76979.2,77133.3,58.40008214
1744146000000,77133.3,77287,76857.7,77035.7,35.18313425
1744146900000,77035.7,77134.9,76776.1,76828.4,32.82394974
1744147800000,76839,77072.8,76728.1,77072.8,34.9872956
1744148700000,77072.8,77133.7,77000,77108.2,23.52183299
1744149600000,77110,77132.1,76605.1,76765.5,85.75217972
1744150500000,76766,76941.4,76576,76690.7,118.29286378
1744151400000,76693.6,76771.1,76243.3,76530.5,143.85458065
1744152300000,76531.8,76829.8,76450.1,76737.5,57.83402366
1744153200000,76737.4,76805.7,76500.1,76594.3,85.07171339
1744154100000,76594.3,76696.1,76302.3,76350.1,122.22195527
1744155000000,76350.1,76550,76348.1,76370.4,49.0859386
1744155900000,76373.1,76513.1,76306.1,76329.9,64.35468823
1744156800000,76329.9,76757.2,75934,76644.1,236.87265105
1744157700000,76642.2,76846.8,76415.4,76678.9,161.95208672
1744158600000,76679,76875.7,76452.9,76651.7,111.2744033
1744159500000,76652.2,76774,76369.3,76530,45.14407152
1744160400000,76531.9,76606.8,75280,75321.3,306.2212339
1744161300000,75321.4,75495.9,74627.5,74700,780.03727064
1744162200000,74690.8,75870.7,74686,75500,325.40798175
1744163100000,75497.5,76299.9,75457,76079.9,208.1139193
1744164000000,76080,76460.2,76070,76218.5,173.86224331
1744164900000,76218.5,76377.9,75813.4,75846,120.01029613
1744165800000,75843.6,76144.7,75572,75589.9,191.16880427
1744166700000,75590,75936.8,75590,75675.4,83.94980547
1744167600000,75675.5,75874.7,75545.8,75768,155.79780876
1744168500000,75769.9,75879,75489.2,75497.1,92.62692244
1744169400000,75497.2,75754.1,75157.6,75289.9,74.02034705
1744170300000,75290,75498.1,75018.2,75078.8,95.13623429
1744171200000,75073.5,75998,75000,75820,281.97392412
1744172100000,75816.8,76232,75566,75720,137.78549953
1744173000000,75722,76648.3,75722,76568,186.64005139
1744173900000,76566.6,76913,76356.2,76421.9,164.16666914
1744174800000,76422,76687.5,76203.9,76440,121.09487959
1744175700000,76441.4,76830,76370,76640,80.72953268
1744176600000,76638.6,76699.9,76438,76534.1,65.13062837
1744177500000,76530.1,76733.3,76420.1,76733.3,40.9669749
1744178400000,76733.3,77318.1,76704.6,77284.9,119.34901426
1744179300000,77286.9,77318,76874.2,76914.6,113.2698371
1744180200000,76912.2,77163.9,76868,77135.2,45.60859391
1744181100000,77136.9,77171,76770.6,76834.9,62.1889415
1744182000000,76834.9,77733.1,76816.7,77630,654.49337036
1744182900000,77630.1,77800,77328.1,77705.8,263.26172233
1744183800000,77705.8,77949,77639.9,77910,222.27767759
1744184700000,77909.9,77932.7,77616.1,77688.1,105.36258028
1744185600000,77688,77870,77320.4,77440.5,176.7315793
1744186500000,77440,77558.4,77278.4,77305.9,78.29681452
1744187400000,77306,77342,77075,77260.1,83.85754457
1744188300000,77260.1,77373.2,77122.6,77305.9,97.72427255
1744189200000,77308,77475.2,77231.7,77354,58.91079998
1744190100000,77355.9,77382.7,77194,77251.6,72.57159999
1744191000000,77253.5,77383.8,77160.1,77383.8,74.45343485
1744191900000,77384,77541.9,77345.9,77467.9,113.33952202
1744192800000,77468,77545.1,77235.5,77520,239.4251379
1744193700000,77520,77574,77180,77229.7,89.88285936
1744194600000,77229.6,77269.9,76941.5,77099.8,123.67479047
1744195500000,77099.8,77547.8,77042.7,77192,144.60111478
1744196400000,77191.9,77204.4,75882,76562,814.75970546
1744197300000,76562,76813.9,76292.2,76570.1,194.63526878
1744198200000,76570.1,76639.9,75774.2,75953.2,239.34726964
1744199100000,75950.1,76557,75814,76238.3,309.09682977
1744200000000,76238.4,76509.7,76032.5,76473.5,177.91214055
1744200900000,76473.5,76575.5,76225.4,76292.4,160.32079754
1744201800000,76292.3,76516.7,76030.3,76509.8,144.51895258
1744202700000,76509.7,77076.4,76389.3,76761.5,209.06531361
1744203600000,76768,77155.9,76741.8,76960,236.2513636
1744204500000,76960,77086,76707.1,76830,110.13363004
1744205400000,76836.1,77861.5,76836.1,77250,507.17031908
1744206300000,77250,77827.4,77088,77706,336.93830502
1744207200000,77702.1,78318.9,77232.1,77369.3,452.77226129
1744208100000,77370,77828.3,77368.1,77608,197.48962433
1744209000000,77605.3,77930,77445.8,77478,146.81514821
1744209900000,77478,77719.3,76809,76880,230.73310508
1744210800000,76880,77484.5,76850.1,77402.9,234.44975926
1744211700000,77402.1,77663.1,77340.4,77400,144.06401061
1744212600000,77401.6,77580.8,77016.2,77110,153.35070943
1744213500000,77111.9,77531.4,77094.7,77261.4,233.76098698
1744214400000,77269.2,77862.5,77134.6,77760,108.07003958
1744215300000,77760.6,77823.9,77538,77590.3,62.24900968
1744216200000,77590.8,77920.2,77522.1,77832.1,112.1657059
1744217100000,77832.1,78349.6,77750,78269.9,331.18646832
1744218000000,78270,78797.4,78136.1,78499.2,445.68215849
1744218900000,78499.9,81276,77622,80813.9,2643.56026943
1744219800000,80821.7,81860,80815.7,80950,1376.52604112
1744220700000,80951.8,82307.1,80951.8,82192,744.28036092
1744221600000,82195.8,82489,81700.2,82309.9,769.50816477
1744222500000,82312.2,82986.2,82158.4,82577.5,629.16915428
1744223400000,82574.9,82777.6,82056,82106,537.11568843
1744224300000,82107.3,82355,81782.6,81782.6,402.62705788
1744225200000,81782.6,82288.1,81760.2,82288.1,303.43441827
1744226100000,82287,82574.8,82090,82384.7,183.58170911
1744227000000,82380.8,82580,82250,82295.6,111.2326369
1744227900000,82307.9,82469.5,82123.4,82335.3,280.0313037
1744228800000,82335.3,82510.6,82156,82177.9,162.44596227
1744229700000,82178,82331.1,82016.7,82070,96.83383818
1744230600000,82066.1,82775.2,82000.1,82772,171.89548368
1744231500000,82772,83262,82650,83189,271.61450568
1744232400000,83188.9,83518,82970.5,83478.7,255.04177724
1744233300000,83478.7,83583.1,83242.4,83322.3,134.42527066
1744234200000,83322.2,83322.2,82851.9,82944.6,132.17273851
1744235100000,82944.7,83384,82900,83280.5,112.72191196
1744236000000,83280.5,83472.2,83087.9,83289.9,106.2234365
1744236900000,83290,83482,83250.1,83361.7,103.07015259
1744237800000,83361.7,83461.9,83000.1,83020.9,143.08892669
1744238700000,83021,83098.9,82942.1,83054.1,87.183571
1744239600000,83054.1,83161.4,82986,83022.3,90.69172844
1744240500000,83022.2,83023.3,82724.5,82775.9,115.96855608
1744241400000,82775.7,82849.9,82684.2,82783.8,91.81880401
1744242300000,82783.8,82786.1,82533.2,82618.4,86.21931452
1744243200000,82618.3,82749,82479,82482.5,140.92774516
1744244100000,82482.5,82631,82357.4,82421.8,88.58597603
1744245000000,82422,82487.9,82062.5,82149.9,156.3771478
1744245900000,82150,82383,82086.9,82350,83.82494187
1744246800000,82350,82602.2,82276,82499,204.03945846
1744247700000,82499,82579.2,82362,82432.3,158.80065996
1744248600000,82432.3,82477.7,82301.8,82386.5,346.26953095
1744249500000,82386.5,82470.8,82231.6,82252.5,167.68087407
1744250400000,82252.5,82527.9,82215.8,82507.2,69.45725402
1744251300000,82507.3,82567.9,82421.4,82453.9,111.9872342
1744252200000,82452.1,82483.9,82306,82350.4,49.04302327
1744253100000,82353.8,82362.1,82200,82203.2,100.91783444
1744254000000,82206,82229.9,81691.5,81739.8,248.40472922
1744254900000,81739.9,81775.9,81538.4,81655,159.18641642
1744255800000,81655,81777.7,81466.7,81724,97.25600849
1744256700000,81723.9,81809.9,81653.4,81774,57.21699925
1744257600000,81774,81954.4,81678.2,81694.5,52.07565636
1744258500000,81698.7,81849.8,81634.3,81652.1,30.44090374
1744259400000,81652.1,81887.9,81635.2,81839.4,32.82819904
1744260300000,81839.5,82083.8,81828.2,82018,58.31561007
1744261200000,82018,82140,81924.4,82096,97.61371413
1744262100000,82096,82214.1,82026.3,82169.6,82.29056203
1744263000000,82169.5,82231.6,82097.1,82190,71.38247532
1744263900000,82190.4,82243.6,82052.3,82163.3,37.1939613
1744264800000,82163.4,82341.7,82088,82259.8,55.64597404
1744265700000,82259.7,82277.9,82057.8,82087.4,36.5629592
1744266600000,82088,82111,81835.4,81908,59.53034036
1744267500000,81907.9,82177.9,81863.3,82147.9,46.89880725
1744268400000,82147.9,82237.9,82031,82104,151.20952826
1744269300000,82104,82148,81800.1,81801.5,136.63430103
1744270200000,81801.5,81802,81300,81568.1,290.56984955
1744271100000,81568.1,81790.2,81547.2,81593.9,119.51520245
1744272000000,81594,81846,81516.1,81750.5,79.05550341
1744272900000,81755.6,81846,81624.3,81760.5,39.65719553
1744273800000,81760.5,81760.5,81414.5,81590,85.76937748
1744274700000,81593.5,81693.2,81491,81547.7,37.079134
1744275600000,81549.4,81588.8,81331.7,81501.4,68.92151287
1744276500000,81501.3,81914.8,81501.3,81779.9,60.47416433
1744277400000,81770,82016.6,81750.2,81816.1,93.87818306
1744278300000,81816.1,82075.9,81800.5,82030,68.22078794
1744279200000,82028.3,82115.6,81943.1,82066,48.04456574
1744280100000,82067.9,82087.9,81714.6,81718.1,59.77189009
1744281000000,81718,81866.6,81609,81610.1,96.64477711
1744281900000,81610.1,81772.6,81568.9,81761,37.04049917
1744282800000,81761.1,81855.5,81537.9,81550,77.46709475
1744283700000,81550,81733.3,81504.2,81616.4,42.97412923
1744284600000,81621.9,81889.9,81590,81855.9,50.48059511
1744285500000,81855.9,81944.2,81760.4,81874,40.72469616
1744286400000,81873.9,82043.7,81532,81651.9,188.66879507
1744287300000,81650.7,82200,81600.1,82000.1,105.89754965
1744288200000,82004,82521.8,81760.9,81834.1,461.37940189
1744289100000,81834,81861.6,81458.6,81706.6,169.74877442
1744290000000,81712.8,81738.9,81517.6,81541.3,67.5795177
1744290900000,81545.5,81951.3,81488,81747.6,161.41229556
1744291800000,81747.6,81855.9,80742.6,80899.8,526.95884627
1744292700000,80899.8,81439.3,80838.8,80871.9,183.32869327
1744293600000,80871.9,81173.6,80630.1,81106.9,230.24758572
1744294500000,81106,81490.3,81054.1,81283.1,178.57997569
1744295400000,81289.8,81839.9,81289.8,81638.7,229.62918642
1744296300000,81634.1,81653.5,81212.5,81266,83.0467747
1744297200000,81266,81350,80700,80713.3,261.68541443
1744298100000,80715,80736.4,80218.2,80218.5,559.39652166
1744299000000,80218.5,80282.3,79121.2,79210.1,900.10963861
1744299900000,79210,79251.8,78606.1,78750.7,819.41423704
1744300800000,78750.6,79284.6,78462,78863.9,614.90453467
1744301700000,78863.8,78960.3,78500,78840.2,416.52020489
1744302600000,78843.9,79478.1,78810.7,79215.4,302.23228715
1744303500000,79217.9,79676.4,79068,79444,225.06499631
1744304400000,79443.9,79676,78640,78790,313.75942337
1744305300000,78791.9,79266.3,78608,79176.8,202.89223748
1744306200000,79177.9,79448.2,79068.6,79370,164.45787027
1744307100000,79371.2,79461,79100.9,79320,106.18045224
1744308000000,79317.5,79703.1,79248,79271,165.2695276
1744308900000,79272.5,79816,79215.7,79738.8,63.43843744
1744309800000,79737.1,79875,79477.3,79703.8,48.97998588
1744310700000,79702,79711.6,79341.6,79498.8,160.63136911
1744311600000,79498.7,79782.3,79396.3,79573.3,108.40290744
1744312500000,79574,79765.5,79349.1,79360.4,118.45425686
1744313400000,79361.1,79679.5,79306.2,79340,120.84072577
1744314300000,79340.7,80041.4,79340.7,79641.8,190.81915604
1744315200000,79640,79953.2,79610.1,79909.3,68.68522722
1744316100000,79908.4,79908.4,79566,79595.9,89.24627933
1744317000000,79596,79884.6,79584.8,79856.1,21.71751204
1744317900000,79856.1,79953.3,79800.1,79922.1,31.02111732
1744318800000,79924.8,80033.2,79737.9,79796.9,29.65926516
1744319700000,79797,79849.9,79666.6,79833.8,18.02891453
1744320600000,79834.8,79928.6,79789.8,79828.3,16.99717294
1744321500000,79828.3,79828.3,79701.7,79709.1,14.59120693
1744322400000,79709.8,79750,79538,79739.6,71.79284126
1744323300000,79739.7,79903.9,79700,79712.3,22.93148224
1744324200000,79712.2,79914.2,79710.6,79909.8,42.88457284
1744325100000,79909.8,79909.8,79676,79691.9,43.23819242
1744326000000,79695.4,79728.9,79481.7,79488.1,42.66723448
1744326900000,79488.1,79637,79378.7,79462.5,54.45384492
1744327800000,79465.9,79661.2,79402.4,79631.6,43.78515569
1744328700000,79630.7,79744,79557.6,79599.5,110.48359611
1744329600000,79592,79749.9,79417.8,79684.1,55.03481384
1744330500000,79684.1,79729.9,79452.5,79452.5,32.98185298
1744331400000,79452.4,79579.9,79346.3,79398.8,106.06621002
1744332300000,79398,79472,78970.9,79040,151.79294559
1744333200000,79041.7,79399.9,79011.5,79399.8,311.97015688
1744334100000,79399.8,79630.6,79399.8,79530,125.70810088
1744335000000,79529.9,79884.6,79524.1,79750,145.34750377
1744335900000,79746.5,80451.7,79718.1,80442.2,355.36697442
1744336800000,80442.1,80490,80152.1,80306,111.29912817
1744337700000,80305.7,80833.2,80230.1,80694,126.64617797
1744338600000,80694.1,80800,80412.1,80432.7,61.75699237
1744339500000,80432.7,80500,80280.5,80291.3,63.813269
1744340400000,80291.3,80549.9,80285.1,80524.3,85.42735768
1744341300000,80522.1,80714.1,80478.3,80663,67.9871836
1744342200000,80660.8,80828,80500,80807.9,73.11002387
1744343100000,80807.9,80909,80688.1,80845.8,83.56264417
1744344000000,80844.9,80981.8,80736.8,80968.2,64.0972728
1744344900000,80968.2,81044,80837.7,81032,73.51881798
1744345800000,81031.9,81096.9,80728.7,80793.8,110.66853851
1744346700000,80797.1,80923.9,80709.9,80883.7,64.54019987
1744347600000,80883.7,80916,80512.1,80643.6,48.4553997
1744348500000,80643.7,80822.7,80542.1,80800,40.28180438
1744349400000,80800,80888,80631,80649.9,38.64918513
1744350300000,80650,80847.6,80634.1,80818.2,34.6942551
1744351200000,80812.1,81186.5,80812.1,81115.5,108.55404274
1744352100000,81114.1,81208,80972,80975.4,307.10179015
1744353000000,80973.7,81180.8,80970.7,81161.9,34.42762534
1744353900000,81162,81331.3,81068,81096.6,83.35349058
1744354800000,81096.7,81205.6,80960.3,81044.1,78.98869527
1744355700000,81044,81110.3,80852,80896.1,85.47570229
1744356600000,80892.7,81412.5,80890.1,81370.5,149.22072291
1744357500000,81370.5,81442,81242.1,81255.6,125.42604064
1744358400000,81255.6,81960,80780.1,81455.6,393.08984906
1744359300000,81455.5,81507,81222.6,81340,108.25084991
1744360200000,81340.1,81824,81245,81613.9,152.77822783
1744361100000,81613.9,81745.9,81476.1,81626,66.87740484
1744362000000,81626,81666.5,81442.3,81500.7,84.18747817
1744362900000,81500.8,82190,81500.8,82061.9,182.57876407
1744363800000,82061.9,82326.7,82053.1,82199.9,135.70608916
1744364700000,82199.9,82427.1,82152.1,82419.2,202.21070565
1744365600000,82419.2,82520,82290.1,82372.1,166.88888382
1744366500000,82372.1,82833,82358.1,82730.9,193.09880522
1744367400000,82730,82976,82600,82618.2,233.75366055
1744368300000,82618.2,82720,82512.3,82700.1,103.27776715
1744369200000,82700,82900.4,82546.6,82627.2,221.07876288
1744370100000,82625.9,82631.9,82300.1,82353.4,164.29511793
1744371000000,82353.4,82449.9,82134,82204,136.58479675
1744371900000,82204,82320.9,82020,82135.6,107.92179967
1744372800000,82139.1,82288.1,81813.1,82002,139.68005693
1744373700000,82002.1,82275,81958.1,82254.1,87.09620137
1744374600000,82251.7,82590.8,82203.1,82300,226.29949693
1744375500000,82300,82318.6,82000.1,82117.5,90.59177708
1744376400000,82117.5,82214,81864,81936.2,84.93150557
1744377300000,81936.5,82168,81820.3,82129.1,163.17010519
1744378200000,82126.8,83333,82003.2,82925.7,643.41836968
1744379100000,82926.3,83221.9,82768.8,82924.1,231.92374901
1744380000000,82924,82924,82317.7,82533.3,337.42920321
1744380900000,82530,82655.9,81342.8,81459.6,340.20258925
1744381800000,81459.7,82038.7,81405.5,82024.1,279.66180763
1744382700000,82022.4,82349.3,81899.8,81900.3,73.99849855
1744383600000,81900.2,82257.9,81715.1,81873.4,179.22574031
1744384500000,81873.7,82241.9,81814,82183,160.3250579
1744385400000,82182.2,82712,82146.5,82529.9,186.02940037
1744386300000,82529.8,82639.9,82408.5,82527.9,65.36301954
1744387200000,82528,82632.5,82258.1,82283.3,81.54556112
1744388100000,82284,82366.6,82012.6,82249.6,80.96020428
1744389000000,82249.5,82967.9,82248.2,82965.2,168.09680988
1744389900000,82965.3,83027.9,82753.7,82792,138.81218108
1744390800000,82790.1,82999.8,82690.1,82965.7,54.43594012
1744391700000,82965.7,83090.4,82778.8,82990.1,85.69370973
1744392600000,82990.1,84043,82988.1,83947.8,781.61150542
1744393500000,83947.8,84044.8,83666.6,83926.8,191.13233532
1744394400000,83926.7,84219.2,83820.2,83989.9,266.67887274
1744395300000,83989.9,84034,83637.4,84020.5,104.86288209
1744396200000,84020.6,84025.9,83790.6,83879.2,89.88603775
1744397100000,83879.8,83929.9,83510.1,83603.9,74.10620692
1744398000000,83603.9,83932,83552.1,83885.3,53.74540072
1744398900000,83885.4,83970.2,83729.4,83757.5,63.42965166
1744399800000,83754,83866.5,83640.4,83854.9,42.36882864
1744400700000,83854.8,83973.9,83757.7,83849.5,72.33849452
1744401600000,83849.5,83923.3,83700.5,83757.4,24.23946235
1744402500000,83757.4,83971.5,83704.5,83944.1,26.47601144
1744403400000,83944,84024,83812,83965.6,72.92668611
1744404300000,83965.7,83998.8,83803.3,83835.5,30.35596473
1744405200000,83836,84031.6,83815,83926.2,41.10279207
1744406100000,83925,84300,83881.9,83906.1,96.89156924
1744407000000,83906.1,83906.2,83631.7,83682.9,83.23566756
1744407900000,83682.9,83791.9,83635.3,83668.3,21.79215544
1744408800000,83668.4,83707.4,83528.8,83566.5,40.98126376
1744409700000,83566.5,83566.5,83428.8,83473.4,55.1617429
1744410600000,83473.6,83474.6,83310.4,83366.1,36.65874916
1744411500000,83366.1,83514.1,83366,83410.1,14.06775975
1744412400000,83410.1,83410.1,83270,83270.2,75.70440338
1744413300000,83270.3,83324,83143.8,83209.1,54.28774992
1744414200000,83209,83463.8,83180.3,83432.5,32.30065398
1744415100000,83432.5,83560.4,83400,83416,45.70968785
1744416000000,83414.1,83499.8,83260.3,83260.4,52.20596765
1744416900000,83260.4,83399.9,83234.2,83349.8,57.95860645
1744417800000,83349.9,83545.9,83300.1,83486.1,51.36931693
1744418700000,83485.9,83566.5,83338.5,83359.9,20.30045254
1744419600000,83359.8,83449.9,83307,83327.6,62.600218
1744420500000,83327.6,83342,83141.2,83173.6,175.93745129
1744421400000,83173.5,83315.9,83148.1,83297.8,50.34613976
1744422300000,83297.8,83333,83150.1,83207.5,39.67629286
1744423200000,83207.6,83300,83148,83169.9,77.7647175
1744424100000,83169.9,83255.6,83153.1,83219.9,32.2836814
1744425000000,83219.9,83300,83174.4,83224.6,39.70426229
1744425900000,83222.9,83222.9,82800,82800,114.65608259
1744426800000,82800,82987.6,82764.9,82941.9,109.59434588
1744427700000,82941.8,83057.6,82884.5,83057.5,80.63912563
1744428600000,83058.7,83139.9,82996.6,83114,93.95873954
1744429500000,83113.9,83132,82911.3,82968.1,18.97672773
1744430400000,82968.1,82985.5,82850,82938,19.71923289
1744431300000,82939.7,83253.5,82894,83216.8,323.66906724
1744432200000,83216.8,83466.6,82916.7,83114.8,588.75784528
1744433100000,83114.8,83365.7,83082.8,83191,171.86850527
1744434000000,83191,83399.2,83174.7,83318.8,75.35002436
1744434900000,83318.7,83481.7,83318.7,83356.2,35.07975063
1744435800000,83356.2,83500,83350.9,83375.5,36.08003249
1744436700000,83375.6,83378,83273.5,83329.1,12.63976329
1744437600000,83329.1,83524.8,83329.1,83524.8,51.85889549
1744438500000,83524.9,83733.2,83454.3,83612.7,30.46111869
1744439400000,83612.8,83780,83538.2,83730.7,36.11469565
1744440300000,83730.7,83730.7,83520.1,83554.2,97.38277414
1744441200000,83554.1,83590,83483.3,83586.5,67.31458963
1744442100000,83586.4,83741.7,83554,83605.8,102.13510072
1744443000000,83605.8,83780,83568,83745,77.37301976
1744443900000,83745,83800,83677.2,83715.9,79.77733644
1744444800000,83715.9,84023.2,83657.1,84000.9,151.25372618
1744445700000,84001,84001,83508.8,83574.6,70.60992596
1744446600000,83574.5,83699.9,83440.1,83638.4,70.80193674
1744447500000,83639.9,83674,83496,83596.5,35.95523157
1744448400000,83596.6,83757.4,83469,83470.6,29.82260387
1744449300000,83470.1,83578,83416.9,83449.5,30.42295487
1744450200000,83449.5,83577.8,83380.9,83558.5,27.94204941
1744451100000,83555.2,83648,83504,83538.1,18.93644856
1744452000000,83538,83558,83446.4,83480,34.24011653
1744452900000,83480,83513.1,83365.1,83476.4,21.82128348
1744453800000,83476.4,83498.1,83320.9,83325.1,24.32597721
1744454700000,83325.9,83422.9,83290.8,83420.1,29.84941598
1744455600000,83420.8,83547.1,83420.8,83519.3,21.97788131
1744456500000,83519.3,83640.3,83519.3,83599.1,42.77268866
1744457400000,83596.6,83596.6,83414,83490,32.47766127
1744458300000,83488,83570.4,83460.2,83520.4,9.77005992
1744459200000,83520.4,83695.3,83468.5,83663.7,47.64735785
1744460100000,83663.8,83800,83651.2,83758,57.75128481
1744461000000,83758.1,83944.9,83680,83839.9,135.56099031
1744461900000,83840,83866.5,83660,83836.9,46.83170378
1744462800000,83838,84031,83799.9,83998.4,115.85152424
1744463700000,83998.4,84079.5,83541.3,83849.1,121.05617773
1744464600000,83849.1,84500,83694.8,84175.9,214.74469548
1744465500000,84174,84678,84144.1,84449.8,307.7544124
1744466400000,84449.9,84760,84300,84490,153.8044225
1744467300000,84490,85000,84324.2,84890,283.91604305
1744468200000,84894.8,85245,84773.1,84846.2,309.23974168
1744469100000,84846.1,85011.6,84686.1,84823,88.81783739
1744470000000,84823,84935.5,84623.9,84682.6,143.25972114
1744470900000,84683.4,85183.1,84680.1,85147.9,120.14925815
1744471800000,85148.3,85400,85052,85285.9,143.40670228
1744472700000,85285.9,85370.1,84950.2,84996.2,66.769931
1744473600000,84996.2,85200,84818.6,84895.9,96.76895912
1744474500000,84895.1,85107.3,84821.8,84979.9,50.82128811
1744475400000,84980,85011.8,84737.8,84742,48.78758403
1744476300000,84742.1,84783.1,84576,84652.1,42.38294158
1744477200000,84652,84800,84422,84425.8,80.27154456
1744478100000,84425.9,84664.4,84422,84607.2,60.43736058
1744479000000,84607.3,84850,84607.3,84849.8,51.04546571
1744479900000,84849.8,84857.9,84700.1,84760,16.02313826
1744480800000,84760.8,84928.9,84746.1,84843.9,17.30831622
1744481700000,84848,84981.1,84848,84980.9,13.3607391
1744482600000,84981,85053.9,84906,85020.9,25.21423512
1744483500000,85021,85189,85021,85171.9,59.08578582
1744484400000,85172,85200,85022.6,85062.1,39.05955291
1744485300000,85062,85253.8,84983.6,85043.4,31.32195947
1744486200000,85043.4,85114.5,84892,84897.5,54.23724286
1744487100000,84898,84942,84822,84932.9,9.40217895
1744488000000,84932.9,85153.9,84870,85146.4,25.90712421
1744488900000,85146.3,85271.8,85050.1,85264.1,33.82297458
1744489800000,85264.2,85888,85264.2,85783.9,252.48371919
1744490700000,85784.4,85812,85400.1,85506.1,58.66171013
1744491600000,85506.1,85567.3,85300,85309.9,62.05696514
1744492500000,85310,85560.6,85283.8,85402.6,57.21599524
1744493400000,85402.5,85560.5,85257.1,85480,30.80654322
1744494300000,85483.3,85500,85264.1,85355,46.79221879
1744495200000,85355.1,85527.9,85355.1,85499.8,34.51234751
1744496100000,85499.9,85694.1,85440.2,85468,27.6752434
1744497000000,85467.9,85578.8,85404.1,85477.4,29.47415638
1744497900000,85477.4,85477.4,85315,85330.9,43.00340867
1744498800000,85331,85414,85237.4,85253.9,18.88894716
1744499700000,85254,85366.6,85171.5,85198.3,28.49503583
1744500600000,85198.4,85316.6,85148,85295.2,81.63180929
1744501500000,85295.2,85426.7,85252,85268,50.63090865
1744502400000,85268.1,85439.4,85258.2,85439.4,33.89361676
1744503300000,85439.4,85501.7,85146,85179.7,45.36097557
1744504200000,85179.7,85269.9,85010,85248,79.31927446
1744505100000,85247.9,85560.5,85217.6,85494.1,92.36999936
1744506000000,85494.2,85799.4,85429.9,85780,46.12867147
1744506900000,85779.9,85835.9,85533.4,85824.1,69.40900091
1744507800000,85824,86100,85496,85706,306.13923917
1744508700000,85707.6,85788.5,85120.1,85242.4,185.68554155
1744509600000,85241.9,85378,85128.2,85128.2,86.63258934
1744510500000,85127.1,85174.2,84716,84818.1,133.69384908
1744511400000,84818.1,85110.8,84790.1,85035.4,53.5619475
1744512300000,85035.4,85430.8,85006.1,85280,64.59536391
1744513200000,85280,85492,85250.1,85376.7,91.09453194
1744514100000,85376.7,85414.9,85224.1,85305.5,39.22878482
1744515000000,85305.5,85520,85303.7,85492.2,34.92308398
1744515900000,85492.8,85714,85380,85416.7,71.60914747
1744516800000,85416.7,85427.6,85033,85130,102.30076715
1744517700000,85127.3,85127.3,84826,85026,68.02708173
1744518600000,85026,85046.1,84638,84787.3,176.08388843
1744519500000,84787.3,84891.8,84500,84620.3,102.48163145
1744520400000,84620.2,84788,84467.5,84479.4,93.83698809
1744521300000,84480,84663.6,84470,84647.3,29.76879393
1744522200000,84647.3,84807.9,84580.4,84757.9,51.18907596
1744523100000,84752.2,84766.5,84376.4,84510.2,573.06553136
1744524000000,84510.2,84770.2,84436.1,84640,586.59584966
1744524900000,84640.1,84742,84525.7,84699.8,53.6474247
1744525800000,84698.5,84797.4,84688.6,84752,20.11243263
1744526700000,84752,84850.9,84605,84605,31.44287833
1744527600000,84605.1,84772.4,84605,84770.1,41.63353494
1744528500000,84770.1,84783.1,84656,84689.9,66.64079308
1744529400000,84689.8,84708.5,84451,84468,63.78532647
1744530300000,84467.9,84558,84408,84418,50.08633963
1744531200000,84417.9,84445.4,84265.7,84304.9,55.28349419
1744532100000,84304.9,84543.9,84296.6,84538,42.98507636
1744533000000,84538,84625.9,84487.1,84555.7,32.80060431
1744533900000,84555.8,84699.1,84533.4,84678,46.8075773
1744534800000,84678.1,84722,84578.3,84591.4,23.5443094
1744535700000,84591.5,84777.8,84497.1,84769,36.57288054
1744536600000,84769,84922,84691.4,84890,60.64654811
1744537500000,84890,84954.8,84799.9,84910.1,25.02000448
1744538400000,84910.1,84955.9,84722.7,84821.2,39.92695391
1744539300000,84821.2,84834.8,84555.8,84558.6,52.93711697
1744540200000,84556.4,84686.7,84504.7,84606.8,17.71116024
1744541100000,84606.8,84773.2,84596.8,84691.9,10.07976691
1744542000000,84692,84773.6,84654.8,84712,14.6638576
1744542900000,84711.9,84711.9,84312.1,84478.1,90.03259671
1744543800000,84476.1,84496.2,84336.5,84444.9,26.2323031
1744544700000,84445.4,84520.8,84204,84520.6,66.74126775
1744545600000,84520.6,84631.8,84376,84631.7,45.78865053
1744546500000,84631.7,84696.1,84242.6,84274.6,131.137136
1744547400000,84274.6,84489.8,84230.7,84370,51.96674117
1744548300000,84369.2,84466.6,84315.9,84457.1,34.58466962
1744549200000,84457.1,84608.1,84344.8,84553.6,426.05365829
1744550100000,84552,84579.3,84064.5,84079.4,220.15543472
1744551000000,84079.9,84182.3,83735.1,83749.9,176.21987368
1744551900000,83746.1,83870,83464.1,83565,799.52062473
1744552800000,83565,83894,83458,83764,209.5729209
1744553700000,83767.2,83886.9,83662.6,83850,57.35325543
1744554600000,83850,84148.8,83771.8,84019.9,85.36880963
1744555500000,84021.8,84127.4,83938.9,84085.1,56.25781278
1744556400000,84086,84086,83698,83801.8,70.31182563
1744557300000,83803.5,83919.2,83726.6,83796.4,17.84477799
1744558200000,83798.9,83923.8,83691.5,83733.3,58.82804914
1744559100000,83733.3,83870.5,83662.8,83850.8,19.54597998
1744560000000,83850.8,84222,83837.1,84078.1,101.97822186
1744560900000,84079.9,84428.5,84054.1,84292,168.04677858
1744561800000,84292,84366.6,84139.3,84166.6,110.87688895
1744562700000,84166.6,84266.6,84090.1,84221.7,17.59476629
1744563600000,84221.7,84543.9,84188.5,84539.9,64.01480683
1744564500000,84540,85024,84466.6,84723.8,185.53610683
1744565400000,84724.6,84892.4,84567.7,84846.1,69.76882689
1744566300000,84846,84933.3,84756.1,84756.1,52.59004509
1744567200000,84755.9,84899.9,84665,84785,38.40053493
1744568100000,84784.9,84784.9,84522,84559.8,57.97799453
1744569000000,84559.9,84950,84557.7,84886.1,65.36261209
1744569900000,84886,84899.9,84684.6,84728.2,24.8787256
1744570800000,84728.2,84728.2,84329.4,84529,50.15325559
1744571700000,84528.9,84528.9,84330.1,84483.9,63.22033962
1744572600000,84483.9,84566,83020.2,83516,307.78135789
1744573500000,83516.1,84145.3,83405.9,83983.3,133.21729891
1744574400000,83983.9,84436.7,83771.5,84200.1,74.11010838
1744575300000,84200.1,84381,84159.9,84183.6,14.06105303
1744576200000,84188,84203.5,83158.4,83411.2,140.17120611
1744577100000,83410,83618.4,83255.9,83502.9,58.82899131
1744578000000,83502.8,83502.8,83042.1,83359.7,83.33118832
1744578900000,83356.1,83733.2,83184.1,83681,49.40122147
1744579800000,83681,83818.1,83040,83267.3,115.58526833
1744580700000,83268.5,83796.7,83267.2,83603.8,50.14923277
1744581600000,83603.9,83872.1,83327.8,83356,163.21080533
1744582500000,83354,83523.9,83270,83441.3,66.11076875
1744583400000,83441.2,83508,83166.3,83285.8,59.09200167
1744584300000,83285.3,83508.5,83215.1,83329.9,30.81065436
1744585200000,83329.9,83612.5,83166.7,83560,53.54113144
1744586100000,83559.7,83690.9,83488.6,83621.5,23.21410527
1744587000000,83621.6,83679.4,83354.4,83465.9,18.33811161
1744587900000,83465.9,83847.9,83445.4,83760,37.29491839
1744588800000,83758.1,84205.5,83688.2,84147.4,52.82445141
1744589700000,84147.4,85172,84100.1,84772,247.50805169
1744590600000,84772,85059.3,84521.8,84776.5,97.86022594
1744591500000,84776.6,84821.9,84197.1,84329.4,98.27919843
1744592400000,84329.3,84655.6,84268.1,84425.5,79.41880375
1744593300000,84425.5,84561.8,84285.7,84550,55.87775589
1744594200000,84550,84685.6,84349.2,84469.1,39.5496207
1744595100000,84466.6,84500,84083.4,84230.2,54.87791458
1744596000000,84230.2,84438.4,84033.4,84383.8,44.27593617
1744596900000,84380,85028.5,84316.9,85024.1,75.80801105
1744597800000,85024.1,85534.4,84988,85291.4,243.61205496
1744598700000,85292,85500,85038.3,85115.5,147.32353027
1744599600000,85115.5,85132,84615.5,84769.9,186.34208566
1744600500000,84769.6,84866,84586.7,84679,94.91441898
1744601400000,84678.1,84793.4,84543.6,84668,55.03860782
1744602300000,84667.9,84718.2,84455.1,84569.3,60.64722302
1744603200000,84568.9,84693.8,84442.2,84462.3,35.65045213
1744604100000,84462.3,84851.3,84415,84813,48.59441402
1744605000000,84812.6,85010.8,84741.6,84995.4,46.63406481
1744605900000,84995.3,85106.8,84870.2,84877.4,27.88787869
1744606800000,84877.4,85000,84652.5,84663.9,113.78455551
1744607700000,84664,84766.5,84616.7,84698.2,26.63819386
1744608600000,84698.2,84755.3,84343.1,84372.8,51.68478315
1744609500000,84372.8,84586.2,84359.5,84579.1,29.47875127
1744610400000,84579.1,84593.7,84289.8,84434.1,62.79231422
1744611300000,84434.1,84540,84322,84352.7,25.10058907
1744612200000,84352.6,84584.9,84338.1,84551.7,33.55008887
1744613100000,84551.8,84657.9,84510.1,84636,75.38424629
1744614000000,84636,84796.7,84302.7,84310,116.80658821
1744614900000,84304,84558.2,84226.9,84486.7,53.15181059
1744615800000,84486.7,84599.9,84379.6,84436.1,56.24885402
1744616700000,84436,84637.6,84424,84586,23.30240556
1744617600000,84586.1,84807.9,84452.9,84530.1,60.77899503
1744618500000,84530,84659.8,84424.1,84616.8,49.73183533
1744619400000,84615.8,84881.3,84483.5,84828.2,63.55662968
1744620300000,84828.2,84962.6,84676.6,84766,83.06395778
1744621200000,84766,84914.2,84738.1,84867.8,50.3248639
1744622100000,84866.6,84875.7,84450,84500,40.46594414
1744623000000,84500,84544,84316.4,84377.9,47.75604544
1744623900000,84378.6,84478.3,84254,84449.2,67.40832935
1744624800000,84444.6,84619.5,84313.8,84410,39.45591358
1744625700000,84409.9,84679,84400,84639.1,71.27198023
1744626600000,84639.1,84799.9,84556,84796,45.03860515
1744627500000,84796.1,84824,84654,84672,125.65163942
1744628400000,84672,84840,84495.4,84806,361.91672218
1744629300000,84806.1,84900,84662,84846.1,46.23417377
1744630200000,84846.2,84968,84799.9,84826.2,33.6358421
1744631100000,84827.8,84941,84808.1,84929.8,42.74899314
1744632000000,84929.8,85031.9,84768,84772.1,62.42998293
1744632900000,84770.9,85044,84750,85033.9,62.32622131
1744633800000,85034,85225.5,84924,85146.2,67.79908373
1744634700000,85146.2,85236.7,85018.1,85133.6,35.34317354
1744635600000,85136,85280,84980.1,85094.1,41.48308994
1744636500000,85094.1,85270.7,84942.6,84942.6,44.8584471
1744637400000,84942.6,85051.9,84300,84420.8,194.36879597
1744638300000,84426,84676.6,84054.2,84376.1,159.14357848
1744639200000,84377.9,84650,84266.7,84528.3,307.49624391
1744640100000,84528.4,85116.6,84450,85092.8,220.02882422
1744641000000,85094,85677.7,84962,85520.7,388.3757766
1744641900000,85520.7,85808.1,85394.2,85415.3,159.05466091
1744642800000,85415.2,85462,84493.2,84557.3,304.29333825
1744643700000,84557.3,84852.7,84410.7,84551.6,82.39861753
1744644600000,84552,84796,83848,84254,342.68757475
1744645500000,84254,84289.9,83711,84102,788.57705762
1744646400000,84106.7,84398.9,83859.3,84084.1,162.5685702
1744647300000,84087.9,84509.6,84054.1,84229.9,154.38587544
1744648200000,84222.5,84673.4,84134.1,84673.4,98.49871815
1744649100000,84673.4,84676.6,84333.3,84341.3,45.03982909
1744650000000,84344.7,84670.4,84322.8,84421,242.99915487
1744650900000,84421,84628.2,84217.6,84524.9,101.5754607
1744651800000,84524,84629.1,84407.2,84605.5,23.7720374
1744652700000,84605.4,84894,84516.5,84867,58.11268607
1744653600000,84867.9,85065.9,84812,84928,95.3812909
1744654500000,84929.7,85000.5,84838,84892.6,52.14592801
1744655400000,84896.4,84961.9,84818.4,84894.6,51.38308758
1744656300000,84894.6,85011.9,84685.7,84977.5,60.25242454
1744657200000,84974.4,85206,84953.3,85062.7,72.09637327
1744658100000,85060,85123.9,84938.3,84962,63.36782698
1744659000000,84961.9,85142.2,84827.1,85020.2,64.2494457
1744659900000,85021.9,85043,84758,84900.2,123.99168355
1744660800000,84900.2,84959.9,84691.3,84795.5,64.17115749
1744661700000,84794.3,84842.3,84531.6,84633.3,33.96681485
1744662600000,84633.3,84710,84572.3,84669.7,24.38534899
1744663500000,84669.6,84929.7,84656.7,84843.9,28.83354012
1744664400000,84844,84923.5,84684.9,84918,155.77221541
1744665300000,84917.9,84963.9,84733.3,84766,11.68422141
1744666200000,84766.1,84766.1,84440.1,84595.7,56.58044806
1744667100000,84595.7,84753.9,84508.1,84699.4,22.9818579
1744668000000,84699.5,84733.3,84538.6,84569.9,40.33423656
1744668900000,84568.6,84619.7,84413.2,84475.2,53.3723157
1744669800000,84476.3,84685.7,84466.1,84621.6,20.41000505
1744670700000,84621.6,84630.1,84471.2,84493.3,14.44159276
1744671600000,84493.4,84666.6,84466.6,84610.7,12.55535012
1744672500000,84610.8,84774.6,84610.8,84641.1,29.98959779
1744673400000,84641.1,84733.2,84460.8,84462.6,16.01558368
1744674300000,84462.6,84587.8,84418.1,84586.6,14.1966453
1744675200000,84586.7,84682,84440,84450,40.4718817
1744676100000,84450,84633.3,84335.1,84587.9,29.1633226
1744677000000,84587.8,84876,84556.2,84781.7,40.60106596
1744677900000,84784.6,84950.9,84712,84918.1,52.24249901
1744678800000,84918.1,84946,84533.5,84676.6,22.89993658
1744679700000,84679.9,84933.9,84670.1,84922.8,18.52974804
1744680600000,84923,85124.8,84813.5,84999.9,53.27582862
1744681500000,85000,85090.6,84948.2,84975.5,32.55576293
1744682400000,84979.2,85150,84928,85143.9,50.50618582
1744683300000,85143.9,85183.5,84826.1,84858.1,48.40034148
1744684200000,84854.1,84894.2,84691.5,84858.1,39.46173994
1744685100000,84856.8,85300,84813.7,85222.5,51.78244641
1744686000000,85224.8,85316,85026.6,85138.6,101.72257055
1744686900000,85138,85320,85131,85239.7,60.40024851
1744687800000,85238.3,85416.6,85202,85294.1,107.58299445
1744688700000,85294.1,85404.5,85232.1,85380.6,39.65834485
1744689600000,85380.7,85476,85200,85272.6,71.85782646
1744690500000,85272.5,85399.9,85157.1,85166.6,26.50860313
1744691400000,85166.7,85324.5,85158.1,85323.7,32.56810781
1744692300000,85324.5,85527.8,85276.4,85486.3,67.8573879
1744693200000,85486.3,85668.4,85477.4,85649.9,156.28494812
1744694100000,85650,85739.3,85544.8,85546.2,103.05258699
1744695000000,85546.3,85879.9,85520.1,85790,101.81305918
1744695900000,85791.8,85811.9,85539,85539.1,45.22392922
1744696800000,85539.1,85691.9,85445.2,85494.6,75.57463702
1744697700000,85498.7,85554,85369.6,85535.4,63.34434891
1744698600000,85535.5,85677.9,85468.1,85493.9,42.33777644
1744699500000,85493.9,85498.5,85354,85387.1,25.50127764
1744700400000,85387,85619.5,85384.1,85527.7,38.46568911
1744701300000,85527.6,85779.9,85527.6,85695.5,95.64304849
1744702200000,85695.4,85741.7,85624.1,85682.4,59.27967326
1744703100000,85682.4,85734,85621.6,85732.9,72.59499578
1744704000000,85732.9,85913.2,85650.1,85854,172.79743746
1744704900000,85854,85979.7,85826.3,85829.6,109.61307347
1744705800000,85829.6,85886,85738.1,85871.9,36.85233942
1744706700000,85871.9,85922.8,85753.5,85833,74.72029486
1744707600000,85833,85946.4,85750.1,85873.9,36.50120001
1744708500000,85873.9,85959.9,85854.3,85856.1,58.20265864
1744709400000,85856.1,85867,85591.4,85754.1,181.314039
1744710300000,85754.1,85988,85694.1,85987.9,149.55540195
1744711200000,85987.9,86000,85761,85781.6,79.86834094
1744712100000,85782,85796.8,85662.1,85757.8,63.54044986
1744713000000,85757.9,85775,85488.8,85508.6,135.39195099
1744713900000,85506.9,85689.9,85450,85636.5,53.13213495
1744714800000,85636.5,85659.8,85430.1,85484.7,75.65324573
1744715700000,85484.8,85565.3,85334.5,85565,46.09248607
1744716600000,85565,85636.2,85496.2,85530.1,39.41766105
1744717500000,85530,85589.9,85392.3,85582.2,32.91908295
1744718400000,85584,85759.9,85544.1,85684,67.32043547
1744719300000,85684,85759.5,85447.1,85495.9,43.21886715
1744720200000,85492.4,85613.2,85440.1,85555.3,27.80134143
1744721100000,85555.3,85822,85500,85820,49.71452909
1744722000000,85815.4,85876.4,85700,85788.4,104.3828776
1744722900000,85788.3,85853,85595.1,85840,68.91160026
1744723800000,85841.5,86110,85600,86046.8,226.68824209
1744724700000,86046.2,86460,85500.6,85572.6,489.60482491
1744725600000,85578,85966.5,85395.4,85752.2,412.21741918
1744726500000,85750.1,85867.9,84840,84955.9,352.74544133
1744727400000,84955.9,85292.6,84868.1,85225.9,182.94767119
1744728300000,85226,85327.9,85045.4,85139.2,83.70450467
1744729200000,85139.3,85272.4,85012.1,85245.1,81.34906473
1744730100000,85247.9,85383.5,85167.9,85214,51.89965463
1744731000000,85214.1,85257.8,84852.8,84867.9,106.99184338
1744731900000,84867.9,84933.2,84625.1,84915.7,87.81110062
1744732800000,84917.7,85121.7,84876.4,84988,92.26932292
1744733700000,84989.7,85142.8,84862.6,85010.4,32.57770199
1744734600000,85010.3,85052.5,84854.6,84994.9,20.10588883
1744735500000,84994.8,85039.8,84777,84854.9,39.24873943
1744736400000,84855,84996.2,84774,84996.2,40.26707986
1744737300000,84998,85007.9,84711,84736.1,28.08932075
1744738200000,84737.8,84848.6,84687.9,84782.1,25.77170741
1744739100000,84782.1,84839.4,84406.9,84482.8,146.51919781
1744740000000,84482.7,84602.2,84386.3,84456.6,80.31724069
1744740900000,84456.6,84458.3,84150,84316.6,157.80861859
1744741800000,84317.1,84450.2,84287,84450,22.75595618
1744742700000,84450.2,84500,84180.1,84184.1,58.86420874
1744743600000,84184.1,84208,84031,84099.6,121.74747129
1744744500000,84099.6,84218.6,84035,84073.9,87.48543598
1744745400000,84073.9,84099.8,84020.9,84040,103.45286897
1744746300000,84039.9,84124.9,83900,83970.5,291.70816256
1744747200000,83970.6,84170.4,83888,84151,138.31882512
1744748100000,84151,84186.3,83933.3,84003.3,62.79580002
1744749000000,84003.4,84125,83955.7,83977.3,61.35407654
1744749900000,83975.5,84014.9,83800,84000.3,99.90538101
1744750800000,84003.4,84095.2,83856.8,83987.8,87.28233575
1744751700000,83987.7,84081.5,83856.5,84051.5,30.84914815
1744752600000,84051.6,84228.4,84051.5,84107.9,59.47986217
1744753500000,84107.9,84220,84047.3,84166.9,35.82607243
1744754400000,84166.9,84166.9,83850,83903,112.93075154
1744755300000,83904.6,83968.5,83817.4,83925.3,50.70086207
1744756200000,83925.7,84056.7,83894.1,83974.5,41.11753445
1744757100000,83974.4,83986.1,83680.5,83832.1,75.86165823
1744758000000,83832.1,83859.8,83613.3,83736.3,45.87069417
1744758900000,83736.4,83832,83653.6,83747.5,32.67763892
1744759800000,83748,83803.7,83603.2,83637.8,88.35577739
1744760700000,83637.4,83711.8,83613.2,83650.7,46.93497119
1744761600000,83650.6,83708.8,83301.1,83320.8,78.91789127
1744762500000,83320.8,83530.7,83222,83500.2,53.45332764
1744763400000,83500.9,83597.2,83330.8,83380.7,62.10713105
1744764300000,83380.7,83400.9,83128,83138.2,99.84944651
1744765200000,83138.1,83483.8,83107.6,83297.6,96.44651263
1744766100000,83291.9,83599.9,83267.4,83505.5,114.45342902
1744767000000,83505.4,83508.1,83304.3,83410.3,55.73141669
1744767900000,83412.8,83659.5,83392.6,83638.8,58.72363028
1744768800000,83632.1,83831.1,83578.8,83796.6,104.16191398
1744769700000,83796.6,83867,83650.1,83850,54.29941608
1744770600000,83848.3,83919.9,83710.5,83722.7,41.24269528
1744771500000,83722.6,83915.9,83710.9,83888.4,31.40109315
1744772400000,83888.5,83948.2,83788.4,83918,51.53740054
1744773300000,83918,83933.8,83781.7,83781.7,39.01601551
1744774200000,83781.7,83810,83670,83706.1,39.97825682
1744775100000,83707.7,83738.9,83650,83679.9,17.12457079
1744776000000,83679.9,83790.5,83623.5,83691,35.05500129
1744776900000,83690.9,83690.9,83500.9,83568.7,36.41398867
1744777800000,83568.7,83639.3,83438,83469.8,49.51906659
1744778700000,83464.6,83592.4,83400.1,83584.6,28.63118936
1744779600000,83584.6,83779.4,83536.2,83749.3,27.39197278
1744780500000,83749.3,83814.9,83225,83389.8,145.2958773
1744781400000,83389.4,83473.4,83216.7,83458.2,65.6825366
1744782300000,83457.3,83515.3,83355.2,83364.1,35.53307825
1744783200000,83364,83484.9,83267.3,83484.9,54.33993374
1744784100000,83484.9,83607.5,83472.2,83476.4,36.0112443
1744785000000,83475,83636.5,83467.3,83584.4,31.52640079
1744785900000,83583.4,83724.9,83576,83642.3,44.36567979
1744786800000,83642.3,83740,83523.9,83558.5,87.16642766
1744787700000,83558.4,83558.5,83337,83386.1,82.72651721
1744788600000,83386,83477.8,83337,83450.7,50.90436014
1744789500000,83451.7,83455.8,83314.5,83364.1,84.4692749
1744790400000,83364.1,83391.4,83135.2,83170,97.67276604
1744791300000,83168.6,83740,83131,83590.4,97.7625108
1744792200000,83590.5,84111.2,83590.5,83891,185.63532408
1744793100000,83891,83921,83625.4,83736.5,62.12103522
1744794000000,83737.5,83893.7,83685.5,83839.9,43.45738598
1744794900000,83840,83933.3,83733.3,83790.5,24.84189785
1744795800000,83790.5,83815.7,83718,83727.3,22.67760617
1744796700000,83726.5,83761,83591.9,83591.9,28.08917421
1744797600000,83591.8,83767.2,83567.1,83752,32.44076212
1744798500000,83751.9,83939.3,83721.5,83897.4,20.35758839
1744799400000,83896.6,83958.2,83837.8,83878.9,26.83997476
1744800300000,83878.9,83984,83877.5,83934,18.70611752
1744801200000,83934,84059.9,83883.1,83979.9,39.97465668
1744802100000,83979.9,84078,83822.6,83871.9,32.1900776
1744803000000,83871.9,84007.8,83771,83980.5,40.14421068
1744803900000,83982.2,84118.5,83982.2,84044.8,50.17199848
1744804800000,84045.4,84119.9,83978.1,83991.1,32.21325891
1744805700000,83991.2,84260,83991.2,84171,70.997861
1744806600000,84171.1,84205.9,83900,83920,45.26869736
1744807500000,83914.4,83915.9,83720,83746.1,48.95806334
1744808400000,83746.2,83799.6,83681.9,83729.9,19.59382647
1744809300000,83729.3,83780,83600.5,83720.9,34.38785232
1744810200000,83721,84194,83500.3,84031.6,189.91647036
1744811100000,84031.6,84069.5,83582,83722.7,119.3831895
1744812000000,83720.4,84185.9,83700.1,83985.6,107.35758346
1744812900000,83984.4,84459.4,83900,84359.9,144.10266293
1744813800000,84359.9,84718,84257.5,84672.8,143.41333066
1744814700000,84672,84846.7,84473.1,84596,113.64852071
1744815600000,84595.3,84850,84500,84767.5,137.26138961
1744816500000,84767.5,85280.5,84681.9,85095.4,291.17281715
1744817400000,85097.9,85177.9,84857.2,84970,89.52700881
1744818300000,84970,85016,84774.5,84849.5,52.00645403
1744819200000,84849.9,85110,84848.7,84989.8,49.15038799
1744820100000,84989.9,85087.1,84714.2,84846.9,45.69893548
1744821000000,84847,84954.4,84691.3,84880.6,89.08855714
1744821900000,84880.6,85227.2,84837.4,85046,111.31315307
1744822800000,85045.9,85259.2,85018.1,85153.6,35.87494695
1744823700000,85153.5,85477.9,85151.8,85303.3,65.62691083
1744824600000,85303.3,85550,84300,84356,286.36317312
1744825500000,84356,84359.9,83276.6,83292,356.57027119
1744826400000,83291.9,84286,83278.2,84272.5,238.55896053
1744827300000,84275.9,84485.4,83751.5,84388.1,129.78479824
1744828200000,84388,84400,83610.8,83744,80.41312304
1744829100000,83740,84149.9,83670,84030,53.30392636
1744830000000,84030,84224.9,83866.7,84188.7,45.22158412
1744830900000,84189.6,84228.8,83803.6,83839.3,33.59047453
1744831800000,83839.4,84184,83833.3,84128.1,39.87688574
1744832700000,84128.2,84488.9,84108.2,84338.2,143.51883434
1744833600000,84336.4,84476,84266.7,84390,20.64951263
1744834500000,84391.5,84620.2,84366.6,84592.2,24.0068115
1744835400000,84599.7,84656.8,84367,84407.8,18.44081915
1744836300000,84407.8,84466.6,84240.1,84298.7,33.89350669
1744837200000,84299.3,84499.9,84257.3,84451.8,33.74505421
1744838100000,84451.8,84683,84411.7,84575.7,28.4762848
1744839000000,84575.7,84629.2,84400.4,84472.6,21.76248935
1744839900000,84472.9,84676,84472.9,84555.9,16.99171441
1744840800000,84556,84601.3,84400,84400,22.53749203
1744841700000,84400.1,84454.1,84316,84366,27.76129745
1744842600000,84365.9,84530.1,84303,84483.9,27.41455773
1744843500000,84484,84519.9,84412.9,84458.3,13.83547873
1744844400000,84458.3,84497.7,84277.2,84310.1,22.87383957
1744845300000,84310,84346.9,84241,84241,27.75320824
1744846200000,84241,84244,84066.7,84131.5,44.75968847
1744847100000,84131.4,84187.9,84024.1,84029.7,36.60159862
1744848000000,84029.8,84133.9,83952,83971.4,50.78621272
1744848900000,83972.5,84081.7,83937.2,84022,40.12506851
1744849800000,84022.6,84194.3,83990.5,84059.3,27.47672431
1744850700000,84059.3,84221.4,84024.3,84216.6,15.26209416
1744851600000,84216.5,84312.5,84120.1,84294,33.72665492
1744852500000,84294,84382,84240.6,84373.3,26.6289687
1744853400000,84373.2,84496.3,84281,84320.2,19.45524682
1744854300000,84320.2,84359.6,84181.3,84339.4,21.71993655
1744855200000,84339.4,84339.4,84127.2,84140.1,20.0084465
1744856100000,84141.5,84207.1,84056.1,84190.7,17.89879061
1744857000000,84190.7,84240,84028.4,84110.9,21.73062499
1744857900000,84110.9,84287.4,84105.1,84264.2,13.31417965
1744858800000,84264.3,84298,84118.9,84139.9,32.17822118
1744859700000,84139.9,84150,83800,83819.8,91.13429082
1744860600000,83819.8,83983.3,83819.8,83880.4,47.54212029
1744861500000,83880.5,84034.4,83819.1,83998,40.62184429
1744862400000,83998,84006.1,83899.9,83899.9,23.30398869
1744863300000,83899.9,84006.5,83895.7,83964,43.29277974
1744864200000,83964.1,84033.3,83960.2,84009.3,18.4034254
1744865100000,84010,84183.9,84009.9,84154,38.5931303
1744866000000,84154,84266,84087.6,84220.9,46.54749579
1744866900000,84220.8,84352,84206,84277.4,69.63239713
1744867800000,84277.4,84450,84275.6,84395.6,45.26935989
1744868700000,84395.6,84488,84358.2,84383.7,78.53447319
1744869600000,84383.8,84480,84300.1,84418.7,95.99669744
1744870500000,84418.7,84643.3,84351.7,84594.7,79.50856188
1744871400000,84594.7,84820.2,84588,84748.3,135.7898052
1744872300000,84748.3,84866,84693.3,84772.1,65.96638757
1744873200000,84772.2,84850,84633.1,84665.9,100.98037266
1744874100000,84665.9,84952,84630,84920,68.41897321
1744875000000,84921.9,85050,84688.1,84711.8,93.99179354
1744875900000,84711.8,84798,84590.9,84667.2,46.65427068
1744876800000,84667.1,84764.3,84641.5,84694.1,35.32989144
1744877700000,84694.1,84694.1,84536.5,84580.1,39.00308491
1744878600000,84580.1,84638.3,84561.8,84572.3,23.40259582
1744879500000,84572.4,84593.8,84400,84443.3,42.10309539
1744880400000,84443.4,84473.9,84354.5,84458,48.41542144
1744881300000,84458,84458,84354.6,84354.6,24.04162075
1744882200000,84354.7,84524,84350.7,84509.9,41.9637509
1744883100000,84509.2,84527,84421.1,84475.8,26.63740863
1744884000000,84475.9,84509.9,84228.9,84229,40.72870905
1744884900000,84229,84349.2,84177.7,84348.6,31.97182732
1744885800000,84348.9,84393.3,84288.6,84315.3,16.73375602
1744886700000,84315.4,84375.4,84277.3,84375.4,21.49694177
1744887600000,84375.4,84493.5,84272.6,84297.9,27.98290972
1744888500000,84297.9,84448,84280.4,84446.7,25.68836727
1744889400000,84446.7,84728.8,84400,84671.9,50.57740864
1744890300000,84672,84763.9,84560.3,84572,45.02745208
1744891200000,84572.1,84840,84572.1,84718.7,90.85235089
1744892100000,84718.8,84869,84689.5,84827.2,43.13625452
1744893000000,84827.3,84865,84699.9,84802.2,48.53793547
1744893900000,84802,84861.3,84750,84772.4,40.07951577
1744894800000,84772.5,84780.5,84582.1,84634.5,52.35249919
1744895700000,84634.5,84650,84452.1,84637,44.49186592
1744896600000,84637,84698,84314.8,84555.2,114.39133513
1744897500000,84555.2,84618,84384,84475.9,33.78319708
1744898400000,84475.9,84477.7,84066.6,84166.2,132.7148042
1744899300000,84166.6,84211.9,83976.8,84035.2,105.73514608
1744900200000,84035.3,84144.4,83722,84141.8,227.54160778
1744901100000,84142,84217.9,84041.4,84093.2,79.490263
1744902000000,84093.2,84691.5,84093.2,84592,153.09257581
1744902900000,84594,84660.4,84376.2,84412,65.8082078
1744903800000,84412,84698,84410,84606.9,42.28539576
1744904700000,84606.9,84694.4,84486.1,84544.6,37.05246864
1744905600000,84544.7,84803.4,84409,84621.9,376.68947744
1744906500000,84622,84974.4,84600,84952.3,314.26665978
1744907400000,84952.2,85111,84764.7,84783.9,366.07457425
1744908300000,84780.1,84984.2,84740.8,84941.8,60.87573232
1744909200000,84941.9,85066.5,84804.1,84988,64.52982592
1744910100000,84988,85093.6,84788.2,85014,68.3565253
1744911000000,85014,85181.2,84960,85056.1,120.3743621
1744911900000,85056,85200,85012.5,85114.1,154.74067874
1744912800000,85116.8,85322.2,85069.5,85284,192.67228231
1744913700000,85284,85489,85226,85280,235.32258307
1744914600000,85280,85456.2,85280,85384.1,73.50717943
1744915500000,85384.1,85411.8,84908.6,84910,149.46461796
1744916400000,84911,85134.7,84901.5,84954.8,56.63803789
1744917300000,84954.9,84982.4,84665.2,84710,104.51531471
1744918200000,84712.6,84812.8,84493.5,84746.1,112.65443263
1744919100000,84746.2,84944.6,84655.4,84849.9,111.67077542
1744920000000,84849.3,85121.7,84849.3,85035.1,25.51322858
1744920900000,85035,85087.7,84922,85012.1,19.80997323
1744921800000,85012.1,85099.9,84866.7,84985.6,46.6910856
1744922700000,84985.7,85148.4,84957.5,85141.7,28.10061335
1744923600000,85141.8,85142.1,84942.8,84950.5,20.45798931
1744924500000,84950.6,85055.1,84896,84896.1,11.44384541
1744925400000,84896.1,84994.4,84896,84986.1,11.20536577
1744926300000,84986.1,85117.9,84976.2,85058.1,18.41784078
1744927200000,85058.1,85105,84948.8,85048,12.25252805
1744928100000,85048.1,85100,84991.5,85015.3,86.89774298
1744929000000,85015.3,85024,84878.6,84932,30.0124404
1744929900000,84931.9,84931.9,84726,84726.1,20.72459688
1744930800000,84726.1,84932,84726.1,84931.9,9.37790337
1744931700000,84931.9,84995.5,84875.9,84970,41.58983602
1744932600000,84970.1,85039.4,84914.1,84923.8,95.56760141
1744933500000,84923.8,84956.5,84879.7,84955,26.13570978
1744934400000,84955.1,85021.8,84862.5,84954,36.37408478
1744935300000,84953.9,84973.9,84833.4,84875.1,15.91691594
1744936200000,84875.5,84897.2,84793.8,84803.9,18.62694211
1744937100000,84803.9,84848,84724.9,84818.4,35.72108176
1744938000000,84818.4,85030,84818.4,85018,32.14690825
1744938900000,85018.1,85138,84958.1,85137.9,32.3828979
1744939800000,85137.9,85137.9,84927.7,84966.2,15.23138366
1744940700000,84966.1,85043.8,84912,84931.9,10.99980279
1744941600000,84931.9,84956,84823.6,84835.2,13.63590293
1744942500000,84836.5,84970.3,84816,84970.2,15.76346881
1744943400000,84970.2,84970.2,84856.8,84923.5,31.85533153
1744944300000,84923.5,84993,84895.7,84900,13.66445558
1744945200000,84900.1,84914.6,84780.1,84807.7,40.02377221
1744946100000,84807.8,84874.9,84742,84766.5,32.3601158
1744947000000,84766.5,84849.9,84746.3,84838,14.2193078
1744947900000,84837.9,84847.5,84790,84838,6.66973795
1744948800000,84838,84852.3,84656.2,84656.3,12.09194885
1744949700000,84656.2,84708,84600,84708,25.56355208
1744950600000,84708,84727.3,84670.1,84686.3,19.95082515
1744951500000,84686.3,84743.2,84644.3,84668.1,27.22593108
1744952400000,84668,84676,84551.1,84589.4,44.48612493
1744953300000,84589.5,84648.9,84520,84572.2,36.35781139
1744954200000,84572.3,84678.7,84533.3,84664.7,19.7589779
1744955100000,84664.7,84745.5,84644,84741.9,19.65887551
1744956000000,84741.9,84788.9,84670,84757.4,23.74293808
1744956900000,84757.4,84767,84670.4,84695.4,13.35769831
1744957800000,84695.3,84695.3,84589.2,84632.2,49.94418123
1744958700000,84632.1,84737.9,84618.5,84719.8,63.27135999
1744959600000,84719.8,84736,84592.3,84621.5,47.41921295
1744960500000,84621.5,84678,84409,84510,112.65741226
1744961400000,84509.9,84620.2,84464.1,84613.2,54.45785548
1744962300000,84613.2,84666.6,84582.4,84666.1,28.77161195
1744963200000,84666.1,84760,84660,84756.9,28.05704339
1744964100000,84756.8,84774.5,84691.5,84752.1,20.98309441
1744965000000,84752,84770,84656.1,84762,22.99765118
1744965900000,84762,84762,84606.1,84653.2,19.25572848
1744966800000,84653.3,84654,84554.5,84566.8,13.82075711
1744967700000,84566.8,84647.4,84540,84569.2,25.43081121
1744968600000,84569.2,84588.8,84522.1,84586.6,7.17317204
1744969500000,84586.5,84646.4,84534.5,84553.6,10.40785846
1744970400000,84553.7,84579.8,84493.8,84549.2,24.70336158
1744971300000,84549.2,84662.1,84534,84636.1,13.06028719
1744972200000,84636.1,84640.6,84537.2,84565.9,9.51729148
1744973100000,84566,84590.2,84513.3,84532.7,16.41672852
1744974000000,84532.7,84608.5,84476.1,84594.8,11.67246246
1744974900000,84594.8,84622.5,84506.1,84533.5,9.91757295
1744975800000,84533.5,84629.9,84510,84609.4,23.06260641
1744976700000,84609.3,84679.5,84578.1,84670.1,12.13484735
1744977600000,84670.1,84714.2,84602.3,84614.1,14.47944163
1744978500000,84614,84673.8,84571.5,84673.8,14.70278201
1744979400000,84673.9,84771.9,84673.9,84705,23.72218657
1744980300000,84704.9,84715.3,84624,84647.2,14.70194285
1744981200000,84647.2,84647.2,84515.9,84548,22.3044291
1744982100000,84548,84594.9,84516.7,84549.9,48.0186045
1744983000000,84549.9,84617,84478.2,84501.8,56.37374899
1744983900000,84501.7,84598,84481,84568.9,57.30774005
1744984800000,84568.9,84621.3,84480,84518,72.2122701
1744985700000,84518,84518,84382.1,84462.1,59.89423746
1744986600000,84462.1,84588.4,84423.7,84561.9,17.69022097
1744987500000,84561.9,84589.7,84519.8,84585.9,13.27566631
1744988400000,84586,84615.3,84444.7,84493.8,19.32070243
1744989300000,84493.8,84517,84356.2,84367.9,39.94129036
1744990200000,84367.8,84437.6,84335,84388.1,27.28143947
1744991100000,84388.1,84453.2,84352.6,84375.2,27.34540692
1744992000000,84375.2,84469.2,84300,84431.5,26.07103522
1744992900000,84431.6,84554,84431.6,84486.1,24.39118707
1744993800000,84486,84542.8,84474.3,84483.2,14.01791878
1744994700000,84483.3,84495.1,84431.5,84484.8,7.1949576
1744995600000,84484.8,84508.6,84432.1,84498.9,18.68194025
1744996500000,84498.9,84525.5,84388.1,84431.3,8.06508241
1744997400000,84431.3,84600,84418,84548.5,19.9780632
1744998300000,84548.6,84594,84516.4,84572.3,9.49796123
1744999200000,84572.4,84613.4,84507.1,84593.8,10.70224978
1745000100000,84593.8,84662.3,84586.1,84624.3,23.15264502
1745001000000,84624.2,84634.1,84573,84627.6,10.94657114
1745001900000,84627.7,84645.9,84586,84622,10.30202935
1745002800000,84622.1,84628.7,84559.2,84596,7.04154028
1745003700000,84596.1,84646.9,84585.3,84626.5,9.34299689
1745004600000,84626.4,84626.4,84518.2,84568.7,6.48253943
1745005500000,84568.6,84570.9,84520.3,84570.9,9.21864916
1745006400000,84571,84633.3,84481.1,84519.3,15.80831643
1745007300000,84519.2,84556.3,84481.5,84535.3,8.73428332
1745008200000,84535.3,84548,84468,84479.7,5.30036448
1745009100000,84479.8,84526.5,84468,84512.1,10.12383855
1745010000000,84512.1,84525.7,84484.3,84524,12.82016855
1745010900000,84524,84529.6,84503.9,84519.4,9.74775954
1745011800000,84519.4,84690.3,84519.4,84662.5,34.50313825
1745012700000,84662.5,84662.6,84548.6,84632.2,19.35312224
1745013600000,84633.3,84649.9,84513.6,84514.7,19.36951113
1745014500000,84514.8,84519.2,84425.8,84483.3,18.16329764
1745015400000,84483.3,84532,84483.3,84524.9,21.02039145
1745016300000,84525,84546,84524,84533.6,33.91754962
1745017200000,84533.7,84533.7,84348,84409.5,97.66000547
1745018100000,84409.5,84452.5,84351.6,84444.2,16.52834695
1745019000000,84444.2,84493.9,84407.4,84493.9,19.81878091
1745019900000,84493.9,84494,84433.7,84468.6,13.05762456
1745020800000,84468.6,84493.9,84370,84421.9,20.82589319
1745021700000,84421.9,84447.7,84370,84370,13.20071898
1745022600000,84370,84454.9,84370,84443.4,11.05354237
1745023500000,84443.4,84483.2,84413.1,84438.2,12.51504718
1745024400000,84438.3,84570,84424,84560,29.96697072
1745025300000,84560.1,84590.1,84500,84574.3,12.12027992
1745026200000,84574.3,84600,84501.5,84501.5,11.23830614
1745027100000,84501.5,84565,84500,84545.8,17.00555239
1745028000000,84545.8,84824.5,84500,84661.9,37.05768455
1745028900000,84662,84774,84628,84738.6,36.88874972
1745029800000,84738.7,84757.5,84605,84670.2,34.8575015
1745030700000,84670.3,84820,84670.2,84784,26.37010379
1745031600000,84784,84950,84784,84867.4,85.80814825
1745032500000,84867.4,84950,84862.2,84884.9,16.44392107
1745033400000,84884.9,85000,84736,84769.5,645.15243259
1745034300000,84769.5,84931.9,84769.5,84881.1,32.81046335
1745035200000,84881.2,84996.8,84881.2,84959.7,39.75783466
1745036100000,84959.8,85090,84954.7,85076.2,78.39242657
1745037000000,85076.3,85268.5,85076.3,85212.3,82.41739379
1745037900000,85212.3,85220,84999.9,85023.9,41.16654144
1745038800000,85024,85120,85022.3,85047.6,48.90482507
1745039700000,85047.5,85183.7,84993,85180.4,31.95220514
1745040600000,85180.5,85180.5,85110.2,85118.4,9.60712698
1745041500000,85118.4,85123.9,85058.3,85075.1,24.74597802
1745042400000,85075.2,85103,84956,85003.2,35.30631254
1745043300000,85003.2,85044,85003.2,85011.7,15.4756866
1745044200000,85011.8,85013.7,84900,84900,19.81069645
1745045100000,84900.1,84936.2,84887.8,84918.1,15.18502223
1745046000000,84918,84985,84918,84981.3,41.21600373
1745046900000,84981.4,85218.4,84981.3,85159.8,59.63472419
1745047800000,85159.9,85266.6,85115,85226.1,49.04487381
1745048700000,85226.2,85243.3,85181.1,85217.8,42.94141706
1745049600000,85217.9,85251.5,85134.3,85134.4,36.00957972
1745050500000,85134.3,85236,85109.8,85223.5,21.73311843
1745051400000,85223.6,85398,85175.2,85330,53.10860399
1745052300000,85329.9,85391.1,85302.7,85319.6,51.02080065
1745053200000,85318.1,85445.4,85268,85412,62.52792807
1745054100000,85410.8,85439.7,85323.8,85323.8,54.97053234
1745055000000,85323.8,85465,85222.9,85401.2,437.56372791
1745055900000,85401.1,85437.3,85326.8,85342.2,35.85553016
1745056800000,85342.3,85355.8,85254.9,85282.3,23.28214081
1745057700000,85282.3,85299.8,85176.1,85207.6,33.11899132
1745058600000,85207.5,85242.9,85164.3,85231.4,20.47553015
1745059500000,85231.4,85267.6,85200,85260,13.29655497
1745060400000,85260,85289,85204,85206.9,15.57820681
1745061300000,85207,85231.2,85130.4,85182.7,13.59940633
1745062200000,85182.8,85230.2,85130,85222.1,21.72598235
1745063100000,85222.1,85230.3,85168.6,85225.9,12.98289417
1745064000000,85226,85304,85225.9,85270,10.30301285
1745064900000,85270,85314,85205,85312.1,11.68382921
1745065800000,85312.1,85329,85302.9,85306,14.42011591
1745066700000,85306.1,85324.7,85228.8,85294.1,15.00851251
1745067600000,85294.1,85342,85203.4,85341.9,11.82928293
1745068500000,85342,85458,85256.3,85410,288.47719414
1745069400000,85410.4,85422,85309.8,85393.9,17.70413165
1745070300000,85393.9,85506.5,85368.5,85485,69.12384511
1745071200000,85485.1,85505,85412.3,85420.1,22.24146868
1745072100000,85420.1,85490,85378.9,85466,23.48920392
1745073000000,85466,85504.5,85374,85374.5,16.28239632
1745073900000,85374.5,85428,85363.6,85409.8,11.38107694
1745074800000,85409.9,85466.1,85360,85427.8,18.51292106
1745075700000,85427.8,85541.5,85315.4,85499.9,56.36737547
1745076600000,85499.8,85661,85200.5,85271.8,151.38815619
1745077500000,85271.8,85300,85076,85190,61.2475236
1745078400000,85190,85329.9,85168,85236.2,50.83364133
1745079300000,85235.6,85318.4,85135,85135.1,23.73143615
1745080200000,85135,85135,85003.3,85012.1,60.00960077
1745081100000,85012.1,85020.3,84713.2,84854.2,138.9064368
1745082000000,84854.3,84972.8,84835.6,84959.9,15.9256558
1745082900000,84960,85064.1,84960,85036.2,8.84810037
1745083800000,85036.2,85190.9,84988.6,85077.6,28.29524129
1745084700000,85077.7,85257,85018.1,85237.5,27.05761547
1745085600000,85237.5,85310.4,85162,85265.1,11.04847425
1745086500000,85265.1,85283.3,85195.4,85250.7,8.20332058
1745087400000,85251.2,85323.5,85200.1,85219,12.07714829
1745088300000,85219,85219.1,85135.9,85147.3,11.73210025
1745089200000,85147.4,85212.7,85050.1,85171,12.0980347
1745090100000,85171.1,85173.4,85110.4,85170.1,11.35901768
1745091000000,85170,85170,85100.8,85118.9,9.0197564
1745091900000,85118.8,85137.3,85055.7,85096.1,6.25111472
1745092800000,85096.2,85132.7,85018.5,85093,7.89325056
1745093700000,85093,85212,85087.6,85211.9,9.75496596
1745094600000,85212,85271.8,85211.9,85269.9,4.32212918
1745095500000,85269.8,85269.9,85188.7,85196.4,2.95911608
1745096400000,85196.3,85342.9,85183.7,85322.1,19.46698756
1745097300000,85324.5,85376.6,85286.4,85286.4,14.69753648
1745098200000,85286.4,85360.8,85249.3,85322.1,9.16847612
1745099100000,85322.1,85380,85274.1,85350,5.93067757
1745100000000,85350,85350,85288.9,85299.9,7.88609007
1745100900000,85300,85301.5,85224.3,85243.2,5.78062631
1745101800000,85242,85368,85236.6,85246,16.29831821
1745102700000,85246,85266,85218.4,85265.9,4.62565645
1745103600000,85266,85266,85179.5,85179.5,4.75793179
1745104500000,85179.6,85200.1,85105.1,85119.2,13.9495998
1745105400000,85119.2,85187.8,85114,85130.9,8.81867749
1745106300000,85130,85155,85070,85087.8,12.09472105
1745107200000,85087.9,85205.7,85039.9,85205.7,32.43369096
1745108100000,85205.7,85237.5,85153,85189.3,15.91148926
1745109000000,85189.7,85231.8,85118.2,85120,9.85873654
1745109900000,85120,85198,85092,85165.9,7.63042089
1745110800000,85166,85287.3,85145.7,85258.2,10.49092291
1745111700000,85257.9,85350.1,85253.1,85272.6,153.82579195
1745112600000,85272.6,85315.9,85216,85264.3,15.54250354
1745113500000,85264.4,85327.4,85242.9,85322.9,6.44131873
1745114400000,85323,85333.2,85245.6,85265.4,29.71327675
1745115300000,85265.5,85290.6,85210,85230,15.71696018
1745116200000,85230.1,85297.5,85212,85282,5.48215333
1745117100000,85282,85286.8,85208,85237.9,10.61891304
1745118000000,85238,85275.4,85200,85208,7.48757994
1745118900000,85208.1,85232.7,85182.3,85212.3,37.99965617
1745119800000,85212.3,85218.7,85133.3,85133.3,13.91183716
1745120700000,85133.3,85183.2,85116.1,85172,10.77647863
1745121600000,85172,85172.1,85088.6,85161.8,66.90378658
1745122500000,85161.8,85226,85121.2,85206.5,11.26304731
1745123400000,85206.5,85248.4,85171.1,85240.9,28.38075741
1745124300000,85241,85251.2,85184.1,85184.1,6.14123309
1745125200000,85184.1,85204.7,85159.5,85180.3,5.26704052
1745126100000,85180.4,85198.9,85161.2,85162.3,8.95706747
1745127000000,85162.4,85162.4,85125.6,85125.6,8.21115043
1745127900000,85125.6,85162,85090,85090.1,20.25553091
1745128800000,85090.1,85170.7,85086,85128.7,6.5114869
1745129700000,85128.7,85149.9,85070,85081,27.2621125
1745130600000,85080.9,85123.2,84926.9,84975.9,39.77686169
1745131500000,84976,84977.7,84855.4,84958,71.69886008
1745132400000,84958,84958,84719.9,84894,593.30588898
1745133300000,84894,84906.2,84720,84740.5,515.62803233
1745134200000,84740.5,84778.8,84645.9,84740.4,622.56405316
1745135100000,84740.3,84863,84703,84790.2,332.39663559
1745136000000,84790.2,84790.2,84722,84782.7,40.58845278
1745136900000,84783.1,84796.3,84646,84673.8,32.03656501
1745137800000,84673.8,84700,84634.1,84673.7,15.9410552
1745138700000,84673.6,84689.3,84615,84649.8,22.78088105
1745139600000,84649.9,84650,84600,84619.9,33.34909745
1745140500000,84619.9,84620,84579.1,84582.8,49.15419794
1745141400000,84582.7,84635.9,84473.1,84488,368.63499019
1745142300000,84488.1,84549.6,84440,84531.4,80.92804963
1745143200000,84531.4,84531.4,84428,84431.8,29.66655004
1745144100000,84431,84476.4,84388.6,84393,84.43793979
1745145000000,84393,84446.5,84158,84240.1,167.73767067
1745145900000,84242.1,84242.1,84000,84179.9,227.5721641
1745146800000,84179.9,84261,84090.1,84226.7,55.19975651
1745147700000,84226.1,84226.8,84000,84032.8,48.60475409
1745148600000,84032.7,84153.9,83941.7,84038.8,73.28880752
1745149500000,84038.9,84137.8,83978.3,84128.4,90.56717784
1745150400000,84128.4,84331.8,84100.1,84304,85.74235336
1745151300000,84303.9,84396,84263.2,84395.7,49.01353595
1745152200000,84395.7,84480.1,84318.1,84357.5,48.33434793
1745153100000,84357.5,84370,84301,84368,23.13875809
1745154000000,84368,84391.1,84200.5,84232.6,33.17746873
1745154900000,84232.7,84344.4,84148.1,84340.1,37.97538937
1745155800000,84340,84459.9,84262.9,84409.5,38.17446069
1745156700000,84408,84448.5,84288.9,84289,162.05193628
1745157600000,84289,84689,84216.9,84562.2,690.62763138
1745158500000,84562.2,84562.3,84462,84556.4,46.04221894
1745159400000,84558,84648,84550,84552.1,34.70971201
1745160300000,84552.2,84651.9,84518.1,84629.9,16.89713556
1745161200000,84630,84630,84465.7,84527.9,27.06989465
1745162100000,84528,84553.2,84328,84378.6,119.00020628
1745163000000,84378,84481.9,84356.1,84481.8,19.32661602
1745163900000,84481.8,84481.9,84300,84345.4,19.63589153
1745164800000,84345.4,84441.1,84259.4,84441.1,37.73169326
1745165700000,84441,84614.1,84392.7,84538.1,47.01457369
1745166600000,84538,84578,84482.5,84524.1,33.05667667
1745167500000,84524,84636,84524,84607.6,40.4779299
1745168400000,84607.7,84616.6,84497.3,84498,10.74796001
1745169300000,84498,84523.1,84450,84486.8,7.7165949
1745170200000,84486.7,84512,84451.6,84511.9,5.40369169
1745171100000,84512,84620,84511.9,84578,10.98241617
1745172000000,84578,84614.7,84550,84599.8,12.58006839
1745172900000,84599.9,84633.3,84551.3,84562.4,4.03509395
1745173800000,84562.5,84586.9,84484.3,84509.7,7.12021406
1745174700000,84509.7,84583.9,84466.6,84572.3,5.29006602
1745175600000,84572.3,84590.4,84520.2,84522.1,4.42665697
1745176500000,84522.1,84598.2,84522.1,84551.8,6.01033122
1745177400000,84551.7,84596.2,84551.7,84564.6,4.85039769
1745178300000,84564.6,84665,84564.6,84648.5,7.2437475
1745179200000,84648.6,84963.9,84620,84932,141.19340634
1745180100000,84932.1,85222,84880.1,85116,167.21222064
1745181000000,85116.1,85236.7,85015.4,85161.9,57.76872375
1745181900000,85161.9,85257,85047.5,85131.4,37.86552048
1745182800000,85131.5,85250.5,84958.2,84958.2,39.97151271
1745183700000,84958.2,85033.9,84904.5,84993.3,19.97456043
1745184600000,84993.8,85197.5,84993.8,85074.3,20.996004
1745185500000,85074.2,85133.3,84948.3,85007.8,12.93668953
1745186400000,85007.7,85033,84800,84888.1,33.69949902
1745187300000,84888.2,84909.6,84674.6,84715.9,28.73929128
1745188200000,84716,84807.9,84674.1,84798.9,24.96792001
1745189100000,84798.7,84845.4,84762.1,84834,16.02176161
1745190000000,84833.9,85110.8,84833.9,85110.6,41.39557853
1745190900000,85110.7,85300,85066.6,85088.8,111.02402429
1745191800000,85087.7,85159.9,84988.8,85118.7,49.75459075
1745192700000,85118.8,85210.7,85043.9,85183.7,41.63344051
1745193600000,85183.8,85368,85143.4,85333.2,110.61757165
1745194500000,85333.3,86342,85333.3,86214,731.75527106
1745195400000,86213.9,86824.2,86213.9,86670.2,554.64680503
1745196300000,86673.9,87022.1,86547.5,86638,769.95464245
1745197200000,86634.9,87280,86634.9,86968.7,393.32690651
1745198100000,86968.6,87184,86827.9,87103.9,139.82500422
1745199000000,87103.9,87433,87075,87274.1,187.97063979
1745199900000,87274.1,87445.3,87167.7,87294,215.07290254
1745200800000,87294,87424.5,87150,87279.7,115.4974047
1745201700000,87279.6,87654.3,87224.1,87374.5,132.04791539
1745202600000,87374.6,87508,87099.7,87171.1,116.45989397
1745203500000,87171.2,87405,87154.5,87351.9,88.63740369
1745204400000,87352,87622,87352,87419.5,86.69457112
1745205300000,87419.4,87515.9,87363.6,87384,77.18936863
1745206200000,87384,87450,87224,87248,42.2675926
1745207100000,87246.8,87325.9,87167.7,87202,29.11985287
1745208000000,87202.1,87333,87174.2,87255.8,51.33948904
1745208900000,87254.3,87254.3,87106.3,87113.4,47.26621224
1745209800000,87112.7,87308.7,87050,87254.5,37.53927225
1745210700000,87254.5,87399.8,87222.1,87358.5,34.33698715
1745211600000,87358.6,87498,87334.1,87370,51.15325982
1745212500000,87369.9,87465,87369.9,87455.9,48.55833415
1745213400000,87456,87504.3,87344,87459.5,74.39575003
1745214300000,87459.4,87738,87459.4,87549.9,131.02702536
1745215200000,87550,87698.5,87468,87487.1,57.69759439
1745216100000,87487,87585.9,87439.6,87497.1,49.56511894
1745217000000,87497.1,87520.1,87363.5,87407.4,43.33114646
1745217900000,87407.3,87548,87407.3,87511.8,26.10654248
1745218800000,87511.8,87608.6,87432.9,87476,85.96782544
1745219700000,87476.1,87486.3,87338,87415.9,137.25320663
1745220600000,87415.9,87548.4,87415.9,87538.4,95.51759716
1745221500000,87538.4,87580,87425,87436.1,105.31603639
1745222400000,87436.1,87619.6,87414.2,87519.9,61.97554173
1745223300000,87520,87712.3,87457.8,87630,37.55662616
1745224200000,87631.8,87651.7,87566.1,87579.9,33.87044347
1745225100000,87580,87663.3,87554,87571.7,36.15849465
1745226000000,87571.7,87789.2,87525.1,87543.6,51.5919038
1745226900000,87543.6,87560,87308.7,87343.4,75.30820437
1745227800000,87343.4,87440,87300.3,87394,74.06359172
1745228700000,87394,87518.8,87390.6,87500,37.60466928
1745229600000,87500,87570,87360.8,87410.3,59.10433868
1745230500000,87410.2,87430.4,87269.2,87293.3,49.65045186
1745231400000,87293.4,87313.9,87250.1,87259.5,40.71170211
1745232300000,87259.5,87394,87255.7,87342.8,24.9023463
1745233200000,87342,87351.3,87117.2,87144.3,43.38197595
1745234100000,87144.3,87144.3,86637.6,86812.1,163.56604247
1745235000000,86812.1,86922,86760.1,86921.9,85.85869236
1745235900000,86921.9,87000,86888.5,86972.9,43.97320964
1745236800000,86972.8,87436.6,86962.3,87326,81.88574579
1745237700000,87325.9,87533.2,87264.8,87316.7,58.24804434
1745238600000,87316.7,87389.1,87138,87173.7,19.44239148
1745239500000,87173.8,87230,87012.9,87034,92.94531455
1745240400000,87034,87093.1,86779.7,86931,141.76503933
1745241300000,86931.1,87244,86832.2,87243.9,191.70805753
1745242200000,87244,87578,86924.1,87441.2,208.40075465
1745243100000,87441.2,87518,87030.1,87035.6,106.66523344
1745244000000,87030,87681.4,86937.6,87673.9,178.22280057
1745244900000,87673.9,88436.1,87535.4,88374,633.01552183
1745245800000,88380,88466,88030.7,88129.3,424.67750455
1745246700000,88130,88232,87802.3,88207.8,205.27205652
1745247600000,88204.2,88288,87852.1,87869.9,191.63274349
1745248500000,87870,88326.1,87857.8,88231.3,475.10978883
1745249400000,88231.3,88332.9,88136.6,88155.9,114.86257834
1745250300000,88156,88166.6,87911.3,88042.5,115.29821598
1745251200000,88042.6,88260,87900,88123.3,112.38279958
1745252100000,88121.1,88164.3,87676.4,87764,120.57400033
1745253000000,87764,87926,87573.2,87588.1,119.23530369
1745253900000,87588.1,87601.8,87056.6,87194.9,361.6998239
1745254800000,87192.5,87192.5,86400,86861.6,660.98245891
1745255700000,86861.7,87312.2,86755.8,87153.9,172.01779393
1745256600000,87153.9,87271.9,86956.8,86961.9,92.37879027
1745257500000,86961.8,87083,86709.5,86862.7,222.23349548
1745258400000,86862.7,87000,86646.3,86933.7,117.8452543
1745259300000,86933.6,87056.7,86804,86890.8,99.06878803
1745260200000,86890.8,87041.1,86833.4,86939.3,64.17002228
1745261100000,86939.3,86970,86800,86800,58.20645725
1745262000000,86799.9,87135.9,86711.3,87050.1,112.92503261
1745262900000,87050.1,87300,87012.4,87283,58.38583963
1745263800000,87284.7,87440,87233.3,87252.5,93.61732331
1745264700000,87250.7,87492,87226.8,87410.2,152.41178115
1745265600000,87410.3,87439.7,87204.4,87209.9,33.37399019
1745266500000,87206.1,87234,87151.8,87160,50.08707451
1745267400000,87164.2,87266,87141.9,87231.5,25.26362824
1745268300000,87231.9,87366.3,87200,87366.3,19.32359144
1745269200000,87366.3,87388,87162.3,87167.9,14.53661573
1745270100000,87167.9,87259.3,87146.6,87187.1,11.91478939
1745271000000,87187.1,87276,86875.9,87189.3,46.24911752
1745271900000,87189.3,87343.8,87189.3,87265.7,18.88117455
1745272800000,87264.8,87284.8,86961.9,87099.9,41.84987579
1745273700000,87099.9,87106.6,86923.1,86985.8,35.89456024
1745274600000,86988.9,87092.7,86986.1,87074.1,17.41035903
1745275500000,87077.6,87180.2,87058.5,87163.9,58.04153767
1745276400000,87163.9,87216,87014.2,87214.5,51.75401578
1745277300000,87214.6,87349.9,87200,87344,35.7126478
1745278200000,87344.1,87351.9,87187.8,87268.3,31.85919529
1745279100000,87268.3,87624.9,87236.6,87516.1,53.80697807
1745280000000,87512.1,87699.9,87444,87512.6,102.97531455
1745280900000,87512.8,87663.3,87479.6,87594.5,48.9786749
1745281800000,87593.9,87593.9,87062.8,87386.5,90.88356336
1745282700000,87386.6,87726,87215.6,87698.2,61.76681599
1745283600000,87698.1,87833.4,87508.5,87766.6,108.00909808
1745284500000,87766.6,88878,87755.8,88398,541.78687289
1745285400000,88398,88552,88250,88463.8,125.87161689
1745286300000,88460.1,88526.5,88300.1,88390,74.47218286
1745287200000,88389.8,88679,88341.5,88358,105.29380482
1745288100000,88358,88358.1,88006,88071.8,57.27249351
1745289000000,88071.8,88211.4,87943.7,87947.9,81.10400941
1745289900000,87947.9,88281.9,87904.7,88177.7,176.93037506
1745290800000,88177.7,88263.4,87833.4,87904.2,283.32182027
1745291700000,87904.2,88174.6,87884.3,88142,41.58644031
1745292600000,88142,88280,88070.9,88248,30.99607626
1745293500000,88248,88265.7,88074.1,88159.1,49.08974115
1745294400000,88156.8,88370,88149,88219.3,35.31778598
1745295300000,88219.3,88320,88170,88277.3,27.56092365
1745296200000,88277.6,88319.9,88208.1,88273,39.19911331
1745297100000,88273,88295.6,88045.5,88063.4,30.27320575
1745298000000,88063.3,88182.2,87965.5,87969.6,48.46019078
1745298900000,87969.6,88140,87966,88140,31.82251207
1745299800000,88140.2,88356,88119.8,88288,59.98329729
1745300700000,88288,88411.9,88262.9,88387.9,32.49534045
1745301600000,88388,88456,88144.1,88162.1,81.76267137
1745302500000,88160.8,88273.2,88067.7,88092,43.37213671
1745303400000,88092,88136,87991.1,88061.9,34.36864205
1745304300000,88061.9,88239.9,88014,88239.8,29.99729556
1745305200000,88239.9,88268.8,88158.4,88164.9,48.28992308
1745306100000,88164.9,88330.5,88146.5,88285.7,59.65031164
1745307000000,88285.7,88487.9,88285.7,88457.2,83.31628469
1745307900000,88455.3,88490,88368,88481.2,62.34220856
1745308800000,88481.2,88644.9,88441.9,88544.1,135.37891236
1745309700000,88544.1,88688,88375.6,88403.8,54.13254872
1745310600000,88403.7,88499.3,88335.5,88369.3,55.33152368
1745311500000,88369.4,88430,88320.2,88410.7,23.17233879
1745312400000,88410.8,88512.4,88306.4,88344.2,62.60920598
1745313300000,88344.1,88534.9,88312.2,88533.6,45.62871815
1745314200000,88533.6,88551,88460,88516.2,23.41228459
1745315100000,88516.3,88609.9,88486,88576.7,47.35345815
1745316000000,88576.7,88599.7,88480.1,88597.8,84.65361401
1745316900000,88597.7,88597.8,88245,88327.4,52.49836151
1745317800000,88327.4,88571.4,88310,88524.3,42.39826616
1745318700000,88524.2,88556,88461.1,88513.3,16.21547573
1745319600000,88513.3,88597.7,88476.8,88523.4,27.315042
1745320500000,88524,88679.9,88524,88632.1,38.3207058
1745321400000,88632.1,88666,88474.6,88495.9,50.3094822
1745322300000,88495.9,88698,88495.9,88615.9,75.00150379
1745323200000,88615.5,88689.9,88531,88642,71.2470543
1745324100000,88642.1,88796.1,88606.5,88790,53.65238852
1745325000000,88790,88921.5,88480,88707.9,203.72054501
1745325900000,88707.9,89234,88657.6,88986,247.66527481
1745326800000,88986,89696.9,88940,89680.1,422.1802065
1745327700000,89680,89880,89468.9,89619.8,424.54342923
1745328600000,89619.7,90193.9,89387.4,90165.9,810.20224538
1745329500000,90166,90500,89902.3,90240,510.40663659
1745330400000,90240,90473.6,90032,90473.5,218.1281525
1745331300000,90473.5,90544.8,90180.1,90240.8,152.35565311
1745332200000,90242,90840,90108.4,90693.4,268.02099511
1745333100000,90698.3,90946.6,90600.1,90789,188.20375046
1745334000000,90789,91400.1,90727.5,91361.2,604.68715133
1745334900000,91361.1,91427.2,90908.2,90928.9,413.52034835
1745335800000,90929.9,90983.4,90369.8,90440,398.97967448
1745336700000,90438.1,90932.4,90406.2,90925.9,270.74135214
1745337600000,90926,91040,90701.4,90799.9,247.87114093
1745338500000,90799.9,90833.3,90612,90666.6,145.31593181
1745339400000,90666.5,90800.5,90620.1,90794.1,102.81060964
1745340300000,90794.1,90843.9,90636.1,90678.1,132.04025071
1745341200000,90677.5,91024,90676.9,90824.1,117.06123459
1745342100000,90824,90949.3,90660,90932.4,101.09705546
1745343000000,90932.3,91372.8,90914,91287.1,155.09883906
1745343900000,91287.2,91480,91192.3,91386.3,91.74513771
1745344800000,91386.2,91666,91170.9,91202,187.05436643
1745345700000,91201.9,91343.9,91130.1,91181.1,121.14503764
1745346600000,91181.1,91443.4,91136.1,91441.4,62.2027231
1745347500000,91439.5,91515.8,91284.4,91496.3,54.16672897
1745348400000,91496.4,91698.6,91475.2,91540.8,67.49299012
1745349300000,91540.8,91641.7,91442.3,91635.8,63.46981074
1745350200000,91635.7,91659.2,90903.5,91204.1,159.09597356
1745351100000,91204,91516.5,91160,91420,229.30716872
1745352000000,91419.2,91514.5,91273,91290.2,146.50846575
1745352900000,91290.3,91375.8,91152.6,91233.9,55.73737784
1745353800000,91233.9,91263.3,91120.7,91192,24.4759741
1745354700000,91192,91198,91057,91097.5,21.88512784
1745355600000,91097.5,91324.9,91049.5,91216,37.09170741
1745356500000,91216,91943,91216,91419.9,220.30239343
1745357400000,91419.9,91649.2,91117.8,91649.2,106.42068147
1745358300000,91649.1,94086.3,91645.9,93039.9,1491.06359868
1745359200000,93039.9,93327.5,92544.8,92869.2,244.06338366
1745360100000,92869.4,93096.4,92739.2,92907.4,89.52519708
1745361000000,92907.3,93058.3,92630,92750.2,160.24884472
1745361900000,92750.2,92890.1,92630.1,92795.8,76.7624009
1745362800000,92795.7,93239.9,92795.7,93164.3,78.03803182
1745363700000,93164.4,93741.5,92898.7,93607.7,183.92785254
1745364600000,93607.7,93866.6,93433.4,93520.9,146.91431522
1745365500000,93521,93677.9,93369.2,93447.9,79.28666035
1745366400000,93448,93798.6,93390,93483.4,101.78626295
1745367300000,93483.4,93899,93253.1,93310,133.85752882
1745368200000,93314,93414.3,93114,93122.1,143.47501796
1745369100000,93122,93219.6,92786.6,92912,197.76890343
1745370000000,92912.1,93512.3,92857,93220.7,124.22380965
1745370900000,93222.9,93349.9,93110.6,93290,68.24328784
1745371800000,93288.7,93291.9,92930,93015.9,70.23027549
1745372700000,93015.9,93087.9,92602,92647.9,136.72924947
1745373600000,92647.9,92912.7,92624,92912.7,154.60115863
1745374500000,92912.6,93272.6,92870.1,93012,107.41045759
1745375400000,93014,93021,92800,92880.1,76.38403474
1745376300000,92883,93036.6,92830.3,92882.1,98.33799047
1745377200000,92882.1,92882.1,92700,92725.8,53.86258329
1745378100000,92725.8,92939.9,92705.9,92930,30.92916421
1745379000000,92932.1,93116.4,92833.9,93033.6,54.20195734
1745379900000,93037.9,93234,93006.1,93176.1,72.21202559
1745380800000,93176.2,93277.1,93077,93165.7,67.96839321
1745381700000,93165.8,93220,93022,93075.2,54.98884437
1745382600000,93075.3,93222.3,93075.3,93166.4,69.87706732
1745383500000,93166.4,93686,93149.5,93663.4,232.04135957
1745384400000,93663.3,93663.3,93395.1,93445.8,111.82894171
1745385300000,93445.8,93479.2,93345.9,93406.3,41.18942175
1745386200000,93406.3,93514,93288,93335.4,71.93366775
1745387100000,93335.5,93580,93310.3,93493.7,76.56735942
1745388000000,93493.7,93778.2,93428.2,93726.1,85.75758234
1745388900000,93726.2,93876,93614.9,93737,107.63962632
1745389800000,93737,93829.6,93600.4,93644,165.15433629
1745390700000,93644,93743.1,93583.3,93636.8,67.81519081
1745391600000,93636.8,93818.7,93506,93523.6,130.85546684
1745392500000,93523.7,93597.6,93490.7,93557.9,74.55096218
1745393400000,93558,93950,93551.7,93703.5,157.92862964
1745394300000,93703.5,94299.9,93703,94144,251.85580902
1745395200000,94144,94433.6,93911,94383.7,236.06026383
1745396100000,94383.8,94500,94111.1,94224.8,214.40096786
1745397000000,94224.9,94288,94114,94278,85.87743585
1745397900000,94277.9,94428,94188.1,94275,57.1237286
1745398800000,94275.1,94390,94233.5,94310.3,53.8958952
1745399700000,94310.3,94313.9,94138,94138.1,73.42858914
1745400600000,94138.1,94201,93969.2,94051.8,112.7929136
1745401500000,94050.1,94127.9,93888.9,93890.3,85.44853584
1745402400000,93890.4,93898,93332.4,93425.9,270.81501585
1745403300000,93425.9,93690,93390.5,93643.3,137.29385844
1745404200000,93643.3,93700.3,93516.9,93574.6,36.94835286
1745405100000,93574.6,93749.7,93511.1,93736,44.95848163
1745406000000,93735.8,93768,93604.8,93639.8,66.34454083
1745406900000,93639.8,93796.1,93608.2,93611.8,41.07282964
1745407800000,93611.8,93627.6,93440.2,93473.9,60.63176443
1745408700000,93473.9,93532.3,93330.6,93473.9,58.02654256
1745409600000,93473.8,93846.6,93426,93779.5,79.59073847
1745410500000,93779.5,93799.9,93628.3,93725.9,47.98445265
1745411400000,93722,93859.7,93603,93630,48.66198239
1745412300000,93630,93788.8,93630,93740,54.56117502
1745413200000,93739.9,94016.6,93686,93966,84.98689482
1745414100000,93966.1,94164,93888,94000,78.65107288
1745415000000,93999.9,94779.6,93377.6,93449.8,737.25007581
1745415900000,93448,94019,92870.4,93025,309.35450285
1745416800000,93027.6,93658.3,92870.1,93301.6,347.52879837
1745417700000,93301.7,93326,92666.6,93134,170.13609341
1745418600000,93133.9,93257.3,92767.1,93192,150.30893154
1745419500000,93192.1,93212.4,92901.1,92937.5,42.84855744
1745420400000,92937,92937,92550,92607.5,197.38746849
1745421300000,92610,92654.5,91935.8,92159.7,487.53516181
1745422200000,92160,92800,92020,92587.3,262.39702338
1745423100000,92587.2,93233,92550.1,93188.5,221.20095026
1745424000000,93188.5,93341,92984,93144.9,109.16637377
1745424900000,93144.9,93379.9,92903.2,93368,118.93293135
1745425800000,93368.1,93760.6,93300,93530.6,103.80876867
1745426700000,93530.6,93760.7,93526,93630.8,61.76897979
1745427600000,93630,93944.6,93442.6,93862.4,122.53252728
1745428500000,93862.5,93931.9,93717.6,93769.6,55.10472073
1745429400000,93769.7,93887.2,93583.4,93781.6,46.04911336
1745430300000,93781.7,93990.6,93700.1,93889,60.71450455
1745431200000,93889,94212.1,93836,94048,106.80167175
1745432100000,94050,94200,93890.9,93905.5,30.93109171
1745433000000,93905.4,93967.6,93691.3,93691.3,53.26550802
1745433900000,93691.4,93763.1,93613.7,93613.7,38.52336174
1745434800000,93613.4,93614.2,93266.8,93266.8,100.20642293
1745435700000,93266.6,93390.2,92950.4,92995.1,82.23036381
1745436600000,92995.1,93415.4,92957.4,93403.9,48.51747333
1745437500000,93404,93611.4,93359.3,93490.1,82.2576016
1745438400000,93490,93636.2,93459.4,93636.1,37.10039673
1745439300000,93636.2,93866.5,93636.2,93733.2,49.67814272
1745440200000,93729.9,93855.3,93659.3,93679.7,43.75021714
1745441100000,93679.6,93737.9,93580.4,93626.1,31.66097631
1745442000000,93626,93910.8,93566.1,93841.7,76.35431923
1745442900000,93841.8,93866.5,93701.8,93735.6,19.64874995
1745443800000,93735.7,93790,93362.4,93502.3,35.91456806
1745444700000,93502.3,93638,93267.5,93479.9,30.36676146
1745445600000,93480,93514.6,93223.2,93271.3,46.89193217
1745446500000,93271.4,93476.5,93271.4,93413.9,57.64086485
1745447400000,93414,93713.9,93397.5,93713.9,30.79611174
1745448300000,93713.8,93786.8,93704.3,93785,25.16008574
1745449200000,93785,93840,93688,93798.1,35.40560981
1745450100000,93798.2,93820,93661,93696.1,31.70388239
1745451000000,93696.1,93696.1,93538,93574.4,12.03547507
1745451900000,93574.4,93687.4,93511.7,93676.1,19.39964227
1745452800000,93676,93773.1,93374.3,93429.7,67.48790115
1745453700000,93429.7,93635.1,93270,93306,35.42533248
1745454600000,93306,93640.8,93236.8,93624.7,44.39537761
1745455500000,93624.7,93637.9,93347.5,93364.1,33.16604696
1745456400000,93364.2,93457.2,93176,93240,39.40954411
1745457300000,93240.1,93289.8,93074,93288.9,67.35460363
1745458200000,93289,93481,93289,93456.4,36.26433115
1745459100000,93456.5,93619.8,93309.7,93490.3,36.41564418
1745460000000,93490.3,93615.9,93338.9,93600.4,70.70578303
1745460900000,93600.4,93646.8,93427.4,93517.8,28.82504354
1745461800000,93517.9,93543.7,93218.9,93249.9,53.52320796
1745462700000,93250,93310,93036.6,93105,68.86079814
1745463600000,93105,93327.8,93096,93139,51.29489539
1745464500000,93139,93292.4,93139,93291.9,40.18400055
1745465400000,93291.9,93291.9,92837.3,92839.2,79.86147593
1745466300000,92839.2,92999.9,92627.3,92659.2,122.41744246
1745467200000,92659.3,92828.1,92375,92663.9,133.07079281
1745468100000,92664,92822.2,92434.4,92727.9,248.25853514
1745469000000,92727.9,92820.9,92540,92630.5,45.96505465
1745469900000,92630.5,92777.9,92576,92750,30.64115507
1745470800000,92750,92897,92749.9,92866.3,35.84942796
1745471700000,92866.2,92894,92520.1,92603.1,47.93919311
1745472600000,92603.1,92740.8,92587.9,92651.9,24.20280735
1745473500000,92651.9,92735.9,92554.1,92583.9,36.75800293
1745474400000,92583.9,92634,92442.2,92510,30.03392049
1745475300000,92510,92655.1,92250,92633.9,101.31170875
1745476200000,92633.9,92666,92381.1,92391.8,49.32855427
1745477100000,92391.8,92547.5,92318.7,92389.8,54.01067715
1745478000000,92389.9,92614.3,92300.1,92614,70.52543831
1745478900000,92613.9,92638,92285,92380.1,71.63325909
1745479800000,92380.1,92466.6,92162.9,92258.2,98.19343149
1745480700000,92258.1,92266.8,92089.8,92198.9,73.57004278
1745481600000,92198.8,92356.4,92091.2,92098.9,68.84289235
1745482500000,92098.9,92194.5,91871.1,91877.6,129.48408611
1745483400000,91877.6,92192,91731.5,91868.8,909.10855685
1745484300000,91868.8,92072,91662.9,92019.9,161.89275937
1745485200000,92020,92294,91975.7,92278.2,125.32527107
1745486100000,92278.2,92549.3,92271.1,92389.1,95.22710431
1745487000000,92389,92580,92327.3,92350.1,61.04217607
1745487900000,92350,92490,92226.8,92467.6,78.40518476
1745488800000,92467.6,92526.2,92363.9,92421.4,62.43017379
1745489700000,92421.4,92612,92420.9,92560,49.83866673
1745490600000,92560.1,92648.7,92412.8,92635.1,71.60175716
1745491500000,92635.1,92665.5,92465,92552.8,54.78372179
1745492400000,92552.8,92572,92313,92359.9,101.82355655
1745493300000,92359.9,92450,92280,92446.2,38.17019869
1745494200000,92446.1,92580.4,92292,92466.9,111.43663053
1745495100000,92466.9,92644,92466.9,92623.2,45.47947058
1745496000000,92623.3,92679.9,92434.5,92612,50.38569475
1745496900000,92612,92723.7,92514,92593.3,61.52050043
1745497800000,92593.4,92808,92524,92671.3,66.44095448
1745498700000,92674,92780.3,92600,92774,38.76630202
1745499600000,92774,92825.3,92658.1,92743.2,63.25737518
1745500500000,92743.3,92833,92721.2,92742.3,35.96808366
1745501400000,92742.2,92975.2,92561.6,92827.5,157.47227522
1745502300000,92827.5,92899.9,92552.5,92814.1,83.74277737
1745503200000,92814,93247.2,92661.1,92800.5,251.98093981
1745504100000,92800.1,92968,92621.3,92821.2,106.57605004
1745505000000,92823.9,93159.9,92816.6,93138.1,92.01128908
1745505900000,93138.1,93408.8,92966.1,93094,97.21909356
1745506800000,93094,93471.5,93009.7,93301.2,61.75117135
1745507700000,93301.9,93422,93121.4,93137.3,58.98155507
1745508600000,93137.4,93349.6,93067,93258,76.01063408
1745509500000,93256.3,93339,93149.1,93205.8,101.13805675
1745510400000,93205.8,93468.9,93204.2,93468.9,97.88143686
1745511300000,93468.8,93546,93386.9,93526,161.80143975
1745512200000,93525.9,93597.2,93460.1,93513.1,76.1178875
1745513100000,93513.2,93566.5,93341.8,93341.8,60.38374515
1745514000000,93341.8,93438.1,92942,92942,100.53165285
1745514900000,92941.9,93099.9,92758,93028,84.23683372
1745515800000,93026.7,93091.9,92696.3,92766,46.53398616
1745516700000,92765.9,93020.5,92670.1,93005.7,40.95542239
1745517600000,93005.7,93350,92992.8,93323.9,41.30378241
1745518500000,93323.9,93400,93180.9,93223.7,46.01335491
1745519400000,93223.7,93313.6,93170.1,93277.6,37.99879053
1745520300000,93278,93466.6,93254.6,93378,31.78149467
1745521200000,93378.1,93452.6,93197.8,93235.1,47.32670549
1745522100000,93235.1,93520.6,93215.8,93488.4,64.18784495
1745523000000,93490,93605.2,93482.7,93585.4,67.2442565
1745523900000,93582.1,93670.2,93493.7,93563,103.20637511
1745524800000,93560.1,93649.9,93450,93450,101.25557145
1745525700000,93450,93465.9,93320,93447,20.96943824
1745526600000,93447,93459.7,93308.1,93419.6,25.52727415
1745527500000,93419.1,93551.7,93384.6,93395.4,48.98956139
1745528400000,93395.3,93570,93350.1,93546,16.84276386
1745529300000,93546.1,93569.9,93026,93175.9,42.07216337
1745530200000,93175.9,93400,93138,93219.2,30.5641302
1745531100000,93219.2,93359.9,93219.2,93359.9,15.95842123
1745532000000,93360,93538.1,93282.8,93504,25.8255279
1745532900000,93503.9,93559.7,93436.9,93532,21.91444566
1745533800000,93532.1,93588.9,93432.8,93442,33.81961243
1745534700000,93442,93462,93301.2,93435.7,50.48808403
1745535600000,93435.8,93537.9,93366.7,93516.7,47.07477354
1745536500000,93517.9,93702.8,93440,93674.1,89.25286541
1745537400000,93674.1,93998,93642.8,93891.9,262.6428864
1745538300000,93892,93974,93805.9,93973.9,47.61017328
1745539200000,93974,93998,93622.5,93694.7,117.90183338
1745540100000,93694.6,93736,93518.1,93649.4,41.68780365
1745541000000,93649.4,93912.5,93600,93897.4,32.27823662
1745541900000,93897.4,93912.5,93765.3,93905.2,22.66911897
1745542800000,93905.2,94433.3,93850,94175.9,215.57749022
1745543700000,94175.9,94238,93638.1,93686.4,165.15928575
1745544600000,93684.9,93822.9,93601.2,93792.2,57.02708953
1745545500000,93792.2,93869.6,93640,93664.3,81.36098248
1745546400000,93664.3,93878.9,93555,93555,114.02534182
1745547300000,93555.1,93564,93153.5,93327.2,170.74613683
1745548200000,93327.3,93333.4,93060.1,93249.7,89.00247636
1745549100000,93249.6,93325.2,92881.5,92981.9,146.27188364
1745550000000,92981.9,93152,92842,93114.2,66.03149572
1745550900000,93114.2,93203.9,92920.1,93126,108.21432882
1745551800000,93126,93380,93116.2,93309.8,73.26525832
1745552700000,93309.8,93390,93276.1,93316,36.004126
1745553600000,93316.1,93499.3,93258.9,93476.7,61.01806496
1745554500000,93476.6,93483.9,93219.5,93224.4,41.78409775
1745555400000,93224.4,93246.2,93070,93193.5,50.94700222
1745556300000,93193.5,93207.8,93036.5,93054.5,19.10817185
1745557200000,93054.5,93362.4,93010.1,93347.3,202.92030948
1745558100000,93347.4,93437,93310,93401.9,187.39946561
1745559000000,93402,93423.5,93256.3,93278.1,73.0006902
1745559900000,93280,93335.3,93204,93211.8,12.9065315
1745560800000,93211.9,93413.2,93202,93337.2,48.71577055
1745561700000,93337.2,93452.7,93210.2,93433.7,24.64889077
1745562600000,93433.7,93595.7,93433.7,93550.1,139.04227915
1745563500000,93550.1,93621.9,93454.1,93546.1,54.02119585
1745564400000,93546.1,93787.8,93546.1,93588.7,176.88721481
1745565300000,93588.7,93657.9,93497,93500.6,136.73362162
1745566200000,93500.7,93699.3,93483.1,93680.3,233.09057782
1745567100000,93680.3,93874.7,93548,93773.5,238.38737607
1745568000000,93773.5,93896,93617.2,93639.3,46.09708288
1745568900000,93639.2,93810,93612.6,93795.8,73.0686762
1745569800000,93795.9,93809.9,93670,93686.7,46.44627341
1745570700000,93686.6,93742,93637.9,93681.9,41.27727932
1745571600000,93681.9,93681.9,93560,93659.9,62.69829736
1745572500000,93659.8,93659.8,93536.9,93645.1,22.89955543
1745573400000,93645.2,93860,93632.8,93708.6,58.17838192
1745574300000,93710,93868,93666.6,93825.4,62.40110588
1745575200000,93825.4,93869.3,93693.8,93757.5,42.50165794
1745576100000,93757.5,93981.9,93660.1,93687.9,54.71646196
1745577000000,93687.9,93742,93600,93671.8,45.66927084
1745577900000,93671.9,93750,93573.1,93637.6,25.96388014
1745578800000,93638,94015.9,93638,94015.9,90.20707106
1745579700000,94015.9,94200,93948.1,94184,123.94754232
1745580600000,94183.9,94287.7,94065.3,94235.7,209.12361076
1745581500000,94235.7,94640.8,94217.7,94625,200.97846615
1745582400000,94627.8,94992.8,94500,94801,296.37666496
1745583300000,94800.9,94983.7,94375,94464.3,160.27243134
1745584200000,94464.3,94829.1,94392.7,94772.1,53.25667278
1745585100000,94772.1,94849.8,94266.3,94414,143.78578787
1745586000000,94414,94591.9,94237.6,94320,57.20497444
1745586900000,94320,94510,94184.2,94202.2,47.49584704
1745587800000,94206,94571.4,93937.7,94454.3,117.34668421
1745588700000,94454.3,94685.8,94240.6,94398.1,105.82404026
1745589600000,94398,95333,94354.9,95306.3,561.309842
1745590500000,95306.2,95306.2,94559.6,94694,317.6349264
1745591400000,94695.9,95279,94552.7,95258,192.45550062
1745592300000,95257.9,95768.4,95124.3,95374,464.57586023
1745593200000,95374,95670,95262,95510.1,176.32592358
1745594100000,95510.2,95530,95224.2,95301.5,137.58724721
1745595000000,95300.1,95395.2,94806.1,94973.1,235.58750986
1745595900000,94973.1,95160.1,94962.1,95067.6,109.59183212
1745596800000,95067.6,95221.9,94902,94903.8,93.70177443
1745597700000,94903.9,95099.8,94714.6,95099.8,64.74883091
1745598600000,95099.8,95379.9,95022.6,95362,60.64623714
1745599500000,95361.9,95362,95187.9,95216.7,50.83599967
1745600400000,95216.7,95479.7,95188.1,95450,87.33710106
1745601300000,95449.9,95550,95400,95419.9,64.53382742
1745602200000,95420,95420,94759.6,94839.8,134.56866573
1745603100000,94839.7,94845.9,94378.2,94531.9,98.10122351
1745604000000,94532,94738,94530.1,94694,42.81154162
1745604900000,94694,94900,94658.4,94866,51.78645451
1745605800000,94866.6,95200,94833.6,95194,82.56445981
1745606700000,95194,95230,94920.1,94974.6,56.27034489
1745607600000,94974.6,95319.8,94974.6,95026,72.52587071
1745608500000,95030,95115.2,94870.2,95057.6,52.55613478
1745609400000,95057.6,95194.4,94968,95132.6,82.23511749
1745610300000,95132.7,95314,94983.9,95283.8,129.86001421
1745611200000,95286,95342,95043.1,95054.8,55.8311299
1745612100000,95054.9,95098.9,94907.1,94959.6,50.64722021
1745613000000,94959.5,95022,94766.7,94778.5,31.12453035
1745613900000,94778.6,94945,94778.6,94860.7,27.49672101
1745614800000,94860.8,95035.2,94791.9,94932.8,19.54403657
1745615700000,94932.9,94946.2,94662.3,94689.6,17.27368952
1745616600000,94689.5,94843.4,94656.2,94705.7,24.07628357
1745617500000,94705.7,94799.8,94450.1,94600,57.97069534
1745618400000,94601.9,94801.8,94582,94801.8,11.27243633
1745619300000,94801.7,94888,94703.5,94830.6,16.36287373
1745620200000,94830.5,94965.5,94826,94945.4,12.78862862
1745621100000,94945.3,94958.8,94838.1,94843.9,8.2060413
1745622000000,94843.9,94972.5,94760.8,94850,21.49230134
1745622900000,94850.1,94850.1,94630.1,94736.4,38.53480173
1745623800000,94737.1,94778,94620,94769.5,48.9752461
1745624700000,94769.5,94770,94610.9,94640,31.90381083
1745625600000,94645.1,94804,94628,94797.4,27.99960669
1745626500000,94794.4,94824,94650,94720,33.10182329
1745627400000,94718.6,94749,94560.1,94564.2,58.58006566
1745628300000,94564,94942.8,94555.1,94899.6,87.86411913
1745629200000,94898.2,94970,94758.2,94882.9,22.91512846
1745630100000,94882,95092,94838.1,95017.5,24.42708875
1745631000000,95017.5,95208.8,95017.5,95038.7,34.57784842
1745631900000,95037.9,95122.4,94992,95017.2,21.91043711
1745632800000,95017.2,95017.2,94770.8,94773.1,24.63265555
1745633700000,94773,94901.8,94708.4,94879.5,15.74775474
1745634600000,94879.5,95154,94844.1,95086.4,20.09433164
1745635500000,95086.3,95088.9,94947.2,94994.2,38.09820624
1745636400000,94994.3,95065.7,94908,95000.8,21.64523939
1745637300000,95003.7,95006,94750,94793.9,71.78577754
1745638200000,94793.9,94793.9,94738,94753.1,42.29100894
1745639100000,94750.7,94803.4,94710,94737.5,28.95150446
1745640000000,94737.4,94840,94703.6,94745.6,19.89553781
1745640900000,94745.6,94746.5,94620,94634.2,43.26507307
1745641800000,94634,94690.7,94550,94686,74.78022588
1745642700000,94686,94715,94525.1,94533.9,65.11887572
1745643600000,94534,94649.8,94505.6,94515.5,58.09576474
1745644500000,94515.6,94599.9,94380,94556,61.81098752
1745645400000,94554,94691.6,94548,94636.1,69.57187994
1745646300000,94636,94714.9,94602,94626.2,23.14290414
1745647200000,94626.2,94712.9,94586.1,94704.2,11.6116259
1745648100000,94704.1,94706,94600,94609.4,6.73981161
1745649000000,94609.4,94708,94606.9,94639.9,15.40293304
1745649900000,94640,94750,94631,94641,13.51869188
1745650800000,94641,94750,94634.5,94740.9,37.06096991
1745651700000,94741.5,94765.9,94674.9,94699.9,72.7501407
1745652600000,94700,94799.9,94639.8,94767.3,87.73671309
1745653500000,94767.3,94767.3,94562,94562.1,48.39310571
1745654400000,94562.1,94622,94404,94597.9,54.44508446
1745655300000,94598.8,94731.5,94522,94646.1,52.9041676
1745656200000,94646.1,94675.3,94332.4,94382.8,59.31813644
1745657100000,94382.8,94406.9,94248.8,94312,98.76683059
1745658000000,94312,94356,94208,94340.4,64.40129791
1745658900000,94340.1,94428,94235,94258,90.12352683
1745659800000,94258.1,94259,94125,94182,36.57567175
1745660700000,94182,94286,94125,94275.9,20.6367222
1745661600000,94276,94366.6,94146,94271,32.53803229
1745662500000,94271.1,94377.8,94189.4,94288.5,39.99270695
1745663400000,94288.4,94388,94233,94388,10.90917992
1745664300000,94388,94413.5,94220,94221.5,23.80037809
1745665200000,94220.1,94258.5,94164,94166.8,12.33644331
1745666100000,94166.6,94262,94150,94150,105.8199278
1745667000000,94150,94250,94020.1,94061.5,103.39917259
1745667900000,94061.5,94188,94000,94144.5,69.05185797
1745668800000,94144.5,94300,94114,94226.3,54.21092715
1745669700000,94226.4,94325.5,94187.8,94295.6,47.10686238
1745670600000,94295.5,94308,94186.5,94236.8,67.13439159
1745671500000,94236.8,94278,94120.1,94241.9,26.17403401
1745672400000,94242,94304,94180.6,94246,12.99722333
1745673300000,94246.1,94246.1,94071,94076,19.99207132
1745674200000,94075.9,94164,93963.6,93988,34.22893999
1745675100000,93988,94154.1,93870.1,94154.1,147.61625054
1745676000000,94154,94214,93920.9,94043.1,190.01652352
1745676900000,94042.1,94138.5,93919,94105.8,31.53069823
1745677800000,94105.8,94250,94061.1,94205.8,24.22137685
1745678700000,94205.7,94267.5,94177.5,94235.9,75.88682645
1745679600000,94236,94365,94236,94320.4,41.41559322
1745680500000,94320.3,94387.7,94180,94383.4,45.55997693
1745681400000,94382.2,94383.2,94233.2,94247.9,45.90397064
1745682300000,94247.9,94399.9,94224.9,94366,43.53102406
1745683200000,94366,94371.3,94236.1,94247.5,9.40218042
1745684100000,94247.5,94339,94230,94332.9,13.72636337
1745685000000,94333,94333,94023.9,94139.7,260.72472844
1745685900000,94139.8,94360,94118,94296,145.90472405
1745686800000,94295.9,94356,94237.7,94259.4,25.58774903
1745687700000,94259.4,94382.5,94226.1,94328.1,31.22235769
1745688600000,94329.9,94364,94280.1,94348.4,14.22947248
1745689500000,94348.4,94378,94304.8,94331.6,10.46830797
1745690400000,94331.6,94384,94252.4,94263.2,15.81015782
1745691300000,94263.2,94374.8,94233.7,94342.1,10.16276762
1745692200000,94342,94367,94246,94251.3,16.67610587
1745693100000,94251.4,94251.4,94123.1,94159.9,21.71399283
1745694000000,94159.9,94228.4,94100,94165.9,9.78933762
1745694900000,94165.9,94231.9,94136,94230,14.35817476
1745695800000,94229.9,94304,94189,94277.2,10.15958254
1745696700000,94277.2,94341.8,94220.7,94307.3,16.96809829
1745697600000,94307.3,94392.2,94261.9,94274.6,14.38418768
1745698500000,94274.7,94292.4,94208.7,94247.3,10.81319088
1745699400000,94247.2,94256,94184.9,94226.7,5.41385441
1745700300000,94226.6,94266.6,94086.7,94097.2,15.58222108
1745701200000,94097.2,94273.9,94097.2,94273.9,11.71375736
1745702100000,94273.9,94320.4,94179.9,94227.1,32.38101743
1745703000000,94227,94359,94213.7,94340.5,11.07570174
1745703900000,94340.5,94366.1,94294.4,94360.7,6.0985969
1745704800000,94360.7,94610,94360.7,94582,122.78213632
1745705700000,94580.3,94720.9,94498.2,94654,153.44310937
1745706600000,94650.1,94791.6,94608,94772,32.26386321
1745707500000,94772,94799.9,94622.4,94784.2,47.11218191
1745708400000,94784.3,94900,94690.6,94690.7,64.78944243
1745709300000,94690.6,94791.1,94657.9,94741,25.22859816
1745710200000,94740,94740,94560.1,94625.8,47.82676246
1745711100000,94625.8,94646.5,94558.6,94631.8,19.47405168
1745712000000,94631.8,94820,94576,94787.5,39.7286223
1745712900000,94787.5,94981.4,94766.1,94941.6,106.20100652
1745713800000,94941.6,94971.9,94808.1,94934,23.21471488
1745714700000,94934,94954.6,94818.1,94868,31.16190049
1745715600000,94868,95250.8,94808,95115.2,126.94616655
1745716500000,95111.8,95310,94608.6,94725.2,154.03705216
1745717400000,94724,94767.9,94260.7,94536,146.48903489
1745718300000,94535.9,94549.9,94050,94120,125.82478893
1745719200000,94120,94399.9,94056.1,94398.9,58.68048549
1745720100000,94399,94470.5,94300.1,94338,25.08066051
1745721000000,94337.9,94437.8,94274.1,94320.3,11.43961378
1745721900000,94320,94350,94176.1,94349.9,14.94215353
1745722800000,94350,94466.9,94274,94350.2,23.70444289
1745723700000,94350,94415,94155.6,94217.9,16.53964315
1745724600000,94217.8,94292,94162.1,94261.6,10.2866795
1745725500000,94261.6,94299.4,94138,94166,19.85957998
1745726400000,94166,94281,94125,94281,24.62909351
1745727300000,94281,94299,94200.1,94216,18.40688872
1745728200000,94216,94224,94092,94098.1,24.48751573
1745729100000,94098.1,94143.2,94014,94021.7,52.99709939
1745730000000,94021.7,94180.9,94001.1,94046.6,30.97242959
1745730900000,94044.4,94144.9,93663.1,93807.4,167.24604147
1745731800000,93803.9,93978.5,93657.9,93937.9,61.69076834
1745732700000,93938,94023.2,93867.6,93929.5,61.11331988
1745733600000,93930,94075.1,93902.1,94032.1,46.12259271
1745734500000,94032.1,94104,93970,94018.3,56.78883287
1745735400000,94018.3,94026.5,93938.9,93958.1,28.96614878
1745736300000,93958.1,94045.7,93884,94032.8,36.29083715
1745737200000,94034,94116,93934,94010.4,35.21199088
1745738100000,94010.3,94138,94010.3,94115.2,23.09860291
1745739000000,94115.1,94150,94032.8,94075,19.96167355
1745739900000,94074.9,94165.8,94020.3,94080.7,46.26162278
1745740800000,94081.9,94203.6,94016.3,94172.8,37.85363681
1745741700000,94172.7,94263.7,94110.6,94212.1,56.54811019
1745742600000,94212.1,94270,94140,94268,37.49660085
1745743500000,94267.9,94333.2,94200,94210.7,30.30423374
1745744400000,94210.8,94217.7,94112.1,94118.1,21.10368448
1745745300000,94118,94216,94118,94120.6,15.19098883
1745746200000,94120.5,94242,94098.2,94236.2,36.61782424
1745747100000,94236.1,94236.1,94112.8,94164,9.16539649
1745748000000,94164,94190.5,94102.1,94124,13.92308815
1745748900000,94124,94140.4,94000.3,94024.7,18.55807773
1745749800000,94024.6,94065.8,93942.5,94026.9,35.2189819
1745750700000,94026.8,94062,93967.8,94053.2,18.75863299
1745751600000,94053.2,94091.2,93930.9,93964,36.49821022
1745752500000,93964,94018,93885.6,93961.6,26.7427321
1745753400000,93960.4,94060,93904.3,93920.6,17.24398162
1745754300000,93920.5,94031,93908,93918.3,29.93256893
1745755200000,93916.6,93934.4,93826.4,93835.5,27.69959648
1745756100000,93835.6,93882.5,93785.3,93789.9,24.70766838
1745757000000,93789.9,93883.1,93691.1,93859.1,75.4875695
1745757900000,93856,93996.3,93730,93753.9,28.81436866
1745758800000,93754,93882,93610.3,93839.9,64.92867752
1745759700000,93839.9,93915.8,93714,93826.1,28.24367517
1745760600000,93826.1,94025.2,93800,93972.1,29.82846821
1745761500000,93972,94089.9,93902.2,94072.1,32.269162
1745762400000,94072,94110,93933.7,93959.9,18.78250277
1745763300000,93959.9,94186,93959.9,94062,31.13636307
1745764200000,94062.1,94136.9,94012.5,94019.7,20.1812742
1745765100000,94019.7,94044,93956.3,93984.9,26.16801846
1745766000000,93984.9,94015.9,93835.5,93877,48.09021398
1745766900000,93876.9,93981.8,93790,93790,12.40942641
1745767800000,93790,93882.2,93787.7,93881,31.66534786
1745768700000,93881.7,93948,93881.5,93902.1,10.6488318
1745769600000,93902.1,93927.5,93854.3,93927.5,18.67110959
1745770500000,93927.4,93927.5,93780,93839.9,30.77053403
1745771400000,93840,93887.9,93738,93881.9,18.63814334
1745772300000,93881.8,93934,93718.3,93894.5,267.07551627
1745773200000,93894.5,94137.9,93791.4,94104.7,67.18433038
1745774100000,94104.7,94176.9,94033.4,94062.1,23.35200773
1745775000000,94062,94108,93990,94046.3,10.68776532
1745775900000,94046.3,94104.6,94006,94056,12.89054263
1745776800000,94056.1,94166.6,93998,94162,11.21561644
1745777700000,94163.2,94230,94135.9,94180,17.14854644
1745778600000,94180.1,94428,94180.1,94374,43.19466459
1745779500000,94374,94398.3,94276,94297.9,19.36709155
1745780400000,94297.9,94322.8,94248,94258.2,25.9256139
1745781300000,94258.2,94360,94202,94349.4,13.78007576
1745782200000,94349.4,94440.8,94324,94380.1,11.35767897
1745783100000,94380.1,94449.9,94380.1,94435.9,10.35981041
1745784000000,94436,94446,94282.1,94322,10.39750849
1745784900000,94322,94382.9,94262,94296.6,17.91725494
1745785800000,94296.7,94380.6,94296.6,94337.4,22.08752485
1745786700000,94336.1,94402.4,94268,94268,14.53416959
1745787600000,94268,94281.7,94196.1,94198,13.18426838
1745788500000,94197.9,94368,94162.2,94367.9,16.12036845
1745789400000,94366.3,94500,94366.2,94493,101.14666368
1745790300000,94493.1,94544,94304.1,94322.6,43.41077657
1745791200000,94324.2,94333.6,93900.1,93923.9,43.18357395
1745792100000,93924,94017.9,93800,93813.9,54.37490065
1745793000000,93813.9,93980.5,93650,93975,45.73176082
1745793900000,93975.1,94012.5,93922.7,93939.8,12.6174901
1745794800000,93939.7,93939.7,93689.7,93710.4,19.67787008
1745795700000,93710.1,93856,93658.1,93826.1,28.35940605
1745796600000,93826.2,93890.7,93710.1,93723.6,11.90601389
1745797500000,93723.7,93814,93689.3,93744,20.39435755
1745798400000,93744,93796.4,93288,93425.9,237.74589502
1745799300000,93428.3,93597.9,93346,93593.4,67.23510826
1745800200000,93594.1,93797.9,93543.6,93612,53.46182385
1745801100000,93612.1,93659.9,93376.6,93416,19.08066155
1745802000000,93416.1,93591.9,93217.6,93337.9,69.23717728
1745802900000,93337.8,93345,93000,93037.9,247.95054898
1745803800000,93038,93096,92778.7,92897.3,227.89188029
1745804700000,92897.4,93019.9,92774.1,92940,111.53779991
1745805600000,92939.9,93248,92878.1,93064,99.28595096
1745806500000,93066.6,93427.9,93030.1,93379.3,60.31974172
1745807400000,93379.4,93578,93358.1,93468,55.30302347
1745808300000,93468,93630,93458.2,93614,106.74725205
1745809200000,93614,93629.8,93460.2,93587.9,40.03393441
1745810100000,93587.9,93824.2,93573,93721.1,63.08636615
1745811000000,93721.1,93979.3,93721.1,93864.4,132.980674
1745811900000,93864.4,93900,93806,93849.9,67.76305574
1745812800000,93849.9,93999.9,93849.9,93969,50.50818298
1745813700000,93968.9,94168.1,93930,94166.5,117.25142125
1745814600000,94166.5,94184.5,94022,94047,47.08417642
1745815500000,94047,94111,93998.4,94019.4,54.00885531
1745816400000,94019.5,94195.3,93952.1,94136.2,74.39478155
1745817300000,94136.2,94342.7,94097.2,94110,84.68924609
1745818200000,94110.1,94200,94040.4,94172.9,57.68812329
1745819100000,94172.9,94268.1,94101.1,94228.2,37.56609289
1745820000000,94228.2,94413.1,94228.1,94407.3,40.42966712
1745820900000,94407.2,94443.3,94306,94340.1,40.88944756
1745821800000,94340.1,94580,94330,94555,100.30679182
1745822700000,94555,94666.6,94424,94582,73.78870963
1745823600000,94581.9,94676.8,94480.5,94501.9,68.35144189
1745824500000,94501.9,94679.9,94501.9,94667.5,35.68191888
1745825400000,94667.4,94770,94611.9,94762.6,80.06635553
1745826300000,94762.6,94797.4,94652.6,94688.1,36.95346413
1745827200000,94688.1,94827.5,94588.5,94710.7,62.20826966
1745828100000,94710.7,94824,94693.8,94823.9,34.41410078
1745829000000,94823.9,94827.1,94693,94720,38.03294961
1745829900000,94720,94739.9,94588.1,94701.9,42.32229351
1745830800000,94702,94880,94661.3,94672.6,67.9329303
1745831700000,94672.6,94808,94672.5,94730.7,60.41649229
1745832600000,94730.7,94849.9,94730.7,94827.7,47.26470402
1745833500000,94827.7,94830.9,94684.1,94733,43.06133122
1745834400000,94733.2,94816,94523.1,94669.9,85.86597982
1745835300000,94670,94713.3,94334.1,94583.3,162.17399623
1745836200000,94583.3,95214.6,94583.3,95182.2,411.51859435
1745837100000,95185.5,95213.9,95006.5,95058,98.60198865
1745838000000,95058.1,95450,94982.9,95241,175.6156921
1745838900000,95241,95494,95233.4,95480,96.71615413
1745839800000,95479.9,95550.1,95352.3,95416,401.95001611
1745840700000,95416,95442,95200,95313.8,535.42799331
1745841600000,95313.9,95368,95054.1,95113.9,94.87217627
1745842500000,95114.7,95311.9,95098.8,95309.7,49.11581399
1745843400000,95309.6,95499.8,95216.1,95499.7,48.69954223
1745844300000,95499.8,95600,95282.9,95333.6,84.91105809
1745845200000,95333.5,95499.9,95106,95274.9,167.01302696
1745846100000,95274.9,95283.1,95041.3,95055.9,62.98970542
1745847000000,95052.1,95179.9,94512.2,94756,208.8941107
1745847900000,94758,94811.3,93917.8,93964.1,441.02044486
1745848800000,93964.1,94529.4,93830.4,94519.9,435.3727285
1745849700000,94519.9,94915.9,94464.8,94657.8,127.63214164
1745850600000,94658,94710,94363.8,94633.8,76.03831269
1745851500000,94633.9,94758.6,94360,94424.4,40.5751212
1745852400000,94424.4,94531.4,94060.6,94150,87.83269769
1745853300000,94150.1,94208.3,93600,93762.5,153.76861998
1745854200000,93762.6,93888,93588,93754,82.88126414
1745855100000,93754,93853.1,93600.3,93840,123.3406256
1745856000000,93838.5,93838.5,93518.5,93577.3,56.88087988
1745856900000,93577.2,93739,93450,93727.2,129.63194114
1745857800000,93727.2,94039.5,93681.4,94030,68.48027282
1745858700000,94030.5,94030.5,93658.3,93746,81.82766502
1745859600000,93746,93812,93664,93664,95.32763501
1745860500000,93664.1,93800,93599.9,93600,119.37070981
1745861400000,93599.9,93912,93502.8,93906.9,153.1104465
1745862300000,93904,94121.6,93888.1,94106.6,56.45213164
1745863200000,94106.5,94126,93800,93812,31.86155586
1745864100000,93812,93949.9,93791.4,93895.5,13.57586871
1745865000000,93895.9,94074.4,93860.3,94006,11.50889748
1745865900000,94006,94223,94000,94188.1,24.15957085
1745866800000,94187.7,94645.2,94158,94446.1,114.1326752
1745867700000,94446.2,94834,94440.9,94690,159.62020631
1745868600000,94690,94933.2,94682.5,94928,86.28477681
1745869500000,94928,94933.3,94762,94799.9,94.79492831
1745870400000,94795.2,94814.8,94567.5,94569.2,55.48984483
1745871300000,94567.5,94723.5,94552.5,94654.1,23.57557874
1745872200000,94654.1,94688,94466.9,94467,18.5452975
1745873100000,94467,94512,94372,94470,37.22602428
1745874000000,94470,94557.9,94368.1,94372.8,20.26767454
1745874900000,94372.8,94443.8,94346.9,94400,12.49434805
1745875800000,94400.9,94423.1,94292.1,94373.8,25.37569754
1745876700000,94373.8,94554,94360,94552,26.77854087
1745877600000,94552.1,94710.1,94484,94630.4,36.97828733
1745878500000,94630.4,94701.7,94473.6,94519.7,18.26833057
1745879400000,94519.5,94699.9,94483.3,94634.8,17.02657407
1745880300000,94635.9,94899.9,94635.9,94827.9,215.23437809
1745881200000,94827.5,95000,94794.5,94991.8,48.49297727
1745882100000,94991.8,95122,94906.6,95068.4,73.26241474
1745883000000,95068.5,95178,95036.1,95100.1,40.1759881
1745883900000,95100,95117.9,94923.2,95014.6,79.70008129
1745884800000,95014.6,95025,94839.4,94856.5,48.69974454
1745885700000,94858,95114,94820,95028.1,25.36671107
1745886600000,95030,95184.9,94956.3,95173,34.82821899
1745887500000,95172.1,95234.7,94913.8,95052.1,156.27453965
1745888400000,95052.1,95402.2,94969.9,95031.8,89.65685052
1745889300000,95031.9,95047.2,94732,95010,140.48403778
1745890200000,95010,95350,94940.7,95248.3,74.80861226
1745891100000,95248.4,95465.2,94840,94851.2,122.53437594
1745892000000,94851.3,94924.5,94610.3,94815.4,152.61326474
1745892900000,94812.7,94848,94635,94816,32.20306278
1745893800000,94816,94964.3,94726.5,94750,79.24943113
1745894700000,94750,94750,94500.1,94616.8,60.32154912
1745895600000,94619,94724.5,94440,94470.7,48.08132921
1745896500000,94468,94741,94467.9,94650,20.25058976
1745897400000,94650,94754,94649.2,94738.2,18.48554032
1745898300000,94739.8,94806,94638,94655.8,38.81278955
1745899200000,94655.9,94790.6,94534.3,94740.4,21.2849724
1745900100000,94740.5,94869.9,94701.3,94857.8,13.93802023
1745901000000,94857.9,94870,94502.4,94533.3,43.76900918
1745901900000,94535.2,94536,94308,94362.6,79.99576557
1745902800000,94362.6,94402.5,94200,94232,47.24352762
1745903700000,94232,94430,94215.9,94356.1,66.7577763
1745904600000,94356.2,94425.8,94208,94236.4,32.02272451
1745905500000,94236.4,94360,94225,94286.4,16.57203585
1745906400000,94286.4,94495.9,94265.8,94481.7,28.09632464
1745907300000,94481.7,94744.9,94481.7,94638.3,35.44757664
1745908200000,94638.3,94778.7,94569.5,94572.2,64.5329404
1745909100000,94572.2,94814,94572.2,94774.3,49.03409502
1745910000000,94774.4,94806.6,94707.8,94755.3,44.32268715
1745910900000,94755.3,94897.9,94755.2,94889.4,73.66646956
1745911800000,94889.5,94926.1,94788.1,94811,63.34502784
1745912700000,94811.1,94973,94792.9,94930,59.80715242
1745913600000,94930,95020.2,94897.6,94982,109.05174943
1745914500000,94982.1,95106,94877.9,94951.8,156.73192546
1745915400000,94951.9,94951.9,94813.9,94863,31.83169496
1745916300000,94863,95044.5,94827.3,95022,36.89660906
1745917200000,95022.1,95088,94902.3,94905,27.9045868
1745918100000,94904.9,94945.5,94794,94930.4,44.93748997
1745919000000,94930.4,94968.2,94869.9,94896.9,17.14946043
1745919900000,94896.9,94997.9,94809.6,94984.6,36.21620154
1745920800000,94984.6,95047,94880.4,94977,52.16339635
1745921700000,94977,95030,94841.7,94943.4,19.63028687
1745922600000,94943.3,94968.3,94837.6,94866.7,25.01478711
1745923500000,94866.6,94873.8,94746,94811.4,63.65034616
1745924400000,94810.4,95200,94801.4,95197.1,61.697327
1745925300000,95197.1,95294,95127.4,95225.9,68.21978315
1745926200000,95225.8,95229.3,95025.1,95037.7,28.21559608
1745927100000,95037.9,95159.9,95037.9,95126.3,25.46993263
1745928000000,95126.3,95181.4,95055.8,95084.9,33.94808555
1745928900000,95084.9,95118,94888.1,94958,44.70872826
1745929800000,94958.1,95050,94838,95042.7,35.81821276
1745930700000,95042.8,95062.9,94766,94823.8,62.27226028
1745931600000,94823.9,94873.5,94702,94790.1,30.3830909
1745932500000,94790.1,94899.9,94589.6,94864,53.20035395
1745933400000,94864,95036.4,94687.9,94833.1,67.90679257
1745934300000,94833,94993.9,94708,94801.2,70.37745216
1745935200000,94801.2,95072.9,94527.1,94897.9,140.93809515
1745936100000,94897.9,94904.7,94674.3,94746.7,65.03942701
1745937000000,94746.8,95300,94696.6,95157.9,75.76398367
1745937900000,95158,95195.9,94968.2,95051.9,168.45409556
1745938800000,95051.9,95134.1,94919.1,94972.8,41.60947614
1745939700000,94972.8,94999,94730,94868.1,36.08011234
1745940600000,94868.1,94999.6,94757.2,94978.5,32.82931403
1745941500000,94978.4,94994,94798.2,94840.4,38.98199299
1745942400000,94840.5,94948,94800.2,94948,32.91644482
1745943300000,94949.6,95200,94896.2,95140.1,42.66139486
1745944200000,95140,95460.1,95091.3,95446,111.55056767
1745945100000,95446,95464.9,94920,94956.7,97.2334162
1745946000000,94955.7,95116,94655.6,95041.7,99.71235927
1745946900000,95041.6,95252.6,95008.4,95214,36.21445535
1745947800000,95214,95223.9,95048,95193.7,66.76397741
1745948700000,95193.6,95369.3,95073.8,95245,42.00155088
1745949600000,95246,95422.2,95060.1,95200.1,87.71307354
1745950500000,95200.1,95433.9,95136,95406.5,67.63674988
1745951400000,95408,95442.3,95294,95419.8,22.04375919
1745952300000,95419.9,95443.9,95270,95399,41.88790752
1745953200000,95399,95436.2,95294.1,95352,29.6121116
1745954100000,95351.6,95450.3,95274.5,95326.1,64.7424699
1745955000000,95326.1,95375.9,95225.5,95243.9,26.13019574
1745955900000,95241.9,95383.4,95228.1,95306.7,39.40935814
1745956800000,95306.7,95410.1,95108.5,95157.7,37.30002034
1745957700000,95157.7,95157.7,94944.7,94950,23.10979661
1745958600000,94950.1,94986.4,94822,94936,28.28826816
1745959500000,94936,94995.9,94818.1,94837.9,25.41480168
1745960400000,94837.9,94974.1,94639,94676,53.19248106
1745961300000,94676,94676,94353.6,94582.3,141.33827429
1745962200000,94583.3,94736.2,94418.2,94671.6,78.12466918
1745963100000,94670.5,94776.6,94491.3,94748.1,84.41943981
1745964000000,94748,94748,94183,94240.7,467.84922101
1745964900000,94240.5,94355.5,94000,94199.9,245.08487334
1745965800000,94200,94267.9,94058.2,94074.8,80.86354295
1745966700000,94074.9,94292,94060,94149.6,40.05732736
1745967600000,94149.6,94162,93729.9,93810,284.78997995
1745968500000,93810,93928.6,93740,93898.9,93.75580921
1745969400000,93898.9,94079.9,93880.7,94074.3,55.21174568
1745970300000,94074.4,94311.8,94050,94242,73.01464445
1745971200000,94242,94414.3,94128.1,94381.9,87.80797184
1745972100000,94382,94463,94350,94394.1,39.58005486
1745973000000,94394.1,94635,94341.3,94496,55.20769129
1745973900000,94496,94545.8,94364.9,94541.9,16.58138782
1745974800000,94540.2,94600,94376,94386,56.60456834
1745975700000,94384.1,94607.9,94352,94593.9,22.31883086
1745976600000,94593.8,94602,94375.3,94383.9,19.52628437
1745977500000,94383.9,94546,94281.4,94531.9,18.48891238
1745978400000,94532,94601.9,94449.2,94556.3,10.66966765
1745979300000,94556.3,94724.8,94494.3,94514,54.38208168
1745980200000,94514,94719.9,94480.1,94710,64.21084724
1745981100000,94708,94797,94620,94649.7,45.24186255
1745982000000,94649.7,94650,94500,94604.5,32.5541156
1745982900000,94604.5,94730.4,94597,94652.8,42.58224803
1745983800000,94652.8,94810,94652.7,94750.4,48.6629898
1745984700000,94750.5,95111,94750.4,95036,149.16752991
1745985600000,95036,95186,94913.7,94999.8,89.49644155
1745986500000,94999.9,95057.7,94861.9,94904,51.20863338
1745987400000,94904.1,94989,94882,94898.1,33.30320156
1745988300000,94898.1,95083.4,94895.6,95064.1,49.9095772
1745989200000,95064.2,95116.7,94927.9,95045.9,45.02853535
1745990100000,95045.9,95109.9,94958.5,94958.5,38.2798045
1745991000000,94958.5,95047.9,94944,94998.3,36.83712196
1745991900000,94998.4,95001.8,94868,94899.9,39.8770899
1745992800000,94900,94932.4,94840.1,94920,18.08868761
1745993700000,94919.9,94973.7,94860,94955.9,26.47097936
1745994600000,94955.9,94956,94770.1,94777.1,20.4984489
1745995500000,94777,94824.6,94750,94750.1,14.99386956
1745996400000,94750.1,94842.7,94732.7,94800,48.83970515
1745997300000,94800,94879.9,94750,94750.1,94.91717596
1745998200000,94750,94763.4,94570.5,94576.7,56.20934173
1745999100000,94576.7,94632,94500,94626,40.86177755
1746000000000,94626,94733.9,94550,94720.1,44.34209053
1746000900000,94720,94813.2,94526,94527.8,25.44922352
1746001800000,94527.9,94649.1,94527.9,94634.2,27.4692805
1746002700000,94634.3,94756.6,94591.4,94712,24.99923966
1746003600000,94712.1,94800,94702.4,94707.2,29.66134116
1746004500000,94707.3,94779.8,94667.5,94779.7,14.80625436
1746005400000,94779.7,95055.1,94779.7,94999.9,39.82712251
1746006300000,94999.9,95016.1,94913.8,94975.7,19.45521674
1746007200000,94978.1,94994,94852.4,94933.5,27.00556295
1746008100000,94933.5,94948,94872.7,94921.9,28.23608593
1746009000000,94921.8,94986,94876.7,94971.5,18.21489563
1746009900000,94971.5,95025.9,94903.4,94941.1,33.15001409
1746010800000,94941.2,94994,94940,94981.4,36.1221013
1746011700000,94981.5,95132.4,94928,95108.1,41.64858676
1746012600000,95108.1,95226.3,95080,95095.9,59.30695931
1746013500000,95096,95236,95032.1,95181.5,64.55931733
1746014400000,95181.6,95220,95041.7,95152,57.25722339
1746015300000,95152.1,95196.8,94885,94937.9,80.33422833
1746016200000,94937.9,95050,94360,94506,210.77803904
1746017100000,94506.1,94637.5,94360,94551.3,77.85345237
1746018000000,94550.1,94620,94268.8,94281.1,52.22401026
1746018900000,94280.1,94666.5,94222,94559.3,109.63512511
1746019800000,94559.2,94571.8,93702,93920,293.96935025
1746020700000,93917.3,93946.4,93034.5,93046.2,690.47947669
1746021600000,93046.2,93619.8,92914.1,93442,538.32016132
1746022500000,93442,94179.9,93258.2,94125.9,344.27480248
1746023400000,94123.2,94369.9,93854.1,94078,188.590711
1746024300000,94076.4,94096,93684.2,93723.3,112.45230804
1746025200000,93723.3,94046,93710.3,93980.1,81.49234162
1746026100000,93981.3,94051.6,93658,93866.2,75.40510896
1746027000000,93866.2,94117.4,93810,94117.4,63.98932868
1746027900000,94117.5,94129.7,93928.9,94009.3,36.06896145
1746028800000,94007.3,94027.4,93757.7,93757.7,61.13743152
1746029700000,93757.6,93768,93528.1,93732.7,59.25158919
1746030600000,93732.8,94199.8,93716,94090.7,45.55854662
1746031500000,94092.4,94150,93877.6,93948.7,27.32605153
1746032400000,93948.8,94090,93757.2,93817,41.44832983
1746033300000,93816.9,94047.8,93814,94037.1,21.20778219
1746034200000,94037,94280,94006.1,94279.9,45.15748652
1746035100000,94280,94280,94084.1,94108.5,38.87188386
1746036000000,94108.6,94537,94058.2,94366.7,104.29344663
1746036900000,94366.6,94473.8,94166.6,94166.7,50.40829908
1746037800000,94166.7,94207.7,94000,94072.6,34.00423243
1746038700000,94072,94193.6,94032,94092.2,13.93584104
1746039600000,94092.3,94181.7,94032.7,94104,17.27450797
1746040500000,94104,94122.6,93764,93793.7,30.72495779
1746041400000,93793.7,93969.9,93770.1,93961.9,30.43535848
1746042300000,93961.9,94285,93952.6,94160,69.06169065
1746043200000,94169.8,94690,94112.5,94637.7,127.21559601
1746044100000,94635.2,94746.3,94490.1,94714.1,43.7649251
1746045000000,94714.1,94732,94529.1,94609.4,22.37198179
1746045900000,94609.5,94713.2,94546,94564,24.18822528
1746046800000,94563.9,94786.3,94472.6,94581.9,49.88374364
1746047700000,94582,94687.3,94582,94632,10.03571411
1746048600000,94632,94645,94479,94479,18.89806792
1746049500000,94478.9,94561.5,94375.5,94429.6,17.26435147
1746050400000,94429.5,94723.9,94418.2,94580,26.47709482
1746051300000,94580.1,94585.9,94361.6,94362,21.67053084
1746052200000,94362,94414,94227.5,94267.2,69.14741792
1746053100000,94267.1,94270.9,94054.3,94116,63.02837815
1746054000000,94116,94289.2,93981.8,94277.8,83.31672477
1746054900000,94277.8,94340.3,94157.2,94251.1,24.85768243
1746055800000,94251.1,94331.2,94159.1,94160.9,15.40784077
1746056700000,94160.8,94282,94133.9,94163.1,14.09878175
