ts,open,high,low,close,volume
1746057600000,94163.1,94340,94125.5,94271.1,43.17545738
1746058500000,94271.2,94327.4,94177.6,94279.9,23.037619
1746059400000,94279.9,94298,94205.2,94278,24.64273772
1746060300000,94278,94406.3,94277.9,94401.3,43.33681847
1746061200000,94401.3,94597.4,94380.8,94529.5,63.32855615
1746062100000,94529.5,94692,94515.6,94626.8,59.69632383
1746063000000,94626.8,94711,94474.1,94706,42.12485836
1746063900000,94706,94706,94568,94641.3,30.98735516
1746064800000,94641.3,94828.7,94608.1,94700,117.80544311
1746065700000,94700,94949.9,94700,94920,106.37014924
1746066600000,94920.1,94970,94816.1,94894,80.53278523
1746067500000,94894.1,94920,94752,94839.4,84.31173556
1746068400000,94840,95000,94692.1,94704.6,123.45152944
1746069300000,94704.7,94814,94676.4,94813.4,41.52549865
1746070200000,94813.4,94925.9,94699.9,94830,97.30606724
1746071100000,94828.3,94828.3,94694.1,94779.9,42.21294153
1746072000000,94780,94885.4,94740.5,94818,25.60453419
1746072900000,94817.9,94843.6,94720.7,94728.1,14.3131471
1746073800000,94728,94818,94702.8,94815.8,24.84035216
1746074700000,94815.8,94924,94812.5,94869.4,28.44585909
1746075600000,94869.5,94971.9,94832,94971.2,39.55051425
1746076500000,94971.9,94984,94861.1,94910.9,26.23221119
1746077400000,94911,95150,94852,95111.8,162.72761379
1746078300000,95111.7,95180,95031.3,95141.8,90.13947303
1746079200000,95141.7,95179.4,95034.1,95071.8,83.71486766
1746080100000,95071.7,95101.9,94992.3,95004.4,65.79419056
1746081000000,95004.5,95026.7,94831.9,94873.4,56.20975509
1746081900000,94873.4,94909.9,94791.7,94877.2,28.22613612
1746082800000,94877.2,94978,94782.8,94978,21.47842715
1746083700000,94977.9,95021.1,94924,94980.1,26.36026432
1746084600000,94980,95043.9,94960.3,95025.8,18.52453012
1746085500000,95025.9,95098,94997.2,95007.5,42.60772213
1746086400000,95007.6,95073.9,94900,95007.7,68.21573604
1746087300000,95007.8,95148,95007.7,95142.7,63.90741283
1746088200000,95142.6,95146,95063.9,95085.1,37.4044016
1746089100000,95085,95207.9,95085,95197.1,63.24312738
1746090000000,95197.1,95210,95126,95168,26.9869992
1746090900000,95167.9,95360,95167.9,95329.9,107.28278407
1746091800000,95330,95499.9,95291.5,95419.9,225.86843791
1746092700000,95420,95806.6,95419.9,95517.7,220.6099606
1746093600000,95517.3,95746.6,95517.3,95723,65.48135851
1746094500000,95724,96388,95723.9,96324.8,392.13089309
1746095400000,96324.8,96394,96062.6,96136.5,122.35004596
1746096300000,96136.6,96186.5,95900,96171.9,134.48177248
1746097200000,96171.9,96261.9,96072.1,96163.5,69.26011548
1746098100000,96163.6,96188,95831.3,95923.7,58.94118603
1746099000000,95923.8,96160.1,95923.8,96103.9,26.90801087
1746099900000,96104,96239.6,96103.9,96183.5,47.70806192
1746100800000,96183.5,96319.9,96111,96253.8,89.58200406
1746101700000,96252.7,96388,96148,96202.1,46.07268943
1746102600000,96202,96504.3,96114,96433.9,421.46267591
1746103500000,96434,96447.9,96210.6,96376.1,466.02382852
1746104400000,96376.1,96499.9,96296.4,96499.9,44.49685467
1746105300000,96500,96732.9,96445,96644,148.64167321
1746106200000,96644.1,96648,95922.7,96167.9,235.50232736
1746107100000,96168,96245.8,95800,95810.9,154.41481343
1746108000000,95810.9,96250.5,95810.9,96229.1,168.64587419
1746108900000,96229.1,96463.9,96228,96412.9,123.47079545
1746109800000,96412.9,96704,96180,96374.9,164.77150377
1746110700000,96372.5,96933,96333.3,96835.2,167.91696047
1746111600000,96830,97426,96749.3,97387.9,344.39412467
1746112500000,97387.9,97426,96960.1,97117.7,206.51831554
1746113400000,97117.8,97198,96929.8,96997.9,189.39572664
1746114300000,96998,97070,96848,96849.8,83.27335676
1746115200000,96849.9,97151.5,96849.9,97079,70.15123716
1746116100000,97075.8,97212.3,96872,97208.9,55.0809236
1746117000000,97208.9,97365.2,97160.1,97335.9,103.94645292
1746117900000,97335.9,97362,96977.4,97007.9,44.76798412
1746118800000,97008,97176.3,96966,97104.6,33.89858831
1746119700000,97104.6,97232.7,96832.6,96884,448.29282129
1746120600000,96884,97014,96518,96588.4,81.4971531
1746121500000,96588.5,96828.4,96550,96814.6,342.75289536
1746122400000,96814.7,96870.4,96622.3,96622.3,78.94101138
1746123300000,96622.2,96669.9,96467.9,96468,231.94196764
1746124200000,96468,96774.1,96410,96774.1,414.40187583
1746125100000,96774.1,96986.8,96774.1,96875.2,73.65152401
1746126000000,96875.3,96900,96443.9,96464,253.62088095
1746126900000,96465.9,96625.4,96402.6,96459.2,64.97411328
1746127800000,96458.8,96714,96434.2,96519.5,165.73627205
1746128700000,96519.5,96666.4,96476,96555.4,280.19839967
1746129600000,96550,96738.4,96318.2,96735.9,208.89093853
1746130500000,96736,96894.7,96704.7,96717.5,72.44319318
1746131400000,96717.6,96780.4,96525.2,96587.6,28.86667511
1746132300000,96587.4,96624.4,96350,96414.8,39.78784741
1746133200000,96414.8,96729.3,96395.6,96700.6,26.05329993
1746134100000,96700.6,96718.3,96570.1,96598,8.56319087
1746135000000,96597.9,96785,96486.4,96766.8,45.44959316
1746135900000,96767,96767,96467.5,96475.7,15.92886796
1746136800000,96476.5,96619.4,96416.7,96619.4,22.38300968
1746137700000,96619.3,96658,96545.6,96596.3,30.53702134
1746138600000,96596.3,96596.3,96384,96462.9,37.21640755
1746139500000,96462.9,96462.9,96368.1,96384.9,19.67254105
1746140400000,96386.5,96429,96200,96315.1,33.81717664
1746141300000,96316,96485.9,96295.3,96400.4,15.13432348
1746142200000,96400.4,96400.4,96188,96300.1,28.41903093
1746143100000,96300.1,96519.9,96300,96488.2,19.37105156
1746144000000,96488,96687.9,96468,96614.2,82.83110063
1746144900000,96614.1,96874.7,96558,96845.5,41.24188251
1746145800000,96845.4,97065.6,96734.9,96822.4,83.80820042
1746146700000,96822.4,97051.4,96782.8,97041.8,31.80383483
1746147600000,97041.8,97188.8,96972,97009,94.5809557
1746148500000,97009.1,97160,96952.1,97000,63.48978579
1746149400000,97000,97000.1,96767.1,96838.3,49.85434643
1746150300000,96838.3,97023,96790.1,96971.9,35.46643697
1746151200000,96971.8,96971.8,96727.2,96797.8,38.03122139
1746152100000,96796,97040,96758,97007.9,16.79996228
1746153000000,97007.8,97059.5,96903.7,96948,19.43707569
1746153900000,96947.9,97034,96945.7,96954,19.61004699
1746154800000,96955.8,97200,96955.8,97182.2,51.99507683
1746155700000,97183.9,97183.9,97000,97044,26.84487894
1746156600000,97044,97229.5,97044,97194.5,43.89841992
1746157500000,97194.5,97240,97096.2,97109.9,44.07762632
1746158400000,97110,97300,97089,97134.2,75.09065613
1746159300000,97134.2,97211.5,97092,97109.9,28.80332209
1746160200000,97109.9,97110,96915.5,96923.8,46.44540198
1746161100000,96923.7,97000,96880,96940.1,33.65279582
1746162000000,96940,97000,96862.9,96945.2,24.18234275
1746162900000,96945.2,96945.2,96793,96839.4,21.47875798
1746163800000,96839.5,96894,96794,96814,16.26648124
1746164700000,96814.1,96893.1,96628,96708.8,45.30273078
1746165600000,96705.8,96768.9,96600,96718.9,27.81924566
1746166500000,96719,96845.6,96627.1,96830,35.29478198
1746167400000,96830.7,96896.1,96638,96646.8,63.78097909
1746168300000,96646.8,96728.5,96552.2,96719.9,22.08595005
1746169200000,96719.9,96737.9,96440.1,96523.4,162.12087458
1746170100000,96522,96725.5,96450,96612.1,101.21006873
1746171000000,96612.1,96650,96315.8,96550,819.96026789
1746171900000,96550,96559,96362.3,96362.4,211.56626481
1746172800000,96362.3,96622.5,96353.9,96579.9,202.98982525
1746173700000,96579.9,96699.6,96550,96601.8,324.78786674
1746174600000,96601.8,96781,96471.3,96719.3,518.40954824
1746175500000,96719.4,96766,96608,96641.2,28.96321475
1746176400000,96641.2,96789.5,96467.5,96782,37.82226127
1746177300000,96781.6,96781.9,96626,96719.9,14.33119747
1746178200000,96719.9,96771.8,96600,96607.9,17.50355562
1746179100000,96607.9,96727.6,96600.1,96614,12.32974055
1746180000000,96614,96800,96604,96779.3,21.0888641
1746180900000,96779.4,96900,96778.2,96874.1,42.36381574
1746181800000,96874.1,96900,96800,96899.9,26.90982848
1746182700000,96899.9,96939.9,96809.6,96900,39.40057515
1746183600000,96900,97028,96899.9,97006,49.75545149
1746184500000,97005.9,97100,96924,96961.5,126.75926124
1746185400000,96961.6,96984.1,96882.6,96965.9,91.94795841
1746186300000,96965.9,97030.4,96881.6,96933.3,66.93905942
1746187200000,96933.3,96958.5,96775.9,96799.5,142.61150412
1746188100000,96799.5,96951.4,96770,96793.7,41.38919611
1746189000000,96794,97150,96650,96985.9,199.91606324
1746189900000,96986,97211.7,96966.6,97195.9,70.41915774
1746190800000,97196,97269.1,96766.2,96773,63.19164799
1746191700000,96773,96969.6,96764.4,96969.5,33.54878994
1746192600000,96969.6,97058.6,96674.9,96938.6,120.12501297
1746193500000,96938.7,97000,96715.2,96774,46.04896405
1746194400000,96774,97233.2,96702.1,96847.9,164.6083415
1746195300000,96847.8,97193.9,96801.7,97159.9,136.19566948
1746196200000,97159.9,97676.6,97126,97371.9,271.83269492
1746197100000,97371.9,97896,97360.1,97746.1,223.10895674
1746198000000,97746.1,97890,97524.3,97550.1,108.19481659
1746198900000,97550.1,97685.9,97058.1,97154.1,101.67195057
1746199800000,97152.1,97506.3,97088,97431,53.13133014
1746200700000,97431.6,97485.7,97299.3,97331.1,94.2935219
1746201600000,97331.1,97750,97330.1,97621.9,181.02793438
1746202500000,97621.9,97799.9,97550.8,97618.9,40.81760528
1746203400000,97619,97715.9,97514.2,97674.5,57.43299131
1746204300000,97674.5,97674.5,97336,97351.8,29.81116612
1746205200000,97351.9,97395,97029.8,97135.7,72.74507629
1746206100000,97135.8,97351,97104.9,97310,40.09476831
1746207000000,97310.7,97432.3,97242,97252.5,35.66426219
1746207900000,97252.6,97428,97200.1,97396.1,58.14426177
1746208800000,97396.2,97550,97360.5,97524,55.64594504
1746209700000,97524,97550,97414.2,97427,31.43009382
1746210600000,97427.1,97613.3,97414.4,97556,65.68743894
1746211500000,97556,97578.6,97146,97178.6,129.64641982
1746212400000,97178.5,97178.5,97004.4,97043.9,90.21675362
1746213300000,97044,97187.5,97000,97167.7,75.38540141
1746214200000,97167.6,97167.6,96802.1,96890.8,54.80852336
1746215100000,96890.9,97031,96756,96919.8,75.09194086
1746216000000,96920,97060,96836.5,97026.9,38.99195157
1746216900000,97026.9,97026.9,96907.8,96995.9,20.17314227
1746217800000,96996,97140,96972.9,97060.3,28.8146102
1746218700000,97060.2,97107.9,96986.9,97018.1,15.34942543
1746219600000,97018.1,97043.6,96987.1,97043.5,10.18701939
1746220500000,97043.6,97043.6,96928.4,96934.1,10.69444694
1746221400000,96934,96951.8,96801.7,96832.9,23.34494467
1746222300000,96832.7,96832.7,96555.2,96718.1,45.94789081
1746223200000,96718.1,96797.2,96614.1,96651.9,27.0576642
1746224100000,96651.9,96726,96571,96690.3,25.64377843
1746225000000,96690.3,96786.2,96600,96629.6,54.20884779
1746225900000,96629.7,96702,96603.2,96654.7,10.57333381
1746226800000,96654.7,96744,96600,96717.9,29.75700446
1746227700000,96717.9,96800,96662.1,96709.9,18.22567154
1746228600000,96709.9,96835.4,96702,96822.7,26.50350736
1746229500000,96822.8,96905.2,96802.1,96891.6,17.6095277
1746230400000,96891.7,96929.3,96810.1,96810.1,46.82943186
1746231300000,96810.2,96874.7,96746.9,96747,27.74119669
1746232200000,96746.9,96799.9,96672,96676.8,24.19389983
1746233100000,96676.7,96723.3,96626.1,96702,25.23383802
1746234000000,96702.1,96729.9,96574,96574,84.05032304
1746234900000,96574,96622,96514.7,96592.3,29.88825774
1746235800000,96589.9,96589.9,96450,96484,40.08321588
1746236700000,96484,96505.3,96435.2,96505.3,22.70690198
1746237600000,96508,96661.7,96492.1,96626,17.28844813
1746238500000,96626,96669.4,96600,96665.5,14.16140949
1746239400000,96665.5,96710.5,96577,96577,121.19407925
1746240300000,96577,96577,96524,96524.1,108.40164153
1746241200000,96524,96543.1,96473,96481.1,118.81450469
1746242100000,96481,96489.2,96364.1,96404.1,154.506444
1746243000000,96404.2,96439.7,96303.7,96404,34.16679354
1746243900000,96403.9,96509.9,96321.5,96336,47.84205107
1746244800000,96336,96460.7,96308,96459.6,15.78398887
1746245700000,96459.6,96529.9,96391.4,96482,25.71305391
1746246600000,96482,96587.9,96466,96557.6,8.1296915
1746247500000,96557.7,96591.5,96490.1,96519.4,9.7813247
1746248400000,96519.5,96529.7,96408,96418.4,10.25241404
1746249300000,96418.4,96550,96418.4,96537.8,14.55577926
1746250200000,96537.8,96600,96488.3,96599.9,34.77186904
1746251100000,96599.9,96600,96400,96420,15.65135085
1746252000000,96420,96420.1,96320.1,96339.9,24.99794779
1746252900000,96340,96340,96188,96204.4,71.6904128
1746253800000,96204.4,96325.9,96197.4,96324,26.44520004
1746254700000,96324.1,96325.3,96123,96179.9,48.87779901
1746255600000,96180,96290.7,96149.8,96255.4,56.16247264
1746256500000,96255.5,96284.4,96155.3,96222.1,23.1684908
1746257400000,96222.1,96385.5,96205.7,96361.3,31.17758007
1746258300000,96361.4,96399.9,96292.3,96328,79.89540801
1746259200000,96328,96332,96131.3,96159.7,470.5011475
1746260100000,96159.7,96380.7,96150.6,96380.7,148.32817946
1746261000000,96380.6,96444.3,96358.4,96371.2,137.11025252
1746261900000,96371.2,96417.2,96289.6,96302,15.31277841
1746262800000,96302.1,96349.9,96234.1,96250,9.64497695
1746263700000,96250,96418.2,96250,96330.3,10.82474411
1746264600000,96330.3,96330.3,96266,96267.1,6.37571628
1746265500000,96267.1,96376.2,96200,96260.5,32.18397918
1746266400000,96260.1,96260.1,96150,96169.3,28.34391015
1746267300000,96169.3,96232,96157.8,96160.9,12.72738128
1746268200000,96160.9,96220.2,95914.4,95957.1,155.23439953
1746269100000,95957.1,96057.1,95850,95916.1,119.75833841
1746270000000,95916.1,95972.5,95874.3,95954.9,29.74700867
1746270900000,95954.9,96054,95922,96024.9,36.51185033
1746271800000,96024,96099.9,95908.1,95957.9,30.42972112
1746272700000,95958,95999,95890.7,95944,25.89204465
1746273600000,95944.1,95987.4,95892,95942.2,38.09936315
1746274500000,95942.3,96075.9,95942.2,96058,37.01403519
1746275400000,96058.1,96159.9,96002,96153.5,19.04489284
1746276300000,96153.4,96182.7,96080.3,96135.9,34.49499553
1746277200000,96136,96214.1,96108.2,96187,15.70814458
1746278100000,96187.1,96260.1,96181.6,96260,19.97930523
1746279000000,96260,96326,96190,96269,20.03749805
1746279900000,96269,96346,96252,96344,20.11991228
1746280800000,96343.9,96460.2,96296.1,96303.1,39.6647679
1746281700000,96303.2,96428.2,96293.7,96370,11.15734217
1746282600000,96369.9,96387.7,96291,96370.2,21.1128559
1746283500000,96370.1,96394,96315.4,96381.9,12.7452097
1746284400000,96381.9,96514,96381.9,96461.9,21.05917773
1746285300000,96462,96462,96415.3,96429.9,11.35956087
1746286200000,96429.9,96499,96420.7,96433.2,37.95424761
1746287100000,96433.2,96481.3,96326.1,96428,231.54341446
1746288000000,96428,96434.2,96303.9,96303.9,20.0810806
1746288900000,96304,96320.9,96202.9,96280.5,66.64478168
1746289800000,96280.5,96281.4,96116.9,96169.1,27.54799187
1746290700000,96169.1,96245.5,96065.2,96215.1,30.34728698
1746291600000,96215,96215,95961.7,96042.2,24.42526225
1746292500000,96042.6,96121.9,95875.7,96121.8,53.99911633
1746293400000,96121.8,96129.9,95981,96081.9,15.43413394
1746294300000,96081.9,96198.4,96081.8,96198.1,12.76045528
1746295200000,96198.1,96216.6,96109.3,96216.6,8.78312196
1746296100000,96216.6,96279.9,96134.6,96185.1,17.16220679
1746297000000,96185.1,96185.1,96105,96105.5,7.34060347
1746297900000,96105.5,96180,96105.5,96155,8.49548119
1746298800000,96155.1,96212.9,96131.2,96206,4.81504752
1746299700000,96206.1,96273.3,96204,96272.3,7.90506419
1746300600000,96272.3,96349.2,96272.2,96296,14.35071787
1746301500000,96295.9,96366.6,96295.5,96359.9,18.48398766
1746302400000,96360,96402.2,96345.3,96345.3,17.97701284
1746303300000,96345,96378,96314.3,96366.8,4.99422308
1746304200000,96366.9,96376,96285.7,96353.9,12.4406289
1746305100000,96354,96374,96302.7,96350.9,15.50451122
1746306000000,96351,96351,96251.4,96288,18.79237374
1746306900000,96288,96433.1,96285.4,96427.2,21.63051032
1746307800000,96427.2,96448,96264.8,96302.4,24.12443185
1746308700000,96302.4,96352.6,96250,96278.7,21.18076483
1746309600000,96278.8,96367.7,96210,96219,57.29931234
1746310500000,96218.9,96265.9,96206.6,96236.4,11.14528258
1746311400000,96236.4,96276.5,96220.7,96276.4,11.53540496
1746312300000,96276.4,96276.4,96168.2,96180.6,9.76427177
1746313200000,96180.6,96186,96148.1,96148.2,13.34945221
1746314100000,96148.1,96182.8,95940,95940,45.45274784
1746315000000,95940,96037.7,95751.6,95918,129.51841717
1746315900000,95918,95970,95824,95861.6,20.90154305
1746316800000,95860.1,95962,95774.5,95961.2,16.95905829
1746317700000,95961.3,96055,95906.1,95914,21.73264015
1746318600000,95914,95959.9,95778.3,95809.2,27.48439561
1746319500000,95809.2,95923.9,95776,95873.9,23.48927792
1746320400000,95873.9,95958,95800.6,95948,18.10199093
1746321300000,95948.1,95978,95832.6,95954.9,93.61857718
1746322200000,95954.1,95968.1,95600,95683.3,127.26360836
1746323100000,95683.3,96184,95602,96099.9,121.01930655
1746324000000,96100,96282,96080.2,96219.9,86.14692388
1746324900000,96218.9,96299.9,96116.1,96181.9,101.34317099
1746325800000,96181.9,96246.2,95810.1,95909.2,52.70276402
1746326700000,95909.1,95979.7,95808,95884.3,28.55455716
1746327600000,95884.3,95903.7,95666.6,95762.9,115.05550459
1746328500000,95762.1,95808.7,95674.6,95804.9,18.79057139
1746329400000,95804.9,95888,95714,95765.5,12.47178673
1746330300000,95765.4,95866.1,95720,95736,12.45809508
1746331200000,95736,95880,95735.9,95849.9,10.73598839
1746332100000,95849.9,95945.9,95848.4,95919.7,29.79556439
1746333000000,95919.8,95927.9,95754.3,95774,14.07145763
1746333900000,95773.9,95861.9,95735,95738.1,29.52388444
1746334800000,95738.2,95969.1,95700,95903.9,41.02088191
1746335700000,95903.9,95987.2,95790.5,95947.9,15.84964821
1746336600000,95948,95992.4,95903.5,95963.9,12.2097953
1746337500000,95963.9,96145.4,95963.9,96048,46.49864515
1746338400000,96048.1,96148,95967.1,96038.9,33.90592694
1746339300000,96039.2,96089.6,95942,95955.1,35.29074643
1746340200000,95955.1,95976,95867.8,95926,14.51803372
1746341100000,95926.7,96000,95908,95915.9,19.25686017
1746342000000,95916,96080,95872.7,96050,28.8732155
1746342900000,96050,96089.3,95894.1,95918,10.85773536
1746343800000,95918,95918,95812.6,95844.1,24.98411828
1746344700000,95844.1,95906,95827.6,95895.3,16.75182352
1746345600000,95895.3,95939.3,95888.7,95898.4,8.62496051
1746346500000,95898.4,95898.5,95620.6,95684.6,80.51900198
1746347400000,95686,95708,95425.8,95621.9,152.86665525
1746348300000,95621.8,95700,95544.4,95650,35.30985537
1746349200000,95650,95696.9,95552,95653.7,36.03702719
1746350100000,95653.6,95661.8,95462.4,95499.9,18.23152678
1746351000000,95500,95603,95440.1,95503.3,29.90844958
1746351900000,95503.4,95571.8,95464,95495.9,21.03360279
1746352800000,95496,95522,95410.4,95461.3,28.28799509
1746353700000,95461.4,95472,95294.2,95449.5,121.0204582
1746354600000,95449.5,95513.3,95392.1,95495.8,22.74021438
1746355500000,95495.9,95537.9,95387.9,95398,15.61030627
1746356400000,95398,95531,95361.9,95475.1,20.2300476
1746357300000,95475.2,95567,95448.1,95482,28.17671336
1746358200000,95482,95522,95429.2,95455.1,18.40048171
1746359100000,95455.2,95489.9,95383.4,95430,11.37866404
1746360000000,95430,95509.9,95418.1,95509.9,7.55653463
1746360900000,95510,95594.3,95441,95464,22.18038502
1746361800000,95464,95545.9,95442.5,95537.3,21.8750925
1746362700000,95537.3,95600,95476,95477.9,26.5517739
1746363600000,95478,95613.3,95454.2,95454.2,14.10465956
1746364500000,95453.8,95453.8,95321,95446,31.96041658
1746365400000,95446,95454.2,95256,95267.7,65.41136183
1746366300000,95267.6,95419.9,95234,95386.7,26.91261959
1746367200000,95389.5,95529,95335.3,95488.8,12.58131609
1746368100000,95488.9,95584.6,95478.1,95581.2,23.23074276
1746369000000,95581.2,95611.3,95508,95559.8,30.37931873
1746369900000,95559.7,95649.2,95535.5,95604.9,19.05026181
1746370800000,95604.8,95696.9,95604.8,95654,40.70641239
1746371700000,95654.1,95660,95524.7,95602.1,37.57225804
1746372600000,95602.1,95602.9,95447.7,95456.2,12.63356332
1746373500000,95456.2,95500,95418.1,95467.6,19.77426558
1746374400000,95467.6,95542,95387.9,95449.8,14.01410366
1746375300000,95449.9,95570.7,95374,95502,23.00762233
1746376200000,95502.1,95510,95295.2,95331.1,18.2317756
1746377100000,95331.1,95395.4,95294,95347.2,20.00079661
1746378000000,95347.2,95484.1,95339.7,95455.1,9.44750166
1746378900000,95455.2,95455.2,95302.3,95344,13.30099785
1746379800000,95344,95405.2,95242.5,95391.2,14.47829419
1746380700000,95391.2,95473.5,95386.6,95409.5,34.71774145
1746381600000,95409.5,95485.9,95353.7,95361.4,22.12609269
1746382500000,95361.5,95491.9,95361.5,95458,17.45091748
1746383400000,95457.9,95487.9,95394.2,95431.5,9.43243525
1746384300000,95431.5,95480.1,95376,95376,13.45929888
1746385200000,95376.1,95453.6,95338,95428,21.31298345
1746386100000,95428.1,95488.2,95404,95488.1,11.50728472
1746387000000,95488.2,95640.4,95468.1,95604,21.07285203
1746387900000,95604,95632.8,95528,95583.3,8.56411939
1746388800000,95584,95662,95584,95645.1,9.11835897
1746389700000,95645.2,95724,95564.1,95721.8,25.59853253
1746390600000,95721.7,95730.7,95650,95696.1,32.08966047
1746391500000,95696,95719.9,95674,95712.7,29.37141787
1746392400000,95712.6,95760.4,95616.7,95619.9,34.93383832
1746393300000,95619.9,95692,95618,95685.8,15.51078359
1746394200000,95685.8,95749.6,95673,95736.9,12.99684297
1746395100000,95737,95737,95639.7,95671.2,7.36582372
1746396000000,95671.3,95684.5,95103.7,95220.3,264.6998683
1746396900000,95220.3,95324.1,95136,95222.2,52.39542508
1746397800000,95222.2,95222.2,94729.4,94883.6,313.1864606
1746398700000,94883.5,95030,94800.1,95012.5,36.10944127
1746399600000,95012.5,95032.1,94588.3,94784.5,172.49961648
1746400500000,94786.4,94789.9,94400,94417.9,154.22039364
1746401400000,94417.9,94516,94123.2,94132,361.20641415
1746402300000,94136,94357.9,94134.7,94273.7,133.76328581
1746403200000,94273.8,94492.9,94200,94433.4,62.90743169
1746404100000,94433.4,94738.1,94433.4,94732,73.09075379
1746405000000,94732,94800,94654.4,94670.7,29.07080471
1746405900000,94670.6,94763.3,94668.9,94714.1,32.34649383
1746406800000,94714.1,94757.1,94350.1,94481.1,156.84211216
1746407700000,94481.1,94530.1,94216.6,94216.6,170.35058958
1746408600000,94216.6,94250,93701.1,93954.1,538.51506898
1746409500000,93954.1,94039.5,93860,93923.4,46.07288763
1746410400000,93923.4,94054.2,93489.1,94054.2,224.07789138
1746411300000,94054.2,94326.8,94054.2,94270,75.48334423
1746412200000,94270,94388,94246,94259.2,48.61419966
1746413100000,94259.2,94393.9,94196.1,94241.9,68.14500281
1746414000000,94242,94303.4,94094.2,94141.5,37.88354407
1746414900000,94141.6,94251.9,94016,94026.6,58.8312709
1746415800000,94026.6,94188,94026.6,94188,52.02499709
1746416700000,94188,94196.8,94036.8,94044,18.14249034
1746417600000,94044.1,94200,94017.6,94160.3,37.26419599
1746418500000,94160.3,94338.7,94160.3,94330.3,35.18055639
1746419400000,94330.3,94430,94298,94427.9,56.95133299
1746420300000,94428,94451.2,94353.7,94417.9,43.7341687
1746421200000,94418.3,94477.6,94234,94290,61.72500108
1746422100000,94289.9,94448.5,94272.1,94426.1,15.02143817
1746423000000,94426.2,94546.2,94360.7,94508.1,41.7636827
1746423900000,94508.2,94771.9,94500,94741.5,113.82602939
1746424800000,94744,94790,94628,94640,55.84899821
1746425700000,94640.1,94711.9,94568,94593.3,37.10123467
1746426600000,94593.3,94773,94588,94708.1,39.09806077
1746427500000,94708,94774,94660,94766.9,24.09634113
1746428400000,94766.9,94825.6,94577,94601,50.56128305
1746429300000,94601,94653.7,94536.1,94585.9,54.10425434
1746430200000,94585.9,94718,94571.5,94716.2,32.20095377
1746431100000,94716.2,94765.9,94654.8,94759.9,48.62649969
1746432000000,94760,94796,94648,94665.3,45.95640743
1746432900000,94665.4,94709.9,94559.6,94559.7,32.00864868
1746433800000,94559.7,94637.3,94501,94550.8,49.19485608
1746434700000,94550.8,94613.1,94500.4,94567.8,36.90696673
1746435600000,94567.9,94621.9,94516,94516,28.40088322
1746436500000,94516,94650.4,94490,94613.9,20.72771268
1746437400000,94614,94654,94540,94609.9,25.54179336
1746438300000,94609.9,94653.7,94554.7,94566.9,19.09919021
1746439200000,94567,94575.4,94405.6,94435.9,38.26028013
1746440100000,94435.9,94459.9,94370.8,94372.7,31.73181123
1746441000000,94372.7,94460,94158,94208,117.93851212
1746441900000,94208,94223.9,94062.8,94126,62.77943036
1746442800000,94126.1,94236,94092.1,94236,18.52310291
1746443700000,94235.9,94287.4,93996,94018.1,82.09353013
1746444600000,94018.2,94089.9,93900.1,93949.9,88.94673681
1746445500000,93949.9,94141.4,93948,94046,39.35327511
1746446400000,94046.1,94224.3,93917.3,94202.1,46.73285327
1746447300000,94202.5,94354,94163.4,94322.5,43.57253855
1746448200000,94322.5,94350.5,94236,94326.2,28.25361525
1746449100000,94326.1,94353.9,94260,94339.9,23.47176441
1746450000000,94339.9,94415.6,94200.4,94214,39.20536769
1746450900000,94214,94373.9,94133.3,94178.5,40.59100392
1746451800000,94178.5,94259.9,93714.3,93887.8,154.69466406
1746452700000,93887.9,94233.2,93647,94233.2,129.92370945
1746453600000,94233.2,94550,93990.6,94023.4,147.64484049
1746454500000,94026.5,94200,93818.6,93944.2,63.9409935
1746455400000,93944.2,94151.9,93732.9,94086.3,51.67421026
1746456300000,94087.9,94235.5,93851.6,93887.9,85.90358814
1746457200000,93887.9,93898,93614.1,93734.4,84.96778561
1746458100000,93734.3,93981.3,93661.3,93858,36.4377894
1746459000000,93858.1,93954.9,93694.1,93728.2,52.95615179
1746459900000,93728.3,93789.8,93620,93782.8,35.51881944
1746460800000,93782.9,94052.7,93766,93983.9,37.92359368
1746461700000,93983.9,94277.2,93976,94189.8,44.09887476
1746462600000,94189.8,94291.6,94134,94239.7,33.35576624
1746463500000,94239.6,94273.9,94106,94216,34.84086689
1746464400000,94216.1,94280,94070,94092.2,34.68451256
1746465300000,94092.2,94425.9,94080,94366.2,22.06145884
1746466200000,94366.2,94634,94363.9,94456,80.97586948
1746467100000,94455.9,94547.7,94420.1,94511.4,26.9851433
1746468000000,94511.5,94688.3,94444.7,94672.1,31.07534171
1746468900000,94671.2,94710,94554,94594,23.11763899
1746469800000,94594,94916.8,94570,94850,52.30883234
1746470700000,94850.1,94896,94710.2,94733.1,32.0594942
1746471600000,94733.2,94849.5,94666.6,94800.6,21.32576615
1746472500000,94800.7,94906.6,94606,94649.5,30.31161785
1746473400000,94649.4,94689.9,94487.8,94505,23.53612455
1746474300000,94505,94506,94286.8,94351,32.97175501
1746475200000,94350,94370,94180,94240.1,39.8888447
1746476100000,94240.1,94299.9,94171.1,94198,14.94429694
1746477000000,94198,94198,93873.5,94056.4,83.11793221
1746477900000,94056.5,94300.1,94000,94254,129.12886941
1746478800000,94254,94610.2,94242,94594,26.39223343
1746479700000,94594,94678.8,94526.2,94620.2,18.69048779
1746480600000,94620.2,94620.3,94360,94566.6,29.76308355
1746481500000,94566,94843.5,94549,94725.9,50.60915587
1746482400000,94725.9,94880,94717.9,94836,59.29328143
1746483300000,94836.1,94997.9,94836.1,94891.9,45.9888199
1746484200000,94892,95217.5,94892,95196,197.64771013
1746485100000,95196,95196,94979.5,95049.9,44.30677724
1746486000000,95049.9,95138,95001.1,95001.1,42.89347835
1746486900000,95000.9,95135.1,94890.5,94899.8,39.38845235
1746487800000,94899.8,94924,94818.1,94827.2,42.34927349
1746488700000,94827.1,94843,94699.9,94737.3,121.43536487
1746489600000,94737.3,94786,94638.1,94686,21.03755851
1746490500000,94686,94737.3,94566,94727.8,30.21099682
1746491400000,94728.8,94731.1,94430,94463.9,38.52093246
1746492300000,94464,94611,94456.8,94606.3,15.9047884
1746493200000,94606.3,94780.1,94481.5,94748.3,57.49699057
1746494100000,94744.1,94935,94744.1,94812,26.53262284
1746495000000,94812.1,94827.9,94382.4,94394.1,44.26927537
1746495900000,94394,94443.5,94300.1,94306,69.52637755
1746496800000,94306,94404.9,94211,94251.6,51.43372697
1746497700000,94254,94254,94055.5,94125.8,36.91386259
1746498600000,94125.7,94234,94018,94155.9,36.76419339
1746499500000,94155.9,94374.6,94155.9,94341.4,36.52676243
1746500400000,94341.4,94394,94240,94273.9,42.28155801
1746501300000,94273.9,94440,94219.6,94401.8,21.75619251
1746502200000,94401.8,94503,94401.8,94480,28.1960868
1746503100000,94480.1,94518,94432,94466.4,23.46381597
1746504000000,94466.5,94466.5,94343.3,94398.8,13.6314261
1746504900000,94398.7,94577.9,94366.7,94574,27.30465108
1746505800000,94574.1,94589,94456.8,94470.1,15.21547021
1746506700000,94470,94589,94470,94579.8,19.72571624
1746507600000,94579.9,94610,94486.8,94494.2,15.76780898
1746508500000,94494.1,94527.8,94338.2,94360.1,87.70590087
1746509400000,94360,94424.6,94305.9,94340,28.13871409
1746510300000,94344,94418,94306.9,94341.9,24.28809366
1746511200000,94342,94469.1,94328.7,94446.6,21.37035167
1746512100000,94446.6,94480.2,94395.2,94424.6,17.15896626
1746513000000,94424.6,94492,94382.1,94481.8,13.8815127
1746513900000,94481.9,94498,94419.1,94498,16.90652131
1746514800000,94498,94636,94484.1,94498.2,35.79025211
1746515700000,94498.2,94498.2,94420.8,94433.9,21.93407973
1746516600000,94434,94544,94350.1,94406,32.07912059
1746517500000,94406,94466,94384,94390,42.70392238
1746518400000,94392,94400,94173.4,94207.9,45.25730332
1746519300000,94207.9,94225.9,94000,94047.7,235.16429938
1746520200000,94049.3,94280.7,94049.3,94261.2,36.62976666
1746521100000,94261.2,94380,94261.2,94379.9,35.85140617
1746522000000,94379.9,94381.9,94205.8,94205.8,21.60399015
1746522900000,94205.8,94231.9,94150,94190.8,39.06801808
1746523800000,94190.7,94240,94126,94130.1,20.46779065
1746524700000,94130.1,94233,94112.1,94223.4,21.70720372
1746525600000,94223.5,94225.4,94140,94160.1,19.71070495
1746526500000,94160.1,94338.2,94146,94223.6,24.4300539
1746527400000,94222,94254.3,94039.8,94074.2,82.82721924
1746528300000,94073.1,94091.9,93864.1,93953.2,128.48713153
1746529200000,93953.2,94069,93919.8,94003,24.4450654
1746530100000,94003,94062,93880,93890.5,29.52689445
1746531000000,93890.6,93980,93814.1,93885.9,29.8590437
1746531900000,93885.9,93910,93720.1,93814,44.09029367
1746532800000,93814.1,93919.8,93770,93819,25.25316827
1746533700000,93819,93887.7,93777.9,93831.9,56.77349337
1746534600000,93831.9,94024,93831.9,94002,43.2462027
1746535500000,94001.9,94052,93928.1,93953.7,37.14692933
1746536400000,93953.8,93963.9,93732.4,93736,116.60319938
1746537300000,93736,93876.1,93734.4,93744,53.92221998
1746538200000,93744.1,94017.8,93711.3,93959.8,85.19893826
1746539100000,93959.9,94021.9,93390.1,93615.4,228.28575001
1746540000000,93612.8,94199.2,93610.5,94040,136.86092205
1746540900000,94040,94695.6,94040,94316.4,450.44226707
1746541800000,94316.5,94473.5,94214.6,94262,74.81407734
1746542700000,94262.1,94360,94086.5,94151.9,71.96268756
1746543600000,94151.5,94341,94073.4,94341,46.986023
1746544500000,94341,94539.9,94204,94515.9,105.03574087
1746545400000,94515.9,94737.9,94455.6,94593.2,241.9266828
1746546300000,94593.2,94664,94500,94567.9,48.15010891
1746547200000,94568,94820.5,94382.3,94819.6,132.3346631
1746548100000,94819.6,94820.5,94428,94501.5,85.16677926
1746549000000,94501.5,94745,94465.6,94475.9,39.22105675
1746549900000,94475.9,94499.2,94214.5,94238,53.33138638
1746550800000,94238.1,94484.4,94238,94460.1,36.60014451
1746551700000,94460,94710,94452.6,94696.7,54.96860119
1746552600000,94696.7,94861.2,94581.3,94595.9,109.76052123
1746553500000,94595.9,94624,94498,94522.1,41.69202462
1746554400000,94522,94649.6,94501.9,94601.9,80.96804409
1746555300000,94602,94931.4,94601.9,94923.3,53.22508204
1746556200000,94923,94953.5,94813.1,94816.1,29.48240307
1746557100000,94816.1,95100.2,94816,95075.2,97.68153698
1746558000000,95075.3,95119.1,94936,95059.2,63.36505985
1746558900000,95059.3,95148.2,95014.6,95120.1,52.34898803
1746559800000,95120.1,95162.5,95044.2,95122.2,88.38580615
1746560700000,95122.1,95170,94916.6,94972.1,154.75421214
1746561600000,94972,95026,94892.1,94984,41.81365677
1746562500000,94984.1,94997.9,94770.1,94781.8,53.74774084
1746563400000,94781.9,94790,94632,94722.1,31.30077325
1746564300000,94722.1,94769.9,94628,94678,36.06684435
1746565200000,94678.1,94802,94588,94606.7,16.65940312
1746566100000,94606.8,94658,94454.1,94492.1,20.38756378
1746567000000,94492,94667.4,94492,94659.6,9.71666767
1746567900000,94659.7,94718.8,94618.8,94696,13.37554416
1746568800000,94695.9,95533,94680.4,95161.8,456.98330926
1746569700000,95161.9,95656.2,95141.5,95656.1,155.47589867
1746570600000,95656.1,96170.2,95615.7,96034.8,597.30436741
1746571500000,96034.9,96287.5,95999.9,96246.1,163.91115592
1746572400000,96246.1,96424.2,96089.3,96188,182.7097589
1746573300000,96188,96808.8,96174.1,96630.5,195.89805449
1746574200000,96630.5,96875,96462,96869.2,94.75848397
1746575100000,96869.1,96900,96755.5,96833.9,136.8928683
1746576000000,96834,97078.9,96741.7,97000,340.06309342
1746576900000,97000,97500,96968.2,97249.8,232.62328126
1746577800000,97249.8,97310,97120,97225.9,176.43550681
1746578700000,97225.9,97450,97124.2,97418.1,125.88538094
1746579600000,97418,97731.8,97413,97475.9,179.64751174
1746580500000,97476,97556,97382.2,97522,110.60359895
1746581400000,97521.9,97541.2,97255.9,97288.2,81.53857837
1746582300000,97288.1,97445.6,97176.9,97241.9,70.29402849
1746583200000,97242,97278,96805.1,96968,223.9754475
1746584100000,96968,97063.1,96850,96882.3,90.76062547
1746585000000,96882.3,96898,96727.2,96730.3,123.77464933
1746585900000,96730.3,96750.2,96483.3,96634,95.86754402
1746586800000,96634,96676,96387.2,96420.1,95.89157058
1746587700000,96420.1,96505.2,96213.3,96462.3,126.17333464
1746588600000,96462.4,96609.9,96450,96513.2,47.80253494
1746589500000,96513.2,96590.9,96438,96517.4,16.87241037
1746590400000,96517.5,96718.8,96517.5,96718.8,24.41631325
1746591300000,96718.8,96718.8,96564,96564,24.27470286
1746592200000,96564,96564,96456.7,96512.9,31.76224874
1746593100000,96512.9,96630.2,96424.2,96586,20.02038994
1746594000000,96586,96586,96455.4,96498.1,45.0725475
1746594900000,96498.1,96522.2,96400.1,96428,30.00597266
1746595800000,96428.1,96515,96348,96369.7,56.19454237
1746596700000,96369.7,96437.7,96324,96390,46.3681165
1746597600000,96390,96666.6,96362.2,96666.5,54.89448133
1746598500000,96666.5,96666.6,96528,96601.7,23.93587432
1746599400000,96601.7,96601.7,96460.8,96538.2,39.58958459
1746600300000,96538.2,96600,96451.6,96570,31.71350463
1746601200000,96569.9,96697.6,96555.2,96680.1,27.1122591
1746602100000,96680.1,96831.9,96657.9,96789,39.34713488
1746603000000,96789,96880,96736.4,96879.9,33.78095139
1746603900000,96879.9,97009.6,96875.1,96988,62.65649654
1746604800000,96988,97004.8,96857.1,96864.1,58.00042458
1746605700000,96865.6,96954,96864,96915.8,26.7690818
1746606600000,96915.7,97059.9,96880.9,97024.7,50.95559366
1746607500000,97024.7,97083,96965.4,97018.4,27.06314245
1746608400000,97018.1,97057.9,96926.4,96952.1,52.97874627
1746609300000,96952.2,96974,96871.8,96915.9,37.79873094
1746610200000,96914.1,97016,96868,97006,31.29415061
1746611100000,97005.7,97040,96949.9,96974.8,46.73616196
1746612000000,96974.8,96985.6,96870,96944,21.80663099
1746612900000,96944.1,96960,96834.1,96867.9,53.90290315
1746613800000,96867.9,97063.6,96830,97061.9,36.16302788
1746614700000,97061.9,97118,97007.1,97018.1,50.27770166
1746615600000,97018.1,97064,96942,97035.9,27.24380442
1746616500000,97035.9,97049.3,96934,96940,12.40505272
1746617400000,96939.9,97031.7,96926,97031.6,30.62868413
1746618300000,97031.6,97070.4,96972,97053,26.56382981
1746619200000,97053,97092,96924.3,96999.9,24.79759217
1746620100000,97000,97197.3,96959.2,96983.9,83.60206419
1746621000000,96984,97033.9,96864.1,96931.7,28.9134131
1746621900000,96931.8,96993.7,96888,96972.4,20.96932326
1746622800000,96972.4,96972.4,96829.9,96836,13.93212573
1746623700000,96836.1,96850,96727.2,96729.9,30.21682305
1746624600000,96730,97311.2,96715.2,97236.4,138.82367335
1746625500000,97236.3,97271.9,96840.1,97017.1,136.48901831
1746626400000,97017.2,97312.1,96963.1,97196.6,139.98633633
1746627300000,97196.5,97471.8,97125,97454.2,128.73059899
1746628200000,97454.2,97497.8,97306,97308.6,93.08348119
1746629100000,97308.6,97320.1,96804,96935.3,84.31021552
1746630000000,96934.4,97052.1,96764,96872.3,50.83519778
1746630900000,96872.3,97050,96856.1,97023.8,23.80737546
1746631800000,97023.8,97164.7,96923.5,97098,30.29104467
1746632700000,97098.1,97114.4,96834.1,96937,27.23203903
1746633600000,96937,96946.5,96660.3,96805.4,36.65941062
1746634500000,96805.4,96841.8,96531,96531.1,45.08292479
1746635400000,96531.1,96712,96518,96695.5,41.78191101
1746636300000,96695.5,96959.3,96680.1,96856.1,31.5574968
1746637200000,96856,96892.5,96732.4,96835.9,26.57251074
1746638100000,96835.8,96890,96623.5,96649.9,24.46425529
1746639000000,96649.9,96698,96552,96572.4,33.48100012
1746639900000,96572.1,96725.9,96199.1,96319.9,183.32865223
1746640800000,96316.6,96680.5,95894,96229.9,239.95127539
1746641700000,96229.9,96523.3,96118,96450.1,72.67881039
1746642600000,96450,96875,96300.2,96407.9,100.23222584
1746643500000,96408,96596,96004,96596,105.68751549
1746644400000,96596,96625,96324.3,96386,68.14540874
1746645300000,96386.1,96460,95990,96003,75.99459222
1746646200000,96003.1,96618.9,95788.9,96467.6,169.45750492
1746647100000,96468,96527.5,96081.4,96186.1,71.30639319
1746648000000,96187.9,96418,96072.2,96402.8,45.3877196
1746648900000,96402,96424.2,96219.5,96294,17.01643102
1746649800000,96293.9,96449.9,96276.3,96449.8,17.75989477
1746650700000,96449.9,96763.4,96416.5,96763.4,52.97029883
1746651600000,96763.5,96851.6,96644,96811.1,39.91290718
1746652500000,96811.2,97135.3,96775.6,97135.2,75.34512675
1746653400000,97135.3,97253,96966.8,97244.8,82.96127249
1746654300000,97244.8,97323,97008.4,97125.1,38.64265138
1746655200000,97126.1,97310.3,97053.4,97170.3,89.27942197
1746656100000,97170.2,97189.9,97009.3,97038.9,23.55460688
1746657000000,97038.2,97247.3,97018,97240.1,16.71927281
1746657900000,97240,97270,97163.9,97256.1,40.60328925
1746658800000,97256.1,97396.9,97242.8,97345.8,49.36510405
1746659700000,97345.8,97347.8,97182.1,97207.9,68.83738511
1746660600000,97207.8,97243.9,97000,97030,57.7808784
1746661500000,97030.5,97079.4,96967,97026,43.2483279
1746662400000,97026,97109.3,96965.9,97078,30.83377292
1746663300000,97077.9,97148,97004,97117.9,40.27262007
1746664200000,97117.9,97138.6,96872,96922.8,43.88224385
1746665100000,96924,97800,96887.2,97763.9,182.04645983
1746666000000,97761.8,98379.7,97742.2,97849.9,1059.28240005
1746666900000,97846.6,98075.2,97592,97968.8,245.65535817
1746667800000,97968.7,98019,97793.4,97829.9,87.1013817
1746668700000,97829.9,97945.8,97702,97812.1,71.53336254
1746669600000,97814,98061.9,97814,98061.9,68.6268597
1746670500000,98062,98590,98033.3,98587.2,292.54786156
1746671400000,98587.9,98844.7,98556.1,98666.1,204.83458722
1746672300000,98666.2,98830,98636.1,98676.7,73.61039968
1746673200000,98676.6,98867,98526,98773.3,150.05523905
1746674100000,98773.3,98832,98675.9,98792,68.96975349
1746675000000,98791.9,99118,98693.8,99117.9,155.2855628
1746675900000,99117.9,99233.9,98826,99148.6,165.96798473
1746676800000,99148.7,99390,99096.4,99207.6,209.27675758
1746677700000,99207.7,99421.9,99207.7,99357.7,84.19204713
1746678600000,99357.6,99357.6,99125.8,99143.9,81.64740997
1746679500000,99144,99200,98932.6,98955.1,135.64766329
1746680400000,98955.2,99129.6,98911.3,98925.6,75.02461772
1746681300000,98925.7,98951.5,98797.1,98946.7,77.00789094
1746682200000,98946.8,98955.9,98820.1,98883.9,41.91106926
1746683100000,98883.9,98900,98740,98752,20.18265752
1746684000000,98752,98916,98728,98915.9,50.84100907
1746684900000,98915.9,98915.9,98833.6,98852,33.6122325
1746685800000,98852,98928.4,98810.2,98928.3,38.19962769
1746686700000,98928.4,99043.7,98864.4,99040,54.4270758
1746687600000,99040,99185.8,99040,99148,89.56097311
1746688500000,99148,99332.3,99130,99321.9,136.04252182
1746689400000,99321.8,99400,99200,99359.2,211.04816084
1746690300000,99359.2,99359.3,99210,99263.7,85.85907466
1746691200000,99263.7,99642.8,99215,99496.8,251.55024513
1746692100000,99496.8,99722,99455.2,99541.9,178.58112647
1746693000000,99541.9,99665.1,99434.2,99634.1,90.35255404
1746693900000,99634.1,99800,99609.3,99671.7,146.80262583
1746694800000,99671.7,99710.1,99551.1,99589.7,138.84223175
1746695700000,99589.7,99688,99562,99654.6,97.10489325
1746696600000,99654.6,99654.6,99544,99608,30.11029191
1746697500000,99608.1,99819.4,99608,99796,75.09734344
1746698400000,99796.1,99815.6,99688,99691.5,48.1866944
1746699300000,99691.4,99835,99691.4,99825.9,60.28897636
1746700200000,99825.9,99886,99746.4,99780.8,86.02613327
1746701100000,99780.7,99900,99770.2,99787.4,49.62121987
1746702000000,99787.3,99790,99599.2,99612,146.20752523
1746702900000,99612,99694.9,99489,99507.9,109.04412256
1746703800000,99507.9,99597.7,99466,99576.2,151.17571146
1746704700000,99576.3,99592.3,99419.2,99419.3,52.51659034
1746705600000,99419.3,99497,99383.3,99389.8,55.20119012
1746706500000,99389.8,99554.8,99389.8,99435.5,95.21261828
1746707400000,99435.5,99567,99258.1,99303.2,79.8941366
1746708300000,99303.2,99462,99269.1,99295.3,63.49903957
1746709200000,99295.4,99402.9,99258,99264.1,34.80067602
1746710100000,99264.1,99446,99250,99431.7,53.54687189
1746711000000,99432,99640.2,99224.1,99304.1,111.09928972
1746711900000,99304.1,99423.9,99090.4,99301.4,76.54925015
1746712800000,99301.5,99453.3,99158,99182,119.3726091
1746713700000,99181.9,99538.6,99181.9,99505.9,49.29410761
1746714600000,99506.3,99784.1,99500.1,99636,180.28438816
1746715500000,99636,99818.1,99370,99380,186.65288146
1746716400000,99378.1,99772,99322,99741.9,109.68642444
1746717300000,99741.9,100888,99666.6,100636.7,988.01093462
1746718200000,100636.6,101546.6,100420.1,101275.6,559.20107402
1746719100000,101275.6,101443.8,100687,100763.4,378.1809961
1746720000000,100763.3,101025,100594.9,100981.9,171.38539074
1746720900000,100982,101158,100796,100864.9,119.62570799
1746721800000,100864.9,101187.9,100728.1,101163.3,82.97386376
1746722700000,101163.3,101358,101062.4,101286,87.83966071
1746723600000,101286,101299.9,101111.8,101247.8,85.0711882
1746724500000,101247.8,101714.2,101247.8,101528,175.4724477
1746725400000,101528.1,101601,101033.3,101077.9,116.34091146
1746726300000,101074.7,101110,100788.3,101023,96.00607447
1746727200000,101023,101321.9,100965.8,101248.2,70.9014379
1746728100000,101246.3,101404,101209.7,101324.2,43.84937763
1746729000000,101324.3,101473.6,101260,101317.1,53.24733413
1746729900000,101317.1,101422.6,101247.6,101365.9,22.41014509
1746730800000,101365.9,101365.9,101055.8,101068.1,62.009416
1746731700000,101068.1,101353.2,101002.8,101198,103.67468627
1746732600000,101198,101316.2,101175.6,101252.8,165.88555676
1746733500000,101252.8,101354,100970.1,101317,157.60573724
1746734400000,101318,101849.6,101290,101450,174.10053633
1746735300000,101450.1,101581.9,101290.4,101577.9,63.14039037
1746736200000,101577.9,102308.2,101577.9,102124.2,289.04318011
1746737100000,102126,102850,102020.1,102614.2,274.09711597
1746738000000,102604.2,102682.1,102118.1,102512,118.59590611
1746738900000,102512.1,104295.8,102452,103326.8,652.82859682
1746739800000,103326.7,103687.4,102853.4,103005.2,197.44405839
1746740700000,103006,103311.5,102608,102832.5,188.4712207
1746741600000,102832.5,102855.3,102400.1,102575.1,117.44161775
1746742500000,102573.6,103054.2,102573.6,102820.6,138.15343363
1746743400000,102820.6,103206.2,102674.3,103198.4,65.80971254
1746744300000,103198.3,103229.4,102900.1,103017.8,63.77399145
1746745200000,103017.9,103119.9,102800.1,102990.1,66.35975668
1746746100000,102990,103188.6,102788.7,102853.5,56.21389476
1746747000000,102853.5,103116.5,102836.1,103085.4,66.23970671
1746747900000,103085.3,103309.3,103022.3,103270,54.15383925
1746748800000,103269.9,103274,103009.1,103050,62.15897954
1746749700000,103049.6,103176,102808.5,102823,54.6842457
1746750600000,102823.1,102872,102531.6,102699.9,77.75589961
1746751500000,102699.9,103056.4,102658,102815,70.4340288
1746752400000,102815,102968,102700.1,102744.6,49.81490561
1746753300000,102744.5,103000,102550,102764.5,96.97858814
1746754200000,102764.4,102920.8,102619.7,102909,72.67655804
1746755100000,102909,103139.2,102845.5,103102.5,115.20719402
1746756000000,103102.4,103102.4,102896.4,102920,65.4969418
1746756900000,102921.9,103012,102723.4,102724,47.83505286
1746757800000,102724,102766.8,102620,102635.1,21.81621449
1746758700000,102635,102741.9,102488.9,102611.9,53.41801058
1746759600000,102611.9,102795.4,102445.1,102739.1,63.63473468
1746760500000,102739.1,102803.7,102600,102636.3,85.3956271
1746761400000,102637.8,102652,102349.7,102374,100.64030801
1746762300000,102374,102477.9,102349.9,102451.1,145.0264117
1746763200000,102451,102673.7,102376.2,102651.4,51.98054179
1746764100000,102650.1,102700,102532,102558.3,32.87205842
1746765000000,102558.4,102593.9,102476.2,102583.2,80.86979922
1746765900000,102583.1,102857.2,102573.3,102826.1,77.51575595
1746766800000,102826.1,102873.9,102714.1,102742.3,40.81027147
1746767700000,102742.3,102756,102577.4,102727,47.91457727
1746768600000,102727,102938.9,102725.8,102938.9,160.95423319
1746769500000,102938.9,102972.2,102893.3,102972.1,48.51035661
1746770400000,102972.2,103040,102932.1,102943.2,138.02857051
1746771300000,102944,103236,102928.1,103133.1,170.05673679
1746772200000,103132.2,103225.9,103000,103053.9,63.36447039
1746773100000,103053.9,103270.6,103035.6,103238.7,208.84337745
1746774000000,103238.1,103514.5,103116.7,103496.1,307.35927616
1746774900000,103496.1,103796.4,103433.3,103777.3,276.37935096
1746775800000,103777.3,104000,103506.4,103895,340.65543744
1746776700000,103895.1,104366,103626.1,103630,423.156963
1746777600000,103629.9,103721,103360.9,103519.9,174.12405054
1746778500000,103520,103942,103480.3,103631.3,158.79253855
1746779400000,103632,103889.7,102601.6,102756.1,280.87631238
1746780300000,102756.1,103065.1,102754.1,102966.8,127.11890873
1746781200000,102964.1,103290.7,102554.9,102633.8,166.65318097
1746782100000,102638,102994.2,102418.2,102566,166.83885341
1746783000000,102564,102888.8,102415.9,102767.6,98.40445375
1746783900000,102767.7,102948.4,102590.1,102923.7,52.18666958
1746784800000,102924.5,103128.4,102800.1,103040,74.28294662
1746785700000,103042,103123.9,102918,103096.8,36.85922877
1746786600000,103096.8,103277.1,102956.1,103269.3,43.53304615
1746787500000,103269.3,103474,103224,103368.4,48.26338046
1746788400000,103368.1,103370.6,103100,103221.4,49.87825705
1746789300000,103221.4,103524.9,102680.5,103034.5,157.10096138
1746790200000,103034.5,103154.9,102860.1,103141.7,52.21374256
1746791100000,103141.6,103250,102925,102962.6,42.96099696
1746792000000,102962.7,103110,102800,102943.9,54.79669159
1746792900000,102944,103143.9,102880,103115.6,35.58300688
1746793800000,103115.7,103163.9,102948,102995.3,21.57582659
1746794700000,102995.4,103128.8,102880,102903.9,24.39707273
1746795600000,102904,103144,102900,103139.6,57.78902021
1746796500000,103139.6,103179.3,102914,103002.8,37.93337985
1746797400000,103001.4,103375,102829,103268,87.15543084
1746798300000,103268,103791.1,103225.1,103624.4,124.02552191
1746799200000,103624.3,103666.6,103272.8,103554.1,156.781952
1746800100000,103556,103749.9,102617.8,102664,210.93928498
1746801000000,102664.1,103022,102400.1,102964.9,265.27360239
1746801900000,102964,103199.8,102620.8,103162.4,183.89822587
1746802800000,103162.5,103318.6,103006,103104.5,74.5145466
1746803700000,103104.5,103167.9,102743.5,102881.9,101.26390589
1746804600000,102880.1,102923.9,102700,102854,41.25234151
1746805500000,102853.9,102948,102703.1,102904,83.09043839
1746806400000,102904.7,102938,102502.9,102821.2,86.0500303
1746807300000,102821.1,102936.2,102651.9,102761,30.32728627
1746808200000,102762.5,102915.6,102691.8,102738.2,45.91088053
1746809100000,102738.2,102775.9,102300,102483.9,83.94268168
1746810000000,102483.2,102889.7,102343.5,102785.9,74.13609284
1746810900000,102786,103050,102785.9,103035,89.74786642
1746811800000,103035,103212,102951.2,103129.5,66.29951743
1746812700000,103128,103240,103110,103212.8,51.72850736
1746813600000,103212.8,103250,103020.1,103110,74.25672913
1746814500000,103110,103232,102932.6,103179.9,38.23137931
1746815400000,103179.9,103360,103149.5,103315.2,44.37899432
1746816300000,103315.2,103373,103175.8,103183.1,44.08295346
1746817200000,103183.1,103293.9,103142.6,103148,60.97340983
1746818100000,103148,103148.1,102892.7,102993.8,67.29290251
1746819000000,102993.9,103114.4,102899.5,103098.9,42.15404254
1746819900000,103098.9,103213.2,103057,103199.9,66.54811698
1746820800000,103195.9,103418,103171.9,103310.5,46.02636936
1746821700000,103310.5,103364.4,103300,103321.8,22.22178687
1746822600000,103321.9,103321.9,103198.4,103237.9,23.0240341
1746823500000,103237.9,103254,103141,103193.9,16.7356157
1746824400000,103194,103227.8,103004.6,103016,42.56451727
1746825300000,103016,103088,102777.7,102927.1,57.56892113
1746826200000,102927.2,103000,102813.5,102814.5,15.40156295
1746827100000,102814.4,102992,102782.7,102992,14.07511326
1746828000000,102992,103077.9,102983.7,103020.1,13.4162204
1746828900000,103020.1,103057.9,102920,103057.9,13.13113157
1746829800000,103058,103082,102918,102948.2,9.23108174
1746830700000,102948.3,102958.8,102738.7,102790.9,28.44663034
1746831600000,102791,102893.9,102740.1,102892.2,32.89330863
1746832500000,102892.1,102985.3,102850.1,102946.1,15.64550122
1746833400000,102946,102990.4,102897.4,102939.3,13.74249375
1746834300000,102939.9,102993,102922,102986,7.73551127
1746835200000,102986.1,103118.7,102936.3,103008,40.54279533
1746836100000,103007.9,103135.2,102925.6,102947.9,44.03179749
1746837000000,102947.9,102988.7,102874,102882.1,26.11315752
1746837900000,102882,102958.9,102824.2,102860.1,45.49888169
1746838800000,102860.1,102981.4,102860,102964,13.75627716
1746839700000,102964,103086,102962,103064.5,18.29954929
1746840600000,103064.4,103124,103015.6,103021.8,18.23881231
1746841500000,103022,103076,102888,102978.1,22.24779662
1746842400000,102978.1,103051.3,102943.3,103051.1,14.3203448
1746843300000,103051.2,103080,102950,103010,23.10265143
1746844200000,103010,103241.1,102990.6,103191.5,37.80017237
1746845100000,103191.5,103272.9,103098.3,103152.1,31.48091916
1746846000000,103152.1,103165.6,103074.2,103096.7,9.19554896
1746846900000,103096.6,103096.7,102964.8,103030.1,17.436735
1746847800000,103032.1,103190,103032.1,103186,21.06324064
1746848700000,103185.9,103230.5,103156,103222,16.89082051
1746849600000,103222.1,103222.1,103051,103119.3,20.74480324
1746850500000,103119.2,103211.9,103035.2,103128.4,13.95539103
1746851400000,103128.3,103190,103068,103152.1,16.26047793
1746852300000,103152,103192.2,103133,103168,8.03046717
1746853200000,103168.1,103214.4,103130,103153.1,20.45736859
1746854100000,103153.2,103326.4,103100,103187.1,100.12030379
1746855000000,103187,103246,103105.5,103239,27.139845
1746855900000,103239.1,103370.4,103150,103370.4,41.22673604
1746856800000,103370.5,103502.2,103370.1,103408.1,115.28656046
1746857700000,103407.7,103738,103400.1,103736.8,90.71019441
1746858600000,103736.9,103899.9,103627.1,103647.8,97.57143539
1746859500000,103647.8,103956.7,103554,103946.4,79.83553949
1746860400000,103946.1,104122,103800,103803.4,127.75180824
1746861300000,103803.5,103886.5,103662,103750.8,87.99840677
1746862200000,103750.7,103840.4,103660.6,103660.6,66.3277162
1746863100000,103660.7,103896,103642.9,103777.9,74.56207507
1746864000000,103778,104091.1,103738.5,103819.9,95.33520942
1746864900000,103820,104018,103786,104009,27.88463996
1746865800000,104009,104009.8,103847.9,103890.4,41.99795246
1746866700000,103890.4,103917.2,103466.6,103638.2,131.2653503
1746867600000,103638.2,103675.7,103368,103480,77.45394624
1746868500000,103480.1,103644.2,103419,103601.9,35.46751908
1746869400000,103601.9,103922.8,103521.2,103737,69.45840142
1746870300000,103736.9,103886.5,103736.9,103775.9,64.20067874
1746871200000,103776,103899.5,103730.2,103823.6,16.04812025
1746872100000,103823.6,103884,103754.5,103761.9,12.72167167
1746873000000,103761.9,103864.5,103663.7,103726,35.79098623
1746873900000,103726.1,103809.9,103591.7,103598,32.35592898
1746874800000,103596.2,103670,103526.1,103620.9,30.81251846
1746875700000,103620.9,103638,103526.7,103556,26.61706659
1746876600000,103555.9,103559.8,103392,103468.1,57.77793242
1746877500000,103468,103517.5,103404,103432.2,24.69860952
1746878400000,103432.3,103664.1,103422.7,103610.4,22.46602095
1746879300000,103610.5,103795.9,103548.1,103732.1,60.27157739
1746880200000,103732,103830,103636.9,103647.9,45.00894631
1746881100000,103647.9,103738,103633.8,103702.7,15.53320057
1746882000000,103702.8,103808.6,103662.1,103671.7,24.10306294
1746882900000,103671.6,103676,103532,103592,28.06820502
1746883800000,103592.1,103658,103543.5,103600,24.1577164
1746884700000,103600,103724,103599.9,103640.1,34.62507977
1746885600000,103640.1,103677.4,103534,103566.1,28.17885182
1746886500000,103566.2,103577.9,103425,103498.4,40.54149536
1746887400000,103498.4,103552.6,103477.4,103552.5,27.39491654
1746888300000,103552.5,103627.7,103460.1,103526.9,28.29153602
1746889200000,103526.9,103539,103435.1,103494.5,20.60472289
1746890100000,103494.6,103509.9,103422,103478.5,15.78402529
1746891000000,103478.4,103510,103172.9,103320.9,59.58290748
1746891900000,103321,103399.9,103100.6,103143.3,86.39241453
1746892800000,103143.3,103299.6,103130.1,103258,46.86063926
1746893700000,103257.9,103535.9,103257.9,103312,34.08328636
1746894600000,103312.1,103509.8,103290.1,103376.3,51.39871148
1746895500000,103376.2,103482.7,103247.2,103451,197.41649994
1746896400000,103451.1,103532.9,103400.1,103400.1,83.60777541
1746897300000,103400.1,103541.6,103326.1,103433.4,64.18049953
1746898200000,103433.5,103631.1,103412.3,103432.9,39.86328191
1746899100000,103432.8,103478.6,103158.7,103177.3,93.01679399
1746900000000,103176.4,103315.7,103136.3,103300,61.42656357
1746900900000,103300,103313,103150.4,103231.8,25.83657292
1746901800000,103231.9,103243.9,103010,103152.3,50.98965423
1746902700000,103152.3,103311.6,103131.7,103240.1,43.41720732
1746903600000,103240.1,103278.3,103044.8,103085.9,102.18957644
1746904500000,103086,103246.5,103080.1,103218.7,53.87908313
1746905400000,103218.8,103311.7,103197.9,103256.7,10.20967079
1746906300000,103257.2,103277.1,103146,103195.5,12.95782235
1746907200000,103195.5,103224.7,103064.9,103224.7,12.60902574
1746908100000,103224.7,103268,103189,103217.5,17.60160843
1746909000000,103217.4,103300,103217.4,103300,5.21599404
1746909900000,103300,103326.8,103152.1,103193.9,10.68878875
1746910800000,103194,103340,103158,103273.9,14.37950549
1746911700000,103273.9,103277.2,103200.9,103230,5.13740088
1746912600000,103230,103384.5,103228,103370.4,14.01418787
1746913500000,103370.4,103804,103342,103744.2,48.42090252
1746914400000,103742.4,103804,103570.1,103588.6,32.70583484
1746915300000,103588.6,103757.9,103548.4,103626,31.71010724
1746916200000,103626,103846.1,103625.9,103661.3,45.98449947
1746917100000,103661.2,103738,103588,103592.1,20.45671412
1746918000000,103592,103988.2,103566.6,103988.2,77.37077753
1746918900000,103988.4,104999,103988.3,104800.5,468.86192963
1746919800000,104800.5,104847.9,104266.5,104394.5,99.88785994
1746920700000,104394.4,104820,104355.4,104820,91.0293898
1746921600000,104819.9,104968.1,104597.1,104631.1,107.22126865
1746922500000,104631.1,104671.9,103920,103932.7,162.39249377
1746923400000,103934.8,104422,103934.8,104405.9,89.31605039
1746924300000,104406,104588.2,104354,104419.6,62.06267327
1746925200000,104419.2,104542.3,104115.7,104492,73.28517169
1746926100000,104490,104505.9,104240.1,104386,28.42352268
1746927000000,104386,104500,104260.1,104403.9,25.47790704
1746927900000,104403.8,104403.8,103857.5,104136.7,76.55152545
1746928800000,104136.6,104149.9,103889,104023.8,47.99814323
1746929700000,104023.7,104264.6,104023.7,104134.5,45.58774489
1746930600000,104134.4,104296.1,104020.1,104062.3,63.35691888
1746931500000,104062.3,104137.5,103422.3,103764,145.48362741
1746932400000,103764,103879.1,103648.8,103845.7,49.86569192
1746933300000,103845.7,103999,103780.1,103998.9,45.10732185
1746934200000,103999,104053.5,103780.1,104033.9,53.2255
1746935100000,104032.4,104192.1,103991.1,104000,24.8370389
1746936000000,104000.1,104400,103987,104332.2,73.43861659
1746936900000,104334,104372.9,104210,104238.8,22.9401893
1746937800000,104238.8,104295.9,104069.6,104170,30.92734891
1746938700000,104170,104196,104126.1,104164,13.25785913
1746939600000,104164,104206,104075.9,104115,18.64874012
1746940500000,104115.1,104115.1,103859.4,103883.4,34.88561838
1746941400000,103883.5,104033.9,103856,103983,11.55346342
1746942300000,103983,103996.6,103807.1,103839.4,24.63679198
1746943200000,103839.5,103896.3,103711.8,103802.2,54.09495505
1746944100000,103802.2,103982.4,103782,103954,20.83446374
1746945000000,103953.9,103986,103660.7,103770,37.09581242
1746945900000,103768.1,103866,103610.1,103858.9,42.23776282
1746946800000,103858.9,103874,103600,103694.3,88.47227904
1746947700000,103694.3,103803.7,103557.1,103661.3,73.22478819
1746948600000,103661.2,103698.8,103363.3,103399.9,78.92585414
1746949500000,103396,103593,103333.3,103380.7,64.89119899
1746950400000,103380,103800,103370.1,103792.5,72.61830009
1746951300000,103792.5,104029.1,103792.4,103841.3,68.92270042
1746952200000,103841.3,103968.7,103734,103948.2,33.5050576
1746953100000,103948.2,103956.9,103788,103817.4,11.32834043
1746954000000,103817.4,104252.8,103817.3,104252.8,46.79118222
1746954900000,104252.8,104323,104110.9,104311.2,48.70674912
1746955800000,104312,104326,104235.4,104274.3,33.69601036
1746956700000,104274.3,104480,104274.2,104351.4,87.54688647
1746957600000,104351.4,104404.2,104276.5,104277.5,26.7145326
1746958500000,104277.5,104499,104193.5,104486,40.31732897
1746959400000,104486,104519,104365.3,104371.4,34.57291365
1746960300000,104371.3,104663.9,104338,104647.8,83.78370536
1746961200000,104644.8,104785.7,104390.7,104424.7,108.61341804
1746962100000,104424.7,104549.2,104362.9,104539,27.01019438
1746963000000,104538.9,104563.5,104410.9,104523.2,21.71047039
1746963900000,104523.2,104699.7,104424.2,104656,33.64936669
1746964800000,104656.1,104900,104639.8,104837.3,75.39973778
1746965700000,104837.3,104837.3,104634,104668,33.55191422
1746966600000,104668,104798,104514,104590.2,76.31394843
1746967500000,104590.2,104826.3,104568,104582,433.81560176
1746968400000,104582,104655.7,104481.9,104594.1,360.26778987
1746969300000,104594.1,104594.1,104240.1,104326.2,51.75674104
1746970200000,104326.3,104509.9,104166.7,104320,135.53958796
1746971100000,104320,104425.9,103948.5,103975.3,92.39954032
1746972000000,103975.4,104056.9,103900.1,103952.6,162.06947798
1746972900000,103952.6,104062,103783.1,103917.2,59.36222311
1746973800000,103917.2,104284.5,103877.7,104250.3,33.94139149
1746974700000,104250.3,104295.2,104107.4,104165.9,29.48728185
1746975600000,104165.9,104554.7,104074.9,104495.1,75.25409362
1746976500000,104495,104688,104289.4,104345.5,64.8843216
1746977400000,104345.6,104438.1,104248.2,104265.7,24.15296475
1746978300000,104265.6,104379.9,103900,104134.6,131.15744865
1746979200000,104134.7,104175.2,103802,104032.1,73.58962943
1746980100000,104032.1,104095.3,103750.1,104094.2,59.75937834
1746981000000,104094.1,104135.9,103920,103960,42.19338889
1746981900000,103960,103992.1,103810.1,103992,18.25005341
1746982800000,103992,104053.2,103831.2,104035.6,18.75006534
1746983700000,104035.7,104160,103791.3,103918.1,28.77102993
1746984600000,103918.1,104017,103810.1,104015.2,22.84483161
1746985500000,104015.1,104097.5,103900,104034.3,11.39845407
1746986400000,104034.4,104111.9,103877.8,103926.6,15.82774957
1746987300000,103926.6,104050,103883.9,103917,9.83737713
1746988200000,103917,104614,103850.7,104483.9,56.42824156
1746989100000,104483.9,104833.2,104483.9,104528.6,92.45995478
1746990000000,104528.7,104657.9,104426.1,104570,28.64251974
1746990900000,104570.1,104640,104444.1,104527.9,14.88742195
1746991800000,104528,104627.6,104446.4,104450,14.80443892
1746992700000,104450.1,104599.2,104357.6,104416,21.83670697
1746993600000,104416.1,104449.5,104152.7,104387,18.06427012
1746994500000,104387.1,104415.5,104246,104370,17.6581065
1746995400000,104370,104450,104285.9,104298.4,17.32381526
1746996300000,104298.3,104334.5,104245.5,104266.9,11.87812527
1746997200000,104267,104282.5,103994.1,104032.5,35.16872682
1746998100000,104032.6,104259.9,104032.5,104193.3,22.76429563
1746999000000,104193.3,104215.8,103950,104094.8,31.77835854
1746999900000,104094.7,104397.9,104040,104363.9,32.12186398
1747000800000,104363.9,104590,103800.3,104103.2,173.36932375
1747001700000,104102.4,104200.8,103848.1,103939.2,35.97846247
1747002600000,103938.1,104033.9,103571.7,103583.1,82.75507529
1747003500000,103583.2,103810,103571.4,103792,20.00222868
1747004400000,103794.1,103995.7,103764.8,103890,47.81424887
1747005300000,103889.9,104028,103820,103994.1,28.6585396
1747006200000,103994,104030.1,103773.9,104006.1,49.10311626
1747007100000,104006.1,104145,103905.1,104126,112.78849301
1747008000000,104126.9,104331.2,104060.6,104320.5,67.88186202
1747008900000,104320.4,104480,104287.5,104407.1,44.21963238
1747009800000,104407.1,104637.4,104336.1,104352.5,51.96365621
1747010700000,104354.7,104638,104312.5,104593.3,41.44293061
1747011600000,104593.3,105150,104523.9,104754,320.41599395
1747012500000,104754,104794,104169.7,104281.2,56.32221215
1747013400000,104281.2,104300,103754,104017,94.2637605
1747014300000,104017,104089.9,103890,103988.5,75.63741218
1747015200000,103988.5,104202.1,103930.1,104015.1,57.59063983
1747016100000,104016,104210,103880,103963.6,68.37609559
1747017000000,103963.5,104130.6,103899.9,103908,56.37776614
1747017900000,103908.1,103999.9,103714,103900.2,52.55053241
1747018800000,103900.2,103909.1,103716.4,103889,37.52629449
1747019700000,103889.1,104060,103772,103870.1,20.80304071
1747020600000,103870.1,103972,103805.1,103941.9,26.82125203
1747021500000,103940.7,104100,103878,104099.9,16.32575214
1747022400000,104100,104137.9,103954.5,104068.6,11.61109875
1747023300000,104068.5,104170,103818.1,103902,37.08758188
1747024200000,103902,104006.6,103846,103975.9,19.87192599
1747025100000,103976,104120.8,103907.2,104062.5,33.05265989
1747026000000,104062.5,104080,103852.1,103924,27.27240669
1747026900000,103924.1,103961,103780,103806.3,54.73322571
1747027800000,103806.4,103974.4,103750,103974.3,33.51102045
1747028700000,103974.4,104010,103843,103949.8,18.29415005
1747029600000,103949.9,104014.2,103827.4,103940.1,17.77033502
1747030500000,103940,104224.8,103802.3,104205.9,43.42728753
1747031400000,104206,104364,104174,104338.2,66.6049314
1747032300000,104338.2,104412,104266.1,104381.5,53.55527423
1747033200000,104381.5,105850,104381.5,105608.8,1000.75229721
1747034100000,105608.7,105760.6,105230,105447.8,386.52588323
1747035000000,105447.9,105686,104643,104719.9,295.97537724
1747035900000,104720,104743.9,104164.1,104481.1,261.09201397
1747036800000,104481.1,104523.3,104060.8,104301.6,156.92335382
1747037700000,104302,104430,104127.9,104292,95.39339484
1747038600000,104292.1,104544.5,104215.3,104517,62.31666399
1747039500000,104517.1,104736.5,104495.6,104608.9,59.74039731
1747040400000,104608.9,104671.9,104396.1,104413.3,50.04167743
1747041300000,104413.4,104545.2,104361.4,104512.8,41.36742404
1747042200000,104510,104540,104380,104514.9,27.82672603
1747043100000,104514.9,104529.8,104373.3,104455,32.29338198
1747044000000,104456,104557.8,104207.6,104280.1,57.40831258
1747044900000,104280.1,104343.8,104161,104326,30.42482553
1747045800000,104325.9,104543.7,104282,104382.1,29.60674097
1747046700000,104382,104529,104318,104528.9,20.74832209
1747047600000,104528.9,104633.3,104383.8,104477.6,38.42139946
1747048500000,104477.6,104509.9,104303.1,104360.1,36.40925009
1747049400000,104363.9,104384.8,104158.7,104169,52.74111514
1747050300000,104169.1,104265.1,103626.2,103767.8,327.00625131
1747051200000,103767.8,103961.9,103724.1,103934.5,86.26145551
1747052100000,103936,104045.4,103800,104006.4,70.63164488
1747053000000,104006.5,104146,103881.8,104110,42.77854435
1747053900000,104112,104112,103886.9,103888.3,61.68299424
1747054800000,103888.3,104243.1,103880.1,104219.3,74.03798063
1747055700000,104219.5,104374.9,104150,104163.1,124.03756208
1747056600000,104163.2,104458.3,103674,103807.3,217.27033961
1747057500000,103810,104651.8,103800.1,104326.3,198.59434207
1747058400000,104326.4,104390,103942.6,103993.2,218.36969754
1747059300000,103993.1,104246.3,102664.7,102963.1,655.88609802
1747060200000,102963.2,103491.3,102580,103454.8,270.38592574
1747061100000,103455.9,103455.9,102751.9,102814.4,171.25451044
1747062000000,102814.5,103039.9,102416.7,102943.7,240.29381956
1747062900000,102943.7,103216,102771.4,102966.4,96.66913045
1747063800000,102966.3,102995.1,102501,102616.5,151.84489158
1747064700000,102617.9,102720,102391,102520.1,114.42746949
1747065600000,102520.1,102799.9,102420.1,102799.9,114.87643585
1747066500000,102800,103022.9,102800,102984.2,81.649341
1747067400000,102982.1,103019.4,102756.5,102916.9,34.60537665
1747068300000,102917,103075,102805.8,102846.1,93.45652452
1747069200000,102846.1,103082.1,102804.9,103003.1,52.38775431
1747070100000,103003.1,103025.5,102680.1,102914.4,34.91256881
1747071000000,102914.5,102995.9,102770,102770,43.04267921
1747071900000,102770.1,102887,102535,102558,39.25002655
1747072800000,102558,102660,101784.4,101974,288.47436097
1747073700000,101974,102257,101628.1,101638.9,98.1508041
1747074600000,101638.8,101752.2,101082.6,101200.2,250.78727021
1747075500000,101200.2,101787,100733,101624.9,346.08173271
1747076400000,101625,102041.1,101568.1,101861.7,91.4026965
1747077300000,101860.2,102116.5,101631.6,101672.7,77.57608408
1747078200000,101672.6,101899.9,101485.7,101580,34.82722184
1747079100000,101580.6,101934.1,101580.6,101859.5,39.49767746
1747080000000,101858,102018,101775.7,101850,17.7193437
1747080900000,101850,102279.9,101849.9,102242.1,32.96126661
1747081800000,102242.6,102665.8,102209.4,102533.9,47.35015135
1747082700000,102534,102895.2,102460,102682,45.38250567
1747083600000,102684,102754.3,102500,102520.8,23.26811825
1747084500000,102520.8,102639.9,102356.8,102356.9,25.67770293
1747085400000,102356.9,102621,102352.6,102531.3,14.63919794
1747086300000,102531.6,102630,102437,102500.1,13.28046449
1747087200000,102500,102627.9,102350.1,102552.3,27.20101207
1747088100000,102550.9,102799.2,102546.3,102750,41.39320166
1747089000000,102750.1,102856.4,102730.4,102809.6,26.65038
1747089900000,102809.6,102936.5,102780,102865.4,19.77423211
1747090800000,102865.5,102999.8,102865.5,102923.7,51.03845882
1747091700000,102926.9,103136.9,102926.9,103105.9,36.87845133
1747092600000,103105.9,103115.8,102822.9,102867.7,35.39046681
1747093500000,102867.6,102962,102788.1,102790,20.37043017
1747094400000,102790.1,102790.1,102546,102592.7,25.86621279
1747095300000,102595.7,102664,102414.1,102538,27.12423601
1747096200000,102540,102560,102222.9,102250.1,45.68384442
1747097100000,102259.5,102440,102177.4,102273.8,37.30259539
1747098000000,102273.9,102642.7,102242,102541.6,56.93607383
1747098900000,102543.5,102717.9,102470,102482.1,34.49902315
1747099800000,102482,102538.9,102073.2,102254,100.19462636
1747100700000,102254,102508.4,102185.2,102390.8,55.37703146
1747101600000,102390.8,102702.9,102065,102090,81.73127571
1747102500000,102086,102286,101691.3,102286,138.47459594
1747103400000,102286,102298,101904.1,101917.9,52.18601524
1747104300000,101916.7,102089.9,101800,102060,47.46272572
1747105200000,102058.3,102164.9,101838.3,102024,199.12039363
1747106100000,102024.1,102054,101494.7,101593.7,158.89988508
1747107000000,101593.7,101852.6,101418.1,101834.3,66.28219865
1747107900000,101834.2,101836,101613.9,101713.5,44.54080414
1747108800000,101713.4,101935,101613.4,101900,115.2050566
1747109700000,101901.1,102372.5,101879.5,102359.6,107.02020511
1747110600000,102359.6,102642.7,102359.6,102546,88.08373289
1747111500000,102546.1,102765.9,102546.1,102730,73.31946022
1747112400000,102728.3,102728.3,102575.5,102652.4,37.0537245
1747113300000,102652.5,102671.9,102510,102545.4,80.90135196
1747114200000,102546,102572.2,102241,102272,167.96739783
1747115100000,102271.9,102479.3,102229.4,102464,67.89785939
1747116000000,102464.1,102678,102464.1,102619.8,23.40951443
1747116900000,102619.1,102645.1,102322.5,102358,40.36213692
1747117800000,102358,102593.6,102350.6,102569.2,56.33277959
1747118700000,102569.3,102600,102428.1,102544.3,22.64308411
1747119600000,102544.3,102763.9,102544.2,102724,43.48930251
1747120500000,102723.9,102950,102678,102800,61.5560456
1747121400000,102799.9,102840.8,102650.1,102680,66.56857117
1747122300000,102679.9,102753,102632.6,102670,41.31273535
1747123200000,102669.9,102938.1,102669.9,102898.9,92.40104161
1747124100000,102898.9,102954,102540.1,102574,68.76949486
1747125000000,102574,102836,102570,102755.5,38.60782444
1747125900000,102755.5,102812,102654,102712,20.46327132
1747126800000,102712.1,102978,102712.1,102975.9,42.5516283
1747127700000,102976,103288,102976,103249.8,117.13407814
1747128600000,103250,103433.3,103200,103337.9,82.09884371
1747129500000,103338,103519.2,103337.9,103456.2,148.866999
1747130400000,103456.3,103524.7,103338,103415.3,40.17930085
1747131300000,103415.3,103500,103261.9,103494.2,22.35530106
1747132200000,103494.2,103548,103390,103469.9,26.06076766
1747133100000,103470,103614.4,103424.2,103560,33.64030607
1747134000000,103559.9,103569.7,103450,103452.7,34.096769
1747134900000,103452.6,103655,103449.9,103611.9,38.39792173
1747135800000,103612,103833.3,103568.1,103833.3,162.95001124
1747136700000,103833.2,103834.1,103631.6,103724.9,78.22249875
1747137600000,103729.8,103822,103462.1,103534,63.8622625
1747138500000,103535.8,103681.9,103452,103551.6,34.99636749
1747139400000,103555.7,103987.9,103320,103751.1,374.93599345
1747140300000,103750,103854.4,103563.8,103688,69.3097666
1747141200000,103687.9,103800,103485.5,103543.5,82.63512905
1747142100000,103543.5,103833.3,103532.1,103780.7,101.44977582
1747143000000,103780.8,103928.5,103540.1,103582.8,101.93301276
1747143900000,103582.8,103799.8,103392.8,103717,57.4420605
1747144800000,103718.1,103752,102986.4,103080.6,254.59713932
1747145700000,103080.6,103446,102804.1,103397.3,373.29671767
1747146600000,103397.4,103397.4,103028.6,103127.9,117.36713341
1747147500000,103128,103272,102904,103203.8,75.95505932
1747148400000,103204,103880,103150,103749.7,170.60216805
1747149300000,103749.8,103834,103572.1,103680,52.60208053
1747150200000,103678.1,103750,103466,103634,57.16241158
1747151100000,103634.1,103723.4,103423.8,103685.6,41.18445346
1747152000000,103685.5,104340.8,103534.9,104333.9,200.81777293
1747152900000,104334,104408.1,103899.2,104158,206.88617945
1747153800000,104160,104265.5,103929.3,103944,69.71911039
1747154700000,103942.4,103991.6,103714.9,103730,65.26647521
1747155600000,103730,103980,103708.2,103887.1,39.08529132
1747156500000,103887.1,104042.2,103774.1,103838,69.71368376
1747157400000,103837.9,104066.6,103706.1,104057.8,41.57671271
1747158300000,104057.9,104304.3,104028,104258.8,112.19435105
1747159200000,104258.9,104418.1,104170,104418,88.19305148
1747160100000,104418.1,104428,104269.7,104352.8,57.1529517
1747161000000,104352.8,104392.6,104123.2,104132.9,59.46289436
1747161900000,104132.9,104375.9,104075,104366,41.26172626
1747162800000,104366,104393.4,104156.1,104280.5,50.6328764
1747163700000,104280.4,104666.6,104176.9,104590,138.75401625
1747164600000,104588.1,104888,104558,104850,164.21625134
1747165500000,104848.1,104986,104442.4,104788.7,173.45599966
1747166400000,104788.7,104934.1,104387,104573.8,76.11041806
1747167300000,104573.7,104588.3,104409.6,104525.9,31.67391404
1747168200000,104526,104668.7,104449.1,104502.1,19.38529383
1747169100000,104502,104713.9,104466.1,104554.4,24.11284446
1747170000000,104553.8,104618.1,104282,104287.3,37.96271593
1747170900000,104287.3,104524,104178.2,104499.1,58.32235424
1747171800000,104497.4,104600,104297.5,104313.3,25.37476665
1747172700000,104313.3,104378.2,104220.3,104340,15.91877508
1747173600000,104339.9,104437.5,104171.1,104200,41.73554671
1747174500000,104200.1,104327.4,104115.6,104251.3,22.73848894
1747175400000,104251.3,104348.6,104134.7,104226.1,26.27277803
1747176300000,104226.1,104261.9,104100,104133.9,39.43059903
1747177200000,104133.9,104185.3,103875.6,104136.7,66.65815008
1747178100000,104136.8,104200.1,103954,103988.1,39.10641874
1747179000000,103988,104161.7,103983.5,104153.7,14.26308293
1747179900000,104153.7,104293.4,104116.7,104127.7,22.78276875
1747180800000,104122.3,104129.4,103913.6,103965.2,37.39077837
1747181700000,103965.3,104087.5,103816,103910.5,67.86984646
1747182600000,103910.5,104018.1,103771.8,103856.3,54.17044783
1747183500000,103856.4,104018.3,103812,103924.5,27.10872599
1747184400000,103923.3,104044.4,103826,104039.9,31.61296817
1747185300000,104039.9,104061.9,103821.9,103907.6,56.58698521
1747186200000,103909.2,104083.9,103878.1,104020,43.74293852
1747187100000,104017.8,104079.9,103700,103728.1,79.5083983
1747188000000,103728.1,103800,103500,103723.2,117.30426525
1747188900000,103723.2,103762.4,103585.4,103609.3,21.79595854
1747189800000,103609.4,103768.9,103564.4,103768.9,19.2947991
1747190700000,103768.8,103768.8,103607.7,103716.4,48.05239477
1747191600000,103716.4,103785.1,103523.8,103657.8,29.39452337
1747192500000,103657.8,103657.8,103508.1,103542,24.64455542
1747193400000,103543.9,103619.9,103454,103612,29.73251406
1747194300000,103611.9,103611.9,103538.1,103593.2,12.96940084
1747195200000,103593.2,103593.2,103464.1,103549.9,31.96098178
1747196100000,103550,103696,103486,103680.5,22.97229522
1747197000000,103683.7,103850,103610,103802.1,81.71603463
1747197900000,103802.2,103862,103712,103758.9,61.94745492
1747198800000,103759,103900,103710.6,103754.1,96.01617844
1747199700000,103754.1,103856.6,103750.6,103760.2,19.23619613
1747200600000,103760.3,103860,103704.1,103846,112.1926408
1747201500000,103846,103995.9,103822,103905.9,57.32436365
1747202400000,103906,103972,103800,103862.2,35.70687698
1747203300000,103862.1,103900,103709.7,103775.4,49.78313963
1747204200000,103775.4,103791.9,103680.1,103733.9,58.23487336
1747205100000,103733.9,103812.4,103666,103754.1,66.32949899
1747206000000,103754.1,103766,103634,103635.7,59.75474484
1747206900000,103635.7,103635.8,103388,103487.6,137.47334317
1747207800000,103487.7,103648,103408.4,103647.9,46.50689764
1747208700000,103647.9,103804,103626,103713.9,75.24101167
1747209600000,103711.9,103885,103466.6,103571,106.67001211
1747210500000,103571,103729.1,103504,103658,42.14089965
1747211400000,103657.9,103725.9,103500,103723.9,45.55115121
1747212300000,103723.9,103750,103201.5,103207.5,246.95291063
1747213200000,103207.6,103307.7,102856.9,103131.9,267.05552659
1747214100000,103134,103330,103118.3,103324,50.14729269
1747215000000,103324.1,103352.2,103172.1,103235.9,32.98932153
1747215900000,103236,103500,103236,103484.8,87.06051883
1747216800000,103484.9,103666.6,103456.8,103652,58.00882774
1747217700000,103652.1,103933.2,103544,103835.3,94.33092772
1747218600000,103835.2,103892.8,103764,103811.7,75.43379381
1747219500000,103811.3,103852,103647.1,103712.4,55.45497343
1747220400000,103712.5,103961.9,103712.5,103961.9,54.80201361
1747221300000,103961.9,103991.5,103850.9,103908.4,44.64300716
1747222200000,103908.5,104155.9,103901.8,104088.5,56.58215632
1747223100000,104088.5,104094.2,103906,103956,25.29253988
1747224000000,103955.9,104123.9,103908,104060.4,39.51083293
1747224900000,104060.4,104190.6,104010.1,104023.7,55.21480866
1747225800000,104023.7,104200,103939.4,104199.9,35.04334922
1747226700000,104200,104212,103966.9,104000,69.02272443
1747227600000,104000.1,104053.8,103824,104031.8,48.71454817
1747228500000,104031.7,104130.8,103922,104104.9,38.35332864
1747229400000,104105,104357.6,103685.7,103718,144.09721709
1747230300000,103720,103969.9,103486.2,103967.8,114.81451687
1747231200000,103967.8,103971.5,103362,103476,103.91006136
1747232100000,103478.5,103484.6,103100.8,103100.8,166.24876556
1747233000000,103100.8,103347.9,102902,103281.9,133.87060591
1747233900000,103281.9,103459.9,103170.1,103265.2,77.57778863
1747234800000,103263.8,103311.8,102851,103300,92.51322746
1747235700000,103300.1,103449.9,103100.8,103430.6,55.62303915
1747236600000,103430.6,103537.1,103310.1,103402,65.43437718
1747237500000,103402,103555.4,103201.7,103518,37.16692696
1747238400000,103518.1,103617.6,103420.1,103609.1,40.80580852
1747239300000,103609.1,103609.4,103300.1,103459.9,20.45665525
1747240200000,103458.7,103600.7,103364.4,103399.4,39.04455291
1747241100000,103399.4,103497.9,103174,103371.4,31.04841493
1747242000000,103371.5,103439.9,103071.4,103147.8,38.60465166
1747242900000,103147.9,103160,102608.3,102888,156.95259432
1747243800000,102888.1,103164.4,102858,103102.2,36.66315688
1747244700000,103102.3,103272,103062.1,103266.1,25.95920992
1747245600000,103266.2,103300,103090.6,103132.6,43.10599798
1747246500000,103132.5,103459.9,103035.7,103258.1,67.50703493
1747247400000,103258.2,103459.9,103184.6,103293.5,23.68522468
1747248300000,103296.3,103540,103214.3,103528,29.73788144
1747249200000,103528,103591.8,103453.4,103553.8,21.0947075
1747250100000,103553.7,103724.1,103538.9,103539.8,41.69700393
1747251000000,103539.7,103559.9,103436.9,103490.1,40.5006809
1747251900000,103490.1,103490.8,103250,103329.6,59.7369758
1747252800000,103330,103494.4,103296.8,103327.4,20.06502513
1747253700000,103327.3,103456.2,103327.3,103450,7.10497452
1747254600000,103450.1,103521.7,103388.8,103510.1,22.99954772
1747255500000,103510.1,103660,103498,103558.1,12.30311084
1747256400000,103558.1,103587,103425.4,103473.2,15.49107135
1747257300000,103473.2,103566,103473.2,103526.6,7.45371189
1747258200000,103526.6,103609.8,103435.4,103553.8,35.86810243
1747259100000,103553.8,103671.6,103540.2,103650,28.40575717
1747260000000,103650.1,103662,103466.7,103474.5,20.20535748
1747260900000,103474.6,103549.9,103460,103527,9.59292981
1747261800000,103527.1,103548,103448,103456.2,8.34273118
1747262700000,103456.3,103527,103429.2,103511.5,17.64463343
1747263600000,103511.5,103551.7,103394.1,103551.7,14.85062481
1747264500000,103553.9,103554,103345.2,103550.8,54.35750943
1747265400000,103550.8,103600.7,103538.8,103538.8,15.00825459
1747266300000,103538.8,103616,103500,103500,13.5927856
1747267200000,103500.1,103708.1,103485.5,103702.1,12.64546157
1747268100000,103702,103832,103702,103758,35.7196501
1747269000000,103756.7,103848,103685.4,103847.9,16.09933278
1747269900000,103848,103867.9,103757.5,103799.9,14.68601324
1747270800000,103800,103800,103571.8,103583.4,21.29354529
1747271700000,103581.5,103674,103454,103471.7,67.78222495
1747272600000,103471.8,103500,103176.9,103265.4,77.03593502
1747273500000,103265.5,103328,102968,103036,51.80373654
1747274400000,103034.3,103212.3,102966.1,103054.9,32.20162096
1747275300000,103054.8,103169.6,102951.5,103017.9,19.4298337
1747276200000,103017.9,103068,102903.8,102951.4,42.33364339
1747277100000,102951,103166,102930.4,103050.6,23.07112239
1747278000000,103050.7,103148.6,102866.6,102876,50.77679177
1747278900000,102871.4,102994.9,102780,102920,168.16081306
1747279800000,102920.1,102957.9,102818,102838.7,43.36551592
1747280700000,102838.7,102891.8,102710,102742,34.19298454
1747281600000,102742.1,102903.6,102700.1,102739.1,29.07550114
1747282500000,102739.1,102911.3,102738.3,102847.8,32.95759466
1747283400000,102847.9,102970,102800,102869.4,18.08836312
1747284300000,102869.4,102926.6,102769.3,102899.9,21.057912
1747285200000,102899.9,102931.9,102611.4,102620.7,39.54392327
1747286100000,102620.6,102656,102518,102552.1,93.68162074
1747287000000,102553.9,102630,102375.7,102490.2,112.09243487
1747287900000,102490.2,102512,102327,102373.9,57.64759482
1747288800000,102373.9,102589.2,102336.2,102558.2,42.53228666
1747289700000,102558.3,102689.9,102476,102631.2,44.10987902
1747290600000,102631.3,102650.1,102137.3,102198,62.82966192
1747291500000,102198,102292,102163.7,102256,71.87153327
1747292400000,102256,102460,102094.9,102095,166.40958619
1747293300000,102095,102143.5,101888,101898.1,156.75671739
1747294200000,101898.1,101998,101782,101894.1,174.80311623
1747295100000,101894.1,101894.1,101721.4,101788,210.07557335
1747296000000,101788,102087.4,101757.9,101970.9,105.38558347
1747296900000,101970.8,102096.4,101897.9,102056.4,40.20697902
1747297800000,102056.3,102300,102026,102179.9,76.27482691
1747298700000,102178.1,102330.9,102156.2,102267.9,47.36630295
1747299600000,102267.8,102267.8,102000.1,102000.1,32.15608076
1747300500000,102000.1,102065,101880,101979.3,42.33847831
1747301400000,101979.2,102000,101622.9,101703.9,118.5792111
1747302300000,101703.9,101969.9,101505.2,101820.9,85.38166211
1747303200000,101820.8,101870,101632.1,101760.1,43.81610176
1747304100000,101760.1,101933.9,101724,101907.8,52.99491806
1747305000000,101906.1,101906.2,101626,101679.1,18.96530989
1747305900000,101679.1,101837.5,101603.3,101813.7,29.303364
1747306800000,101813.7,102153.5,101786,102086,44.10083272
1747307700000,102086,102343.8,102045.7,102282,74.80054526
1747308600000,102281.9,102443.9,102187.7,102260,156.0550274
1747309500000,102260,102419.9,102195.7,102375.9,16.65866371
1747310400000,102375.9,102449.9,102268.1,102310.1,33.85813272
1747311300000,102310,102612.6,102278.2,102540.8,74.72532832
1747312200000,102540.8,102838.1,102400,102782.2,146.91256325
1747313100000,102782.1,102782.1,102449,102564,496.49567868
1747314000000,102564,102800,102492,102755,39.66060285
1747314900000,102755,102774,102572.1,102579.9,27.69420311
1747315800000,102574.9,102779.9,102100,102334,115.52978342
1747316700000,102333.9,102335.9,101556.2,102145.9,204.8255961
1747317600000,102145.9,102399.9,101800,102120.1,128.87985806
1747318500000,102125.2,102339.9,101817.2,102030,103.35866294
1747319400000,102030.1,102075.9,101600,101678,106.5094878
1747320300000,101678,101989.7,101355.2,101989.2,105.97347931
1747321200000,101989.2,102173.7,101920.8,102105.9,45.47196572
1747322100000,102106,102508.6,102101.1,102490.7,109.87193861
1747323000000,102492,103087.1,102440.7,102998,167.86329655
1747323900000,102998,103288,102950,103254.9,127.23473437
1747324800000,103254.1,103396.6,103086.4,103091.8,86.07301954
1747325700000,103091.8,103337.2,103065.2,103172.2,80.229072
1747326600000,103172.2,103624.1,103026.6,103598,106.91940088
1747327500000,103598,103846,103574,103838,121.87738718
1747328400000,103838,103888,103651.6,103688,86.00738491
1747329300000,103690,104146.1,103690,103962.8,113.28584087
1747330200000,103962.8,104195.7,103888,104071.7,48.77545784
1747331100000,104071.8,104160,103907.6,103969.1,36.26886578
1747332000000,103969.2,104016.9,103720,103930,113.16978436
1747332900000,103930,103973.6,103481.9,103508,197.56152793
1747333800000,103508.1,103620.1,103138.4,103317.9,123.26375459
1747334700000,103317.9,103394.4,102647,102696,110.25833794
1747335600000,102696,103133.2,102633.7,103042.7,58.94780654
1747336500000,103042.7,103227.1,102555.1,102810.1,66.70692994
1747337400000,102810.1,103100.7,102800.1,103082.3,34.73641864
1747338300000,103082.2,103237.1,102948,103161.5,53.75314273
1747339200000,103160,103439.9,102940.1,102961,95.56795972
1747340100000,102960.9,103407.1,102888,103332.8,57.07336414
1747341000000,103332.7,103482.5,103220.1,103482.5,50.33322104
1747341900000,103482.4,103493.2,103379.5,103440.8,13.07262172
1747342800000,103440.7,103440.7,103123.2,103201.9,25.07163545
1747343700000,103201.9,103201.9,102710.6,103044,32.87454668
1747344600000,103044,103240,102840,103167.9,33.01852026
1747345500000,103167.8,103334.1,103127.5,103295.3,13.3019347
1747346400000,103295.3,103787.3,103252.1,103781.4,70.66141828
1747347300000,103781.4,103985,103672,103680,121.70533265
1747348200000,103686.1,103736.6,103628,103668.2,26.72887443
1747349100000,103668.2,103712,103483.1,103500.1,42.00524894
1747350000000,103500.1,103662.5,103360,103472.2,25.30018263
1747350900000,103471.9,103600,103231.2,103519.6,43.51335422
1747351800000,103519.7,103907.9,103519.7,103789.9,138.36127664
1747352700000,103790,103874,103690,103766.7,26.71652289
1747353600000,103766.5,103934,103656.3,103920.1,41.8676038
1747354500000,103922.5,103985.9,103744,103748.6,47.2716857
1747355400000,103748,104036.9,103748,103947.7,81.51235162
1747356300000,103947.8,103984,103651.2,103760.7,47.96493909
1747357200000,103760.8,103813.8,103491.5,103651.9,51.73063135
1747358100000,103652,103791.9,103467.1,103782,50.88976185
1747359000000,103782,104100,103769.2,104070,99.78805469
1747359900000,104070,104088,103920,104051.9,62.89063116
1747360800000,104052,104350,104052,104257.9,118.43426875
1747361700000,104257.9,104354,103930.6,104276.2,72.46527262
1747362600000,104276.2,104464,104138.4,104148.4,86.4192743
1747363500000,104150,104241.9,104074.8,104196.1,18.75241512
1747364400000,104196.2,104247.6,104026,104100,27.86364312
1747365300000,104100,104300,104030,104256,31.22310988
1747366200000,104256.1,104340,103987.5,104056.4,46.69603458
1747367100000,104055.9,104134.6,104006,104023.3,17.3116321
1747368000000,104025.4,104200,104011.5,104054,25.39350164
1747368900000,104055.9,104056,103918,103937.9,35.06148383
1747369800000,103937.9,103986,103814.5,103839.1,34.09154766
1747370700000,103837,103954.9,103799.9,103916.8,91.37734203
1747371600000,103916.9,104034.6,103911.3,103996,22.23479526
1747372500000,103996,104152,103967,104036,49.00444009
1747373400000,104036,104036,103827.3,104031.7,50.54962834
1747374300000,104031.8,104073.6,103890,103908.2,33.81940641
1747375200000,103908.2,104013.9,103868,103926.7,44.40585931
1747376100000,103926.7,104037.5,103922.4,103961.9,32.5887547
1747377000000,103961.9,104086,103936.3,104005.9,29.40974779
1747377900000,104006,104099.9,103934,103993.9,31.60404505
1747378800000,103994,104036.7,103840.7,103989.9,81.28324109
1747379700000,103989.9,104197.9,103956.1,104074.6,84.31533759
1747380600000,104074.5,104084,103808,103827.8,83.52074935
1747381500000,103827.8,103868,103694,103705,107.12505737
1747382400000,103705.1,103768,103482.9,103490,81.60193897
1747383300000,103490,103490,103100,103271.8,100.87095575
1747384200000,103271.8,103353.8,103160.9,103325.1,78.34933862
1747385100000,103325,103468.8,103235.7,103400,39.52704688
1747386000000,103400.1,103679,103400.1,103631.9,30.0399166
1747386900000,103632,103773.9,103556.9,103706.7,33.00588727
1747387800000,103706.7,103771.3,103610.1,103663.1,29.06949128
1747388700000,103668.2,103815.5,103668.2,103798.9,18.35768993
1747389600000,103798.9,103883.2,103632.8,103781.9,36.69395019
1747390500000,103782,103838.3,103699.2,103717.4,43.22993728
1747391400000,103720,103846,103716.1,103764.6,14.97951599
1747392300000,103764.7,103878.6,103753.5,103803,15.27813886
1747393200000,103803,103889.5,103741.1,103776,39.25197604
1747394100000,103776,103914,103589.8,103614.1,39.88111986
1747395000000,103614.1,103723.8,103552.7,103560,34.55242661
1747395900000,103560.1,103697.2,103560.1,103672,21.43492362
1747396800000,103672,103789.3,103578.1,103733.2,25.49672118
1747397700000,103733.1,103733.1,103529.5,103614.1,116.37887288
1747398600000,103614.1,103720.1,103568.1,103611.7,71.16672638
1747399500000,103611.7,103686.4,103468.1,103506.8,51.21549534
1747400400000,103506.8,103666.8,103463.9,103625.7,28.68505237
1747401300000,103625.8,103661,103480.1,103509.5,18.62999303
1747402200000,103506,103931.5,103428,103745.6,57.55338993
1747403100000,103746.3,104090,103746.3,103999.9,74.52739141
1747404000000,103999.9,103999.9,103500,103610.4,114.19368606
1747404900000,103610.1,103999.8,103592,103835.4,88.46138739
1747405800000,103835.3,103835.3,103339.3,103353.3,88.44970678
1747406700000,103353.2,103643.9,103341.5,103585.9,55.56787415
1747407600000,103585.9,104285.7,103585.9,104110,137.12315703
1747408500000,104106.1,104150,103833.2,103852,67.26789442
1747409400000,103852,104095.7,103824.1,104016.5,54.25143698
1747410300000,104014.1,104188,103891.7,104187.9,30.16379709
1747411200000,104188,104555,104184.5,104300,196.55769309
1747412100000,104299.2,104410.7,103934.9,103943.9,155.68251135
1747413000000,103944,104074,103819,103976.4,87.43462403
1747413900000,103975,104220,103900,104146.9,32.61921775
1747414800000,104146.9,104261.4,103994.9,104123.6,61.11907955
1747415700000,104123.7,104397.9,104123.7,104269.8,39.93287149
1747416600000,104269.8,104316,103936.4,104030,42.05258462
1747417500000,104030,104077.9,103766.4,103866,29.00865749
1747418400000,103865.9,104069.2,103831.9,104000,13.75399824
1747419300000,103998,104100,103848,103878.7,25.0576834
1747420200000,103878.6,104040,103827.8,103831.6,17.94562727
1747421100000,103831.4,103911.9,103688,103690,44.0959919
1747422000000,103689.9,103844,103680,103728,28.72237706
1747422900000,103728.1,103736.9,103585.6,103667.5,29.92637798
1747423800000,103667.6,103846.1,103657.6,103790,35.32794441
1747424700000,103790,104053.7,103714.6,104023.3,71.09558769
1747425600000,104025.5,104036,103840.6,103918,34.04442581
1747426500000,103917.9,103917.9,103829.5,103876.9,17.99244441
1747427400000,103876.9,103876.9,103555,103602.7,39.75306359
1747428300000,103602.7,103749.7,103519.7,103687.9,51.76558487
1747429200000,103683.4,103794.1,103661.3,103769.9,21.74026525
1747430100000,103769.9,103769.9,103567.3,103571.1,15.5414407
1747431000000,103571.1,103751.4,103494,103733.3,44.00942793
1747431900000,103737,103737,103557.7,103612,18.17697044
1747432800000,103612.1,103622.4,103404.8,103465.7,80.15832953
1747433700000,103465.7,103564.9,103391.6,103453.9,117.67004577
1747434600000,103453.9,103484.9,103410.8,103440.5,29.08667193
1747435500000,103440.4,103540.6,103404.5,103514.2,28.99016333
1747436400000,103514.2,103674,103510,103668,15.33075448
1747437300000,103667.9,103693.9,103536.6,103620,17.08209378
1747438200000,103619.9,103640,103515.6,103521.3,12.67755926
1747439100000,103521.3,103536.5,103418,103461.2,16.40786118
1747440000000,103461.2,103540,103391.9,103531.1,22.02110559
1747440900000,103531.1,103541.5,103277.7,103282.4,53.87212017
1747441800000,103282.4,103375.9,103090.8,103193.1,116.89964057
1747442700000,103193,103415.2,103139.6,103349.1,31.06530144
1747443600000,103349.1,103349.1,102904,102922.5,114.04904541
1747444500000,102922.6,102997.9,102702.5,102995.3,97.08735735
1747445400000,102995.3,103020,102786.6,102958.7,37.08978599
1747446300000,102958.3,102958.3,102600,102823.7,66.92747436
1747447200000,102823.7,103048,102758.7,102758.7,57.04523678
1747448100000,102758.7,103224.7,102728,103162,96.5546364
1747449000000,103162.1,103309.2,103160,103256.7,41.15963978
1747449900000,103258.7,103357.9,103166,103276,18.23638145
1747450800000,103274.3,103357.4,103188,103234.9,26.2218032
1747451700000,103235,103284.9,103150,103280.9,29.98733636
1747452600000,103280.9,103494.5,103208.1,103455.2,26.24299065
1747453500000,103455.2,103579.8,103417.3,103505.5,27.67934931
1747454400000,103506.5,103583.9,103460,103503.9,10.14487158
1747455300000,103504,103646.6,103493.5,103592.6,23.48180846
1747456200000,103592.6,103664,103567.8,103567.8,48.89485623
1747457100000,103565.5,103669.9,103465.5,103658,196.59948014
1747458000000,103658.1,103729.1,103578.3,103595.9,222.75491959
1747458900000,103596,103610.6,103512,103553.9,20.24346498
1747459800000,103554,103602,103502,103534,19.39503946
1747460700000,103534,103534,103333.3,103354.2,31.39576795
1747461600000,103354.2,103500,103354.2,103492.1,11.1495034
1747462500000,103492,103498.1,103333.3,103333.3,20.95455806
1747463400000,103333.4,103480,103286,103479.9,15.13868544
1747464300000,103479.9,103500,103414.2,103486.1,7.99770392
1747465200000,103486,103558,103448,103542.7,19.38693937
1747466100000,103542.7,103645,103490.6,103614.8,28.20917448
1747467000000,103614.8,103622,103474,103476.5,6.87921578
1747467900000,103476.4,103488,103430,103450,14.64907053
1747468800000,103449.9,103461.9,103320.4,103353.7,32.85846841
1747469700000,103352.3,103474.1,103126.8,103468,98.63376
1747470600000,103468.1,103571.3,103454,103473.2,15.5640512
1747471500000,103472.6,103490,103401.6,103418,10.58217533
1747472400000,103418.1,103554,103144.4,103174.5,55.0000376
1747473300000,103174.6,103184.6,102852.3,102893.9,111.92538609
1747474200000,102894,103087,102859.7,102907.9,256.95870757
1747475100000,102907.8,103010.9,102827.6,102916.2,19.32958944
1747476000000,102916,103054.8,102844.9,103024.1,35.01366106
1747476900000,103022,103050.2,102945.9,103004,28.40461152
1747477800000,103002.6,103033.9,102829.3,102851.5,30.00163225
1747478700000,102851.5,102964.9,102844,102887.9,27.7804568
1747479600000,102887.9,102962,102750.1,102772,45.53984528
1747480500000,102771.9,102870,102760,102800.1,39.98783321
1747481400000,102800.2,103018,102798.1,103014,15.78542908
1747482300000,103014,103104.7,102968,102998,14.11920181
1747483200000,102998,103073.8,102912,102933.2,10.20624458
1747484100000,102933.3,103054.1,102900.1,103002.3,35.73266363
1747485000000,103001.9,103040,102928.9,102994.7,7.61905123
1747485900000,102994.6,102994.7,102904.1,102944.4,9.89638774
1747486800000,102944.5,103097,102824,103077,22.63971221
1747487700000,103077.1,103108.8,102874,102939.9,19.21122941
1747488600000,102939.9,102959,102790.1,102818.1,27.00210667
1747489500000,102818.2,102827.6,102613.9,102712.7,232.90511342
1747490400000,102712.8,102932,102704.7,102931.9,159.59118246
1747491300000,102932,103050,102896.1,103026,8.46821146
1747492200000,103026,103092,102984.1,103055.5,22.33259668
1747493100000,103055.9,103187.9,103055.8,103134.6,59.43870605
1747494000000,103134.6,103173.5,103002,103074,12.1143141
1747494900000,103073.5,103184,102970.3,103102,26.6740318
1747495800000,103102.1,103129.3,103058,103065.5,11.71719188
1747496700000,103065.6,103065.6,102896.7,102950,151.54675386
1747497600000,102950.1,103059.4,102912.4,102973.2,132.44277398
1747498500000,102973.2,103118,102921.4,103012.1,13.90720919
1747499400000,103012,103024,102774,102888,17.93130273
1747500300000,102887.9,102952,102763,102952,13.86324321
1747501200000,102952,103184,102931.9,103133.9,10.58601876
1747502100000,103134,103268.5,103038,103235.8,17.7245268
1747503000000,103236.6,103304,103169.9,103201.3,25.82071446
1747503900000,103203.2,103231,103126.1,103134,8.21808486
1747504800000,103134,103372.5,103070.4,103230.3,71.3623653
1747505700000,103230.4,103294.5,103050.1,103199.3,53.47705351
1747506600000,103199.3,103201.9,103000,103087.9,24.90295091
1747507500000,103088,103088,102971.7,102996.3,39.97385952
1747508400000,102996.3,103095.9,102930,103093.8,7.56190234
1747509300000,103093.9,103114.9,103051.9,103055,5.52098617
1747510200000,103055,103189.6,103009.5,103189.6,4.87187904
1747511100000,103189.7,103200,103120,103153,6.67675941
1747512000000,103153,103213.8,103081.5,103092.1,6.28003533
1747512900000,103092.2,103194,103085.7,103174.5,5.16849241
1747513800000,103174.6,103239.9,103172.6,103238.4,3.57200781
1747514700000,103238.4,103440.7,103201.1,103376,37.62866252
1747515600000,103380,103480,103292.5,103404.3,17.84872983
1747516500000,103404,103413.3,103174.4,103210,6.73814139
1747517400000,103210.1,103314.2,103145.3,103238.9,17.44455588
1747518300000,103238.8,103308.6,103121.7,103250.4,42.48167643
1747519200000,103250.3,103255.9,102924,103005.9,36.08776695
1747520100000,103005.8,103025.5,102929.2,102936,9.27818802
1747521000000,102936,103065.7,102901,103032,10.75998423
1747521900000,103032,103116.1,103004.2,103040.1,5.77079796
1747522800000,103040,103174.1,102958.6,103167.3,8.6484171
1747523700000,103164,103222.7,103103.3,103173.9,10.32780198
1747524600000,103173.9,103218.3,103122.8,103162.4,9.86006525
1747525500000,103162.5,103225.9,103110,103133.6,22.82470592
1747526400000,103133.7,103240,103108,103220.4,9.71260126
1747527300000,103220.3,103319.9,103100.1,103260.6,8.78717165
1747528200000,103260.7,103333.2,103170.1,103272.8,7.89156459
1747529100000,103272.8,103419.4,103250,103378.6,9.96905999
1747530000000,103378.6,103412.3,103250,103268,16.71617353
1747530900000,103268,103320,103190,103225.9,10.30820749
1747531800000,103225.9,103279,103177.6,103177.6,10.07438192
1747532700000,103177.7,103314,103139,103254.7,16.65441237
1747533600000,103254.7,103320,103240,103320,6.15806894
1747534500000,103320,103320,103273,103299.9,7.26812965
1747535400000,103299.9,103310.1,103252.2,103290.1,4.63392571
1747536300000,103291.4,103358,103291.4,103336,11.69375463
1747537200000,103336,103394,103190,103218,25.02585448
1747538100000,103218,103221.9,103134.7,103134.7,8.55526371
1747539000000,103134.8,103327.7,103134.7,103295.2,23.56321936
1747539900000,103295.1,103314,103253.2,103282.6,15.87753122
1747540800000,103282.6,103323,103282.6,103300,23.62915006
1747541700000,103300,103314,103294.2,103294.3,5.71478332
1747542600000,103294.3,103436.5,103294.2,103412.3,10.77183911
1747543500000,103412.2,103442,103279.6,103345.6,344.96751396
1747544400000,103345.7,103430,103345.6,103408.5,36.98494857
1747545300000,103408.6,103472.7,103408.6,103439.5,25.56859056
1747546200000,103439.5,103493.9,103402,103488.6,35.17818358
1747547100000,103488.7,103680,103483.6,103644,98.15658598
1747548000000,103644,103676,103550,103605,30.02897333
1747548900000,103605,103626.6,103491,103504,14.28454329
1747549800000,103505.9,103505.9,103366,103470,22.09570699
1747550700000,103470,103483.9,103372,103476.7,12.31432255
1747551600000,103473,103533.1,103440,103533.1,32.46180546
1747552500000,103533.1,103605.2,103533,103604,34.00437831
1747553400000,103604,103621.9,103548.4,103621.8,16.50742103
1747554300000,103621.8,103976.3,103586.6,103927.9,122.0481529
1747555200000,103928,104087.9,103872,103897.9,104.24223442
1747556100000,103897.9,104000,103810.7,103981.4,39.9730055
1747557000000,103981.4,103997.4,103852.1,103871.9,24.21175221
1747557900000,103871.9,103986.6,103857.2,103908.6,16.94828338
1747558800000,103908.7,104044.5,103908.6,104015.9,60.74800114
1747559700000,104016,104053.1,103879.9,103953.1,183.99506001
1747560600000,103953,103992,103831,103844.7,12.44811837
1747561500000,103844.6,103886,103836,103869.9,6.90640986
1747562400000,103870,103930,103846.7,103929.9,19.1525201
1747563300000,103929.9,103933.2,103797.2,103798,15.84110644
1747564200000,103798,103850,103785.2,103839.5,5.16440924
1747565100000,103839.5,103869.3,103832.6,103860,4.79831819
1747566000000,103860,103906,103841.5,103856,7.7717104
1747566900000,103855.9,103966.5,103851.9,103912,6.20526316
1747567800000,103912,103990.1,103826.9,103827,21.31517692
1747568700000,103827,103851,103796,103802.2,7.89506396
1747569600000,103803.9,103823.2,103698.6,103763.2,31.88260602
1747570500000,103763.2,103881.8,103752.1,103867.6,10.65911084
1747571400000,103867.5,103911.9,103860.7,103870,5.98850422
1747572300000,103869.9,103958,103860.7,103950.1,24.23784683
1747573200000,103950.1,103962,103902.5,103923.9,14.90900451
1747574100000,103923.9,103936,103896,103899.9,29.96540243
1747575000000,103900,104528,103900,104456.3,191.22912742
1747575900000,104456.3,104800,104260.9,104733.4,180.45881089
1747576800000,104733.3,104865,104542.3,104553.8,142.38447244
1747577700000,104553.7,104910,104553.7,104794,109.23262921
1747578600000,104794,105261.1,104794,105200,308.8267011
1747579500000,105200,105556.6,105200,105278.6,239.94596307
1747580400000,105278.6,105349.2,104970,105162,104.50909616
1747581300000,105162,105526,105096,105330.4,91.83692658
1747582200000,105332.1,105488.5,105257.9,105450.1,51.32169745
1747583100000,105450,105666.6,105376.1,105515.9,139.41902363
1747584000000,105515.9,105639.9,105392.2,105416.1,59.81270939
1747584900000,105416.1,105538,105161,105467,94.04911826
1747585800000,105467,105529.9,105357.6,105513.4,34.47833324
1747586700000,105513.4,106000,105416.8,105818,211.66864534
1747587600000,105820,105904,105596.1,105821.9,61.2186122
1747588500000,105821.9,105872.1,105400,105545.4,76.03624939
1747589400000,105545.4,105693.2,105257.8,105507.9,134.42136133
1747590300000,105505.7,105518,104830.7,104844.6,98.69253707
1747591200000,104844.6,104931.7,104000,104321.5,375.2325213
1747592100000,104321.9,104693.8,104058.5,104693.8,93.92380917
1747593000000,104693.9,104804.8,104513.5,104586.1,170.21786248
1747593900000,104586.2,104773.2,104362.3,104510,58.83184315
1747594800000,104506.1,104657.9,104452,104654.6,31.50850381
1747595700000,104654.5,104763.7,104460,104560,41.00850904
1747596600000,104560,104560,104154,104261.9,84.09581056
1747597500000,104262,104307.4,103858.6,103882.9,82.92127631
1747598400000,103882.4,103882.4,103270.7,103663.3,392.73432385
1747599300000,103663.4,103972.1,103656.6,103930.1,77.71067052
1747600200000,103930,104149.8,103874,104149.8,21.64312393
1747601100000,104149.8,104248.2,104020,104060,36.60817824
1747602000000,104060.1,104307.1,104060.1,104227.9,38.96408677
1747602900000,104228,104377.7,104185.1,104313.9,19.89572195
1747603800000,104313.9,104618.5,104171.1,104478.3,57.84729589
1747604700000,104479.4,104569,104109,104181,75.10079663
1747605600000,104181,104300.1,103968.4,104088,88.70828566
1747606500000,104087.8,105080.5,104008,105064.1,91.42283281
1747607400000,105060.9,105416.6,104940.1,105241.1,113.18845242
1747608300000,105242.8,105988.1,105198.2,105944,189.06544565
1747609200000,105944,105990.6,105566.3,105739.9,125.16429074
1747610100000,105739.9,105899.6,105470,105894.9,102.71722776
1747611000000,105894.8,105894.8,105638.4,105799.9,49.89661364
1747611900000,105800,106669,105727.6,106468.7,422.17814657
1747612800000,106468.9,107140.1,106322.4,106552,320.83404111
1747613700000,106552.1,106690.6,106111,106116,163.760984
1747614600000,106115.9,106174,105384.7,105508.3,146.45948389
1747615500000,105508.4,105515,105147.5,105250.3,266.89292214
1747616400000,105250.3,105403.9,104894.8,105042.3,255.23887605
1747617300000,105044,105220,104731.4,105072.9,83.05611604
1747618200000,105073,105277.6,104833.3,104963.4,54.23366115
1747619100000,104962.9,105183.2,104904.4,105051.9,38.12576427
1747620000000,105052,105197.2,104570.2,104586,100.00927994
1747620900000,104584.4,104898,104565.1,104887.6,48.1899497
1747621800000,104887.6,105066.5,104787.2,104787.2,38.20866917
1747622700000,104787,104865.9,104566,104646.2,81.56285376
1747623600000,104646.3,104646.3,104156.9,104162.1,77.14897157
1747624500000,104162.2,104328.5,104094.2,104216.8,103.25522988
1747625400000,104216.8,104252.8,103809.4,103816,141.42138682
1747626300000,103816,103978,103546.2,103609.4,139.71612807
1747627200000,103610,103772,102921.8,103657.1,482.98609674
1747628100000,103657.1,103662,103200,103303.4,170.16321041
1747629000000,103303.5,103535.5,103009.2,103276.9,96.39746042
1747629900000,103275.1,103284.1,102800,103002.4,124.60630797
1747630800000,103002.4,103085.6,102631,102982.4,285.90664663
1747631700000,102982.3,102982.3,102600,102726.5,365.3231124
1747632600000,102728,103114.9,102515.8,103035.8,278.83915282
1747633500000,103035.7,103047.9,102848.9,103031.9,49.8387317
1747634400000,103032,103194.8,102822.1,103105.4,205.44783075
1747635300000,103105.4,103105.4,102592.2,102628.5,62.77470401
1747636200000,102630,102639.8,102080.4,102404,372.46154827
1747637100000,102404.3,102519.9,102187.6,102199.9,78.23759377
1747638000000,102200,102697,102166.7,102610.9,100.36748434
1747638900000,102610.8,102888,102574,102820.1,125.05506098
1747639800000,102820,103174.1,102806.1,103169.8,70.28039296
1747640700000,103169.8,103343.8,103163.4,103222.1,123.68160883
1747641600000,103222,103280.6,102981.4,103153,60.11086157
1747642500000,103152.3,103353,103100,103254.4,103.03008298
1747643400000,103254.4,103254.5,102921,102979.9,70.2029488
1747644300000,102980,103248,102958.4,103239.3,42.50637457
1747645200000,103239.2,103445.1,102988.1,103167.8,128.57757475
1747646100000,103167.8,103279.1,103104,103244.2,37.34069231
1747647000000,103244.2,103300,103160.3,103262.3,41.98023632
1747647900000,103262.4,103262.4,103024.3,103073.9,15.63804881
1747648800000,103073.8,103094.1,102849.9,102890.9,56.98755823
1747649700000,102890.9,103084.5,102861.4,103046.5,59.80616836
1747650600000,103046.6,103071.9,102931.8,102941.9,48.643366
1747651500000,102941.9,103062.7,102874.9,102929.1,15.86128265
1747652400000,102929.2,103002.3,102780,102866,38.0967505
1747653300000,102865.9,103072.8,102850,103056.8,20.87678391
1747654200000,103057.2,103064.7,102930,103050,19.81474284
1747655100000,103050.9,103069.5,102960.5,102960.5,20.65581174
1747656000000,102960.5,102960.5,102658.3,102664.5,61.40093201
1747656900000,102664.5,102664.5,102441.1,102605.9,46.62261634
1747657800000,102605.9,102635.9,102155.7,102394.1,102.05546077
1747658700000,102394,102477.2,102271.2,102477.2,43.14292874
1747659600000,102477.8,102584.6,102338.2,102351,49.79937556
1747660500000,102351,102564.6,102321.3,102526,22.34111286
1747661400000,102526,103039.8,102384,103038.2,104.31554976
1747662300000,103038.2,103600,103024.1,103291.7,333.03497087
1747663200000,103291.7,103596,103184.6,103484,161.88157372
1747664100000,103484,103750,103316.2,103416.7,120.63297822
1747665000000,103416.8,103879.3,103414,103732.5,156.04682707
1747665900000,103737,104374.9,103737,104322.9,174.95633378
1747666800000,104322.9,104608.5,104264.2,104576.5,242.48812207
1747667700000,104576.5,104714.6,104390.3,104442.1,160.7981557
1747668600000,104442,104960,104424,104879.9,127.9132008
1747669500000,104879.9,104969.7,104716.6,104796,101.58833275
1747670400000,104796,104910.1,104498.3,104594.7,117.61853529
1747671300000,104594.7,105119.9,104585,105112.3,141.50808965
1747672200000,105114,105129.1,104750.9,104970,40.66640704
1747673100000,104969.8,105446.2,104921.3,105365.7,252.57944506
1747674000000,105365.6,105583.3,105036.7,105064,180.98345153
1747674900000,105064,105414.9,104941.1,105244,70.15091717
1747675800000,105240,105378.6,105076.9,105287.9,67.20059626
1747676700000,105287.9,105463.8,105223.4,105379.7,75.37286427
1747677600000,105378.2,105555.5,105217.1,105301.7,55.73421593
1747678500000,105301.1,105377.9,105060,105167.8,38.77656993
1747679400000,105167.8,105167.8,104706.5,104958.4,129.07538357
1747680300000,104958.5,105023,104709.6,104782.1,46.52028968
1747681200000,104782.2,104934.9,104641.5,104882.4,48.44345041
1747682100000,104882.4,105074,104842.6,104911.4,55.24574478
1747683000000,104911.5,105499.9,104911.5,105463.1,89.88964671
1747683900000,105463.1,105555.4,105391.8,105518.1,38.4357271
1747684800000,105513.7,105794.8,105390,105414.6,72.68519812
1747685700000,105414.7,105760,105406.9,105723.2,26.00203238
1747686600000,105723.2,105723.2,105349.1,105402.3,19.82199296
1747687500000,105402.3,105494,105332.5,105471,21.82633546
1747688400000,105471.1,105533.2,105309.1,105431.4,27.65826472
1747689300000,105431.3,105469.5,105024.7,105028,42.01124771
1747690200000,105028,105254.3,105027.9,105254.2,77.70337673
1747691100000,105254.3,105491.9,105254.2,105460,28.37061423
1747692000000,105458.6,105565.2,105374,105438.6,83.51407001
1747692900000,105437.9,105437.9,105188.8,105207.9,39.82962411
1747693800000,105207.9,105412.9,105207.9,105394.4,30.85533232
1747694700000,105392.5,105654.3,105392.5,105557.4,28.67632325
1747695600000,105557.5,105838.2,105553.5,105680.9,40.99185408
1747696500000,105680.8,105715.4,105469,105469.2,26.29685193
1747697400000,105469.2,105636.7,105454.9,105612,32.42528202
1747698300000,105612,105688,105552,105568.1,51.86463663
1747699200000,105568.1,106000,105553.8,105985.9,139.95990786
1747700100000,105986,106584.2,105628.5,105637.3,308.23445512
1747701000000,105640,106163.9,105568.1,105925.4,115.37253217
1747701900000,105926,105992.1,105658.1,105719.6,33.78956969
1747702800000,105718,106108.7,105695.1,105807.9,66.76362934
1747703700000,105808,106254,105726.9,106088.3,66.33354967
1747704600000,106088.3,106634.2,106086.1,106343,104.88006437
1747705500000,106342.8,106796.8,106222.4,106451.1,101.1116359
1747706400000,106451.2,106799.9,106442,106653.5,63.87691013
1747707300000,106653.5,106867,106446,106461.9,64.55585252
1747708200000,106462,106535.9,106233.2,106233.2,83.06222071
1747709100000,106233.3,106280.1,106000,106097.9,84.97370853
1747710000000,106097.9,106177.6,105916.4,105925.4,50.30133905
1747710900000,105925.5,106153.8,105857.4,106081.9,68.3293131
1747711800000,106081.9,106084,105661.2,105717.9,75.80529473
1747712700000,105718,105772,105529.7,105755.7,36.19607029
1747713600000,105755.7,105800.1,105540.8,105600,58.86546606
1747714500000,105600,105709.8,105533.3,105561.3,20.83671259
1747715400000,105561.2,105792.7,105538.1,105717.2,23.75782024
1747716300000,105717.2,106250,105717.2,106220.8,185.3186012
1747717200000,106220.9,106399.9,106062,106350,81.60156393
1747718100000,106351.1,106400,106283.6,106339.9,28.51516583
1747719000000,106339.9,106367.9,106089,106113.9,62.84751453
1747719900000,106113.1,106237.9,106082.1,106111.9,26.95559511
1747720800000,106112,106220,105833.3,105833.4,55.60439284
1747721700000,105833.4,105833.4,105376.1,105479,74.91477135
1747722600000,105479,105565.7,105421.1,105513.8,41.74773973
1747723500000,105513.9,105649.7,105450,105461.4,37.91582076
1747724400000,105461.4,105740.4,105230,105679.9,83.22986595
1747725300000,105680,105702.4,105451,105521,60.14661117
1747726200000,105521.1,105562.7,105066.6,105080.3,86.97322427
1747727100000,105080.3,105132,104920,105018.3,130.38660213
1747728000000,105014.8,105229,104893.9,104939.8,96.95715799
1747728900000,104939.9,105090.3,104881.1,104891.7,80.90478137
1747729800000,104891.7,105173,104848,105152.8,67.13285179
1747730700000,105152.9,105248.8,105119.5,105225.3,84.47442232
1747731600000,105222.6,105348.2,105188.3,105280.1,251.20022468
1747732500000,105280.1,105350,105256.1,105338.2,103.9688932
1747733400000,105338.2,105384,105326.1,105376.1,141.123184
1747734300000,105377.4,105410,105274.8,105297.2,168.33947352
1747735200000,105297.3,105434.9,105183.4,105243.1,105.7192753
1747736100000,105245.2,105344,105111.3,105253.3,56.16719993
1747737000000,105253.3,105253.3,105031.5,105179.8,58.70118956
1747737900000,105179.9,105214.9,105013.7,105031.4,30.87894679
1747738800000,105033.6,105054,104951.5,105023.9,40.36104512
1747739700000,105023.9,105167.7,104906.1,105142.2,30.29999592
1747740600000,105142.3,105354,105142.3,105334,33.41747542
1747741500000,105334,105334,105176.3,105206,21.48094145
1747742400000,105206.1,105211.5,105001.1,105031.7,46.30140327
1747743300000,105031.7,105080,104776.2,104823.4,102.99917675
1747744200000,104823.4,104858,104651.8,104751.2,55.43291891
1747745100000,104751.1,104852.8,104685.4,104774,52.96455297
1747746000000,104774.1,104875.6,104593,104593,35.64164423
1747746900000,104593,104818,104590.7,104624.3,38.71562097
1747747800000,104624.3,104645.9,104204.4,104251,221.92977927
1747748700000,104251.1,104607.1,104180,104448.5,107.84956566
1747749600000,104448.5,104638.9,104300,104502,140.77289219
1747750500000,104500.1,104997,104475.8,104700,71.21628605
1747751400000,104700,104822,104515.2,104767.1,87.93100804
1747752300000,104767.2,104950,104522.5,104522.5,60.65514917
1747753200000,104522.5,104802.1,104480.6,104800,39.30808028
1747754100000,104800,105096.1,104639.6,105088.4,56.54981534
1747755000000,105089.9,105343.5,105032.2,105116.5,122.30281253
1747755900000,105116.6,105401.7,105116.6,105340.4,66.97801247
1747756800000,105341.4,105489.9,105089.6,105159.9,40.02239077
1747757700000,105158,105527.9,105116.9,105261,55.18915931
1747758600000,105261,105474.6,105246.3,105373.9,31.92675566
1747759500000,105374,105419,105181.2,105213.9,21.54554054
1747760400000,105214,106184.1,105214,106099,162.14212073
1747761300000,106094.1,106180,105961.5,106129.9,72.63556024
1747762200000,106130,106200,105979.6,106199.9,68.42404292
1747763100000,106200,106333.3,106159.6,106200.5,157.15752705
1747764000000,106200.6,106414.9,106096,106262.7,86.62189035
1747764900000,106262.2,106326,105750,105770.1,77.61467305
1747765800000,105771.3,106074.2,105600,105658.7,64.27821192
1747766700000,105658.8,105710.6,105201.3,105280,92.35591764
1747767600000,105279.9,105866.2,105203.6,105853.8,60.1429365
1747768500000,105853.8,106415.3,105761.1,106307.9,53.20617894
1747769400000,106308,106670.9,106302,106526,150.38521155
1747770300000,106527.9,107254.2,106527.9,107017.9,339.22932315
1747771200000,107018,107083.9,106600,106616,115.88387146
1747772100000,106615.6,106828.8,106413.3,106702.5,89.65211047
1747773000000,106702.1,106750,106481.3,106735.9,29.70459084
1747773900000,106735.9,107308.7,106735.9,106910,180.68082259
1747774800000,106910.1,107232.8,106454.1,106481,124.07684895
1747775700000,106481.1,106813.9,106324.2,106324.2,31.67777676
1747776600000,106324.2,106522.9,106136.1,106505.1,41.92657664
1747777500000,106505.1,106764.9,106503.2,106613.1,18.91549783
1747778400000,106613.1,106765.9,106227.8,106326.1,66.90911766
1747779300000,106326.2,106393.4,105939.9,106356.2,66.27999698
1747780200000,106356.1,106626.4,106171.7,106562.7,28.60273965
1747781100000,106564.7,106893,106486.1,106776.1,68.63291749
1747782000000,106775.2,106948.2,106678,106890.1,35.18148989
1747782900000,106890.1,107218.2,106890.1,106972.6,116.58749135
1747783800000,106972.6,106996,106742,106748.9,80.15132562
1747784700000,106748.7,106885.9,106631.6,106846.1,78.83949473
1747785600000,106846,107000,106722,106999.9,49.2205909
1747786500000,106999.9,107210,106566.7,106587.7,156.79180378
1747787400000,106587.7,106842,106460,106673,38.57313627
1747788300000,106673,106916,106637.2,106745.9,28.02673355
1747789200000,106746,107083.3,106672.1,106899.5,26.4333406
1747790100000,106899.6,107038.9,106674.3,106780,37.53840964
1747791000000,106780.3,106890,106688,106808,27.58036845
1747791900000,106807.9,106815.9,106413.8,106489.1,32.53357962
1747792800000,106489.2,106549,106183,106415,133.51865822
1747793700000,106414.9,106540.4,106248.1,106488.6,37.34275235
1747794600000,106488.6,106810,106452.1,106741.9,55.63014736
1747795500000,106742,106913.9,106644.8,106846,100.17346071
1747796400000,106846,106968,106746.1,106897.3,76.5669956
1747797300000,106898,107030,106829.3,107001.4,70.67432269
1747798200000,107001.4,107088.3,106930.1,106997.7,44.35590179
1747799100000,106996.4,107095.7,106764,106838,56.55754035
1747800000000,106839,107024.8,106720,106864.6,47.35924247
1747800900000,106864.7,106938.7,106804,106827.3,12.81390347
1747801800000,106827.2,107713.5,106796,107519.2,425.61074287
1747802700000,107518.5,107566.9,107237.8,107286.1,84.27232537
1747803600000,107286.2,107666,107286.1,107430.2,198.24835039
1747804500000,107430.5,107699,107430.4,107539,70.70706072
1747805400000,107539,107726,107350.7,107442.3,77.06176142
1747806300000,107442.3,107642.4,107340.1,107533.2,39.84252811
1747807200000,107533.2,107624,107299.3,107415.9,52.81025732
1747808100000,107416,107970,107324,107871.7,183.55924934
1747809000000,107871.7,107997.3,107744.1,107944,123.08624288
1747809900000,107943.9,107943.9,107738.4,107758.1,64.02105562
1747810800000,107758.1,107873.8,107440.7,107440.7,92.92891861
1747811700000,107440.8,107450.8,106770,106981.4,140.68040772
1747812600000,106981.4,106990,106444.1,106657.9,197.10449155
1747813500000,106657.9,106819.9,106470.3,106509.9,116.76428753
1747814400000,106506.1,106796,106442,106752,63.17148915
1747815300000,106752,106752,106344.8,106460.1,105.1358821
1747816200000,106461.3,106533.3,106379.8,106414.1,63.76186394
1747817100000,106414.4,106491.8,106351,106386,22.09584026
1747818000000,106386.9,106532.5,106286,106316,53.53249388
1747818900000,106316.1,106405.1,106187,106347.5,57.02313549
1747819800000,106349.9,106350,106117.8,106130.7,28.87659136
1747820700000,106130.7,106229.7,106086.1,106200.1,33.60677935
1747821600000,106200.1,106451.6,106138,106400,29.65815446
1747822500000,106400,106400,106150.6,106267.9,40.45895142
1747823400000,106267.9,106399.3,106245.8,106354,58.62421962
1747824300000,106354,106361.9,106270.6,106336.1,40.29194793
1747825200000,106336.1,106497.9,106255.6,106490.2,35.88077384
1747826100000,106490.1,106712.5,106452.5,106672,100.39972823
1747827000000,106672,106683.9,106519.4,106588,33.76419256
1747827900000,106588,106588,106446.1,106528.5,36.0640562
1747828800000,106528.1,106544,106396.1,106519.8,28.36224835
1747829700000,106519.8,106879.7,106519.7,106826,38.80943714
1747830600000,106825.2,106825.2,106582.1,106632,27.91759497
1747831500000,106631.9,106638.9,106474,106570.1,28.51205318
1747832400000,106570.2,106659.9,106319.7,106417.9,68.77781075
1747833300000,106418,106500,106348.9,106444.1,21.51935073
1747834200000,106444.1,107194.6,106444.1,107132.1,131.02111578
1747835100000,107135.2,107653,107066.8,107259.9,229.82492967
1747836000000,107260,107530,107121.7,107422.4,169.39480255
1747836900000,107422.5,107744,107311.2,107340,100.14461248
1747837800000,107338.5,107799.3,107000,107773.9,133.57844836
1747838700000,107774,109000,107679.5,109000,624.36308869
1747839600000,108999.9,109458,108430,108822,560.54011067
1747840500000,108822.4,109309.6,108822.4,108910,249.83267005
1747841400000,108907,109082,108318.4,108895,206.77711623
1747842300000,108894.1,109236,108560,108972,115.84450401
1747843200000,108973.9,109143.4,108698.8,109100,142.61928278
1747844100000,109099.9,109292,108930.7,109106,84.56352146
1747845000000,109106,109688,109071.8,109513.9,454.69637372
1747845900000,109513.9,109860,109125,109130.9,291.8453489
1747846800000,109131,109349.9,108770,109040,219.12203102
1747847700000,109038.5,109081.3,106888,106956.2,729.95041437
1747848600000,106957.8,107675,106500,106508.9,734.4609652
1747849500000,106508.9,106995.9,106115.5,106590,532.81900193
1747850400000,106593.7,107100,106328.1,106843.9,194.07361935
1747851300000,106843.9,107075,106500,106665.3,80.30590013
1747852200000,106665.3,107392.1,106638,107329,122.51577627
1747853100000,107328,107424.2,106880.4,106960,130.47989491
1747854000000,106960.1,107309.9,106612.4,107019.1,85.38497902
1747854900000,107019.2,107227.2,106766.5,107227.2,130.31438306
1747855800000,107227.3,108436.4,107227.3,108117.4,268.69067975
1747856700000,108114,108854,107971.4,108618.1,210.56396406
1747857600000,108612.8,108750,108172,108259.8,121.81189711
1747858500000,108259.9,108428,108172,108204.1,48.79906134
1747859400000,108204.2,108272,107961.6,107980.4,38.21920999
1747860300000,107980.1,108250,107719.3,108240,46.13578242
1747861200000,108240.1,108449.2,107937.1,108335.9,34.90775436
1747862100000,108335.9,108335.9,108080,108080,39.54634873
1747863000000,108080,108461.4,108066.8,108407.4,24.65625643
1747863900000,108407.4,108550,108325,108420,28.82628078
1747864800000,108420.1,108550,108280.8,108310.1,86.44041034
1747865700000,108310.1,108632.3,108282.9,108632.3,34.40582459
1747866600000,108632.2,108978.6,108632.2,108941.5,79.25494053
1747867500000,108941.5,109038,108692.1,108742.6,89.06365478
1747868400000,108742.7,109398,108660.7,109376,137.02593912
1747869300000,109376.1,110804.2,109360,109760,1052.61383024
1747870200000,109754.4,110140.5,109409,109578.4,227.91545354
1747871100000,109578.3,109758,109333.3,109642.8,145.62131926
1747872000000,109646,110165.2,109474.2,109973.9,244.39580341
1747872900000,109979.9,110042,109649.4,109683.9,243.65523752
1747873800000,109683.8,109826.6,109179.5,109337,206.8176018
1747874700000,109337.1,109966,109322.5,109962,78.57454349
1747875600000,109962,110552.9,109868,110107.9,256.1239215
1747876500000,110108,110257.3,109810.1,109992,84.7822452
1747877400000,109992,110285.7,109719.5,109814.5,70.79962888
1747878300000,109814.6,109980,109663.9,109910.1,49.68002161
1747879200000,109910.1,110308,109815,110113.8,80.76915465
1747880100000,110113.9,110607.7,109968.1,110425.9,88.01126269
1747881000000,110425.9,110972,110365.6,110458,209.27285518
1747881900000,110458,110626.5,110300,110469.7,101.2705773
1747882800000,110469.8,110699.9,110327.3,110499.9,90.87540676
1747883700000,110499.9,110880,110415,110754.4,170.6421707
1747884600000,110754.3,111480,110695.6,111301.1,442.85635477
1747885500000,111308.1,111880,111308.1,111773.9,473.40721697
1747886400000,111774,111791.5,111300,111386,198.08470009
1747887300000,111385.9,111496,111221.1,111470,78.49904531
1747888200000,111468.8,111713,111262.7,111711.9,132.53380602
1747889100000,111711.9,111711.9,111400,111467.1,74.45153435
1747890000000,111467,111656.5,111157.1,111319.9,82.74996746
1747890900000,111320,111469.9,111258.5,111424,47.17170803
1747891800000,111424,111478.9,111284.1,111400,72.44213706
1747892700000,111400.1,111495.9,110820.5,110868,157.47263648
1747893600000,110870,111178,110841,110992.3,92.51956073
1747894500000,110992.2,111022.9,110678.6,110816,156.90338119
1747895400000,110816,110945.9,110637.1,110870.1,63.57357082
1747896300000,110870,110946.7,110457.3,110600,138.42778711
1747897200000,110600,110826.1,110458.1,110826.1,242.64022401
1747898100000,110826.1,111083.4,110569.5,110711.7,473.41609202
1747899000000,110711.7,111057.6,110626.2,110862,111.84622646
1747899900000,110862.1,111132,110771.3,111038.3,128.94666817
1747900800000,111038.4,111131,110925.2,110983.1,46.02086462
1747901700000,110980.1,111157.5,110702.8,110791.3,99.11908133
1747902600000,110793.9,110811.9,110406.1,110538,88.36522252
1747903500000,110538,110649.6,110375.1,110400,128.67407446
1747904400000,110400.1,110533.3,110262.1,110430,115.02582936
1747905300000,110433.2,110679.5,110280,110666.5,87.5616864
1747906200000,110666.6,110789.4,110527.1,110646.5,62.21478279
1747907100000,110646.4,110833.2,110579.6,110811,59.09497278
1747908000000,110811.1,110865.2,110595.6,110725.9,47.4253763
1747908900000,110725.8,110952.4,110680,110900,35.88902044
1747909800000,110900.1,110956,110811.1,110908.5,20.83091012
1747910700000,110908.5,110915.5,110704,110792.3,34.7588573
1747911600000,110790.1,110855,110611.4,110726.8,21.75741547
1747912500000,110728.9,110916.2,110508.7,110512,44.94091412
1747913400000,110511.6,110681.5,110500,110681.5,29.07399773
1747914300000,110681.6,111333,110660,110983.7,112.54199121
1747915200000,110982.1,111169.9,110810.8,110816.1,52.86959121
1747916100000,110816,111396,110800,111276.1,127.94312749
1747917000000,111276.1,111551.9,111172,111386.2,78.53503836
1747917900000,111386.3,111600,111372,111599.9,62.53618337
1747918800000,111600,111616,111229.6,111267.9,51.09100127
1747919700000,111268,111415,111117.6,111411.2,35.38847358
1747920600000,111414,111600,110924.7,111313,152.21100259
1747921500000,111313,111459.9,110905,110920.6,123.07747709
1747922400000,110920.6,111180.9,110644,110772.2,162.11024053
1747923300000,110772.3,111325.3,110706.5,111272,117.50192392
1747924200000,111273.4,111398.1,110750,110938.9,125.05314924
1747925100000,110938.8,111048.8,110550,110900,85.45862852
1747926000000,110900,111159.3,110783.4,110942.9,70.8112369
1747926900000,110942.9,111281.7,110839.5,111120,78.69931172
1747927800000,111118.9,111490.2,111031.3,111490.2,98.92350807
1747928700000,111490.4,111533.3,111192.7,111317.8,154.74785891
1747929600000,111318,111517.9,111216.5,111517.9,426.03832168
1747930500000,111520,111800,111250,111250,186.2483041
1747931400000,111250,111469.9,111083.7,111421.8,74.09806847
1747932300000,111421.9,111434,111124.6,111259.9,77.79430233
1747933200000,111260,111416,111162,111390.1,41.99927963
1747934100000,111390,111963,111348.6,111705.9,156.19159372
1747935000000,111706,111963,111658.4,111752.2,99.81812873
1747935900000,111750.1,111750.1,111388,111503.3,66.26368951
1747936800000,111503.7,111576.9,111366.8,111451.8,44.81552573
1747937700000,111451.8,111733.9,111451.8,111709.2,26.12704694
1747938600000,111709.2,111962.6,111660,111749.9,54.81862987
1747939500000,111749.9,111850,111680,111723.3,38.41732588
1747940400000,111723.2,111820.2,111469.9,111762.2,52.0127331
1747941300000,111762.1,111920.9,111670,111898.6,39.20840407
1747942200000,111898.6,111929.8,111357.1,111360.6,97.21246282
1747943100000,111360,111360,110916.4,111200,145.89026236
1747944000000,111203.5,111447.9,111086,111278.7,42.33338243
1747944900000,111280,111287.9,110990.1,111065.3,29.00546303
1747945800000,111065.3,111125.6,110819.3,111068.7,64.44606369
1747946700000,111068.8,111227.2,110993.4,111073,19.24928483
1747947600000,111073,111073,110875.2,110999.9,18.89754243
1747948500000,111000,111100,110760.7,110810.1,33.50378049
1747949400000,110810.1,111028.7,110756,110971.3,25.12620348
1747950300000,110971.2,110974.4,110763.6,110840,10.85624976
1747951200000,110844,111145.9,110844,111073.9,24.95601084
1747952100000,111073.9,111175.7,111028,111065.1,20.95363082
1747953000000,111065.2,111255.1,111044.8,111159.6,22.42151707
1747953900000,111159.6,111167.9,110979.4,111020.4,26.21380761
1747954800000,111020.5,111250,111020.5,111248.3,25.9470085
1747955700000,111248.2,111266,111134.2,111246.7,26.06145361
1747956600000,111246.7,111446.8,111232.9,111377.7,24.24798496
1747957500000,111377.7,111728,111346.8,111701.9,65.18250598
1747958400000,111702,111800,111457.3,111775.6,81.62172138
1747959300000,111775.6,111775.6,111446.7,111482,55.35719395
1747960200000,111482,111595.2,111383.3,111493.8,43.29531293
1747961100000,111493.8,111742.9,111447.2,111611.9,53.74241718
1747962000000,111612,111739.3,111237.6,111345,48.41780768
1747962900000,111345,111366.6,111210.9,111291.3,44.48118876
1747963800000,111295.7,111530.3,111220.7,111256,31.87069224
1747964700000,111256,111468.4,111256,111337.8,38.30847047
1747965600000,111337.8,111497.9,111302,111484,49.45891983
1747966500000,111483.9,111624,111416.8,111593.9,58.02073519
1747967400000,111593.9,111600,111199.9,111254.1,57.21318266
1747968300000,111254.1,111344.2,111184.7,111274.3,42.09897536
1747969200000,111274.3,111382,111182,111210.6,43.71928358
1747970100000,111210.7,111288,111041.6,111044.2,44.430332
1747971000000,111044.2,111178.8,111016,111143.9,37.45849135
1747971900000,111143.8,111198,111110,111111,28.05933156
1747972800000,111111.1,111191.4,111000,111015.9,36.90713877
1747973700000,111016,111055.9,110714.2,110810.9,107.98293403
1747974600000,110811,110850.1,110536.8,110625.8,202.20507287
1747975500000,110625.8,110881,110619.7,110851.9,71.96119831
1747976400000,110851.8,110963.9,110711,110879.9,47.80313239
1747977300000,110880,110901.9,110680.1,110722.9,28.72808309
1747978200000,110723,110825.1,110650.1,110783,32.45984532
1747979100000,110783,110860,110726.1,110860,20.75687598
1747980000000,110860,110860,110472.1,110509.5,97.90868751
1747980900000,110508.4,110649.9,110444.3,110584.1,105.21177
1747981800000,110584.4,110743.3,110500,110666,59.85323311
1747982700000,110666,110666.1,110406.1,110523.9,82.74641225
1747983600000,110524,110810,110522.2,110796.1,103.04392742
1747984500000,110796.1,110839.4,110727.1,110822.4,92.23675894
1747985400000,110822.4,110872,110672.9,110769.9,85.52347899
1747986300000,110770,110842.9,110551.9,110721.9,102.65560222
1747987200000,110722,110850,110705.8,110832.1,75.84126192
1747988100000,110832.2,110907.6,110756.2,110894.1,17.95527925
1747989000000,110894,111022.7,110857.2,110961.4,41.35007482
1747989900000,110961.5,111009,110874.4,110930,23.94016646
1747990800000,110930.1,111092,110900,111014,22.28068683
1747991700000,111014.1,111240,111014,111091.9,61.13994691
1747992600000,111091.9,111233.9,111091.9,111163.6,32.48058232
1747993500000,111163.5,111378,111157.9,111315.8,65.44858425
1747994400000,111315.7,111320,110844.9,110936.1,80.19928829
1747995300000,110936.1,111104,110813.4,110988,55.64290061
1747996200000,110989.9,111071.6,110900,111048.3,62.43825684
1747997100000,111048.2,111187,110978.5,111061.1,11.59587695
1747998000000,111061.2,111099,110900,110997.8,12.46898912
1747998900000,110997.8,111074.4,110665.6,110872,52.15409455
1747999800000,110871.9,110955.9,110203.1,110384.1,141.21882497
1748000700000,110390,110473,108856.1,109085.3,694.1809933
1748001600000,109083.7,109109.5,107945.1,108136.1,668.65299147
1748002500000,108138,108460,107313.9,108410.1,593.58383636
1748003400000,108410,108770.1,108195,108576,193.56156731
1748004300000,108576.1,108768.2,108375.1,108429,142.9254419
1748005200000,108429.1,108532,107961.1,108431.3,129.68764152
1748006100000,108431.2,108857.6,108362.3,108703.9,132.66667655
1748007000000,108703.9,109585.1,108610.2,109059.9,313.87959895
1748007900000,109058,109724.1,108830,109650,303.70057754
1748008800000,109648.6,109999.9,109625.4,109905.9,212.69297692
1748009700000,109905.9,109966.4,109525,109555.1,139.90841628
1748010600000,109555.1,109817.1,109516.6,109703.2,102.22236831
1748011500000,109703.2,109950,109670.6,109670.6,85.05817321
1748012400000,109670.6,109866,109013.6,109144.5,163.25838276
1748013300000,109144.5,109500,109048.1,109384.1,58.37133159
1748014200000,109399.7,109750,109380.1,109500,62.92056756
1748015100000,109499.9,109529.1,108910.7,108940.6,62.18661711
1748016000000,108942.4,109215.3,108568.9,108668,438.22774669
1748016900000,108668,108948.4,108004.9,108727.4,266.15502464
1748017800000,108727.4,108995.6,108549.2,108642.9,670.96565894
1748018700000,108643,109104.4,108642.9,109077.4,73.55588487
1748019600000,109079.5,109505.8,109019.7,109505.8,146.99097408
1748020500000,109505.8,109812.2,109398.1,109778.5,104.26240867
1748021400000,109778.5,109778.6,109271.7,109351,54.42368264
1748022300000,109351,109599.9,109312.5,109415.8,32.04192046
1748023200000,109415.8,109507.2,109155.2,109238.4,58.58327766
1748024100000,109238.4,109292.3,108823.8,109076.8,90.31386102
1748025000000,109078.9,109126,108932.5,108977.9,26.49724706
1748025900000,108977.9,108977.9,108656.5,108801.3,103.08689541
1748026800000,108801.4,109162.3,108679.8,109114.1,62.83447851
1748027700000,109114.2,109122.1,108875.9,108930.1,30.60795134
1748028600000,108930.4,109084.4,108866.3,108970.5,39.57219774
1748029500000,108974.5,108974.5,108575.8,108714.5,109.2293158
1748030400000,108714.5,108730.1,108475.9,108524.5,36.7635348
1748031300000,108524.5,108709.6,108516.5,108664.7,21.88351429
1748032200000,108664.6,108664.7,108288,108424.4,27.83690888
1748033100000,108424.5,108537.3,108198.8,108250.7,52.22890512
1748034000000,108250.8,108339.7,108175,108334.4,31.22316133
1748034900000,108335.6,108624.9,108335.6,108420,42.30270871
1748035800000,108414,108539.1,108190.5,108534.2,42.62365125
1748036700000,108534.2,108678.1,108060.9,108296,67.31965566
1748037600000,108295.9,108527.9,108223.7,108502.4,32.40224138
1748038500000,108502.3,108591.9,108320,108320,38.74012393
1748039400000,108320,108413.4,108101.1,108107.9,25.17200686
1748040300000,108107.9,108119.9,107650,107800,169.68297171
1748041200000,107800.1,107909.3,107539.7,107688.8,98.8797572
1748042100000,107688.8,107745.9,107400,107401.4,87.02822595
1748043000000,107401.5,107680,106939.9,107108,253.48142455
1748043900000,107108,107448,106800,107324,145.63489758
1748044800000,107324.1,107495.3,106880,107433.3,108.12759281
1748045700000,107433.4,107471.3,107107.9,107243.7,57.96043242
1748046600000,107243.8,107696.4,107242.4,107493.7,39.5643433
1748047500000,107493.7,107582,107357.7,107370.2,19.28552618
1748048400000,107370.1,107806.4,107358.2,107630,43.49447109
1748049300000,107630,107876.6,107583.3,107733.4,34.43987353
1748050200000,107733.4,107776.2,107583.4,107585.6,18.73462964
1748051100000,107585.5,107666,107475.7,107481.9,21.29806299
1748052000000,107481.9,107645.1,107250.1,107619.3,37.58335329
1748052900000,107619.2,107848.3,107619.2,107792.3,20.08241377
1748053800000,107792.3,107905.3,107739.4,107886,16.43726159
1748054700000,107886,107886,107700.1,107796.6,33.31444791
1748055600000,107796.6,108112,107752.2,108049.5,66.98334369
1748056500000,108049.6,108329.1,108010,108317.8,33.98984554
1748057400000,108316.1,108371.9,108124,108182.1,31.43236398
1748058300000,108182,108370,108102,108370,38.77619232
1748059200000,108370,108411.2,108304.3,108348,31.56957631
1748060100000,108348,108500,108336.1,108441.7,58.39646509
1748061000000,108441.7,108569.5,108400,108500.1,58.89060426
1748061900000,108500,108581.8,108457.8,108497.9,41.87095656
1748062800000,108497.9,108533.9,108282,108351.2,69.95788446
1748063700000,108351.1,108358.1,108209.6,108358.1,31.87951885
1748064600000,108358,108443.5,108200,108223.7,19.15929812
1748065500000,108223.8,108252,108125.4,108240,20.76946329
1748066400000,108240,108344,108208.2,108233.2,11.11900696
1748067300000,108233.2,108249.9,107979.8,108206.8,185.59900635
1748068200000,108206.7,108206.7,107672.1,107946.7,198.66224469
1748069100000,107946.7,107969.5,107718,107963.3,35.22975175
1748070000000,107963.3,108146.6,107963.2,108122.1,77.07084155
1748070900000,108122,108245.2,108122,108221.9,73.85374859
1748071800000,108221.8,108224.3,108014.7,108051.8,59.74189529
1748072700000,108051.7,108051.8,107567.7,107600.8,112.77308519
1748073600000,107600.8,108025.5,107600.8,107864,84.6977026
1748074500000,107864.1,107900,107690.1,107899.3,42.47979508
1748075400000,107899.4,108078.8,107852.1,108076.4,21.27691839
1748076300000,108076,108288.9,108062,108246.6,33.78190814
1748077200000,108246.9,108442,108181.5,108207.8,50.16126446
1748078100000,108205.6,108415.9,108190.6,108337.5,24.18187373
1748079000000,108337.5,108416.3,108199.8,108235.8,22.85311479
1748079900000,108235.8,108292,108152,108158,17.4121187
1748080800000,108158.1,108252,108157.8,108164.5,13.01936689
1748081700000,108164.6,108413.3,108164.6,108392.2,32.23323914
1748082600000,108392.1,109042.6,108374,108951.8,157.12895545
1748083500000,108951.8,109250.2,108913.7,109087.7,112.09422663
1748084400000,109090,109488.6,109090,109303.8,106.27537088
1748085300000,109303.7,109411.2,109166.9,109327.3,37.60378427
1748086200000,109327.2,109485.2,109164.7,109164.7,70.16922438
1748087100000,109164.5,109351.5,109138.1,109196,53.93748822
1748088000000,109196,109279.9,108826,108933,203.81901212
1748088900000,108932.9,108989.9,108633,108838,67.31258669
1748089800000,108833.5,108912.6,108716,108837.8,17.37347704
1748090700000,108837.8,108901.9,108689.3,108787.8,24.18225696
1748091600000,108786.6,108844,108651.3,108717,28.57423992
1748092500000,108715.4,108900.7,108582,108888.1,30.03281274
1748093400000,108888,108900.3,108644.7,108690.9,34.26315314
1748094300000,108690.8,108752.2,108540,108596.1,35.47959224
1748095200000,108596.1,108813.9,108586,108733.7,48.68797118
1748096100000,108733.7,108997.1,108677.3,108691.6,48.44379512
1748097000000,108690.2,108968.5,108669.7,108832.2,29.27675666
1748097900000,108832.3,109030,108832.3,108960.1,42.99725727
1748098800000,108960.1,109222,108844.1,109149.9,46.48042884
1748099700000,109149.9,109150,108928,108966.9,29.3150153
1748100600000,108966.9,109049.9,108858.8,108885,24.13166527
1748101500000,108885,108945.9,108821.4,108939.3,15.95487991
1748102400000,108939.3,108986,108686,108744,38.4307103
1748103300000,108744,108880,108680,108766.1,29.92054911
1748104200000,108766.1,108872.6,108684.5,108857.4,33.49369571
1748105100000,108857.4,109101.9,108805.2,109005.1,72.84094397
1748106000000,109005.2,109221.9,108990.2,109128.1,130.81920318
1748106900000,109128,109128,108870.8,108955.8,199.20041487
1748107800000,108955.8,109059.8,108910.2,108964.4,16.09115979
1748108700000,108962.8,109077.9,108907.5,108907.5,11.42472199
1748109600000,108907.5,109077,108902.9,109036,11.47370858
1748110500000,109036,109076.1,108961.3,108999.7,15.35533656
1748111400000,108999.6,108999.7,108864,108904.9,15.58273482
1748112300000,108904.9,108904.9,108762.3,108818.1,25.3790731
1748113200000,108818,108925.9,108780,108845.6,46.52243627
1748114100000,108845.6,108888,108776.4,108855.3,18.97035825
1748115000000,108855.9,109019,108820.5,108840.9,63.96787699
1748115900000,108841,108959.9,108788,108944.4,107.13579299
1748116800000,108944.3,109008,108872.9,108988.7,28.75818591
1748117700000,108988.7,109059.9,108932.7,108976.7,31.95526844
1748118600000,108976.7,109120.5,108934.8,108939.9,26.32404253
1748119500000,108939,108939,108844.8,108844.9,9.12014639
1748120400000,108844.8,108855.8,108722,108815.4,33.17659462
1748121300000,108815.4,108850,108561.9,108697.7,29.48077098
1748122200000,108697.6,108856,108689.7,108803.7,44.46374195
1748123100000,108800,108859.5,108712.5,108816.3,33.2472933
1748124000000,108817.4,108817.5,108593,108714.9,17.94937103
1748124900000,108718,108746,108353,108504.6,78.8256624
1748125800000,108504.6,108589.9,108090.9,108243,98.83779151
1748126700000,108243,108333.3,107979.2,108105.9,45.75103506
1748127600000,108102.1,108113,107666.6,108054.4,109.70453155
1748128500000,108054,108411.5,107818.5,108004.4,115.61012506
1748129400000,108004.2,108184,107728.1,107754,99.05703553
1748130300000,107750,107886.5,107500,107767.2,98.42743394
1748131200000,107767.3,108044.5,107745.6,107928.1,60.01045679
1748132100000,107928,108068,107787.5,108020.1,40.07134766
1748133000000,108020.1,108130,107299.7,107495.4,166.70698896
1748133900000,107495.3,107633.9,107270.7,107435.9,165.6128231
1748134800000,107436,107621.2,107243.9,107361.1,59.66915417
1748135700000,107361,107888,107192.4,107874.9,93.67739212
1748136600000,107874.8,108015,107708,107884.1,39.71435272
1748137500000,107884,107884,107628,107652,29.77097859
1748138400000,107652.1,107814.9,107494,107570.2,22.30693587
1748139300000,107570.1,107885,107469.7,107843.6,31.95916281
1748140200000,107845.4,107961.3,107686.1,107734.1,28.07326038
1748141100000,107733.9,107998,107719.8,107924.3,30.49683959
1748142000000,107925.1,108252.5,107910,108151.3,47.82494736
1748142900000,108151.3,108217.5,108024.7,108153.6,15.84662349
1748143800000,108153.5,108236.3,108138.9,108207.8,16.73934098
1748144700000,108207.8,108258,108091.2,108091.3,16.22433341
1748145600000,108091.3,108133.9,107975.3,107979.9,16.21871738
1748146500000,107980,108079.9,107928.1,107986.5,23.08133972
1748147400000,107986.6,108203.6,107986.5,108178.2,29.04864415
1748148300000,108178.1,108282.4,108144.1,108250.1,24.84930569
1748149200000,108250,108299.1,108117,108117,40.19208644
1748150100000,108117.1,108167.4,108069.9,108084.8,15.3640857
1748151000000,108084.7,108132,107968,108028,24.9292888
1748151900000,108028.1,108116.6,107989.8,108106,10.68326694
1748152800000,108106,108140,108015.8,108015.8,13.53970615
1748153700000,108015.9,108015.9,107864.1,107972.4,22.25280762
1748154600000,107972.3,107996,107892,107965.9,18.61807852
1748155500000,107965.9,108023.9,107681.8,107939.7,33.72248766
1748156400000,107939.7,107939.7,107674,107710.9,26.3811513
1748157300000,107710.8,107803.3,107460,107541.9,47.40938058
1748158200000,107541.8,107702,107440.1,107622.1,34.7044978
1748159100000,107622,107701.9,107574.1,107682.1,37.54103244
1748160000000,107682,107698,107423.4,107485,25.9314749
1748160900000,107483.8,107624.9,107355.9,107443.8,38.57466622
1748161800000,107443.9,107547.1,107251.9,107319.9,61.281888
1748162700000,107319.9,107320,106900,107120,124.47089371
1748163600000,107120.2,107250,106976.9,107178.1,216.14441785
1748164500000,107178,107278.1,106875.1,107171.2,328.58433265
1748165400000,107171.2,107224.4,106703.2,106890,120.26515167
1748166300000,106892,107126.9,106892,107126.9,40.63364739
1748167200000,107126.8,107303.3,107066.1,107200.1,40.74846194
1748168100000,107203.2,107293.9,107080.9,107089.5,15.25252613
1748169000000,107089.6,107308.6,107089.6,107187.2,32.50239578
1748169900000,107187.3,107384,106827.8,106943.9,75.39180727
1748170800000,106943.9,107052,106826.1,107048.4,42.9002563
1748171700000,107049,107182,106962.1,107175,22.85707391
1748172600000,107175.1,107223.6,107025.5,107126,19.59652299
1748173500000,107126.1,107288.4,107116.9,107250,19.33762446
1748174400000,107249.8,107436.4,107177.9,107415.9,54.04362487
1748175300000,107415.9,107599.9,107317.9,107472.5,47.17809288
1748176200000,107472.5,107615.7,107388.7,107429.8,164.21626678
1748177100000,107429.8,107559.5,107394.8,107550,33.46434682
1748178000000,107550,107594.9,107300,107380,42.52861982
1748178900000,107380.1,107553.4,107304,107550.1,27.58967733
1748179800000,107552,107733.3,107520.1,107638.6,27.60898536
1748180700000,107638.6,107743.8,107525,107525.1,17.4814321
1748181600000,107525.1,107615.9,107415.6,107542.2,22.97185529
1748182500000,107542.2,107646,107466,107634.6,14.71571745
1748183400000,107634.6,107636.9,107171.6,107200,63.03332118
1748184300000,107200.1,107376.8,107131.4,107368.1,45.17823268
1748185200000,107368.1,107428,107160.1,107280,61.68512837
1748186100000,107280,107304.4,106700,106834.1,108.71281495
1748187000000,106834,107239.9,106600,107139.8,133.16028812
1748187900000,107139.8,107225.8,106871.1,106973.3,34.95567117
1748188800000,106973.3,107071,106850.1,106908,38.21771807
1748189700000,106908,106920,106648.2,106707.7,81.29556113
1748190600000,106707.7,107150,106700.1,107119.9,34.63969268
1748191500000,107120,107246.9,107120,107184.2,17.72670025
1748192400000,107184.1,107296,107184,107253.7,21.37086302
1748193300000,107253.7,107314.5,107107,107299.9,10.45212529
1748194200000,107300,107316,107156.7,107248.1,11.83312687
1748195100000,107248.1,107369.3,107248.1,107352.5,3.87063425
1748196000000,107360,107378.5,107261.2,107373.4,12.66427945
1748196900000,107373.4,107600,107314.2,107537.6,28.74886822
1748197800000,107537.6,107537.6,107403.6,107406,8.59686234
1748198700000,107405.4,107476,107400,107413.8,4.11057475
1748199600000,107413.9,107480,107413.8,107445,9.68934922
1748200500000,107444.9,107630,107444.9,107629.9,15.81098316
1748201400000,107629.9,107713.5,107626.8,107663.5,12.38446614
1748202300000,107663.5,107937.3,107663.5,107709.4,38.69795834
1748203200000,107709.3,107754.9,107516.2,107539.9,16.34368873
1748204100000,107539.9,107613.9,107426.1,107570.1,30.1885979
1748205000000,107570.1,107716.2,107548.1,107699.5,6.71671467
1748205900000,107699.5,107699.5,107620,107679.8,8.40592925
1748206800000,107679.9,107913.9,107626.1,107873.3,18.2648367
1748207700000,107873.2,107877.4,107429,107465.6,18.66783803
1748208600000,107462,107462,107172.5,107443.9,17.95381002
1748209500000,107444,107666.5,107390.4,107451.2,28.63356709
1748210400000,107458,108697.9,107346.1,108374.1,263.99842975
1748211300000,108380,108700,108118.4,108333.6,69.13708915
1748212200000,108335,108652.9,108290.5,108627.5,61.15727954
1748213100000,108627.5,109200,108507.5,109159,129.0931187
1748214000000,109157.6,109315.3,108899,108913.8,103.79201355
1748214900000,108913.8,108985.9,108554.1,108632.9,73.38781491
1748215800000,108632.9,109049.9,108586,108888,110.13178888
1748216700000,108888,109058.8,108817,109004.9,30.05458879
1748217600000,109004.9,109048,108881.8,108914,40.88638346
1748218500000,108914.1,109087.9,108666.7,108799.9,52.1479286
1748219400000,108800,109285,108769.1,109184.7,57.87850999
1748220300000,109184.7,109599.5,109140,109534.1,157.49347511
1748221200000,109538,109786,109285.9,109380.6,131.69359482
1748222100000,109380.6,109452,109223.8,109313.2,35.95112417
1748223000000,109313.2,109742,109218,109634.9,47.58742504
1748223900000,109634.9,109850,109419.5,109541,100.73163391
1748224800000,109540.1,109773.7,109456.1,109520,39.37579965
1748225700000,109520,109700,109471.4,109514,38.52364302
1748226600000,109513.9,109535.9,109193.5,109288,40.60011321
1748227500000,109289.9,109446,109186,109386,50.04509185
1748228400000,109386,109395,109262.9,109321.1,19.04760308
1748229300000,109320.5,109693.9,109273.5,109653.9,49.05299508
1748230200000,109654,109721.9,109564,109643.7,39.9767682
1748231100000,109643.8,109754.9,109564.5,109621.9,35.03183048
1748232000000,109621.9,109681.9,109515,109531.1,62.46053871
1748232900000,109531.2,109668.3,109492,109650,19.58936057
1748233800000,109651.9,109734,109628.4,109641,36.61240162
1748234700000,109641,109725.8,109497.2,109528,40.84225031
1748235600000,109528,109607.8,109360.3,109429.9,36.70128401
1748236500000,109429.9,109620,109394.2,109580,47.46152972
1748237400000,109580,109681,109504,109647.9,32.6975713
1748238300000,109648,109675.9,109594,109633.1,15.65574753
1748239200000,109633.1,109718,109534.9,109557.5,21.74268115
1748240100000,109557.4,109770.2,109508,109738,32.50756089
1748241000000,109736.1,109736.1,109495.3,109557.9,54.53209601
1748241900000,109557.9,109956.7,109557.9,109931.8,69.21610998
1748242800000,109931.8,110214.8,109829.6,109831.6,144.39780689
1748243700000,109831.6,110059.8,109702,109856,110.9964169
1748244600000,109856.1,110084,109778.1,110001.2,111.58377428
1748245500000,110001.3,110092,109917.1,110089,85.01441675
1748246400000,110089.1,110179.9,109839.3,109907.9,39.58367138
1748247300000,109908,109975.9,109779.9,109801.6,26.09041118
1748248200000,109801.6,109881.9,109676,109716.1,21.0682721
1748249100000,109716.1,109782,109600,109660,24.7820292
1748250000000,109661.9,109828.2,109588.2,109826.4,24.76861621
1748250900000,109826.3,109990,109799.5,109908.2,40.70459133
1748251800000,109908.1,109955.5,109670.1,109693.1,48.03974258
1748252700000,109693,109805.9,109619.3,109713.9,41.49853027
1748253600000,109714,109832,109662,109738,25.11280151
1748254500000,109738,109864,109668,109809.7,18.67131367
1748255400000,109809.6,109863.2,109752,109807.6,48.51122993
1748256300000,109807.1,109836,109572,109644.8,27.17087025
1748257200000,109644.9,109718,109556.1,109659.1,34.43123836
1748258100000,109659.1,109722,109586.2,109709.1,22.56919952
1748259000000,109709,109838,109578.2,109798.1,15.15035446
1748259900000,109798,109828,109714.4,109783.9,21.07303616
1748260800000,109784,109869.7,109676,109729,123.95138231
1748261700000,109729.1,109836.3,109700.6,109750.7,24.90982061
1748262600000,109750.7,109808.7,109712,109725.5,24.15902587
1748263500000,109725.6,110078.8,109666,109826.1,55.05019756
1748264400000,109826.1,109984.1,109696.1,109744.1,43.65015387
1748265300000,109744.1,109923.3,109692.9,109861.9,46.56915933
1748266200000,109862,109987.9,109776,109868.1,27.18335778
1748267100000,109869.9,109881.9,109471.7,109609.6,68.11329256
1748268000000,109606.1,109721,109516.1,109720.9,22.95716804
1748268900000,109720.9,109723.9,109508,109702,60.46674591
1748269800000,109700.3,109740,109509.6,109606.1,22.73874477
1748270700000,109606,109738,109500,109662.6,42.80750342
1748271600000,109663.8,109742,109534,109646.1,23.96127519
1748272500000,109646.1,109896,109612.4,109883.5,24.58668317
1748273400000,109883.6,110411.2,109883.6,109960.1,210.62064076
1748274300000,109960.1,110242,109916.1,110004.9,161.10854901
1748275200000,110007.1,110450,109988,110075.9,477.19542481
1748276100000,110075.9,110082,109096.9,109330,394.63570768
1748277000000,109328.1,109624.9,109144.1,109592.5,93.2723615
1748277900000,109592.6,109661.4,109330.6,109386.1,31.18148516
1748278800000,109386,109696.7,109330.3,109457.2,37.90309401
1748279700000,109457.1,109529.5,109216.1,109368.9,25.48620336
1748280600000,109368.9,109438,109181.9,109202,22.07559606
1748281500000,109201.9,109202,108877.7,109174.2,82.2624362
1748282400000,109175.3,109271.7,109020,109270,33.60323093
1748283300000,109269.3,109317.9,108984.9,109282.8,189.76650895
1748284200000,109282.9,109465.2,109282.9,109282.9,26.13792258
1748285100000,109283,109283,109050.5,109095.2,37.14507094
1748286000000,109094.1,109135.5,108931.1,109048.3,77.85449414
1748286900000,109048.3,109185.1,108960.1,109119.4,28.9951621
1748287800000,109119.5,109132.3,108851.1,109001.9,20.87014311
1748288700000,109001.9,109173.9,108954.1,109123.5,37.64145014
1748289600000,109123.4,109306.7,108932.1,109267,56.66065087
1748290500000,109266.9,109333.2,109154.8,109279.9,17.31845036
1748291400000,109279.8,109633.6,109236.6,109450,22.33083164
1748292300000,109450.7,109608.9,109370.3,109596.1,29.38439206
1748293200000,109596,109650,109301.4,109353.3,19.77837972
1748294100000,109352.3,109362.7,109132,109296.6,14.58279394
1748295000000,109296.7,109494.9,109175,109191.7,24.99695909
1748295900000,109191.7,109400.6,109173.2,109344.1,20.65686386
1748296800000,109344.1,109890,109306.1,109678.3,37.18791008
1748297700000,109678.4,109740.3,109470.6,109492,20.87611578
1748298600000,109492,109593.4,109352.5,109400,15.39278904
1748299500000,109399.5,109424.3,109164,109191.5,20.18444107
1748300400000,109191.6,109352,109052.1,109320,19.45746592
1748301300000,109320,109347.3,109132,109209.8,31.11265803
1748302200000,109209.7,109378.7,109170.2,109329.4,24.47612272
1748303100000,109329.5,109469.9,109317.3,109437.9,14.80845022
1748304000000,109436.7,109525.5,109331,109502.4,39.84313997
1748304900000,109504.4,109677.9,109300.1,109372.5,60.32931018
1748305800000,109372.5,109393.2,109230,109267.2,21.34228803
1748306700000,109267.1,109319.3,109137,109152.3,18.7080932
1748307600000,109152.4,109152.4,108694.4,108736.2,146.80044871
1748308500000,108736.2,108744.2,107505.2,108354,510.46051407
1748309400000,108353.9,108634.2,108192,108361.4,112.89458424
1748310300000,108361.3,108423.3,108171.2,108396.6,60.79778175
1748311200000,108397.3,108536.2,108277.6,108370,28.40619787
1748312100000,108370,108600,108250,108588.9,32.51574766
1748313000000,108589.6,108694,108400.5,108516.9,47.8594642
1748313900000,108517,108530,107889.6,108270.3,153.74497332
1748314800000,108270.3,109080,108270.1,108943.9,145.29515014
1748315700000,108944.9,109333.3,108894.8,108902.7,130.94415075
1748316600000,108902.6,109063.1,108863.1,108950.1,40.89374021
1748317500000,108950.1,108990.2,108844,108886.4,19.20408036
1748318400000,108886.5,109089.9,108845.4,108942.1,46.75438568
1748319300000,108942,109133.3,108912.2,109046.8,23.05567921
1748320200000,109046.9,109225.6,108983.9,109103.9,24.04352259
1748321100000,109103.9,109347.3,108910.6,108949.2,57.32144124
1748322000000,108949.3,108962,108802.8,108878,23.3353305
1748322900000,108878,108888.3,108536.9,108652.1,66.07295707
1748323800000,108652.1,108833.9,108540.1,108774.8,33.48748784
1748324700000,108774.9,108972,108717.9,108915.9,30.81922554
1748325600000,108916,109231,108908,109127.6,66.58999741
1748326500000,109127.7,109174,108916,109097.9,42.33404905
1748327400000,109098,109268.7,109095.5,109218.8,36.54279366
1748328300000,109218.1,109273.4,108828.1,108829.1,71.39548961
1748329200000,108829.1,109128,108829,109074,35.2037597
1748330100000,109074,109280,109071.6,109182.1,55.17594531
1748331000000,109182.2,109500,109177.4,109486.2,49.95204316
1748331900000,109486.3,109634,109449.5,109539.7,41.94031032
1748332800000,109540,109773.8,109540,109650.1,129.13464227
1748333700000,109650.1,109749.9,109595.4,109644.1,80.16785213
1748334600000,109645.8,109706,109476.2,109611.3,116.06691189
1748335500000,109611.3,109694,109560.7,109693.8,61.75597398
1748336400000,109693.8,109789.2,109665.2,109714.9,55.79939364
1748337300000,109714.9,109717.7,109459.6,109518,44.24846861
1748338200000,109518,109587.9,109420.8,109583.5,31.81051585
1748339100000,109583.4,109892,109579.8,109823.8,59.01824878
1748340000000,109823.9,109854.7,109738,109799.9,16.91403186
1748340900000,109799.9,109844.2,109724.9,109779,20.10692435
1748341800000,109779.1,109793.6,109625.1,109663.7,21.09163153
1748342700000,109663.8,109738,109660,109695.3,8.29239436
1748343600000,109692.9,109774,109607.1,109614.2,27.96743195
1748344500000,109614.1,109657.9,109459.9,109530.3,39.20569472
1748345400000,109530.3,109530.3,109424.3,109508.4,23.91690537
1748346300000,109508.4,109611.6,109500,109588.2,15.01696409
1748347200000,109588.3,109798.9,109552.6,109696.8,30.37923287
1748348100000,109696.8,109830,109602.9,109796.2,32.62508515
1748349000000,109796.2,109799.5,109448.1,109482,52.86071217
1748349900000,109482.1,109614.6,109482,109602.9,32.78889654
1748350800000,109602.9,110555,109582.5,110374,303.73175769
1748351700000,110374,110729,110216,110450.3,300.75361414
1748352600000,110451.9,110700,110000,110146.1,178.56643349
1748353500000,110146.1,110304,109709,109846,208.370966
1748354400000,109846,110223.3,109804,110140.2,108.50518496
1748355300000,110140.2,110222,109530.1,109545.3,141.04305714
1748356200000,109546,109657.7,108621.2,109657.6,317.60011999
1748357100000,109657.6,109666.6,109209.2,109385.7,122.35606871
1748358000000,109383.8,109544.1,109025,109544.1,162.14646275
1748358900000,109544.1,109750,109509.8,109658.1,277.08826072
1748359800000,109658,110100,109628.1,110017.2,167.00307196
1748360700000,110017.2,110258.1,110015.7,110145.7,101.69034145
1748361600000,110146.2,110372.2,109944.6,110160.1,424.97902965
1748362500000,110160.1,110284,110098.1,110104,68.00328302
1748363400000,110104,110488,110088.6,110451.1,79.85112961
1748364300000,110453,110512,110050.1,110222,81.15539745
1748365200000,110222.1,110465.2,110111.2,110142,71.57709907
1748366100000,110142,110258,109974.3,110120.7,51.00267233
1748367000000,110120.7,110368,110000.6,110326.1,51.82280051
1748367900000,110326.1,110392.6,110225.2,110244,34.50817743
1748368800000,110244.1,110426,110128.8,110141.2,42.26814222
1748369700000,110141.2,110306.9,110052.4,110069.2,36.76610217
1748370600000,110069.2,110204,109878,109939.7,44.30802105
1748371500000,109939.8,109988,109782,109895.5,55.61749551
1748372400000,109895.5,109895.5,109622.1,109754,67.84148533
1748373300000,109754,109754,109570.1,109647.9,31.70976737
1748374200000,109648,110053.9,109622.8,109918.9,46.62886678
1748375100000,109917.3,109986.2,109770.1,109885.1,27.65395429
1748376000000,109885.1,109902.9,109700,109765.5,19.08328715
1748376900000,109765.5,109903,109752,109803.3,29.90697584
1748377800000,109803.4,109899.9,109686.5,109710.2,29.00156249
1748378700000,109710.1,109747.6,109548.9,109564,40.81382911
1748379600000,109564.1,109694.9,109436.1,109694.8,57.5627291
1748380500000,109694.8,109695,109052,109054.1,51.04964044
1748381400000,109054.1,109285,108905,108915.1,50.21814232
1748382300000,108915.1,109108.7,108823.2,108923.2,62.09844945
1748383200000,108923.3,109178.5,108737.3,108810.1,64.23813525
1748384100000,108810.1,108940,108600,108909.9,61.10129984
1748385000000,108909.9,109096,108842.5,109054.4,54.65880041
1748385900000,109054.4,109112,108890.1,109028.1,30.56496157
1748386800000,109028.1,109132.7,108996.7,109066.9,23.10754576
1748387700000,109067,109168.8,108911.8,108925.9,39.19212598
1748388600000,108926,109156.3,108925.9,109052,17.73063624
1748389500000,109051.9,109103.2,108932.2,108936,17.42353272
1748390400000,108936,108939.9,108694.4,108706,29.48540594
1748391300000,108705.9,109048.9,108704.2,109030.2,87.08405922
1748392200000,109030.2,109044.7,108830.7,109013.6,22.07427681
1748393100000,109013.5,109252.7,108824.1,109204.3,40.11201094
1748394000000,109204.3,109282,108904.6,108960,27.71720832
1748394900000,108960.1,108987.9,108830.1,108885,38.93450661
1748395800000,108884.9,108973.4,108755.6,108828.5,47.82178891
1748396700000,108827.3,108948,108629.6,108670,34.99173736
1748397600000,108677.7,108838.2,108623.5,108682,74.10335915
1748398500000,108682.1,108750.8,108400,108470.2,76.0021972
1748399400000,108478,108879.9,108444.1,108812.8,57.59225552
1748400300000,108812.7,108849.9,108624.5,108624.6,31.86233019
1748401200000,108624.6,108842,108566,108842,27.44019715
1748402100000,108841.9,108860.2,108701.3,108714.9,31.11059874
1748403000000,108714.8,108855.7,108696.3,108842.7,29.24595959
1748403900000,108842.7,108965.6,108833.6,108856.7,26.24194105
1748404800000,108856.8,108900.1,108753.2,108785,87.8785229
1748405700000,108785.1,108852.4,108629.6,108672.9,28.18056123
1748406600000,108673,109068.6,108672.9,108994.6,40.68224878
1748407500000,108994.6,109066.7,108936.2,108982.6,34.64779366
1748408400000,108982.6,108982.6,108849.9,108875.7,20.24116307
1748409300000,108875.7,108961.5,108846.1,108940,13.85192653
1748410200000,108940.1,109070.6,108878.2,108935.2,28.53619822
1748411100000,108935.2,109086.8,108935.2,108980.1,25.91053017
1748412000000,108980.1,108983.3,108651.4,108651.5,54.17050071
1748412900000,108651.4,108827.3,108630,108827.3,32.94967796
1748413800000,108827.3,108827.3,108645.6,108761.5,23.01808744
1748414700000,108761.4,108832.8,108705.8,108725.1,21.04284404
1748415600000,108725.1,109008.8,108714.9,108908.1,57.01275451
1748416500000,108908,108978.1,108883.6,108891.3,28.20553789
1748417400000,108891.2,108974.7,108862,108964,17.6686291
1748418300000,108963.9,109016.9,108783.5,108816.2,42.8212668
1748419200000,108816.2,108942,108690.6,108748,24.11794412
1748420100000,108747.9,108919.9,108731.5,108908,19.29287724
1748421000000,108908,109111.1,108600,109084.9,86.79219018
1748421900000,109084.8,109139.3,108960.1,109032.6,47.69983536
1748422800000,109032.7,109081.9,108750.1,108778.5,28.78536135
1748423700000,108778.5,108828.5,108568,108600.7,89.769016
1748424600000,108600.6,108832,108510,108805.2,113.39900148
1748425500000,108805.1,108854,108666.6,108799.2,37.1274194
1748426400000,108799.2,108810,108426.7,108567.9,81.26878864
1748427300000,108567.9,108651.9,108250,108642.5,94.72567863
1748428200000,108642.5,108796,108599.2,108761.9,35.07082462
1748429100000,108761.8,108946,108751.5,108834,64.52999383
1748430000000,108834.1,108940,108832.7,108855.4,53.12907139
1748430900000,108855.3,108900,108711.2,108753.1,34.5384161
1748431800000,108753.1,108836,108733.8,108794.8,62.35896395
1748432700000,108794.9,108934,108784.2,108865.5,22.56799593
1748433600000,108865.5,108963.3,108834,108873.5,19.78302257
1748434500000,108874.2,109060,108874.2,109016.3,37.65035617
1748435400000,109016.3,109058.9,108941.4,109031.1,43.51688767
1748436300000,109031,109031,108785.5,108887.9,28.53738432
1748437200000,108888.1,108920.4,108763.5,108848.7,35.00634246
1748438100000,108848.6,108915.9,108636.2,108728.9,82.63778708
1748439000000,108728.9,108998.2,108401.1,108512.2,131.77394763
1748439900000,108512.1,108512.1,108007.1,108070.2,223.00700164
1748440800000,108070.1,108267.2,107898.5,107898.5,223.41093053
1748441700000,107898.4,108002,107600,107966.2,320.28012909
1748442600000,107966,107968,107584,107622,147.09611235
1748443500000,107622,107849.9,107500,107536,104.46840919
1748444400000,107534.1,107701,107142.4,107142.5,206.27120663
1748445300000,107142.5,107468.8,107140.8,107299.3,126.9848097
1748446200000,107299.4,107500,107228.5,107426,44.69760612
1748447100000,107426.1,107454.1,107036,107113.1,103.53811821
1748448000000,107113.2,107383.6,107113.2,107300,85.11438492
1748448900000,107294,107475.6,107290.7,107427.4,147.24957222
1748449800000,107427.3,107427.3,107184,107232.8,105.51374127
1748450700000,107232.8,107432,107213,107432,256.44915025
1748451600000,107432,107814.9,107430,107646.3,147.56141705
1748452500000,107646.4,107839.8,107516.3,107607.5,78.28589794
1748453400000,107606.3,107610.7,107343.5,107461.9,50.84852074
1748454300000,107461.9,107715.3,107434.9,107691.3,37.71436866
1748455200000,107691.4,107840,107595.2,107827.3,53.27399365
1748456100000,107827.2,107846.1,107523.7,107523.7,39.27513606
1748457000000,107523.7,107696.7,107500.9,107696.7,29.46484865
1748457900000,107696.7,107779.8,107385,107480.6,34.8101533
1748458800000,107480.5,107800,107434.1,107664.8,31.94783901
1748459700000,107664.9,107687.9,107463.8,107496.7,24.33773742
1748460600000,107496.6,107521.9,107115.3,107115.3,62.51022508
1748461500000,107115.3,107239.9,106933.4,106934.7,136.66152711
1748462400000,106934.1,107078,106800,107032,119.97108826
1748463300000,107032,107260,106900,107179.9,57.76020345
1748464200000,107179.8,107408.1,107094.4,107358.5,35.12558718
1748465100000,107358.6,107412.7,107192,107326.7,48.70420756
1748466000000,107326.8,107343.1,107189.8,107335,34.70514083
1748466900000,107335.1,107442,107321,107383.8,11.95684674
1748467800000,107383.7,107495.4,107382.7,107495.4,31.48740724
1748468700000,107495.4,107586,107392.1,107504.3,17.57528418
1748469600000,107504.2,107504.2,107195,107318.9,23.88610677
1748470500000,107318.8,107325.9,107220,107242,16.34125549
1748471400000,107242,107351.1,107149.8,107321.9,14.0668141
1748472300000,107322,107470,107202,107410.7,32.52792968
1748473200000,107410.7,107927.8,107410.7,107863.6,74.55972209
1748474100000,107863.6,108048.5,107781.4,107962.7,76.35678286
1748475000000,107961.4,108048,107900,107921.7,45.64001439
1748475900000,107921.8,107938,107715.9,107783.9,32.93129538
1748476800000,107783.9,107828.2,107412.6,107547,83.07182266
1748477700000,107547,108030.2,107547,108010.1,62.93106305
1748478600000,108010.2,108026.9,107783.6,107804.8,40.52150192
1748479500000,107804.8,108303,107804.8,108287.3,88.96453171
1748480400000,108287.4,108300.5,107936,108020.1,71.70875984
1748481300000,108023.8,108077.3,107896,107926.1,24.38197975
1748482200000,107926.1,108160,107815,108054.1,85.90524966
1748483100000,108054.1,108346.1,107903.6,108153.8,104.52474912
1748484000000,108153.8,108165.7,108004.9,108005,18.66015566
1748484900000,108005,108240.3,107930,108082,44.26226386
1748485800000,108081.9,108181.7,108004,108133.5,51.84538271
1748486700000,108133.6,108485.1,108133,108429.9,78.22697692
1748487600000,108429.9,108434.1,108143.3,108192,103.91674073
1748488500000,108192,108288,108129.6,108172.8,37.4658893
1748489400000,108172.8,108219.9,107941.3,108034,83.80001704
1748490300000,108034,108117.2,107978,108035.9,30.27606186
1748491200000,108036,108104,107859.5,107911.9,34.31556406
1748492100000,107911.9,107916,107668.8,107868.8,32.23730754
1748493000000,107868.9,107899.9,107327.7,107394.8,125.61181412
1748493900000,107394.8,107618.1,106930.8,107567.5,151.67596373
1748494800000,107567.4,107680,107479.2,107580.8,36.77029575
1748495700000,107580.9,107676,107570.4,107618.1,30.38124371
1748496600000,107619.9,107730.2,107595.5,107729.3,32.75850912
1748497500000,107729.4,107779.5,107613.5,107683.9,31.41729698
1748498400000,107684,107784,107642,107753.5,27.54873421
1748499300000,107753.5,107948,107753.5,107930,31.44457885
1748500200000,107930.1,107957.1,107851.4,107862.9,31.94286815
1748501100000,107862.9,107900,107740.2,107899.9,98.00491176
1748502000000,107900,107996,107740.6,107995.9,81.39016841
1748502900000,107995.9,108024.1,107930.1,107984.1,38.45542797
1748503800000,107984,107996.3,107804.1,107849.4,42.24173582
1748504700000,107849.3,107905.4,107802.1,107883.3,43.39392404
1748505600000,107883.4,107960,107683,107940,55.41665199
1748506500000,107940.1,108230,107940.1,108176.6,136.75115083
1748507400000,108176.6,108322.5,108117.8,108218.6,72.27932152
1748508300000,108217,108580.2,108200,108492.6,93.30035568
1748509200000,108492.3,108659.3,108317,108525.5,105.14342761
1748510100000,108525.6,108599.3,108442.3,108452.4,51.03886515
1748511000000,108452.1,108536.2,108339.1,108407.8,432.11130304
1748511900000,108407.9,108599.5,108328.9,108517.9,112.01014958
1748512800000,108518,108567,108388.1,108467.5,53.21871344
1748513700000,108467.6,108589,108432.9,108433,20.3130116
1748514600000,108433,108574,108411.8,108528.6,27.40265129
1748515500000,108528.6,108860,108528.6,108749.9,125.17923324
1748516400000,108750,108888,108740.5,108881.4,47.85829025
1748517300000,108881.4,108897.5,108767.6,108776.4,38.34332508
1748518200000,108776.5,108871.9,108712.2,108733.9,59.03977576
1748519100000,108733.9,108833.3,108652.6,108781.2,45.14548675
1748520000000,108781.2,108796.7,108544.1,108631.8,73.93643872
1748520900000,108631.9,108734.6,108539,108680.1,35.2325306
1748521800000,108680.1,108800,108356.2,108426,65.93790252
1748522700000,108425.9,108596,108366.1,108429.3,56.44787217
1748523600000,108429.3,108592,108373.5,108446.8,66.76328833
1748524500000,108447.2,108456,108172.1,108294,152.77400588
1748525400000,108294.1,108349.9,107568.4,107591.8,1008.90453118
1748526300000,107591.8,107887.9,107413.5,107602,689.74529053
1748527200000,107601.9,107782,107220,107406.1,129.73261882
1748528100000,107406.1,107418.9,106899.9,107036,792.29274623
1748529000000,107035.9,107231.9,106455,107198,596.50197456
1748529900000,107198.1,107834,107121.8,107616.9,405.10146521
1748530800000,107617,107748.9,107472.1,107498,638.82637304
1748531700000,107498.1,107584,107400.4,107504.8,127.85641519
1748532600000,107504.9,107599.9,107222.3,107294.1,82.06109773
1748533500000,107294,107305.4,106964.1,107034,101.06795166
1748534400000,107034,107180,106638.1,106922,129.6316235
1748535300000,106921.9,107140.7,106762.7,106860,62.73822151
1748536200000,106860,106984.6,106743.3,106879.3,73.87497731
1748537100000,106879.4,107071.8,106581.7,106731.7,75.38504143
1748538000000,106731.7,106815.8,106608,106690,63.60064649
1748538900000,106690,106882,106558,106595.2,40.11619298
1748539800000,106595.3,106812.6,106075.9,106127,476.39096213
1748540700000,106127,106766.4,106086.2,106313.2,972.46019036
1748541600000,106316.5,106581.3,106169.4,106490.6,79.64237702
1748542500000,106490.7,106607,106275.6,106354.4,73.91027612
1748543400000,106354.4,106625.9,106191.2,106211.9,62.46521107
1748544300000,106214,106352,105800,105833.9,132.21151875
1748545200000,105833.9,106060.9,105670,105676.3,142.60347739
1748546100000,105676.4,105975,105632.1,105946.8,118.26161219
1748547000000,105946.9,106088,105694.6,105765.4,117.08628175
1748547900000,105765.5,105915.1,105638.2,105723.5,203.3754179
1748548800000,105723.5,106175.9,105711.2,105912,114.82613807
1748549700000,105912,106204.2,105911.9,106140.4,35.96931399
1748550600000,106142.2,106223.9,105945.7,105950,33.50075885
1748551500000,105952.7,106186,105912.1,106186,22.27143529
1748552400000,106186.2,106350.1,106186.1,106344,37.09454371
1748553300000,106343.9,106450.6,106102.7,106155.4,26.76766169
1748554200000,106155.4,106379.4,106155.3,106328.9,11.04943135
1748555100000,106328.9,106479.2,106277.4,106453.9,19.82801366
1748556000000,106453.9,106467.5,106269.5,106305,31.41287684
1748556900000,106305,106357.1,106142.8,106189.7,14.07162001
1748557800000,106189.6,106230,106052,106079.3,25.6969762
1748558700000,106079.3,106180.8,105906.2,105930.5,74.20854873
1748559600000,105930.6,106080,105920.8,105982.6,16.68747336
1748560500000,105983.7,105998.8,105657.4,105748.8,64.04112846
1748561400000,105748.7,105888.5,105647.8,105757.9,53.7376907
1748562300000,105757.9,105821.3,105311.8,105586.1,175.7563529
1748563200000,105586.1,105999.6,105564.8,105929.4,96.07488175
1748564100000,105929.4,106228.5,105929.4,106074,60.46522816
1748565000000,106074,106099.9,105800,105810,82.79216215
1748565900000,105810,105856.7,104600,104940.2,403.9034992
1748566800000,104940.3,105531.8,104933.3,105512.7,181.67681061
1748567700000,105512.6,105769.1,105346.2,105734.9,113.04890838
1748568600000,105734.8,105872.7,105580.4,105870.8,33.96255172
1748569500000,105870.8,105935.1,105587.2,105672.5,43.44258941
1748570400000,105672.5,106050,105650.9,105952.2,91.94962664
1748571300000,105952.2,106122.6,105892.9,105984.6,28.01186559
1748572200000,105984.6,106175.2,105933.4,106152.7,31.56081783
1748573100000,106152.7,106166.9,105948.7,106009,24.16731228
1748574000000,106009,106060.4,105922.4,106010,33.38630453
1748574900000,106010.1,106160.3,106010,106158.9,17.04612716
1748575800000,106159,106193.4,106090.3,106113,28.20432028
1748576700000,106112.9,106150,105958.4,106026.2,31.43627775
1748577600000,106026.2,106092.8,105931.2,105967,19.4201861
1748578500000,105966,106051.9,105918.3,105994.9,25.21491355
1748579400000,105995,106009.7,105904.1,105999.9,23.09634265
1748580300000,106000,106137.1,106000,106117.3,49.69694149
1748581200000,106117.4,106221.4,106095.6,106101.3,22.11417205
1748582100000,106101.2,106217,106069.1,106189.8,26.29692101
1748583000000,106189.9,106322.9,106145.3,106267.9,30.78846695
1748583900000,106268,106268,106034.9,106078.4,22.88488249
1748584800000,106078.5,106140,106020,106077,25.59181593
1748585700000,106076.5,106076.5,105875.6,105953,46.39851591
1748586600000,105953.7,106018,105787.4,105816.2,29.70437067
1748587500000,105816.1,105831.3,105526.2,105710.8,118.65736562
1748588400000,105710.7,105850,105413.7,105521.4,181.51907927
1748589300000,105521.4,105827.2,105517.1,105605.5,192.26538695
1748590200000,105605.5,105605.5,105001.9,105059.1,278.68307872
1748591100000,105059.1,105066.6,104710.5,105031.5,425.92125574
1748592000000,105031.6,105246.2,104817.9,104979.9,87.95044884
1748592900000,104979.9,105240,104860.7,105222.7,97.57987691
1748593800000,105222.7,105344.6,105106.7,105264.6,104.64702025
1748594700000,105264.8,105360,105168.8,105168.8,54.14929792
1748595600000,105168.8,105334.3,105063,105121,53.19263398
1748596500000,105121,105348.6,105085.6,105259.4,31.10243514
1748597400000,105259.4,105300.4,104595.4,105042.9,165.45539256
1748598300000,105043,105666.6,105043,105627.7,138.19016873
1748599200000,105627.7,105742.8,105306.4,105318.8,97.57811489
1748600100000,105318.8,105690.2,105279.9,105682.9,46.68170057
1748601000000,105682.1,105812.4,105614.9,105798.3,28.18216583
1748601900000,105798.2,105939,105768.1,105917.5,49.69303053
1748602800000,105917.5,105985,105805.6,105812,35.39275918
1748603700000,105812.1,105951,105714.7,105765.1,30.02346709
1748604600000,105765.2,105898.7,105747.8,105786.6,19.69118444
1748605500000,105786.5,105961.4,105685.2,105874.7,34.68090488
1748606400000,105874.8,105976.5,105136.8,105337.7,148.18766714
1748607300000,105337.8,105568,105254.4,105560.5,48.11779268
1748608200000,105560.4,105977.9,105506.6,105919.6,54.8494528
1748609100000,105918.8,105996.8,105654.5,105672.4,39.72816475
1748610000000,105672.5,105894.8,105591,105627.9,42.06776034
1748610900000,105628,105689.9,105369.8,105627.6,63.41262772
1748611800000,105627.7,105860,105422.6,105841.1,80.7358103
1748612700000,105841.1,105982.2,105457.9,105492,72.79606145
1748613600000,105492,105834,105470.3,105578.2,130.67643383
1748614500000,105578.2,105713.4,105043.7,105217.9,148.13883954
1748615400000,105217.9,105649.2,105165.1,105444.2,51.43017507
1748616300000,105450,105524.9,105197.4,105344.1,78.65930733
1748617200000,105344.1,105621.9,105294.9,105577.1,53.5859366
1748618100000,105577.1,105820.4,105414.2,105736.5,45.01801014
1748619000000,105736.4,105826,105474.1,105696.2,55.78257284
1748619900000,105696.2,105769.2,105522.9,105538.8,21.35882078
1748620800000,105538.8,105565.4,105267.1,105336.9,55.99987323
1748621700000,105337,105337.8,104647.9,104681.3,118.68567507
1748622600000,104681.4,104716.9,104062.4,104401.3,414.70816301
1748623500000,104401.3,104401.3,103700.1,103901.7,371.98947723
1748624400000,103901.9,104232.6,103850,104068.7,115.36089902
1748625300000,104068.6,104217.6,103927.1,103990,76.26683055
1748626200000,103991.1,104211.7,103916,104094.9,73.1378213
1748627100000,104094.9,104288.7,104039.5,104175.5,49.61527435
1748628000000,104175.6,104451.2,104056.2,104282.4,69.27444672
1748628900000,104282.5,104813.5,104282.5,104734.3,71.08582788
1748629800000,104734.4,104798,104595.4,104683.6,33.26502236
1748630700000,104683.6,104921.8,104651.8,104892.6,42.16244506
1748631600000,104892.5,104985.5,104666.6,104795.5,37.26995824
1748632500000,104795.4,104994.1,104706.9,104807.9,52.06033301
1748633400000,104807.8,104807.8,104545.4,104619.5,35.55899392
1748634300000,104619.4,104774.7,104472.8,104636.9,69.06177675
1748635200000,104636.8,104664.8,104388,104456.3,31.45781214
1748636100000,104456.3,104627.8,104404.2,104445.4,23.55692527
1748637000000,104445.4,104718.2,104389.1,104718.2,11.39145265
1748637900000,104718.2,104850,104527.5,104574.6,23.84842521
1748638800000,104579.1,104787.9,104579,104767.8,22.40162466
1748639700000,104767.9,104894.2,104765,104814.1,9.33146225
1748640600000,104814,104869,104533.3,104634,51.44519263
1748641500000,104633.9,104709.3,104612.5,104634.7,15.0867382
1748642400000,104634.9,104710.7,104468.8,104633.1,67.55520869
1748643300000,104633.1,104810,104463.4,104470,147.76101045
1748644200000,104472.3,104509.3,103959.8,103994.3,86.6963403
1748645100000,103994.3,104320,103956.1,103964.4,44.89592823
1748646000000,103964.4,104265.6,103765,104033.7,53.44506545
1748646900000,104033.8,104210,103677.5,103859.8,116.16403212
1748647800000,103859.8,103942.9,103621.1,103810,68.95385502
1748648700000,103811.2,104148.2,103811.2,103999.9,46.15807177
1748649600000,104000,104193.5,103920,103983.1,67.8277086
1748650500000,103984.1,104027.2,103550.7,103804.5,101.89714647
1748651400000,103805.1,104257.4,103805.1,104169.9,63.83057562
1748652300000,104170,104299.9,103920,103957.7,30.08048674
1748653200000,103957.8,104105.5,103737.8,104059.9,42.88388624
1748654100000,104060,104210.9,103777.1,103855.5,45.09395555
1748655000000,103855.5,103980.8,103436.1,103816.8,107.65396765
1748655900000,103818.9,103827,103300,103470.4,115.02765509
1748656800000,103470.1,103731.5,103274.5,103730,62.69777978
1748657700000,103730,103857.9,103655.3,103681.9,22.58854342
1748658600000,103681.9,103684,103380.2,103530,71.74073281
1748659500000,103535.8,103590.2,103098,103198.5,82.3505257
1748660400000,103198.6,103362.9,103078.7,103256.4,45.28720045
1748661300000,103251,103480.2,103100,103480.2,35.25309468
1748662200000,103480.2,103559.1,103270.1,103548.2,32.74598289
1748663100000,103548.2,103690.1,103542.1,103675.4,35.36995126
1748664000000,103675.5,103675.5,103520.4,103615,16.22078421
1748664900000,103617.7,103795,103480.1,103773.9,41.42316946
1748665800000,103774,103789.2,103721.4,103734.4,13.92100583
1748666700000,103734.3,103819.4,103726.8,103804.9,11.92175037
1748667600000,103805,103907.7,103697.3,103724.6,39.85637356
1748668500000,103724.7,103776,103611.2,103675.5,18.82044934
1748669400000,103675.5,103747.8,103618.5,103698.3,28.43588441
1748670300000,103698.3,103702.7,103516.5,103536.9,14.31324512
1748671200000,103537,103656.8,103521.3,103628.2,42.70611415
1748672100000,103628.3,103707.7,103614.6,103702.5,22.76832282
1748673000000,103702.5,103921.2,103647.8,103894.4,29.37729325
1748673900000,103894.4,103898.7,103828.6,103864.3,10.90863778
1748674800000,103864.3,103864.3,103708.4,103708.5,17.82297491
1748675700000,103708.5,103730,103638.7,103700,37.90418899
1748676600000,103699.9,103800,103699.9,103730.1,30.01029524
1748677500000,103730,103838.9,103652.5,103761.3,65.99543502
1748678400000,103761.2,103822.2,103600,103603.6,19.41634201
1748679300000,103602,103739.1,103516.5,103705.1,36.60573086
1748680200000,103705,103753.1,103530,103566.4,14.78777211
1748681100000,103566.4,103795.3,103566.4,103660,47.6536632
1748682000000,103660,103749.4,103641.6,103673.8,11.64626477
1748682900000,103673.8,103727.6,103480,103501.3,34.16069089
1748683800000,103501.4,103572,103493.6,103523.4,20.78413708
1748684700000,103523.5,103590,103491.9,103545.5,31.61778471
1748685600000,103545.5,103611.4,103353.9,103486.8,36.5540942
1748686500000,103485.9,103617.9,103385.4,103403.4,16.76808342
1748687400000,103403.4,103446.8,103309.4,103340.7,16.00380765
1748688300000,103340.8,103421,103282.1,103415.3,24.63120305
1748689200000,103415.4,103440.3,103305.1,103359.6,38.70929374
1748690100000,103359.6,103532.1,103359.5,103484.2,30.15526832
1748691000000,103484.3,103520.9,103435.5,103519.5,6.54274503
1748691900000,103519.5,103519.6,103460.3,103504.7,4.72607213
1748692800000,103504.8,103940,103486,103870.5,37.177328
1748693700000,103870.5,103912.9,103781.4,103794.8,35.22683284
1748694600000,103794.9,103911,103722.4,103878.1,30.91628312
1748695500000,103878,104036.1,103869.4,104036.1,78.61650523
1748696400000,104036.1,104200,103986.4,104132.8,57.2913063
1748697300000,104132.9,104200,103999,104116.9,34.09275651
1748698200000,104116.8,104207.9,104067.6,104094.8,29.61410115
1748699100000,104094.8,104122.4,104006.1,104122.3,13.58214766
1748700000000,104122.4,104464.7,104121.9,104404.1,175.06618666
1748700900000,104406.2,104479.4,104275,104294.3,44.75236924
1748701800000,104294.4,104447.3,104293.7,104439.1,23.45021569
1748702700000,104439,104580,104359.7,104567.9,86.50319981
1748703600000,104567.8,104631.8,104456,104590.9,34.47088561
1748704500000,104592.6,104785.7,104592.6,104777.7,50.09539957
1748705400000,104777.7,104850.5,104472.1,104537.6,80.07536866
1748706300000,104537.6,104665.2,104436.7,104554.2,44.12693952
1748707200000,104554.2,104700,104383.4,104620,49.31359872
1748708100000,104620.1,104749.5,104602.8,104682.2,20.44878712
1748709000000,104682.3,104795.3,104429.2,104464.6,36.19929108
1748709900000,104464.6,104560,104412.3,104490,25.40320866
1748710800000,104490,104551.7,104392.9,104551.6,18.51248621
1748711700000,104551.6,104634,104474.2,104476.7,10.47084774
1748712600000,104477,104522.8,104412.9,104464.5,7.56780919
1748713500000,104464.6,104485.8,104265.2,104352.9,35.09005707
1748714400000,104352.9,104561.8,104352.8,104539.9,10.92953587
1748715300000,104538.2,104630.1,104504.5,104533,7.48601024
1748716200000,104533,104553.8,104418.4,104429,6.72411615
1748717100000,104429,104505.3,104379.8,104495.6,11.54654457
1748718000000,104495.7,104733.6,104495.7,104648,10.54603045
1748718900000,104647.9,104727.5,104630.6,104695,7.83560715
1748719800000,104695,104736.9,104690.1,104722.8,10.19079781
1748720700000,104722.8,104760.9,104660,104705.3,12.4576269
1748721600000,104705.9,104722.4,104536.8,104551.6,16.41148517
1748722500000,104551.7,104700,104551.7,104686.8,22.02857309
1748723400000,104686.9,104731.7,104664.5,104715,5.70370988
1748724300000,104715.1,104817,104715,104782.1,12.0739622
1748725200000,104782.1,104886.9,104648.8,104679,41.28469201
1748726100000,104679.1,104793.9,104642.7,104793.9,9.13151281
1748727000000,104793.9,104886.9,104753.2,104828.5,18.47858076
1748727900000,104828.6,104881.6,104726.1,104875.9,16.59940903
1748728800000,104875.9,104907.5,104791.7,104837.9,14.47568139
1748729700000,104837.8,104849,104737.5,104739.7,11.67632911
1748730600000,104739.7,104762.8,104633.9,104724.9,13.3044395
1748731500000,104725,104739.6,104606.8,104622.9,13.13192659
1748732400000,104623,104785.7,104473.3,104773.3,105.64611287
1748733300000,104773.3,104848.3,104642.5,104644.7,25.95561089
1748734200000,104644.7,104699.8,104623.5,104656.7,6.57410043
1748735100000,104656.6,104669.5,104586.5,104596.8,4.39629227
