ts,open,high,low,close,volume
1788220800000,78582.2,78782.5,78552.9,78749.4,25.26979032
1788221700000,78749.4,78895.1,78731.9,78866.3,23.60836763
1788222600000,78866.3,78889.5,78673.5,78708.7,40.82677941
1788223500000,78708.7,78809.7,78579.9,78654.5,23.16472627
1788224400000,78654.5,78798.6,78525.9,78549.9,34.28653131
1788225300000,78550,78646.2,78404.5,78418.3,47.76512725
1788226200000,78419.3,78582.9,78369.1,78571.9,47.149931
1788227100000,78571.9,78578.8,78379,78407.3,17.32150551
1788228000000,78407.3,78407.3,78183.3,78303.8,73.92753675
1788228900000,78304.2,78327.2,78197.6,78214.2,66.78111369
1788229800000,78214.2,78406.5,78214.2,78366.3,19.25209946
1788230700000,78366.3,78460.4,78338.9,78450.3,12.02206965
1788231600000,78450.3,78500,78400.8,78431.3,27.50310047
1788232500000,78432.4,78505.9,78400.1,78483,11.37608605
1788233400000,78483.1,78872.6,78472.2,78798.6,58.15930436
1788234300000,78798.5,78798.6,78666.6,78682.3,18.82040807
1788235200000,78682.4,78800,78650.1,78676.4,29.46592754
1788236100000,78676.4,78936.1,78674.8,78824.4,26.77321946
1788237000000,78825.3,78862.7,78709.8,78718.6,17.66135406
1788237900000,78718.5,78782.3,78683.8,78729.5,35.25552911
1788238800000,78729.5,78967.2,78729.5,78858.3,31.92703955
1788239700000,78858.4,78999.9,78785.2,78990.7,35.05804529
1788240600000,78990.6,79179.9,78963.6,79171.4,42.81485247
1788241500000,79171.4,79219.6,79087.4,79175.4,36.44198895
1788242400000,79175.3,79175.3,78966.7,79032.5,27.7618823
1788243300000,79032.4,79032.5,78809.9,78891.3,61.25824162
1788244200000,78891.3,78951.4,78850,78877.5,22.02378171
1788245100000,78877.4,78882.7,78740.1,78740.1,25.37354915
1788246000000,78740.1,78806.3,78710.9,78723.3,44.16517736
1788246900000,78723.3,78795.4,78703.1,78774.7,52.89343027
1788247800000,78774.8,78803.3,78495.4,78619.2,78.12832992
1788248700000,78619.3,78683.2,78577.4,78628.9,45.06594086
1788249600000,78629,78650,78264.9,78311.6,101.10653599
1788250500000,78311.7,78342.5,77862,77894.8,134.84685737
1788251400000,77894.7,78046.3,77836,77969.6,80.8614949
1788252300000,77976.6,78041.4,77821.3,77878.9,139.0804307
1788253200000,77878.9,77927.5,77778.2,77822.8,73.11006184
1788254100000,77822.7,77976.3,77800.1,77921.7,34.70004226
1788255000000,77921.7,78047.8,77851.2,78047.8,29.01108908
1788255900000,78047.8,78049.9,77905.2,77908,28.23573863
1788256800000,77908.1,77995.2,77800,77873.5,39.48767929
1788257700000,77873.5,78048.5,77750,78010,67.81916294
1788258600000,78010.8,78192.8,78010.8,78130,39.19745935
1788259500000,78130,78168,77982.3,78020.1,20.05056116
1788260400000,78020.1,78052.6,77914.2,77979.9,23.48742065
1788261300000,77980,78023.7,77884.6,77999.8,29.27103218
1788262200000,77999.8,78199.9,77948.9,78101.2,33.34432446
1788263100000,78101.1,78197.3,78054,78087.8,20.20900678
1788264000000,78087.8,78155.7,77948,78027.9,44.61511046
1788264900000,78027.9,78101.1,77913.6,77983.4,32.46416018
1788265800000,77983.4,77983.4,77737.1,77967.3,87.23363382
1788266700000,77964.1,78073.7,77916.5,77999.5,42.68840957
1788267600000,77998.6,78019.7,77500,77816.6,162.09742992
1788268500000,77816.6,77899.9,77714.7,77881.9,39.47109831
1788269400000,77881.9,78025.5,77508.1,77916,142.44150012
1788270300000,77916,78200,77849.9,78070,81.29398133
1788271200000,78070,78417.2,78039.7,78267.6,110.72567511
1788272100000,78271,78407.1,78139.5,78246.6,63.30801534
1788273000000,78246.6,78407,78222.7,78398.6,40.220133
1788273900000,78398.6,78421,78137.5,78174.6,40.58336143
1788274800000,78171.5,78171.5,77724.2,77815.8,78.46339671
1788275700000,77815.6,77881.7,77754.3,77867.5,27.79894342
1788276600000,77867.6,78017.5,77801.5,78009.7,22.44360638
1788277500000,78015.9,78099.9,77910.1,77914.4,30.95581311
1788278400000,77914.5,77977.5,77642.8,77663.2,63.73040377
1788279300000,77663.2,77748.7,77459,77617.2,122.7305962
1788280200000,77617.2,77623.5,77320,77444.5,128.79896421
1788281100000,77444.5,77657,77431.5,77593,17.34746261
1788282000000,77593,77656.5,77501.7,77525,19.4526153
1788282900000,77525,77624.6,77409.5,77521.9,28.82394351
1788283800000,77521.9,77722.1,77509.5,77519.4,23.04477207
1788284700000,77519.5,77519.5,77231.3,77270,73.50386467
1788285600000,77270.3,77325.5,77138.3,77227.7,71.1608806
1788286500000,77227.7,77252.1,76713.6,77056.9,308.96979632
1788287400000,77056.8,77124.9,76578,76578.1,172.13441742
1788288300000,76578.1,77153.8,76416.6,77153.5,175.61825172
1788289200000,77153.8,77300,77109.7,77209.9,32.58379865
1788290100000,77210,77467.2,77136.7,77353.4,47.98428687
1788291000000,77353.4,77388.1,77290.1,77309.9,22.57497201
1788291900000,77310.3,77338.9,77195.8,77314.4,26.2088315
1788292800000,77314.4,77430.7,77229.1,77425,19.13861069
1788293700000,77425,77466.6,77321.5,77399.4,26.83305123
1788294600000,77399.4,77477.8,77335.8,77392.6,13.75296994
1788295500000,77392.7,77475,77341,77450,13.91351287
1788296400000,77450.1,77522.9,77068,77109.2,55.14727532
1788297300000,77112.5,77270.9,76911.9,77194.1,58.09195109
1788298200000,77194.1,77229.4,77030.5,77151.2,19.77373427
1788299100000,77151.2,77272.7,77130.7,77213.8,10.28033796
1788300000000,77213.8,77330.5,77184.4,77300.8,33.79796122
1788300900000,77300.8,77300.8,77070.2,77070.2,26.51329595
1788301800000,77070,77194.4,77023.1,77158.4,27.12175152
1788302700000,77158.4,77367.8,77158.4,77271.4,27.77487778
1788303600000,77271.4,77327.5,77216.6,77260.7,24.15533287
1788304500000,77259.1,77397.2,77259.1,77397.1,18.09515995
1788305400000,77397.1,77599.2,77380.1,77542.6,35.12843074
1788306300000,77542.7,77643.2,77417.2,77434.7,57.85656991
1788307200000,77435.4,77519.4,77348.5,77398.5,138.71717813
1788308100000,77398.6,77468.3,77262.6,77262.7,20.47963474
1788309000000,77262.7,77342.2,77130.1,77232.9,51.36009439
1788309900000,77232.9,77278.1,77179.1,77205.1,56.00970856
1788310800000,77206.5,77372.2,77150.1,77343.4,27.98228616
1788311700000,77343.4,77349.9,77150,77150,38.72967957
1788312600000,77150.1,77195.3,76844.3,76887.7,99.69918374
1788313500000,76893.6,77040.8,76713.6,77012.9,87.87193552
1788314400000,77012.9,77206.1,76947.4,77080.1,62.87565026
1788315300000,77080.1,77341.6,77070.7,77318,44.85592685
1788316200000,77318,77318,77163,77219.9,31.6357491
1788317100000,77218.5,77330,77197,77328.3,61.41720634
1788318000000,77328.4,77591.8,77304.5,77506.4,71.06845049
1788318900000,77506.5,77788.1,77481.9,77650,62.17783674
1788319800000,77650.1,77657.3,77505.9,77539.9,47.97886486
1788320700000,77539.9,77641.1,77504.3,77560.6,42.38538862
1788321600000,77560.6,77560.7,77353.4,77368.4,34.08108752
1788322500000,77368.4,77448,77287.1,77430,23.20819553
1788323400000,77430,77594,77428.4,77594,19.3939156
1788324300000,77594.2,77609.2,77530.2,77553.8,21.50937298
1788325200000,77553.8,77609.1,77435.1,77607.8,35.73666799
1788326100000,77607.8,77766.4,77607.8,77739.3,55.13887763
1788327000000,77740.6,77754,77669.4,77704.4,21.34791281
1788327900000,77705.3,77764.2,77571.7,77658.8,84.26492231
1788328800000,77658.8,77730,77574.7,77582,44.76425215
1788329700000,77582.1,77668.8,77547.7,77547.8,33.8069328
1788330600000,77547.7,77677.7,77459.7,77612.8,71.89882246
1788331500000,77612.7,77623.6,77492.9,77612.8,37.13636155
1788332400000,77614.8,77761.2,77591.6,77679.6,23.92699537
1788333300000,77679.5,77700,77593.3,77600.8,70.43419067
1788334200000,77601.6,77636.1,77557.2,77557.2,41.13452792
1788335100000,77557.3,77599.9,77480,77481.3,36.10790344
1788336000000,77481.4,77554,77383.6,77425.4,38.67889707
1788336900000,77425.5,77482.3,77232.7,77243.6,37.94478259
1788337800000,77243.6,77253.3,76941.1,76968.9,89.24379338
1788338700000,76966.6,77037.9,76746.4,76852.6,117.54223565
1788339600000,76851.9,77055.3,76849.3,76955.6,33.94435039
1788340500000,76955.5,76973.1,76600,76898.8,119.52286969
1788341400000,76899.2,76900,76523.4,76564.3,83.52276317
1788342300000,76559.2,76763,76495,76750.6,76.10211472
1788343200000,76750.7,76763.1,76564.6,76640.1,72.63252708
1788344100000,76640,76704.7,76568,76570.7,33.89953036
1788345000000,76570.7,76618.3,76469.7,76607.5,41.29014331
1788345900000,76607.5,76694.4,76261,76683.2,189.41860936
1788346800000,76683.3,76729.9,76517.9,76729.9,62.11934117
1788347700000,76729.9,76766.1,76350,76503.9,211.91848141
1788348600000,76504.9,76737.4,76483.3,76643,64.19328151
1788349500000,76643,76840.6,76590.1,76826.2,38.33988465
1788350400000,76826.2,76843,76675.3,76828.5,51.4744825
1788351300000,76829.9,77053.5,76762.9,76989,127.04039773
1788352200000,76989,76992,76793.8,76822.9,41.73349699
1788353100000,76822.9,76828.3,76609.2,76609.3,30.8650109
1788354000000,76609.3,76879.4,76609.3,76739.9,47.43669061
1788354900000,76740.1,76967.1,76709.5,76883.9,94.53889004
1788355800000,76883.9,77399.8,76623.3,77386.7,193.06575938
1788356700000,77386.2,77440,77008.6,77161.7,227.11807256
1788357600000,77161.7,77350,77011.1,77345.3,83.25280582
1788358500000,77345.3,77498.6,77230.1,77339.5,71.79057097
1788359400000,77339.5,77396.8,77111.2,77327.7,164.28887809
1788360300000,77327.6,77339.6,77068,77072.9,67.89728561
1788361200000,77073,77183.7,76745.4,76819.9,107.19766512
1788362100000,76820,77143.8,76812.4,77047.6,64.2075782
1788363000000,77047.7,77391.6,76984.9,77371.7,81.40105413
1788363900000,77371.7,77379.7,77133.9,77290,42.79178725
1788364800000,77295.4,77395.9,77200.1,77354.1,47.64995376
1788365700000,77354.3,77579.3,77328.1,77464.7,57.36348877
1788366600000,77465,77565.6,77260,77260.9,39.68160329
1788367500000,77266.4,77330.9,77175.9,77175.9,33.09994975
1788368400000,77176,77254.2,77067.6,77131.4,40.11561321
1788369300000,77131.3,77167.7,76963.2,77104.5,51.34094179
1788370200000,77104.5,77308.2,77080.8,77308.2,39.07512333
1788371100000,77308.6,77406.6,77308.6,77387.5,20.73476747
1788372000000,77387.5,77444.1,77320.1,77419.2,21.45839414
1788372900000,77419.3,77523.6,77378.7,77449.1,42.638647
1788373800000,77449,77455.2,77294.6,77310.2,20.44493657
1788374700000,77310.2,77419.6,77293.4,77377.3,11.24723663
1788375600000,77377.3,77405,77321.1,77386.1,26.95423367
1788376500000,77387,77421.6,77163.6,77163.6,11.82850864
1788377400000,77163.6,77257.6,77125,77233.5,26.82054878
1788378300000,77230.3,77353,77150.1,77344.1,17.45241521
1788379200000,77344.2,77523.5,77282.5,77365.6,27.95446816
1788380100000,77360,77461.4,77209.7,77375,15.67816625
1788381000000,77374.4,77482.1,77316.2,77370,55.31284211
1788381900000,77361.5,77477.1,77294.7,77399.9,24.57349759
1788382800000,77399.9,77399.9,77310,77320.2,19.64188613
1788383700000,77321.4,77336.5,77242.1,77280.2,11.34992046
1788384600000,77280.2,77433.6,77239.7,77430.3,8.54472181
1788385500000,77424.5,77429.3,77274.9,77285.8,9.21408197
1788386400000,77285.8,77285.8,77063.4,77153.7,15.089026
1788387300000,77153.7,77175.2,77021.2,77021.2,8.03005024
1788388200000,77021,77160.3,77020.9,77119.8,7.81573747
1788389100000,77119.7,77119.7,77025.5,77030.2,6.86869593
1788390000000,77030.2,77232,77004.7,77227.4,37.88378269
1788390900000,77227.4,77227.4,77133,77199.9,8.72344796
1788391800000,77197.7,77256,77110.6,77146.3,3.07737164
1788392700000,77149,77371.1,77149,77339.6,22.57056932
1788393600000,77339.7,77391.3,77169.4,77169.4,20.93123417
1788394500000,77169.4,77173.6,77036.2,77036.3,43.93278092
1788395400000,77036.3,77131.6,76978.2,77110,36.13626076
1788396300000,77109.9,77149.8,77031.3,77063.2,17.05164314
1788397200000,77063.3,77421,76963.2,77407.9,163.39939451
1788398100000,77407.9,77434,77276.8,77427.1,126.73294534
1788399000000,77427.1,77536,77314.8,77336,93.97291856
1788399900000,77335.9,77464.4,77286.2,77349.9,95.88255477
1788400800000,77349.8,77482.6,77234.8,77482.5,85.39850364
1788401700000,77482.6,77619.7,77416.7,77594.1,33.97988717
1788402600000,77593.3,77900,77550,77779.9,129.10655709
1788403500000,77779.9,77879.6,77735.6,77820,81.90115013
1788404400000,77820,77865.4,77701.2,77824.5,32.85708249
1788405300000,77823.7,77887.3,77713.3,77739.7,30.03421504
1788406200000,77739.8,77779.6,77643.1,77662.7,32.29010351
1788407100000,77662.7,77747,77635.9,77702.8,11.28721242
1788408000000,77702.9,77833.5,77613.6,77642.6,35.74335454
1788408900000,77638.3,77662.9,77546.5,77574.9,32.64113961
1788409800000,77574.9,77623.8,77543.9,77551.5,13.02675357
1788410700000,77551.4,77792.3,77551.4,77780,21.41995116
1788411600000,77780,77823.4,77602.8,77635.3,28.95636973
1788412500000,77635.4,77653.7,77110,77193.9,106.64989185
1788413400000,77192.5,77509.5,77170.1,77482.8,52.4981818
1788414300000,77482.8,77829.8,77398.2,77806.2,109.67052437
1788415200000,77806.3,77850,77684,77700.5,38.74104795
1788416100000,77700.5,77782.7,77694.4,77740.1,29.26476874
1788417000000,77740,77828.7,77716.7,77823.9,25.69825925
1788417900000,77823.9,77840,77758.5,77827.6,17.53876817
1788418800000,77826.9,78176.1,77798.1,78051.1,231.34847087
1788419700000,78051.1,78057.9,77883.9,77941,44.95222228
1788420600000,77941,78055.8,77856.8,77891.1,117.6885185
1788421500000,77891,77938.9,77588,77657,74.06942647
1788422400000,77662.9,78058.9,77662.8,77927.4,68.26702332
1788423300000,77927.4,77984.3,77821.8,77978.3,25.17667872
1788424200000,77978.3,77995.5,77862.6,77875.6,17.22373564
1788425100000,77875.6,77912,77756.3,77835.9,30.852458
1788426000000,77834.2,77973.1,77798.2,77864,23.90779855
1788426900000,77864,77917.9,77740.4,77740.4,29.58594116
1788427800000,77740.4,77775.2,77651,77727.7,38.46975245
1788428700000,77727.8,77786.4,77610.1,77613.8,26.07063324
1788429600000,77613.9,77677.9,77535.3,77566.7,53.82403719
1788430500000,77566.8,77718.9,77523.6,77632.5,29.91901724
1788431400000,77630.6,77660.7,77472.8,77511.4,47.66248316
1788432300000,77511.3,77769.1,77500.3,77741.3,34.64796615
1788433200000,77741.3,77821.3,77701.1,77819.6,31.33007057
1788434100000,77819.6,77954.4,77819.5,77923.5,25.11123566
1788435000000,77923.9,77988.9,77821.5,77931.9,40.31462438
1788435900000,77932.6,78005.5,77874.3,77935.6,30.07993177
1788436800000,77935.6,78095,77883.4,78073.2,44.70741032
1788437700000,78073.3,78137.2,77936.9,77961.7,33.8702351
1788438600000,77961.8,78450,77961.8,78311.1,249.92334988
1788439500000,78311.1,78787.1,78235.1,78649.7,168.12609907
1788440400000,78649.7,78718.7,78514.9,78547.4,64.68156489
1788441300000,78547.5,78605,78450,78489.3,53.37584657
1788442200000,78489.4,78929,78450,78894.5,174.25794691
1788443100000,78897.4,78996,78743.8,78832.6,149.41263156
1788444000000,78832.1,79004.1,78702.7,78998.1,128.55997113
1788444900000,78998.2,79705.8,78990,79665.5,266.82078951
1788445800000,79665.5,79888,79600.1,79774.5,245.54683514
1788446700000,79774.5,80566,79762.4,80552.6,474.31283707
1788447600000,80552.7,80963,80360,80562.8,373.96074041
1788448500000,80562.8,80792.1,80472.8,80753.2,199.72674816
1788449400000,80745.4,81000,80689.3,80864.7,169.39399267
1788450300000,80864.6,81376.9,80734.4,81358.7,221.89308735
1788451200000,81358.8,81374.2,80786.7,80936.2,226.56880452
1788452100000,80935,80957.7,80622.3,80762.6,104.76252789
1788453000000,80762.6,80949.9,80760.9,80795.5,78.11418286
1788453900000,80795.4,81042.4,80770.1,80969.7,90.61289933
1788454800000,80969.7,81110.2,80883,81104.7,65.58149835
1788455700000,81104.7,81139.3,80907.8,81006.2,134.58872403
1788456600000,81006.2,81173,81000.1,81074.5,31.72418263
1788457500000,81074.5,81196,81003.5,81049.9,54.86740773
1788458400000,81049.8,81348,81010,81259,98.99228908
1788459300000,81253,81287.8,80949.8,80949.9,48.2038572
1788460200000,80949.9,81054.1,80896.8,80989.7,37.66412998
1788461100000,80989.7,81269.2,80962.1,81258.4,37.77022467
1788462000000,81258.5,81647.3,81177.4,81206.6,161.95482625
1788462900000,81200,81615.2,81176.8,81543.1,78.28297265
1788463800000,81543.1,81619.2,81384.9,81537,83.39745886
1788464700000,81537,81796.1,81454.1,81768.9,154.43344436
1788465600000,81758,81789.9,81405,81421.8,83.007641
1788466500000,81421.8,81595.6,81386.6,81536.1,29.04371076
1788467400000,81536.1,81631.3,81409.2,81473.6,27.64002579
1788468300000,81473.6,81583.3,81416.5,81461.9,68.88754975
1788469200000,81461.9,81628.9,81290.1,81594.3,69.11967089
1788470100000,81591.8,81796.1,81510.8,81774.5,73.42484645
1788471000000,81774.5,82285,81526.6,81530.1,422.08798474
1788471900000,81530.1,81762.4,81420,81586.3,59.25766725
1788472800000,81586.3,81614.1,81283.3,81383.5,77.00239321
1788473700000,81383.5,81411.1,81102.3,81135,62.88095905
1788474600000,81134.9,81244.5,80908,81200,120.24765201
1788475500000,81200,81280.5,81058.6,81143.3,66.46231726
1788476400000,81143.3,81215.4,81076.4,81171.2,61.41721132
1788477300000,81171.2,81284.9,81153.1,81284.9,43.19984655
1788478200000,81284.9,81342.5,81115.4,81233.9,54.99207716
1788479100000,81233.9,81334.6,81180.1,81260.1,24.05586808
1788480000000,81260.1,81270.8,81080,81249.2,145.4921301
1788480900000,81249.1,81350,81138.6,81138.6,90.94447392
1788481800000,81138.3,81433.9,81120,81231.7,106.55449563
1788482700000,81231.7,81247,80962.8,80967.2,88.63419142
1788483600000,80967.2,81099.9,80914.2,80944.1,60.86219082
1788484500000,80944,81024.1,80783.4,80826.1,71.88345848
1788485400000,80826,80933.8,80762.1,80787.8,44.10290629
1788486300000,80787.7,81036.9,80779.1,80970.1,32.14728853
1788487200000,80970.1,80970.1,80779.5,80803.4,38.50201571
1788488100000,80803.4,80880.1,80686.9,80714.5,67.1148606
1788489000000,80716.7,80847.1,80681.3,80740,28.09677004
1788489900000,80740.1,80836.7,80657.2,80836.7,50.68200138
1788490800000,80836.6,81016.5,80836.5,80935.4,90.21464043
1788491700000,80935.3,80945.9,80832.8,80832.9,24.54635863
1788492600000,80832.9,80878.3,80800,80873.3,24.73351979
1788493500000,80873.2,80969.3,80838.5,80838.5,30.16987125
1788494400000,80838.6,80963.5,80811.4,80963.3,27.20115697
1788495300000,80963.4,81290.4,80951.1,81258.8,75.27123217
1788496200000,81258.8,81272.8,81021.7,81037.1,55.68232224
1788497100000,81037.1,81143.2,81019.2,81070,35.73329185
1788498000000,81070,81077.4,80976.1,80976.1,41.84766747
1788498900000,80976.1,81147.2,80941.4,81012.8,40.12694977
1788499800000,81011.3,81025.3,80905.6,80990.2,32.11456699
1788500700000,80991.8,81058.3,80852.7,80990.5,65.73753877
1788501600000,80990,81090.3,80904.4,81013.4,43.27182597
1788502500000,81013.4,81037.7,80700.1,80727.4,49.01386814
1788503400000,80727.4,80866.8,80571.8,80850.6,64.27771319
1788504300000,80850.6,80867.6,80701.8,80808.5,23.98907982
1788505200000,80808.5,80963,80788.5,80931.8,32.77189023
1788506100000,80931.8,80968.6,80842.2,80860,27.99752922
1788507000000,80860,80900,80744.6,80762.8,215.96702839
1788507900000,80762.7,80776.9,80629.9,80650,342.51386333
1788508800000,80650,80773.4,80503.9,80773.4,168.40854392
1788509700000,80773.4,80995.1,80772.7,80980.1,60.94012131
1788510600000,80980,81153.1,80971.8,81050,154.38193776
1788511500000,81050.1,81240.3,81002.2,81156.8,86.92743761
1788512400000,81156.8,81239,81083.8,81090.1,76.38982873
1788513300000,81090.1,81304.6,80935.3,81035.7,74.58827097
1788514200000,81040,81229.9,80983,81170,49.56947383
1788515100000,81170,81223.8,81028.7,81055,71.89624362
1788516000000,81055,81132.5,80876.7,80971.7,42.96640449
1788516900000,80974.4,80978.3,80832.8,80958,50.72772564
1788517800000,80957.9,81111.1,80910,81070,70.90590617
1788518700000,81070,81198.6,81018.8,81181.2,16.98480106
1788519600000,81181.2,81222.3,81075.7,81187.3,31.34377105
1788520500000,81184.2,81405,81130.1,81325.6,40.35488982
1788521400000,81325.6,81330.8,81201,81251.8,30.11880426
1788522300000,81251.8,81352,81203.4,81225.9,38.89414828
1788523200000,81222.1,81267.7,81134,81250,59.03705234
1788524100000,81250,81346,81127.1,81329.9,80.76265066
1788525000000,81329.9,81329.9,79408.5,79679,1192.27988902
1788525900000,79679,79692.5,79172,79453.3,284.21008243
1788526800000,79453.3,79583,79183.2,79235.4,180.05655098
1788527700000,79235.3,79498.1,79207.5,79317.5,103.68114137
1788528600000,79324.3,79553.4,78990,79410,302.47842942
1788529500000,79410,79709.1,79238.5,79380.1,204.90683898
1788530400000,79380.1,79573.8,79255.1,79430,182.8196584
1788531300000,79429.9,79514.2,79091.8,79371,136.10507882
1788532200000,79371,79472.8,78851.3,79037.5,211.74103275
1788533100000,79037.4,79146.6,78650,78910.1,213.04519752
1788534000000,78910.2,79200,78789.2,79199.9,72.53018776
1788534900000,79199.9,79426.4,79161.9,79410.6,59.70945131
1788535800000,79418.9,79547.9,79359,79527.2,71.83908169
1788536700000,79527.2,79557.5,79390,79427.7,54.81789054
1788537600000,79427.7,79527.7,79371.4,79450.6,69.93274547
1788538500000,79450.6,79587.3,79429.3,79549.6,39.6254463
1788539400000,79549.6,79869.2,79540,79852.2,146.23024694
1788540300000,79852.2,79875,79723.5,79751.9,74.08125239
1788541200000,79752,79760,79619,79621.6,78.92099354
1788542100000,79621.6,79650,79511.1,79514.2,45.93180779
1788543000000,79514.2,79586.9,79434.3,79479.1,35.00856584
1788543900000,79479.1,79523.2,79376.4,79469.5,20.7010096
1788544800000,79469.5,79594.8,79469.5,79523.6,19.8566349
1788545700000,79523.6,79620,79523.6,79539.9,9.43369803
1788546600000,79540.8,79650,79529.7,79638.6,15.29500776
1788547500000,79638.6,79659,79584.1,79619.1,14.36596304
1788548400000,79619.1,79732,79619.1,79708.4,21.96774228
1788549300000,79708.4,79816.6,79695.1,79800.1,15.94976856
1788550200000,79800,79800,79630.5,79690,18.23106776
1788551100000,79690,79813.9,79635.6,79796.2,33.90317385
1788552000000,79796.3,79869.6,79764,79815.7,31.57034212
1788552900000,79815.7,79846.9,79747.5,79758.5,27.88330949
1788553800000,79758.4,79778.9,79694.7,79721.4,27.50549719
1788554700000,79721.4,79772.5,79666.6,79704.2,27.33744706
1788555600000,79704.2,79792.8,79650.3,79770.7,68.44481126
1788556500000,79770.7,79811.1,79741.8,79773.6,16.43084804
1788557400000,79773.7,79817.1,79750.4,79774,34.724439
1788558300000,79789.2,79809.1,79518.9,79632.7,36.816295
1788559200000,79632.7,79693.4,79630.1,79693.4,29.4698194
1788560100000,79693.4,79710,79636.5,79708.5,27.39755756
1788561000000,79708.5,79719.3,79652.2,79653.5,31.56979428
1788561900000,79653.5,79683.3,79624.3,79632.5,25.2701866
1788562800000,79632.5,79650.9,79586.5,79610.5,12.19569301
1788563700000,79610.5,79759.6,79610,79730.7,20.03927704
1788564600000,79730.7,79730.7,79663.7,79663.8,27.99436885
1788565500000,79663.8,79666.1,79620.1,79660.7,17.52523538
1788566400000,79660.8,79720.5,79609.3,79670.1,34.6513241
1788567300000,79670.1,79670.1,79603.5,79656.7,15.43403816
1788568200000,79656.7,79700,79625.1,79625.2,18.98136134
1788569100000,79625.1,79654.8,79562.4,79578,44.47095734
1788570000000,79578,79683.3,79554.8,79624.4,27.36868159
1788570900000,79624.3,79706.6,79600,79695,20.01219043
1788571800000,79695.1,79714.7,79608.5,79638.2,20.97303454
1788572700000,79638.2,79672.7,79534.9,79534.9,24.8552342
1788573600000,79534.8,79575.5,79479.1,79565.6,18.31065067
1788574500000,79565.6,79602.8,79508.1,79524,38.64319399
1788575400000,79524,79621.9,79524,79612.3,14.93013678
1788576300000,79612.3,79612.3,79539,79570.1,11.44369738
1788577200000,79570.1,79570.1,79514.1,79552.7,7.05690108
1788578100000,79552.7,79616,79552.7,79584.1,14.00693515
1788579000000,79584,79634.1,79584,79627.6,7.48867394
1788579900000,79627.6,79631.6,79579.1,79584.6,8.38467402
1788580800000,79584.6,79595.2,79504.8,79541.6,17.17066257
1788581700000,79541.6,79583.2,79541.5,79555.6,5.75654019
1788582600000,79555.6,79556.4,79527.9,79541.6,7.71869813
1788583500000,79541.5,79560,79500,79500.1,16.79042578
1788584400000,79500.1,79561,79449.5,79559,29.58854106
1788585300000,79559,79590,79523.5,79590,20.2103971
1788586200000,79590,79593.4,79510.9,79519,8.45073668
1788587100000,79519.1,79605.9,79500,79575.8,13.86091946
1788588000000,79575.8,79635.2,79575.8,79622.7,14.6888212
1788588900000,79622.7,79649.6,79611.9,79643.5,14.98455927
1788589800000,79643.5,79719.9,79620.6,79664.5,20.86387804
1788590700000,79664.5,79685.9,79640.3,79640.3,20.01775541
1788591600000,79640.2,79696.5,79640.1,79687.9,25.50014669
1788592500000,79687.9,79719.2,79667.7,79719.2,24.4107661
1788593400000,79719.2,79755.7,79703.8,79733.9,61.84507582
1788594300000,79733.9,79773.7,79693.7,79719.7,82.87948294
1788595200000,79719.7,79719.7,79627.8,79665,41.50551022
1788596100000,79665,79727.7,79610.1,79644.2,26.43357474
1788597000000,79644.2,79650.4,79564.5,79615.6,41.36986814
1788597900000,79615.6,79668.7,79600,79650,12.89235119
1788598800000,79650,79737.7,79649.7,79725.6,17.03495901
1788599700000,79725.6,79725.6,79694.2,79700.1,6.88937748
1788600600000,79700.1,79716.3,79659,79692.6,7.71608037
1788601500000,79692.5,79692.5,79614.3,79631.7,11.20317567
1788602400000,79631.7,79640,79616.6,79621.5,11.67998104
1788603300000,79621.5,79670,79608.2,79617.3,12.70794131
1788604200000,79617.3,79671.9,79591.9,79610.5,16.39346361
1788605100000,79610.4,79657.4,79580.8,79622.4,18.81773531
1788606000000,79622.4,79674.8,79622.3,79647,16.56426514
1788606900000,79647,79647,79616.6,79627.3,4.48914857
1788607800000,79627.3,79640.5,79603.6,79610.1,7.8365606
1788608700000,79610.1,79684.3,79608.9,79614.6,10.36249432
1788609600000,79614.6,79674.3,79611.5,79663.8,7.63477264
1788610500000,79663.9,79674.8,79650,79650.8,6.91445989
1788611400000,79650.8,79772.7,79610.4,79723.5,45.87239443
1788612300000,79723.4,79764.1,79702.4,79705.9,25.54077329
1788613200000,79705.9,79720.9,79663.8,79720.9,35.46296533
1788614100000,79723.1,79760.2,79678,79749.1,20.0679049
1788615000000,79749.1,79757.1,79640.2,79654.8,51.3723707
1788615900000,79654.7,79693.8,79546.8,79615.4,43.75821487
1788616800000,79615.4,79686.7,79615.4,79664.2,17.26220867
1788617700000,79664.2,79736.6,79664.2,79729.2,27.81611199
1788618600000,79729.2,79742.7,79689.3,79710,29.86309539
1788619500000,79710.6,79748.8,79710.6,79714.5,23.81435673
1788620400000,79714.5,79762.3,79710.1,79722.7,41.87791678
1788621300000,79722.7,79770,79680,79696.2,47.75330224
1788622200000,79696.2,79769.3,79696.1,79747.9,18.09778433
1788623100000,79747.9,79813.3,79738.3,79800.5,21.13069415
1788624000000,79800.5,79849.6,79749.6,79781.6,29.10841115
1788624900000,79781.6,79898.7,79780,79894.6,36.19075266
1788625800000,79894.6,79989.9,79894.6,79941.1,79.98958648
1788626700000,79941.1,80197.6,79923.8,80042,124.6969674
1788627600000,80041.1,80159.9,80009,80130.5,80.47086529
1788628500000,80130.5,80157,79967.4,80034.6,42.29147823
1788629400000,80034.6,80150.2,79992.4,80052.5,29.9811563
1788630300000,80052.5,80101.6,80028.4,80064.9,11.30607936
1788631200000,80064.9,80083.3,79967.6,80000,41.39746209
1788632100000,80000,80032.2,79958.5,79958.5,16.75955148
1788633000000,79958.6,80054.6,79934.9,79970,17.39583237
1788633900000,79970,80006.5,79932.3,80001.1,4.80816353
1788634800000,80001.1,80001.1,79932.3,79939.6,15.38526712
1788635700000,79939.6,79989.2,79906.2,79964.5,6.61014343
1788636600000,79964.5,79976,79759.8,79860,17.972078
1788637500000,79862.7,79862.7,79700.2,79749.5,37.84746548
1788638400000,79749.5,79844,79714.8,79740,25.78940728
1788639300000,79740,79834.8,79691.6,79725.6,27.61595113
1788640200000,79725.6,79780,79688.6,79780,24.42155272
1788641100000,79780,79801.9,79727,79742.5,13.80689719
1788642000000,79742.5,79803.7,79726.2,79789.4,11.65000113
1788642900000,79789.4,79880,79773.8,79856.8,8.00601194
1788643800000,79856.8,79929.4,79832,79914.1,13.94646304
1788644700000,79914.1,79937.5,79857.4,79908.1,13.49274423
1788645600000,79908.1,79935.5,79851.5,79921.5,10.67323024
1788646500000,79921.5,79938.7,79767.2,79813.6,14.64809241
1788647400000,79813.6,79865.9,79757.3,79778.5,16.59882062
1788648300000,79778,79825.6,79757.2,79789.6,11.44936214
1788649200000,79789.6,79789.6,79721.5,79765.7,8.85012532
1788650100000,79765.6,79832.2,79747.6,79804.1,10.81896261
1788651000000,79804,79847.3,79705.8,79810.6,17.43539222
1788651900000,79810.6,79903.2,79778.1,79830.2,20.50973813
1788652800000,79830.2,79915.6,79829.5,79911.3,5.79234684
1788653700000,79911.3,79937.5,79871.5,79929.9,8.97215362
1788654600000,79926.8,79946.4,79872.2,79878.4,15.14879175
1788655500000,79878.4,79936.1,79860.3,79868.5,15.75821197
1788656400000,79868.5,80007.5,79868.5,79955.8,23.81035766
1788657300000,79955.9,79999.9,79897.8,79923,24.32672768
1788658200000,79923,80064.5,79922.9,79976,24.75595742
1788659100000,79976.1,80022.2,79934.4,79954.8,19.53423275
1788660000000,79954.9,80018.5,79898.2,79998.9,17.0797836
1788660900000,79998.6,80008.1,79902.2,79913.6,9.9567618
1788661800000,79913.6,79960.1,79868.4,79882.8,9.97082432
1788662700000,79882.8,79918.6,79870,79910.2,9.81221208
1788663600000,79910.3,79934.6,79894.2,79934.4,11.22532136
1788664500000,79934.4,79970,79893.2,79899.6,7.92280879
1788665400000,79899.6,80106.8,79899.6,80106.8,17.26458871
1788666300000,80106.8,80108.5,80006.6,80036.1,33.67070971
1788667200000,80036.1,80036.1,79961.9,79981.3,19.60682828
1788668100000,79981.3,79993.3,79879.7,79939,17.24992692
1788669000000,79939,79943.2,79899.8,79922.5,10.47510042
1788669900000,79922.5,79954.2,79846.6,79868.3,21.00199172
1788670800000,79868.3,79910.7,79800,79811.3,19.95826552
1788671700000,79811.3,79887.3,79800,79849.7,24.62536447
1788672600000,79849.7,80113.3,79849.7,80028.9,36.41199408
1788673500000,80027,80042.9,79951.1,79999,28.39017901
1788674400000,79999.7,79999.7,79929,79930.7,10.08263527
1788675300000,79930.6,79934.8,79834.4,79839.1,25.95290778
1788676200000,79839.1,79856.5,79770.1,79826.7,32.51732159
1788677100000,79826.6,79826.6,79697.2,79781.2,29.68581829
1788678000000,79781.1,79807.1,79570,79671.9,55.47210191
1788678900000,79674.4,79860,79674.3,79823.2,33.70537941
1788679800000,79823.5,79874.5,79794.6,79859.4,206.59172613
1788680700000,79859.4,79874.6,79818.9,79821.2,209.2830663
1788681600000,79820.1,79902.6,79811,79878.5,43.39357785
1788682500000,79878.5,79882.1,79802.7,79808.6,7.25297393
1788683400000,79808.6,79825.3,79762.7,79792.6,17.61762049
1788684300000,79792.6,79890.9,79762.1,79851.9,17.41272639
1788685200000,79851.9,79936,79806.1,79936,13.65154746
1788686100000,79936,79998,79916,79970,44.72744402
1788687000000,79969.9,79998.4,79850,79865.7,22.45786739
1788687900000,79865.8,79913.9,79851.5,79887.4,13.53675315
1788688800000,79887.4,79948.5,79887.3,79927.1,6.05361319
1788689700000,79927.2,79987.8,79927.1,79980,11.78755055
1788690600000,79980,80022,79964.1,80021.8,16.65828479
1788691500000,80021.9,80023,79978,80001.2,12.12547771
1788692400000,80001.2,80001.2,79919.7,79979.9,18.75599202
1788693300000,79979.9,79991.2,79901.8,79905.6,23.20567528
1788694200000,79905.6,79979,79900,79959,19.22161133
1788695100000,79959,79964.9,79914.2,79920.3,8.25925936
1788696000000,79920.3,79949.7,79863.4,79936.2,16.48865365
1788696900000,79936.2,80008.2,79936.2,79971.3,18.89556783
1788697800000,79971.3,80008.2,79933.3,79933.4,18.19035095
1788698700000,79933.3,80008.2,79919.1,79930,13.96232768
1788699600000,79930.1,79977.2,79870.9,79894.5,34.44401074
1788700500000,79894.5,79894.5,79800,79800.6,47.81400908
1788701400000,79800.7,79868.6,79769,79806.3,51.46694289
1788702300000,79806.2,79855.1,79790,79839.7,22.28441885
1788703200000,79839.7,79851.9,79752.7,79757.4,50.502839
1788704100000,79757.4,79808.5,79610,79670,75.25733479
1788705000000,79670.1,79760.5,79199,79719.1,159.02821628
1788705900000,79718.1,79719.1,79529.4,79543.7,31.63349263
1788706800000,79543.7,79585.2,79382.4,79549.3,49.8965214
1788707700000,79549.3,79678.7,79540,79647.7,20.3353107
1788708600000,79647.6,79716.5,79600.1,79698.1,14.22018074
1788709500000,79698.1,79729.8,79662.5,79718,10.85070296
1788710400000,79717.9,79741.9,79608.9,79698,17.83698344
1788711300000,79696.6,79734.4,79640,79724.6,9.47420372
1788712200000,79724.5,79795.5,79690.7,79727,18.50101215
1788713100000,79727,79736.9,79638.6,79691.7,6.45958428
1788714000000,79691.7,79691.7,79588.7,79632.2,9.16329906
1788714900000,79632.2,79780.5,79632.2,79701.1,18.21909743
1788715800000,79701.1,79776.5,79681.2,79744.8,14.43017367
1788716700000,79744.4,79770,79728.8,79743.7,13.22218396
1788717600000,79747.6,79876,79747.5,79836.8,15.19097182
1788718500000,79836.9,79918.8,79828,79918.8,9.17371015
1788719400000,79918.7,79971.4,79918.7,79953.5,30.10309763
1788720300000,79953.5,79962.9,79900,79949.5,12.63113583
1788721200000,79949.5,79949.5,79860,79865.1,12.53631936
1788722100000,79865.1,79880.7,79822.9,79854,10.32140933
1788723000000,79854,79859.8,79808,79811.5,8.93253139
1788723900000,79811.5,79840.8,79805.3,79840.8,8.0781123
1788724800000,79840.8,79840.8,79784.2,79820,9.67452551
1788725700000,79820,79956.4,79812.4,79934.4,10.0260406
1788726600000,79934.4,79973.7,79913.6,79958.6,11.03766962
1788727500000,79958.6,79979.2,79897.7,79919,8.74471961
1788728400000,79919,80008.7,79918,80008.2,28.86789452
1788729300000,80005.6,80030,79894.1,79902,31.49205007
1788730200000,79902,79980.6,79869.6,79913.9,16.35754156
1788731100000,79915.5,79999,79900.4,79937.5,44.90060733
1788732000000,79937.5,79940.1,79679,79749.8,44.08610931
1788732900000,79749.8,79833.2,79644.9,79819.4,28.80744746
1788733800000,79819.4,80008.3,79812.3,79963.9,53.69452954
1788734700000,79963.8,80088.2,79940,80046.4,38.4013046
1788735600000,80046.4,80358.9,80007.9,80190.4,118.81614913
1788736500000,80190.4,80282.3,80100.1,80128,54.8030323
1788737400000,80128.5,80497,80128,80390,95.29653027
1788738300000,80390,80555.4,80304.5,80341.4,91.10090395
1788739200000,80341.4,80441.4,80240.5,80327.2,72.10623069
1788740100000,80323,80337.2,80059.2,80200,46.83578342
1788741000000,80200,80277.9,80110.6,80135,37.94756501
1788741900000,80135,80197.8,80050.6,80159.1,41.4746748
1788742800000,80159.1,80252,79939.8,79960.7,72.1584496
1788743700000,79960.7,80019,79853.6,79919.5,44.41871944
1788744600000,79919.4,79996.2,79832.7,79856.9,28.3195331
1788745500000,79857,79979.1,79816.7,79931.6,23.66625553
1788746400000,79931.5,79943.9,79799.8,79840.7,32.37338455
1788747300000,79840.7,80057.3,79840.7,80027.5,38.0484134
1788748200000,80027.7,80427.6,80000.1,80265.3,107.02767429
1788749100000,80265.3,80289.1,79833,79879.9,83.86491794
1788750000000,79880,79987.1,79772.9,79794.7,68.84235676
1788750900000,79794.7,79845.3,79728,79730.3,28.01479927
1788751800000,79730.1,79776.5,79600,79640.1,50.61651766
1788752700000,79640.1,79696.6,79577,79594.8,39.18341385
1788753600000,79594.9,79691.3,79558,79691.3,68.57925501
1788754500000,79691.3,79699.9,79610,79610,32.53801469
1788755400000,79606.2,79678.9,79541.6,79676.6,33.53794993
1788756300000,79676.5,79727.9,79650,79724,31.16390926
1788757200000,79724,79775.5,79658.6,79765.2,49.57825857
1788758100000,79765.2,79927.3,79759.2,79855.9,39.66235315
1788759000000,79855.9,79860.9,79808.6,79857.5,11.05569893
1788759900000,79857.5,79857.5,79753.7,79753.8,14.88151576
1788760800000,79753.8,79818.6,79741.9,79811,12.65437324
1788761700000,79811,79811,79693.3,79710.6,18.83247257
1788762600000,79710.6,79738.2,79651.8,79674.3,25.67725869
1788763500000,79674.3,79681.1,79644.1,79652.5,10.84875247
1788764400000,79652.5,79686.6,79592.1,79617.2,35.84869458
1788765300000,79617.2,79627.5,79401,79425.3,115.25165173
1788766200000,79425.3,79524.4,79000,79288.5,254.85488032
1788767100000,79288.7,79407.5,79280.1,79401.2,86.56398627
1788768000000,79401.3,79505.1,79398.9,79463.5,44.91699417
1788768900000,79463.5,79522.8,79453.3,79475.6,34.71211068
1788769800000,79475.5,79543.6,79419.2,79483.4,64.48091458
1788770700000,79483.3,79503.9,79412.5,79428,40.16759438
1788771600000,79428,79549.9,79407.6,79527.4,31.51092856
1788772500000,79527.3,79539,79422.7,79483.7,26.15761597
1788773400000,79483.7,79483.7,79323.3,79390.2,64.53980943
1788774300000,79390.3,79460.6,79290.6,79309.9,52.10892511
1788775200000,79309.9,79405.8,79309.9,79379.4,38.3666056
1788776100000,79379.4,79425.2,79370.3,79422.3,17.95679121
1788777000000,79422.3,79458.6,79388.4,79455,9.73106162
1788777900000,79454.9,79457.9,79343.5,79366.3,17.34293575
1788778800000,79366.3,79409.7,79279.9,79409.7,19.31641554
1788779700000,79409.7,79473.5,79399.7,79444.7,12.31934628
1788780600000,79444.7,79484.4,79407.2,79413.1,11.79130816
1788781500000,79413.1,79436.3,79370,79416.1,50.23155136
1788782400000,79416.1,79497.8,79395.1,79422.5,19.01044446
1788783300000,79422.5,79534.2,79410.2,79527.9,16.02457698
1788784200000,79527.9,79531.8,79460,79480.1,19.24262579
1788785100000,79480.1,79636.3,79480,79601.9,57.484844
1788786000000,79601.9,79648.1,79520.1,79630,45.45929001
1788786900000,79630,79646.5,79575.4,79643.4,11.24369096
1788787800000,79643.4,79643.4,79314.2,79379.7,60.54105386
1788788700000,79379.6,79429.9,79323.5,79354.6,30.96611937
1788789600000,79354.6,79397.1,79110.3,79179,79.51611389
1788790500000,79180,79236.8,79046.1,79058.2,93.40259306
1788791400000,79058.2,79121.8,78961.3,79036.9,104.68004864
1788792300000,79036.9,79282.4,79036.8,79198.9,46.08934721
1788793200000,79198.9,79198.9,79040.8,79045.5,31.08169815
1788794100000,79045.6,79147.8,78836.5,79036.8,77.17287934
1788795000000,79036.8,79044.1,78682,78773.9,111.43205636
1788795900000,78773.8,78872,78704.4,78834.1,52.45240858
1788796800000,78833.9,78928.5,78822.7,78910.9,28.90045425
1788797700000,78910.9,78910.9,78808.9,78833.7,26.33674024
1788798600000,78833.7,79036.7,78833.7,79012.9,35.0692281
1788799500000,79012.9,79031,78973.6,79031,19.94830476
1788800400000,79031.5,79157.2,79013.9,79157.1,15.00704748
1788801300000,79156.8,79166.6,79084.8,79128.9,25.98936915
1788802200000,79128.9,79175.8,79075.2,79156.4,14.07016926
1788803100000,79156.4,79222,79142.7,79192.5,13.55035921
1788804000000,79192.5,79219.3,79150.6,79177.8,23.85167262
1788804900000,79177.8,79197.4,79133.9,79150,10.81606627
1788805800000,79150,79165.8,79088.9,79160.7,9.71466554
1788806700000,79160.7,79247.1,79139.1,79195.5,9.66607482
1788807600000,79195.5,79195.7,79150.6,79170.5,6.07401473
1788808500000,79170.5,79247.2,79170.4,79243.1,5.91390947
1788809400000,79243,79419.3,79237,79344.3,51.15015341
1788810300000,79344.3,79383.3,79344.3,79367.4,13.75687828
1788811200000,79367.1,79399,79209.6,79238.1,19.54106016
1788812100000,79238,79266.7,79187.5,79217.3,10.65788364
1788813000000,79217.2,79246.4,79190.2,79190.3,8.67060702
1788813900000,79190.3,79263,79166.6,79237.4,35.14894844
1788814800000,79237.4,79270,79191.8,79270,20.03397665
1788815700000,79271.4,79279.2,79210.2,79237.6,13.71046239
1788816600000,79237.6,79237.6,79169,79194.5,7.09808403
1788817500000,79194.1,79219,79157.7,79158.3,7.89358247
1788818400000,79158.3,79224.3,79086.5,79152.2,53.06479169
1788819300000,79152.2,79206.2,79028.8,79106.5,65.38441876
1788820200000,79106.4,79106.4,78774.1,78828.2,39.60163221
1788821100000,78828.2,78972.6,78824.9,78951,25.43808917
1788822000000,78950.9,79172.6,78930.9,79138.8,35.53416815
1788822900000,79138.4,79146,78963.1,79010.1,16.94644709
1788823800000,79010.1,79129.3,78987.1,79129.2,9.51514514
1788824700000,79129.2,79210.8,79106.2,79111.8,27.03862003
1788825600000,79111.8,79122,78990.6,79054.4,33.55136426
1788826500000,79054.3,79153.8,78969.5,79004.7,33.20684856
1788827400000,79004.7,79283.5,78988.6,79218.5,24.34649362
1788828300000,79216.3,79313.9,79200.4,79313.9,25.23495609
1788829200000,79313.9,79371.7,79260.8,79300.3,35.95813192
1788830100000,79300.3,79465.1,79256.4,79402.8,33.11426184
1788831000000,79402.7,79402.7,79309.6,79320.2,20.40771684
1788831900000,79320.2,79456.7,79302,79439,10.7813004
1788832800000,79439,79444,79257.9,79334,25.32906507
1788833700000,79333.9,79485.9,79250.1,79269.2,41.35024209
1788834600000,79269.2,79277.9,79105.2,79133,19.40207088
1788835500000,79133,79160,78935.4,78935.5,23.96225015
1788836400000,78935.5,79004.7,78888.8,78918.8,40.34854529
1788837300000,78914.3,78949.9,78730.1,78772.5,63.89418847
1788838200000,78772.1,78988.2,78763.3,78953.9,38.04198284
1788839100000,78953.6,78959,78869.8,78904.8,19.02932427
1788840000000,78904.8,78939.5,78787.5,78816.7,31.60748741
1788840900000,78817.3,78864.4,78760.1,78817.3,39.48026359
1788841800000,78817.3,78878.7,78741.1,78787.6,22.71155928
1788842700000,78787.7,78823.4,78680,78680.1,57.56596965
1788843600000,78683.2,78820,78559.6,78705.2,91.54612855
1788844500000,78705.2,78884.6,78663.1,78825.9,52.21256952
1788845400000,78825.7,78830.7,78628.9,78628.9,57.04297512
1788846300000,78628.9,78722.6,78570.5,78588.3,25.56519559
1788847200000,78588.3,78630.5,78454.6,78598.1,123.15882466
1788848100000,78598,78639.9,78367.4,78387.4,87.69418021
1788849000000,78387.3,78450,78355,78429.8,46.85473428
1788849900000,78429.7,78487,78261.7,78323.2,155.07884195
1788850800000,78323.5,78446.8,78270.1,78405.2,132.52528015
1788851700000,78405.2,78518.3,78373,78464.1,109.80718916
1788852600000,78464.1,78607.9,78431.9,78432,184.57119277
1788853500000,78432,78485.5,78181.6,78485.5,233.88276776
1788854400000,78485.5,78485.5,78290.3,78388.8,31.90642588
1788855300000,78388.8,78510.7,78306.6,78479.1,42.43029914
1788856200000,78479.1,78562.2,78451,78538.6,51.47731789
1788857100000,78538.5,78585.9,78382.5,78422.3,44.31444119
1788858000000,78422.3,78499,78340,78486,50.37182766
1788858900000,78486,78516.6,78345.7,78478.3,52.40081476
1788859800000,78478.3,78781.3,78444.9,78765.8,95.2393195
1788860700000,78765.7,78804.3,78731,78764,101.27937735
1788861600000,78764,78764,78673.6,78747,56.31283226
1788862500000,78747.2,78999.9,78733.3,78850.7,100.42365338
1788863400000,78850.6,78876.8,78654.2,78672.6,34.62509383
1788864300000,78672.6,78696.3,78561.8,78561.9,20.39469841
1788865200000,78561.9,78582.1,78295.1,78319.1,43.6166552
1788866100000,78319,78488.3,78312.4,78448.9,34.92800142
1788867000000,78448.8,78495.7,78407.4,78445.3,27.89796952
1788867900000,78445.3,78469.1,78371.1,78427.8,35.52892544
1788868800000,78427.9,78427.9,78225,78225.1,50.9970445
1788869700000,78226.4,78399.9,78225.1,78381.2,31.64833512
1788870600000,78381.2,78460,78306.9,78344.4,28.63886593
1788871500000,78339.6,78483.3,78306.9,78459,50.76726692
1788872400000,78459.5,78549.4,78408.5,78481.5,29.39773497
1788873300000,78481.5,78494.1,78314.8,78343.2,30.52715601
1788874200000,78343.2,78382.6,77699.8,77851.7,270.07503092
1788875100000,77851.7,78100,77624.6,77972.5,151.68607135
1788876000000,77972.5,78194.1,77865.2,78160.1,105.33401694
1788876900000,78160.1,78385.7,78160.1,78340,265.53138215
1788877800000,78340,78433.7,78246.5,78410.7,118.71543646
1788878700000,78410.7,78621.7,78382,78563.6,119.47555392
1788879600000,78563.6,78664.2,78475.7,78643.8,54.42719575
1788880500000,78643.8,78710.4,78442.4,78459.7,70.78170875
1788881400000,78458.9,78762,78441.3,78716.1,196.44097966
1788882300000,78716.1,78905.6,78659.7,78905.4,105.71616531
1788883200000,78905.5,78905.6,78630.1,78649.9,88.88743488
1788884100000,78650,78683.9,78572.7,78633.6,20.31778783
1788885000000,78633.6,78970.8,78619.2,78794,49.82498812
1788885900000,78794,78880,78627.3,78730.7,123.38478298
1788886800000,78730.7,78887.5,78660.7,78707.6,46.2292825
1788887700000,78707.6,78715.3,78546.6,78592,22.89269887
1788888600000,78592,78665.8,78522.9,78530.1,28.64626297
1788889500000,78530.1,78646.3,78494,78498.4,27.35413912
1788890400000,78498.4,78721.9,78493.9,78671.4,46.07397401
1788891300000,78671.5,78825.4,78671.5,78736.3,12.81913438
1788892200000,78736.3,78780.4,78580.3,78602.3,17.53129863
1788893100000,78602.3,78660,78265,78437.2,52.72801882
1788894000000,78437.2,78522.4,78391.2,78468.2,25.07336579
1788894900000,78468.2,78529.5,78339.4,78477.8,36.36530556
1788895800000,78478.8,78520.5,78339.4,78411.4,34.65442432
1788896700000,78411.4,78447.9,78315.7,78447.9,28.49061522
1788897600000,78447.7,78622.2,78410.1,78610.3,16.32234066
1788898500000,78610.3,78617.1,78453.9,78586.1,24.15735473
1788899400000,78586,78586.1,78413.6,78530.1,20.96096655
1788900300000,78530.1,78563.1,78465.1,78485.4,11.44725051
1788901200000,78485.4,78579.3,78461,78553.4,13.90581134
1788902100000,78553.5,78622.3,78506.1,78533.3,18.54785916
1788903000000,78533.2,78570,78446,78524.5,29.21114951
1788903900000,78524.5,78538.9,78405.7,78490,8.76849139
1788904800000,78490,78663.9,78451.7,78512.5,27.67145654
1788905700000,78512.5,78585.1,78467.5,78504,17.81506967
1788906600000,78504,78539.2,78468.3,78493.5,7.72558891
1788907500000,78493.5,78583.1,78491.6,78560.2,9.6384206
1788908400000,78560.2,78577.9,78467,78498.2,17.94058678
1788909300000,78498.3,78511.9,78436.7,78470.1,28.48451719
1788910200000,78470.1,78475.4,78431.8,78446,32.55433948
1788911100000,78445.9,78468,78410,78458.7,10.86970632
1788912000000,78458.8,78733.5,78449,78714.4,26.30690193
1788912900000,78714.4,78740,78600,78628.1,13.88033584
1788913800000,78628.1,78698.7,78569,78698.6,6.03190564
1788914700000,78698.6,78798.6,78698.6,78773.4,29.10549958
1788915600000,78773.4,78865,78700,78739.2,33.97038753
1788916500000,78739.2,78777.1,78633,78731.2,18.71985152
1788917400000,78731.2,78880,78700.2,78841.3,12.68858917
1788918300000,78841.3,78891.5,78814.4,78886.9,37.4282646
1788919200000,78886.9,78923,78793.4,78795.8,39.17144675
1788920100000,78795.8,78830.9,78683,78822.8,35.4940885
1788921000000,78822.8,78834.9,78750,78791.1,9.71037376
1788921900000,78791.1,78805.9,78720.9,78720.9,9.02330958
1788922800000,78721,78724.8,78591.8,78592.5,16.18782687
1788923700000,78592.5,78626.1,78551.3,78582.4,36.55704059
1788924600000,78582.4,78664.8,78573,78653.1,6.28397342
1788925500000,78653,78685.5,78600.1,78636.7,24.34216552
1788926400000,78636.7,78945,78636.7,78845.4,54.65452585
1788927300000,78845.3,78945.7,78782.8,78892.2,22.32449276
1788928200000,78892.2,79206.8,78872.1,79195.6,92.7115353
1788929100000,79195.6,79216.8,79076,79169,75.76016069
1788930000000,79169,79343.5,79058.9,79276.3,165.01096465
1788930900000,79276.3,79367.9,79127.5,79127.5,72.16682548
1788931800000,79127.5,79138.3,78902.9,78924.1,59.99285408
1788932700000,78924.1,78962.7,78841.7,78935.1,32.02108702
1788933600000,78935.2,79138.3,78852.6,79116.4,42.13115182
1788934500000,79116.3,79287.1,79095.4,79158.1,32.99452857
1788935400000,79158.1,79236,79139.9,79191.9,23.08329977
1788936300000,79191.9,79205.5,79116,79160.3,19.78809119
1788937200000,79160.2,79396.8,79154.6,79256.6,66.28121416
1788938100000,79256.6,79300,79226.2,79278,34.7588917
1788939000000,79278,79297.6,79176.6,79196.2,81.38580681
1788939900000,79196.2,79279,79186.6,79270.8,83.59961281
1788940800000,79270.8,79544.9,79256.7,79408.8,156.92929623
1788941700000,79408.8,79712.7,79403.6,79686.6,72.23823742
1788942600000,79683.8,79768,79573.9,79647,161.06110596
1788943500000,79647,79720,79592.5,79699.6,49.72496907
1788944400000,79699.6,79714.1,79462.8,79537.3,59.74680244
1788945300000,79537.3,79550.9,79420.1,79420.2,55.12043643
1788946200000,79420.2,79439.5,79063.8,79073.2,90.42450975
1788947100000,79077.2,79133.1,78900.4,78950.6,83.71735837
1788948000000,78950.9,79056.3,78935.2,79000.1,42.16517224
1788948900000,79000,79132.2,78921.2,79080.4,36.80026485
1788949800000,79080.4,79187.7,79069.2,79081.7,36.3271704
1788950700000,79081.6,79081.7,78878.8,78917.3,39.32613145
1788951600000,78917.3,78965.2,78737.5,78873.7,59.73863178
1788952500000,78874.2,79000,78804.1,78994.1,31.97723617
1788953400000,78994,79096.7,78960.4,79023.1,34.00721774
1788954300000,79023.2,79378.7,79023.2,79325.4,67.77744273
1788955200000,79321.6,79450,79271.7,79384.5,45.76498804
1788956100000,79384.4,79449.9,79316.7,79407.9,26.05489611
1788957000000,79408,79608.6,79408,79524.4,87.09938631
1788957900000,79524.4,79663.3,79524.3,79609.2,84.76600307
1788958800000,79609.3,79625,79497.9,79518.4,58.94679823
1788959700000,79518.5,79640.7,79466.6,79615.8,37.82742746
1788960600000,79615.7,79675.6,79107.1,79243.7,137.91825759
1788961500000,79243.5,79391,79108,79143.8,49.41539358
1788962400000,79138.9,79204.4,78907.6,79088.1,77.09718629
1788963300000,79086.8,79279.6,78883.6,79279.6,68.58793402
1788964200000,79279.9,79413.7,78966.6,79007.3,78.1180204
1788965100000,79007.4,79140.3,78900.7,78964.9,53.13004291
1788966000000,78967.1,79400,78282.3,78477.4,321.42791533
1788966900000,78477.5,78634.9,78064.8,78379.3,140.65377645
1788967800000,78379.3,78753,78340.8,78647.4,87.14524486
1788968700000,78647.1,78695.4,78556.3,78595.3,33.47979842
1788969600000,78595.3,78788.3,78490.5,78666.8,43.92010425
1788970500000,78665.3,78665.3,78453.7,78638,47.69152103
1788971400000,78638,78933.8,78638,78803.5,70.8204655
1788972300000,78803.6,78805,78733.1,78796.4,12.88647365
1788973200000,78796.4,78918,78720.9,78871,41.55540423
1788974100000,78871.2,78929.3,78789.3,78852.8,21.84566042
1788975000000,78856,78866.7,78689.4,78697.7,36.06210345
1788975900000,78697.7,78819,78669,78772,44.15868432
1788976800000,78775.3,78794.4,78593.2,78607.8,18.45067473
1788977700000,78607.9,78647.7,78567,78626.8,21.18025615
1788978600000,78624.7,78650.5,78497.7,78539.6,21.48438467
1788979500000,78539.9,78562.1,78401,78415.7,31.17424969
1788980400000,78415.7,78495.6,78342.8,78481.8,35.85803569
1788981300000,78481.8,78579.8,78465.4,78530.7,9.2757583
1788982200000,78530.7,78555.6,78292.7,78303.5,93.36989352
1788983100000,78303.6,78335.4,78153.8,78228.6,41.56891595
1788984000000,78228.5,78297.7,78186.1,78253,14.92402664
1788984900000,78253,78339.6,77930,78117.2,100.50260401
1788985800000,78117.1,78320.2,78106,78283.3,59.72671504
1788986700000,78276.6,78330,78100.1,78320.1,28.92297758
1788987600000,78320.1,78342.8,78166.6,78250,38.25721679
1788988500000,78250.7,78297.7,78140.8,78284.8,13.05276003
1788989400000,78284.7,78284.7,78141.9,78248.3,15.6101242
1788990300000,78248.3,78248.3,78004.7,78148.4,17.5609107
1788991200000,78148.4,78200,77777,77863.5,95.63366439
1788992100000,77863.5,78062.5,77764.1,78034.1,24.65487234
1788993000000,78034.1,78059.9,77944.9,78041.8,25.73166522
1788993900000,78041.7,78049.8,77909.2,77924.4,13.65967079
1788994800000,77920.6,78200,77916.6,78154.7,17.64748224
1788995700000,78154.6,78188.7,78100,78188.7,12.56035796
1788996600000,78188.6,78265.8,78174.7,78232.5,14.51032883
1788997500000,78232.1,78315.4,78219.9,78300.7,13.78867068
1788998400000,78300.6,78397.5,78274.3,78277.5,107.92302934
1788999300000,78277.5,78343.9,78219.9,78329.7,35.36436434
1789000200000,78329.7,78329.7,78168,78168.1,28.02200795
1789001100000,78168.1,78260,78103.1,78176.2,49.45834923
1789002000000,78176.2,78508.1,78163.4,78337.1,49.13677512
1789002900000,78337,78348.2,78166.6,78174,30.25594908
1789003800000,78174,78246.6,77954.4,78177.9,53.1679833
1789004700000,78177.9,78177.9,77992.2,78095.9,26.06616571
1789005600000,78095.9,78103.2,78003.6,78044.8,13.39765379
1789006500000,78044.6,78074.5,77971.4,78023.2,28.76886285
1789007400000,78023.2,78267.2,78005.8,78260.7,34.6270722
1789008300000,78260.6,78374.9,78256.6,78354.1,23.02891445
1789009200000,78354.1,78544.6,78328,78380.5,143.63461934
1789010100000,78378,78402.7,78305,78392.8,21.82501085
1789011000000,78392.8,78454.5,78325.3,78371,26.27098178
1789011900000,78371,78453.2,78274.9,78327.7,33.85365167
1789012800000,78327.6,78406.7,78303.6,78343.5,21.12993738
1789013700000,78343.4,78428.4,78343.4,78385.7,12.30968453
1789014600000,78385.7,78416.7,78337.4,78337.4,9.52918312
1789015500000,78337.4,78444.1,78300.1,78403.5,25.42520822
1789016400000,78403.5,78495.5,78272.7,78481.2,27.17155052
1789017300000,78480,78517.7,78360.1,78470.5,23.20385379
1789018200000,78470.5,78519.9,78396.7,78412.9,20.75582011
1789019100000,78412.8,78552.6,78409.9,78530.1,93.80691103
1789020000000,78537.9,78539.9,78300.1,78310.6,14.09665505
1789020900000,78310.6,78310.6,78159.4,78214.8,31.39898755
1789021800000,78216.9,78277.5,78164.5,78206.9,25.2053994
1789022700000,78207,78533.2,78207,78423.6,39.75329701
1789023600000,78423.6,78431.1,78157.6,78221.2,19.31519012
1789024500000,78221.4,78225.2,78023.4,78023.5,62.79239119
1789025400000,78023.5,78051.3,77916,78023.3,160.11588547
1789026300000,78027.4,78160.8,78017.1,78110.8,65.37213156
1789027200000,78107,78162.9,78061.6,78080.4,62.87043025
1789028100000,78080.4,78172.1,78039.7,78163.6,32.31911538
1789029000000,78163.6,78169.7,78033.6,78105.4,23.5300149
1789029900000,78105.4,78172.1,78088.3,78108.5,11.67453923
1789030800000,78113,78215.1,78110.6,78162,12.25918222
1789031700000,78163,78232.5,78140,78211,18.20274269
1789032600000,78211,78211,77919,77964.5,38.68712067
1789033500000,77964.5,78030,77950,77998.5,19.52982959
1789034400000,77993.8,78046.3,77955.4,77994.4,35.42776336
1789035300000,77994.3,78026.9,77931.3,77984.4,12.65643113
1789036200000,77984.4,78046.6,77826.5,77994.6,39.89354078
1789037100000,77994.7,78043.2,77861,77861.9,40.71663053
1789038000000,77861.9,77928.5,77700,77927.4,74.18222284
1789038900000,77928.5,78055.7,77928.5,78015.9,18.32477598
1789039800000,78017.8,78055.7,77980,78010.3,23.80764134
1789040700000,78010.2,78032.8,77832.2,77840,44.2292082
1789041600000,77839.9,77895.6,77723.3,77834.5,38.95132905
1789042500000,77832.1,77844.3,77681.1,77814.3,82.87129299
1789043400000,77814.3,77973.2,77056,77138,481.44250535
1789044300000,77141.1,77185.1,76680,76902,510.96208156
1789045200000,76899.7,77090.9,76774.6,76835.5,180.29125882
1789046100000,76835.5,76978.4,76736.1,76923.4,72.01551164
1789047000000,76933.5,77110,76770.6,76934.9,107.87715465
1789047900000,76935,77244.8,76920,77174.9,100.62462343
1789048800000,77172.8,77344.9,76963.1,77083,92.10581125
1789049700000,77081.1,77388.8,76956.5,77279.8,75.74042055
1789050600000,77279.4,77367.8,77240,77280.1,39.13100221
1789051500000,77280.2,77424.6,77260.4,77418.2,43.86307206
1789052400000,77418.3,77420,77250.4,77344.2,44.91572594
1789053300000,77344.2,77358.9,77101.8,77111.1,34.79228179
1789054200000,77108.7,77339.4,77088,77215.1,34.31212438
1789055100000,77215.2,77250.6,77120,77250.5,34.60981411
1789056000000,77250.6,77319.9,76906.7,76983.7,63.97053277
1789056900000,76984.9,77083.3,76883.1,76928.4,151.38025555
1789057800000,76928.4,77066.4,76803,77042.3,157.15787401
1789058700000,77042.4,77239.1,77042.4,77206.1,39.43516297
1789059600000,77206.1,77245,77126.3,77181.1,37.20434903
1789060500000,77181.1,77341.5,77130.1,77326.4,138.62085471
1789061400000,77326.4,77549.9,77313.5,77362.2,112.85724139
1789062300000,77365.5,77444.4,77321.4,77329.9,28.71674827
1789063200000,77330,77347.4,76988,77012.8,35.77634578
1789064100000,77012.7,77161.2,77000.1,77070.2,15.75828751
1789065000000,77070.1,77170.4,77049.9,77163.9,13.64968511
1789065900000,77164,77302.6,77098.3,77253.5,17.39239192
1789066800000,77253.4,77253.5,77124.8,77175.4,19.25183448
1789067700000,77175.4,77258.9,77105.3,77196.2,42.19977223
1789068600000,77198.8,77300,77111.5,77257.2,25.24617444
1789069500000,77257.3,77261.1,77082.9,77165.7,26.69155172
1789070400000,77165.8,77322.5,77110,77322.4,22.26764138
1789071300000,77322.5,77350,77255.3,77284.6,7.80639982
1789072200000,77284.2,77296.5,77228.8,77296.4,13.59411623
1789073100000,77296.5,77300.8,77220.1,77264.4,12.03623339
1789074000000,77264.5,77303.6,77216,77254.3,25.90579098
1789074900000,77254.4,77254.4,77190.8,77238.8,6.26640782
1789075800000,77238.9,77242.4,77108.4,77152.4,15.2012284
1789076700000,77152.4,77207.1,77120.4,77149,6.78578681
1789077600000,77149.1,77194.3,77080.6,77144.5,30.18247514
1789078500000,77144.4,77220,77066.7,77066.7,12.41690545
1789079400000,77066.7,77088.7,76827.3,76860.2,35.23409414
1789080300000,76860.1,76976.3,76820.6,76830,21.76609322
1789081200000,76830.1,76881.5,76489,76517.8,130.31008634
1789082100000,76517.8,76792.7,76464.7,76736.9,107.24774267
1789083000000,76737,76817.4,76710.1,76778,25.45810269
1789083900000,76777.8,76781.9,76541,76570,109.53050717
1789084800000,76574.2,76852.9,76546,76818.7,66.72203085
1789085700000,76818.6,76874.9,76770.5,76846.5,43.41902537
1789086600000,76846.5,76846.5,76688.6,76767.1,44.30651294
1789087500000,76763.9,76939.8,76746.9,76912,19.05972951
1789088400000,76912.1,77005.2,76892.9,76904.7,24.42823287
1789089300000,76905.3,76960,76800,76816.7,54.06832221
1789090200000,76816.7,76919.9,76670.9,76900,28.27724641
1789091100000,76900,76978.6,76794.1,76978.6,28.91014138
1789092000000,76978.6,77017.1,76900.1,76988,64.69687789
1789092900000,76987.8,76987.8,76770,76806.5,21.67691511
1789093800000,76806.5,76927.6,76775.1,76867.2,34.43115189
1789094700000,76867.2,76934.1,76805,76844,28.57626252
1789095600000,76844,76885.1,76707.6,76883.6,51.43847764
1789096500000,76883.7,76891.3,76760.1,76819.9,41.34359638
1789097400000,76819.7,76898.9,76707.6,76882.8,42.70321937
1789098300000,76883.3,76894.7,76765.8,76894.7,16.95823175
1789099200000,76894.7,76994,76879.4,76973.5,33.07769748
1789100100000,76978.9,77187.4,76930.3,77176.6,35.36705002
1789101000000,77176.7,77195,77088,77104.4,28.64743184
1789101900000,77099,77150.2,77096.3,77110,7.09290727
1789102800000,77110.1,77164.8,77060,77139.7,20.36856219
1789103700000,77139.8,77156,77084.4,77095.4,25.18596365
1789104600000,77095.4,77192.9,77074.2,77192.8,30.46212093
1789105500000,77192.9,77258.5,77162,77255.6,16.95180135
1789106400000,77255.6,77437.6,77230.1,77403.9,53.21515442
1789107300000,77403.5,77408,77246.1,77278.5,29.88412137
1789108200000,77278.6,77278.6,77174.1,77251.3,26.67001331
1789109100000,77251.2,77307.2,77251.2,77305,27.14361559
1789110000000,77305.3,77396,77293,77321.5,21.25600896
1789110900000,77321.5,77408.9,77301,77337.3,20.89386483
1789111800000,77337.4,77350,77258.2,77272.5,59.29277714
1789112700000,77272.5,77272.5,77205.6,77230,41.17335302
1789113600000,77230.1,77271.9,77141.7,77184.8,62.68331276
1789114500000,77184.8,77464.8,77184,77395.9,38.09762602
1789115400000,77395.9,77498.8,77359.3,77419.9,30.83732844
1789116300000,77419.9,77424.1,77331.2,77359.1,16.43040875
1789117200000,77359.1,77374.7,77262.9,77282.1,24.37750672
1789118100000,77282,77294.4,77140.8,77140.8,16.94214758
1789119000000,77140.8,77173.8,76866,76971,86.45217322
1789119900000,76971.3,77069.4,76967.4,77041.2,13.83250497
1789120800000,77040.7,77167.6,76970.4,77089.5,34.27533085
1789121700000,77089.5,77146.9,77036.7,77040.2,12.66488107
1789122600000,77040.2,77060,76963.2,77016.1,25.0947612
1789123500000,77016.1,77053.2,77000,77000.1,24.4020743
1789124400000,77000.1,77003.2,76766.8,76793.9,67.64055199
1789125300000,76793.9,76921.8,76750,76848.6,29.46680219
1789126200000,76849.9,76914.1,76785.6,76910.4,24.00499632
1789127100000,76910.4,77045.9,76893.2,77034.7,31.29785088
1789128000000,77034.8,77131.8,76908.1,76925.5,48.71497722
1789128900000,76925.4,77421,76900.8,77101.5,119.30087713
1789129800000,77100.3,77713.2,76001,77592.7,1169.58840197
1789130700000,77592.8,78159.9,77562.7,78025.1,545.18932898
1789131600000,78025,78028.5,77563.7,77732.3,121.10299595
1789132500000,77735,77840.6,77502.6,77520.6,109.64407803
1789133400000,77520.6,77948.8,77255.4,77879.8,275.60429327
1789134300000,77879.8,79331.7,77764.8,79251.4,653.29906855
1789135200000,79240,79896.3,78815.8,79060.2,595.9201848
1789136100000,79060.3,79188.8,78941.8,79045.5,171.60079387
1789137000000,79046.8,79049.9,78559.3,78652.3,160.38696814
1789137900000,78652.7,78877.3,78516.3,78796.8,96.39372594
1789138800000,78796.8,78847.6,78509.4,78511.4,89.70169164
1789139700000,78511.4,78778.9,78478.2,78717.3,72.85594094
1789140600000,78717.3,78838.7,78649.9,78655.2,54.26324699
1789141500000,78655.1,78667.9,77321.7,77727,339.97162027
1789142400000,77726.9,78066.5,77663.9,77798.2,110.41892579
1789143300000,77798.3,77844.6,77394,77673,179.43204066
1789144200000,77679,77800,77535.7,77800,74.37278014
1789145100000,77800,78000,77792.7,77913.4,109.32680313
1789146000000,77913.1,77961.9,77752.2,77753,66.36484283
1789146900000,77752.9,77906.8,77698.5,77844,27.99561673
1789147800000,77844,77878.9,77574.9,77611.4,43.5737312
1789148700000,77611.4,77636.9,77490.8,77532.2,45.975608
1789149600000,77532.2,77541.7,76880.1,77087.2,213.7893547
1789150500000,77087.1,77255.5,77060,77215,54.70727425
1789151400000,77214.6,77290.3,77104.1,77110.5,27.42709569
1789152300000,77110.5,77219,76952.1,77059.9,30.97064135
1789153200000,77060,77249.9,77000.2,77220,31.21237558
1789154100000,77215.5,77290.3,77088.1,77232.1,26.09069158
1789155000000,77232.1,77331.5,77195.6,77303.4,25.82891872
1789155900000,77303.3,77375,77248.1,77289.9,37.92879427
1789156800000,77289.8,77500,77279,77452.2,29.98840381
1789157700000,77452.1,77452.1,77368.2,77390.4,16.87781048
1789158600000,77390.3,77457.4,77272.9,77413.4,26.32245257
1789159500000,77413.3,77419,77195.2,77332.1,40.4261379
1789160400000,77332.2,77425.5,77316.2,77368.6,16.47407619
1789161300000,77369.8,77430.3,77348.1,77360.2,8.76223487
1789162200000,77359.8,77406.8,77336.2,77348.6,12.1549485
1789163100000,77348.7,77354.7,77084.8,77119,41.25204061
1789164000000,77119,77184.9,76982,77184.9,92.70587639
1789164900000,77184.9,77250,77105.4,77116.5,33.99987021
1789165800000,77115.3,77206,76995.2,77123.2,38.64497608
1789166700000,77123.1,77171.8,77000,77147.4,32.96424912
1789167600000,77147.4,77219.9,77117.4,77130.3,61.1498331
1789168500000,77130.3,77201.6,77130.2,77191.9,16.02784534
1789169400000,77192.2,77231.7,77154.1,77182.9,21.76571492
1789170300000,77182.6,77223.5,77153.6,77223.4,32.45998686
1789171200000,77223.5,77303.5,77203.2,77296.3,23.72358526
1789172100000,77299,77308.9,77270.3,77270.3,7.27058555
1789173000000,77270.3,77291.1,77242,77282.2,14.02173476
1789173900000,77282.2,77322.5,77268.6,77282,55.67029606
1789174800000,77282.1,77368.4,77251,77368.3,12.56290871
1789175700000,77368.3,77381.2,77294.1,77322.5,11.82814559
1789176600000,77322.7,77330,77260.2,77277.3,11.10225998
1789177500000,77277.3,77335.6,77265.8,77272.6,14.01297026
1789178400000,77272.6,77325.6,77270,77299.5,12.79640648
1789179300000,77299.6,77323,77281.1,77281.4,6.05724878
1789180200000,77281.5,77293.5,77219.6,77234,27.99281912
1789181100000,77234.1,77310,77219.6,77281.7,30.28138663
1789182000000,77281.2,77349.9,77250,77290.3,24.04255433
1789182900000,77283.7,77320.1,77231.7,77290.1,27.84936928
1789183800000,77292.1,77292.2,77233.7,77257.1,7.15759842
1789184700000,77257.1,77274.5,77240.8,77271.7,4.71318336
1789185600000,77271.7,77315,77271.7,77290.8,7.92992866
1789186500000,77290.8,77300.1,77221.3,77255.5,41.33160888
1789187400000,77255.6,77304.4,77240,77255,66.62049744
1789188300000,77255,77268.1,77230,77230.1,11.39795832
1789189200000,77230.1,77251.4,77171.9,77229.3,29.30071314
1789190100000,77226.1,77250.5,77191.6,77196.2,30.68658789
1789191000000,77195.4,77260.3,77195.4,77239,11.00317123
1789191900000,77238.7,77251.4,77214.5,77216.7,13.51553271
1789192800000,77216.7,77234.6,77206.9,77214.4,6.88045228
1789193700000,77214.5,77247.2,77214,77243.8,3.40692431
1789194600000,77243.8,77320,77243.8,77319.5,31.99633798
1789195500000,77319.4,77362.4,77293.1,77300.4,14.21928585
1789196400000,77300.5,77358.4,77300.4,77346.4,15.36295496
1789197300000,77346.4,77348.7,77311.8,77311.8,17.3194721
1789198200000,77311.8,77311.9,77282.4,77287,20.50034522
1789199100000,77287,77306.8,77262.7,77278.6,31.00125017
1789200000000,77280.1,77350.5,77270.6,77303.5,16.5122811
1789200900000,77303.5,77347.5,77299.5,77308.7,10.10313805
1789201800000,77308.6,77349.7,77308.6,77349.7,6.33007854
1789202700000,77349.7,77375.6,77333.5,77358.8,11.5880606
1789203600000,77358.8,77381.3,77341.5,77369.6,28.21995758
1789204500000,77369.6,77392.4,77350.7,77376.5,25.13896558
1789205400000,77378.7,77380,77329.6,77341.5,38.97263921
1789206300000,77341.5,77372,77332,77354.9,8.22773183
1789207200000,77354.8,77405,77354.8,77402.6,21.31778927
1789208100000,77402.7,77402.7,77378,77382,3.69817541
1789209000000,77381.9,77384.9,77354.2,77371.9,15.04739627
1789209900000,77371.9,77385.1,77310.9,77331.5,32.47011078
1789210800000,77331.5,77355.3,77309,77332.4,33.86311329
1789211700000,77332.5,77332.5,77278.5,77293.8,93.09470868
1789212600000,77293.9,77343.9,77278.5,77341.4,35.46518241
1789213500000,77341.3,77368.7,77341.3,77354.4,2.52890966
1789214400000,77354.4,77361.9,77319.3,77330.8,8.79045044
1789215300000,77330.8,77343.3,77311.1,77327,14.04193211
1789216200000,77327.1,77347.5,77324.5,77324.7,5.04038916
1789217100000,77324.3,77341.8,77288.2,77332.7,14.03957323
1789218000000,77332.8,77400,77300.3,77317.4,37.5730988
1789218900000,77317.4,77325.7,77250,77310.5,45.27153638
1789219800000,77310.5,77325.6,77266.7,77296.7,26.52297469
1789220700000,77296.7,77373.5,77278.7,77369.9,24.09492774
1789221600000,77370,77385.2,77364,77369.9,4.44124367
1789222500000,77369.9,77427.1,77369.9,77424.1,58.61922872
1789223400000,77424.1,77480.4,77424.1,77450.2,22.20065717
1789224300000,77450.3,77507.1,77450.3,77469.7,21.60278533
1789225200000,77469.8,77472.3,77408.9,77433,34.55532158
1789226100000,77433,77492.5,77426.8,77459,12.71993662
1789227000000,77459.1,77461,77370,77405.4,19.12373273
1789227900000,77405.5,77444.5,77377.6,77385.2,30.02300893
1789228800000,77385.3,77423.3,77340.8,77365.2,19.42673332
1789229700000,77365.3,77387.1,77365.3,77387,4.03554466
1789230600000,77387.1,77394.9,77357.7,77363.5,4.40268867
1789231500000,77363.3,77379.2,77348.6,77361.9,13.91605105
1789232400000,77362,77405.2,77350.1,77366.6,15.97235954
1789233300000,77366.5,77366.6,77272.7,77296.9,29.32576179
1789234200000,77296.8,77296.8,77220,77240.7,13.38436423
1789235100000,77240.7,77240.7,77184.5,77214.2,12.97907294
1789236000000,77214.3,77234.3,77176.5,77176.5,12.1195375
1789236900000,77176.6,77213.3,77130.5,77202.7,16.51746543
1789237800000,77203.4,77205.6,77130,77195.5,18.77923868
1789238700000,77195.6,77195.6,77142.1,77144.6,5.17985346
1789239600000,77144.7,77189,77134,77180.8,14.10119355
1789240500000,77180.9,77191.6,77130.3,77134.1,15.63689898
1789241400000,77134,77156.1,77064.9,77082.8,18.52962525
1789242300000,77082.8,77161.5,77080.3,77119.3,8.59575268
1789243200000,77125.9,77191.6,77119.3,77188.3,8.76721697
1789244100000,77188.4,77205.6,77157.5,77195.2,5.44313213
1789245000000,77195.2,77212.1,77158.7,77187.9,9.35641881
1789245900000,77187.1,77219,77161,77171.2,10.86086455
1789246800000,77169,77245.9,77153,77172.2,26.87966209
1789247700000,77172.2,77211.3,77168.8,77211.3,7.34933579
1789248600000,77211.3,77276.6,77211.3,77242,6.52243948
1789249500000,77238.8,77276.7,77210,77254,8.24876388
1789250400000,77254,77294.5,77200,77258.5,15.39893403
1789251300000,77255.7,77308.1,77194.4,77199.3,16.55966171
1789252200000,77196.6,77251.6,77186.7,77196.2,8.14417396
1789253100000,77196.2,77249.9,77193.3,77233.2,5.69167677
1789254000000,77233.3,77277.6,77232.7,77272.7,4.98565829
1789254900000,77272.8,77282.7,77240.6,77255.4,5.21821561
1789255800000,77255.4,77272.9,77229.4,77249.8,4.98709198
1789256700000,77249.8,77299.9,77249.7,77281,3.21922227
1789257600000,77281,77314.3,77265.8,77269.5,6.27812861
1789258500000,77269.6,77294,77269.5,77270.2,32.82652578
1789259400000,77270.2,77270.5,77152.3,77216.5,34.22337071
1789260300000,77216.6,77282.7,77216.5,77273,4.67418229
1789261200000,77273.1,77294.5,77250.1,77280.4,28.82605893
1789262100000,77280.4,77344.1,77253.9,77254,63.43154992
1789263000000,77254,77302.3,77242.7,77300.6,10.3231503
1789263900000,77300.5,77323.7,77283.3,77319.3,7.61979937
1789264800000,77319.3,77319.3,77271,77280.6,4.70586594
1789265700000,77284.5,77292.7,77250,77262.6,9.21946762
1789266600000,77262.5,77307.3,77240,77302.4,22.48378883
1789267500000,77302.5,77315,77278.5,77289,7.93752289
1789268400000,77289.1,77315.8,77269.1,77281.1,9.85512342
1789269300000,77281.1,77282.6,77250.2,77258.2,28.2101311
1789270200000,77258.2,77258.2,77203.8,77225,31.74065464
1789271100000,77225,77235.6,77188.9,77196.3,25.41258592
1789272000000,77196.3,77263.6,77196.3,77216.4,11.79281641
1789272900000,77216.4,77259.4,77216.3,77232.7,4.92472089
1789273800000,77232.8,77238,77215.2,77221.1,4.11547961
1789274700000,77221.1,77230.4,77200,77215.4,7.30156955
1789275600000,77215.4,77247.6,77215.3,77241.2,4.69669406
1789276500000,77241.3,77284.9,77241.2,77284.8,8.09346099
1789277400000,77284.9,77300,77284.9,77300,11.19164434
1789278300000,77300,77325.4,77299.9,77314.9,16.23790323
1789279200000,77311,77317.5,77300.3,77306.4,6.93867956
1789280100000,77306.4,77306.5,77285,77295.1,8.49408118
1789281000000,77291.5,77304.3,77269.9,77299.3,6.74444263
1789281900000,77299.3,77299.3,77063.1,77120.1,78.55116541
1789282800000,77122.6,77173.1,77100,77173,15.72824501
1789283700000,77173,77183.7,77126,77149.1,19.96776438
1789284600000,77149.1,77176.7,77102,77170.7,71.34005336
1789285500000,77170.7,77184.5,77103.9,77129.2,97.49999025
1789286400000,77129.2,77203.6,77035.6,77066.6,53.75647272
1789287300000,77066.6,77066.6,77000,77023.2,69.35461205
1789288200000,77023.2,77023.2,76750,76828.3,83.23211073
1789289100000,76828.3,76883.2,76757.4,76812.5,37.43849149
1789290000000,76812.5,76900.3,76783.3,76821.2,12.43194723
1789290900000,76821.2,76825,76600,76650.1,50.05724022
1789291800000,76650.1,76777.9,76562.7,76720.1,50.35522928
1789292700000,76720.1,76837.7,76720.1,76798.8,18.2675078
1789293600000,76798.9,76813.9,76752,76793.2,22.08264822
1789294500000,76793.2,76804.9,76743.6,76758,10.90859593
1789295400000,76758,76810,76696.6,76696.7,22.35796422
1789296300000,76696.6,76751.1,76635.1,76679.8,106.05874299
1789297200000,76679.9,76721.7,76500,76530.5,55.12296652
1789298100000,76530.5,76668.3,76530.5,76661.7,13.83768134
1789299000000,76661.6,76795.9,76654.1,76782.6,9.43965895
1789299900000,76782.7,76803.6,76755,76789.5,7.05049798
1789300800000,76789.6,76806.7,76756.8,76799,10.01922062
1789301700000,76799.1,76860.2,76799,76840.1,38.09475198
1789302600000,76840.2,76873.8,76720.6,76739.2,26.96726349
1789303500000,76739.3,76781.6,76690.4,76765.2,12.57400122
1789304400000,76765.3,76768.7,76683.3,76768.7,37.53583132
1789305300000,76768.7,76784.1,76559.4,76584.2,20.08746899
1789306200000,76584.8,76777.8,76580.7,76770.2,9.72836301
1789307100000,76770.2,76932.7,76770.2,76854.9,47.68929428
1789308000000,76855,77020.3,76850.1,77010.5,15.80406346
1789308900000,77011.3,77125.7,77011.3,77105.4,31.27449273
1789309800000,77105.3,77254.1,77085.3,77183.3,34.32484583
1789310700000,77184.4,77249.7,77160.5,77208,27.4963702
1789311600000,77208.1,77208.1,77099.9,77121.8,25.87669299
1789312500000,77119.5,77207.8,77015.8,77047.7,32.55190055
1789313400000,77047.7,77183.1,77047.7,77162.2,17.51214307
1789314300000,77162.3,77162.3,77115.9,77132.3,10.33912614
1789315200000,77132.4,77270.8,77132.3,77208.4,23.49909759
1789316100000,77208.4,77299.9,77188.9,77248.2,25.83828041
1789317000000,77248.2,77373,77231.4,77320,40.57536543
1789317900000,77320,77340.1,77250.1,77284.5,13.72743871
1789318800000,77284.5,77418.8,77284.5,77377.9,30.82209999
1789319700000,77377.9,77399.3,77301.9,77301.9,7.40670984
1789320600000,77302,77302,77246.1,77274,9.59256084
1789321500000,77274.1,77366.1,77274.1,77327.3,6.94783229
1789322400000,77325.1,77374.7,77305.3,77364,6.13767151
1789323300000,77364,77384.7,77329.1,77329.1,4.98873072
1789324200000,77329.1,77380.7,77313.7,77376.7,7.38608708
1789325100000,77376.8,77381.8,77339.3,77344,1.21544109
1789326000000,77344,77416,77284.6,77284.7,8.76351015
1789326900000,77284.6,77284.7,77224.6,77275.2,3.91886391
1789327800000,77275.1,77275.1,77223,77245.5,4.47527862
1789328700000,77245.4,77280.9,77230.7,77279.9,3.35937651
1789329600000,77280,77299.2,77258.4,77299.2,5.03241588
1789330500000,77299.2,77330.4,77289.4,77319.6,4.10082661
1789331400000,77319.7,77371.8,77300.7,77330.7,2.76933921
1789332300000,77330.8,77375.4,77329.3,77348.5,7.50975911
1789333200000,77349.4,77371.4,77304.7,77357.6,9.74007049
1789334100000,77357.6,77452.1,77357.5,77411.4,13.08776393
1789335000000,77408.4,77411,77342,77379.5,9.54162219
1789335900000,77385.9,77386.1,77303.7,77310.8,8.07834277
1789336800000,77310.8,77314.3,76829.7,76928.8,89.54407966
1789337700000,76929.2,76932.5,76720.1,76842.9,41.99964407
1789338600000,76843,76889.6,76724.3,76740.6,25.16099101
1789339500000,76740.6,76819.5,76666.6,76721.8,34.43954603
1789340400000,76719.8,76787.6,76668.8,76726,42.5872601
1789341300000,76726.1,76765.2,76630.9,76738.2,22.51965328
1789342200000,76738.1,76870.3,76729.5,76825.8,42.95826088
1789343100000,76824.4,76870.3,76782.1,76836,26.22156499
1789344000000,76832.3,77085.8,76824,76902,32.50155138
1789344900000,76902,76936.6,76394.9,76474.4,143.73998656
1789345800000,76478.6,76816.9,76457.1,76815.8,72.09196896
1789346700000,76815.9,76882,76762.5,76805,129.23305964
1789347600000,76805.6,76882,76700.1,76747.7,212.00684269
1789348500000,76747.6,76902.2,76650.8,76851.2,27.43812903
1789349400000,76850.1,76959,76642.5,76821,50.91788417
1789350300000,76820.7,77161.2,76774.5,77107.7,57.34090987
1789351200000,77107.7,77397.2,77016.6,77376.7,97.69056092
1789352100000,77379.6,77666.6,77250,77533.5,216.06238569
1789353000000,77537,77674.6,77434.7,77481.9,64.49829346
1789353900000,77481.9,77726.5,77481.9,77598.3,70.12473551
1789354800000,77598.4,77845.7,77584.9,77795.2,63.69260379
1789355700000,77795.3,77864.3,77738.9,77810.4,65.68883449
1789356600000,77810.5,77810.5,77524.8,77532.4,79.94159174
1789357500000,77539.8,77596.7,77499.9,77593.4,18.03735235
1789358400000,77593.4,77630.1,77528.5,77581,24.15043472
1789359300000,77578.1,77694.2,77536.9,77630.6,43.80887048
1789360200000,77630.6,77676.2,77536,77634.4,65.6783717
1789361100000,77634.4,77698,77575,77674.1,30.76467839
1789362000000,77676.2,77692.7,77555.9,77637.5,17.96451419
1789362900000,77637.5,77644.5,77508.7,77518.5,22.26258988
1789363800000,77518.7,77616.2,77508.6,77556.6,15.87995369
1789364700000,77556.6,77609,77488.8,77608.9,38.18506833
1789365600000,77609,77893.8,77590.2,77786.1,123.5253915
1789366500000,77782.4,77783.2,77570.8,77570.8,48.49960767
1789367400000,77570.8,77772.3,77378,77736.6,89.90917804
1789368300000,77736.6,77764.8,77590.7,77590.7,26.30920437
1789369200000,77590.8,77740.3,77518.6,77661.5,31.12188364
1789370100000,77661.5,77745.7,77642.5,77710.3,14.42605658
1789371000000,77710.2,77870.8,77677.6,77856.8,57.0653451
1789371900000,77856.7,77885,77784,77885,41.58765065
1789372800000,77885.4,77891.9,77709.5,77780.7,72.44965092
1789373700000,77771,77999.9,77696,77754.7,69.99292372
1789374600000,77754.7,77811,77707.1,77757.1,27.86435584
1789375500000,77757.1,77775.2,77656.5,77739.3,51.93571591
1789376400000,77739.3,77837.1,77702.4,77711.6,36.2687139
1789377300000,77715.3,77782.3,77599,77782.2,43.5153151
1789378200000,77782.2,77928.5,77782.2,77884.8,38.24856784
1789379100000,77884.9,78372.9,77884.9,78147.5,179.53602528
1789380000000,78147.6,78170.8,78010.9,78038,54.73857852
1789380900000,78038.1,78069.5,77938.3,77977.9,64.28533253
1789381800000,77977.8,78007.8,77921.1,77950.1,32.58699571
1789382700000,77950,78024.6,77900,77901.7,21.62937955
1789383600000,77900.1,77929.9,77715.6,77760.5,63.56726267
1789384500000,77760.5,77919.7,77747.5,77907.2,9.48223694
1789385400000,77907.2,77927.8,77700.9,77833.8,68.23268056
1789386300000,77833.8,77840,77698.1,77788.2,22.41384895
1789387200000,77788.2,77861,77716,77840.2,27.39135182
1789388100000,77840.3,77999.9,77839.6,77999.8,45.67554554
1789389000000,77999.8,78083.6,77759.5,77909.6,77.1827885
1789389900000,77908.2,77941,77605.6,77701.7,67.23987424
1789390800000,77701.7,77738.8,77480.4,77717.4,73.35335379
1789391700000,77722,77861.5,77708,77861.5,60.75155
1789392600000,77861.6,78264.6,77836.9,78147.9,227.73446017
1789393500000,78152.9,78497.6,78049.4,78175.7,156.14234176
1789394400000,78175.8,78538.1,78163.9,78507.5,158.43122725
1789395300000,78507.6,78650,78207.3,78401.1,108.4478858
1789396200000,78405.6,78703.8,78338.1,78428.9,117.64249832
1789397100000,78436.9,78625.6,78389.6,78522.4,115.503399
1789398000000,78522.3,78590,78305.8,78494.7,89.34567836
1789398900000,78494.6,78605.9,78400,78408.7,60.10453541
1789399800000,78408.7,78605.9,78339.4,78559.1,68.01393863
1789400700000,78559,78685.2,78358.5,78575.7,52.10339373
1789401600000,78575.7,78603.8,78424.7,78440.1,24.22140232
1789402500000,78441.8,78888,78441.8,78671,102.43620719
1789403400000,78669.8,78758.9,78615.1,78645.5,46.37541974
1789404300000,78645.6,78913.9,78645.5,78766.3,67.59344907
1789405200000,78766.4,78894.2,78735.2,78829.2,62.93925941
1789406100000,78829.1,78993.9,78786.4,78893.4,77.05352497
1789407000000,78893.4,78915.1,78715.8,78850.1,45.2115014
1789407900000,78850.2,79053.2,78827.4,78945.5,66.24933748
1789408800000,78945.7,79006.5,78851,78851,44.70676081
1789409700000,78851,79256.7,78844.2,79144.5,117.67732762
1789410600000,79145.3,79245,78992.5,79182.5,81.07287752
1789411500000,79182.5,79328.9,79174,79222.1,58.91226835
1789412400000,79222.1,79222.1,79013.7,79075,40.12559845
1789413300000,79075.1,79250,79075.1,79145,69.01564312
1789414200000,79145,79195.6,78960,79136.8,55.68409983
1789415100000,79136.8,79156.8,78980.4,78996.7,38.59647386
1789416000000,78996.8,79232.1,78982.7,79184.1,29.73407689
1789416900000,79183.1,79600,79183.1,79444.9,115.94605085
1789417800000,79445.3,79499.8,79337.9,79337.9,39.83252987
1789418700000,79338,79389.9,79090,79101.8,24.70116135
1789419600000,79101.8,79124.6,78760,78887.8,115.96598932
1789420500000,78887.8,78990,78811.9,78909.3,44.73779597
1789421400000,78914.4,78963.2,78787.3,78820.7,30.23417691
1789422300000,78820.6,78835.3,78745.1,78767.9,14.61638725
1789423200000,78767.9,78866.9,78716.7,78833.6,32.57160351
1789424100000,78832.3,78840.1,78503.3,78587.5,50.88298942
1789425000000,78587.4,78684.1,78504.1,78664.3,147.55673776
1789425900000,78664.2,78665,78557.5,78557.6,24.92501131
1789426800000,78557.6,78578.6,78355,78430.1,52.05873286
1789427700000,78430.1,78474.2,78366.3,78396.9,28.47590216
1789428600000,78396.4,78396.4,78264.8,78325.5,17.08019634
1789429500000,78320.7,78323.8,78140.8,78195.7,134.97241755
1789430400000,78195.7,78262.5,78131.2,78131.2,29.6486068
1789431300000,78131.3,78141.8,78001,78025.5,41.3564801
1789432200000,78025.5,78100,77943,77968.9,46.13621681
1789433100000,77968.9,78026.5,77949,77951.1,51.63255292
1789434000000,77951.1,77961.9,77755,77826.3,158.01710213
1789434900000,77826.2,78038.4,77801.7,77867.4,174.76952676
1789435800000,77867.4,78013.7,77849.9,78013.6,28.0745737
1789436700000,78013.6,78085.6,77915.9,77915.9,66.51466361
1789437600000,77915.9,78022.8,77883.3,77995,40.28836837
1789438500000,77995.4,78029.2,77916.6,77960.3,21.20618035
1789439400000,77960.4,77968.2,77850.4,77876.6,32.35060123
1789440300000,77876.6,77937.7,77800,77912.3,154.53544214
1789441200000,77912.3,77912.3,77700,77726.5,125.23810461
1789442100000,77728,77850,77711.1,77844.6,17.45472101
1789443000000,77844.7,77867.5,77777.4,77804.7,23.59648336
1789443900000,77804.8,77820.7,77655.9,77686.3,30.72011257
1789444800000,77686.3,77749.1,77640.6,77651.9,40.8626958
1789445700000,77654.8,77703.9,77568.7,77630.4,33.91373165
1789446600000,77630.4,77672.6,77544.1,77642.5,33.89549575
1789447500000,77642.5,77645.1,77570,77570.1,20.2042752
1789448400000,77570.1,77654.9,77307.6,77420.7,89.64939473
1789449300000,77422.7,77477.5,77318.6,77465.4,36.98025987
1789450200000,77465.4,77510.9,77380.6,77463.3,37.8352651
1789451100000,77463.3,77677.9,77458.4,77630.4,65.3790665
1789452000000,77630.4,77729.3,77580,77580,39.2856319
1789452900000,77580,77606.4,77400,77407.2,26.64822438
1789453800000,77407.2,77459,77400,77445.4,34.78305781
1789454700000,77445.4,77450,77189.6,77282.6,86.72997578
1789455600000,77282.5,77311.9,77166.6,77211.8,38.60777277
1789456500000,77211.7,77306.3,77190,77279.4,45.09907665
1789457400000,77279.4,77282,77019.9,77032.9,123.71630825
1789458300000,77032.9,77098,76880,76931.6,109.7720188
1789459200000,76928.6,76945.1,76704,76812.9,110.61410916
1789460100000,76810.3,76894.4,76704.1,76859.9,155.89632701
1789461000000,76861.1,76902,76829.1,76840.4,110.25937886
1789461900000,76840.3,77000,76840.3,76997,41.15619639
1789462800000,76997,76997,76896.6,76934,50.17980516
1789463700000,76934,76986.6,76862.4,76916.5,36.2494896
1789464600000,76916.4,76990.8,76897.2,76989.4,31.95578434
1789465500000,76989,77060.2,76961.5,76980.6,54.76313568
1789466400000,76980.7,77050,76896.2,77007.9,37.78536102
1789467300000,77007.9,77041,76883.6,76883.6,33.56081627
1789468200000,76883.5,77050,76870,77050,36.68568512
1789469100000,77049.9,77172,77001.1,77050.1,64.67885455
1789470000000,77052.4,77215.6,77008.2,77043.9,58.31252172
1789470900000,77044.6,77115.4,76966.6,76990.7,34.82019827
1789471800000,76990.7,76994.5,76843.7,76924,65.94924011
1789472700000,76925.9,76956.3,76816.3,76923.6,98.82248613
1789473600000,76923.7,76966,76855.4,76923.8,93.93459536
1789474500000,76923.8,76983.2,76892.5,76940.6,35.7722594
1789475400000,76940.6,76972.9,76853,76946,30.10047054
1789476300000,76946.1,77129.9,76873.1,76948.3,84.89236223
1789477200000,76943.9,77120,76940.4,76989.5,56.48824957
1789478100000,76989.6,77007,76902.1,76944,27.94427884
1789479000000,76943.9,76949,76125.3,76433.8,377.36634014
1789479900000,76433.9,76620.6,76158,76620.6,165.64078426
1789480800000,76620.6,76694.4,76326.8,76406.9,116.13900121
1789481700000,76407,76508.3,76305.1,76343.8,104.2038151
1789482600000,76343.8,76343.8,75696.3,75909.9,532.71729414
1789483500000,75908.9,76000,75603,75938.8,294.3290537
1789484400000,75938.8,76106.8,75827,76023.4,155.5763989
1789485300000,76023.2,76515.4,75918,76344.8,168.99233656
1789486200000,76349.7,76461.3,76269.2,76430.3,65.15723725
1789487100000,76430.4,76600,76418.2,76505.7,153.73033314
1789488000000,76505.8,76580.3,76265.1,76282.5,90.63572842
1789488900000,76282.5,76503.6,76282.4,76473.4,68.31195525
1789489800000,76473.3,76490.5,76296.7,76373.6,52.77754098
1789490700000,76373.7,76503.5,76355.2,76383.9,64.80731856
1789491600000,76383.9,76420,76192.6,76265.6,88.42501861
1789492500000,76265.7,76545.1,76235.5,76522,49.76695973
1789493400000,76522,77348.9,76522,76771.2,266.08043275
1789494300000,76771.4,77085.9,76771.4,76959.8,79.99108367
1789495200000,76959.7,76980.1,76825.7,76866.9,73.66840223
1789496100000,76866.9,77207,76490.5,76913.2,185.0056936
1789497000000,76909.3,76961,75703.4,75766,610.21927358
1789497900000,75765.7,76194.9,74955.5,75999.9,856.17026719
1789498800000,75990.7,76266.1,75809.6,75977.8,159.99407789
1789499700000,75980.6,76303.5,75875,75924.2,148.67546578
1789500600000,75913.4,76074.3,75875,75893.4,99.31741561
1789501500000,75896.1,76188.8,75864.9,76183.9,83.85828094
1789502400000,76183.8,76245.9,75926.2,76041.2,66.02225608
1789503300000,76041.2,76041.2,75726,75740,34.53704635
1789504200000,75735.7,75865,75612.8,75865,82.36560701
1789505100000,75865.1,76004.2,75865.1,75934.8,44.98660621
1789506000000,75934.9,75973.6,75723.9,75864.4,50.89412896
1789506900000,75864.3,75906.1,75658.3,75687.9,38.6793066
1789507800000,75685.5,75759.7,75555.5,75746.2,43.1384678
1789508700000,75746.1,75759.7,75384.7,75448.9,82.44305183
1789509600000,75449,75593.5,75328.3,75378.9,87.5046161
1789510500000,75375.7,75555.4,75130,75487,69.01430517
1789511400000,75487,75663.9,75478.6,75613.8,50.43503904
1789512300000,75613.7,75746,75592.7,75667.9,30.15526814
1789513200000,75667.8,75905.3,75654.1,75899.7,71.45829189
1789514100000,75893,75942.7,75732.4,75732.4,42.41252653
1789515000000,75732.3,75747,75563.4,75680.2,42.46842114
1789515900000,75680.3,75726.3,75620.4,75641,25.96158529
1789516800000,75640.2,75792.4,75570.8,75703.5,55.98769745
1789517700000,75704.1,75846.6,75677.5,75845,26.44732848
1789518600000,75845,75916.3,75768.8,75806.2,44.00528581
1789519500000,75806.2,75880,75726.5,75772.1,30.5627791
1789520400000,75772.1,75868.2,75687.5,75781.5,28.91061137
1789521300000,75781.4,75972.7,75723,75868.6,68.43841927
1789522200000,75868.5,75868.5,75550,75663.5,95.14132973
1789523100000,75663.4,75715.9,75460.5,75500.1,34.41984422
1789524000000,75500.1,75678.4,75479.7,75660,37.23117032
1789524900000,75660,75948.6,75649.5,75946.8,54.4051183
1789525800000,75948.2,76114.6,75926.9,75965.7,49.02015411
1789526700000,75965.8,76006.6,75809,75886.7,29.55728597
1789527600000,75886.8,75991.3,75820,75955.8,34.62174545
1789528500000,75955.7,76080.2,75858.3,75858.4,26.70555899
1789529400000,75858.3,75917.8,75782.6,75787.9,23.76713415
1789530300000,75796,75841.3,75767.7,75818.5,13.56712296
1789531200000,75818.2,75929.3,75816.7,75893.5,22.13572095
1789532100000,75889.4,75990,75839.2,75876.3,33.49466841
1789533000000,75877.2,76025.6,75850.1,75937.5,38.8650737
1789533900000,75937.6,75985.1,75809.3,75863.2,26.89955668
1789534800000,75863.2,75882.5,75678.5,75800,52.17397976
1789535700000,75800,75923,75799.9,75881.1,28.06912419
1789536600000,75881.1,75977.4,75830.9,75960.4,19.26934379
1789537500000,75964.7,75967.8,75884.3,75966.9,27.4880184
1789538400000,75966.9,76030.3,75959.6,75995.7,60.23080989
1789539300000,75994,76022.5,75888.8,75926.7,14.74873561
1789540200000,75926.7,75952.1,75825.4,75934.7,22.01442358
1789541100000,75934.6,76039.8,75927.8,76035,24.81070013
1789542000000,76035,76101.6,75818.5,75885.1,79.14501556
1789542900000,75885.1,75933.5,75809.5,75822.7,39.45869886
1789543800000,75822.7,75921.1,75780,75828.7,135.54220888
1789544700000,75828.7,75904.8,75741.7,75775.1,126.13915571
1789545600000,75775.1,75775.1,75462.5,75528.3,93.49841981
1789546500000,75528.3,75638.9,75355.4,75437.4,93.31092917
1789547400000,75437.5,75576.9,75423.7,75557,22.93740086
1789548300000,75556.9,75740.6,75543.8,75740.6,21.93995427
1789549200000,75740.7,75949.9,75730.9,75792,55.34939178
1789550100000,75791.9,75881.8,75759.7,75828.7,27.43991849
1789551000000,75829.5,75949.2,75829.5,75921.4,19.38350655
1789551900000,75924.9,75995.3,75883.3,75994.6,21.72204004
1789552800000,75991.6,76040,75920.7,75941.6,45.57101376
1789553700000,75945.4,76020,75908.1,75971,26.3356018
1789554600000,75971,75999.9,75939.7,75989.1,17.54344583
1789555500000,75989.1,75994.2,75896.2,75984.2,17.55470512
1789556400000,75984.3,76052.1,75902.8,75913.1,47.62515953
1789557300000,75913,75998.2,75865.4,75967.2,27.12418356
1789558200000,75967.2,76281.5,75949.4,76235.3,82.9530618
1789559100000,76235.2,76300.9,76152.5,76249.9,50.25448663
1789560000000,76249.8,76298,76107.4,76115,42.60918435
1789560900000,76114.9,76161.5,75916.5,75945,22.99263844
1789561800000,75946.2,76022.2,75792.7,75953,41.67610187
1789562700000,75953.1,76049.9,75906.3,75970.7,26.20303479
1789563600000,75970.7,75970.7,75667.4,75796.6,47.8336074
1789564500000,75793,75880.5,75716.6,75771.1,53.85812102
1789565400000,75771.1,75808.5,75586.1,75774.3,89.19245028
1789566300000,75774.3,75942.6,75616.7,75650.1,127.35658366
1789567200000,75654.4,75671.4,75432.6,75575.9,89.61238991
1789568100000,75575.9,75830.9,75542.9,75830.9,70.36074493
1789569000000,75830.8,75830.9,75621.8,75754.7,52.591681
1789569900000,75754.7,75763.3,75473.5,75707.6,106.36575133
1789570800000,75704,75800,75556.1,75759.2,84.10529475
1789571700000,75756.7,75800,75629.9,75638.3,52.30409716
1789572600000,75638.3,75793.8,75558.1,75730.5,47.18220422
1789573500000,75725.4,75950,75714.3,75789.4,86.72993969
1789574400000,75790.5,75868.3,75650,75843.4,56.07744383
1789575300000,75843.4,75882.2,75741.6,75793.6,31.64689758
1789576200000,75790.9,75849,75678.5,75685,21.27477431
1789577100000,75684.9,75831.9,75673.7,75765.1,23.88599526
1789578000000,75765.1,75797.8,75660.6,75718,39.66438375
1789578900000,75718,75818.4,75636.2,75713.1,37.07171277
1789579800000,75713.1,75743.9,75387.9,75460.5,93.22698364
1789580700000,75460.6,75920,75354.4,75779,97.42234359
1789581600000,75779,76558.7,75288.1,75801.3,715.14142262
1789582500000,75801.3,76099.9,75647,76017.4,238.27667377
1789583400000,76017.4,76328.8,75055,75979.8,416.24317997
1789584300000,75979.7,76099.3,75486.9,75637.5,144.05494667
1789585200000,75638.9,76187.2,75637.4,75944.8,129.75377413
1789586100000,75944.8,76019.4,75259,75551.1,133.00765235
1789587000000,75548.4,75996.8,75426.3,75972.2,68.53650366
1789587900000,75972.1,76144.2,75957.9,76069.6,73.42841038
1789588800000,76066.7,76414.5,76021.7,76213.9,171.01919926
1789589700000,76213.9,76373.1,76111.7,76210.6,45.31248765
1789590600000,76212.2,76257.1,76031.7,76125.6,41.40662588
1789591500000,76125.6,76199.9,76058.7,76180,38.4796408
1789592400000,76176.4,76219.5,76082.5,76116.6,23.23753315
1789593300000,76116.5,76151.2,76034.3,76066.3,22.63980936
1789594200000,76066.4,76095,75914.9,75963.6,20.54945507
1789595100000,75963.6,76027.2,75930.2,75965.6,14.2509305
1789596000000,75965.6,75989.6,75666.6,75885.4,78.47323779
1789596900000,75885.5,75935.8,75678.5,75752.3,23.84691173
1789597800000,75752.3,75817.2,75661.2,75813,15.25126672
1789598700000,75813,75825.4,75642.2,75684.4,15.94843424
1789599600000,75684.4,75850,75640.1,75847.6,14.6874862
1789600500000,75847.6,76138.8,75847.6,76082.3,39.8532491
1789601400000,76082.3,76222.8,76064.6,76210.2,74.66537614
1789602300000,76212.7,76271.4,76150.1,76201.2,35.19311589
1789603200000,76201.2,76442.4,76180,76330,187.20242061
1789604100000,76328.9,76487.7,76310.2,76399.2,66.50954225
1789605000000,76402,76499,76363,76424.9,40.88841585
1789605900000,76423.3,76459.9,76334.5,76338.7,23.89703021
1789606800000,76338.8,76369.7,76220,76304.9,32.55157529
1789607700000,76306.6,76658.2,76220,76623.6,163.67597771
1789608600000,76622.7,76775,76504.6,76603.7,123.78159579
1789609500000,76603.8,76603.8,76335.2,76368.7,56.12966623
1789610400000,76368.7,76394.9,76114.2,76218.9,56.10839167
1789611300000,76219,76220.7,76050.4,76182,50.40288503
1789612200000,76181.9,76449.5,76145.5,76424,55.15056283
1789613100000,76421.8,76486,76331,76375.3,28.25503842
1789614000000,76375.3,76504.9,76367.9,76444.4,43.81697449
1789614900000,76444.5,76525.3,76407.9,76494.3,9.37471846
1789615800000,76495,76531.9,76439.5,76485.7,17.66909789
1789616700000,76486.4,76505.3,76413.7,76440.7,26.24612367
1789617600000,76440.7,76440.7,76300,76319.9,27.91193085
1789618500000,76319.9,76332.3,76181.1,76201.2,44.93162945
1789619400000,76200.1,76394.1,76183.3,76366.2,25.52185432
1789620300000,76365.7,76588,76334.6,76540.9,43.39138128
1789621200000,76541,76633.2,76453.3,76473.9,19.27445828
1789622100000,76473.9,76561.5,76419.9,76494,24.34221818
1789623000000,76494.1,76494.1,76342.8,76352,20.1741606
1789623900000,76350.5,76438.2,76319,76336.3,23.87197478
1789624800000,76329.5,76483.6,76309,76466.7,19.11383091
1789625700000,76466.7,76466.7,76335.9,76449.9,24.03366238
1789626600000,76450,76584.8,76450,76565.2,21.55814804
1789627500000,76565.1,76600,76466.3,76481.4,16.19849829
1789628400000,76481.4,76680.7,76470.2,76540,66.59081346
1789629300000,76539.3,76650.4,76511.9,76528.4,67.79198513
1789630200000,76528.4,76551,76484.8,76510.8,47.8507549
1789631100000,76510.8,76542.9,76417.1,76458,72.79322336
1789632000000,76461.3,76530.3,76413.7,76416.4,20.80670037
1789632900000,76417.7,76537.9,76386.1,76456.2,36.39804937
1789633800000,76452.7,76549.1,76409.7,76498.1,43.02975331
1789634700000,76498.1,76595.2,76475.4,76575.1,25.54387546
1789635600000,76575.1,76721.1,76575,76690.8,55.81430703
1789636500000,76689.8,76746.4,76641.6,76680.7,35.41184486
1789637400000,76681.3,76770,76593,76593.1,32.23614051
1789638300000,76593,76650,76472.8,76472.8,55.69671263
1789639200000,76472.9,76479,76319.7,76389.7,54.29942859
1789640100000,76389.7,76400,76314.1,76346.5,29.66383517
1789641000000,76346.6,76418.6,76316,76316.7,28.84797085
1789641900000,76316.7,76405.5,76266.2,76405.3,34.63835256
1789642800000,76405.5,76453.8,76342.4,76441.5,24.34969534
1789643700000,76441.5,76459.2,76344.8,76398.8,20.37433046
1789644600000,76398.7,76398.7,76171.4,76190.7,45.5358956
1789645500000,76193.6,76490.3,76193.6,76483.4,61.92318665
1789646400000,76483.4,76818,76402.1,76817,113.80153949
1789647300000,76818.1,77000,76808,76999.2,151.76820769
1789648200000,76999.2,77167.3,76860,76869,175.43272432
1789649100000,76866.2,76899.9,76723.4,76731.1,68.66005271
1789650000000,76731.1,76887.9,76636.3,76659.2,57.66997131
1789650900000,76658.7,76746.1,76468.4,76478,64.50307163
1789651800000,76478.1,76585,76011,76154.9,291.77570192
1789652700000,76154.9,76691.7,76045.6,76691.7,131.58838772
1789653600000,76691.7,76980.6,76388.7,76957.3,166.09627991
1789654500000,76957.2,77086.9,76701.2,76946.6,136.51289578
1789655400000,76946.6,77021.5,76606,76614.6,86.4550641
1789656300000,76614.6,76734.8,76500.7,76500.8,51.1457399
1789657200000,76500.8,76509.5,76266.7,76353.1,89.10563917
1789658100000,76347.6,76464.1,76288.9,76464.1,59.5220106
1789659000000,76464.2,76865.3,76450.9,76756.9,59.95250714
1789659900000,76754.8,76820,76602.4,76780.1,64.30072298
1789660800000,76780,76819.3,76673.9,76731.5,40.3896114
1789661700000,76731.6,76803.4,76672,76710,52.31454834
1789662600000,76706.9,76721.9,76533.8,76709.1,74.96639072
1789663500000,76709.1,76759.2,76588.9,76757.5,45.95929565
1789664400000,76759.2,76921.8,76727,76815.9,59.40955279
1789665300000,76813,76952.3,76766.3,76922.2,92.52432308
1789666200000,76922.2,76972.6,76708.6,76708.6,63.3858904
1789667100000,76708.3,76708.3,76573.3,76668.3,35.26729339
1789668000000,76668.4,76727,76646.5,76720.3,11.84300114
1789668900000,76720.3,76788.9,76720.3,76744.2,10.92380959
1789669800000,76745.8,76777.6,76471.1,76618.5,106.81733411
1789670700000,76618.5,76692.6,76572.9,76572.9,23.51275728
1789671600000,76572.9,76628.3,76557.1,76557.1,9.5818478
1789672500000,76557.1,76628.3,76500.1,76591.2,13.60764907
1789673400000,76589.5,76628.2,76534.4,76604.1,20.18935108
1789674300000,76603.1,76680.6,76500,76590,46.33200231
1789675200000,76590,76655.2,76536,76630.3,9.65501968
1789676100000,76630.2,76734.8,76589.9,76711.1,12.68123941
1789677000000,76711.2,76711.2,76507.2,76530.8,12.4741063
1789677900000,76530.9,76562.8,76498.2,76562.8,11.37545037
1789678800000,76562.9,76616.6,76496.7,76508.5,22.50417758
1789679700000,76508.5,76574.2,76504.7,76555,6.83214943
1789680600000,76555,76585.9,76522.4,76522.4,12.85705915
1789681500000,76522.5,76522.5,76400,76410.7,17.29896088
1789682400000,76410.7,76462.2,76330,76360.8,66.35172632
1789683300000,76360.9,76363.1,76258.3,76267.1,42.21475898
1789684200000,76267,76455.4,76258.2,76421.8,43.04164343
1789685100000,76421.8,76435,76322.3,76431.9,44.674024
1789686000000,76432,76512.4,76387.9,76491.8,28.19991903
1789686900000,76490.8,76507.6,76471.6,76487.7,5.14046433
1789687800000,76487.8,76487.8,76383.4,76439.4,19.78967285
1789688700000,76439.3,76499.4,76400,76419.3,23.72793899
1789689600000,76419.2,76475.5,76380,76473.2,139.88983178
1789690500000,76471.2,76472.2,76298.2,76382.6,37.87637471
1789691400000,76382.5,76447.4,76349.4,76433.1,10.82072121
1789692300000,76433.1,76595.6,76406.9,76593.2,43.91157243
1789693200000,76593.3,76685.2,76546.1,76559,72.32526515
1789694100000,76555.2,76649.9,76517.9,76595.2,18.53900769
1789695000000,76595.1,76723.3,76580.1,76696,15.1465811
1789695900000,76696,76771.5,76689.3,76739.2,30.89279875
1789696800000,76739.3,76815.9,76647,76762.8,33.84896148
1789697700000,76762.8,76927.6,76739.2,76927.6,32.31128403
1789698600000,76927.6,77039.6,76927.6,76940.3,63.07552897
1789699500000,76940.3,77036.9,76912.1,76979.8,33.54439587
1789700400000,76979.9,77322.4,76976.1,77315.9,91.91160673
1789701300000,77307.9,77599.8,77282.2,77423.3,261.47291451
1789702200000,77423.3,77493.5,77316.6,77339.5,51.71125205
1789703100000,77339.6,77471.2,77339.6,77379.5,35.80820584
1789704000000,77379.5,77424.6,77234.9,77294.6,49.81849706
1789704900000,77295.8,77384.5,77244.4,77274.6,53.02358854
1789705800000,77275,77437.3,77215.2,77437.3,42.54538296
1789706700000,77437.4,77580.5,77338.8,77580.4,30.94117296
1789707600000,77580.5,77666.1,77449,77526.6,84.25126702
1789708500000,77530.3,77619.3,77430.7,77604.7,75.13053996
1789709400000,77604.8,77712.6,77516.4,77586.1,52.89103536
1789710300000,77586.1,77592.1,77460,77487.8,23.0697237
1789711200000,77487.8,77606.4,77487.8,77498.6,40.79662367
1789712100000,77498.6,77676.7,77483.2,77529.2,46.54273781
1789713000000,77528.3,77587.4,77492.5,77525,55.66455741
1789713900000,77524.9,77617.5,77411,77597,85.32775851
1789714800000,77594.2,77792.3,77565.5,77626.2,91.85758204
1789715700000,77626.1,77837.1,77611.3,77793.5,120.54135483
1789716600000,77795.4,77853.6,77725,77821.3,130.82460195
1789717500000,77821.3,77826.6,77732.1,77800,194.93373626
1789718400000,77800,77975.4,77659.5,77764,115.64071478
1789719300000,77763.9,78061.3,77752.7,77950.2,98.45830218
1789720200000,77950.1,78027.2,77890.8,77972.9,63.88297919
1789721100000,77972.4,78271.7,77953.1,78257.2,95.4270769
1789722000000,78257.2,78473.5,78218.1,78371.3,161.37672188
1789722900000,78371.3,78391.3,78159.9,78161.5,61.60400689
1789723800000,78161.4,78167.8,78011.2,78048.8,56.01080508
1789724700000,78048.8,78218.9,78048.6,78216,46.48398255
1789725600000,78216,78225,78101.6,78199.6,48.30328796
1789726500000,78199.6,78286.4,78156.5,78283.9,93.93041091
1789727400000,78283.9,78312.3,78189.8,78234.4,28.2833268
1789728300000,78234.4,78363.7,78198.4,78288.3,51.44704448
1789729200000,78290.2,78441,78044,78115,89.75758985
1789730100000,78114.9,78174.1,78042.5,78051.6,42.01473509
1789731000000,78051.7,78182.6,78025.4,78031.3,33.79806562
1789731900000,78031.4,78105.8,78028.4,78062.8,32.91454977
1789732800000,78062.6,78134,77980.3,78093.9,37.55983656
1789733700000,78094,78110.9,77980.1,78016.6,34.59141019
1789734600000,78016.7,78184.1,77987.9,78116.5,56.20978609
1789735500000,78116.6,78157.1,78033.2,78049.9,23.5875172
1789736400000,78050,78092.9,77968.7,78035.5,55.89807698
1789737300000,78035.4,78183.7,78030,78183.3,29.60892449
1789738200000,78183.8,79323.2,78140.8,79299.6,418.51310167
1789739100000,79299,80515.8,79225.3,80075.9,918.28259682
1789740000000,80070.1,80632.2,80070.1,80303.6,331.49260471
1789740900000,80305,80982.5,80305,80706,397.71118984
1789741800000,80706.1,80825,80500,80789.3,155.45765921
1789742700000,80789.5,80965,80713.3,80946.8,173.05202544
1789743600000,80946.9,81052,80571.4,80769.8,451.50845465
1789744500000,80769.8,81155,80769.8,80969,185.22210624
1789745400000,80972.5,80990.1,80650,80650,102.94577764
1789746300000,80650,80826.1,80504.4,80728.7,125.28457151
1789747200000,80728.8,80979.9,80664.3,80977.1,99.35332811
1789748100000,80977.2,81080,80870.9,81059.1,134.73140206
1789749000000,81059.1,81267,80903.9,81004.3,185.25126175
1789749900000,81002.1,81002.2,80769.2,80849,52.48471891
1789750800000,80849,80907.4,80762,80900.5,61.57307758
1789751700000,80906.8,80954.1,80648.5,80760.8,82.84023085
1789752600000,80760.8,80777,80568.6,80771.8,49.5477599
1789753500000,80771.7,81019.8,80764.2,81019.3,58.48085491
1789754400000,81019.3,81019.3,80805,80869.5,56.93037306
1789755300000,80870.1,80998,80809.9,80993.6,42.65520331
1789756200000,80993.6,81153.8,80917.3,80946.7,114.40375347
1789757100000,80946.7,81085,80882.4,80943.7,49.5420929
1789758000000,80943.7,81215.9,80911.3,81201,92.88292828
1789758900000,81201.1,81407,81112.1,81263.6,144.98177443
1789759800000,81263.5,81263.5,81053,81251.4,82.99770146
1789760700000,81253.1,81355.7,81133.9,81211.5,62.78412015
1789761600000,81212.1,81248,80959.1,81078.9,79.81244825
1789762500000,81078.9,81229.1,80944.2,81024.9,61.44830083
1789763400000,81025,81190.3,80954,81170.5,65.72909326
1789764300000,81170.6,81190.4,81071.9,81125.4,44.4658201
1789765200000,81125,81290.4,81088.9,81278.7,45.0259724
1789766100000,81278.6,81288.7,81115.5,81196.4,23.79704675
1789767000000,81196.3,81304.3,81144.2,81220.1,30.94220854
1789767900000,81220.1,81260,81158.8,81242.2,26.92064777
1789768800000,81242.2,81374.9,81205.2,81254.3,42.1881332
1789769700000,81254.3,81356,81243.5,81260.6,31.75266254
1789770600000,81260.5,81262,81059.8,81125.4,41.86695545
1789771500000,81125.3,81180.1,81096.9,81144.9,25.44026624
1789772400000,81148.1,81216.8,81091.6,81181.7,50.94167614
1789773300000,81181.7,81200,81002.8,81002.9,35.84661917
1789774200000,81002.9,81032.3,80868.5,80908,76.71821412
1789775100000,80908,80984.2,80880.6,80903,27.51795623
1789776000000,80903,80983.3,80847.5,80983.2,43.20768658
1789776900000,80983.1,81109.6,80975.6,81109.6,37.46542594
1789777800000,81109.6,81351.4,81109.5,81319.6,56.20745755
1789778700000,81321.2,81673.1,81271.7,81672.1,181.14252684
1789779600000,81673.2,81748,81276.7,81282.1,162.06069714
1789780500000,81282,81333.1,81108.3,81256.1,47.51858877
1789781400000,81253.4,81273.7,81055.2,81174.9,44.63438143
1789782300000,81174.9,81439.9,81173,81285.8,56.73586488
1789783200000,81285.8,81429.6,81261,81380.1,43.24976305
1789784100000,81380,81455.3,81325,81347.5,99.07395331
1789785000000,81346.4,81441,81300.4,81326.4,22.10937145
1789785900000,81326.4,81331.5,81272.6,81310.8,29.32705099
1789786800000,81310.9,81413.8,81280.7,81287.9,30.27371145
1789787700000,81287.9,81287.9,81139.5,81145,25.10501996
1789788600000,81145.1,81180.5,81129.3,81174.9,8.30143608
1789789500000,81174.9,81190,81131.7,81131.7,6.65998434
1789790400000,81131,81221.9,81119,81209.9,25.4926737
1789791300000,81209.9,81230.1,81124.9,81143.5,20.39871
1789792200000,81143,81143,80926.8,80979.3,44.40399659
1789793100000,80979.4,81046.4,80941.2,81040,85.88034745
1789794000000,81040.1,81158.2,81038.3,81061.4,125.57651318
1789794900000,81061.4,81156.8,81026.8,81074.6,68.9689782
1789795800000,81074.7,81134.8,81033.5,81034,14.72146301
1789796700000,81036.1,81086.4,81010.1,81054.6,18.23144089
1789797600000,81054.7,81079.2,81010,81011.7,16.09751471
1789798500000,81011.8,81058.3,80928,80968.5,23.25015876
1789799400000,80968.6,81098.7,80968.6,81069.1,25.6380951
1789800300000,81069,81111.4,81030,81061.1,16.20029914
1789801200000,81061.1,81171.6,81061,81166.2,15.14390914
1789802100000,81164.1,81258.7,81065,81105.2,58.26709345
1789803000000,81105.2,81124.8,81023.6,81049.7,247.26030424
1789803900000,81049.7,81175.6,81016.7,81095.3,316.46453246
1789804800000,81095.3,81245.2,81065.3,81240.3,40.87857257
1789805700000,81240.3,81411.7,81194.9,81296.5,79.87201156
1789806600000,81296.4,81400,81269.2,81313.8,32.25092522
1789807500000,81313.8,81374.7,81281.4,81315.9,15.48392503
1789808400000,81316,81529.4,81278,81434.7,70.70825494
1789809300000,81434.8,81507.4,81386.1,81408.3,28.9922395
1789810200000,81408.3,81435.1,81250.2,81259.2,97.94647003
1789811100000,81259.2,81344.4,81252.5,81326.2,54.12689402
1789812000000,81325,81330.2,81222.2,81299.4,19.77583487
1789812900000,81299.3,81322.7,81252,81289.7,21.93485788
1789813800000,81289.6,81300,81212.9,81260,24.6999021
1789814700000,81259.9,81322.8,81210.2,81222.3,34.89955383
1789815600000,81222.8,81384.3,81209.7,81312.5,19.52250479
1789816500000,81312.5,81383.5,81268.7,81268.8,22.09494806
1789817400000,81268.8,81310,81237.4,81297.5,24.72832011
1789818300000,81297.5,81321.3,81282.6,81308.2,30.89689319
1789819200000,81308.3,81371,81280,81358.3,27.34399259
1789820100000,81358.3,81368.1,81212.8,81234,21.66231612
1789821000000,81234.6,81300,81234.1,81290.3,14.35536195
1789821900000,81290.3,81349.2,81237.9,81341.5,24.44578073
1789822800000,81341.5,81347.3,81183.5,81247.5,45.85645145
1789823700000,81247.5,81350,81234.5,81239.4,19.70189574
1789824600000,81239.3,81289.6,81200.3,81270.6,28.06982088
1789825500000,81270.1,81357.6,81236.6,81357.1,51.49146147
1789826400000,81357.1,81452.7,81328.1,81391.6,38.83603954
1789827300000,81391.5,81579.9,81391.5,81579.9,48.33407628
1789828200000,81579.9,81629.7,81478.9,81533.4,35.92064223
1789829100000,81534.2,81625.5,81500,81578.1,22.84043104
1789830000000,81577.9,81748,81572.3,81705.8,52.50566439
1789830900000,81707.3,81758.9,81567.2,81567.3,19.75613286
1789831800000,81567.2,81953.1,81567.2,81907.1,112.91781401
1789832700000,81905.9,81905.9,81600.1,81647.3,52.39766016
1789833600000,81647.3,81777.1,81472.1,81763.1,55.39154465
1789834500000,81763.2,81880,81738.7,81818.1,28.03222413
1789835400000,81818.2,81915.8,81805.9,81855.2,40.51326441
1789836300000,81855.2,81867.7,81822,81838.4,17.92821848
1789837200000,81834.4,81851.3,81703.7,81712.3,42.85191769
1789838100000,81712.3,81842.3,81447.6,81545.1,64.00222143
1789839000000,81549.1,81598.7,81456.7,81497.9,18.51576022
1789839900000,81497.8,81546,81458.5,81463.8,22.22120529
1789840800000,81463.8,81544.2,81341.1,81389.5,39.49091257
1789841700000,81389.6,81495.2,81333.3,81451.5,16.54857205
1789842600000,81451.5,81531.3,81374,81488.4,10.21619661
1789843500000,81488.3,81492.5,81413.2,81439.2,9.18875409
1789844400000,81439.2,81466.8,81377.6,81377.7,7.33569244
1789845300000,81377.7,81457,81353.1,81403.4,56.09823053
1789846200000,81403.3,81403.4,81300.4,81325.1,8.88668226
1789847100000,81325.1,81398.8,81318,81365.7,14.60614192
1789848000000,81365.7,81438,81357.5,81417.6,25.48966424
1789848900000,81417.5,81417.6,81263.1,81263.2,55.44082249
1789849800000,81263.2,81293.4,81244.2,81293.2,34.93327751
1789850700000,81293.2,81293.2,81070.1,81151.6,66.96533961
1789851600000,81151.6,81230.7,81000.6,81013.9,55.87910067
1789852500000,81013.9,81081.7,80902.1,81059.3,64.90987983
1789853400000,81059.2,81073.6,80932.3,81022.5,22.6429365
1789854300000,81022.5,81172.1,81022.5,81100.5,34.61168252
1789855200000,81100.5,81100.7,80968.8,81005.9,21.29896563
1789856100000,81005.9,81095,81005.9,81067,17.02747724
1789857000000,81067,81249.5,81066.9,81242.5,18.09644084
1789857900000,81242.5,81270.4,81205.5,81264.7,11.96998451
1789858800000,81264.8,81287.8,81243,81287.8,11.77854321
1789859700000,81287.7,81310,81222.5,81305.7,18.6798072
1789860600000,81305.7,81369.9,81283.3,81283.3,46.57350237
1789861500000,81283.4,81324,81261.5,81265.8,24.32077548
1789862400000,81265.8,81291.5,81209.6,81287,33.5597418
1789863300000,81287.1,81331.4,81211.4,81312.7,19.62170066
1789864200000,81312.7,81334.3,81256.6,81330.2,26.01498684
1789865100000,81330.2,81330.2,81272.9,81285.5,7.30523432
1789866000000,81285.6,81305.6,81133.5,81135.9,12.56318525
1789866900000,81135.9,81218.1,81095.8,81119.1,16.08057441
1789867800000,81116.6,81128.3,81033.3,81076.2,18.59261774
1789868700000,81076.2,81124,81032.2,81104.8,20.43300968
1789869600000,81104.9,81157.3,81084.3,81157.3,22.32414973
1789870500000,81157.4,81172.2,80990,80990,26.30345719
1789871400000,80990,81000,80549.9,80565.9,104.95440625
1789872300000,80565.9,80699.9,80264.9,80338.7,203.50893289
1789873200000,80334.5,80528.2,80217,80255,96.88465134
1789874100000,80255.9,80530.2,80133.4,80392.2,59.36663759
1789875000000,80391,80416,80300.1,80387.1,29.09427547
1789875900000,80387.1,80510,80333.5,80490.4,25.87316128
1789876800000,80490.5,80527.7,80386,80443.7,125.45305014
1789877700000,80443.7,80536.1,80350.4,80430.9,35.97794965
1789878600000,80431,80488.8,80400,80400,24.79287244
1789879500000,80400,80491.7,80319.1,80441.4,183.70225981
1789880400000,80442.3,80652.4,80419.6,80593.2,47.71714999
1789881300000,80593.3,80596.7,80456.4,80542.5,24.26460163
1789882200000,80542.6,80632.3,80456.4,80531.7,20.86697375
1789883100000,80531.8,80551.3,80456.4,80503.9,13.93379308
1789884000000,80503.9,80531.8,80434.9,80528.2,14.96186297
1789884900000,80528.2,80608,80464.6,80465.7,26.37942786
1789885800000,80465.6,80489.7,80279.2,80388.7,27.10403633
1789886700000,80388.8,80449.9,80228.2,80313.8,30.00296429
1789887600000,80313.8,80371,80300,80345.5,11.39456634
1789888500000,80343.1,80436,80291.5,80401.2,14.46251372
1789889400000,80401.1,80401.4,80294,80332.3,51.95117102
1789890300000,80330.3,80393,80299.2,80305.7,55.0030846
1789891200000,80305.8,80456,80300.9,80421,25.41110391
1789892100000,80421.1,80436.6,80375.1,80382.5,14.43446388
1789893000000,80382.6,80419.5,80250.1,80264.7,26.75076186
1789893900000,80264.7,80296.7,80173.5,80263.7,39.91766638
1789894800000,80263.6,80344.3,80257.5,80271,20.37713092
1789895700000,80271,80403.5,80258.5,80384.2,18.82659814
1789896600000,80384.2,80589.9,80384.1,80559.3,44.34372623
1789897500000,80559.2,80559.2,80465.6,80469.4,8.77637701
1789898400000,80469.5,80524.4,80339.8,80424.8,28.2458018
1789899300000,80424.8,80449.9,80336.3,80393.1,12.35988678
1789900200000,80393.1,80440.6,80320,80363.1,13.44674
1789901100000,80363.1,80403.1,80320,80320,8.61204694
1789902000000,80320.1,80422.8,80280.5,80367.5,15.06179293
1789902900000,80367.6,80392.6,80310,80370,14.15022676
1789903800000,80370,80491.3,80370,80460.9,23.16495911
1789904700000,80460.9,80535.5,80446.9,80483.6,11.47546535
1789905600000,80483.6,80531.2,80434.1,80493.2,31.87303735
1789906500000,80493.2,80502,80357.2,80373.7,22.70225584
1789907400000,80373.7,80387.1,80332.3,80362.1,8.47948807
1789908300000,80362.1,80500,80362.1,80493.7,20.83461119
1789909200000,80493.8,80659,80489.3,80566.2,26.67832539
1789910100000,80566.1,80570,80489.8,80512.9,25.831661
1789911000000,80512.9,80562.2,80428.6,80562.1,22.76650983
1789911900000,80562.2,80580.8,80533.6,80566.5,8.93452409
1789912800000,80566.6,80776.6,80566.5,80585.6,71.50490767
1789913700000,80585.6,80585.6,80418.4,80534.8,45.38833323
1789914600000,80534.8,80676.5,80503.3,80632,20.34892166
1789915500000,80635.5,80766.2,80608,80682.6,14.30313226
1789916400000,80682.7,80928.9,80682.7,80761.5,115.31576083
1789917300000,80761.5,80890.6,80659.9,80668.8,36.24085136
1789918200000,80668.8,80885.7,80668.8,80847.8,106.83929017
1789919100000,80847.8,80973.8,80840.7,80917.5,31.36731502
1789920000000,80917.5,81202.4,80815.4,81159.6,65.40271151
1789920900000,81163.1,81283.5,81037,81181,47.10951798
1789921800000,81184.6,81500,81109.5,81375.4,93.10424636
1789922700000,81379.5,81457.4,81222.3,81340.5,52.62071927
1789923600000,81343.8,81464.7,81163,81244.8,64.97603434
1789924500000,81244.7,81328,81133.9,81168.1,44.81528203
1789925400000,81168.1,81409.5,81168,81383.5,109.39004037
1789926300000,81387,81431.8,81070.1,81158,121.5229204
1789927200000,81158.1,81205.5,81032.2,81106,46.72616977
1789928100000,81106,81282.3,81104.2,81277.8,23.39281448
1789929000000,81277.9,81311.1,81184.5,81220.4,12.46057468
1789929900000,81220.4,81224.4,81032.3,81040.3,24.1956623
1789930800000,81040.4,81139,81040.4,81090,9.14090236
1789931700000,81089.7,81124.3,81063.3,81124.3,2.69169412
1789932600000,81124.3,81300.8,81115.1,81232.7,18.85173878
1789933500000,81232.7,81297.9,81158.8,81186.7,13.84253377
1789934400000,81186.8,81239,81153.1,81158.6,11.08386094
1789935300000,81158.6,81230.2,81100,81180.1,26.95972736
1789936200000,81180,81180.1,81076.9,81142.5,14.53314192
1789937100000,81141.1,81231.5,81076.8,81096.6,18.62513005
1789938000000,81096.6,81096.6,80588,80772.6,90.50360769
1789938900000,80772.6,80931.4,80771.3,80890.9,23.23480489
1789939800000,80890.8,80956.6,80800.1,80800.1,20.44614122
1789940700000,80800.1,80955.1,80798.8,80940.4,10.47352848
1789941600000,80940.4,81299.9,80778.9,81299.8,53.06042544
1789942500000,81299.8,81299.8,81077.5,81168.3,31.62685873
1789943400000,81163.1,81267.3,81106.3,81112.4,63.31002519
1789944300000,81112.4,81274.9,81106.1,81211.2,59.99597823
1789945200000,81211.2,81266.7,81118.5,81146.6,48.37083048
1789946100000,81146.6,81300,81129.1,81155.3,18.30680472
1789947000000,81155.4,81287.8,81127.7,81266.1,21.02074207
1789947900000,81266.1,81342.8,81158.8,81179.6,39.83951602
1789948800000,81180.1,81718.2,81171.3,81678.4,173.5246349
1789949700000,81685,81830.4,81516.1,81739.4,132.16766891
1789950600000,81737.5,81840.5,81533.4,81695.7,102.78763484
1789951500000,81696,81846.1,81582.8,81605,72.75212647
1789952400000,81602.3,81800.5,81514.9,81799.4,38.95454409
1789953300000,81800,82099,81500.3,81596.4,227.3312135
1789954200000,81596.3,81677.4,81276.5,81460.7,81.67666991
1789955100000,81458.9,81496.2,80857.6,80993.3,194.29583191
1789956000000,80993.4,81366.6,80951,81366.6,64.09809498
1789956900000,81363.6,81516.1,81318.2,81428.6,37.79749369
1789957800000,81428.5,81428.6,81160,81258.4,50.83091656
1789958700000,81258.4,81400,81201.8,81318.5,26.42903845
1789959600000,81318.5,81464.5,81250.1,81331.9,34.81280562
1789960500000,81332,81507.7,81332,81459.6,30.92667198
1789961400000,81454.2,81581.1,81454.2,81485.4,23.16076861
1789962300000,81485.4,81522.5,81379.6,81444.6,21.58516257
1789963200000,81444.6,81477.4,81287.8,81287.9,22.91587516
1789964100000,81287.9,81355,81250.1,81301.7,29.48437065
1789965000000,81301.7,81430.9,81234.6,81419.9,33.40841293
1789965900000,81419.9,81516.1,81385.1,81404.1,51.85523559
1789966800000,81404.1,81432.7,81312.9,81342,44.08201097
1789967700000,81342,81658,81341.9,81593.4,57.72399477
1789968600000,81593.1,81798.5,81589.4,81627.5,90.14623475
1789969500000,81627.5,81696.2,81536.1,81567.5,45.56921573
1789970400000,81567.5,81698.6,81549.7,81675.6,46.35863655
1789971300000,81675.7,81887.8,81675.7,81818.6,34.35490935
1789972200000,81818.7,81841.1,81400,81406.3,48.17814553
1789973100000,81400.1,81756.4,81400.1,81639,63.60821892
1789974000000,81639,81684.7,81469.5,81560.6,60.1286053
1789974900000,81560.6,81664.2,81526.9,81613.5,59.64943416
1789975800000,81613.5,81615.3,81459.7,81498.8,85.48177894
1789976700000,81498.8,81726,81479.2,81722,93.38125586
1789977600000,81722,82000,81714.8,81882.6,110.94603786
1789978500000,81884.7,82266.1,81864.1,82245.6,200.45802195
1789979400000,82245.6,84233.2,82183.2,83537.6,1226.0909971
1789980300000,83537.5,83895.2,83306.2,83758,421.89763672
1789981200000,83755.2,84057.1,83697.1,83926.6,237.50314499
1789982100000,83926.6,84595.2,83900,84445.1,457.6806676
1789983000000,84444.7,85325.2,84333.6,85024.3,654.07749946
1789983900000,85024.2,85068.9,84567.1,84639,210.54786713
1789984800000,84639,84822.6,84501,84575.6,116.47092303
1789985700000,84577.4,84739.9,84370,84370,119.42027957
1789986600000,84370.1,84468.6,84137.5,84252.1,238.34407282
1789987500000,84252.2,84460.9,84149,84431.3,89.10501704
1789988400000,84431.3,84645.7,84388.4,84597.3,125.90022516
1789989300000,84597.3,84708.8,84519.1,84667.3,63.42286422
1789990200000,84667.2,84888,84617,84829.5,90.51639581
1789991100000,84829.5,84918.9,84719.5,84884.9,71.04774931
1789992000000,84884.9,85168,84812.9,85005.7,249.70187636
1789992900000,85005.6,85480.2,84985.2,85085.9,223.93370814
1789993800000,85087.3,85415.7,85037.5,85289.1,168.72948247
1789994700000,85289.2,85421,85142.7,85316.6,92.57059562
1789995600000,85316.6,85464.5,85084.7,85174.2,109.70998691
1789996500000,85170.7,85228.4,84915.4,84945.7,128.21590922
1789997400000,84945.6,85232,84777.7,85076.1,276.89973025
1789998300000,85081.1,85841.5,85034.6,85471.5,330.009459
1789999200000,85475.1,85549.9,85051.7,85324,178.95452995
1790000100000,85314.1,85791.7,85228.1,85724.2,178.67396029
1790001000000,85724.2,86006.1,85570,85804.9,283.57770785
1790001900000,85805,86137.2,85706.9,85837.1,236.76072167
1790002800000,85837,86351.4,85801.6,86293.6,312.18318973
1790003700000,86293.6,86293.6,85812.6,85854.8,169.71881791
1790004600000,85854.8,86129.8,85800,86129.7,135.73943457
1790005500000,86129.7,86180.1,85905.1,85931.7,152.04314264
1790006400000,85931.7,85969.1,85694.7,85729.3,138.07087961
1790007300000,85729.4,85982,85729.3,85850.2,77.19050735
1790008200000,85850.2,85970.5,85600,85863.4,118.11095166
1790009100000,85863.5,86108,85834.2,85958.7,151.98635344
1790010000000,85958.8,86109.9,85888.4,85952.9,68.52887624
1790010900000,85957.8,85998.6,85754.9,85879.9,88.65499974
1790011800000,85879.8,85972.6,85815.4,85889.1,54.63403777
1790012700000,85889,85901.3,85665.6,85891.6,56.52785174
1790013600000,85891.6,86020,85806.6,85998.5,32.98295551
1790014500000,86000.1,86076.8,85894.7,85930,49.43535913
1790015400000,85930,86000,85807.4,85935.4,44.58306074
1790016300000,85935.4,86074.6,85892.3,86063.7,30.27298393
1790017200000,86063.7,86081.4,85979.4,86058.4,51.18281515
1790018100000,86059,86476.5,86045.6,86371.7,145.71470263
1790019000000,86371.7,86899.8,86322.3,86582.3,216.40495982
1790019900000,86582.2,86674.2,86486.6,86502.3,46.69241796
1790020800000,86502.4,86807.8,86502.4,86747.5,62.84597905
1790021700000,86747.6,87399,86705.1,87284.8,282.29099353
1790022600000,87284.7,87315,86899.9,86948.9,153.94691607
1790023500000,86949.9,87090,86854.4,86999.2,123.49211548
1790024400000,86999.2,86999.2,86600,86600.1,74.74172074
1790025300000,86600.1,86700,86550.1,86637.1,40.16350507
1790026200000,86637.2,86861.2,86637.1,86788.1,60.52646297
1790027100000,86788.1,86789.2,86581.8,86581.9,40.81924838
1790028000000,86581.9,86716.3,86549.3,86621,43.6624201
1790028900000,86621,86763.8,86370.8,86432.3,78.45311583
1790029800000,86432.3,86599.9,86387.6,86434.4,59.34541369
1790030700000,86434.4,86463.6,86300,86449.8,42.59077724
1790031600000,86449.8,86700,86424.5,86650.1,31.2097401
1790032500000,86650.1,86708.9,86500,86500,24.33195392
1790033400000,86500,86542.3,86366.5,86466.6,58.22619703
1790034300000,86466.6,86657.1,86437.8,86617.8,52.6552599
1790035200000,86617.9,86632.6,86310.1,86480.5,75.6041793
1790036100000,86480.5,86500,86336.8,86407,43.79535852
1790037000000,86407,86520.4,86155.4,86352,68.0393332
1790037900000,86355.5,86406.3,85870.1,85903.6,154.74959498
1790038800000,85903.7,85987.1,85629.1,85780.5,126.98540076
1790039700000,85780.4,85880,85405.2,85773.8,101.86879786
1790040600000,85775.5,85844.6,85640.2,85685.6,52.25682182
1790041500000,85685,85733.1,85544.5,85620.2,30.02531823
1790042400000,85620.2,85692.5,85391.3,85604.5,77.00965718
1790043300000,85604.3,85863.6,85525.5,85750.6,42.20040968
1790044200000,85750.5,85851.6,85649.9,85821.1,36.31535285
1790045100000,85820.5,85876.1,85663.4,85727.7,32.05688654
1790046000000,85727.7,85761.8,85461.5,85548.2,45.68381536
1790046900000,85548.2,85649.9,85309.1,85613.5,51.47096626
1790047800000,85613.4,85615.8,85433.3,85496.1,37.39434468
1790048700000,85496.1,85743.3,85465.2,85697.2,55.44642278
1790049600000,85697.3,85743.4,85617.7,85631,56.60529593
1790050500000,85631.1,85649.6,85500.7,85564.5,34.31775546
1790051400000,85565.4,85619,85463.6,85524,39.10763276
1790052300000,85518.6,85548.7,85429,85464.2,22.26138245
1790053200000,85464.3,85516.5,85368.3,85419.1,23.93391734
1790054100000,85419.2,85425.7,85150,85212.6,90.29887217
1790055000000,85212.4,85427.5,85111.1,85427.5,52.49987973
1790055900000,85427.5,85600,85395.4,85412.6,52.76232936
1790056800000,85412.7,85475.6,85266.6,85362.5,30.55169237
1790057700000,85363,85388.3,85257.1,85375.3,28.70860166
1790058600000,85375.1,85578.3,85346,85487.9,36.21688928
1790059500000,85487.9,85505,85361.1,85384.9,38.36815525
1790060400000,85385,85507.2,85300.1,85445.9,32.92480813
1790061300000,85445.8,85472.1,85210.9,85316.3,68.17248094
1790062200000,85316.5,85328.8,85160,85246.2,284.06020903
1790063100000,85246.3,85346.7,85238.8,85344.9,299.00306508
1790064000000,85344.8,85538.6,85329.5,85480.6,63.99669121
1790064900000,85480,85611.9,85404.6,85415.5,31.18391279
1790065800000,85413.9,86145.8,85319.2,86145.8,141.06155149
1790066700000,86145.7,86375.1,86030,86215.5,138.91751566
1790067600000,86216,86216,85680.9,85928.1,121.80438248
1790068500000,85928.1,85999.8,85814.6,85906.3,42.11603428
1790069400000,85906.3,86071.5,85840.9,86046.7,54.37473137
1790070300000,86046.7,86280.8,86025.7,86261,75.21268091
1790071200000,86261,86268.3,86013.3,86046.4,43.99590814
1790072100000,86046.5,86114.8,85829.1,85870.6,47.5774301
1790073000000,85870.7,85956.6,85750,85851.6,38.06049696
1790073900000,85850.6,85981.7,85794.3,85901.1,29.90579101
1790074800000,85901.2,85999.9,85776,85984,64.99486626
1790075700000,85984,86107.5,85924.7,85939.9,32.89857959
1790076600000,85940.7,86147.7,85851.7,86108.4,32.52988147
1790077500000,86108.4,86145.5,85904.6,85992.6,40.31331753
1790078400000,85992.6,86042.4,85917.8,85917.8,44.08859366
1790079300000,85917.1,86123.9,85774.4,86123.9,55.45607617
1790080200000,86124,86203.4,85982.4,85982.4,57.26407387
1790081100000,85982.4,86079.5,85928.8,86030.6,58.78942574
1790082000000,86030.6,86226.5,86017.4,86058.2,53.85851494
1790082900000,86058.2,86067.3,85707.9,85743.8,74.62580299
1790083800000,85741,86176.4,85584.3,85947.8,147.06717879
1790084700000,85939,86372.7,85887.2,86354.5,103.45532588
1790085600000,86355.8,86476.9,86087.7,86361.8,109.96343341
1790086500000,86361.8,86397.9,85933.1,85933.1,80.609794
1790087400000,85933.1,86006.6,85455,85897,217.64345128
1790088300000,85897.1,86260.4,85885.5,86256.4,60.35325638
1790089200000,86260.7,86392.1,86133.3,86305.6,83.10340742
1790090100000,86305.6,86338.6,86125.2,86283.3,44.69870005
1790091000000,86281,86580.4,86246.6,86554.6,72.31156657
1790091900000,86554.6,86731,86332.8,86419,186.09132591
1790092800000,86419.1,86530.2,86159.3,86182.1,85.47708688
1790093700000,86182.1,86299.9,86082.7,86095.8,60.3821257
1790094600000,86100,86292.6,86075.6,86234.8,59.8673332
1790095500000,86234.8,86595.9,86210,86422.1,77.51869709
1790096400000,86422.1,86566.5,86378.7,86421.5,73.27419049
1790097300000,86421.4,86592.3,86256,86592.3,51.54930583
1790098200000,86592.5,86634.2,86444.8,86484.4,60.35431635
1790099100000,86486.9,86664.2,86416.4,86579.3,61.58827203
1790100000000,86580,86652,86449.2,86531,54.27159105
1790100900000,86531.1,86647.5,86278.2,86289.2,46.63757086
1790101800000,86289.2,86452.1,86241,86409.8,55.50502569
1790102700000,86409.8,86587.4,86409.8,86458.2,54.19806071
1790103600000,86458.3,86535.9,86400,86485.7,40.83045234
1790104500000,86486,86590.9,86437.1,86536.4,56.76384517
1790105400000,86536.4,86536.4,86273.9,86383.5,89.23391282
1790106300000,86383.6,86410.2,86150.2,86201.2,51.29191816
1790107200000,86201.2,86280.1,86136.4,86210.3,32.79355989
1790108100000,86212.3,86380.6,86200.4,86344.3,22.26431847
1790109000000,86344.3,86371.8,86239.1,86325.1,23.36525194
1790109900000,86325,86325,86201.1,86266.4,33.10150094
1790110800000,86277.7,86354.8,86216.2,86260.8,32.0294345
1790111700000,86260.8,86275.7,86222.9,86250,17.99313159
1790112600000,86250.1,86315.4,86186.6,86214.2,27.17492712
1790113500000,86214.2,86318.3,86187,86188.9,14.01142413
1790114400000,86187.1,86306.5,86001.8,86051.3,50.94800071
1790115300000,86051.3,86231.1,86030.4,86169.6,28.70746422
1790116200000,86169.5,86280.1,86165.1,86227.6,72.05009046
1790117100000,86227.7,86287.3,86125.9,86125.9,23.3524786
1790118000000,86126,86514.9,86124,86395.9,50.10154746
1790118900000,86391.1,86472.8,86171.4,86239.4,37.911273
1790119800000,86236.4,86277.6,86092.2,86157.2,51.37232271
1790120700000,86157.1,86223.7,86098.5,86209.1,26.98188229
1790121600000,86209.2,86372.7,86140.7,86356.4,29.36266401
1790122500000,86355,86534.2,86350.3,86461.4,29.97281643
1790123400000,86462,86584.6,86431.3,86457.3,32.12469609
1790124300000,86457.3,86514.6,86424.4,86465.5,12.25570201
1790125200000,86465.6,86842.1,86440,86715.6,169.9149363
1790126100000,86715.6,86736.6,86585.5,86641.1,28.73035041
1790127000000,86641.2,86649.9,86279.2,86285,37.06021563
1790127900000,86285,86380.2,86175.9,86368.2,48.72379266
1790128800000,86365.1,86385.1,86264.4,86385,19.31733952
1790129700000,86385.1,86633.2,86377.5,86581.5,64.16425953
1790130600000,86581.5,86588.5,86469.1,86482.3,20.99167363
1790131500000,86485.2,86555.4,86457.6,86554.4,18.15133033
1790132400000,86554.4,86555.4,86434.8,86544,8.16004924
1790133300000,86544,86824.4,86504.7,86694.7,30.1599292
1790134200000,86694.7,86960.5,86666.9,86893.2,91.72030582
1790135100000,86893.2,86893.3,86705.4,86710.7,27.87331563
1790136000000,86710.8,86913,86638,86847.8,36.68458466
1790136900000,86847.9,87244.7,86778.1,87015,177.18007368
1790137800000,87015.1,87283,87015.1,87148.1,75.30993875
1790138700000,87148,87230.7,87120.5,87169.8,45.12374032
1790139600000,87169.8,87170.4,86894.6,86938.3,63.34224
1790140500000,86938.3,86972.4,86747.4,86785.1,29.63510213
1790141400000,86785.1,86843.3,86715,86757.2,35.08450607
1790142300000,86757.1,86783.8,86422.2,86509,77.95459754
1790143200000,86509.1,86626.6,86457.3,86612.4,31.11219707
1790144100000,86612.4,86615.9,86427.2,86430.4,31.11198821
1790145000000,86430.3,86587.3,86379.4,86579.4,25.81603827
1790145900000,86579.4,86579.4,86449,86474.5,34.5974254
1790146800000,86477.3,86477.3,86323.3,86371.7,45.37812349
1790147700000,86371.7,86452.6,86314.3,86416.6,32.26065672
1790148600000,86426.9,86429.8,86000.5,86068.1,128.31043637
1790149500000,86070.4,86231.2,86051.7,86133.3,115.73470093
1790150400000,86133.5,86257.7,86093,86191.2,40.74751765
1790151300000,86191.2,86279.9,86152.4,86164.4,37.64230904
1790152200000,86164.4,86228.5,86084.4,86100,60.64846831
1790153100000,86100,86100.1,85700,85912.7,185.30036668
1790154000000,85912.7,86020,85882.9,85954.6,41.01730466
1790154900000,85954.6,86038.6,85861.6,85903,52.37118469
1790155800000,85903.1,85946.3,85796.7,85806.7,21.10331216
1790156700000,85805.6,85930.1,85740.7,85861.7,46.39933438
1790157600000,85861.8,85937.9,85822.6,85855.8,23.24305232
1790158500000,85855.5,85855.5,85656.6,85799.9,86.35450374
1790159400000,85800,85884.2,85740.2,85881.8,46.37920449
1790160300000,85881.7,85931.5,85828.8,85924,35.58782561
1790161200000,85926.7,85979.9,85703.1,85755.6,49.34558612
1790162100000,85755.7,85763.1,85440.8,85510.5,59.37528912
1790163000000,85514.5,85612.9,85449.6,85522.5,31.65360318
1790163900000,85522.6,85685,85514.5,85658.7,34.88023455
1790164800000,85658.7,85685.3,85465.7,85479.6,101.26237005
1790165700000,85479.7,85534,85273.4,85493,113.46361229
1790166600000,85492.9,85586.1,85465.3,85465.4,98.21723268
1790167500000,85465.4,85560,85404.6,85506,24.56979487
1790168400000,85505.7,85529.4,85289.2,85370.5,71.7975223
1790169300000,85370.5,85597,85370.5,85557.3,45.39246123
1790170200000,85557.3,85887.8,85527.9,85837.9,119.69203534
1790171100000,85837.4,85849.5,85561.5,85798,78.82538986
1790172000000,85798,85945.6,84550.9,84879.9,505.66836452
1790172900000,84879.8,84884.5,83938.1,84045.5,838.64105363
1790173800000,84039.3,84505.7,83856.4,84313.9,447.03513501
1790174700000,84313.8,84581.3,84205.4,84534.9,170.90250176
1790175600000,84534.9,84719.4,84464,84648.7,129.04807252
1790176500000,84643.3,84798.5,84500,84506.6,100.38670989
1790177400000,84506.6,84544.2,84283,84290.1,107.01589161
1790178300000,84291.6,84345.5,83950,84000.1,209.57056339
1790179200000,84000.1,84356.5,83500.2,84344.3,431.72794145
1790180100000,84344.2,84356.5,84140.2,84237.6,89.72053732
1790181000000,84233.7,84340.9,83942.3,84095.2,76.27519916
1790181900000,84095.3,84147.8,83844.6,84047.2,121.42057496
1790182800000,84047.3,84182.5,83717.1,83802.9,124.49359265
1790183700000,83802.8,84222.2,83777.3,84065.3,57.82822634
1790184600000,84065.2,84260.9,83984.9,84251.5,55.3441259
1790185500000,84252.7,84393.4,84252.7,84323.5,108.65734914
1790186400000,84322.1,84340.9,84158.2,84204,55.82904038
1790187300000,84203,84273.2,84145.5,84149.4,33.05834987
1790188200000,84149.3,84240.8,84131.9,84222.4,22.70018522
1790189100000,84221.9,84408.8,84187.5,84323.8,42.86868546
1790190000000,84323.9,84400,84211.9,84371.2,40.37060129
1790190900000,84371.6,84457,84298.4,84414.2,39.76991067
1790191800000,84414.3,84488.3,84384.9,84442.8,60.08444062
1790192700000,84442.7,84567.8,84433.8,84510.4,147.00141108
1790193600000,84510.4,84579.9,84280.8,84336.3,52.18066563
1790194500000,84336.2,84405.1,84257.5,84313.3,16.41975118
1790195400000,84314.1,84431.9,84298.1,84407.8,18.47124766
1790196300000,84407.8,84418.9,84218.1,84239.8,18.48676371
1790197200000,84239.9,84379,84208.2,84373.1,32.98052237
1790198100000,84373.1,84422.6,84332.1,84422.6,19.22434181
1790199000000,84422.6,84513,84419.2,84497.2,20.83626512
1790199900000,84497.2,84516,84422.1,84422.1,20.87662302
1790200800000,84421.9,84666.6,84349,84592.5,42.99448348
1790201700000,84592.5,84602.8,84483.4,84483.4,32.42838743
1790202600000,84483.4,84525.2,84395.8,84491.7,30.13558361
1790203500000,84491.8,84627.9,84491.7,84565,15.68795776
1790204400000,84565,84577.8,84476.5,84492.1,24.50750756
1790205300000,84492,84517.4,84441.2,84495.5,31.28291399
1790206200000,84495.4,84548.1,84458.7,84490.6,459.99778333
1790207100000,84490.6,84498.5,84359.6,84399.5,74.00494981
1790208000000,84399.5,84500,84301.9,84362.3,77.48341872
1790208900000,84362.3,84446,84334.8,84340.2,215.79401395
1790209800000,84340.2,84438.5,84265.3,84348.5,269.35816793
1790210700000,84348.6,84374.3,84203.1,84316.1,107.22184298
1790211600000,84315.9,84405.8,84243.8,84280,29.53005749
1790212500000,84280,84340.9,84182.8,84226.5,27.57111371
1790213400000,84226.6,84471.5,84081.2,84139.7,71.79070115
1790214300000,84139.6,84189.5,84061.8,84104.5,37.93242527
1790215200000,84107.1,84128.2,83733.4,83945.4,139.47088337
1790216100000,83945.4,84260.8,83945.4,84161.9,112.03295092
1790217000000,84161.9,84340.9,84138.2,84333.5,53.07801296
1790217900000,84333.1,84375,84326.5,84358.7,16.56784617
1790218800000,84358.8,84477.8,84246.2,84343.8,50.91572895
1790219700000,84343.8,84373.9,83979.7,84057.2,60.46821811
1790220600000,84057.2,84057.2,83867.2,84011.9,55.33781906
1790221500000,84012,84027.8,83842.4,83936.9,53.24925001
1790222400000,83936.9,83965.8,83808.1,83829.1,60.87141633
1790223300000,83829.9,83951.9,83784.7,83951.9,25.79403236
1790224200000,83940.3,83942.2,83855.8,83884.1,25.13743401
1790225100000,83884.1,84066.3,83786.4,84050.7,52.86860096
1790226000000,84050.7,84406.8,84049.9,84208,138.04428206
1790226900000,84205.8,84248.3,84130.4,84187.7,30.74808879
1790227800000,84187.7,84260.2,84100.1,84196.1,48.63721828
1790228700000,84196.1,84253.1,83942.3,83969.1,91.79219262
1790229600000,83969.9,84199.9,83900.8,84135.4,117.60061873
1790230500000,84135.5,84219.2,84067.6,84199.2,35.15091703
1790231400000,84199.2,84237.8,84159.6,84198.1,49.43861984
1790232300000,84198.2,84208.8,84086.1,84107.3,23.09818428
1790233200000,84107.2,84164,83928.7,84093,156.38974964
1790234100000,84092.9,84409.9,84059.5,84409.9,273.90693332
1790235000000,84409.9,84574.6,84377.6,84433,142.08758509
1790235900000,84431.2,84628.2,84375,84528.4,310.61327432
1790236800000,84528.4,84628.1,84396.7,84403.9,77.77723651
1790237700000,84403.9,84455.5,83788.1,83788.1,86.89296465
1790238600000,83788.1,83980.5,83631.5,83738.7,104.55884199
1790239500000,83737.6,83778.4,83236.2,83665.3,244.86234173
1790240400000,83665.4,83749.9,83458.9,83468,83.93299319
1790241300000,83468.1,83532.4,83334.5,83371.4,60.55943024
1790242200000,83371.4,83371.4,82874.5,83169.9,317.80959463
1790243100000,83169.9,83278.6,83034.8,83263.7,114.23944705
1790244000000,83263.7,83392.3,83153.8,83302.8,104.12452055
1790244900000,83302.8,83373.1,83168.2,83265,86.94243731
1790245800000,83265,83444.4,83164.8,83397.6,57.19562171
1790246700000,83397.6,83567.8,83371.4,83513.6,114.3175934
1790247600000,83513.6,83600,83500,83559.1,99.30548868
1790248500000,83563.8,83623.4,83501.3,83516.2,97.03889139
1790249400000,83516,83552.4,83407.5,83457.2,29.12229018
1790250300000,83457.2,83546.3,83394.8,83490.2,30.35542811
1790251200000,83490.2,83601.5,83390.4,83530.9,30.28174796
1790252100000,83527.5,83670.9,83520.1,83545.2,40.97631008
1790253000000,83545.2,83580.6,83340.9,83505.4,35.28175221
1790253900000,83500,83655.3,83427.4,83603.1,26.16080493
1790254800000,83603.2,83767.9,83599.1,83758.4,61.75230584
1790255700000,83758.3,83961.2,83722.7,83781.5,94.07519964
1790256600000,83781.4,84352,83750.6,83941.2,207.1843867
1790257500000,83947.6,84256.7,83852.1,84256.2,104.48304464
1790258400000,84256.3,84370,84136.1,84229.3,78.24892922
1790259300000,84229.4,84944.4,84142,84875.5,188.44943755
1790260200000,84875.5,84875.5,84388.3,84411.7,92.11291328
1790261100000,84411.6,84411.6,83387.8,83669.9,243.36430163
1790262000000,83668.5,83929.9,83501.8,83896.8,174.2183619
1790262900000,83896.7,84247.7,83873.6,84121.7,93.12058754
1790263800000,84122.2,84455.5,84097.2,84423.3,67.79832498
1790264700000,84423.2,84474.1,84282.7,84419.6,77.55035706
1790265600000,84419.6,84435.9,84040,84261.8,90.03286596
1790266500000,84264.9,84842.9,84264.9,84712.9,171.12766839
1790267400000,84715.6,84929.9,84439.4,84550.1,99.27634096
1790268300000,84550,84715.1,84424.2,84494.7,44.4072159
1790269200000,84494.7,84568.1,84370,84480.2,42.77688548
1790270100000,84480.1,84550,84203.1,84331.5,60.7591714
1790271000000,84331.6,84442.3,84140.4,84171.9,25.71743173
1790271900000,84171.9,84228,84010.1,84113.9,30.62307862
1790272800000,84113.3,84263.1,83888.6,84254.9,51.81003627
1790273700000,84254.9,84480,84244.6,84428.7,36.5621065
1790274600000,84428.8,84553.9,84256.7,84420,41.39518141
1790275500000,84420,84549.9,84360.6,84476.1,25.4899797
1790276400000,84476.1,84631.4,84298.2,84592.5,49.02915527
1790277300000,84592.5,84665.6,84541.4,84645.4,24.03100396
1790278200000,84645.4,84645.5,84411.8,84445.6,69.27112819
1790279100000,84444.2,84582.6,84300,84402,95.34647642
1790280000000,84411.5,84447.4,84244.3,84258.9,83.8880839
1790280900000,84252.6,84326.6,84175.8,84275,52.74368807
1790281800000,84278.3,84410,84207.1,84386,38.20404259
1790282700000,84386.1,84480.6,84266.2,84373.6,32.78237441
1790283600000,84373.6,84407.3,84286,84328.6,24.86081629
1790284500000,84326.9,84450.5,84326.8,84419.5,20.10462168
1790285400000,84419.5,84505.9,84411.3,84483,25.99538895
1790286300000,84482.6,84487.6,84337.3,84340.4,15.33303793
1790287200000,84337.7,84373.8,84250.1,84327.3,36.88700558
1790288100000,84327.4,84343.3,83945.3,84136.5,63.18506671
1790289000000,84136.4,84198.8,84066.5,84144.4,14.13972809
1790289900000,84143,84281.6,84137.8,84278.4,19.8901278
1790290800000,84281.6,84372.7,84264,84296.6,26.11544864
1790291700000,84296.7,84442.3,84289.6,84428.5,18.69694164
1790292600000,84428.5,84472.9,84405.9,84405.9,11.43135874
1790293500000,84406,84449.3,84375.4,84409.8,7.7937873
1790294400000,84409.9,84715.5,84399.8,84659,65.38207322
1790295300000,84658.9,84670,84550.1,84669.9,28.96677414
1790296200000,84669.9,84679.6,84554.4,84600.9,37.29119162
1790297100000,84600.8,84670.7,84562.4,84590.4,16.40535304
1790298000000,84593.7,84793.9,84574.1,84700,50.76811777
1790298900000,84699.7,84760.5,84509.7,84536.3,20.7171142
1790299800000,84533.8,84537.7,84360.6,84472.8,24.81575594
1790300700000,84472.8,84633.3,84472.8,84612.8,23.29477785
1790301600000,84612.8,84879.6,84571.1,84831.4,49.61731947
1790302500000,84831.4,84888,84650.3,84693.8,34.25348872
1790303400000,84693.7,84729.4,84407.3,84483.4,31.97746127
1790304300000,84483.3,84483.4,84179,84229,65.97139069
1790305200000,84230.5,84336,84179.1,84262.7,44.17080683
1790306100000,84265.7,84340.7,84150,84154.2,28.35182784
1790307000000,84154.3,84392.1,84068.2,84209.7,40.35468259
1790307900000,84209.7,84246,84142,84239.7,21.92307071
1790308800000,84239.8,84241.8,84068.1,84068.1,35.35493245
1790309700000,84068.1,84175.7,84062,84133.9,23.49827481
1790310600000,84133.9,84300,84133.9,84282.7,20.58062878
1790311500000,84282.7,84293.3,84174.7,84215.5,28.12466677
1790312400000,84215.6,84266,84162.1,84162.1,13.43639469
1790313300000,84162,84276.4,84096.3,84191,20.22403057
1790314200000,84191.1,84350,84118.7,84269.1,29.44090831
1790315100000,84269,84297.9,84196.8,84196.8,6.66369099
1790316000000,84196.9,84240.1,83972.3,84121.3,61.60927146
1790316900000,84121.4,84289.5,84054.8,84101.9,44.39622636
1790317800000,84101.9,84109.6,83937.2,84036.2,29.88340603
1790318700000,84036.2,84080.3,84009.9,84040.4,20.1659893
1790319600000,84040.4,84062,83753.9,83821.9,62.65544562
1790320500000,83822,84055.1,83812.1,84048.2,23.94178853
1790321400000,84048.3,84102.8,83817.9,83916.5,147.92629784
1790322300000,83916.5,84079.8,83888,84037.3,161.56222233
1790323200000,84037.3,84180.7,84025.5,84114.4,40.86259399
1790324100000,84114.4,84509.9,84114.4,84419.6,126.62424908
1790325000000,84423.1,84453.5,84316.4,84316.4,44.45383338
1790325900000,84316.5,84471.4,84289.6,84420.7,34.32390234
1790326800000,84420.7,84728.5,84420.6,84593.6,67.32460541
1790327700000,84591.2,84834,84541,84808,132.02719355
1790328600000,84807.9,84857.3,84593,84626.1,57.68570298
1790329500000,84626.2,84651.1,84567.9,84569.2,28.41493236
1790330400000,84569.2,84569.2,84394.3,84496.1,56.9432033
1790331300000,84496.1,84748.9,84448.2,84723.7,53.70508942
1790332200000,84723.8,84823.9,84660.9,84785.2,36.36276218
1790333100000,84785.3,84871.9,84706.4,84724,41.15653339
1790334000000,84724,85244.4,84702.1,85235.8,157.25963768
1790334900000,85235.8,85258.8,84850,84938.2,96.69649993
1790335800000,84943.4,84985.2,84711.3,84727,50.54625979
1790336700000,84727.6,84751.6,84580.6,84580.7,42.19751466
1790337600000,84580.7,84715.4,84210.3,84372.8,80.66667028
1790338500000,84372.7,84406.1,83900,84405.2,141.63515165
1790339400000,84406,84551.2,84333.3,84441.1,60.91406519
1790340300000,84441.1,84579.8,84344.8,84471.5,42.33443533
1790341200000,84471.5,84574.7,84336.3,84453.4,33.06397938
1790342100000,84453.4,84568.3,84109.9,84109.9,58.85088983
1790343000000,84109.9,84340.9,83804.4,84016.6,199.86640454
1790343900000,84019.1,84125,83525.9,83934,237.35231832
1790344800000,83933.9,84027.9,83174.7,83592.4,284.96821602
1790345700000,83585.4,83804.7,83455.7,83662.5,107.3694924
1790346600000,83666.7,83935.2,83658.1,83689.4,71.87941167
1790347500000,83687.7,84034.2,83567.9,84013,77.89274748
1790348400000,84013.1,84099.8,83759.2,83999.9,61.23200633
1790349300000,84001.6,84005,83740.1,83772,61.94566487
1790350200000,83772,83904,83463.9,83481.2,125.46405887
1790351100000,83481.2,83800,83365.7,83800,77.63509291
1790352000000,83800,84090,83800,84019.1,120.82062441
1790352900000,84020.4,84117.6,83919.9,83982.1,55.95619141
1790353800000,83982.1,84040.7,83821.4,83898.5,90.25271151
1790354700000,83898.5,83907,83713.6,83750.2,34.39120615
1790355600000,83750.2,83967.8,83750.2,83957.6,51.7894948
1790356500000,83957.6,83980.2,83687,83687,37.62347573
1790357400000,83686.9,83836.3,83620.7,83802.2,41.67258139
1790358300000,83802.2,83817.1,83704.6,83783.1,14.34632772
1790359200000,83783.1,84022.4,83783.1,83997.7,36.26926166
1790360100000,83997.7,84081.9,83898,83967,28.19657431
1790361000000,83967,84026.7,83910.9,83985,22.14693787
1790361900000,83986.8,84008.3,83937,83966.6,24.5136937
1790362800000,83969,84057.9,83928.5,84050.7,22.60680677
1790363700000,84051.3,84053.1,83948.3,84010.4,19.56924335
1790364600000,84010.3,84079.4,83946,83990.9,20.82916626
1790365500000,83990.9,84075,83985.1,84013.2,27.06176368
1790366400000,84013.3,84048,83943.2,83971.8,20.1005099
1790367300000,83971.7,84103.6,83971.5,84063,13.13650411
1790368200000,84063,84186.8,84040.3,84124.3,26.92908562
1790369100000,84124.3,84124.3,83843.6,83877.9,47.65412628
1790370000000,83877.9,83927,83650,83695.4,32.16862661
1790370900000,83695.4,83778.1,83633.2,83778,29.53116929
1790371800000,83778.1,83839.3,83714.7,83818,12.67248707
1790372700000,83818,83885.7,83781.5,83800.5,10.70837251
1790373600000,83800.5,83936.3,83771.4,83936.3,8.21040564
1790374500000,83936.3,83976.7,83905.9,83913.3,14.66261261
1790375400000,83911.4,84096.9,83911.4,84081.3,17.77440475
1790376300000,84081.3,84129,84058.7,84073.2,17.26585017
1790377200000,84073.2,84111.2,84062,84065.4,6.86054453
1790378100000,84071.6,84094.3,84018.6,84094.3,28.80134864
1790379000000,84094.3,84097.8,84074.8,84078,9.35959473
1790379900000,84078,84099,84031.5,84099,20.71738552
1790380800000,84099,84139.5,84047.2,84075.7,22.90680212
1790381700000,84075.7,84087.8,83916,83950.5,18.19847257
1790382600000,83950.5,83950.6,83791.1,83882.2,32.00036288
1790383500000,83882.3,83955,83882.2,83911.5,5.77829516
1790384400000,83911.6,83983.3,83905.4,83942.5,21.58138905
1790385300000,83942.5,83991.5,83925.8,83947.2,11.61686948
1790386200000,83947.2,84081,83942.9,84049.3,13.41203645
1790387100000,84049.2,84086.9,84032.3,84081.4,15.35200077
1790388000000,84081.4,84135.7,83990.6,84133.1,13.20840789
1790388900000,84133.2,84137.7,84032.4,84032.5,15.99557898
1790389800000,84032.4,84058.1,84000,84013.4,19.06033996
1790390700000,84013.4,84065.8,84010.2,84012.6,8.35702832
1790391600000,84012.6,84018,83925.6,83951.4,11.74337226
1790392500000,83951.4,84037.6,83921.4,84018.8,25.75736484
1790393400000,84018.8,84057.8,83956.1,83956.2,9.87362472
1790394300000,83956.1,83966.7,83941.5,83944,4.26467368
1790395200000,83944.1,84022.5,83944,83987,12.38415534
1790396100000,83987,84050,83897.6,83898.6,15.60249509
1790397000000,83898.6,83991.6,83829.4,83991.2,17.17101296
1790397900000,83987.2,83997.3,83971.7,83991.2,4.02097956
1790398800000,83991.3,84010,83942.8,83975.2,5.69473847
1790399700000,83975.1,83996.7,83903.8,83937.1,7.33376921
1790400600000,83937,83976.3,83900,83975.8,26.48404237
1790401500000,83975.9,83994.6,83912.8,83932,11.74386759
1790402400000,83932.5,83940.2,83900,83903,12.87908084
1790403300000,83903,83944.5,83882.2,83944.5,15.15381832
1790404200000,83944.4,83981.5,83903.5,83923.2,17.26626003
1790405100000,83923.1,83944.5,83893.4,83900.6,9.75307619
1790406000000,83900.6,84027.7,83900.6,84016.5,11.53393973
1790406900000,84016.4,84030,84000,84014.6,5.07978511
1790407800000,84014.6,84079.9,84014.5,84050,70.65077216
1790408700000,84050,84148.9,84049.9,84126.1,90.83490954
1790409600000,84126.1,84126.1,84052.1,84077.6,22.97867965
1790410500000,84078.5,84110.4,84035.9,84110.3,14.06781527
1790411400000,84110.4,84340.2,84110.3,84300.1,110.55666883
1790412300000,84300.2,84300.2,84212.6,84212.7,18.3333544
1790413200000,84212.7,84225.4,83980,84017.3,43.79492915
1790414100000,84017.2,84046,83967.8,84035.1,36.8125407
1790415000000,84034.6,84053.6,83982.4,84033.3,10.36991483
1790415900000,84030.5,84041.7,84000.1,84036.3,16.34061671
1790416800000,84030.9,84128.8,84030.8,84116.2,13.8267974
1790417700000,84115.4,84191.8,84115.3,84151.5,38.12066901
1790418600000,84151.6,84176.7,84123.6,84158.2,39.45887259
1790419500000,84158.2,84188.1,84135.8,84186.6,16.48251949
1790420400000,84186.6,84191.9,84131,84179.4,14.38774324
1790421300000,84179.4,84210.2,84161.5,84176,5.23654803
1790422200000,84177.5,84199.7,84163.8,84180,12.56711867
1790423100000,84179.9,84194,84171.9,84171.9,6.88302816
1790424000000,84171.9,84195.4,84110,84144.7,20.43866226
1790424900000,84140,84199.4,84100.1,84100.2,10.38203324
1790425800000,84100.2,84131.2,84045.7,84056,8.52737946
1790426700000,84056,84075.2,84045.5,84049.9,18.72452944
1790427600000,84049.6,84132.1,83964.4,84004.3,32.3890204
1790428500000,84005.6,84038,83856.2,83939.6,49.84490388
1790429400000,83939.7,83944.5,83865.2,83937.7,20.43616375
1790430300000,83937.7,83986.3,83920.3,83953.2,25.49291119
1790431200000,83953.3,83988.2,83920,83966.8,13.1770512
1790432100000,83966.8,83989,83960.5,83989,13.57127059
1790433000000,83991.6,84046.2,83991.6,84021.4,21.73091732
1790433900000,84023.8,84055.6,84007,84021.7,9.31124378
1790434800000,84024.6,84047.3,84009.9,84024.7,57.95844706
1790435700000,84024.7,84060.1,84009.1,84060.1,15.01290517
1790436600000,84060.1,84191.4,84060.1,84134.7,23.88638776
1790437500000,84134.7,84156.3,84079.6,84156.2,38.60919147
1790438400000,84156.3,84160.9,84109.7,84129,82.14180126
1790439300000,84129,84150.6,84092.6,84109,45.92865601
1790440200000,84108.9,84167.7,84108.9,84151.9,14.02143062
1790441100000,84152,84169.3,84096.5,84118.8,86.40222178
1790442000000,84118.9,84139.1,84055.6,84094.3,44.71801203
1790442900000,84094.2,84094.2,84055,84064.1,109.76714314
1790443800000,84064.4,84108.7,84037.1,84108.7,96.48851406
1790444700000,84108.6,84140.6,84105.5,84139.4,11.46255539
1790445600000,84139.4,84173.2,84100,84100,40.28372011
1790446500000,84100,84100.1,84057.6,84071.7,5.3936799
1790447400000,84071.7,84087.9,84005.4,84020.4,61.1714005
1790448300000,84020.5,84026.1,83990.6,83999,82.36151326
1790449200000,84007.4,84059.2,84007.4,84029.4,56.17776285
1790450100000,84029.4,84059.1,84018.7,84049,71.07683639
1790451000000,84049,84052.3,83980,84018.9,27.5075899
1790451900000,84019,84038.2,84002.5,84025.4,4.63714225
1790452800000,84025.5,84073.4,83994.9,84017.9,12.00963146
1790453700000,84018,84101,84017.9,84084.8,124.0614555
1790454600000,84084.8,84093.2,83871.1,83892.2,38.57481655
1790455500000,83892.2,84052.4,83818,84035.5,33.60950049
1790456400000,84035.5,84121,84033.6,84121,20.37059227
1790457300000,84121,84211.9,84095.6,84211.8,15.91364866
1790458200000,84211.9,84271.4,84151.5,84178,16.97397556
1790459100000,84178,84178.1,84114.3,84158.5,14.41790033
1790460000000,84158.6,84426.2,84158.5,84349.1,61.88022993
1790460900000,84349.2,84366.9,84246,84349.7,25.08103942
1790461800000,84349.7,84349.9,84264.6,84265.5,16.32598609
1790462700000,84265.5,84345,84265.5,84283.2,13.37035774
1790463600000,84283.3,84381.6,84283.2,84362.8,7.74186121
1790464500000,84362.8,84444.2,84333.6,84380.4,30.87954344
1790465400000,84380.5,84436.3,84349.5,84351.6,19.8975694
1790466300000,84352.8,84477.9,84351.6,84439.9,11.9521392
1790467200000,84439.9,84450,84318.6,84321.8,17.36688168
1790468100000,84321.8,84324,84258.7,84260.4,16.4383435
1790469000000,84260.4,84383.5,84260.4,84339.3,35.75442656
1790469900000,84339.3,84343.1,84295,84301.5,13.17949291
1790470800000,84301.5,84387,84276.5,84387,17.23296808
1790471700000,84387,84409.8,84328.5,84328.5,10.30966912
1790472600000,84328.5,84404,84303,84404,7.72230633
1790473500000,84404,84571.4,84404,84489.3,47.22091065
1790474400000,84489.3,84539.3,84450.7,84491.9,18.253671
1790475300000,84489.8,84545,84459.4,84502.7,14.67751027
1790476200000,84502.7,84537.4,84469.4,84472.3,4.35875864
1790477100000,84472.2,84483.3,84442.7,84450.1,11.22867605
1790478000000,84450.1,84515.9,84450,84481.1,9.81800889
1790478900000,84481,84481.1,84375.2,84393.1,7.27786382
1790479800000,84393.1,84440.9,84388.3,84404.9,7.68567934
1790480700000,84404.9,84418,84368,84393.8,6.23575326
1790481600000,84393.4,84504.2,84388.8,84484.7,6.09563814
1790482500000,84484.6,84495.8,84415.3,84415.3,8.64957639
1790483400000,84415.3,84415.3,84313,84313,9.8299426
1790484300000,84313.1,84362.2,84304.3,84336.8,8.80061384
1790485200000,84335,84400,84321.5,84391.8,6.53628753
1790486100000,84392.1,84400,84386.3,84386.4,3.40029195
1790487000000,84386.3,84650,84386.3,84546.4,51.85951984
1790487900000,84546.4,84574.1,84474.6,84474.7,14.11793545
1790488800000,84474.7,84601.1,84474.7,84598.5,10.20867247
1790489700000,84598.6,84636,84536.2,84595.9,16.47570175
1790490600000,84595.9,84602.7,84513.3,84529.3,17.79404485
1790491500000,84529.2,84567.5,84474.3,84517.6,6.96163909
1790492400000,84516.8,84546.5,84514.3,84537.4,20.40747933
1790493300000,84537.5,84543.6,84483.1,84519.3,22.27842948
1790494200000,84519.3,84632.2,84519.3,84614.7,30.74054934
1790495100000,84614.7,84790,84606.9,84789.5,35.00462192
1790496000000,84789.5,84855.9,84719.2,84809,80.38926013
1790496900000,84809,84871.3,84755.5,84807,66.60548131
1790497800000,84807.1,84885,84688.4,84744.3,66.73116821
1790498700000,84744.3,84820.6,84707.8,84791.7,77.87684455
1790499600000,84791.6,84801.7,84587.1,84658.9,38.53628716
1790500500000,84658.8,84702.4,84625.7,84701.4,121.16866473
1790501400000,84701.5,84799.7,84699.1,84799.7,12.48272783
1790502300000,84799.7,84954.1,84799.7,84953.5,42.5572452
1790503200000,84953.5,85045.8,84894.1,85039.8,116.2942588
1790504100000,85039,85114.3,84901.2,84926,70.26647913
1790505000000,84926,84933.2,84851.8,84851.9,15.08212109
1790505900000,84851.9,84913.2,84799.9,84875.4,23.33320117
1790506800000,84873.1,84940.7,84838.7,84910.8,40.8822921
1790507700000,84910.8,84959.1,84847,84893.1,23.40919594
1790508600000,84893.1,84917.2,84827.3,84917.2,15.04728812
1790509500000,84917.1,84920.5,84844.6,84891.9,13.44999295
1790510400000,84892.6,85008,84892.6,84998.5,14.8229161
1790511300000,84998.5,85031.9,84946.6,84959.9,16.97131114
1790512200000,84959.9,85005.5,84951.2,84982.4,11.75188726
1790513100000,84982.4,84988.5,84754.6,84787.4,42.7086244
1790514000000,84787.4,84805.9,84627.5,84645.1,76.61704113
1790514900000,84648.4,84944.5,84648.3,84933,17.37885174
1790515800000,84933.7,85199.8,84787.7,84795,77.41255618
1790516700000,84797.1,85037.7,84739.2,85026.9,69.0052329
1790517600000,85030.8,85049.1,84910.8,84992,38.09646778
1790518500000,84992.1,85024.1,84677.2,84702.1,47.06595248
1790519400000,84702.1,84801.7,84670.4,84732.6,31.9513443
1790520300000,84732.4,84749.8,84420.4,84526.3,74.37718737
1790521200000,84526.2,84586.8,84360,84505.3,79.03831714
1790522100000,84510,84620.4,84441.4,84618.9,44.02995804
1790523000000,84617.8,84647.5,84428.6,84435.1,32.91378683
1790523900000,84439.4,84513.6,84400.8,84464.7,39.97640086
1790524800000,84464.8,84595.2,84460.5,84566.1,49.19800777
1790525700000,84566.2,84700,84503,84573.5,61.33229299
1790526600000,84572.5,84572.5,84375.1,84398.3,25.80510962
1790527500000,84398.3,84456.1,84382.4,84438.2,34.5023807
1790528400000,84438.2,84481.8,84339.5,84394,48.11182291
1790529300000,84394,84465,84394,84436.7,11.38584143
1790530200000,84436.7,84531,84436.7,84486.3,12.92766409
1790531100000,84486.4,84574.7,84486.3,84574.6,3.34364922
1790532000000,84574.6,84607.6,84556.4,84607.6,12.97821823
1790532900000,84607.5,84748.2,84607.5,84745.9,22.07863796
1790533800000,84747.8,84780.1,84676.3,84769.7,10.15905119
1790534700000,84769.6,84827.4,84702.3,84823.2,13.36689917
1790535600000,84822.6,84860.1,84705.2,84794.5,45.58525697
1790536500000,84794.5,84853.2,84686.9,84716.5,16.49395269
1790537400000,84714.1,84805.9,84663.9,84781.8,18.91159366
1790538300000,84785.5,84827.5,84734,84739,5.80262319
1790539200000,84739,84825.2,84738.3,84824.2,6.54319183
1790540100000,84824.2,84825.2,84615.2,84623.5,15.85865822
1790541000000,84623.5,84651.4,84583.3,84639.6,21.13763849
1790541900000,84639.6,84639.6,84552.2,84553,28.91697406
1790542800000,84553.1,84695,84553,84694.1,11.33594858
1790543700000,84694.1,84727.1,84610.5,84610.5,15.26007353
1790544600000,84610.5,84641,84461.9,84552.6,40.48626096
1790545500000,84552.7,84701.5,84552.7,84685.1,15.92835974
1790546400000,84685.2,84763.3,84259.6,84331.4,64.94872626
1790547300000,84331.4,84577.5,84274.6,84551.2,13.33541842
1790548200000,84551.1,84551.1,84178.7,84185.2,66.17675347
1790549100000,84181,84244.7,84135.7,84195.5,28.5149706
1790550000000,84199.9,84308.6,84125,84222.4,29.10057538
1790550900000,84221.6,84453.5,84204.4,84403.9,20.33649519
1790551800000,84403.8,84479.9,84335.6,84335.7,93.42553595
1790552700000,84335.7,84538,84335.7,84479,31.19979088
1790553600000,84479.1,84574.7,84377.4,84441,26.57714859
1790554500000,84440,85000,84423.4,84797.1,182.95386143
1790555400000,84793.8,84800.5,84207,84312.8,99.90299506
1790556300000,84312.9,84629,84142.9,84142.9,98.66086156
1790557200000,84142.8,84232.1,83930.5,83965.4,154.7346146
1790558100000,83965.4,84173.1,83895,84085.1,58.77070548
1790559000000,84079.9,84159.7,83819.3,83819.3,51.57999834
1790559900000,83819.3,83931.6,83619.6,83700.3,126.24347623
1790560800000,83700.2,83788.8,83487.4,83752.1,104.99308292
1790561700000,83752.2,83765.8,83562.5,83639.4,45.32708674
1790562600000,83640.1,83649.8,83431.4,83500.3,112.33002668
1790563500000,83500.3,83549,83408.9,83435.6,78.98766016
1790564400000,83436,83549,83392.3,83439.3,36.02116224
1790565300000,83439.3,83526.7,83309.4,83339.1,86.00918501
1790566200000,83334.6,83505,83219.2,83454,94.25045725
1790567100000,83451.2,83491.5,83322.1,83350.9,56.51252443
1790568000000,83350.9,83449,83247.2,83435.1,46.61033835
1790568900000,83435,83523,83368.6,83481.8,28.49439124
1790569800000,83481.8,83529.1,83436.8,83500,13.70069659
1790570700000,83500.1,83521.4,83444,83492.1,13.95125561
1790571600000,83492.2,83537.2,83258,83331.6,42.03707766
1790572500000,83331.6,83355.2,83030,83086.6,123.65386138
1790573400000,83086.6,83148.7,82716.8,83148.6,341.20648989
1790574300000,83148.7,83201.9,83050.2,83180,64.25102841
1790575200000,83180,83294,83143.5,83250,55.08434921
1790576100000,83250,83263,83059.5,83060.6,53.59355039
1790577000000,83060.5,83234.9,83044.3,83187.2,36.96981823
1790577900000,83186.1,83231.2,83120,83170.5,32.10126417
1790578800000,83170.5,83292.1,83060.1,83087.9,54.84416656
1790579700000,83087.9,83166.4,82936.2,82948.6,45.58161634
1790580600000,82951.5,83074.4,82919.9,82960.1,566.3289718
1790581500000,82960.1,83153.8,82939.7,82973.6,561.40733346
1790582400000,82973.5,83166.1,82925.7,83036.9,103.82483592
1790583300000,83037.9,83057.6,82830,82858.2,46.60409619
1790584200000,82858.2,82979.7,82800,82933.9,46.15151575
1790585100000,82933.9,83035.7,82909.3,82967.2,77.80619044
1790586000000,82967.2,83026.8,82610.6,82881.7,142.1656223
1790586900000,82881.7,82979,82766,82832,78.90686233
1790587800000,82832,82860.1,82606.2,82635.5,73.69433506
1790588700000,82635.5,82791.2,82623.5,82679,36.57125826
1790589600000,82679.1,82872.3,82679.1,82776.2,63.28981684
1790590500000,82778.8,82863.3,82743.4,82822.1,46.2902681
1790591400000,82822.1,82962.4,82779.4,82959.8,22.91906769
1790592300000,82959.7,83049.3,82867,82958.3,82.88241325
1790593200000,82958.4,83058.5,82958.4,82991.9,68.15369991
1790594100000,82991.8,83080,82973.7,83023.1,49.22883694
1790595000000,83023.2,83117.3,82986.1,83080.7,57.88497077
1790595900000,83080.7,83096.5,82984.4,83087.8,57.04388568
1790596800000,83087.7,83511.9,83012.6,83385.6,142.72545881
1790597700000,83384.6,83483.6,83288.1,83376.2,79.78702493
1790598600000,83376.3,83442.9,83275.1,83349.4,34.32449975
1790599500000,83351.2,83640.6,83351.2,83584.9,155.11929437
1790600400000,83586.2,83586.2,83317.7,83411,27.2652315
1790601300000,83411,83565.9,83353.8,83565.9,31.90078101
1790602200000,83566,83824.6,83400,83749.2,208.33796691
1790603100000,83750.1,83830.8,83481.9,83648.5,103.21069668
1790604000000,83649,83649,83328,83406.4,87.80562395
1790604900000,83403.3,83603.6,83111.1,83235.1,107.75559287
1790605800000,83235.1,83480,82867.5,82949.9,161.41159964
1790606700000,82949.8,83065.8,82556.6,83027.3,156.12495369
1790607600000,83027.4,83283.3,82933.4,82968.2,95.78909033
1790608500000,82966.6,83132.4,82803,83080,98.03164787
1790609400000,83081.9,83380,83019.5,83214.8,78.29673492
1790610300000,83210.2,83400,83210.2,83371.1,46.5276462
1790611200000,83369.9,83482,83259,83424.5,58.09871216
1790612100000,83427.5,84187,83381.2,84017.1,304.18188344
1790613000000,84018,84116.2,83683.7,83734,93.81211716
1790613900000,83733.9,83789.2,83588.8,83729.4,50.04334309
1790614800000,83730.9,84257.8,83566.1,84250.2,159.554406
1790615700000,84250.2,84374.2,83883.1,83911.9,116.06999218
1790616600000,83911.9,84033,83854.1,84011.6,31.43390947
1790617500000,84011.6,84056.7,83844.5,83879.4,33.9594079
1790618400000,83879.4,83982.1,83846.6,83982,22.14279389
1790619300000,83982,84009.9,83900.5,83938.4,26.97670035
1790620200000,83938.4,83962.6,83800.1,83875.2,21.98226961
1790621100000,83875.5,84050,83811.8,84038.2,69.2224337
1790622000000,84038.2,84048.8,83665.6,83725.3,55.99887639
1790622900000,83723.1,83742.4,83634.5,83641.4,45.42317587
1790623800000,83641.3,83657.4,83123.5,83314.9,125.92364331
1790624700000,83314.9,83423.7,83276.7,83387.7,31.56228786
1790625600000,83383.4,83614.7,83263.2,83578.3,50.81247805
1790626500000,83578.2,83578.2,83468.8,83500,23.11906019
1790627400000,83500.6,83586.4,83473.7,83495.8,9.15742767
1790628300000,83495.8,83556.1,83440.5,83546.2,6.02452525
1790629200000,83546.2,83665.6,83546.2,83580.2,21.0159661
1790630100000,83580.2,83586,83459.9,83464.4,6.38980624
1790631000000,83471.4,83481.1,83394.8,83431,9.82200783
1790631900000,83431.1,83445,83222,83226,34.76046193
1790632800000,83226.1,83245.8,83107.6,83182,29.29740404
1790633700000,83182.8,83249.9,83167,83246.2,11.82510127
1790634600000,83246.2,83495.6,83246.1,83492.2,32.19270075
1790635500000,83492.2,83550,83486.9,83549.9,16.62464013
1790636400000,83550,83640.8,83451,83458.6,24.53195782
1790637300000,83458.6,83596.3,83458.5,83596.3,9.97801385
1790638200000,83596.3,83630.8,83579,83601.1,6.15581404
1790639100000,83600,83602.7,83498.7,83500.1,10.46451855
1790640000000,83500.1,83549.8,83457.7,83524.2,14.35219375
1790640900000,83522.9,83554,83345.9,83546.5,28.48773746
1790641800000,83549.6,83624.7,83465.4,83539.5,25.02527059
1790642700000,83539.4,83539.4,83187.7,83192.3,69.86105214
1790643600000,83192.2,83252.8,82990.5,83043.5,68.38704194
1790644500000,83043.4,83051.7,82831.1,82831.2,95.91486076
1790645400000,82831.1,83004.1,82778.1,82966.4,79.99374036
1790646300000,82966.4,83118.3,82912.6,83058.5,40.09108217
1790647200000,83058.5,83097.5,82920,83021.5,35.3345978
1790648100000,83021.6,83157.9,82910,82977.1,33.23500143
1790649000000,82983.3,83034.4,82898.1,83033.8,22.80517536
1790649900000,83030.5,83121.1,82908.7,82974.3,72.64683153
1790650800000,82974.3,83047.6,82908.7,82908.8,35.0520014
1790651700000,82908.7,83216.1,82870.1,83212.3,50.44937091
1790652600000,83211.9,83214.7,83117.5,83121.8,19.12513605
1790653500000,83121.8,83177,83045.7,83077.9,13.16282626
1790654400000,83078,83170.6,83031.5,83138.4,16.36255023
1790655300000,83138.5,83301,83138.5,83220.1,26.22398228
1790656200000,83220.1,83220.1,83108.7,83173.1,9.41580374
1790657100000,83169.7,83214.2,83075.9,83204.5,14.06479566
1790658000000,83204.5,83266.3,83174.8,83265.7,42.21534295
1790658900000,83265.7,83350.1,83223.4,83319.9,21.94897524
1790659800000,83319.8,83329.8,82975,83300.4,41.08867567
1790660700000,83300.4,83434.3,83215,83434.3,41.65404587
1790661600000,83434.3,83892.6,83416.9,83892.6,83.96958474
1790662500000,83892.5,83913.1,83742,83882.6,64.96039796
1790663400000,83882.6,83952.8,83839.9,83900,21.68047403
1790664300000,83900,84008,83860.3,84003,73.86829856
1790665200000,84003,84039.9,83871.4,83990,54.39970354
1790666100000,83990,84072.3,83923.1,83994.9,34.72064217
1790667000000,83998.4,84200,83963.1,84020.3,60.90855575
1790667900000,84019.5,84070,83963.5,83979.9,40.67574189
1790668800000,83983.1,84079,83972.5,84040.1,25.86184631
1790669700000,84040.2,84366.5,84040.2,84167.8,60.19025316
1790670600000,84167.8,84167.9,83839.3,83855,36.27436238
1790671500000,83856.5,83885.1,83796.8,83874.5,22.47224561
1790672400000,83874.5,83880.9,83767,83786.7,25.95113916
1790673300000,83786.7,83909.6,83760.1,83847,31.00292908
1790674200000,83847.1,84003.6,83837.9,84003.6,18.11140069
1790675100000,84003.8,84323.4,83990.6,84251.7,43.04053697
1790676000000,84251.7,84333.3,84159.7,84206.2,57.91683948
1790676900000,84206.2,84215,84059.1,84151.9,20.43527623
1790677800000,84151.9,84161.6,83992.6,84013.5,32.41087381
1790678700000,84013.6,84077.9,83985.1,84029,16.65567177
1790679600000,84029,84099.5,83934.5,84026.6,22.33074713
1790680500000,84029.4,84084.1,83977.3,84069.8,44.24586398
1790681400000,84070,84275.5,84059,84273.8,36.36238439
1790682300000,84273.9,84497.9,84241.5,84350.6,87.94000505
1790683200000,84350.6,84434.4,84295.7,84323.4,59.52882735
1790684100000,84323.4,84493.1,84135.9,84212.4,108.91513789
1790685000000,84215.2,84471.5,84199.3,84355.2,66.39005991
1790685900000,84356.5,84397.8,84250,84329.3,31.76680446
1790686800000,84329.3,84449.9,84250.2,84402.4,69.64182852
1790687700000,84402.4,84557.8,84335.7,84360.2,64.75906724
1790688600000,84360.2,84360.2,84022,84191,125.86688792
1790689500000,84199.2,84458.2,84089.9,84204.4,71.86808759
1790690400000,84208.9,84296.5,83874.3,83923.1,93.92786524
1790691300000,83923.2,84091.9,83862.8,83936.7,53.59208426
1790692200000,83937,84024.5,83770.9,83906.2,106.44584805
1790693100000,83906.2,84011.6,83696.9,83755.7,64.57147923
1790694000000,83756.3,83765.2,83361.5,83431,192.50958348
1790694900000,83431,83508.2,82918.1,83008.8,221.48937103
1790695800000,83008.8,83248.4,82990,83187,151.43855671
1790696700000,83187,83326.8,82934.2,83079,159.73749847
1790697600000,83080.2,83158.6,82966,83039.1,99.77451656
1790698500000,83038,83299.6,83000.1,83249.9,99.38738201
1790699400000,83249.7,83279.8,83037.1,83042.7,65.7646071
1790700300000,83039.7,83096.6,82902.8,83063.8,153.35597211
1790701200000,83063.1,83195.9,83015.2,83176,65.80287547
1790702100000,83176,83186.5,83045.6,83180.9,33.73662212
1790703000000,83180.9,83227.2,83108.8,83135.8,147.11599197
1790703900000,83132.4,83184,82987,83087.9,63.86539458
1790704800000,83088,83437.4,83088,83434.1,116.07253853
1790705700000,83434.1,83531.4,83400.8,83430.4,46.20054467
1790706600000,83430.4,83700,83410.2,83637.1,62.7837958
1790707500000,83633.9,83694.7,83584,83648.1,14.69597585
1790708400000,83647.5,83702.8,83595.7,83598.6,16.15220998
1790709300000,83598.6,83671,83536.3,83556.9,15.05795722
1790710200000,83556.8,83626,83436.2,83436.2,27.69970903
1790711100000,83435.8,83645.8,83407.2,83603.8,95.63838429
1790712000000,83601.1,83614.7,83509.2,83544.8,21.92319017
1790712900000,83544.8,83655.3,83544.8,83637.1,10.91219633
1790713800000,83637,83651.8,83587.1,83644.7,6.30105777
1790714700000,83646.9,83670.9,83620.9,83620.9,19.89996565
1790715600000,83621,83621,83519.3,83567.4,27.70315513
1790716500000,83567.4,83567.4,83382,83418.5,37.24339852
1790717400000,83418.5,83547.1,83414.3,83507.6,23.76373809
1790718300000,83507.5,83508.8,83409.7,83508.8,15.60256251
1790719200000,83508.8,83724.2,83508.7,83664.4,75.16759334
1790720100000,83664.5,83700.3,83545.1,83596.4,53.41122265
1790721000000,83596.3,83629.8,83538.2,83605,14.10621704
1790721900000,83608.2,83652.2,83574.2,83616.4,21.16419891
1790722800000,83616.4,83847.3,83609.7,83847.3,47.57360186
1790723700000,83847.3,83852.7,83722.4,83758.5,16.88635737
1790724600000,83758.5,83758.5,83634.3,83669.3,24.96210168
1790725500000,83669.2,83720,83632.5,83657.5,31.75947065
1790726400000,83663.9,83728.3,83507.9,83540.4,97.24125723
1790727300000,83536.6,83596.3,83392.9,83573.7,71.36604119
1790728200000,83573.7,83631.1,83452.9,83488.7,36.1880159
1790729100000,83488.8,83488.8,83352.9,83450.3,26.14273039
1790730000000,83450.3,83487.2,83382.3,83430.3,22.65881714
1790730900000,83430.4,83555.4,83400,83433.3,21.86158493
1790731800000,83434.5,83454.7,83337.6,83447.4,26.66316709
1790732700000,83447.4,83505.8,83405.1,83453.9,7.33897488
1790733600000,83453.9,83631.5,83428.4,83485.9,23.30344124
1790734500000,83486,83558.2,83382.3,83430.5,16.81989246
1790735400000,83430.6,83454.5,83297.1,83380.7,32.0799831
1790736300000,83380.6,83490.3,83357.3,83395.2,21.84633771
1790737200000,83395.1,83434,83333.3,83336.6,9.40958198
1790738100000,83336.5,83336.6,83180.2,83320.9,33.65843317
1790739000000,83320.9,83430,83258.4,83368.5,18.90407477
1790739900000,83368.5,83368.5,83283.5,83312.5,24.52760693
1790740800000,83312.4,83420,83300.2,83367.1,14.10470312
1790741700000,83367.2,83429,83353.6,83375.7,13.04783122
1790742600000,83375.5,83410,83296.3,83322.1,13.08309832
1790743500000,83320.2,83326.4,83209.7,83211.5,13.365409
1790744400000,83216.5,83359.1,83216.4,83238,8.89596459
1790745300000,83237.9,83383.3,83180.9,83383.3,26.78182318
1790746200000,83383.3,83527.6,83383.3,83472.7,41.53219252
1790747100000,83487.1,83498.3,83300,83386.4,28.6660563
1790748000000,83386.4,83439.9,83111.2,83139.9,41.42583907
1790748900000,83140,83192.7,83064.7,83170,84.71267038
1790749800000,83170.5,83170.5,83034.9,83116.5,90.84425866
1790750700000,83116.5,83203.4,82978.1,83049.5,54.51490584
1790751600000,83049.5,83109.9,82960.1,83020.2,41.96157548
1790752500000,83020.2,83409,83020.2,83313.2,46.96638381
1790753400000,83315.2,83450.4,83273,83440.1,243.51756725
1790754300000,83442.3,83483.2,83305,83307.2,279.5781355
1790755200000,83307.2,83348.2,83125.8,83125.8,61.07658985
1790756100000,83125.5,83287.5,83121.5,83142.6,36.76790537
1790757000000,83140.1,83151.7,83028.2,83083,30.76382785
1790757900000,83082.9,83181.4,83019.8,83071.5,31.52699772
1790758800000,83071.5,83300,83060.1,83300,17.84799271
1790759700000,83300,83435.8,83275,83430.2,32.71697775
1790760600000,83431.4,83810,83426.3,83569.2,429.68662515
1790761500000,83569.1,83663.5,83535,83634.5,48.48337836
1790762400000,83633.2,83797,83633.2,83700.8,65.02546269
1790763300000,83700.2,83866.6,83672.1,83798.7,59.70708579
1790764200000,83798.7,83924.5,83798.6,83890.9,168.73587502
1790765100000,83891,83958.7,83856.8,83913.3,58.26907852
1790766000000,83913.3,83913.3,83688.9,83843.1,55.18358548
1790766900000,83843,83875,83709.1,83845,60.95182032
1790767800000,83845.1,83979.7,83743.5,83937.4,35.09870707
1790768700000,83937.4,83983.9,83815.2,83914.8,27.83404138
1790769600000,83914.8,83940.1,83763.7,83883,32.60672268
1790770500000,83882.9,83976.7,83759.2,83935.7,50.82431376
1790771400000,83932.7,85083.9,83874.1,84823.6,1290.23326034
1790772300000,84823.7,85500,84740.5,85285.5,556.27936567
1790773200000,85285.5,85650,85105,85389.1,359.66009376
1790774100000,85392.8,85508.6,85157.4,85191.4,106.56193813
1790775000000,85192.1,85560.9,84033.6,84516.1,420.9091357
1790775900000,84519.8,84739.4,84386.5,84635,107.2816871
1790776800000,84635,84645.7,84133.5,84345.2,163.60002011
1790777700000,84345.1,84363.1,83639.4,83761.5,294.5386075
1790778600000,83773.9,83830.5,83378.1,83557.7,199.35458504
1790779500000,83558.9,83997.8,83537.8,83800.5,127.80472824
1790780400000,83800,83999.9,83725,83952.9,97.04829944
1790781300000,83950.1,84022.1,83684.1,83892.6,125.66384653
1790782200000,83892.6,84298,83892.6,84109.4,105.59994082
1790783100000,84110.9,84282.2,84084.9,84134.4,54.03868691
1790784000000,84137.6,84372.7,84126.5,84355.6,82.53521886
1790784900000,84359.9,84491.6,84290.7,84290.7,60.22015972
1790785800000,84290.8,84372.9,84214.7,84362.4,37.49715689
1790786700000,84364.5,84477.4,84280,84350,100.06232042
1790787600000,84357.6,84431.2,84264.3,84291.2,58.22797029
1790788500000,84290.4,84290.4,84005.2,84213.5,47.65766562
1790789400000,84211.9,84211.9,83904.1,83993.8,45.69141481
1790790300000,83993.7,84159.9,83963.5,84027.2,46.08219779
1790791200000,84026.6,84080,83924.8,83991.8,36.28989513
1790792100000,83997.8,84024.1,83871.7,83917.8,34.80862347
1790793000000,83913.7,83946.4,83805.9,83854.1,38.59246564
1790793900000,83861,83986.6,83789.5,83951,29.99361719
1790794800000,83951.7,83964.8,83724.4,83758.2,41.46064766
1790795700000,83758.2,83789.7,83611.1,83750.9,49.9403765
1790796600000,83750,83948.7,83745.2,83823,29.80735368
1790797500000,83822.9,83837.3,83502.3,83594.1,100.40318777
1790798400000,83606.4,83678.8,83520.8,83657,43.53024277
1790799300000,83656.9,83774.2,83600,83726.3,17.87983424
1790800200000,83726.4,83741.5,83633.2,83688.7,14.94684888
1790801100000,83688.7,83724.2,83633,83670.9,11.01865045
1790802000000,83673.6,83811.1,83673.6,83764.2,24.52573288
1790802900000,83764.1,83817.4,83723.8,83728.4,14.88631846
1790803800000,83728.4,83823.2,83710,83710,10.16863574
1790804700000,83708,83768.1,83704.1,83759.6,12.69485736
1790805600000,83759.6,83784.2,83586,83724.5,24.70564953
1790806500000,83724.5,83828.3,83709.6,83828.3,20.56135134
1790807400000,83828.5,83846.1,83796.3,83820.1,20.58282202
1790808300000,83820,83820.1,83685.8,83685.8,14.04674535
1790809200000,83685.8,83786.2,83634.2,83694,33.55543445
1790810100000,83692.5,83835.9,83664.2,83669.1,27.80702144
1790811000000,83669.1,83691,83522.3,83620.3,34.96479913
1790811900000,83620.3,83658.6,83546.1,83618.4,85.36035113
