ts,open,high,low,close,volume
1775001600000,68277.9,68277.9,68030,68040.8,66.9795387
1775002500000,68041,68216,67914.2,67998,71.21303095
1775003400000,67998,68058.4,67855,68058.3,36.49994589
1775004300000,68058.4,68349.1,68025.5,68326,59.20281382
1775005200000,68327.3,68359.1,68149.8,68262.3,43.09055071
1775006100000,68262.3,68262.4,68020.2,68046.6,63.43202689
1775007000000,68046.6,68097.5,67800,67955.3,52.48602544
1775007900000,67955.7,67956,67750,67781.7,77.39702148
1775008800000,67781.7,67903.6,67708.9,67840.1,53.41197282
1775009700000,67840,67911.2,67612.8,67634,41.87935583
1775010600000,67633.9,67721.8,67584.1,67647.6,55.18552693
1775011500000,67647.6,67733.8,67599.1,67663.3,51.85507101
1775012400000,67663.4,68107.1,67663.4,67987.1,48.34276681
1775013300000,67985.6,68027.1,67924.6,67965,32.82344059
1775014200000,67970.5,68079.9,67915,68055.1,28.17210721
1775015100000,68055.1,68240,68055.1,68162.2,58.27641439
1775016000000,68160.7,68253.2,67980.5,68068,79.77556547
1775016900000,68068,68232.1,68034.9,68151.7,67.75434398
1775017800000,68151.8,68278.6,68101.9,68216.5,23.94897024
1775018700000,68216.4,68482,68200,68306.8,80.2077623
1775019600000,68306.7,68423.7,68150,68399.7,61.09845918
1775020500000,68397.9,68750,68350,68587.8,148.34977668
1775021400000,68591.3,68657.7,68474.5,68507.5,71.36688469
1775022300000,68507.3,68557.8,68439.9,68454.8,39.59161835
1775023200000,68454.9,68700,68454,68647.2,43.01847512
1775024100000,68647.2,68886,68610.9,68859.2,96.78528966
1775025000000,68859.2,69238.1,68799.2,69208,188.38536177
1775025900000,69213.5,69237.2,69025.2,69105,98.2539433
1775026800000,69106.6,69318,69106.6,69178.2,118.36959351
1775027700000,69177.3,69185,68849.9,68894.6,112.65202261
1775028600000,68894.7,68994.7,68849.6,68893.2,113.81195841
1775029500000,68893.3,68917.9,68663.4,68694.1,120.19281705
1775030400000,68694.1,68772.5,68520,68532.2,189.6539393
1775031300000,68532.2,68742.9,68442.1,68739.9,99.79383601
1775032200000,68742.9,68850,68716.5,68773.1,66.40687016
1775033100000,68773,68787.4,68555.5,68660.9,111.95583795
1775034000000,68661,68730,68450,68489.4,44.61712559
1775034900000,68489.5,68565.3,68390.9,68554.4,41.31411722
1775035800000,68553.1,68618.5,68392.6,68475.8,75.01090789
1775036700000,68477.4,68695.6,68477.4,68644.6,33.95608273
1775037600000,68644.6,68661.1,68499.5,68508.4,30.53852313
1775038500000,68508.4,68631,68484.5,68521.3,39.41595227
1775039400000,68518.7,68573.6,68410.4,68498.5,38.79752759
1775040300000,68498.5,68625,68433.5,68580.5,49.95234383
1775041200000,68580.5,68666.3,68505.5,68620.4,32.17555941
1775042100000,68620.5,68654.3,68510,68558.6,44.84858398
1775043000000,68558.6,68641.2,68534,68609,40.3392673
1775043900000,68609,68754.1,68593.9,68712.4,30.73298276
1775044800000,68711.7,68729,68478.2,68585.7,62.50592835
1775045700000,68585.6,68663.4,68509.6,68516.5,31.8419903
1775046600000,68516.5,68782.4,68259.1,68668.1,118.72073079
1775047500000,68662.6,68797.9,68350,68398.3,139.02962992
1775048400000,68398.4,68445.8,68166.1,68439.4,90.08976892
1775049300000,68438,68598.6,68434.7,68566,44.02897735
1775050200000,68566.5,68685.2,67940,68118.1,225.66913694
1775051100000,68113.8,68293.8,67933.5,68120.7,138.09472811
1775052000000,68120.6,68291.1,68053.8,68267.6,54.89738826
1775052900000,68267.5,68520,68227.2,68516,128.08058185
1775053800000,68515.9,68650,68244,68404.4,157.62625923
1775054700000,68404.5,68680,68352.6,68594.2,97.64944895
1775055600000,68594.2,68672.4,68457.4,68485.4,57.00117296
1775056500000,68488.7,68897.8,68424,68743,121.20185442
1775057400000,68743,68869.5,68660.2,68755.8,58.97752547
1775058300000,68755.8,68960,68755.7,68917.3,64.68252389
1775059200000,68917.3,68930.5,68648,68674,60.92556862
1775060100000,68674,68945.5,68612.7,68868,57.55671684
1775061000000,68868.1,68988,68714.4,68941.9,80.8849803
1775061900000,68941.9,68959.2,68809.9,68817.5,35.72546557
1775062800000,68817.4,69176.3,68730.7,68745.9,99.62934191
1775063700000,68746,68793.5,68492.6,68521.9,83.79679411
1775064600000,68522,68544,68300.1,68428.1,76.92040371
1775065500000,68428.1,68440.9,68246.1,68265.5,27.54889895
1775066400000,68263.6,68296.6,67942.6,68083.8,135.05891139
1775067300000,68083.7,68161.3,67988.5,68091,41.05746601
1775068200000,68091,68319.6,68044,68227.5,36.96752106
1775069100000,68227.5,68230.5,68007.8,68079.9,42.0331611
1775070000000,68080,68231.4,68060,68068.6,22.01880647
1775070900000,68060.1,68278.5,68028.8,68272.3,29.69944614
1775071800000,68272.3,68295.6,68059.4,68152.6,28.8010152
1775072700000,68152.5,68280.9,68111.5,68176.6,55.88553173
1775073600000,68172.8,68195.1,68009,68084,37.23123397
1775074500000,68084,68139.9,68022.5,68044.3,21.05166157
1775075400000,68044.3,68179.9,67959.2,68170.8,28.48536118
1775076300000,68170.7,68255.1,68149.5,68190.5,14.48002408
1775077200000,68190.5,68372.3,68168.2,68282.7,36.85366518
1775078100000,68282.8,68530,68270.9,68434.8,29.65546589
1775079000000,68434.9,68515.5,68307.6,68343.1,26.33661624
1775079900000,68343,68467.9,68259,68357.5,24.31231639
1775080800000,68357.5,68357.5,68147.4,68216.3,27.4579919
1775081700000,68216.2,68259.5,68059.6,68178,34.22985826
1775082600000,68178.1,68326.3,68132.5,68238,27.70268935
1775083500000,68238,68260,68073,68115.5,16.14631976
1775084400000,68115.5,68255.2,68115.5,68200,33.15034356
1775085300000,68196.6,68196.6,68076.8,68116.4,22.97335868
1775086200000,68116.4,68179.9,67982.9,68103.4,28.8996536
1775087100000,68104.9,68173.1,68061.1,68111.8,15.63551508
1775088000000,68111.9,68231.4,68046.4,68208.3,36.26631633
1775088900000,68208.4,68270.3,68128.3,68213.6,23.80934959
1775089800000,68213.7,68529.4,68200,68529.4,65.08172902
1775090700000,68529.3,68653.7,68428,68599.5,32.5379048
1775091600000,68599,68599,67634,68142.4,247.13435479
1775092500000,68136.5,68142.3,67266.6,67582.6,288.41298881
1775093400000,67581.3,67587,67125.7,67178.2,181.07780789
1775094300000,67178.3,67399.9,67049.9,67358,89.25976265
1775095200000,67357.9,67357.9,66857.1,66864.4,114.70535126
1775096100000,66864.4,67014.5,66775.8,66905.5,90.62341889
1775097000000,66905.5,67052.5,66636.7,66709,106.55285124
1775097900000,66721.1,66954.4,66703.5,66863.6,53.23653986
1775098800000,66863.7,66987.5,66746.1,66765,60.30701492
1775099700000,66765,66899,66639.2,66865.3,64.05767734
1775100600000,66867.3,66887.9,66500.5,66606.6,85.68035986
1775101500000,66606.6,66654.8,66509.9,66585.2,67.09609292
1775102400000,66585.3,66655.9,66503.1,66534,60.29289818
1775103300000,66534.1,66629.6,66364.6,66425.5,146.393533
1775104200000,66425.5,66460.9,66222,66292.8,89.46183879
1775105100000,66289.4,66391.2,66261.7,66324.1,148.01239328
1775106000000,66324.1,66497.7,66309.2,66377.3,83.30716899
1775106900000,66377.3,66483.2,66348.3,66469.8,172.14786244
1775107800000,66469.8,66613.6,66390,66574.6,157.83881975
1775108700000,66574.5,66644.3,66462.6,66590.2,55.33866546
1775109600000,66590.2,66613.8,66553.3,66571.6,33.19535685
1775110500000,66571.6,66811.1,66566.8,66641,133.77318514
1775111400000,66640.9,66690,66539.3,66542.4,48.55892524
1775112300000,66542.4,66676.8,66542.3,66676.7,36.35705311
1775113200000,66676.7,66706.4,66555,66574.9,61.92495291
1775114100000,66574.9,66705.9,66574.8,66663.1,80.08293697
1775115000000,66663.1,66878.1,66663.1,66852.6,152.15096759
1775115900000,66852,66941.8,66828.2,66922.2,123.90605041
1775116800000,66922.2,66922.2,66709.3,66780,60.55897858
1775117700000,66780,66780,66588,66676.1,51.33650134
1775118600000,66676,66736.6,66495.4,66503.1,39.17075338
1775119500000,66501.1,66554.8,66390.1,66442.9,64.23687405
1775120400000,66442.9,66477.9,66279.6,66423.5,64.66145377
1775121300000,66423.5,66511.5,66362.5,66471.1,18.44877145
1775122200000,66472.3,66547,66400,66434.6,31.27844925
1775123100000,66434.5,66478.7,66361.7,66460.4,26.90214697
1775124000000,66460.3,66498.1,66225.1,66259,52.31636051
1775124900000,66259,66393.7,66234.8,66373.1,30.30367102
1775125800000,66373,66499.6,66363.4,66476.7,48.54522156
1775126700000,66482.2,66507.9,66423.9,66460.5,15.9507241
1775127600000,66460.5,66488.2,66260,66292.6,39.79841206
1775128500000,66292.5,66479,66156.6,66449.1,100.12043638
1775129400000,66449.1,66479.2,66323.9,66334.3,10.45812833
1775130300000,66334.3,66392,66183.2,66212.7,44.56645381
1775131200000,66212.7,66246.3,66060.3,66168.3,112.68179301
1775132100000,66168.4,66183.7,65956.5,66142.4,276.21332809
1775133000000,66142.5,66218.6,66086.4,66212.5,64.58717153
1775133900000,66212.4,66244.7,66009.6,66047.4,28.64010727
1775134800000,66047.5,66161.6,65960,66002.2,101.81237103
1775135700000,66002.2,66187.5,65887,66149.2,58.27673671
1775136600000,66149.1,66247.8,65701.7,65858.4,165.17986122
1775137500000,65858.4,66280,65832.7,66268.3,117.31233523
1775138400000,66268.3,66442.3,66160.1,66392.9,91.13797663
1775139300000,66392.9,66489.3,66200.1,66260.4,77.60932416
1775140200000,66263.6,67054.2,66252.7,67054.2,371.93606283
1775141100000,67054.2,67104.4,66666.6,66863.4,104.57178506
1775142000000,66863.2,66971.9,66700.1,66898.5,122.23389423
1775142900000,66899.3,66910.2,66641.5,66844.9,50.71231814
1775143800000,66845,66989.1,66704.6,66929.4,72.28525959
1775144700000,66929.4,66948.8,66736.2,66852.4,38.01504508
1775145600000,66849.2,66960.8,66808.9,66904.8,55.58437959
1775146500000,66902.1,66961.1,66757.1,66880,34.64149316
1775147400000,66879.9,67291.3,66847.4,67169.1,155.30108885
1775148300000,67169.2,67260,67082.9,67095.9,52.39577273
1775149200000,67089.9,67200,66859.4,67163.5,70.99514192
1775150100000,67163.5,67428.5,67161.7,67243.4,70.17707245
1775151000000,67243.3,67268,66931.1,66991.5,120.60649375
1775151900000,66991.4,66993.7,66670.6,66678.1,58.83583853
1775152800000,66678.1,66800.1,66601.4,66704.7,23.60795546
1775153700000,66705.5,66836.6,66615,66630.8,34.1944539
1775154600000,66629,66808.3,66629,66749.4,18.76749677
1775155500000,66749.4,67066.5,66724.9,66983.7,26.7217671
1775156400000,66983.8,67108.1,66938.6,67057,28.1153949
1775157300000,67057,67110,66928.4,67033.9,49.27898305
1775158200000,67033.9,67058.9,66880.7,66966.2,28.22379279
1775159100000,66966.2,67066.6,66917.1,66981,28.45552415
1775160000000,66981.6,66981.7,66800.1,66891.1,23.24259871
1775160900000,66891.1,67056.1,66878.3,67042.3,27.56073136
1775161800000,67042.3,67100,66951.8,67028.2,23.78996971
1775162700000,67028.2,67047.6,66927.4,66936.6,16.15702168
1775163600000,66936.6,67011.7,66727.3,66827,29.52402574
1775164500000,66827,66932.3,66800,66836.8,10.842368
1775165400000,66836.9,66874.6,66765,66779.4,7.66566721
1775166300000,66779.3,66941.4,66778.7,66941.3,11.87511565
1775167200000,66941.3,67014.3,66896.9,66903.8,10.97621151
1775168100000,66903.8,67000,66824.1,66904.9,13.49387228
1775169000000,66904.9,67000,66904.9,66980.9,9.60790043
1775169900000,66980.8,67038.4,66915.5,66984.7,19.12235115
1775170800000,66984.8,67098.9,66925.9,66954.7,27.56983579
1775171700000,66954.7,67038.5,66936.3,66937.8,18.72070231
1775172600000,66936.1,66960,66888,66888,13.44181532
1775173500000,66888,66905.3,66851.4,66897.9,16.90364851
1775174400000,66898,66997.7,66771.7,66870.7,42.8772566
1775175300000,66870.6,66955,66800,66822.8,27.60634587
1775176200000,66822.7,66910.8,66770.9,66806.1,20.03481131
1775177100000,66806.2,66806.2,66700.1,66783.3,10.2904198
1775178000000,66783.3,66837.6,66718.8,66824.4,24.93224295
1775178900000,66824.4,66890,66740.9,66858.5,14.35856189
1775179800000,66859.2,66897,66489,66560,68.45497358
1775180700000,66560,66627,66492.1,66626.9,30.77897287
1775181600000,66627,66627,66409.7,66503.3,25.89343146
1775182500000,66503.3,66749.9,66450.1,66453.4,19.97453975
1775183400000,66453.3,66506.4,66284.1,66342.9,52.18403852
1775184300000,66343,66543.2,66315.3,66536.2,23.88031848
1775185200000,66536.3,66662.1,66489.1,66650.3,25.0073119
1775186100000,66651,66723.1,66597.9,66631.9,30.41183193
1775187000000,66631.9,66709.3,66528.2,66596.7,18.86620031
1775187900000,66596.7,66639.9,66554.1,66589.4,6.06043225
1775188800000,66588.3,66663.7,66561.3,66635.3,12.34765654
1775189700000,66635.3,66697.7,66539.2,66539.3,10.25949481
1775190600000,66539.3,66609.7,66503,66583.3,18.84125048
1775191500000,66583.3,66686.4,66564.3,66606.6,8.32826492
1775192400000,66609.9,66670.9,66593.3,66595,9.09915834
1775193300000,66595,66595,66418.7,66582.9,13.37754502
1775194200000,66583,66813,66583,66775.4,20.61949532
1775195100000,66775.4,66775.5,66526.5,66612.2,32.26400041
1775196000000,66612.2,66659.9,66553.3,66659.9,17.70999579
1775196900000,66659.9,66698.1,66602.5,66632,6.81543185
1775197800000,66631.9,66779.7,66580,66736.7,20.26930801
1775198700000,66736.8,66799.9,66712,66799.9,33.78195264
1775199600000,66800,66922.2,66760.4,66818.9,211.40144819
1775200500000,66818.9,66941.3,66799.6,66941.3,31.25820654
1775201400000,66941.2,67261.8,66923.2,67078.7,156.69962466
1775202300000,67078.7,67157,67010,67040.6,87.24581675
1775203200000,67040.6,67296.8,67030.6,67167.8,240.36234963
1775204100000,67170.1,67213.9,67057.5,67063.2,57.24064447
1775205000000,67063.2,67130.9,66880,66936,96.17106624
1775205900000,66936.5,67003.2,66890.2,66959.9,76.82326
1775206800000,66959.9,67007.2,66879.1,66888.5,26.2195611
1775207700000,66895,66924.1,66750,66822.2,73.79915934
1775208600000,66822.3,66919.8,66786.5,66900,21.69083117
1775209500000,66900.1,66906.5,66807.3,66861.6,16.51550338
1775210400000,66861.6,66865,66770.3,66823.9,19.6671935
1775211300000,66823.9,66870.3,66756.7,66756.7,29.13823835
1775212200000,66756.7,66797.6,66680.1,66780.6,16.64207273
1775213100000,66780.6,66896.3,66780.6,66881.3,18.6528379
1775214000000,66881.4,66917.6,66817.3,66853.8,40.68208583
1775214900000,66853.9,66960,66835.2,66934.4,28.6738893
1775215800000,66934.4,67056.1,66913.9,66997.5,20.08381503
1775216700000,66997.6,67041.9,66951.4,67020,14.77492472
1775217600000,67020,67050,66938.1,67009.9,19.58791815
1775218500000,67010,67153.7,66940,67117.9,22.50863814
1775219400000,67117.7,67375.2,66793.8,66869.2,198.80994637
1775220300000,66869.2,66900.5,66634.1,66721.7,40.98484845
1775221200000,66721.8,66741,66555,66672.6,58.72872514
1775222100000,66670.9,66726.5,66598.3,66681.4,38.32824612
1775223000000,66681.4,66683.3,66575.2,66600.1,33.59392077
1775223900000,66600.1,66688.6,66509.9,66676.3,28.89682959
1775224800000,66676.3,66799.9,66629.5,66783,55.99879782
1775225700000,66783,66994.9,66717.7,66912.2,46.09497662
1775226600000,66912.3,66936,66807.5,66807.5,22.73578071
1775227500000,66810.3,66988.7,66810.3,66929.3,26.20102113
1775228400000,66928.1,67020.4,66910.8,66959.9,15.41309012
1775229300000,66960,66960,66858.2,66929.2,27.16823453
1775230200000,66930.4,66984.1,66838.3,66856,26.25911391
1775231100000,66856,66879.2,66812.3,66832.1,19.11323235
1775232000000,66832.1,66915.8,66823.5,66907.6,18.0867437
1775232900000,66907.6,66994.8,66871.3,66986,31.12974138
1775233800000,66985.8,67013.9,66926.8,66972.6,39.63700003
1775234700000,66972.6,67066.5,66938.9,67001.3,55.77689684
1775235600000,67001.3,67070.3,66954.3,66955.3,68.63050069
1775236500000,66955.3,66963.9,66755.6,66872,80.84909599
1775237400000,66870.5,66953.1,66854,66891.5,52.17454813
1775238300000,66891.6,66899.4,66808.5,66837.3,24.36954101
1775239200000,66837.4,66865.5,66776.9,66836,49.82793789
1775240100000,66838.7,66930,66816.3,66878.3,67.89684927
1775241000000,66878.3,66919.5,66832.1,66854,54.65955679
1775241900000,66853.9,66853.9,66795.9,66814,38.58964835
1775242800000,66814.1,66858.9,66770.3,66779.4,15.91972396
1775243700000,66779.4,66851.9,66776.5,66789.2,13.27259991
1775244600000,66792.7,66855,66779.9,66849.8,8.780201
1775245500000,66849.7,66910.4,66849.7,66884.4,5.83351513
1775246400000,66884.4,66910.3,66848.6,66900,4.82081402
1775247300000,66900,66910.5,66865.4,66872.8,5.66221816
1775248200000,66872.9,66914.1,66846.3,66888,16.06630916
1775249100000,66887.5,66903.2,66825.4,66825.6,20.78592218
1775250000000,66825.7,66939.1,66817.9,66907.2,21.69027736
1775250900000,66907.3,66941,66868.1,66884.3,12.74150412
1775251800000,66884.2,66942.2,66873.8,66936.8,14.60989676
1775252700000,66936.9,66985.4,66895.9,66956.7,8.02511655
1775253600000,66956.7,66980.9,66841.7,66869.5,8.64797186
1775254500000,66869.4,66935,66858.1,66915.7,11.9383396
1775255400000,66915.7,66962.9,66904.9,66929.4,3.97131221
1775256300000,66929.4,66937.3,66846.4,66890,13.4049999
1775257200000,66890.1,66911.1,66845.1,66868.8,4.78159184
1775258100000,66868.9,66888,66837.4,66860.3,11.99574913
1775259000000,66860.3,66924,66827.4,66871.2,19.56225943
1775259900000,66871.2,66960,66871.2,66960,7.01805442
1775260800000,66960,66960,66871.9,66902.7,6.33611531
1775261700000,66902.7,66960,66887.8,66914.5,2.95612084
1775262600000,66914.4,66959.9,66900.8,66933.6,7.29917429
1775263500000,66933.6,66937.1,66873.7,66894.5,6.22558534
1775264400000,66894.4,66924.8,66850.5,66850.5,4.72806931
1775265300000,66850.5,66880.5,66834.5,66842.8,11.49281046
1775266200000,66842.8,66868.3,66827.8,66827.8,9.3027702
1775267100000,66827.9,66855.2,66827.8,66852.4,3.26622603
1775268000000,66852.5,66923.7,66824.9,66843.9,20.98307437
1775268900000,66846,66847.6,66818.4,66835,4.05367172
1775269800000,66835,66886.6,66829.6,66829.6,4.26055164
1775270700000,66829.5,66845.2,66811.3,66845.2,7.60891536
1775271600000,66845.3,66906.7,66845.3,66892.9,3.43236736
1775272500000,66893,66893,66845.4,66848.5,6.88563367
1775273400000,66848.6,66860,66833.2,66845.9,24.49110476
1775274300000,66845.8,66871.1,66828.5,66833.2,4.66706374
1775275200000,66833.3,66850,66800.1,66800.1,2.94010498
1775276100000,66800.1,66862.2,66775,66857.8,4.97559421
1775277000000,66857.9,66865.2,66847.4,66861.8,5.33471528
1775277900000,66861.8,66866,66846.4,66859.4,22.46523791
1775278800000,66859.5,66894.9,66838.9,66863.5,16.66544935
1775279700000,66863.6,66899,66838.3,66871.3,5.6247091
1775280600000,66873.8,66934.4,66868.4,66891,10.6019333
1775281500000,66891,66924.4,66891,66907.8,8.62806024
1775282400000,66907.8,66959,66907.8,66951.6,8.49627897
1775283300000,66951.6,66965.3,66905.4,66951.5,15.87791915
1775284200000,66951.6,66956.5,66914.3,66956.5,4.79953066
1775285100000,66958.1,67043.4,66958.1,67009.3,26.69040135
1775286000000,67009.3,67035.9,66983.4,66999.6,13.92958074
1775286900000,66997.8,67010,66930.3,66956.5,14.32010863
1775287800000,66957.3,67013,66957.3,66972,52.94486476
1775288700000,66971.9,67056.4,66951.7,67021.7,53.25980231
1775289600000,67021.7,67050,66989,66997.3,10.58198785
1775290500000,66997.3,67062.7,66992.7,67050,21.95543502
1775291400000,67049.9,67049.9,66956.8,66971.6,8.75585793
1775292300000,66971.6,66971.7,66910.7,66944.5,8.26339886
1775293200000,66944.6,66990,66915.6,66980.4,7.47261397
1775294100000,66980.4,66989.8,66940.9,66978.1,14.63930654
1775295000000,66978.1,66985.1,66960,66960.1,1.88404586
1775295900000,66960,66986,66960,66985.6,2.10712479
1775296800000,66985.7,67014.8,66910,66910.3,10.88878429
1775297700000,66910.2,66946.2,66910.2,66938.5,4.1108957
1775298600000,66938.5,67063.3,66925,67036.5,11.77214005
1775299500000,67036.5,67170.3,67034.3,67166.2,54.42402717
1775300400000,67166.2,67228,67144,67172.5,142.87036409
1775301300000,67172.4,67172.4,67109.6,67123.1,26.82714924
1775302200000,67123.1,67158.3,67083.3,67136.5,14.81421135
1775303100000,67136.6,67160,67103.1,67159.9,9.86569064
1775304000000,67160,67185.6,67080.6,67118.4,18.63914972
1775304900000,67115.3,67144.9,67103.9,67110.3,7.14612269
1775305800000,67110.3,67127.5,67055.9,67060.4,11.1206927
1775306700000,67061.9,67112,67060.7,67093.6,38.2217958
1775307600000,67093.7,67107.7,67076.8,67106.7,7.04612083
1775308500000,67106.7,67140.3,67090,67109.5,4.36982709
1775309400000,67109.6,67267.9,67096.3,67237.1,25.89386536
1775310300000,67238.4,67239.4,67170.8,67198,13.3343491
1775311200000,67196.5,67220,67183.9,67201.2,17.50593889
1775312100000,67201.2,67212.1,67185.8,67185.9,7.77089894
1775313000000,67185.8,67185.8,67017.7,67104.5,55.71173384
1775313900000,67104.5,67210,67104.5,67209.6,12.04484803
1775314800000,67209.6,67545.7,67177.3,67381.9,108.53523346
1775315700000,67381.9,67473.3,67292.9,67329.5,47.57503666
1775316600000,67329.6,67354.9,67272.6,67327,20.21731042
1775317500000,67326.7,67393.3,67292,67379.4,13.17111942
1775318400000,67379.5,67400,67325.7,67332.3,20.7271763
1775319300000,67341.6,67479.2,67320.6,67440.4,28.55984013
1775320200000,67440.4,67511.4,67380.5,67511.4,32.88534294
1775321100000,67511.6,67517.7,67351.8,67355.6,34.86515001
1775322000000,67363,67380.6,67283.4,67380.6,12.98590292
1775322900000,67380.5,67497,67347.1,67396.3,103.97842236
1775323800000,67396.2,67406.9,67323.1,67323.2,4.05068993
1775324700000,67323.2,67355.4,67320.2,67340.5,7.22721842
1775325600000,67337.7,67348.5,67299,67336.3,13.68147644
1775326500000,67336.2,67387.4,67331.1,67331.2,10.02008816
1775327400000,67331.2,67335.4,67285.4,67285.4,18.59986686
1775328300000,67285.5,67329.7,67265.2,67296.9,13.06346988
1775329200000,67297,67500,67297,67496.8,22.62128732
1775330100000,67496.5,67544.6,67361.2,67364.5,30.53968802
1775331000000,67364.5,67373.6,67287.7,67303.3,10.85470707
1775331900000,67303.3,67330.9,67273.6,67288.9,4.82092642
1775332800000,67288.9,67289,67182.1,67230.2,14.27262323
1775333700000,67230.2,67279.3,67230.2,67266.4,4.33425287
1775334600000,67266.4,67298.5,67248.8,67263.8,4.80923232
1775335500000,67262.3,67303,67253.5,67270.6,16.07456589
1775336400000,67270.6,67292.4,67213.5,67239.3,17.17181362
1775337300000,67239.4,67287.2,67239.3,67274.7,5.91742627
1775338200000,67274.8,67325.6,67259.1,67304.8,12.00588323
1775339100000,67304.9,67478.8,67304.8,67352.8,18.52430741
1775340000000,67352.9,67389.6,67338.6,67387.2,10.69483607
1775340900000,67388.1,67449.5,67378.4,67423.7,5.56478031
1775341800000,67423.7,67467.1,67384.4,67467.1,13.21900881
1775342700000,67467.2,67467.2,67370.1,67398.4,10.55473008
1775343600000,67398.4,67402.2,67332.4,67355.4,12.25457322
1775344500000,67355.4,67364.2,67302.9,67302.9,5.72677794
1775345400000,67302.9,67342.9,67265,67323.8,15.92382564
1775346300000,67323.9,67326.3,67252,67302.5,27.84448667
1775347200000,67302.6,67309.5,67241.7,67254.9,5.86396981
1775348100000,67254.8,67282.3,67234.4,67262,13.34154889
1775349000000,67262,67274.1,67237.5,67250.1,12.30472373
1775349900000,67250.1,67266.3,67163.4,67210.1,18.86495089
1775350800000,67210.1,67229.4,67110,67185.1,12.944501
1775351700000,67185.1,67185.2,67124.4,67133.2,11.66188728
1775352600000,67129.2,67129.3,67077.9,67092.8,11.5356492
1775353500000,67092.8,67119.3,67077,67088.2,25.68757886
1775354400000,67088.3,67088.5,66953.8,66994.1,39.19622528
1775355300000,66994.2,67158.9,66983.7,67128.1,20.68399954
1775356200000,67128.1,67169.7,67115,67131.9,13.83557214
1775357100000,67131.8,67174.8,67124.9,67170,6.78529472
1775358000000,67169.4,67192.4,67148.5,67191.2,8.15036172
1775358900000,67191.1,67191.2,67130.2,67150.8,7.26596491
1775359800000,67150.9,67150.9,67081.7,67135.7,6.62323267
1775360700000,67135.7,67143.4,67117.9,67143.4,4.24734793
1775361600000,67144.4,67144.4,67070.1,67088.5,7.51644402
1775362500000,67088.5,67189.4,67081.6,67186.5,4.33537094
1775363400000,67186.5,67186.5,67128.5,67128.5,4.38704396
1775364300000,67128.6,67145,67082.1,67097.2,6.67671019
1775365200000,67097.3,67153.2,67093.6,67109.1,4.02002738
1775366100000,67109.1,67126.6,67044.9,67078.9,5.36138148
1775367000000,67079,67104.8,67055.6,67087.7,6.32888218
1775367900000,67087.6,67094.1,66886.3,66929.2,41.99597645
1775368800000,66932.5,66947.8,66629.9,66660.4,98.42084568
1775369700000,66660.5,66779.6,66606.7,66761.7,29.2498191
1775370600000,66761.8,66850,66761.8,66824.2,37.47850767
1775371500000,66824.3,66863.3,66800,66800.1,22.17468866
1775372400000,66800.1,66909,66800.1,66903.4,38.67694553
1775373300000,66903.4,66921.8,66789.6,66816.2,12.35114474
1775374200000,66816.2,66816.3,66718.1,66774.3,15.05896078
1775375100000,66774.3,66827.1,66740.1,66822.8,26.78650035
1775376000000,66817.5,66883.8,66813.1,66858.8,9.2817116
1775376900000,66858.9,66910.5,66851,66869.9,4.10026986
1775377800000,66869.9,66891,66833.9,66850.7,11.23147898
1775378700000,66850.6,66933,66850.6,66929.2,26.4497299
1775379600000,66929.3,66980,66891.2,66924.2,84.28407493
1775380500000,66924.2,67020,66924.2,67011.9,18.75298137
1775381400000,67012,67023,66962.3,67023,10.40169579
1775382300000,67022.9,67046.8,67010.6,67029.5,25.77007887
1775383200000,67029.6,67030.3,66960.2,66961.4,66.39233235
1775384100000,66961.4,66988.8,66960,66988.8,7.32373889
1775385000000,66988.7,67140,66980,67080,20.97742315
1775385900000,67080,67080.5,67007.7,67043.9,6.57599391
1775386800000,67043.9,67084.1,67026.8,67050.4,5.44979528
1775387700000,67050.5,67087.6,66990.1,67005.8,8.00532227
1775388600000,67005.8,67017.1,66967.1,66993.1,12.39998523
1775389500000,66993.1,67000.6,66974.8,67000.6,3.445011
1775390400000,67000.6,67000.6,66898.6,66907,12.42278352
1775391300000,66906.9,66936.9,66884.8,66884.8,15.86687247
1775392200000,66884.8,66894.3,66690.8,66748.7,57.00775039
1775393100000,66748.6,66803.7,66687.6,66784.5,26.79135775
1775394000000,66784.5,66857.2,66762.4,66762.4,18.67412062
1775394900000,66762.5,66860.1,66708.9,66708.9,25.2200846
1775395800000,66708.9,66858.6,66700,66831.8,28.41323587
1775396700000,66831.6,66915.5,66829.8,66894.4,18.33859378
1775397600000,66894.4,66965.8,66852.6,66880,13.82023198
1775398500000,66880,66920,66811.3,66904.1,24.3257019
1775399400000,66904.2,66970,66889.6,66940.7,31.4398719
1775400300000,66946.2,66950,66910.5,66926.4,7.7322703
1775401200000,66926.5,66970,66829,66941.9,13.24233718
1775402100000,66941.4,67530,66941.4,67498.2,157.62210527
1775403000000,67500,67866.6,67310.5,67446.5,263.890393
1775403900000,67446.6,67453.1,67272.7,67304.4,32.60979678
1775404800000,67304.5,67398.2,67271.1,67299.3,26.45535247
1775405700000,67299.4,67386.1,67299.4,67318.7,7.99834632
1775406600000,67318.7,67415.2,67264.9,67324.4,28.77979811
1775407500000,67324.4,67324.4,67157,67212.9,20.28580114
1775408400000,67213,67307.5,67182.1,67285.2,13.76714647
1775409300000,67285.2,67349.9,67186.6,67340.5,7.64356515
1775410200000,67344.2,67400,67302.8,67362.8,9.66371973
1775411100000,67362.9,67396.9,67285,67372.5,16.38923266
1775412000000,67372.5,67375.8,67274.8,67309.1,10.45161962
1775412900000,67309.1,67340,67274.7,67305.4,7.57543151
1775413800000,67305.4,67454.4,67305.4,67426,21.02766066
1775414700000,67424.6,67451.2,67386,67412.5,6.24451587
1775415600000,67414.2,67425.2,67365.9,67415.1,22.83362079
1775416500000,67415,67563.3,67398,67470.7,17.39431593
1775417400000,67470.8,67470.8,67284.3,67310.4,10.79222615
1775418300000,67310.4,67364.1,67281.4,67364.1,4.90343606
1775419200000,67364.9,67416.7,67331.4,67383.7,9.70573284
1775420100000,67383.7,67497.1,67374.4,67478.3,7.93120599
1775421000000,67478.3,67702.7,67464.3,67551.7,54.7166876
1775421900000,67552.9,67678.6,67539.9,67665.1,22.42724121
1775422800000,67665.2,67665.2,67418.3,67517.6,51.24130601
1775423700000,67517.6,67540,67413.7,67480.5,8.78617163
1775424600000,67480.6,67527.5,67421.3,67498.5,5.65159577
1775425500000,67498.7,67685.4,67471.5,67549.8,16.61530525
1775426400000,67550.1,67794.7,67473.7,67526.9,74.82423047
1775427300000,67527,67605.1,67345.9,67429.7,27.85930962
1775428200000,67429.7,67990,67409,67959.3,104.31424452
1775429100000,67956.6,68371.3,67955.4,68341.1,224.87480994
1775430000000,68341.2,68600,68258.5,68600,117.24878747
1775430900000,68600,68988,68600,68805,226.0575147
1775431800000,68805,69130.5,68794.3,68951.8,158.14475792
1775432700000,68954.6,69061.5,68893.9,69030,80.2607256
1775433600000,69030,69600,69029.1,69237,537.15424327
1775434500000,69237.1,69355.9,69078.7,69181.4,92.29103566
1775435400000,69181.4,69446.9,69110.4,69317.9,113.61126201
1775436300000,69318,69347.5,69076.4,69083.9,45.7216987
1775437200000,69083.9,69135.8,68853.2,68853.2,136.63964923
1775438100000,68853.3,68998.9,68833.3,68983,33.31312888
1775439000000,68983,68983.1,68803.7,68803.8,38.74412623
1775439900000,68803.8,68878.7,68791,68815.5,34.19963313
1775440800000,68812.2,69330.3,68777.1,69110.2,104.28947735
1775441700000,69114.9,69316,69100.1,69234.3,65.12108729
1775442600000,69234.4,69410,69175,69215.5,64.64426768
1775443500000,69215.6,69300.2,69198.9,69208.1,144.40826573
1775444400000,69208,69253.8,69115.5,69129.5,30.62798229
1775445300000,69129.5,69206.2,69061.2,69184.7,62.29673158
1775446200000,69184.7,69230,69078.1,69117.1,16.76128107
1775447100000,69117.1,69149.3,69061.6,69124.5,24.51238856
1775448000000,69124.4,69199.2,69005,69067.4,43.25153118
1775448900000,69067.5,69079.5,68981.2,69005.5,23.50742768
1775449800000,69005.6,69214.2,68998.3,69178.6,40.16320086
1775450700000,69178.2,69209.7,69126,69143.9,31.03097237
1775451600000,69143.8,69180,69122,69163.5,19.39268355
1775452500000,69163.6,69220,69091.2,69170.5,31.44266681
1775453400000,69170.5,69240,69170.5,69219.3,34.31015298
1775454300000,69219.3,69232.2,69152.8,69193.9,15.56911682
1775455200000,69194,69350,69103,69306.9,60.50385971
1775456100000,69307,69307,68800.4,68845.1,110.97119089
1775457000000,68845.1,68974.8,68835.1,68927.6,38.7681538
1775457900000,68927.5,69103.9,68923.1,68979.6,40.54299189
1775458800000,68979.7,68993.4,68820.8,68902.3,20.01547121
1775459700000,68902.3,69104,68902.3,69072,18.30464007
1775460600000,69072,69137.9,68970.1,68980.5,203.58602488
1775461500000,68981.2,69206.4,68940,69107.3,228.72661372
1775462400000,69108.9,69217.3,69077.1,69168.4,18.19640219
1775463300000,69168.4,69250,69118.4,69233.4,61.65838857
1775464200000,69233.4,69346,69205.1,69296.7,45.08061447
1775465100000,69296.6,69315,69211.7,69224.7,29.36787545
1775466000000,69224.7,69762.1,69210.9,69634.9,182.10592243
1775466900000,69630.3,70273.4,69629,69929,656.56720991
1775467800000,69930.5,69971.8,69710.4,69854.5,110.52803931
1775468700000,69853.9,69895.4,69693.2,69720.9,95.16734426
1775469600000,69721,69850,69720.3,69814.6,42.94584075
1775470500000,69814.6,69859.7,69729.5,69761,77.58608469
1775471400000,69761.1,69946,69746.7,69886.5,128.08278337
1775472300000,69886.5,69886.5,69676.2,69768.1,91.72680241
1775473200000,69768.1,69768.1,69665.2,69671.6,20.71799774
1775474100000,69671.6,69719.6,69584.2,69619.3,35.79812984
1775475000000,69619.2,69708.8,69565.2,69646.4,73.41550773
1775475900000,69646.5,69696.6,69562.6,69613.5,23.81951977
1775476800000,69613.6,69633.6,69459.8,69476.9,44.30807903
1775477700000,69476.8,69530.2,69424.1,69462.4,53.39309608
1775478600000,69465.5,69537.2,69382,69491.7,42.75147682
1775479500000,69491.8,69541.4,69330,69373.8,84.4960727
1775480400000,69373.8,69454.6,69364.7,69409.5,19.28733743
1775481300000,69409.5,69486.1,69330,69474.9,24.79296653
1775482200000,69475,69559.1,69243.4,69334.8,143.32721853
1775483100000,69335,69499.5,69260.4,69432.7,107.31475712
1775484000000,69433.2,69663.6,69162.3,69349.9,217.67063408
1775484900000,69349.9,69643.4,69334.5,69546.7,94.35530236
1775485800000,69546.8,69811.4,69321.8,69461.7,211.38637036
1775486700000,69461.6,69692.8,69308.3,69657.1,58.44893719
1775487600000,69653.8,69800,69523.7,69700.4,79.12432093
1775488500000,69700.5,69775.1,69600,69740.6,92.72715929
1775489400000,69740.6,69850,69650.1,69827.6,67.69309733
1775490300000,69822.8,69975.5,69774.2,69965.1,83.88110638
1775491200000,69965,70106,69850.1,70070.5,117.49830863
1775492100000,70070.6,70095,69900.2,69905.3,42.71918935
1775493000000,69905.3,70120,69847.7,70119.9,51.93447302
1775493900000,70120,70344.8,69769.4,69795.4,171.28388502
1775494800000,69795.3,69816.7,69299.1,69340,207.3313625
1775495700000,69337.2,69578.4,69269.2,69530.4,73.12153208
1775496600000,69530.3,69633.9,69431.1,69462.1,43.22728613
1775497500000,69463,69603.8,69411.6,69572.9,22.89767383
1775498400000,69569.8,69782,69472.8,69749.9,103.76379947
1775499300000,69749.9,69965.7,69712.8,69855.3,59.59965174
1775500200000,69855.4,69932.1,69739.2,69779.1,24.28491026
1775501100000,69779.1,69909,69706.1,69891.5,20.21438503
1775502000000,69891.6,69891.6,69573.5,69730.2,41.41359313
1775502900000,69729,69900.4,69728.2,69842.7,191.40643214
1775503800000,69842.7,69886.6,69679.3,69756.9,28.60880836
1775504700000,69756.9,69764.3,69667,69738.4,58.94790291
1775505600000,69738.3,69760.6,69620,69754.8,41.66250123
1775506500000,69754.8,69959.9,69754.8,69952.7,44.75695402
1775507400000,69952.6,69974.3,69881.3,69906.5,39.83104614
1775508300000,69906.5,69918.8,69812.2,69819.2,25.90021648
1775509200000,69819.1,69819.1,69678.4,69718.7,54.80811081
1775510100000,69718.6,69753.8,69650,69650.1,19.81283341
1775511000000,69650.1,69660.3,69428.7,69428.7,41.97235752
1775511900000,69428.7,69570.1,69428.7,69505.4,28.58799514
1775512800000,69505.4,69582.4,69400,69545.9,44.02695492
1775513700000,69545.6,69545.6,69317,69365.6,73.50751657
1775514600000,69365.5,69365.5,69200,69229.2,111.44483979
1775515500000,69228.1,69228.1,68803.2,68803.2,159.18875392
1775516400000,68803.2,68814.5,68297.1,68593.4,203.03669485
1775517300000,68593.4,68685.2,68485.8,68521,47.9490708
1775518200000,68521,68850,68477.3,68784.1,35.93687897
1775519100000,68784.1,68909.6,68777.1,68841,22.98300026
1775520000000,68840.9,69118.5,68795.2,68939.3,41.65979077
1775520900000,68939.7,69063.7,68869.6,68930.6,28.20151213
1775521800000,68930.6,69043.4,68724.5,68785.7,65.4020873
1775522700000,68780.2,68894.2,68741.1,68769.9,28.23229562
1775523600000,68769.9,68769.9,68539.6,68592.9,113.83495785
1775524500000,68592.9,68900,68592.9,68723.3,46.75028663
1775525400000,68723,68801.5,68594,68631.6,25.13091078
1775526300000,68633.2,68646.9,68342.5,68400,78.83176005
1775527200000,68400.1,68499.9,68278.6,68430.5,65.48281654
1775528100000,68430.5,68580,68416.3,68576.1,26.53933636
1775529000000,68576.2,68714.2,68505.5,68621.8,61.81613574
1775529900000,68621.8,68693.7,68549.9,68676.7,30.22252055
1775530800000,68676.8,68750.5,68621,68679,42.70012184
1775531700000,68679,68800.1,68656.4,68782.5,40.85464637
1775532600000,68782.5,68803,68722.6,68790.5,40.05178096
1775533500000,68790.5,68794.8,68730,68778.9,27.15353458
1775534400000,68779,68784.9,68622.7,68667.7,22.53254847
1775535300000,68667.7,68684.4,68543.8,68602.2,43.63921721
1775536200000,68602.2,68869.5,68602.2,68852.6,75.13960573
1775537100000,68852.6,68999.8,68829.4,68857.4,55.47457784
1775538000000,68857.5,68867.8,68795,68810.1,21.14072623
1775538900000,68810.1,68837,68700,68703.1,46.78657019
1775539800000,68703.1,68756.9,68650,68650,25.03204789
1775540700000,68650,68696.5,68620.7,68664.1,46.53434695
1775541600000,68664.1,68664.1,68489.2,68522.6,80.36157511
1775542500000,68522.6,68584.8,68444,68570.4,51.99672797
1775543400000,68570.5,68584.1,68478.1,68555,18.59170902
1775544300000,68555,68609,68502.5,68572.5,23.58205856
1775545200000,68574.8,68581.3,68500,68557.5,11.48143891
1775546100000,68557.4,68653.1,68504.2,68582.6,19.72509011
1775547000000,68580,68706.5,68580,68668.6,21.97710397
1775547900000,68668.5,68676.5,68605.8,68616.1,27.09345514
1775548800000,68616,68845.7,68597,68734.3,31.18105909
1775549700000,68733.5,68855.4,68660,68756.1,29.75655718
1775550600000,68756.5,68941.1,68756.5,68910.6,34.54169866
1775551500000,68910.7,68982.5,68882.5,68935.4,47.77326263
1775552400000,68935.5,69245.4,68926.2,69099.8,88.33668773
1775553300000,69099.8,69156.8,68985,69055,48.78247991
1775554200000,69055.1,69243.3,69044,69180.6,70.14873924
1775555100000,69180.5,69194.4,69100.5,69140.2,54.7809784
1775556000000,69140.3,69199,68814.2,68908,91.22251286
1775556900000,68907.9,69012.7,68659.5,68733.3,111.95634766
1775557800000,68733.4,68783.5,68455,68479.9,145.5550826
1775558700000,68479.9,68480,68200,68231.6,139.64044949
1775559600000,68231.6,68351.6,68062.1,68350.1,167.85572541
1775560500000,68350,68420.1,68262.6,68373.6,70.25354601
1775561400000,68373.7,68461.5,68288.6,68412.4,36.49883095
1775562300000,68412.3,68437,68329,68340,16.07155348
1775563200000,68344.4,68490.7,68074.8,68270.4,186.50214084
1775564100000,68270.5,68451.2,68200.4,68429,61.23757326
1775565000000,68429,68473.4,68281.5,68321.9,26.09966134
1775565900000,68322,68613.9,68235.5,68396.9,70.29997252
1775566800000,68397,68642.4,68382.5,68619.9,85.52776811
1775567700000,68619.9,68626.5,68458.3,68485.1,37.63360657
1775568600000,68485.6,68596.8,68296.4,68336.2,64.43041671
1775569500000,68335.5,68450,68200,68235,58.6781776
1775570400000,68235.1,68263.7,67785.1,67894.5,248.92325431
1775571300000,67894,68160,67766,68149.9,110.50188246
1775572200000,68147.3,68228.5,67989.1,68000.4,56.92109077
1775573100000,68000.5,68219.9,67860.6,67860.6,50.98362104
1775574000000,67860.6,67987.7,67730.1,67886.8,99.8631343
1775574900000,67889,68200,67885.5,68181.7,97.63895959
1775575800000,68186.2,68213.7,68071.7,68088.5,46.31815094
1775576700000,68091.5,68274.6,68073.3,68168.2,25.55031369
1775577600000,68168.2,68451.8,68100,68146.5,98.67079472
1775578500000,68146.6,68392.3,68079.9,68388.8,74.10753402
1775579400000,68388.8,68389.5,68285.3,68322.5,25.46480704
1775580300000,68322.4,68396.6,68206,68234,30.38133259
1775581200000,68234.5,68366.9,68199.9,68303.6,25.68166124
1775582100000,68302,68414.1,68190.3,68414.1,32.73684187
1775583000000,68414.2,68999.9,68414.2,68691.9,133.51001723
1775583900000,68689.5,68828,68674,68701.6,46.34082744
1775584800000,68701.7,68771,68610.6,68646,18.23579527
1775585700000,68642.4,68680.9,68554.2,68642.2,118.93027
1775586600000,68640.4,68730.6,68460.1,68518.5,35.16805666
1775587500000,68518.2,68518.2,68347,68441.1,48.06356955
1775588400000,68440.1,68490.9,68351.3,68453.4,30.92631273
1775589300000,68458.1,68818,68454.6,68578,47.89247792
1775590200000,68576.5,68582.3,68451.7,68510.6,27.406903
1775591100000,68511.3,69084.9,68481.2,69003.9,209.13500387
1775592000000,69004,69534,69004,69433,233.7123398
1775592900000,69435,69499.9,69270.2,69360,48.47725609
1775593800000,69359.9,69403.9,69201.1,69294.2,61.72388941
1775594700000,69293,69321.8,69169.4,69312.1,40.84467582
1775595600000,69312.5,70210,69303.4,69975.1,347.31021119
1775596500000,69980,70030,69488.3,69586.2,111.87965285
1775597400000,69583.2,69904.4,69583.2,69904.4,60.18144582
1775598300000,69904.4,70099,69820,69921.9,124.30725413
1775599200000,69921.9,70566.1,69921.9,70279.8,287.0358126
1775600100000,70281.9,70465.7,70180.2,70421.4,110.25499137
1775601000000,70415.3,71295.6,70412.9,70744.9,762.34790657
1775601900000,70747,71525.8,70732.3,71511.9,278.90944997
1775602800000,71511.9,71730.7,71187.6,71485.2,313.3798206
1775603700000,71486,72750,71319.1,72750,776.49342416
1775604600000,72750,72760,71904.1,72009.7,393.47015547
1775605500000,72009.8,72228.7,71871.5,71915.1,260.29590654
1775606400000,71915,72107.5,71784.2,71958.1,217.92744027
1775607300000,71958,72086,71853.1,71924.1,129.6967001
1775608200000,71926.6,72016.6,71746.1,71841,127.77268287
1775609100000,71841,71852.4,71548,71710.5,139.52693083
1775610000000,71710.5,71764.3,71507.2,71688.8,107.75054641
1775610900000,71688.8,71699,71463.7,71482.4,75.08189962
1775611800000,71482.5,71587.1,71467.6,71482.1,75.05707522
1775612700000,71482.1,71596.6,71460.6,71486.1,38.06327737
1775613600000,71486.7,71731.3,71373.7,71730.4,70.58789618
1775614500000,71730.5,71734,71423,71470.5,58.0186046
1775615400000,71470.5,71495.1,71248.1,71312,131.5040907
1775616300000,71313.9,71411.6,71304.5,71371,52.66051725
1775617200000,71371,71450.6,71288,71295.5,60.32845219
1775618100000,71295.4,71487.7,71276,71479,53.77325904
1775619000000,71478.9,71478.9,71358.3,71368,28.45448256
1775619900000,71368,71368,71300,71300,25.37986605
1775620800000,71300.1,71554.9,71290.2,71521.7,93.17781276
1775621700000,71521.6,71604.9,71484.6,71577.5,70.8187761
1775622600000,71577.5,71692.3,71536.5,71617.9,39.43212465
1775623500000,71617.6,71683,71556.6,71575.7,60.94340016
1775624400000,71578.1,71684.5,71562,71676,48.08167648
1775625300000,71676.1,71799.5,71645,71729.6,62.15554052
1775626200000,71729.6,71773.5,71675.6,71716.1,59.87930895
1775627100000,71716.1,71835.3,71649.6,71737.4,59.83301022
1775628000000,71737.4,71858.5,71587.5,71810.7,120.32448076
1775628900000,71810.6,71950.5,71742.1,71865.1,146.20145235
1775629800000,71865.2,71872.2,71771.8,71821.8,52.90895846
1775630700000,71821.7,71830.3,71729.8,71741,35.35709976
1775631600000,71741,71810.7,71646.5,71765.2,41.09196875
1775632500000,71765.3,71913,71716.7,71825.5,57.47810974
1775633400000,71825.6,71825.6,71626.7,71654,231.88762637
1775634300000,71654.1,71654.1,71580,71636.5,191.74648033
1775635200000,71636.6,71816.2,71636.6,71713.6,67.2462603
1775636100000,71713.6,71809.9,71683,71754.6,49.52480385
1775637000000,71754.6,71832.9,71650,71735.9,60.62667853
1775637900000,71735.4,71801.1,71703,71801,23.29768776
1775638800000,71801,71957.4,71800.9,71825.3,99.31151155
1775639700000,71825,71879.5,71686.7,71686.8,42.89395537
1775640600000,71686.8,71755.1,71600,71601.5,33.47715321
1775641500000,71601.5,71715.7,71600,71689.1,31.13268835
1775642400000,71689.1,71793.1,71595,71616.2,33.92881872
1775643300000,71616.1,71694.9,71601.5,71651.2,25.11086435
1775644200000,71651.1,71661.7,71465.1,71560,90.46852027
1775645100000,71560,71591.1,71484.1,71484.1,42.29165785
1775646000000,71484,71665.6,71455.9,71644,42.37484752
1775646900000,71643.1,71682.2,71530.6,71667.5,60.96107144
1775647800000,71667.5,71667.5,71410.3,71532.2,49.8045895
1775648700000,71532.2,71733.5,71490,71687.3,50.16098772
1775649600000,71687.5,71849.5,71687.5,71837.9,47.47977204
1775650500000,71838.4,71849.5,71581,71775.6,99.23101018
1775651400000,71774.5,71950,71742.5,71938,91.69837809
1775652300000,71938.1,72181.8,71895.8,72071.8,155.68729869
1775653200000,72071.4,72777,72066.2,72627.7,424.07171847
1775654100000,72623.1,72858,72414.4,72483.9,165.22664841
1775655000000,72484,72610.1,71666,71680,305.50137657
1775655900000,71681.6,71991.1,71513.9,71599.6,257.5999018
1775656800000,71598.5,71752.4,71313.6,71515,190.27628451
1775657700000,71515.1,71644,71363.6,71461.4,119.64707912
1775658600000,71461.6,71517.3,70924.1,71093.5,266.93563533
1775659500000,71092,71177.6,70703.9,70911.5,214.23977998
1775660400000,70911.6,71100,70829.9,71099.9,148.75446719
1775661300000,71099.9,71246.5,71053.9,71182.1,116.62239185
1775662200000,71184.6,71324.9,71105.9,71196,98.67474658
1775663100000,71196,71351.5,71196,71307.4,41.34435709
1775664000000,71306.6,71428.3,71259.4,71333.3,84.14548916
1775664900000,71332.5,71493.4,71261.5,71388,42.40750595
1775665800000,71393.2,71478.1,71250,71452,40.04251932
1775666700000,71454.4,71703.2,71419,71599.4,111.05395729
1775667600000,71599.5,71799.8,71580.8,71783.6,67.21604746
1775668500000,71783.5,71783.5,71485.2,71639.1,58.34912141
1775669400000,71639,71960,71632.6,71845.2,162.60195698
1775670300000,71852.3,71929.9,71815,71888,92.27271925
1775671200000,71888.1,71890.5,71652.1,71705,40.2338752
1775672100000,71708,71767.5,71304.3,71387,139.73459716
1775673000000,71387.1,71611.9,71272.6,71297,69.50237149
1775673900000,71294.3,71355.2,71085.8,71096.5,58.60816383
1775674800000,71096.5,71273.4,71016.2,71273.4,42.43560523
1775675700000,71273.2,71294.1,71124,71129.8,15.55123154
1775676600000,71129.8,71344.6,71064.8,71302.2,57.7847263
1775677500000,71302.2,71370.3,71252.9,71310.2,37.70131851
1775678400000,71309.6,71447.5,71301.1,71429,26.10752965
1775679300000,71433.6,71479.3,71371,71438.6,25.96268152
1775680200000,71438.6,71441.5,71277.9,71302.9,22.39406459
1775681100000,71302.9,71384.3,71280.2,71378.6,13.3291071
1775682000000,71378.7,71584.9,71333.1,71515.2,31.13819733
1775682900000,71515.2,71750,71515.1,71669.5,29.29931143
1775683800000,71669.5,71708.1,71550,71550.1,22.098934
1775684700000,71550,71649,71511.8,71548.8,13.94728777
1775685600000,71548.9,71574.2,71394.6,71453,27.85077479
1775686500000,71453,71485.9,71153.8,71169.1,39.41910424
1775687400000,71169.2,71368.9,71100,71241.5,29.56576881
1775688300000,71241.5,71284.7,71059.6,71066.1,20.6865578
1775689200000,71066.1,71178.1,70901.6,71169.9,65.12859303
1775690100000,71163.9,71210.5,70913,71025.3,20.83172675
1775691000000,71028,71123.7,70955.6,71079.3,18.59237858
1775691900000,71079.3,71166.9,71063.4,71072.5,11.53394974
1775692800000,71073,71134.8,70982.1,70997.5,38.61615173
1775693700000,70997.6,71010,70872.1,70924.4,81.4308046
1775694600000,70924.5,70942.9,70751.3,70809.7,86.16131742
1775695500000,70807.6,70878.9,70654.5,70809,53.97400647
1775696400000,70809.1,70878.9,70477.1,70666.7,117.02062219
1775697300000,70668.7,70679.5,70463.1,70618,62.24816161
1775698200000,70620.8,70846.5,70590.1,70762.7,55.42872841
1775699100000,70762.7,70953,70700.3,70923.6,28.04425095
1775700000000,70923.5,71020.3,70819.9,70831.2,33.23827764
1775700900000,70832.5,71061.1,70810.1,71023.5,18.52412059
1775701800000,71023.5,71085.5,70907.1,71044.5,90.09400529
1775702700000,71044.5,71199.8,70990.3,71059.7,47.75055171
1775703600000,71059.7,71120.4,70940.8,70984.5,23.7800085
1775704500000,70984.6,71000,70859.8,70908.2,15.8982957
1775705400000,70908.1,70986.4,70861,70901.9,15.13052005
1775706300000,70905.4,71046.1,70841.2,70994.1,25.39031243
1775707200000,70994.1,71005,70888.3,70901,12.03505834
1775708100000,70901.1,70940.5,70797.5,70844.6,41.18647751
1775709000000,70844.9,70928,70838.2,70873.8,9.82011815
1775709900000,70871.2,70902.3,70729.8,70789.4,30.46379699
1775710800000,70789.5,70868.9,70694.8,70868.9,22.28054304
1775711700000,70868.8,70999.5,70847.4,70979.1,30.80807195
1775712600000,70979,71085.6,70962.3,71045.6,49.55827677
1775713500000,71045.5,71045.7,70907,70995.1,17.35148496
1775714400000,70995.1,71085.9,70995.1,71013.6,31.2505689
1775715300000,71013.6,71017,70834.4,70862.7,14.83820788
1775716200000,70862.1,70970,70811.9,70939.4,13.69821841
1775717100000,70939.5,71026,70907.1,71026,7.8653635
1775718000000,71027.2,71116.3,71007.9,71083.6,30.42879624
1775718900000,71083.5,71083.5,70971,70995.8,29.12667846
1775719800000,70995.7,71075.9,70948,71006.1,47.31293148
1775720700000,71006,71035,70934.1,70972.5,183.26681374
1775721600000,70972.4,71011.5,70866.1,70949.8,30.59894433
1775722500000,70949.8,71019.6,70894,70975,18.59747745
1775723400000,70975,71362.9,70975,71330,106.82252388
1775724300000,71330,71393.2,71208,71250,121.32530118
1775725200000,71250.1,71338.5,71107.1,71330.4,42.92663499
1775726100000,71330.5,71533.3,71234.5,71286.4,65.23532944
1775727000000,71286.4,71347.4,71200,71281,38.09645754
1775727900000,71281,71576.9,71277.2,71537,61.22519339
1775728800000,71535.9,71540.8,71344.5,71374.8,26.16572891
1775729700000,71374.7,71494.3,71366.3,71403.6,17.00069447
1775730600000,71403.6,71428.5,71350,71413.3,44.34346135
1775731500000,71413.2,71462,71279.8,71279.9,21.43725708
1775732400000,71279.9,71356.9,71188.7,71194.4,42.99692501
1775733300000,71194.3,71238.6,71053.7,71075.6,41.93260204
1775734200000,71076,71209.7,71076,71171.6,18.41733624
1775735100000,71171.6,71232.4,71137.2,71156.5,10.7249855
1775736000000,71154.1,71249.9,71152.6,71200.1,12.20597492
1775736900000,71200,71328.4,71038.1,71270.8,21.78284534
1775737800000,71270.9,71314,71133.1,71216.4,29.37788873
1775738700000,71216.1,71306.8,71100,71286.3,19.24683947
1775739600000,71286.4,71359.1,71092.1,71119.1,23.52955468
1775740500000,71119.2,71149.9,71069.8,71112.3,17.5930012
1775741400000,71112.3,71172.2,70809,70900.4,180.84293428
1775742300000,70900.5,70912.9,70636.6,70803.1,137.59400011
1775743200000,70803.1,70850,70650.1,70788.1,44.42313682
1775744100000,70789.4,70826.4,70531.6,70643.6,64.58122908
1775745000000,70644.1,70914.9,70605,70899.4,53.42373865
1775745900000,70899.3,71251.5,70899.3,71123,110.51670191
1775746800000,71123.1,71360,70929,71342.4,62.7405487
1775747700000,71342.4,71633.8,71328.8,71341.5,122.48868418
1775748600000,71341.9,72245.6,71294.7,72076.3,403.3413705
1775749500000,72076.5,72350,72042,72144.4,153.57550065
1775750400000,72144.4,72399.9,72071.4,72176.1,128.19929845
1775751300000,72175.5,72388.8,72060,72060.5,76.3117378
1775752200000,72060,72066.5,71777.8,71966,124.96447523
1775753100000,71962.6,72085,71727.2,72076.2,81.20863523
1775754000000,72076.3,72521.5,72064.1,72478,187.87271999
1775754900000,72478,72550,72224.8,72339.3,126.62456419
1775755800000,72339.4,72508,72100,72416,79.66721665
1775756700000,72414,72474.5,72256.9,72343.8,33.97245665
1775757600000,72344,72376,71858.7,71894.1,87.77916106
1775758500000,71896.9,71997,71771.6,71899.5,99.83476735
1775759400000,71899.4,71947.6,71738.1,71847.4,35.82332746
1775760300000,71847.9,71917.1,71741.6,71879,40.8370741
1775761200000,71879.5,72127.9,71823.6,72029.6,65.32437294
1775762100000,72031.9,72087.9,71745,71825.6,37.61644042
1775763000000,71825.6,72159.4,71806.9,72113,78.36662801
1775763900000,72113.1,72297.2,72001.1,72095.6,79.57618835
1775764800000,72092.7,72187.3,71980.4,72181.1,34.25452925
1775765700000,72181,72342.8,72160.3,72289.8,48.22738736
1775766600000,72289.9,72446.1,72253.1,72419,32.82183701
1775767500000,72418.9,72419,72288.3,72412,26.51823398
1775768400000,72412.1,72698.2,72194.5,72328.5,130.0346771
1775769300000,72328.4,72349.5,72126.5,72178.3,19.3959903
1775770200000,72178.4,72453.6,72146.5,72445.5,26.88344166
1775771100000,72445.9,72459.9,72229.5,72259.9,14.62030999
1775772000000,72262,72519.9,72252.2,72503.5,26.82118738
1775772900000,72503.4,73130,72499.7,72626.9,228.77812779
1775773800000,72626.9,72633.4,72291.7,72321,55.59902288
1775774700000,72321,72454.9,71942.9,71942.9,93.30265095
1775775600000,71942.9,72028.9,71733.3,71802.9,53.97680079
1775776500000,71802.1,71908.9,71588,71779.3,153.77798257
1775777400000,71779.1,71842.3,71610,71758.6,71.00254533
1775778300000,71758.6,71829.9,71690.9,71786.9,30.69824669
1775779200000,71795,71896.6,71702.5,71808.8,74.41665301
1775780100000,71813.7,71850.3,71585.1,71836.9,96.59564929
1775781000000,71836.9,71961.5,71793.1,71929,40.28778965
1775781900000,71928.9,72027,71865,71969.8,31.90444648
1775782800000,71967.4,72084.7,71818.2,72002,55.15015551
1775783700000,72002,72050.5,71673.5,71877.5,49.70221424
1775784600000,71877.5,72388.1,71857.8,72306.1,67.18308104
1775785500000,72304,72355.1,72151.6,72164,47.00008685
1775786400000,72164.1,72295.5,72121.1,72233.3,27.55897154
1775787300000,72234,72263.9,72171.6,72183.9,26.61210571
1775788200000,72183.8,72231.9,72129.7,72156.7,9.11683556
1775789100000,72156.2,72156.2,71921,71962.2,80.58405294
1775790000000,71962.2,72021.9,71847.5,71851.8,50.48797037
1775790900000,71858,71942.1,71817.2,71824.6,22.92409084
1775791800000,71824.6,71969.9,71817.8,71918.4,38.05447317
1775792700000,71926.7,71959.9,71839.8,71875,13.13248544
1775793600000,71875.1,71968.3,71873.4,71873.5,10.92731004
1775794500000,71873.5,71955.1,71857.1,71870.9,54.87639854
1775795400000,71870.9,71910.1,71811.2,71908.3,32.77676384
1775796300000,71908.3,72217.3,71890.3,72122,85.45907647
1775797200000,72123.9,72169.5,72009.7,72069.2,16.29950448
1775798100000,72069.2,72277.7,72018.6,72229.3,24.51587569
1775799000000,72229.4,72268,72141.4,72156.7,53.45779205
1775799900000,72156.7,72218,72092.4,72129,37.34760982
1775800800000,72128.9,72185.2,72055.1,72143.4,20.33609723
1775801700000,72141.6,72141.7,71950,71962.9,9.87288664
1775802600000,71963.5,72012.8,71871,71943.5,49.13080835
1775803500000,71943.6,71987.9,71795.7,71808.9,36.77523275
1775804400000,71808.9,71845.5,71720,71720.2,38.04451666
1775805300000,71720.1,71773,71700.1,71730.4,45.15034365
1775806200000,71730.4,71781.5,71649.1,71656,129.65292817
1775807100000,71656,71694.8,71428.5,71485.4,162.8137182
1775808000000,71485.5,71669.1,71428,71610.6,51.67326771
1775808900000,71610.5,71690.5,71531.2,71641.4,26.31476093
1775809800000,71641.4,71764,71609.6,71707,25.88272632
1775810700000,71707,71715.9,71503.3,71610.3,27.81922484
1775811600000,71610.3,71704.9,71600,71704.9,17.44188299
1775812500000,71704.9,71851.8,71690.6,71769.3,20.37805618
1775813400000,71769.3,71875.6,71754.7,71810.3,28.17951913
1775814300000,71810.2,71835.7,71743.2,71777.4,19.86099379
1775815200000,71777.5,71814.2,71719.5,71814.2,19.83067821
1775816100000,71814.1,71823.5,71708.3,71731.5,15.18446457
1775817000000,71731.5,71823.7,71728.6,71803.5,9.32403741
1775817900000,71803.8,71930.3,71787.9,71904.5,45.32054046
1775818800000,71904.5,72152.7,71900,72118.7,76.95389009
1775819700000,72118.8,72215.1,72093,72210.3,67.87585023
1775820600000,72209.9,72268,72134.3,72180.8,50.81986717
1775821500000,72180.8,72250.2,72097.1,72124.3,24.75240761
1775822400000,72124.3,72209.3,72081.1,72081.6,50.48151161
1775823300000,72081.7,72311.3,72000,72159.7,109.19269998
1775824200000,72156.7,72454.4,72034.9,72309.3,148.53868513
1775825100000,72309.4,72400,72188.9,72255.3,74.87273211
1775826000000,72255.3,72270.5,72188.8,72207.7,33.58734313
1775826900000,72207.8,72298.8,72158,72296.6,79.25492187
1775827800000,72296.7,72418,71900,72057,325.44722251
1775828700000,72057.1,72366,72055.2,72315.4,80.23211699
1775829600000,72315.4,72750,72250.1,72699,212.28388682
1775830500000,72699,73067,72628.6,72965.4,275.24320133
1775831400000,72965.5,73143.7,72733.2,72851.7,208.28720483
1775832300000,72851.7,72961.2,72699.1,72900.4,125.15321716
1775833200000,72900.4,73111.1,72819.6,73014,119.37330525
1775834100000,73014,73305.4,72750,72774,188.01419153
1775835000000,72774.1,72837.9,72593.3,72740.9,244.68424462
1775835900000,72740.9,72760.7,72354.1,72456,89.94116099
1775836800000,72456,72709.4,72380.9,72701,42.98805596
1775837700000,72701,72822.9,72576.6,72766.8,58.13120773
1775838600000,72766.9,72795.8,72581.4,72719.6,49.69822684
1775839500000,72719.5,73059,72702.2,72990.9,82.76019032
1775840400000,72991,73009.5,72800,72863,45.41048706
1775841300000,72863.1,73034.6,72808.5,72965.5,28.73613848
1775842200000,72965.5,72965.5,72802.1,72924.2,17.90708619
1775843100000,72924.2,73141.2,72920.6,73122.9,58.66220629
1775844000000,73123,73139,72884.9,73089.2,53.57650708
1775844900000,73089.2,73183.4,72884.1,72983.3,58.37705386
1775845800000,72983.4,73020.3,72909.5,72951.6,26.36951046
1775846700000,72950.1,73116.8,72938.5,73104.6,30.81169474
1775847600000,73104.6,73255,73072,73184.4,49.58742562
1775848500000,73184.5,73191.1,72984.5,72996.6,31.92665245
1775849400000,72996.6,73021,72906.6,72954.8,42.01393334
1775850300000,72954.8,73264.6,72906.8,73243,53.79581368
1775851200000,73243,73276.6,73134.3,73247.1,80.00740716
1775852100000,73247,73286.1,73127,73252.6,56.28114783
1775853000000,73252.6,73444.5,73048.5,73244.4,115.44859731
1775853900000,73244.4,73426.2,73153.4,73360.8,24.31098078
1775854800000,73360.8,73360.8,73026.7,73078.6,40.30285307
1775855700000,73078.5,73179.7,73056,73097.7,21.85527629
1775856600000,73097.5,73102.9,72941.1,73055.4,41.72755538
1775857500000,73056.9,73210.2,73037.5,73194.7,13.85045671
1775858400000,73194.7,73249.9,73096.4,73153.6,20.88013897
1775859300000,73153.5,73203.1,73000,73012.9,41.51087433
1775860200000,73012.9,73023.2,72727.7,72859.7,61.76573899
1775861100000,72859.8,72900,72830.1,72866.3,27.13839533
1775862000000,72868.5,72897.3,72778,72880.4,28.09805745
1775862900000,72880.4,72936.4,72812.1,72896.2,27.88302259
1775863800000,72896.1,72933.5,72837.4,72911.4,14.27207631
1775864700000,72911.5,72970.2,72907.8,72957.4,7.74097673
1775865600000,72959.1,72970.2,72817.1,72870.1,25.629359
1775866500000,72870.2,72915.1,72819.7,72908.1,27.52361969
1775867400000,72908.2,72940.1,72842.1,72862.7,16.28529114
1775868300000,72862.8,72862.8,72795.8,72832.6,25.83667235
1775869200000,72832.6,72853.5,72770.6,72811.9,12.97602582
1775870100000,72809.3,72842.3,72673.9,72839.2,60.77430497
1775871000000,72837.5,72942.1,72827.4,72856.8,14.29616044
1775871900000,72857.3,73000,72857.3,72959.7,17.0622479
1775872800000,72959.7,73008.1,72907.9,72962.8,40.27861393
1775873700000,72962.7,73045.4,72962.7,72993.2,27.92091595
1775874600000,72993.3,73099.9,72973.8,72999.8,53.16626777
1775875500000,72999.8,72999.8,72922.1,72969.1,21.5780642
1775876400000,72969.2,73077,72968,73042.5,31.76521892
1775877300000,73042.5,73053.2,73000,73000.1,18.90610319
1775878200000,73000.1,73023.8,72928.1,72979.3,16.31301611
1775879100000,72977,72988.6,72825.7,72872.4,29.96862631
1775880000000,72872.5,72950,72806.4,72839.8,36.7827604
1775880900000,72839.9,72856,72678.1,72725.9,62.85456918
1775881800000,72728,72829.2,72728,72806.9,14.10452579
1775882700000,72806.8,72835.2,72760.6,72811.6,16.92897735
1775883600000,72811.7,72831.1,72698.8,72710.5,15.34392632
1775884500000,72710.6,72814,72678,72814,27.76973874
1775885400000,72814,72843.1,72797.2,72797.2,17.45176818
1775886300000,72795.3,72802.6,72702.2,72725.8,13.22359463
1775887200000,72723.2,72723.2,72617.9,72678.1,23.42458139
1775888100000,72678,72738.5,72639.7,72698.5,29.47260203
1775889000000,72698.6,72759.7,72694.5,72734,7.46500245
1775889900000,72734,72781.8,72716.4,72771.9,16.84917801
1775890800000,72771.9,72781.2,72747,72752.3,12.34357458
1775891700000,72752.2,72830,72752.2,72805.3,39.45441816
1775892600000,72805.2,72821.3,72730.2,72730.2,72.29824041
1775893500000,72730.2,72745,72661.3,72745,72.61408509
1775894400000,72745,72794.4,72714,72775.2,25.65807831
1775895300000,72775.1,72808.2,72747.4,72747.4,11.4513549
1775896200000,72747.5,72764.8,72694.3,72743.6,9.66089634
1775897100000,72743.7,72753.8,72637.3,72665.7,33.47490424
1775898000000,72665.7,72687.6,72625.1,72681.2,15.9816025
1775898900000,72681.3,72899,72681.3,72866.7,54.46187663
1775899800000,72866.7,72866.7,72762.4,72832.4,20.88125921
1775900700000,72832.5,72915.3,72832.4,72908.4,17.97967716
1775901600000,72908.5,72917.1,72788.7,72820.2,18.28510825
1775902500000,72820.2,72886.6,72771.5,72874,6.74168485
1775903400000,72874,72874,72779.7,72792.1,59.03998873
1775904300000,72792,72856.7,72780.1,72851.3,33.49939537
1775905200000,72851.4,72899.8,72835.8,72877.1,21.12218883
1775906100000,72877.1,72887,72835.9,72839.8,24.4661638
1775907000000,72839.8,72879.2,72835.2,72864.4,36.30776462
1775907900000,72864.4,72919,72846.2,72919,17.49707384
1775908800000,72919,72950,72890.1,72923.8,14.38446609
1775909700000,72923.9,72950,72826.2,72870.6,14.52427142
1775910600000,72870.7,72969.9,72855.3,72963.2,15.70453913
1775911500000,72963.7,72990.4,72915.7,72935.4,27.58986172
1775912400000,72938.6,72938.6,72527.8,72610.1,120.10330646
1775913300000,72610.1,72787,72610,72616.1,36.79066206
1775914200000,72616.1,72721.1,72589.1,72673.2,28.74031257
1775915100000,72673.2,72715.1,72642.3,72662.6,19.05444419
1775916000000,72662.9,72733.5,72621,72709.5,12.95502768
1775916900000,72707.1,72772.4,72701.7,72714.6,26.62727546
1775917800000,72714.5,72726,72614.6,72654.7,19.21629385
1775918700000,72654.6,72740,72644.1,72707.8,7.94797085
1775919600000,72709.1,72740,72681.9,72708,5.00708784
1775920500000,72708.3,72904.2,72691,72749.5,86.3133189
1775921400000,72749.5,72813.2,72749.5,72772.9,27.45670024
1775922300000,72773.4,72875,72749.5,72863,25.23444758
1775923200000,72863,72905,72823.1,72885.8,43.09894149
1775924100000,72885.9,72932.8,72861.6,72885.5,35.2160875
1775925000000,72885.6,73228,72857.4,73123.7,110.95288828
1775925900000,73123.6,73216.1,73040.3,73043.1,28.22316246
1775926800000,73043.2,73078.9,73003.1,73011.7,18.05964222
1775927700000,73009.8,73119.3,72954.2,73087.9,19.13183376
1775928600000,73088,73179.6,73088,73164.8,25.17624386
1775929500000,73164.9,73179,73069.9,73102.4,13.67006373
1775930400000,73102.4,73120.3,73040.6,73120.3,11.1031495
1775931300000,73120.4,73264.1,73120.3,73200.7,28.24074486
1775932200000,73200.8,73750,73198.2,73467.6,216.24140249
1775933100000,73475.6,73643,73441.9,73561.2,38.57980344
1775934000000,73561.3,73805.8,73490.4,73576.5,75.9769318
1775934900000,73576.5,73666,73465.7,73626.2,40.16468778
1775935800000,73627.9,73807.2,73627.9,73699.9,68.64983145
1775936700000,73699.9,73700,73613,73691.2,17.48461501
1775937600000,73691.3,73700,73500,73500,25.40225509
1775938500000,73500,73528.7,73420,73425.4,33.45831837
1775939400000,73425.4,73425.4,73232.7,73364,42.019292
1775940300000,73363.8,73449.2,73294.3,73294.3,16.58901487
1775941200000,73294.4,73442.6,73207,73424.2,28.11024463
1775942100000,73423,73450,73319.1,73349.3,25.89048902
1775943000000,73349.3,73483.1,73321.4,73451.9,12.41981883
1775943900000,73451.9,73550.8,73412.9,73432.5,62.70774329
1775944800000,73432.4,73550.8,73375.1,73506.3,17.7508984
1775945700000,73506.3,73570.3,73410,73453.3,18.42229647
1775946600000,73453.2,73467.4,73242.8,73338,45.41271623
1775947500000,73338.1,73398.2,73265.9,73379.7,22.77876427
1775948400000,73379.7,73379.7,72914.3,73055.5,58.03908241
1775949300000,73055.6,73218.2,73033.7,73136.9,16.95213617
1775950200000,73134.7,73186.7,73073.2,73073.2,13.34558569
1775951100000,73076.8,73123,73012,73054.3,15.66338147
1775952000000,73054.3,73086.1,72875,73007.8,58.4240651
1775952900000,73007.8,73116,72946.3,73083.4,24.0739379
1775953800000,73083.3,73122.2,72990.8,73026.2,17.11625387
1775954700000,73027.8,73095.8,73013.3,73090.5,13.55153334
1775955600000,73090.5,73138.2,72986.6,73085.4,21.62271366
1775956500000,73085.4,73093.6,72988,73017.4,76.98944898
1775957400000,73017.5,73017.5,71557.2,71730.6,386.51818418
1775958300000,71730.6,71730.6,71313.1,71648.5,301.19221368
1775959200000,71648.5,71859.5,71350.1,71781.1,156.80918207
1775960100000,71781.1,71982.4,71686.8,71778.4,126.4331689
1775961000000,71778.3,71936.2,71775.3,71888.8,46.53430945
1775961900000,71888.8,71903,71759.8,71761.7,40.05381145
1775962800000,71761.7,71871,71636,71744,42.86324461
1775963700000,71743.2,71784.3,71626.1,71729.1,42.64481605
1775964600000,71729.2,71751.6,71601.1,71670.9,195.43467286
1775965500000,71671,71719.4,71596.6,71596.8,65.61603002
1775966400000,71596.8,71681.7,71523,71596.5,51.56764468
1775967300000,71598.4,71645.7,71493,71524.4,66.70765595
1775968200000,71524.4,71592.6,71497,71561.4,24.85078583
1775969100000,71561.4,71579.4,71446.1,71470.5,66.22109426
1775970000000,71470.5,71582.8,71419.4,71512.2,38.76187315
1775970900000,71512.3,71677.7,71492,71672.5,28.11585123
1775971800000,71672.5,71728.4,71619.5,71652.7,72.15327553
1775972700000,71652.7,71789.9,71650,71702.8,378.89310193
1775973600000,71702.9,71758.8,71683.4,71742.7,39.69381955
1775974500000,71742.6,71758.4,71644.4,71709.9,42.18367874
1775975400000,71709.9,71709.9,71650,71659.9,11.62382904
1775976300000,71659.8,71687.9,71635.4,71651.1,11.98651303
1775977200000,71651.1,71679.3,71581.1,71623.7,16.79112349
1775978100000,71623.7,71650.8,71600,71625.7,8.38116398
1775979000000,71625.7,71754.5,71621.6,71750.4,57.5602985
1775979900000,71750.4,71760.8,71671,71671.1,87.14245068
1775980800000,71671.1,71708.8,71639.5,71649.5,34.6782403
1775981700000,71649.6,71730,71639.6,71709.3,132.47566021
1775982600000,71709.2,71796.1,71685,71744.6,180.70960305
1775983500000,71744.7,71744.7,71588.1,71626.1,196.28610418
1775984400000,71626,71629.2,71521,71594.7,116.20122156
1775985300000,71594.7,71625.6,71585.6,71590.2,11.73811092
1775986200000,71590.2,71633.9,71561.9,71577.4,9.91208363
1775987100000,71577.4,71585.9,71512.6,71534.7,19.53754044
1775988000000,71534.8,71684.5,71510,71624.8,16.27132312
1775988900000,71624.9,71658,71603.6,71603.6,22.88777873
1775989800000,71603.5,71609.8,71509.5,71521.5,14.3907977
1775990700000,71521.5,71521.7,71355.1,71451.4,49.73319962
1775991600000,71451.5,71538.1,71423.8,71513,17.84415838
1775992500000,71511,71537.5,71478.2,71518,10.17169992
1775993400000,71518,71526,71414.1,71446.9,14.17717811
1775994300000,71446.9,71477.2,71430.9,71471.3,4.70968682
1775995200000,71471.3,71471.3,71340,71401,54.52294765
1775996100000,71401,71449.9,71382,71411,12.88522622
1775997000000,71411,71499,71338.3,71485.4,21.6966488
1775997900000,71485.4,71488.7,71071.4,71081,159.00549157
1775998800000,71080.9,71138.2,70800,70989.5,471.35609881
1775999700000,70989.4,71110.8,70989.4,71050,34.25803105
1776000600000,71050.1,71092.5,70935.8,70979.9,22.07876421
1776001500000,70980,71006.6,70863.3,70884.9,51.16486248
1776002400000,70884.9,71021.3,70861.1,70984.3,35.30980285
1776003300000,70984.4,71092.7,70984.4,71072.7,25.92628499
1776004200000,71073,71089,70763.1,70848.8,76.01365327
1776005100000,70848.8,70881.5,70700,70745.2,74.47389901
1776006000000,70745.3,70850,70740.8,70837.8,28.97978902
1776006900000,70837.8,70871.1,70713.3,70713.4,34.04924453
1776007800000,70713.4,70901.7,70610.8,70874,62.78421374
1776008700000,70874.6,70939.3,70857.4,70887,10.06420195
1776009600000,70887,70950,70843.5,70930.7,23.33747528
1776010500000,70932.7,70949.7,70819.9,70928.9,13.86622495
1776011400000,70928.9,70946.3,70836.7,70883,10.2921698
1776012300000,70883.1,70941.7,70818.6,70933,11.61145964
1776013200000,70931,71007,70897.5,70897.5,17.59908368
1776014100000,70896.6,71005.3,70896.6,70996.1,21.92120188
1776015000000,70996,71019.8,70952.7,71019.8,39.06261436
1776015900000,71018.5,71201.9,70933.4,71148.8,70.65206795
1776016800000,71148.8,71185.4,71056.1,71180.8,53.47630283
1776017700000,71180.9,71220,71070,71094,18.98381343
1776018600000,71094,71202,71094,71119.5,12.40401103
1776019500000,71119.5,71164.9,71110.4,71137,6.70076624
1776020400000,71137,71224.4,71135.2,71139.9,30.43988205
1776021300000,71139.8,71175.3,71125.6,71168.6,6.6773044
1776022200000,71168.6,71169.5,71085.1,71108.5,12.03182528
1776023100000,71108.6,71126.7,71081.8,71091,16.5266966
1776024000000,71091.1,71111,70995.1,71017.3,16.48399452
1776024900000,71017.3,71073.6,70958.9,71055.1,9.24653334
1776025800000,71055,71440.2,71055,71322.9,39.0369544
1776026700000,71323,71377.5,71227,71342.1,17.21651896
1776027600000,71342,71457.6,71157,71208.7,48.4186917
1776028500000,71208.8,71325.7,71208.8,71306.4,9.06208389
1776029400000,71306.4,71363.5,71224.3,71313,16.03508106
1776030300000,71313.3,71369.7,71211.8,71369.7,17.05884515
1776031200000,71369.7,71381.8,70700.1,70943.2,158.73220264
1776032100000,70943.9,70959.9,70517.6,70667.8,88.2183207
1776033000000,70666.8,70926,70505.9,70819.8,105.05098144
1776033900000,70818.7,70927.5,70780.3,70908.7,18.73146769
1776034800000,70908.6,70908.8,70626.9,70626.9,42.52555706
1776035700000,70626.9,70766.4,70599.4,70717.6,17.15252121
1776036600000,70717.7,70730.4,70575,70730.3,32.69522703
1776037500000,70730.4,70794.5,70591.3,70742.7,32.5000516
1776038400000,70746.6,70914.3,70609.8,70913.7,50.97355106
1776039300000,70913.7,71090,70831.7,70979.5,56.43578684
1776040200000,70979.5,71125,70945.1,71057,33.95959711
1776041100000,71061.8,71266.3,71017.2,71173.5,33.43193806
1776042000000,71173.4,71228.9,71097.9,71132,26.42010054
1776042900000,71131.9,71170.2,71063.3,71104.6,40.78144089
1776043800000,71104.5,71202.2,71031.5,71144.8,17.95268497
1776044700000,71144.9,71227.3,71114.4,71194,14.21697581
1776045600000,71194.1,71266.5,70988.3,71004.1,27.59598276
1776046500000,71004.1,71266.5,71004,71226.2,11.7386713
1776047400000,71226.2,71277.9,71034.4,71040.6,16.48733721
1776048300000,71040.3,71092.9,71000.1,71089.1,15.91543084
1776049200000,71089.1,71130.9,71000,71072.5,19.03103635
1776050100000,71072.5,71166.4,71005.3,71035.5,18.33149754
1776051000000,71033.6,71066.3,70920.9,70982.2,34.97163293
1776051900000,70982.2,71004.3,70925.7,70981.9,7.66937217
1776052800000,70982,71009.6,70909,70959.3,9.56267091
1776053700000,70960.4,71049.9,70916.2,71038.9,5.61189918
1776054600000,71038.9,71150.6,71024.5,71028,35.06787764
1776055500000,71027.5,71027.6,70859.9,70899.9,25.90609063
1776056400000,70899.8,70931.6,70760.5,70828.3,43.88533926
1776057300000,70829.2,70879.3,70767.4,70866.1,13.67705639
1776058200000,70865.2,70865.3,70678.9,70752.9,24.72748288
1776059100000,70754.5,70893.5,70754.5,70888.9,35.04460926
1776060000000,70888.9,71015.5,70887,71012.8,12.26664656
1776060900000,71015.5,71092,70980.1,71032.6,19.8253965
1776061800000,71032.5,71061.1,71001.8,71049.9,26.34161774
1776062700000,71049.9,71103,71019.5,71028.1,42.07533989
1776063600000,71028.2,71071.2,70891.4,70900.6,26.29486263
1776064500000,70900.7,70911.5,70685.6,70715.8,143.03217853
1776065400000,70715.9,70810.6,70690.1,70778.1,123.47600832
1776066300000,70778.1,70850,70762.8,70824.6,105.09013873
1776067200000,70824.6,70866.8,70702.9,70725.1,44.00260108
1776068100000,70729,70829.8,70650,70763.5,75.1482193
1776069000000,70763.5,70767.1,70591,70601.5,122.08116327
1776069900000,70601.5,70693,70574.3,70686.8,43.91463136
1776070800000,70686.8,70909.2,70686.8,70711.1,91.09640988
1776071700000,70711.1,70817.5,70676.7,70792.1,37.39915966
1776072600000,70792,70830.5,70751.5,70787.3,18.87366634
1776073500000,70787.2,70803.5,70750,70795,12.32182805
1776074400000,70795.1,70847.3,70760.2,70815.4,33.91142165
1776075300000,70815.4,70815.4,70718.1,70758.3,23.29649952
1776076200000,70758.3,70843.2,70687.1,70771.2,28.1234605
1776077100000,70771.2,70800,70708.6,70757,26.21289422
1776078000000,70757.1,70878.5,70741.4,70877.1,52.84313182
1776078900000,70877.1,70906.9,70850,70871,20.31330966
1776079800000,70870.9,70954.4,70805.9,70940.3,20.39024691
1776080700000,70940.3,70995.5,70906.3,70928.8,23.11487236
1776081600000,70928.9,71079.1,70839.7,70965.3,55.32539765
1776082500000,70965.2,70987.3,70859,70859,11.34030486
1776083400000,70859.1,70914.7,70761.5,70842.3,45.50908915
1776084300000,70842.4,71224.6,70842.4,71074.6,50.93007901
1776085200000,71075.8,71203.3,71074.3,71203.2,44.9226236
1776086100000,71203.2,71268.1,71107.9,71176.4,77.26610947
1776087000000,71182.1,71226.2,70824.1,71034.4,131.32400984
1776087900000,71034.4,71700,70948.6,71656.8,212.89337655
1776088800000,71656,71760.6,71451.8,71622.5,77.07053654
1776089700000,71622.5,71726.9,71375.8,71636.5,102.08501626
1776090600000,71639.4,71998,71601.2,71987,138.20960647
1776091500000,71983.5,72402.7,71878.1,72394.6,234.87727084
1776092400000,72392.5,72458.7,71906.6,71945.8,180.693446
1776093300000,71945.8,72019.5,71850.8,71954.1,66.34301614
1776094200000,71954.1,71954.1,71650,71837.2,74.63786336
1776095100000,71837.2,71930,71730.1,71868.1,45.61354448
1776096000000,71868,72045.2,71675.8,72037.1,54.84347491
1776096900000,72037,72269.7,71918.9,72239.9,81.30106546
1776097800000,72246.7,72362.2,72174.6,72303.4,137.68535059
1776098700000,72303.4,72439.6,72063.2,72204,107.36797037
1776099600000,72204.1,72439,72129.9,72296.2,141.95654506
1776100500000,72293.2,72441.6,72272.2,72441.6,47.80109789
1776101400000,72441.8,72598,72372.6,72445,135.87211621
1776102300000,72445,72499.8,72058.9,72146.8,136.39131586
1776103200000,72146.8,72219.5,72080.2,72189.8,34.83273792
1776104100000,72189.8,72275.3,72053.1,72172.4,69.21449259
1776105000000,72172.3,72421.8,72169.3,72337.2,50.24280143
1776105900000,72337.1,72456.5,72308.2,72426.7,31.872167
1776106800000,72426.7,72445.1,72290.5,72324,150.88373315
1776107700000,72324,72909.6,72324,72855.1,321.73263768
1776108600000,72855.1,73200,72827.5,73015.1,302.05037019
1776109500000,73012.6,73478.2,73012.6,73320.3,153.72935978
1776110400000,73320.3,73399,73045.8,73062,149.63527488
1776111300000,73062.8,73159.6,73008,73106.7,62.08592743
1776112200000,73106.7,73277.6,73066.6,73226.4,67.18796862
1776113100000,73221.4,73251.7,73079.6,73151.2,47.45984261
1776114000000,73151.2,73315.8,73084.7,73227.9,54.24314912
1776114900000,73227.8,73288.2,73115.5,73125,21.19701378
1776115800000,73125.1,73370.8,73102.9,73269,55.93598791
1776116700000,73269,73289.3,73179.2,73179.2,15.07020202
1776117600000,73179.3,73899.9,73172.6,73750.1,240.90656069
1776118500000,73750,74466.6,73750,74134.5,533.88181698
1776119400000,74134.5,74349.9,74056.7,74248.8,134.43199403
1776120300000,74248.9,74746.7,74150,74631.2,985.33648152
1776121200000,74631.3,74904.2,74450,74659.8,234.50442353
1776122100000,74659.7,74815.5,74530.1,74727.7,112.86620137
1776123000000,74725.7,74883.5,74546.3,74563.9,96.10995974
1776123900000,74563.8,74597.6,74405.4,74418.2,103.49848419
1776124800000,74418.2,74520,74230.9,74321.4,85.21433354
1776125700000,74321.4,74460,74221,74264.5,42.34922983
1776126600000,74264.5,74442,74162.7,74422.1,42.95499721
1776127500000,74422,74422.1,74103.4,74153.4,68.78625057
1776128400000,74153.5,74300,73974.7,74297,77.83626842
1776129300000,74297,74400,74216,74290,57.85445858
1776130200000,74290,74327.4,74229.3,74316,34.02576003
1776131100000,74318.8,74430.4,74318.8,74379.7,15.82607846
1776132000000,74379.8,74488,74356.2,74485.5,27.73002479
1776132900000,74488,74576.2,74386.7,74386.7,65.95983471
1776133800000,74388.3,74460.4,74285.8,74436.7,23.32090005
1776134700000,74436.8,74436.8,74301.1,74331.7,24.6554467
1776135600000,74331.7,74413.5,74295,74348,24.09552328
1776136500000,74348,74366.8,74251.7,74294.7,21.51345878
1776137400000,74294.7,74501,74277,74471.9,145.31253308
1776138300000,74471.9,74486.2,74391.5,74441.5,40.89376108
1776139200000,74441.6,74500,74381,74463.7,7.76991119
1776140100000,74463.7,74500.4,74434.7,74495.3,30.88483741
1776141000000,74495.3,74508.7,74362.6,74388.1,39.01018929
1776141900000,74388.8,74446.6,74352.8,74396.9,41.10280794
1776142800000,74397,74397,74313.8,74342.9,23.2187959
1776143700000,74342.8,74441.4,74311.9,74349.6,36.71162236
1776144600000,74347.9,74368.7,74282.7,74298.6,41.70039058
1776145500000,74298.6,74298.6,74156.9,74214,39.86626947
1776146400000,74215.4,74354,74215.4,74334.3,36.14050497
1776147300000,74334.2,74447.6,74317.6,74391.2,22.5288014
1776148200000,74391.1,74457.8,74363.9,74390.1,32.81683432
1776149100000,74390.1,74555,74378.9,74527.7,48.75515984
1776150000000,74527.7,74930,74434.4,74781.8,171.94700708
1776150900000,74780.1,74793.3,74612.2,74680.9,37.94339303
1776151800000,74677.4,74693.2,74483.8,74489.6,187.75478903
1776152700000,74489.5,74559.3,74461.9,74552.8,164.7957244
1776153600000,74552.8,74602.9,74456.9,74540.3,35.70381131
1776154500000,74540.4,74642.7,74500,74639.6,46.95582091
1776155400000,74639.6,74906,74625,74652.6,114.23228478
1776156300000,74652.5,74860.4,74610.1,74752.2,81.13477904
1776157200000,74752.3,74796.9,74654.1,74796,31.75941918
1776158100000,74796.1,74830.9,74626.4,74671.9,38.63203672
1776159000000,74671.9,74702.6,74500.1,74509,84.92801021
1776159900000,74508.9,74542.6,74425.2,74507.6,39.9050456
1776160800000,74507.7,74560.8,74456.8,74548.3,50.50446314
1776161700000,74548.2,74595.5,74500,74561.7,32.71770087
1776162600000,74561.6,74615.1,74363.6,74365.4,61.61835992
1776163500000,74365.4,74439.6,74340,74348.5,25.78632614
1776164400000,74348.5,74441.8,74323.7,74400.9,15.6617767
1776165300000,74401,74459.4,74360.5,74360.5,19.56778165
1776166200000,74360.6,74404.6,74320.3,74320.3,27.88356422
1776167100000,74320.3,74457.1,74309.7,74377.7,42.51435938
1776168000000,74377.8,74439,74299.5,74307.5,42.46223246
1776168900000,74307.6,74416.1,74281.5,74287.8,41.04367123
1776169800000,74299.2,74403.7,74292.9,74311,37.59030313
1776170700000,74311.1,74492,74307.8,74462.5,46.17867016
1776171600000,74462.6,74614.9,74413.8,74579.4,40.76813552
1776172500000,74576.5,74740.8,74484.2,74499.3,70.14474189
1776173400000,74499.4,75235.2,74499.4,75183.4,394.62309498
1776174300000,75187.1,75527.8,75061.1,75522.9,317.16131807
1776175200000,75522.9,75622.7,75330.2,75564.6,261.50545645
1776176100000,75561.7,75854.4,75497.1,75844.2,449.92849377
1776177000000,75844.3,76048.1,75228.7,75375,485.58025233
1776177900000,75371.4,75399,75015.4,75015.4,194.01806889
1776178800000,75015.5,75121.5,74560,74760.5,187.09703859
1776179700000,74760.5,74943,74684.5,74805.9,119.69419932
1776180600000,74806,75329.9,74791.8,75284.3,116.88955543
1776181500000,75283.1,75445.1,75169.3,75328.2,116.16104987
1776182400000,75327.1,75693.5,75307,75490.4,202.12603052
1776183300000,75490.4,75510.6,75184.9,75252,78.53625911
1776184200000,75250.2,75289.3,75097.9,75205.6,69.42292628
1776185100000,75209.5,75231.2,74512.3,74645.2,240.08211617
1776186000000,74639.9,74812.4,74575.8,74793.8,90.65460857
1776186900000,74793.7,74949.8,74633,74633,43.44441526
1776187800000,74632.2,74687.7,74252.5,74549.6,105.14716304
1776188700000,74549.6,74761.5,74525,74742.2,46.37728499
1776189600000,74742.2,74807.6,74605.9,74668.7,52.93702553
1776190500000,74671.1,74742.3,74437.7,74517.1,58.51735215
1776191400000,74517,74568.1,74140,74292.7,165.996496
1776192300000,74292.8,74344.2,73838,74094.2,185.84385124
1776193200000,74094.1,74393.5,74049.7,74258.1,104.37282393
1776194100000,74258.1,74367.2,73866.2,74162.8,93.2729557
1776195000000,74162.8,74276.6,74035,74117.1,104.07788639
1776195900000,74117.1,74270.6,74083.4,74219.4,123.50737047
1776196800000,74226.6,74433.2,74211.3,74411.9,90.61592615
1776197700000,74411.8,74433,74117.6,74188.2,43.08748948
1776198600000,74188.3,74284.1,74126.9,74255.2,50.54563857
1776199500000,74255.2,74298.8,74008.2,74100.5,61.46843742
1776200400000,74101.9,74296.9,74095.7,74200.1,50.3827795
1776201300000,74200.1,74200.1,74044.5,74124.4,40.17910397
1776202200000,74124.4,74142.5,73949.7,74016.3,31.46995707
1776203100000,74018.4,74319.9,73980.7,74274.8,26.67267724
1776204000000,74274.8,74366.6,74125.3,74309,58.15498176
1776204900000,74309,74309,73910.3,73914.5,49.40501097
1776205800000,73915.2,74084.7,73803.2,73979.3,53.55779158
1776206700000,73979.3,74126.9,73964.9,74023.9,26.98318521
1776207600000,74023.9,74157.2,74002.2,74097.9,20.32069967
1776208500000,74098,74218.9,74055.5,74111.8,30.59199202
1776209400000,74111.9,74205.4,74041.5,74139.1,44.14557226
1776210300000,74139.1,74236.6,74035.3,74148.8,59.83230282
1776211200000,74148.8,74683.2,74127,74548.9,130.13455199
1776212100000,74554.7,74639,74394,74591.2,54.49216617
1776213000000,74591.1,74607.4,74448.3,74551.1,37.38077617
1776213900000,74551,74597.8,74438.3,74569.9,38.83867263
1776214800000,74569.8,74755.9,74510.3,74749.3,53.49967481
1776215700000,74749.3,74790.5,74590.8,74676.6,41.37876619
1776216600000,74676.7,74710.3,74492.1,74638.5,33.88654869
1776217500000,74636.4,74740.6,74572.6,74610.9,34.9603745
1776218400000,74610.9,74700.8,74528.3,74545.4,21.4722169
1776219300000,74545.5,74592.6,74343.2,74352,54.94972124
1776220200000,74352,74364.6,74192.2,74281.8,40.65549766
1776221100000,74281.8,74355.3,74198.7,74326.8,21.97229842
1776222000000,74327.5,74336.7,74221.8,74229.1,13.82262761
1776222900000,74229,74368.4,74170.2,74295.3,34.73619885
1776223800000,74295.3,74343.2,74211.1,74245.7,34.35023635
1776224700000,74245.6,74374.1,74228,74346.6,13.6450549
1776225600000,74346.7,74438,74343.2,74352.8,15.40697742
1776226500000,74352.7,74412.5,74309.6,74316,19.477515
1776227400000,74318.5,74419.5,74274,74345.4,54.08811725
1776228300000,74345.4,74353.5,74269.3,74344.2,41.72979848
1776229200000,74344.2,74462.5,74202.9,74204.5,88.64500601
1776230100000,74204.5,74238,74007.9,74018.5,68.07799561
1776231000000,74018.6,74045,73875,73956.8,92.58715898
1776231900000,73956.9,74049.1,73906.8,74025.6,37.63328743
1776232800000,74025.6,74055.5,73931,73950.6,39.87828187
1776233700000,73950.7,74029.4,73920,73930.7,22.48998377
1776234600000,73930.5,74008.7,73900,74008.6,21.73164015
1776235500000,74008.7,74030.2,73874,73892.5,52.55191965
1776236400000,73892.5,74024.9,73838.1,73923.3,371.00342466
1776237300000,73923.4,73923.4,73577.1,73713.4,235.96958019
1776238200000,73713.4,73719.6,73575,73594.9,66.96239375
1776239100000,73594.9,73788.1,73507.1,73742.8,413.17875351
1776240000000,73744.5,73852.5,73676.8,73843.4,32.55039784
1776240900000,73843.5,73999.3,73837.3,73992.9,45.31541845
1776241800000,73993,74170,73971.4,74107,85.69681686
1776242700000,74107,74187.1,74041.8,74120.2,112.29506159
1776243600000,74120.2,74189.2,73964.2,74031.8,126.07167328
1776244500000,74031.7,74099.9,73932.2,73961.7,27.01263005
1776245400000,73963.4,74010.8,73920,73971.8,17.83152569
1776246300000,73971.9,74033.2,73928.3,74013.6,17.59123525
1776247200000,74013.6,74180.6,73980.2,74119.1,49.11886707
1776248100000,74119.1,74125.1,73890.7,73911,40.51895083
1776249000000,73909.7,74050,73800,74050,200.99998491
1776249900000,74050,74250,73830,73862.8,86.1998854
1776250800000,73862.9,74097.4,73862.9,74030.4,53.51771579
1776251700000,74030.4,74030.5,73921.4,73963.5,14.60025513
1776252600000,73963.5,74065.5,73940.1,74055.6,21.97788559
1776253500000,74054.2,74257.2,74032.5,74200,68.66299778
1776254400000,74200,74241.1,74055.5,74204.3,42.97093435
1776255300000,74204.4,74262.8,74115.7,74182.2,36.3748245
1776256200000,74182.2,74465.8,74182.2,74337.5,64.79588299
1776257100000,74337.6,74364.8,74272.7,74272.8,21.04060648
1776258000000,74272.8,74354.8,74171.6,74319.7,24.56264838
1776258900000,74316.5,74432.1,74244.2,74397.9,28.9248498
1776259800000,74398,74427.1,73853.9,73876.1,139.41869137
1776260700000,73876.1,74137,73820.1,74058.6,55.63088226
1776261600000,74056.9,74160.9,73820.1,74147.8,36.44629377
1776262500000,74147.8,74519,74130.8,74433.1,126.43434945
1776263400000,74433.2,74467.1,73910,73960.6,85.97598464
1776264300000,73960.6,74259.5,73956,74146.5,35.83004342
1776265200000,74149.8,74310.2,73972.2,74279.5,100.52613563
1776266100000,74277.6,74299.5,73984.1,74031.5,32.33855468
1776267000000,74030.5,74030.5,73587.1,73855,150.59420497
1776267900000,73855.1,73997,73728,73843.8,49.09008091
1776268800000,73841.4,74020,73756.1,74016.7,30.58973031
1776269700000,74016.8,74178,73980.5,74100.7,46.72812226
1776270600000,74100.8,74165.4,73870.3,73903.7,72.56294746
1776271500000,73903.8,74038,73818.7,73947.5,79.7272818
1776272400000,73947.8,74116.5,73916,74035.3,35.3201466
1776273300000,74035.2,74247.1,73957,74121.1,63.40985433
1776274200000,74124.5,74199.5,73920.2,73983.6,26.73756623
1776275100000,73986.2,74170.1,73941.5,74134.9,37.21546665
1776276000000,74134.9,74314.9,74069,74288.4,58.90123396
1776276900000,74288.5,74360,74175.8,74198.4,26.29811878
1776277800000,74201.7,74337.5,74188.2,74310.8,15.11029917
1776278700000,74310.9,74399.9,74279.3,74391.2,19.40319748
1776279600000,74391.3,74707,74361,74646.6,82.98774548
1776280500000,74646.6,74727.1,74564.4,74724.5,28.78814435
1776281400000,74724.4,75285.7,74723.6,75068.5,161.44111184
1776282300000,75072.2,75144.3,74944.4,75006.2,118.24799506
1776283200000,75006.2,75039.6,74609.8,74668.6,80.55406984
1776284100000,74668.5,74789.7,74505.3,74764.1,55.78814838
1776285000000,74764.1,74921.4,74636.4,74745.1,21.59026345
1776285900000,74751.7,74874.9,74730.3,74839.5,30.56323604
1776286800000,74839.5,74863.5,74720.8,74721.5,17.0032117
1776287700000,74721.5,74721.5,74594.6,74638.8,48.53514752
1776288600000,74638.9,74814.3,74545.5,74721.9,66.02956045
1776289500000,74720.1,74826,74701.3,74741.9,14.13561512
1776290400000,74741.9,75157.5,74735.9,75034.2,55.80266266
1776291300000,75040.6,75055.7,74897.1,74982,19.73304979
1776292200000,74982,75429.9,74908.9,75055,91.90406614
1776293100000,75054.9,75200,74908.9,74961,36.24439839
1776294000000,74961,74961,74700,74744.2,38.18761621
1776294900000,74744.3,74761.3,74647.3,74738.5,17.64601484
1776295800000,74738.5,74779.4,74611.5,74654,62.83577558
1776296700000,74653.9,74850,74647.2,74812.5,40.95156823
1776297600000,74812.5,74831.5,74600,74600,25.0732454
1776298500000,74600,74653.9,74447.3,74595,55.10989099
1776299400000,74595.1,74870,74595.1,74763.3,54.55768904
1776300300000,74763.2,74846,74680,74804.2,30.27764834
1776301200000,74804.2,74804.2,74449.6,74567.5,31.2151732
1776302100000,74568,74683.8,74515.1,74612.5,8.0579826
1776303000000,74609,74700,74576,74680.4,14.30895858
1776303900000,74679.8,74706.8,74562.5,74647.2,11.74590965
1776304800000,74647.2,74750,74602.7,74675.5,14.82827007
1776305700000,74675.5,74901.7,74609.4,74893.6,21.3101183
1776306600000,74894.7,75219.9,74894.7,75192,140.45014737
1776307500000,75192.1,75255.4,74800,74879.5,51.31555994
1776308400000,74883.5,75124.9,74870.6,74947,24.75121065
1776309300000,74948.9,75150,74948.9,75036.9,29.83114723
1776310200000,75036.9,75041.9,74942.6,74975.1,9.7408504
1776311100000,74975,74985.7,74862.5,74886.4,16.96180365
1776312000000,74886.5,75009.9,74834.2,74936.8,17.63678861
1776312900000,74936.7,74975.5,74879.2,74914.3,14.75695749
1776313800000,74914.2,75171.9,74857.1,75106.1,27.32649534
1776314700000,75106,75106,74717.2,74938,74.90019593
1776315600000,74938,75014,74900,74918.6,14.62792563
1776316500000,74918.3,75104.2,74888.3,75060.7,19.69375306
1776317400000,75060.8,75136.5,75013,75059.4,17.22300714
1776318300000,75059.3,75075.9,75013.3,75046.3,25.71308738
1776319200000,75046.3,75117.4,75004.2,75004.2,19.84155671
1776320100000,75004.3,75092.5,75000,75018.5,11.11938165
1776321000000,75018.4,75032.5,74851.1,74939.9,41.65048344
1776321900000,74939.9,75034.6,74907.3,75028.6,33.16266054
1776322800000,75028.6,75077.2,74884.6,74905.6,17.37105461
1776323700000,74905.6,74943.6,74850,74897.2,28.15681713
1776324600000,74897.2,74897.3,74819.6,74858.6,48.83769032
1776325500000,74858.6,74858.7,74628.5,74701.2,93.68655087
1776326400000,74701.3,74747.2,74510.6,74530,50.63769759
1776327300000,74530.1,74762.7,74530,74685.1,871.42373557
1776328200000,74685,74732.4,74553.5,74669.8,76.67254867
1776329100000,74669.7,74735.8,74636.4,74673.7,30.36066443
1776330000000,74673.7,74752.7,74621.4,74740.2,28.2664443
1776330900000,74740.2,74904.9,74740.2,74822.9,54.63579576
1776331800000,74822.9,74836.6,74690.6,74697.2,104.44151711
1776332700000,74697.2,74723.1,74591.4,74597.8,34.12669531
1776333600000,74597.7,74653.9,74400,74426,67.81636671
1776334500000,74426.1,74522.1,74324.2,74460.3,31.04751583
1776335400000,74460.2,74516.1,74382.5,74393.1,23.49961953
1776336300000,74393.1,74412.9,74285.7,74315.6,47.05288147
1776337200000,74315.6,74380.5,74289.4,74323.7,24.53144408
1776338100000,74323.7,74390,74291.4,74380.2,19.26445272
1776339000000,74380.3,74512.4,74343.8,74459.3,103.61423686
1776339900000,74459.3,74587.2,74438.5,74580.7,22.33471298
1776340800000,74580.7,74863.6,74575.3,74746.8,55.02851166
1776341700000,74746.9,74804.1,74678.5,74714.3,27.42350391
1776342600000,74714.3,74746.5,74610.2,74665.4,17.6622602
1776343500000,74665.5,74665.5,74580,74627.9,30.8060313
1776344400000,74627.9,74842.7,74593.4,74820.1,26.0651092
1776345300000,74820.1,75014.6,74793.7,74971.1,68.65894861
1776346200000,74968.9,75010.7,74485.2,74605.9,88.72486689
1776347100000,74608,74608,73302.8,73791.7,562.31754022
1776348000000,73791.7,73981.3,73600,73833.1,125.05467042
1776348900000,73833.1,73905,73428.5,73786.4,128.45863109
1776349800000,73782.8,74043.8,73768,73974.2,85.78278742
1776350700000,73976.7,74185.6,73855.5,73977.9,153.75854017
1776351600000,73977.9,74443.2,73936.9,74307.9,89.19002719
1776352500000,74313.1,74421.5,74190.3,74190.4,80.65177811
1776353400000,74190.3,74880.3,74172.1,74553.3,179.58578278
1776354300000,74553.4,74788.2,74454.7,74701.6,86.7072215
1776355200000,74701.6,74930.1,74639,74659.3,66.37252978
1776356100000,74659.3,74869.9,74564.7,74569.7,58.66809506
1776357000000,74569.8,74634.2,74218.6,74322.6,70.96056508
1776357900000,74325,74416.5,74067.1,74177.6,57.76115599
1776358800000,74177.7,74207.6,73962.9,73963,32.00962189
1776359700000,73962.9,74279.2,73914.5,74217.2,42.9055868
1776360600000,74215.4,74411.6,74094.6,74375.3,47.28361507
1776361500000,74375.3,74437.6,74200,74339.4,34.55339228
1776362400000,74338.3,74528.5,74242.2,74412.9,32.27604741
1776363300000,74412.8,74499,74272.7,74414.4,34.46490084
1776364200000,74408.8,74588.3,74362.3,74579,17.82298745
1776365100000,74579.1,75090.8,74579,75033,147.95819572
1776366000000,75033.1,75096.1,74727.2,74823.9,46.29654097
1776366900000,74823.9,75064,74783.1,75017.9,36.36304083
1776367800000,75021.7,75331.6,74963.2,75229.7,56.55301084
1776368700000,75229.6,75411.7,75214.8,75347,63.64462505
1776369600000,75347,75535,75240,75417.1,73.94435099
1776370500000,75416.8,75431.5,75100,75185.4,22.28701656
1776371400000,75188.1,75188.1,75000,75072.9,12.27892146
1776372300000,75072.8,75250,75042.1,75223.1,12.40347364
1776373200000,75223,75278.3,75133.2,75134.3,24.15708471
1776374100000,75134.2,75162.9,74792.4,74923.7,51.90891957
1776375000000,74923.7,74994.5,74843.7,74946.6,11.98373013
1776375900000,74946.7,75010.8,74902,74935.7,19.24133116
1776376800000,74935.7,75119.9,74935.7,74975.3,20.28246039
1776377700000,74977.2,74993.5,74833.3,74924.5,28.6510297
1776378600000,74925.4,74996.9,74887.4,74924.1,21.20174122
1776379500000,74924.1,74972.9,74833.3,74875.9,26.95511396
1776380400000,74876,75035.5,74838.7,74989,16.52164256
1776381300000,74984.8,75123.6,74912.5,75029.3,10.55850945
1776382200000,75026,75173.2,75013.5,75136.1,18.08581826
1776383100000,75136,75172.1,75044.5,75147,18.31230814
1776384000000,75147,75157.5,74944.4,74971.3,19.48017148
1776384900000,74972.1,75000,74876,74999.9,18.04953382
1776385800000,75000,75104.1,74959.2,74959.2,16.75535714
1776386700000,74959.2,74988.6,74904.9,74940.4,21.57208603
1776387600000,74940.4,75035,74877,74892.3,9.44282486
1776388500000,74892.4,74932,74637.2,74752.6,77.81903216
1776389400000,74752.5,74815.6,74649.6,74713.3,9.27419115
1776390300000,74713.3,74833.3,74566.7,74745,14.7867243
1776391200000,74745,74807.7,74636.3,74709.6,10.77941787
1776392100000,74709.5,74727.8,74600.3,74600.6,9.81770158
1776393000000,74600.4,74742.4,74537.4,74668.7,32.79008014
1776393900000,74668.7,74706.4,74619.7,74699.9,9.92255962
1776394800000,74700,74714,74604.8,74687.9,14.41085811
1776395700000,74688,74758.8,74671.2,74730.1,15.88981756
1776396600000,74730,74836.5,74677.7,74767.7,10.14655475
1776397500000,74774.9,74809.8,74610.1,74617.8,8.40303711
1776398400000,74617.9,74686.7,74588.2,74676.1,13.42760118
1776399300000,74676,74786.5,74676,74749.2,14.95356094
1776400200000,74749.2,74850,74738,74807.8,9.30788412
1776401100000,74807.7,74828.7,74750.1,74779.9,10.49813999
1776402000000,74780,74804.5,74550,74615.6,66.286504
1776402900000,74615.6,74750,74600,74663.6,32.71494603
1776403800000,74663.5,74689.1,74606,74649.5,19.11660674
1776404700000,74648.9,74724.4,74627.6,74635.6,8.29551845
1776405600000,74635.5,74769.3,74592.8,74753.8,23.31980076
1776406500000,74754.8,74808.5,74728.7,74806.6,35.94328259
1776407400000,74806.5,74859.5,74754.4,74854.1,54.30331196
1776408300000,74854,74931.9,74816.1,74931.8,83.9783151
1776409200000,74931.8,75088.6,74910.6,75027.7,75.52478933
1776410100000,75027.8,75027.8,74929.9,74968.2,17.12812341
1776411000000,74968.1,75006.4,74925.3,75006.3,102.89053439
1776411900000,75006.3,75074.3,74953.5,75072.9,919.35817887
1776412800000,75073,75163.2,75000.5,75054,52.46246082
1776413700000,75053.9,75151.3,74983.2,75100.1,82.36061205
1776414600000,75100,75417.1,75086.8,75344.6,621.82159399
1776415500000,75344.6,75870,75282.8,75779.3,1068.22502911
1776416400000,75773.7,75922.2,75620,75906.7,206.08719178
1776417300000,75906.7,76400.2,75727.2,76283.6,366.90596117
1776418200000,76283.6,76322.3,75521.4,75748.5,230.68389877
1776419100000,75748.6,75899.9,75666.7,75778.5,127.33862442
1776420000000,75778.5,75889,75599,75622.1,87.50567722
1776420900000,75622.1,75726.1,75224.6,75224.6,179.05826934
1776421800000,75228.3,75359.9,75089.7,75190.1,175.19813574
1776422700000,75190,75299.9,75106.6,75280.8,31.48886822
1776423600000,75280.7,75408.6,75242.5,75319.4,52.43646816
1776424500000,75315.9,75481.9,75313.4,75462.4,27.88981037
1776425400000,75462.4,75576.9,75380.2,75386.6,21.28769856
1776426300000,75386.6,75604.1,75375,75588.2,53.85271004
1776427200000,75588.3,75719.9,75534.5,75689,31.0646546
1776428100000,75689,75984.4,75635.8,75771.3,75.66342395
1776429000000,75771.3,75918.7,75652.4,75751.9,37.18836088
1776429900000,75752,76260.6,75733.7,76237.3,316.80997938
1776430800000,76236,76911,76060.1,76911,522.5723829
1776431700000,76910.9,76988,76442.4,76577.5,357.38453935
1776432600000,76589.4,76928.5,76124.8,76897.3,512.36547787
1776433500000,76897.3,77423,76653.8,77341.3,459.29386313
1776434400000,77341.4,77545,77011.1,77091.3,322.65545774
1776435300000,77096.5,77747.6,77087.9,77454.8,256.89211368
1776436200000,77454.8,78036.8,77454.8,77980.7,421.99600365
1776437100000,77980.6,78044.1,77705.2,77887.1,275.56326683
1776438000000,77887.2,77960,77572.3,77828.3,163.91415917
1776438900000,77828.2,77969.9,77666.7,77733.1,288.88142473
1776439800000,77733.1,77839.9,77454,77516.1,165.96848915
1776440700000,77515.3,77870.1,77440,77781.3,191.68354701
1776441600000,77781.3,78032.5,77710,77860.7,157.17361219
1776442500000,77867.2,78344.3,77800,78153.1,218.37527844
1776443400000,78153.2,78285.2,77976.2,78093.8,114.50575516
1776444300000,78093.9,78113.1,77801,77855.9,74.95689475
1776445200000,77855.9,77921,77329.4,77492.1,273.68452931
1776446100000,77497,77586.4,77100.2,77233.7,284.24146737
1776447000000,77233.7,77539.8,77233.7,77452.7,138.41247245
1776447900000,77452.6,77651.3,77425.3,77515.9,175.94606792
1776448800000,77515.7,77566.4,77092.4,77139.2,217.86538673
1776449700000,77139.1,77360.5,77070.1,77188.8,158.99494888
1776450600000,77188.8,77382.1,77126.9,77369.4,116.92172346
1776451500000,77369.2,77372.2,77081.7,77154.7,152.02014845
1776452400000,77154.8,77267.8,77000,77229.8,188.98145597
1776453300000,77229.8,77410.4,77229.7,77270.8,154.28657755
1776454200000,77270.8,77408.1,77208.2,77355.6,67.10140593
1776455100000,77355.6,77473.4,77223.2,77397.5,87.19209609
1776456000000,77398.6,77610,77349.5,77525.5,46.41684495
1776456900000,77525.6,77525.6,77355.1,77368.1,16.47276384
1776457800000,77368.1,77395.5,77156.9,77248,26.56740546
1776458700000,77247.7,77361.4,77204.5,77334.2,17.48430233
1776459600000,77334.3,77430.9,77313.6,77384.3,29.89022216
1776460500000,77384.2,77487.8,77283,77440.2,21.81027711
1776461400000,77440.1,77449.4,77279.4,77409.2,23.12643524
1776462300000,77409.3,77490.8,77376.2,77441.3,20.89834625
1776463200000,77441.3,77512.9,77385.2,77414.8,24.81000231
1776464100000,77414.9,77452,77303.2,77396,21.47343838
1776465000000,77395.9,77477.6,77333.5,77413.3,13.26052108
1776465900000,77413.3,77438.3,77271,77299.2,47.41258932
1776466800000,77299.3,77304.2,77166.6,77199.8,29.05975941
1776467700000,77199.8,77199.8,76901.9,77048.9,54.34561832
1776468600000,77049,77125,76985.3,77036.3,30.49415737
1776469500000,77036.3,77146.6,77036.3,77073.6,11.82333035
1776470400000,77073.6,77222.7,77041,77099.9,97.29989775
1776471300000,77099.9,77232.1,77099.9,77223.2,9.5455713
1776472200000,77223.3,77267.5,77011.1,77011.2,33.13786178
1776473100000,77011.2,77214.3,76986.3,77165.3,19.93539575
1776474000000,77166.3,77320.3,77111.3,77315,27.2097171
1776474900000,77315.1,77332.4,77274.2,77294.6,10.67817448
1776475800000,77293.5,77300,77200,77200,26.9926608
1776476700000,77200.1,77312.5,77137.6,77215.5,37.76447738
1776477600000,77215.6,77290.2,77056.2,77290.2,56.45742814
1776478500000,77290.2,77415.3,77290.2,77320.5,14.90973846
1776479400000,77320.5,77400,77260.7,77316.4,18.28298969
1776480300000,77316.4,77335.4,77271.7,77289.3,21.57052418
1776481200000,77289.4,77299.2,77223.2,77260,5.65909533
1776482100000,77260,77260.1,77148.6,77179.5,15.30223298
1776483000000,77173.8,77202.3,77116.7,77164,29.09198891
1776483900000,77163.3,77208.9,76967.8,77009.9,52.44164341
1776484800000,77009.9,77096,76963.1,77081.8,8.25170628
1776485700000,77081.6,77081.6,76940.6,76993,22.83046597
1776486600000,76993,77083.3,76875,76988.4,30.58481941
1776487500000,76988.4,77162,76988.4,77109,21.52609601
1776488400000,77109,77266.1,77108.9,77199.2,10.20903822
1776489300000,77199.2,77222.1,77126.2,77148.3,66.6327496
1776490200000,77148.3,77191.8,77112.9,77155.1,26.81558243
1776491100000,77154.1,77154.1,77121.4,77135.2,8.1320679
1776492000000,77135.3,77213.8,77091.7,77164.2,34.78930416
1776492900000,77164.2,77184,77050.3,77094.2,10.51467467
1776493800000,77091,77132.2,77080.6,77132.2,10.07725343
1776494700000,77132.2,77155.7,77102.8,77125,18.82134629
1776495600000,77125.1,77131.4,77062,77068.1,5.71402746
1776496500000,77068,77099.5,77026.9,77091.2,22.05815005
1776497400000,77091.2,77091.4,76968.3,77024,118.77335118
1776498300000,77024.1,77027.6,76884.9,76986.7,157.78251138
1776499200000,76986.6,77040.4,76800.2,76804.5,43.42702624
1776500100000,76804.5,76850.3,76638.5,76684,112.15226915
1776501000000,76684,76768.5,76500.1,76552.6,97.70924538
1776501900000,76552.6,76788.2,76535.1,76738.9,41.36331263
1776502800000,76738.9,76738.9,76450.1,76534.4,59.72112597
1776503700000,76534.5,76585.1,76411.1,76575.4,30.18687708
1776504600000,76575.4,76671.7,76560,76633.1,11.72237911
1776505500000,76633.1,76688,76530,76602.3,15.07013778
1776506400000,76602.2,76602.3,76200.1,76300.1,147.51451158
1776507300000,76300.1,76388.8,76270.2,76326.7,33.88707778
1776508200000,76326.8,76326.8,76201.4,76231.5,31.39358759
1776509100000,76231.5,76288.6,76136,76198.8,107.94728741
1776510000000,76198.8,76198.8,75922.2,75956.4,265.33473298
1776510900000,75956.4,76120.7,75940.4,76085.7,92.13237516
1776511800000,76085.5,76182.6,75780.9,75853.5,130.71563567
1776512700000,75853.4,76100,75795.7,76050,50.2817026
1776513600000,76050.1,76238.5,76050,76220.7,45.15164955
1776514500000,76220.6,76310,76140,76154,22.48700179
1776515400000,76154.1,76225,76056,76190,28.27403018
1776516300000,76187.9,76280.6,76187.9,76218.8,22.15699449
1776517200000,76218.7,76222.8,76144.9,76167.6,8.90917744
1776518100000,76167.7,76220.4,76070.3,76096.7,16.96841999
1776519000000,76096.8,76099,75801,75955,49.69804474
1776519900000,75955.1,76177.4,75905.6,76125.2,35.33722371
1776520800000,76125.2,76181.1,76085.1,76179.1,13.44477729
1776521700000,76179.1,76199.9,75980.6,76151.6,24.01948808
1776522600000,76151.6,76311.5,76144,76198.8,48.66636687
1776523500000,76198.7,76267.3,76175.4,76263.7,13.67853296
1776524400000,76263.8,76367.9,76140.3,76223.5,45.86081354
1776525300000,76223.4,76277.4,76142.3,76210,23.71069038
1776526200000,76209.9,76239.1,76130.6,76130.7,9.10849842
1776527100000,76130.7,76195.8,76000,76171.6,47.18986498
1776528000000,76171.7,76218.7,76030,76193.2,24.57916925
1776528900000,76193.3,76193.3,75683.5,76093,131.03959637
1776529800000,76093.1,76130,75998,76000.1,20.37794126
1776530700000,76000,76026.1,75848.3,75944.8,46.84974921
1776531600000,75943.3,75971.2,75784.9,75839,52.84350559
1776532500000,75839.1,75902.6,75805.5,75857.5,35.11288236
1776533400000,75857.6,75898.4,75852.2,75881.9,21.04529208
1776534300000,75878.5,75907.6,75822.6,75828.9,61.60839915
1776535200000,75828.9,75848.2,75693.9,75800.1,24.71983216
1776536100000,75800.1,75800.1,75600,75666.9,49.4180522
1776537000000,75668.2,75682.5,75442,75573.9,74.2920528
1776537900000,75576.6,75735.2,75536,75653.2,70.24773345
1776538800000,75653.2,75792.9,75618.9,75753.1,19.87531081
1776539700000,75753.1,75800,75625,75696.7,8.48461979
1776540600000,75696.8,75702,75580.2,75599.2,10.68312447
1776541500000,75599.1,75679.3,75569.4,75649.7,15.63392841
1776542400000,75649.7,75715.1,75600.1,75697.9,13.18450613
1776543300000,75697.9,75780.2,75660.7,75709.3,27.25315936
1776544200000,75709.3,75792,75695.2,75785.3,17.02912612
1776545100000,75785.2,75838.5,75728,75749.9,17.97527906
1776546000000,75749.9,75839.2,75704,75725.4,28.91898482
1776546900000,75722.6,75754.4,75592.1,75735.4,14.08826048
1776547800000,75735.4,75749.8,75663.3,75723.5,7.5366756
1776548700000,75729.1,75816.6,75728,75816.5,10.68244341
1776549600000,75816.6,75816.6,75611.1,75611.1,13.38626167
1776550500000,75611.2,75714.9,75611.1,75714.9,7.87700177
1776551400000,75714.8,75840.4,75714.8,75785.8,22.92131411
1776552300000,75785.8,75874.8,75775.8,75812.9,36.58228557
1776553200000,75813,75899.9,75809.9,75821,13.3370336
1776554100000,75821,75852.6,75805.3,75812.1,10.69260458
1776555000000,75812.1,75812.1,75702.7,75761.5,13.69555563
1776555900000,75757,75776.1,75694.9,75699.1,6.91113263
1776556800000,75699,75849.5,75679.1,75779.4,8.23246544
1776557700000,75779.4,75779.4,75580,75615.9,15.37042298
1776558600000,75616,75652,75555.1,75578.2,19.48133899
1776559500000,75578.3,75692.7,75576.4,75673.8,19.55872988
1776560400000,75673.8,75794.5,75620.1,75680.2,39.75324591
1776561300000,75677,75677.1,75543.1,75543.3,14.47186011
1776562200000,75543.2,75581.1,75460,75551.7,20.39586478
1776563100000,75551.8,75639.1,75551.8,75621.5,14.45113978
1776564000000,75619.4,75638.8,75579.2,75636.8,5.83062517
1776564900000,75636.8,75728,75408.3,75486.4,61.32378523
1776565800000,75486.4,75720.8,75444.3,75652,18.56161663
1776566700000,75651.9,75690.2,75500,75500.1,19.44298554
1776567600000,75500.1,75542.9,75363.6,75536,33.63755273
1776568500000,75536.1,75562.8,75465.1,75526,5.37298761
1776569400000,75526,75613.8,75489.5,75602,10.3355502
1776570300000,75602,75649.9,75509.6,75516.6,4.19215784
1776571200000,75516.6,75741.8,75509.5,75704.8,7.82733177
1776572100000,75704.8,75783.5,75667.7,75683.8,29.33902524
1776573000000,75683.8,75683.9,75422.8,75541,38.3688678
1776573900000,75541.7,75709.7,75513.4,75670.1,12.36152297
1776574800000,75670.2,75692.8,75529.3,75559.9,38.60372867
1776575700000,75559.9,75566.3,75513.9,75564.7,12.09397373
1776576600000,75564.6,75669.4,75564.6,75600,10.36009158
1776577500000,75600.1,75600.1,75531.3,75547.9,5.62497564
1776578400000,75547.9,75548,75394.8,75394.9,43.77528689
1776579300000,75394.9,75442.6,75283.8,75408.9,42.6585278
1776580200000,75408.8,75483.7,75408.8,75428.3,7.65854476
1776581100000,75428.4,75429.6,75366.4,75397.3,21.97031706
1776582000000,75397.8,75401,75222,75242.6,23.52302498
1776582900000,75242.7,75242.7,74889.7,74989.7,145.49049266
1776583800000,74989.8,75264.3,74989.7,75199.3,138.96282827
1776584700000,75199.4,75295.3,75137,75235,274.10677243
1776585600000,75235.1,75280,75164.9,75267.8,57.87544283
1776586500000,75267.9,75299.7,75120.1,75120.2,166.49683712
1776587400000,75120.2,75250,75057.5,75223.2,106.98847747
1776588300000,75223.2,75271.5,75178.8,75253.9,21.2261926
1776589200000,75253.9,75274.1,75169,75173.7,8.50699439
1776590100000,75173.6,75191.5,74958,75086.9,28.61855927
1776591000000,75086.8,75168,75060.9,75063.2,13.72339547
1776591900000,75063.1,75066.6,74926,75021.6,21.88221994
1776592800000,75021.4,75092,74929.4,75034.5,26.16438622
1776593700000,75034.4,75122.9,75000,75088.8,12.57817961
1776594600000,75088.7,75105.5,75051.9,75096.1,11.12249923
1776595500000,75096,75244.3,75052,75224.3,16.456452
1776596400000,75224.3,75454.6,75218,75430.1,50.90125618
1776597300000,75426.4,75545.6,75348.1,75378.3,57.36526575
1776598200000,75378,75536.7,75368.9,75514.8,24.87272347
1776599100000,75514.7,75642.2,75496.7,75601.1,64.2683063
1776600000000,75601.1,75676.9,75497.7,75676.8,49.97106155
1776600900000,75669.6,75700,75508,75519.7,21.70953454
1776601800000,75519.7,75545.6,75429.3,75499.7,12.86216616
1776602700000,75505.8,75683.7,75460.4,75572.5,21.42632813
1776603600000,75572.5,75766.6,75552.9,75765.1,33.67740239
1776604500000,75765.2,76248.7,75730,76051.9,164.8341683
1776605400000,76052.1,76119.2,75945.1,76043.5,84.53717755
1776606300000,76043.5,76043.5,75875,75930.4,37.46578892
1776607200000,75930.3,76024.7,75680.8,75799,42.64037128
1776608100000,75798.8,76034.7,75766.6,75969.6,36.33531728
1776609000000,75969.7,76014.5,75789.6,75980.2,45.65221139
1776609900000,75980.3,76150.2,75952,76028.3,37.00271207
1776610800000,76028.3,76049.4,75875.1,76012.3,26.3730951
1776611700000,76012.3,76159.3,75892.8,75969.3,17.48409564
1776612600000,75970.2,75993.4,75393,75723.6,98.83391187
1776613500000,75723.5,75875,75692.1,75851.1,24.42534721
1776614400000,75851.1,75862.5,75625.8,75677.4,42.07889787
1776615300000,75672.6,75770.1,75552.1,75571.9,32.62564813
1776616200000,75571.9,75702.7,75500.3,75565,22.65718366
1776617100000,75562.8,75644.9,75287,75391.9,48.38812219
1776618000000,75392,75397.4,75016.4,75269.9,136.57500655
1776618900000,75270,75390,75173.4,75273,20.91528928
1776619800000,75274.2,75366.7,75087.7,75190.3,20.89375362
1776620700000,75190.4,75223,74644,74791.5,147.76866108
1776621600000,74793,74914.8,74677.8,74841.6,46.77038424
1776622500000,74841.6,74879.9,74600,74821.4,34.3401539
1776623400000,74816,74840.5,74657.1,74708.9,35.41598263
1776624300000,74708.9,74805,74616.3,74779.9,18.36386493
1776625200000,74781.5,74981.1,74781.5,74945.9,30.97136871
1776626100000,74946,75032.7,74851.8,74958.5,10.41700548
1776627000000,74959,75075,74931.9,74970,8.70837958
1776627900000,74971.1,75035.6,74900,74965.9,14.8612597
1776628800000,74965.9,74967.9,74690.5,74799.5,340.89404797
1776629700000,74799.5,74803.9,74645.1,74753.7,11.59994209
1776630600000,74753.8,74864,74450,74544.7,92.80299206
1776631500000,74540.6,74717.9,74412.5,74634.4,53.91651452
1776632400000,74636,74742.2,74566.9,74685.7,57.97129949
1776633300000,74685.3,74769.2,74574.5,74748.7,12.97185778
1776634200000,74747.8,74819.8,74720.6,74743.9,12.9241747
1776635100000,74743.8,74797.6,74360,74424.5,37.15158526
1776636000000,74424.4,74424.4,73819.2,74017.9,272.60293309
1776636900000,74016.6,74066.5,73759.5,73944.6,113.50347236
1776637800000,73941.9,74185,73920.4,74146.5,34.82556553
1776638700000,74143,74199.9,74033.5,74044.9,34.14252488
1776639600000,74044.9,74060,73822,74029.9,48.5398568
1776640500000,74029.9,74029.9,73797.8,73891.3,29.23558425
1776641400000,73891.4,73963.9,73822.5,73903.6,23.97365903
1776642300000,73900.4,73984.9,73795,73806.1,17.31788856
1776643200000,73808,74222.5,73717.9,74050.1,177.47304257
1776644100000,74050.1,74287.7,74050,74235.4,70.64323296
1776645000000,74235.4,74283,74150.4,74183.6,25.44236049
1776645900000,74183.6,74361.7,74166.2,74277.8,21.67014187
1776646800000,74277.8,74372.7,74232.6,74367,40.74679214
1776647700000,74369.6,74372.7,74222.7,74303.7,17.80221309
1776648600000,74303.7,74712.8,74303.7,74687.4,116.68347768
1776649500000,74687.3,74750,74560.2,74593.4,26.80096081
1776650400000,74597.6,74633.5,74345,74398.9,18.31936041
1776651300000,74399,74475,74303.7,74454.9,31.10546744
1776652200000,74454.9,74522.1,74403.6,74522.1,23.463088
1776653100000,74522.1,74522.2,74401.8,74408,26.98930218
1776654000000,74408,74492.2,74360.7,74492.2,15.06707154
1776654900000,74492.2,74578.9,74393.4,74505.5,68.97076188
1776655800000,74505.5,74578.1,74457.8,74575.7,8.98773665
1776656700000,74575.6,74637.6,74547.3,74630.7,17.75017386
1776657600000,74630.7,74633.5,74500,74502.3,14.14598816
1776658500000,74502.4,74525.8,74436,74506,17.18471916
1776659400000,74505.9,74526.9,74439.2,74471.5,54.00518705
1776660300000,74471.5,74617.6,74471.5,74566.1,19.35613959
1776661200000,74566,74566,74263,74361.6,89.4706565
1776662100000,74361.5,74361.5,74134,74138.3,52.58993344
1776663000000,74138.2,74240.8,74110,74125.4,28.79982461
1776663900000,74125.4,74308.7,74110,74274.8,12.35844594
1776664800000,74274.8,74445.1,74274.5,74309.6,24.56989437
1776665700000,74309.6,74408.9,74252.3,74347.7,19.98460053
1776666600000,74347.7,74900,74347.7,74786.7,82.6484624
1776667500000,74786.7,74830.6,74648.9,74786.7,47.84812191
1776668400000,74786.8,74870.5,74695.5,74802.9,35.88636858
1776669300000,74802.9,75579.7,74723.4,75212.9,209.01492547
1776670200000,75208,75248.5,74854.8,74937.5,107.15757262
1776671100000,74937.5,75018.9,74666.7,74831.1,183.73971727
1776672000000,74831.2,74878.4,74659.6,74833.6,405.53047442
1776672900000,74833.6,75011.1,74690.1,74814.2,621.82887116
1776673800000,74814.2,74932.2,74750.1,74823.3,86.66915457
1776674700000,74823.3,74857.8,74615.3,74724.3,68.95130624
1776675600000,74724.3,75089,74698.2,75034.9,101.15246513
1776676500000,75035,75144.4,75000,75025.5,23.78782616
1776677400000,75025.5,75195.9,74973.6,75155.8,10.20194082
1776678300000,75155.9,75239,75016.8,75056.3,31.53479778
1776679200000,75056.4,75343.7,75056.4,75336.8,28.67181951
1776680100000,75342.7,75399,75259,75304.6,34.02183964
1776681000000,75304.7,75304.7,75150,75176.8,9.78809596
1776681900000,75176.8,75192.6,75002.6,75026.4,11.89757844
1776682800000,75026.5,75179.9,74960.1,75163.1,33.8875434
1776683700000,75163.1,75256,75050.2,75161.4,29.35854547
1776684600000,75161.3,75278.4,75077,75221.1,17.20804184
1776685500000,75221.1,75278.9,75150,75194.8,13.65502113
1776686400000,75194.9,75395.6,75079.2,75347.2,38.77238731
1776687300000,75347.1,75651.5,75292.1,75415.9,73.31184579
1776688200000,75415.9,75462.5,75047.5,75215.4,61.74224434
1776689100000,75215.4,75383.4,75215.4,75288.5,37.65382105
1776690000000,75287,75353.2,75120.3,75221.1,112.58754095
1776690900000,75218.7,75258.7,74990,75190.1,67.77887469
1776691800000,75190.4,75426.9,74854.6,75224.8,102.81611348
1776692700000,75224.9,75322.5,74975.4,75264.2,46.76357117
1776693600000,75267.2,75296.9,75025.5,75068,40.83964996
1776694500000,75065.1,75757.5,75033.2,75562.1,81.53780491
1776695400000,75569.2,75672.9,75200,75323.8,48.44465973
1776696300000,75322.7,75434.7,74918.7,75041.3,87.84893264
1776697200000,75032,75088.8,74703.8,75058.9,126.63788123
1776698100000,75059,75763.3,75037.3,75744.4,94.70826606
1776699000000,75743.4,75743.4,75516.9,75579.5,42.42627575
1776699900000,75582.6,75727.2,75530.4,75710.9,42.36784894
1776700800000,75713.6,75722.2,75407.7,75418.8,32.95228569
1776701700000,75418.8,75517.6,75324.6,75364.8,26.49283816
1776702600000,75364.9,75569.8,75309.5,75485.8,18.12740786
1776703500000,75485.8,75568.9,75300,75348.2,27.92044561
1776704400000,75348.1,75689,75290.1,75638.9,60.58982188
1776705300000,75638.5,75879.3,75600,75717.7,38.06107329
1776706200000,75717.8,75844.8,75600.5,75756.2,28.35326739
1776707100000,75756.3,75982.9,75692.8,75903.5,118.02622835
1776708000000,75903.6,76301.7,75903.6,76279.4,176.33809747
1776708900000,76279.3,76317.2,76084.6,76098.1,38.34367901
1776709800000,76099.5,76262.6,75963.9,76173.7,51.47404212
1776710700000,76168.7,76447.8,76086.7,76425.4,66.19532377
1776711600000,76425.4,76470,76300,76342.2,96.74903988
1776712500000,76339.9,76339.9,76168,76202.9,37.23427707
1776713400000,76202.8,76260.5,76143.8,76247.9,16.18427953
1776714300000,76248.8,76327.4,76204,76287.7,28.30704434
1776715200000,76292.3,76359.9,76111.8,76333,41.51622445
1776716100000,76331.4,76564.2,76294.2,76319.3,54.60482582
1776717000000,76319.3,76319.3,76209.3,76245.8,22.8903412
1776717900000,76245.8,76310.9,76220.8,76269.7,20.7816597
1776718800000,76269.7,76360,75914.1,75987.8,111.112316
1776719700000,75987.8,76033.1,75848.7,75923.8,32.18678088
1776720600000,75923.7,75940.7,75782.2,75879.4,13.40951896
1776721500000,75878.4,75970.1,75865.3,75952.2,10.2055786
1776722400000,75952.2,76142.8,75950.4,76066.2,38.5493824
1776723300000,76066.2,76110,75900.1,75919.1,20.11054128
1776724200000,75919.2,76076.6,75900.2,75989.4,17.1930894
1776725100000,75989.4,75996.1,75924.9,75972,5.55936966
1776726000000,75972,75972,75718.8,75756.8,57.78498207
1776726900000,75756.8,75768.4,75604.5,75663.4,27.66341523
1776727800000,75663.4,75813.7,75635,75779.9,24.73828315
1776728700000,75780.7,75891,75763,75840.4,43.30737972
1776729600000,75840.4,75929,75695.6,75870.1,68.76598934
1776730500000,75869.8,75930,75806.1,75910.6,28.67861619
1776731400000,75910.5,75995.6,75861.9,75882,27.50791936
1776732300000,75882.1,76100,75882.1,76097,41.79133294
1776733200000,76097.1,76270.2,76024.7,76129.1,33.62190737
1776734100000,76129.1,76146.8,76001,76130.9,28.50899932
1776735000000,76130.9,76232.7,76000.8,76075.3,11.77464044
1776735900000,76077.1,76077.1,75864.9,75924.1,24.17126648
1776736800000,75924.1,75933.8,75711.2,75730.6,34.33927312
1776737700000,75730.6,75810,75692.6,75723.2,24.460298
1776738600000,75723.3,75806.2,75604.1,75611.6,31.49251831
1776739500000,75611.7,75684.8,75583.8,75590.6,24.19708888
1776740400000,75590.6,75635.7,75485.7,75564.1,26.70287326
1776741300000,75564,75665.9,75500.1,75638.2,18.43622793
1776742200000,75638.2,75727.1,75500,75562.9,67.32506114
1776743100000,75562.9,75727.2,75561,75712.3,11.29090141
1776744000000,75711.4,75774.8,75625,75625,29.73060555
1776744900000,75627,75720.1,75595.8,75644,27.83601801
1776745800000,75644,75734,75625.8,75728.4,13.2579938
1776746700000,75728.5,75843.8,75694.7,75822,16.62588969
1776747600000,75822.1,75975,75822,75896.9,36.4019541
1776748500000,75896.9,75981,75856,75895,35.11879906
1776749400000,75895,75900.9,75832.8,75848,6.20023619
1776750300000,75848,75848,75786.3,75816.3,16.67819716
1776751200000,75816.4,75820,75739.4,75790.9,11.68945196
1776752100000,75790.8,75806.9,75710,75761.4,19.2955068
1776753000000,75761.5,76130,75761.5,76000,38.30320364
1776753900000,76000,76046.9,75966.6,75979,9.17513971
1776754800000,75978.9,75993.8,75823.4,75956.8,21.20351437
1776755700000,75956.8,76301.6,75930,76188.5,60.89534641
1776756600000,76188.5,76300,76034.7,76186.8,85.82614885
1776757500000,76186.7,76300,76078,76079.9,78.72852585
1776758400000,76079.9,76212.9,76063,76133.7,31.47490398
1776759300000,76133.7,76387.6,76118,76350.4,52.12523679
1776760200000,76350.4,76500,76250,76453.6,40.79376014
1776761100000,76453.5,76954.1,76422.9,76505.8,270.29007319
1776762000000,76505.8,76590.5,76354.4,76476.8,35.00604973
1776762900000,76476.8,76540.3,76201.1,76246.4,33.24259817
1776763800000,76246.8,76329.9,76165,76310.1,39.37178859
1776764700000,76310.1,76382.9,76255.5,76362.9,25.22835976
1776765600000,76362.9,76498,76353.1,76436.8,17.18539182
1776766500000,76436.8,76571.4,76371.3,76517.3,31.32181333
1776767400000,76517.2,76619.7,76474.5,76576.1,31.12028047
1776768300000,76573.6,76868,76555.1,76749.3,98.76071394
1776769200000,76749.4,76749.4,76327.6,76411.6,132.4520839
1776770100000,76404.6,76724.3,76340.7,76670.7,54.14991954
1776771000000,76670.7,76692.8,76466.5,76475.3,27.23295502
1776771900000,76475.3,76502.6,76416.2,76450.8,43.52808836
1776772800000,76450.8,76496.8,76257.9,76257.9,33.01536989
1776773700000,76257.8,76397.3,76250,76382,61.4892044
1776774600000,76382.1,76531.4,75716.7,75841.7,139.43960895
1776775500000,75839,76070.5,75745.9,76018.5,90.29175215
1776776400000,76018.5,76090.4,75908.4,76000.1,25.91991704
1776777300000,76000,76130,75972.2,76033,33.74511895
1776778200000,76030.2,76189,75740.4,76017.6,90.39277114
1776779100000,76017.5,76063.5,75778.1,75904.9,65.59896205
1776780000000,75905.1,75935.2,75706.1,75838.8,41.09100843
1776780900000,75841.3,76299.3,75841.3,76126.7,100.45026023
1776781800000,76126.7,76596.5,76115.9,76469.2,99.94584268
1776782700000,76461.9,76481.4,75625,75674.2,123.0128552
1776783600000,75675.6,75849.7,75414.8,75770,166.1875977
1776784500000,75772.3,75981.1,75596.9,75696.8,54.6342586
1776785400000,75696.7,75817.2,75532,75702.6,49.8748069
1776786300000,75702.6,75839.4,75621.9,75839.4,28.96203495
1776787200000,75839.5,76018.6,75821.5,75967,49.70296855
1776788100000,75961.7,75990,75837.1,75863.3,18.81805408
1776789000000,75863.3,76188.9,75838.8,75890.7,47.08671393
1776789900000,75890.7,76046.5,75761.9,75774.9,37.67814742
1776790800000,75774.9,75828.1,75446,75540,70.76374248
1776791700000,75542.7,75551.1,75055,75333.7,106.51647555
1776792600000,75332.2,75905.5,75277.4,75772,99.52460317
1776793500000,75768.4,75829.5,75511.8,75556.3,35.18290253
1776794400000,75556.4,75639.8,75496.3,75578.9,13.51728917
1776795300000,75579,75666.5,75376.1,75474.1,36.91019503
1776796200000,75474.1,75598,75466.3,75522,8.32306047
1776797100000,75522.1,75642.2,75310.5,75613.8,36.05957248
1776798000000,75613.8,75790,75559.1,75608.7,21.30232831
1776798900000,75608.8,75917.2,75540,75779.3,54.61925507
1776799800000,75779.4,75789,74826.1,74866.9,151.78638727
1776800700000,74867,75099.9,74825.6,75025.9,59.22301241
1776801600000,75025.9,75621.6,74975.1,75585.9,125.71375138
1776802500000,75583.6,75783.4,75449.3,75649.8,37.33694979
1776803400000,75649.8,75851.7,75649.8,75667.3,17.86466767
1776804300000,75667.2,75774.4,75582.2,75694.7,13.88764198
1776805200000,75691,75775.7,75526.7,75572.7,40.26875592
1776806100000,75572.7,75676.8,75540.3,75576,19.56935504
1776807000000,75576.3,75637.1,75455.7,75455.7,14.63862594
1776807900000,75455.5,75584.2,75450.1,75542.3,6.81351072
1776808800000,75541.1,75602.4,75467.9,75544.3,78.27299052
1776809700000,75544.3,75544.3,75295,75365.9,75.47168583
1776810600000,75365.9,75538.7,75294.3,75519.9,32.64707365
1776811500000,75519.8,75647,75484.3,75638.6,22.24507274
1776812400000,75640.2,75857.1,75611.9,75771.9,43.6370384
1776813300000,75771.8,75870.7,75745.6,75788.2,12.98073767
1776814200000,75788.1,76110.1,75776.5,76080.7,67.52826827
1776815100000,76078,76423,76074.2,76329.7,81.50010511
1776816000000,76329.7,76503.1,76310,76417.1,32.16458211
1776816900000,76417,76444.7,76255.8,76270.2,22.25174189
1776817800000,76270.3,76399.9,76218.8,76329.9,25.75547895
1776818700000,76330.5,76372,76250,76369.6,16.23589788
1776819600000,76369.6,76427.2,76286.5,76393,32.6073371
1776820500000,76393.1,76393.1,76142.8,76161.4,32.0197333
1776821400000,76160.6,76271.5,76140.4,76251.6,7.00648742
1776822300000,76251.5,76358,76205.9,76301,10.86720796
1776823200000,76301.1,76875,76225.8,76737.2,119.23378984
1776824100000,76738.8,77268.1,76738.8,77240,239.18575184
1776825000000,77240.1,77364,77070.8,77251,122.26322919
1776825900000,77251,77646.5,77141.7,77605.2,182.31653426
1776826800000,77605.2,77744,77466.8,77606,147.27278071
1776827700000,77605.9,77605.9,77410.3,77530.2,79.74327112
1776828600000,77531.7,77570.5,77371.9,77570.5,75.4694777
1776829500000,77570.5,77620,77492.1,77526.2,39.98983597
1776830400000,77526.3,77641.2,77473.6,77485.5,74.30513736
1776831300000,77485.4,77525.5,77375,77512,64.87428295
1776832200000,77512,77704.7,77477.6,77563.7,63.93277126
1776833100000,77562.2,77589.6,77446.2,77526.4,35.66214208
1776834000000,77526.4,77594.3,77445.2,77541.4,25.80440205
1776834900000,77541.4,78450,77521.9,78253.8,516.55218389
1776835800000,78253.7,78350,78002.4,78135.7,180.15203975
1776836700000,78127.9,78216,77968.7,77987.7,115.13350558
1776837600000,77987.8,78022.2,77911.4,77946.2,65.4405078
1776838500000,77946.2,78033,77919.1,77968.5,40.71873663
1776839400000,77969.7,78009.3,77900.1,77965.2,28.84509064
1776840300000,77965.1,78018,77919.6,78004,15.81533143
1776841200000,78004.1,78133.9,77964.7,78106.1,45.70108654
1776842100000,78106.2,78106.2,77830.1,77892.2,41.67718667
1776843000000,77892.2,78061.1,77834.5,78061.1,121.38050439
1776843900000,78061,78110,77972.5,78010.1,119.10122104
1776844800000,78010.1,78173.6,78010,78143.6,57.55469798
1776845700000,78143.6,78210,77968.7,77968.8,164.15596376
1776846600000,77971.4,78028.1,77944.4,77944.5,26.08209104
1776847500000,77944.5,78082,77944.5,78014.9,55.82336089
1776848400000,78012.2,78099.9,77952.9,78047.9,60.62261103
1776849300000,78047.9,78160.5,77962.2,78160.5,24.85633523
1776850200000,78160.5,78189.1,78052,78145.4,41.24353636
1776851100000,78145.5,78145.5,77979.5,78006.7,34.59012645
1776852000000,78006.8,78056.9,77952.2,78040.7,17.15172038
1776852900000,78040.2,78073.7,77968,78064.9,16.99101601
1776853800000,78063.6,78187.5,78063.6,78123,29.91830164
1776854700000,78123,78175.3,78078.1,78163.1,33.35883788
1776855600000,78163.2,78292.5,78100.1,78161.9,69.81686855
1776856500000,78162,78312.4,78162,78312.4,22.98374814
1776857400000,78312.4,78399,78175.1,78207.9,36.50701197
1776858300000,78207.9,78323.9,78207.9,78299.6,50.40684447
1776859200000,78299.6,78459.4,78219.7,78426.8,101.50044805
1776860100000,78423.5,78530.8,78150,78179.3,99.97157913
1776861000000,78179.3,78269.1,78108,78184.6,89.62757841
1776861900000,78184.6,78330,78176,78230.3,70.37648859
1776862800000,78230.2,78433.3,78158.2,78370.9,152.34777284
1776863700000,78370.9,78500,78345.1,78466.2,82.68085876
1776864600000,78466.3,78680,78282.3,78608.7,174.09668776
1776865500000,78608.8,78830.1,78522.1,78830.1,152.7839989
1776866400000,78830.1,79074.9,78693.4,79057.1,260.67831432
1776867300000,79057.1,79186,78768.3,79005,189.39205148
1776868200000,79005.1,79041.8,78566.6,78694.7,243.97689299
1776869100000,78700,79097.4,78688.5,79038.2,130.43972238
1776870000000,79036.9,79118,78850,78947.6,100.20227193
1776870900000,78947.7,79109.5,78833.4,79059,76.51015905
1776871800000,79058.4,79315,79006.3,79279.8,150.20974696
1776872700000,79279.9,79398,79210.1,79270.5,93.30105696
1776873600000,79270.6,79462.3,79130.2,79188.9,126.90082468
1776874500000,79188.8,79205.2,78877.7,78929,102.08829684
1776875400000,78929,79028.9,78770.7,78814,103.49911522
1776876300000,78814,78856,78631,78744.9,104.76562459
1776877200000,78745,79029,78744.9,78982.8,75.44473156
1776878100000,78982.9,78998.2,78697.9,78833.1,60.2989152
1776879000000,78833.1,78894.6,78751.3,78810.3,28.10913552
1776879900000,78810.4,78999.5,78700.1,78906.8,69.28129963
1776880800000,78906.8,78993.9,78832.1,78956.1,43.69511036
1776881700000,78962.2,78999.7,78886,78893.8,19.98877354
1776882600000,78893.8,79017,78850.2,78956,34.40552925
1776883500000,78956.1,79160.5,78946,79025.1,49.20050838
1776884400000,79025.2,79049.8,78700,78851.7,164.41414122
1776885300000,78851.8,79062.5,78816.3,79026.6,48.4366857
1776886200000,79026.5,79068,78750,78855.8,54.38826284
1776887100000,78855.8,78978.1,78778,78842.8,63.53429564
1776888000000,78842.8,78922.7,78741.2,78744.4,34.58402933
1776888900000,78744.4,78765,78480.4,78594,58.15304738
1776889800000,78594.1,78619.9,78480.4,78515.4,27.41338072
1776890700000,78515.4,78517.1,78408.9,78428.7,40.25875191
1776891600000,78428.6,78600.9,78417.9,78580.2,23.16541767
1776892500000,78580.2,78605.8,78554.2,78581.5,11.4724635
1776893400000,78581.6,78750,78581.6,78750,28.26062719
1776894300000,78750,78825.9,78711.8,78762.2,28.79922149
1776895200000,78762.2,78827.1,78694.3,78762.6,24.15445976
1776896100000,78762.6,78762.7,78519.9,78539.7,17.79752415
1776897000000,78539.2,78607.1,78481.7,78497.9,16.28196343
1776897900000,78497.9,78624,78457.3,78600.7,32.82876851
1776898800000,78600.1,78606.3,78450.1,78558.8,19.54028597
1776899700000,78558.9,78587.3,78203.9,78334.8,66.61347694
1776900600000,78334.8,78338.7,78205.1,78256.2,61.77853279
1776901500000,78256.2,78309.1,78159.1,78183.1,18.98276786
1776902400000,78183.1,78397,77891.9,77892,78.56252956
1776903300000,77892,78483.3,77584,78440.1,139.84129432
1776904200000,78440.1,78585.2,78315.2,78429.2,43.4105782
1776905100000,78429.4,78460,78269.5,78432.8,20.31686098
1776906000000,78433.5,78478.4,78238.8,78270.7,24.45200893
1776906900000,78270.8,78283.3,78064.5,78089.9,53.96335706
1776907800000,78089.9,78389.7,78072.1,78294.7,26.66094811
1776908700000,78294.7,78429.9,78220.1,78349.5,49.68170706
1776909600000,78349.6,78366.7,78156.2,78156.3,39.0748486
1776910500000,78156.3,78216.6,77982.8,78030.1,67.38085518
1776911400000,78030.1,78116.3,77756.3,77872.6,83.59567475
1776912300000,77872.5,78020,77759.2,77932.5,41.51029806
1776913200000,77932.5,78020.1,77707.4,77717.6,54.14875858
1776914100000,77717.5,77740.4,77631.2,77676.1,66.37970242
1776915000000,77676,77724.2,77467.1,77623,111.82186239
1776915900000,77623,77760,77538.3,77740.6,53.76840988
1776916800000,77740.7,77875,77667,77850.1,64.90983722
1776917700000,77850,77933.3,77752.4,77793.8,104.48743138
1776918600000,77793.9,77932.6,77793.9,77870.8,56.7116084
1776919500000,77870.8,77943.8,77835.8,77908.7,31.32222362
1776920400000,77912.4,78014.2,77893.1,77987,40.64549291
1776921300000,77987,78009.9,77878.4,77892.8,28.37860636
1776922200000,77892.9,77902.9,77772.3,77867.4,41.98182123
1776923100000,77867.4,78105.9,77859.3,78027.4,60.11643305
1776924000000,78027.5,78276.7,78027.5,78201,76.29729838
1776924900000,78200.9,78333.3,78160,78271.3,86.61419264
1776925800000,78271.4,78343.3,78132.2,78172,50.95254864
1776926700000,78172,78240.4,78100,78203.6,48.77135092
1776927600000,78203.6,78245.8,78121,78129.9,35.30552195
1776928500000,78130,78187.9,78107.1,78146.8,83.40561541
1776929400000,78146.7,78175.1,78027.1,78096.3,55.48254657
1776930300000,78096.3,78149,77980,78046.1,124.44870322
1776931200000,78046.1,78176.4,77920,78113.9,100.19058106
1776932100000,78114,78127.2,77959.7,77974.7,78.04235443
1776933000000,77979.2,77984.5,77699.9,77734.3,270.94722585
1776933900000,77734.3,77891.8,77650,77853.1,300.75805121
1776934800000,77853.1,77857,77440,77578,97.50834151
1776935700000,77577.9,77704.9,77516.4,77611.4,39.37377725
1776936600000,77616.4,77750,77616.4,77724.7,16.38630036
1776937500000,77724.8,77746.6,77544.1,77653.9,37.31906429
1776938400000,77653,77713.8,77180,77215.1,222.57759389
1776939300000,77215,77399.9,77201.8,77391,88.72273949
1776940200000,77391,77448.3,77340,77383,86.50436799
1776941100000,77383,77476.1,77298.5,77407.7,30.40382028
1776942000000,77407.8,77500,77355.9,77404,21.74758847
1776942900000,77403.9,77507.1,77386.6,77472.5,43.44447041
1776943800000,77472.6,77590.2,77383.2,77583.7,175.34559016
1776944700000,77583.7,77745.6,77583.7,77698.2,40.42380162
1776945600000,77698.3,77868.2,77695.9,77722.2,50.96430968
1776946500000,77722.1,77764.9,77616,77764.2,40.08863643
1776947400000,77764.3,77864.3,77714.5,77755.1,27.78987899
1776948300000,77755,77864.3,77510.5,77864.2,94.35390899
1776949200000,77861.3,77903.9,77625,77653.6,38.47509183
1776950100000,77661.1,77717.6,77580,77596.2,43.59244747
1776951000000,77596.2,77681.4,77525.9,77539.5,62.67073831
1776951900000,77539.5,77675.4,77385.4,77525.5,84.27602422
1776952800000,77524.7,77650,77405.6,77523,85.29740206
1776953700000,77523,77950,77477.7,77728.2,108.28960111
1776954600000,77728.3,77974.5,77728.3,77900.1,125.52369634
1776955500000,77900,78204.5,77864.5,78180.4,219.38764766
1776956400000,78177.6,78189.1,77979.6,78111.4,123.63385929
1776957300000,78111.4,78666.2,78066.3,78383.1,233.7273707
1776958200000,78383,78605.1,78300,78488.1,454.73834943
1776959100000,78488.2,78488.2,78266.6,78377.1,383.25785314
1776960000000,78377.2,78519.5,78299.3,78301.9,228.83558607
1776960900000,78301.9,78446,78250,78290.9,76.60496882
1776961800000,78290.9,78465,78279.1,78322.6,68.94592374
1776962700000,78322.7,78362,78027.6,78091.5,45.29214109
1776963600000,78091.6,78175.6,77675,77842,118.09420813
1776964500000,77842,77847.5,77555.5,77592.9,88.57228092
1776965400000,77593.6,77733.6,76980,77193.1,239.12061031
1776966300000,77194.1,77825,76953.8,77771,177.16286018
1776967200000,77767.2,78145.9,77739.3,77968,144.27610017
1776968100000,77968.1,78064.8,77830.6,77912,77.75211613
1776969000000,77912,78125,77912,78032.1,48.83761964
1776969900000,78032.1,78056.9,77676.3,77680.2,59.54062392
1776970800000,77680.3,77772.6,77600.1,77696.5,41.75558569
1776971700000,77696.5,77893.1,77696.5,77854.5,31.65920207
1776972600000,77854.5,77891.4,77640,77640.1,41.08297695
1776973500000,77640.1,77821.2,77600.7,77716.1,77.1306157
1776974400000,77710.8,77909.1,77643.4,77800,24.63870865
1776975300000,77800,77830.7,77682.2,77741.9,28.37971982
1776976200000,77741.9,78052.4,77719.2,77996.5,33.73192848
1776977100000,77995.3,78025,77850.3,77889.1,12.64084538
1776978000000,77881.8,77917.6,77832.2,77885.5,26.98240481
1776978900000,77883.8,77921.1,77802.2,77921.1,17.32900128
1776979800000,77921.2,78071.1,77921.2,78058.4,38.69182068
1776980700000,78058.4,78058.4,77861.2,77861.2,31.45305772
1776981600000,77861.2,78183.2,77861.2,78071.4,117.65981572
1776982500000,78071.4,78270.1,78036.8,78171.5,358.11994317
1776983400000,78171.5,78306.6,78171.4,78306.6,34.46228029
1776984300000,78306.6,78343.1,78199.1,78231.8,29.25134829
1776985200000,78227.6,78235.3,78077.1,78089.9,17.1208746
1776986100000,78089.8,78150,78030.7,78128.7,15.9292287
1776987000000,78133.6,78277.3,78125.4,78253.3,10.62682617
1776987900000,78253.3,78293.8,78217.8,78250.5,18.16816727
1776988800000,78250.5,78344.6,78162.3,78299.1,24.14745771
1776989700000,78299.1,78471.4,78243.4,78410,29.33703803
1776990600000,78410.1,78486.9,78370,78381.4,55.58885648
1776991500000,78381.5,78468,78316.4,78411.7,32.14564159
1776992400000,78413.9,78423.3,78070.9,78152.8,25.24090802
1776993300000,78152.9,78174.7,78000.3,78029.5,20.80368593
1776994200000,78029.4,78138,77940,78047.6,24.34496492
1776995100000,78047.6,78470.9,78023.9,78430,48.63880356
1776996000000,78427.5,78571.4,78301.3,78390.1,34.99724146
1776996900000,78390.1,78399.9,78251.1,78255.6,20.89898413
1776997800000,78255.7,78406.5,78251.6,78406.4,35.17471032
1776998700000,78406.5,78431.8,78072.9,78125.6,60.73705424
1776999600000,78125.7,78185.6,78072.9,78136.7,39.24037226
1777000500000,78136.7,78136.7,77682.2,77745.5,175.87988191
1777001400000,77745.6,77745.6,77558.9,77643.6,125.34933045
1777002300000,77643.6,77738.8,77630.5,77736.1,11.9999505
1777003200000,77736,77738,77677.3,77725.1,22.42370006
1777004100000,77725,77850,77601.9,77602,37.8507759
1777005000000,77602,77666,77457.9,77636.8,44.43679402
1777005900000,77636.9,77743.1,77609.1,77665.2,17.91076552
1777006800000,77665.3,77691.4,77555,77555.4,29.41724012
1777007700000,77555.3,77653.9,77459.2,77645,40.9050503
1777008600000,77645.1,77755.6,77645.1,77710.2,15.27422433
1777009500000,77710.2,78040,77710.1,77946.3,84.28672913
1777010400000,77946.4,77979.8,77894.7,77944,11.24039405
1777011300000,77944,77959.2,77815.9,77832.2,17.01084359
1777012200000,77832.3,77888,77767.1,77813.8,39.16776358
1777013100000,77813.7,77913.8,77780.4,77789.8,7.1392771
1777014000000,77789.8,77849.1,77733.8,77743.5,162.17226216
1777014900000,77743.5,77765.4,77633.3,77709.9,214.09174436
1777015800000,77709.9,77726.7,77592.3,77638.7,474.74493687
1777016700000,77638.7,77724.1,77519,77638.5,312.13043586
1777017600000,77638.5,77700,77558.3,77688.3,302.35549471
1777018500000,77688.4,78008.4,77688.4,77850.8,128.14715719
1777019400000,77850.8,77850.8,77730.9,77746.2,19.90330418
1777020300000,77746.2,77874,77746.2,77785.8,23.28900376
1777021200000,77785.8,77806.1,77400,77518.8,102.42739254
1777022100000,77519.2,77614.2,77458.8,77501.2,39.63678549
1777023000000,77501.2,77585.9,77414.9,77585.9,21.80129168
1777023900000,77586,77586,77482.5,77538.2,11.82542842
1777024800000,77538.3,77538.4,77444.3,77517.9,20.28414394
1777025700000,77517.9,77750,77517.9,77679.8,18.16003114
1777026600000,77679.9,77698,77616.8,77653,15.39733362
1777027500000,77652.9,77788.8,77615.3,77749.1,36.58941063
1777028400000,77749.1,78288,77749.1,78211.3,144.06966555
1777029300000,78211.4,78323.2,78099.9,78323.2,79.76173364
1777030200000,78323.2,78375,78213.4,78287.8,52.73069177
1777031100000,78287.7,78287.7,78166.3,78235.5,26.88374758
1777032000000,78234.8,78319.4,78177.3,78310.4,41.86247005
1777032900000,78310.3,78341.9,78185.7,78264.8,21.94962984
1777033800000,78266.5,78281.6,78162.8,78182.5,17.82458217
1777034700000,78182.5,78272.8,78000,78269.1,30.24336865
1777035600000,78269.1,78470,78264.7,78347.6,65.31829864
1777036500000,78347.5,78399.7,78146.3,78161.9,26.78675485
1777037400000,78165.7,78301.3,78050,78186,61.71193833
1777038300000,78186,78247.2,77914.1,78099.6,440.67962892
1777039200000,78099.5,78099.5,77800,77879.9,121.9018365
1777040100000,77880,78033.6,77688.8,77710.5,100.81653247
1777041000000,77711.5,78010.2,77687.1,77978.4,61.06686526
1777041900000,77978.3,78063.7,77876.3,78035.3,53.98694527
1777042800000,78035.3,78035.4,77579.7,77734.8,75.6270586
1777043700000,77734.8,77878.6,77690.7,77826.8,29.9875933
1777044600000,77826.9,78007.1,77719.1,77987.3,50.84274987
1777045500000,77988.9,78229.9,77919.3,78043.7,60.61837792
1777046400000,78043.7,78061.2,77800,77800,33.29771533
1777047300000,77800,77800,77650,77722.3,33.9599749
1777048200000,77722.3,77904.8,77593.7,77710.7,31.21178092
1777049100000,77710.6,77788.8,77627.5,77772.9,32.17247528
1777050000000,77772.9,77772.9,77615.8,77755.2,44.13768806
1777050900000,77755.3,77755.3,77594.2,77679.7,21.65047568
1777051800000,77679.8,77714.8,77484,77601.4,50.45607165
1777052700000,77601.4,77832.4,77555.1,77684.1,91.32370335
1777053600000,77684.1,77715.2,77531.2,77531.3,17.66271316
1777054500000,77532.2,77547.8,77366.3,77495.8,28.40276122
1777055400000,77495.8,77640,77478.3,77581.6,28.95065742
1777056300000,77579.7,77627.1,77550.5,77615.9,9.77906821
1777057200000,77615.9,77747.2,77569.2,77598.1,20.07642394
1777058100000,77598.1,77674.2,77527.2,77574.6,15.55827357
1777059000000,77574.7,77661.7,77555,77620.9,40.48535255
1777059900000,77620.8,77641.4,77544,77629.3,37.85121827
1777060800000,77629.3,77645,77531.6,77635.4,35.45388451
1777061700000,77635.3,77645.1,77452.5,77527.9,29.76278488
1777062600000,77527.9,77661.5,77524.9,77620.5,34.32194842
1777063500000,77620.6,77761,77620.6,77719.8,11.07199729
1777064400000,77719.9,77755,77594.7,77594.7,22.63547034
1777065300000,77594.7,77662.3,77577.7,77627.9,10.49994969
1777066200000,77628,77636.3,77550.8,77550.9,16.56734985
1777067100000,77553.7,77594,77537.5,77537.5,6.20394802
1777068000000,77537.6,77600,77515.6,77599.9,15.61292458
1777068900000,77599.9,77618.2,77543.7,77543.7,6.47358425
1777069800000,77543.8,77543.8,77260.8,77277,94.1241035
1777070700000,77277,77360.5,77277,77316.3,344.02104818
1777071600000,77316.3,77395.4,77316.3,77366.1,180.47110135
1777072500000,77366,77397.1,77321.6,77384.1,189.23655681
1777073400000,77384.1,77436.3,77377.9,77416.9,169.91598571
1777074300000,77416.9,77424.7,77399.9,77413.5,92.7370602
1777075200000,77413.5,77489.7,77400,77400.1,79.96815706
1777076100000,77400.2,77417,77298.4,77304.6,67.49003721
1777077000000,77304.5,77403,77304.5,77356.1,81.68982119
1777077900000,77356.1,77450.3,77356.1,77450.3,82.53546243
1777078800000,77450.3,77515.3,77429,77502.8,20.9877473
1777079700000,77502.7,77537,77461.8,77477.3,14.26560045
1777080600000,77477.3,77546.9,77477.2,77546.9,10.16906642
1777081500000,77546.9,77611.5,77530,77530,13.01287406
1777082400000,77530.1,77625,77487.3,77537.3,28.79091694
1777083300000,77537.4,77633.3,77522.6,77618,6.61812268
1777084200000,77618,77645,77607.6,77614.2,9.42075449
1777085100000,77614.1,77615,77586.2,77600.5,12.3205043
1777086000000,77600.5,77677.4,77546.6,77570.5,27.4227725
1777086900000,77570.4,77588.3,77536.1,77545.2,24.15119337
1777087800000,77545.2,77678.4,77545.1,77668.8,14.81689838
1777088700000,77666.6,77699.8,77629.8,77663.4,16.37224539
1777089600000,77663.4,77693.5,77616.7,77672.2,13.96497908
1777090500000,77672.1,77685.7,77630.5,77635.9,6.7736182
1777091400000,77636,77636.3,77589.2,77604,5.27001263
1777092300000,77604.1,77628.1,77596,77614.1,11.38084908
1777093200000,77614.1,77614.1,77477.7,77505.7,35.03690749
1777094100000,77505.7,77536.2,77489,77489,19.75251273
1777095000000,77489.1,77551.4,77489,77530.4,3.14010695
1777095900000,77530.3,77550,77510.1,77516.3,2.76372908
1777096800000,77516.4,77563.3,77516.3,77545.2,3.99336724
1777097700000,77545.1,77545.3,77481.3,77481.4,13.395589
1777098600000,77481.4,77557.4,77481.4,77522,13.81977748
1777099500000,77522.1,77586.6,77500.1,77500.1,12.47899831
1777100400000,77500.1,77500.1,77437.5,77481.8,22.13022829
1777101300000,77481.8,77533.9,77476.5,77533.8,27.57662491
1777102200000,77533.8,77570.3,77508.2,77531.3,22.84032883
1777103100000,77531.3,77560,77496.4,77496.5,36.17451519
1777104000000,77496.4,77578.3,77484.2,77547.8,42.85133107
1777104900000,77547.8,77574.9,77537.7,77560.7,16.88032924
1777105800000,77560.7,77650,77560.7,77630.5,22.26313896
1777106700000,77630.5,77635.2,77603.3,77635.1,14.59187707
1777107600000,77635.2,77656.4,77600,77623.9,11.54863683
1777108500000,77623.9,77627.6,77580.9,77582.2,10.8430615
1777109400000,77582.2,77757.3,77582.2,77728,24.1978792
1777110300000,77728,77770,77704.4,77707.3,13.64861633
1777111200000,77707.3,77788.8,77707.2,77758.2,18.32161193
1777112100000,77758.2,77853.1,77756,77816.9,64.76813213
1777113000000,77816.9,77880,77771.2,77807.9,39.70279252
1777113900000,77808,77823.3,77770.7,77784.1,16.71859398
1777114800000,77784.1,77784.1,77739.2,77743,41.91482174
1777115700000,77743,77758,77644,77677.5,27.19784476
1777116600000,77677.4,77683.6,77635.8,77649,16.7752614
1777117500000,77649.1,77700,77613.1,77686.6,12.93464208
1777118400000,77689.5,77718.7,77629,77687.4,23.24632828
1777119300000,77687.4,77712.1,77614.4,77614.4,7.32328297
1777120200000,77614.4,77619,77525.7,77552.8,89.78397458
1777121100000,77552.7,77573.8,77517.3,77550,103.49824181
1777122000000,77550,77636.5,77550,77636.4,20.48504667
1777122900000,77636.4,77636.8,77600.4,77609.4,17.88435735
1777123800000,77609.5,77668.8,77592.2,77668.7,27.21571405
1777124700000,77668.8,77709.5,77639.3,77682.7,18.34323219
1777125600000,77682.8,77741.4,77617.8,77691,23.82866693
1777126500000,77691,77734,77655.3,77721.6,62.18669471
1777127400000,77721.6,77738,77701.4,77724.5,20.44950476
1777128300000,77724.5,77744,77641.6,77654.6,42.37238979
1777129200000,77654.7,77689.2,77646.5,77666.8,41.90906029
1777130100000,77666.9,77714,77666.8,77696.2,11.92283442
1777131000000,77696.3,77715.6,77660.1,77660.1,4.7538711
1777131900000,77660.1,77660.1,77306.1,77332,138.48375737
1777132800000,77332,77448.7,77300,77448.6,33.77423809
1777133700000,77448.6,77455.1,77330,77391.6,36.4421664
1777134600000,77391.5,77432.1,77129.5,77369.3,118.23562685
1777135500000,77375,77410.8,77331.6,77404.3,10.62167706
1777136400000,77404.3,77404.3,77355.5,77356.1,16.67112665
1777137300000,77356.1,77406.7,77300,77325.9,11.64500745
1777138200000,77325.9,77337.4,77252.3,77312.5,13.74372718
1777139100000,77312.5,77312.5,77215.1,77250.1,21.78905965
1777140000000,77250.1,77338.5,77218,77287.4,17.80235957
1777140900000,77287.4,77329.8,77264,77323,21.10766182
1777141800000,77323.1,77394.5,77312,77312,30.30267359
1777142700000,77311.9,77363.1,77274.8,77297.3,65.8541741
1777143600000,77297.3,77342.9,77273.9,77324.7,37.21516758
1777144500000,77324.6,77350,77251.2,77260.2,2.94233148
1777145400000,77260.2,77261.3,77200,77200,4.60104154
1777146300000,77200,77333.1,77198.4,77324.8,21.69591513
1777147200000,77324.9,77375,77308.9,77358.2,9.59305843
1777148100000,77358.2,77428.5,77345.7,77422.8,14.7973818
1777149000000,77422.8,77430.1,77397.7,77403.5,7.67265634
1777149900000,77403.5,77477.7,77401,77471.9,8.61727663
1777150800000,77472,77531.2,77464,77489.1,39.34422538
1777151700000,77489,77515,77480,77508.5,6.76914527
1777152600000,77508.5,77515,77398.6,77459.1,7.61345842
1777153500000,77459,77527.8,77458.1,77522.3,3.84976122
1777154400000,77522.4,77552,77492.8,77508.3,8.10248235
1777155300000,77508.3,77569.9,77500,77550,34.62421238
1777156200000,77550,77625,77550,77589.7,14.02529047
1777157100000,77589.8,77589.8,77535,77560.5,8.03799381
1777158000000,77560.6,77609.2,77525,77582.1,9.33371935
1777158900000,77582.1,77597.8,77557.3,77587.9,21.60747107
1777159800000,77587.9,77644,77574.6,77608.1,13.30469976
1777160700000,77606.8,77619.5,77588.2,77619.5,4.3486174
1777161600000,77619.5,77637.2,77517.3,77552.7,20.53129733
1777162500000,77552.7,77552.7,77466.3,77466.3,61.31509676
1777163400000,77466.4,77550,77439.3,77545,9.06691548
1777164300000,77545,77590,77455.6,77473.3,17.6444937
1777165200000,77487.4,77518.7,77483.2,77502.4,9.49182996
1777166100000,77502.4,77564.3,77490,77504.3,6.71504846
1777167000000,77504.3,77559.2,77498.9,77555.6,9.30263457
1777167900000,77555.5,77555.5,77443.7,77450,11.9514057
1777168800000,77450,77562.7,77449.9,77562.6,4.36529402
1777169700000,77562.7,77587.6,77507.5,77552.5,52.97346744
1777170600000,77552.4,77573.3,77512.5,77514,2.17587362
1777171500000,77514,77514,77466.9,77510.5,6.55488982
1777172400000,77510.5,77522.7,77477.9,77522.7,10.44796598
1777173300000,77522.9,77539.2,77422,77429.5,16.51645006
1777174200000,77429.5,77429.5,77322.2,77377.4,17.66702142
1777175100000,77377.4,77418.8,77358.1,77389.1,22.85419662
1777176000000,77389.1,77488.7,77374.9,77470.8,13.20514577
1777176900000,77470.8,77492.4,77462.9,77471.7,6.27858058
1777177800000,77471.6,77516.4,77428,77510.3,12.54529585
1777178700000,77510.2,77834,77510.2,77771.5,109.60002768
1777179600000,77771.6,78154.7,77717.5,78132,138.82286496
1777180500000,78131.9,78200,78024.5,78085.9,71.09985238
1777181400000,78085.9,78187.2,78017.6,78046.3,20.64126392
1777182300000,78046.2,78055.2,77975.1,77980.2,15.37385425
1777183200000,77980.3,78040,77980.3,78015.3,52.20518272
1777184100000,78015.2,78015.2,77912.9,77944.7,22.07065561
1777185000000,77944.7,78045.6,77921.8,78008.2,9.67761404
1777185900000,78008.2,78012.5,77889,78000.8,25.08592696
1777186800000,78000.8,78023.7,77990,78010.1,16.98858913
1777187700000,78010.1,78033.6,77982.8,77988.9,11.7333127
1777188600000,77988.9,77996.1,77964.3,77970,6.24688379
1777189500000,77969.9,78122.1,77969.9,78100.4,26.56469268
1777190400000,78100.3,78139,78032.9,78079,30.10662391
1777191300000,78079.1,78093.2,78024.7,78093.2,16.91530197
1777192200000,78090.7,78212.1,78016.3,78039.5,26.48107222
1777193100000,78039.5,78047.6,78000,78029.9,21.26353149
1777194000000,78030,78030,77968.7,78006,6.48775267
1777194900000,78006.1,78053,77987.9,78006.3,12.22361583
1777195800000,78006.2,78006.3,77921.3,77974.5,18.42090197
1777196700000,77974.4,78003.8,77943.8,78003.7,9.18005711
1777197600000,78003.8,78047.6,77952.2,78036.7,20.65889842
1777198500000,78036.7,78036.8,78000.3,78006.7,3.26122054
1777199400000,78006.8,78015.8,77955.2,77982.5,29.97892325
1777200300000,77982.5,78002.1,77965.1,77994.9,5.81272099
1777201200000,77995,78098.5,77994.9,78046.8,13.56887335
1777202100000,78046.9,78152.1,78026.8,78123.2,23.41506201
1777203000000,78123.3,78140,78066.3,78072.1,4.22275817
1777203900000,78072,78112.7,78041.6,78086.7,6.41393117
1777204800000,78086.6,78093.6,77970,77970,7.73579258
1777205700000,77970,78012.5,77951.3,77958.1,80.09874381
1777206600000,77958.1,77976.4,77929.1,77929.2,96.72723029
1777207500000,77929.2,77929.2,77752.9,77814.5,213.9052372
1777208400000,77814.5,77925.7,77778.7,77888.4,175.85156156
1777209300000,77888.4,77928.1,77801.9,77868.7,14.46031609
1777210200000,77868.8,77971.5,77856.8,77971.5,18.67084808
1777211100000,77971.5,77980.1,77900,77963.4,11.56592462
1777212000000,77963.3,77963.4,77866.8,77948.3,28.93161683
1777212900000,77948.2,78167.6,77920.8,78059.4,41.58045154
1777213800000,78059.5,78125.1,78000.1,78047.7,15.88170694
1777214700000,78047.7,78150,77984.2,78084.5,41.6413052
1777215600000,78084.5,78119.5,78019.9,78085.7,18.57486199
1777216500000,78085.8,78120.2,77990.8,78093.3,50.83001089
1777217400000,78093.4,78110.9,78018.8,78036.6,5.91797504
1777218300000,78036.6,78052,77990.6,78045,9.41973249
1777219200000,78045,78065.7,77997.9,78014.4,13.87384987
1777220100000,78014.3,78049.5,78014.3,78038.6,5.54277327
1777221000000,78038.5,78083.5,77995.1,77995.1,15.24149419
1777221900000,77995.1,78031.6,77928.2,77928.2,25.21307837
1777222800000,77928.3,78018.5,77847.3,78012.5,25.43219682
1777223700000,78012.5,78043.4,77976.8,78015.4,12.20377901
1777224600000,78015.4,78022.4,77945.6,78021.9,13.16907423
1777225500000,78020.9,78050,78000,78015.2,19.34299098
1777226400000,78015.3,78150,77981.2,78094.2,40.92984101
1777227300000,78090.8,78344.2,78057.6,78177,59.64324536
1777228200000,78174.6,78222.7,78134.3,78210.6,8.40437025
1777229100000,78210.5,78288.6,78188.8,78273.4,17.44903205
1777230000000,78273.4,78424,78163.1,78383.1,54.89506239
1777230900000,78383.2,78493.9,78002.9,78195.8,72.15413245
1777231800000,78195.8,78215,78042.2,78170.4,36.9406215
1777232700000,78170.4,78284.5,78170.2,78222.4,10.85900942
1777233600000,78222.4,78254.5,78181.8,78181.8,4.78740208
1777234500000,78181.8,78234.1,78148.4,78226.1,8.02504851
1777235400000,78226.1,78372.4,78226.1,78284.8,13.15120041
1777236300000,78284.8,78347.5,78180.8,78193.3,16.50635151
1777237200000,78186.1,78280.3,78182.2,78227,17.83594457
1777238100000,78227,78267.1,78165.9,78179.5,17.25408691
1777239000000,78179.5,78180.7,77944.4,77984.2,57.63641965
1777239900000,77984.3,78938.6,77820,78409.6,243.05969189
1777240800000,78409.6,78586,78350.1,78558.4,43.94835848
1777241700000,78558.5,78843.6,78502.6,78527.7,83.47231795
1777242600000,78523.7,78523.7,77961.9,78273.8,82.3042619
1777243500000,78273.8,78434.7,78264.7,78321.4,23.05788322
1777244400000,78321.4,78399.5,78266.3,78353.9,34.29659378
1777245300000,78353.9,78455.5,78140,78142.7,33.95093943
1777246200000,78142.6,78620.1,78034.1,78598.9,58.73794197
1777247100000,78599,78888.8,78585.6,78649,47.68263073
1777248000000,78649.3,78873.4,78559.1,78579.7,31.88573542
1777248900000,78579.6,78643,78389.4,78488.8,38.46103028
1777249800000,78487.9,78824,78408.7,78808.9,28.93247897
1777250700000,78809,79375,78774.5,79291.5,176.08009231
1777251600000,79291.5,79488,79110,79120,93.92955971
1777252500000,79119.9,79119.9,78724.6,78899.2,57.73860177
1777253400000,78899.2,79147.9,78843.8,79049.4,46.09072402
1777254300000,79049.5,79375,79049.4,79279.2,90.86005869
1777255200000,79277.7,79297.8,79083,79174.4,35.60455316
1777256100000,79174.5,79244.1,79028.7,79109.9,23.58975331
1777257000000,79110,79244.1,79033.3,79061.3,27.02669363
1777257900000,79061.4,79195,79053.5,79119.7,22.60930559
1777258800000,79119.7,79250,79070,79206.9,26.53593691
1777259700000,79206.8,79271.3,79159.7,79242.8,46.36416057
1777260600000,79242.8,79307.9,79166.9,79246.2,36.36501382
1777261500000,79246.2,79247.5,79073.7,79098.7,34.03451177
1777262400000,79098.6,79125.9,79006.5,79051.9,21.40039299
1777263300000,79051.9,79113.7,79000,79113.6,15.55190548
1777264200000,79113.7,79152.1,79020,79069.6,17.86646195
1777265100000,79069.7,79088.1,78877.7,78923.2,43.68851758
1777266000000,78923.3,78939.7,78398,78407.2,139.19259882
1777266900000,78407.2,78415.4,77815,77841.9,287.1520945
1777267800000,77841.8,77875,77560,77799.1,193.7653101
1777268700000,77799,77862.7,77743.3,77793.2,53.1145648
1777269600000,77793.2,77806.5,77652.1,77739,48.28042818
1777270500000,77738.9,77874.6,77700,77731.5,34.81630356
1777271400000,77731.4,77731.4,77459.3,77619.9,114.16615182
1777272300000,77620,77733.7,77610.3,77701.2,31.30614713
1777273200000,77701.2,77734,77572,77657.5,100.505305
1777274100000,77657.5,77746.2,77572.4,77694,412.60132509
1777275000000,77694,77694.1,77591.3,77690,68.55653056
1777275900000,77689.9,77744.5,77611,77611,74.3733115
1777276800000,77611,77730.4,77584.1,77640,41.73175783
1777277700000,77640.8,77692.9,77574.7,77574.8,35.84526767
1777278600000,77574.8,77674.8,77555.5,77621.8,53.77540065
1777279500000,77621.8,77810,77621.8,77800.6,59.41995389
1777280400000,77800.6,77850,77780.7,77850,52.70467106
1777281300000,77849.9,77850,77701.7,77772.4,24.85852669
1777282200000,77772.4,77968.7,77755.7,77946,83.65880452
1777283100000,77945.9,77983.1,77894.8,77900,24.92122294
1777284000000,77900,77939.4,77793.3,77817.2,28.70204993
1777284900000,77817.2,77837,77788.8,77808.3,22.58772304
1777285800000,77808.3,77929.5,77795.9,77876.4,20.57232116
1777286700000,77876.4,77902.1,77849.5,77854.9,14.61615555
1777287600000,77851.6,77882.9,77725.8,77771.6,25.63476706
1777288500000,77771.6,77883.1,77743.4,77862.3,26.42978384
1777289400000,77862.4,77886.9,77773.9,77806,24.44976916
1777290300000,77806,77850,77781.5,77847,12.29123472
1777291200000,77847,77871.5,77725.7,77827.9,23.36103837
1777292100000,77828,77857,77712.7,77743.8,41.80819318
1777293000000,77744.5,77772.9,77640.7,77737.3,34.31396495
1777293900000,77737.2,77771.3,77625,77663.7,30.50594237
1777294800000,77663.8,77771.3,77636.2,77707.5,43.00950007
1777295700000,77707.5,77788.8,77639.8,77704.9,19.33397404
1777296600000,77705,77958.3,77627.5,77846.4,58.00505081
1777297500000,77846.4,77857.8,77575.1,77754.1,59.01676916
1777298400000,77754.1,77916.4,77680.1,77851.9,51.98869508
1777299300000,77852,77923,77826.7,77888.6,25.38656087
1777300200000,77888.5,78208.5,77846.5,78178,88.23963407
1777301100000,78178.1,78261.2,77782.7,77818,88.80142232
1777302000000,77819,77827.9,77300,77381.5,165.44840715
1777302900000,77380,77380.4,76562.3,76850,378.88312729
1777303800000,76850,77093.7,76824.1,77046.6,103.30325899
1777304700000,77046.6,77051.3,76731.3,76790.2,67.53083193
1777305600000,76790.3,76850.9,76656.2,76772,41.58292484
1777306500000,76772.1,76862.2,76730,76748.6,30.01898452
1777307400000,76750.4,76820,76600,76600.1,32.19588548
1777308300000,76600.1,76688.6,76552.7,76617.7,51.07310397
1777309200000,76617.8,76792.7,76617.8,76700.1,69.831659
1777310100000,76700,76894,76635.6,76835.3,81.95911774
1777311000000,76835.2,76927.5,76761.3,76865,66.06373855
1777311900000,76864.2,76895.4,76710.7,76741.7,46.66156205
1777312800000,76741.6,76813.1,76680,76747.7,38.7851466
1777313700000,76747.8,76848.5,76663.4,76694.5,19.28488891
1777314600000,76692.8,76774.5,76673.9,76769.2,7.46640034
1777315500000,76767.7,76894.9,76728.4,76829.1,27.18799887
1777316400000,76828.7,76890.8,76733.7,76877.8,20.35568818
1777317300000,76877.7,76895.4,76625.1,76625.1,78.8747636
1777318200000,76625,76803.5,76450,76784.6,193.52938699
1777319100000,76784.7,76901.4,76761.5,76895.7,191.85278673
1777320000000,76895.6,77000,76847,76905.1,99.61091051
1777320900000,76905.2,77000,76905.2,77000,22.81828866
1777321800000,76999.9,77099.8,76960.2,76994.7,46.23999141
1777322700000,76994.7,77008.2,76940.9,76963.7,36.874545
1777323600000,76963.4,76963.4,76829.9,76885.3,48.75904988
1777324500000,76885.2,76951.1,76841.1,76908.3,14.21935508
1777325400000,76908.3,76980.8,76874.7,76893.8,40.46615536
1777326300000,76893.3,76937,76784.9,76785,175.75581899
1777327200000,76785,76902.9,76761.9,76858.6,27.60615873
1777328100000,76858.7,76976.2,76847.4,76969.5,38.03418207
1777329000000,76968.1,77030.1,76949,77002.3,29.50660624
1777329900000,77002.2,77087.4,76996,77062.5,57.28731984
1777330800000,77062.5,77080.2,77008.9,77039.7,21.3193268
1777331700000,77039.7,77212.1,77039.7,77128.1,65.12211
1777332600000,77128.1,77307,77128,77301.5,52.56816585
1777333500000,77301.5,77447.3,77285.6,77371.2,56.56084125
1777334400000,77371.3,77439.9,77263.3,77316,37.92790145
1777335300000,77324.7,77423.5,77230.7,77231.9,26.7091792
1777336200000,77232,77494.5,77218.1,77400.4,28.15053677
1777337100000,77400.4,77473.8,77284.8,77390,20.33735292
1777338000000,77390,77393.1,77326.6,77348.6,5.34078367
1777338900000,77348.7,77350.6,77190.8,77244.5,24.46374611
1777339800000,77244.4,77244.4,77093.7,77105.9,17.72318781
1777340700000,77107.1,77137.2,77042.4,77089.1,26.51599181
1777341600000,77090,77221,77050,77159.4,17.99515358
1777342500000,77159.5,77230.9,77011.1,77011.1,36.90373095
1777343400000,77011.1,77039.4,76681.1,76706.4,88.40325227
1777344300000,76706.5,76908.6,76683.3,76889.6,63.4630778
1777345200000,76889.7,76899.3,76683.3,76765.4,40.17855639
1777346100000,76765.4,76800.7,76698.2,76766,24.96499047
1777347000000,76766,76843.1,76754.7,76794.6,21.7514134
1777347900000,76794.2,76841.3,76781.2,76811.5,20.40160227
1777348800000,76811.5,76875,76771.2,76875,36.05635928
1777349700000,76875,76932,76689.7,76796.6,39.72097969
1777350600000,76796.5,76881.6,76744.9,76839.4,31.3373947
1777351500000,76839.4,76944.6,76839.3,76886.8,23.74725243
1777352400000,76886.9,77043.9,76886.9,76959.4,42.26493943
1777353300000,76959.4,77143.7,76914.5,77060.5,47.7140367
1777354200000,77060.5,77075.7,76809.8,76860.7,33.89071671
1777355100000,76860.7,76979.9,76856.7,76886,29.16490475
1777356000000,76886,77022.3,76886,76995.4,18.13936768
1777356900000,76995.3,76997.5,76833.7,76904.4,27.33702213
1777357800000,76904.9,76939.7,76586,76605.6,77.09971303
1777358700000,76600.3,76750,76586.4,76703.7,26.85867225
1777359600000,76703.8,76712.6,76556,76556.1,31.87310591
1777360500000,76556,76666.5,76426.9,76643,107.75233703
1777361400000,76645.5,76877.1,76630.4,76842.3,73.3969977
1777362300000,76842.3,76925,76783.3,76879.6,72.75239404
1777363200000,76879.5,76894.5,76786,76842.5,15.74801733
1777364100000,76842.4,76970,76838.6,76970,25.17847418
1777365000000,76970,76996.5,76818.9,76821.6,34.04142339
1777365900000,76821.5,76869.8,76741,76856.4,30.31818237
1777366800000,76856.1,76865,76794.7,76826.4,9.10499544
1777367700000,76826.3,76830,76717,76783.1,16.01387096
1777368600000,76783.1,76783.1,76635.5,76657.8,29.24503512
1777369500000,76657.8,76657.8,76500,76596.5,40.97910124
1777370400000,76596.5,76688.8,76509,76509.1,36.66345446
1777371300000,76509.1,76579.2,76480,76520,18.2846497
1777372200000,76519.9,76614,76517,76610.1,34.39993629
1777373100000,76610.1,76628.6,76556.7,76612.5,19.49830575
1777374000000,76612.5,76639,76442.5,76458.7,109.59850047
1777374900000,76455.5,76479.6,76281.7,76341.3,123.48931432
1777375800000,76341.4,76341.4,76163.8,76291.3,91.04090948
1777376700000,76291.3,76293.3,76130.4,76230.4,121.15528343
1777377600000,76230.5,76319.1,76178.6,76276.2,64.88324567
1777378500000,76276.3,76366,76165.1,76224.9,55.33166463
1777379400000,76224.9,76326.1,76179.6,76313.9,80.21472415
1777380300000,76314,76420.7,76288.2,76378.3,70.14047372
1777381200000,76378.4,76378.4,75959.9,76140,235.57626944
1777382100000,76143,76264,76032.5,76195.7,52.81178285
1777383000000,76193.9,76357.6,76059.9,76266.7,73.55113304
1777383900000,76266.6,76409.9,76037.9,76191.8,72.83729172
1777384800000,76191.8,76196.6,76019.5,76077.6,41.95918656
1777385700000,76077.7,76089,75774.1,75830.2,158.13743705
1777386600000,75830.3,75908.3,75660.1,75858,106.2616581
1777387500000,75855.6,75962.1,75692.3,75953.4,59.48117234
1777388400000,75953.4,76071,75834.7,75993.4,68.05124494
1777389300000,75993.4,76068.9,75950,76027.4,37.61435129
1777390200000,76027.4,76055.9,75888.2,75942.5,16.53016624
1777391100000,75942.5,76081.4,75922.6,76067.2,17.35798337
1777392000000,76067.7,76100,75959.7,76025.1,48.20352004
1777392900000,76025.1,76036.5,75956.4,75961.2,16.63890363
1777393800000,75961.2,76012.5,75891.9,75921.6,27.2693447
1777394700000,75921.5,76233.3,75891.9,76130.1,71.7000847
1777395600000,76130.2,76222.6,76000,76033.4,31.96132082
1777396500000,76033.4,76147.7,75962.6,76096.7,37.74998497
1777397400000,76098.8,76275,76098.8,76197.5,53.60459394
1777398300000,76197.5,76229.4,76125,76190.1,35.3077904
1777399200000,76190.1,76271.3,76134.3,76140.1,38.91560217
1777400100000,76140.2,76281.2,76140.2,76233.9,45.98863399
1777401000000,76234,76246,76170.1,76170.1,32.13338388
1777401900000,76170.1,76256.2,76153.4,76246.6,18.70255132
1777402800000,76246.7,76246.7,76088.4,76093.3,17.98393981
1777403700000,76093.3,76179.5,76072,76179.4,42.99079046
1777404600000,76179.5,76330,76135.8,76322.3,87.70379603
1777405500000,76322.2,76401.6,76271.2,76329.7,98.70163969
1777406400000,76329.7,76450,76323.7,76405,38.14310121
1777407300000,76405.1,76412.1,76337,76372.5,59.43263936
1777408200000,76372.4,76440.9,76361.8,76430.3,27.78266468
1777409100000,76430.2,76477.9,76420.5,76473.5,26.97042662
1777410000000,76473.5,76485,76343.7,76361.1,43.48328301
1777410900000,76362.1,76383.1,76289.9,76305.9,21.45648088
1777411800000,76306,76413.7,76305.9,76324.1,19.53498782
1777412700000,76324.1,76418.8,76272.7,76363.2,19.34013063
1777413600000,76363.3,76442.3,76339.3,76365.9,20.17289915
1777414500000,76366,76379.3,76317.2,76334,14.28404482
1777415400000,76334.1,76369.3,76294.2,76294.2,16.42487301
1777416300000,76294.3,76297.6,76222,76249,12.6964479
1777417200000,76249.1,76347.6,76199.2,76345.2,16.78579101
1777418100000,76345.2,76357.6,76263.8,76281.2,3.96345901
1777419000000,76281.2,76300.8,76255.3,76300.5,4.36129208
1777419900000,76300.5,76388.8,76300.5,76342.2,14.00990226
1777420800000,76342.2,76389.6,76302.5,76326.9,18.07402071
1777421700000,76327,76346.9,76269.7,76311.3,10.4472286
1777422600000,76311.3,76422,76286.6,76396.9,15.97872713
1777423500000,76398.2,76612.2,76391.5,76508.4,45.91034878
1777424400000,76508.4,76538,76308.1,76359.2,18.55752707
1777425300000,76359.3,76415.6,76218.7,76226.3,23.12303379
1777426200000,76226.2,76406.7,76186.5,76406.6,24.47499463
1777427100000,76406.6,76656.2,76389.7,76572,57.91368486
1777428000000,76572.1,76658.9,76513.2,76556.4,52.29719035
1777428900000,76556.4,76568.3,76457,76457,16.98654766
1777429800000,76457.1,76466.5,76402.7,76437.1,23.18728551
1777430700000,76437.1,76523.3,76433.1,76519.3,24.02863341
1777431600000,76519.4,76626.6,76512.8,76613.7,21.36529324
1777432500000,76613.8,76900,76613.7,76874.8,67.19284539
1777433400000,76874.8,77121.8,76791.9,77069.7,91.05003412
1777434300000,77069.7,77086.6,76935.4,76990.3,23.52853065
1777435200000,76990.3,77004.1,76884.9,76919.1,32.48370083
1777436100000,76919.1,77050,76919.1,77039,27.21181775
1777437000000,77038.9,77450,77008.5,77310,139.06864752
1777437900000,77310,77362.2,77242.2,77261.5,31.88958788
1777438800000,77261.5,77300,77193,77219.4,21.23297749
1777439700000,77219.3,77263,77188.8,77263,20.88867029
1777440600000,77263.1,77291.7,77192.1,77239,32.3238501
1777441500000,77238.9,77319.3,77238.9,77288.4,32.16927044
1777442400000,77288.4,77328.2,77185.8,77215.8,21.05476446
1777443300000,77215.9,77221.5,77083.7,77085.8,21.04907991
1777444200000,77085.9,77109,77008,77008,39.38137653
1777445100000,77008.1,77055.9,76927.2,77024.6,45.62585126
1777446000000,77024.6,77092.4,77012.1,77090.6,43.83574213
1777446900000,77090.6,77095.8,77026.8,77055.9,28.75763819
1777447800000,77056,77180,77055.9,77119.8,35.72143374
1777448700000,77119.7,77119.8,77007.3,77041.9,41.2642234
1777449600000,77041.9,77079.9,76974.8,77024.4,36.57143823
1777450500000,77024.5,77141.9,77022.2,77104.9,23.38293804
1777451400000,77104.9,77104.9,76960,77061.2,25.23160798
1777452300000,77061.3,77066,77020,77036.9,35.94691726
1777453200000,77037,77064.3,76956.1,77058.3,29.93149738
1777454100000,77058.3,77130.8,77044.7,77122.9,29.63908623
1777455000000,77122.9,77282.8,77122.9,77250.9,32.71360376
1777455900000,77250.8,77791.1,77235.7,77641.2,259.22230645
1777456800000,77641.2,77822.7,77639.5,77719.7,130.81942148
1777457700000,77719.6,77891.7,77698.5,77881.9,208.6077255
1777458600000,77881.8,77890.6,77559.4,77566.9,258.00295534
1777459500000,77566.8,77669.5,77556.1,77617.7,31.19054966
1777460400000,77617.8,77671.9,77515.6,77578.6,47.8354903
1777461300000,77578.6,77599.8,77495.6,77509.9,72.81567728
1777462200000,77510,77676.7,77504.8,77571.2,34.61035552
1777463100000,77571.1,77688.7,77545,77593.9,66.19317146
1777464000000,77594,77597.1,77300,77329.6,127.81352333
1777464900000,77329.6,77426.9,77001.4,77150,166.27635188
1777465800000,77150,77179.6,77000,77163.1,92.48768837
1777466700000,77163.2,77213.9,77132.4,77144.9,64.36154329
1777467600000,77144.9,77215,77056.9,77185,68.75904593
1777468500000,77185,77250,76875,76930.9,94.07549914
1777469400000,76930.9,76930.9,76571,76571,149.19926698
1777470300000,76571.1,76883.3,76426.4,76780.2,117.68679012
1777471200000,76780.2,76785.5,76544,76586.2,73.60645716
1777472100000,76586.1,76773.1,76510.2,76723.8,53.50571104
1777473000000,76723.8,76870.5,76583.1,76598.9,69.20245037
1777473900000,76598.9,76658,76491.2,76572.2,52.19184012
1777474800000,76572.3,76628.8,76149,76251.2,141.11796375
1777475700000,76251.2,76373.3,76174.7,76231,62.34278995
1777476600000,76231.1,76331.1,75970.4,75982.9,124.79601975
1777477500000,75983,76035.4,75714,75922.2,124.27274649
1777478400000,75922.1,76126.9,75845.5,76030.2,104.38147573
1777479300000,76030.2,76119.5,75701,75841.4,131.93442106
1777480200000,75841.4,75917.6,75728.7,75887.3,57.12827543
1777481100000,75887.2,75904.3,75706.8,75800.7,40.00932496
1777482000000,75800.8,76015.4,75800.8,75933.1,37.68771925
1777482900000,75933.1,76120,75811,75892.7,64.21866058
1777483800000,75892.8,76015.2,75876.6,76015.2,37.91198126
1777484700000,76015.6,76182.7,75937.6,76182.7,44.44256629
1777485600000,76182.9,76256.4,74943.7,75194.9,434.11240866
1777486500000,75189.2,75379.4,75079.6,75151.2,110.91134015
1777487400000,75154.3,75366.5,74964.1,75246.8,112.85101101
1777488300000,75246.8,75508.2,75222.7,75508.2,35.38772372
1777489200000,75508.2,75564.6,75380.1,75564.6,60.79902659
1777490100000,75564.7,75590,75451.5,75525.6,50.00057167
1777491000000,75525.6,75526.6,75300,75434,84.04931642
1777491900000,75433.9,75574.8,75424.3,75562.3,45.2468668
1777492800000,75562.3,75716.1,75491.7,75526.9,81.63933657
1777493700000,75527,75688,75518.2,75680.1,16.88737001
1777494600000,75680.1,75851.7,75590.2,75772.9,41.28126144
1777495500000,75772.9,75861.2,75668.6,75677,13.93244787
1777496400000,75677.1,75859.6,75611.2,75799.3,32.40255695
1777497300000,75799.4,75900,75799.4,75828.2,39.18808429
1777498200000,75831.6,75975,75802,75941.5,31.85969853
1777499100000,75941.6,76099.4,75932.3,75932.4,26.60157667
1777500000000,75932.4,75979.3,75853,75974.4,38.67022701
1777500900000,75974.4,76006,75820.6,75845.9,27.31723343
1777501800000,75845.8,75980.9,75845.8,75965.3,51.78140185
1777502700000,75965.2,75978.7,75895.9,75925,96.45621854
1777503600000,75924.8,75995,75866.2,75988.5,76.31266112
1777504500000,75988.6,75990.8,75702.7,75768.3,122.92024765
1777505400000,75768.3,75870.8,75768.3,75859.4,42.54268224
1777506300000,75859.5,75880.7,75775,75784.4,14.71236704
1777507200000,75784.4,75867.5,75707,75718.8,23.05083095
1777508100000,75718.9,75819.2,75660,75819.1,22.5919255
1777509000000,75819.3,76186.2,75819.3,76092.6,77.48816915
1777509900000,76092.6,76338.2,76092.6,76254.1,78.57381473
1777510800000,76254.1,76364.7,76183.9,76232.4,40.48325475
1777511700000,76232.4,76413.6,76184.2,76357.2,36.59532429
1777512600000,76357.3,76418.6,76242.1,76346,23.41685692
1777513500000,76348.8,76470.5,76221.2,76232.9,32.17506155
1777514400000,76232.9,76350.4,76232.9,76319.4,22.42771605
1777515300000,76319.5,76340.4,76107.5,76117,25.9166428
1777516200000,76125.7,76125.7,75505,75615.8,125.99622276
1777517100000,75615.8,75763.3,75560,75708.7,45.1410547
1777518000000,75704.7,75862.2,75669.1,75833.4,28.38282222
1777518900000,75833.5,75900,75773.2,75890.9,32.47291574
1777519800000,75890.7,75997,75844.7,75955.7,36.12431604
1777520700000,75955.7,75993.8,75910,75933.2,19.79013052
1777521600000,75933.2,75969.9,75714,75800.1,54.70806333
1777522500000,75800.2,75814.4,75666.6,75682.7,64.46386019
1777523400000,75682.6,75687,75413.9,75421.7,69.45616566
1777524300000,75421.7,75540.1,75421.7,75495,35.29700935
1777525200000,75495.1,75626.3,75474,75607.3,55.03875577
1777526100000,75610.3,75626.5,75319.7,75426.2,58.5875129
1777527000000,75426.2,75750,75426.2,75709.3,54.28366325
1777527900000,75709.2,75748.2,75600,75600,22.6350711
1777528800000,75600.1,75686,75584.5,75599.9,14.77719393
1777529700000,75600,75696,75599.9,75677.9,12.01111956
1777530600000,75678,75866.6,75678,75751.1,40.59357809
1777531500000,75751.2,75797.3,75709.9,75757.4,37.96118057
1777532400000,75757.4,75854.3,75721.2,75805.8,53.07170709
1777533300000,75805.8,75900,75785.8,75893.2,23.92056883
1777534200000,75893.1,76085.7,75893.1,76085.6,132.49859266
1777535100000,76085.6,76192,76074,76174.6,97.99508807
1777536000000,76174.5,76216.2,76079.5,76090.2,55.12244475
1777536900000,76090.1,76167.5,76032.8,76085.3,31.5033451
1777537800000,76085.3,76143.6,76045.5,76138.7,25.59383281
1777538700000,76138.7,76155.3,76059.8,76069.2,68.22281875
1777539600000,76069.3,76110.3,76026.4,76083.2,59.86408906
1777540500000,76083.2,76224.1,76007,76224.1,84.52338987
1777541400000,76224.4,76350,76084.5,76084.5,74.48823822
1777542300000,76084.5,76207.3,76077.7,76099.8,46.33935292
1777543200000,76099.7,76173.2,76035,76052.6,56.61022338
1777544100000,76052.6,76078.8,75976.8,75990.2,54.89923275
1777545000000,75990.3,76125.9,75990.3,76050.1,72.86390857
1777545900000,76050.1,76081.9,76000.1,76030,62.12755127
1777546800000,76030,76250,76030,76150.4,56.93562533
1777547700000,76150.5,76200,76088.6,76112.6,62.76591826
1777548600000,76112.5,76140.4,75911.9,75929.4,194.91736942
1777549500000,75929.3,76098.6,75865.4,76064.8,129.84588089
1777550400000,76064.8,76175,76040.1,76150.8,63.89385577
1777551300000,76150.8,76400,76139.3,76339.3,90.18836889
1777552200000,76339.3,76409,76237.2,76242.8,84.33558421
1777553100000,76242.9,76408,76242.3,76296.7,84.28801382
1777554000000,76296.6,76360,76260.3,76309.9,49.25559913
1777554900000,76309.9,76340,76163.1,76184.9,71.7500159
1777555800000,76184.9,76637.4,76107.3,76630,180.71984436
1777556700000,76630,76660,76400.1,76410.2,110.68015175
1777557600000,76410.2,76589.5,76270.2,76363.8,97.35789561
1777558500000,76363.8,76369.5,76094,76348.3,218.03144582
1777559400000,76348.2,76544.4,76200.1,76339.5,207.07034066
1777560300000,76339.5,76476.8,76269.4,76298.9,83.42662283
1777561200000,76298.9,76439,76156.6,76431.4,110.10347391
1777562100000,76431.4,76500,76363.7,76499.9,229.89538582
1777563000000,76500,76650,76361.8,76463.8,122.533451
1777563900000,76463.7,76530.5,76326.7,76465.7,80.1808443
1777564800000,76465.7,76486,76357.6,76469.4,71.22801369
1777565700000,76469.4,76469.4,76295.8,76359.4,67.91363519
1777566600000,76360,76417.9,76320.7,76345.4,39.80232469
1777567500000,76345.5,76379.3,76230,76261.1,37.36350616
1777568400000,76261.1,76330.6,76192.5,76212,118.40076347
1777569300000,76212.1,76212.1,76077.8,76140.5,110.28511218
1777570200000,76140.6,76258.2,76133.4,76158.4,27.53475274
1777571100000,76157.3,76296.4,76157.1,76240.9,41.52550463
1777572000000,76240.8,76372,76239.2,76264.9,84.21229832
1777572900000,76265,76464.9,76264.9,76284.8,60.35270625
1777573800000,76284.9,76405.1,76197.9,76391.3,44.9708748
1777574700000,76391.2,76470.2,76340.8,76340.9,41.94043265
1777575600000,76340.9,76487.9,76302.9,76444.3,58.43726142
1777576500000,76444.3,76499.9,76414.9,76467.6,93.66353412
1777577400000,76467.5,76513.3,76405.6,76432.9,77.6748235
1777578300000,76432.8,76463,76370.9,76409,121.30911086
1777579200000,76408.7,76478.5,76352.5,76447.7,100.46898635
1777580100000,76447.7,76555.7,76309.5,76468.3,88.99165349
1777581000000,76468.2,76563.9,76442.8,76522.3,135.86619311
1777581900000,76522.3,76568,76491,76493,105.73887938
1777582800000,76493,76544.2,76452.1,76495.9,112.80977266
1777583700000,76494.8,76494.8,76325.6,76337.6,86.33325426
1777584600000,76337.5,76457.4,76337.5,76390.7,77.68897215
1777585500000,76390.6,76390.7,76243.3,76243.7,66.19152503
1777586400000,76243.8,76414.5,76243.4,76371.6,109.95406102
1777587300000,76371.5,76449.8,76361.9,76444.1,70.82870272
1777588200000,76444,76449.1,76272.6,76335.4,52.51740742
1777589100000,76335.3,76380.3,76208.7,76243.5,65.63139002
1777590000000,76243.5,76326.8,76217.5,76310.3,91.85346244
1777590900000,76310.3,76344.7,76289.5,76344.7,67.44134552
1777591800000,76344.7,76387.9,76318.1,76327.3,175.25473379
1777592700000,76327.3,76383.4,76297.1,76344.9,154.3488335
