ts,open,high,low,close,volume
1585699200000,6412.7,6426.8,6350,6370.4,612.21
1585700100000,6370.4,6373.2,6269.9,6269.9,2369.77
1585701000000,6268.6,6301.8,6250,6286.7,821.45
1585701900000,6286.4,6325,6271.1,6305.2,769.52
1585702800000,6304.8,6325.7,6288.8,6292.3,550.97
1585703700000,6292.4,6312.7,6288.8,6298.2,409.58
1585704600000,6299.9,6305.2,6286.7,6286.7,437.43
1585705500000,6285.6,6300,6285.1,6289.8,367.06
1585706400000,6291.4,6305,6287,6302.1,397.35
1585707300000,6302.2,6318,6302.2,6310.6,348.85
1585708200000,6310.3,6313.6,6302,6302.5,276.29
1585709100000,6302.5,6317,6302.5,6315.6,349.28
1585710000000,6315.5,6355.3,6310,6350.8,647.23
1585710900000,6351.4,6354.8,6338.7,6348.9,486.44
1585711800000,6348.9,6349.3,6336.3,6348.4,247.52
1585712700000,6348.4,6380,6341.5,6366.7,533.25
1585713600000,6366.7,6373.5,6343.3,6357.3,490.43
1585714500000,6357,6360,6350.1,6352.6,317.05
1585715400000,6352.6,6352.6,6333.4,6335.3,287.69
1585716300000,6335.1,6342.2,6333.3,6340.4,511.88
1585717200000,6340.4,6342.2,6310,6320.8,534.21
1585718100000,6320.7,6331.8,6315,6331.4,399.57
1585719000000,6331.3,6331.8,6303.3,6310.1,488.94
1585719900000,6311.7,6318,6288.9,6304.2,591.96
1585720800000,6303.3,6313.5,6283.3,6288.6,563.6
1585721700000,6288.6,6304.9,6271.2,6304.7,478.71
1585722600000,6304.5,6320,6291.9,6316.6,638.8
1585723500000,6316.5,6319.6,6293.9,6303.2,359.83
1585724400000,6302.1,6319.8,6290,6313,307.83
1585725300000,6313,6330,6307.3,6323.9,502.82
1585726200000,6323.9,6333,6320.9,6328.3,560.49
1585727100000,6328.4,6328.4,6315,6327,502.58
1585728000000,6327,6327,6301.3,6306.3,483.65
1585728900000,6306,6314.4,6293.2,6301.3,335.14
1585729800000,6300.8,6311,6285.1,6308.3,612.22
1585730700000,6308.4,6313.7,6303.1,6307.3,479.41
1585731600000,6307.3,6312.7,6283.2,6283.2,440.05
1585732500000,6283.2,6303.9,6283.2,6300,398.91
1585733400000,6299.3,6299.8,6272,6275.7,254.13
1585734300000,6275.3,6308.1,6265.5,6300.9,565.99
1585735200000,6301,6306.8,6288,6299.7,349.9
1585736100000,6299.5,6319.7,6295.9,6314.7,465.19
1585737000000,6314.7,6319.5,6297.2,6300.3,414.45
1585737900000,6300.3,6305.6,6288.1,6289.8,349.37
1585738800000,6289.8,6294.7,6276,6290.9,483.08
1585739700000,6290.9,6290.9,6270.6,6290,438.15
1585740600000,6290.1,6301.6,6288.6,6296.3,477.92
1585741500000,6294.9,6297.1,6280,6295.2,319.17
1585742400000,6295.3,6338,6185.1,6225,1795
1585743300000,6226.5,6246,6222.2,6234.8,514.74
1585744200000,6234.8,6247.7,6228.1,6245.1,353.38
1585745100000,6244.9,6245.2,6212,6222,384.87
1585746000000,6220,6237,6215.7,6227.3,340.94
1585746900000,6228.2,6233.7,6226,6231,233.87
1585747800000,6231,6239.1,6166,6210.1,897.02
1585748700000,6210.1,6211.1,6190.6,6203.2,487.7
1585749600000,6203.3,6231.6,6197.4,6230,387.85
1585750500000,6230.9,6230.9,6216.8,6227.5,244.91
1585751400000,6226.9,6258,6226.5,6248.7,566.91
1585752300000,6248.6,6255.2,6239.6,6247.1,130.77
1585753200000,6247.2,6250.2,6236.6,6250,333.6
1585754100000,6250,6254.1,6228.7,6228.7,241.8
1585755000000,6228.8,6243,6219.3,6226.7,303.13
1585755900000,6226.8,6235,6216,6227.6,224.65
1585756800000,6227.5,6227.5,6173,6209.2,540.13
1585757700000,6209.2,6209.2,6192.2,6195,271.11
1585758600000,6194.8,6209.5,6155,6182,580.35
1585759500000,6182,6190,6140,6179.6,452.39
1585760400000,6179.6,6202,6165,6180.1,437.57
1585761300000,6179.2,6196.7,6171.1,6196.2,210.29
1585762200000,6195.4,6208.7,6191.5,6202.7,341.67
1585763100000,6201.4,6202.2,6182.2,6196,165.85
1585764000000,6196,6216,6187.2,6215.1,192.3
1585764900000,6215.1,6215.1,6200.1,6214,162.38
1585765800000,6214.2,6214.2,6193.2,6197.2,394.27
1585766700000,6195.8,6198,6185.2,6187.2,276.61
1585767600000,6187.3,6193.6,6181.5,6182.8,473.93
1585768500000,6182.7,6182.8,6160.9,6175.6,378.34
1585769400000,6174.5,6194,6170.8,6191,190.91
1585770300000,6192.3,6212.2,6192.3,6201.7,298.05
1585771200000,6201.7,6238.9,6193.3,6214.3,463.11
1585772100000,6214.1,6286.1,6213.7,6262.1,667
1585773000000,6262,6335,6262,6308.4,1016.54
1585773900000,6308,6390,6308,6336.4,1361
1585774800000,6336.4,6420,6336.4,6364.3,953.05
1585775700000,6364.3,6380.5,6348.1,6353.9,315.5
1585776600000,6353.8,6370.8,6339.1,6360.5,480.19
1585777500000,6360.5,6363.5,6339.3,6349.8,215.87
1585778400000,6350,6398.3,6350,6367,326.94
1585779300000,6367.9,6497,6367.9,6460.7,1553.95
1585780200000,6459.3,6598,6459.3,6566,2247.58
1585781100000,6565.3,6575.4,6500,6517.9,600.53
1585782000000,6518,6545.8,6496,6526.1,451.77
1585782900000,6526.1,6586.7,6517.6,6567.6,522.32
1585783800000,6567.6,6688.2,6567.6,6631.8,2347.95
1585784700000,6631.9,6666,6620,6638.6,522.9
1585785600000,6638.6,6741.5,6638.6,6689.2,1519.16
1585786500000,6691.1,6693.6,6606.3,6626.5,921.26
1585787400000,6625,6643.3,6582.5,6629.1,687.56
1585788300000,6628.8,6630.6,6602.3,6617.7,498.31
1585789200000,6617.7,6639.6,6586.4,6596.1,439.81
1585790100000,6596,6623.5,6592,6609.9,280.88
1585791000000,6609.8,6635,6600,6606.9,380.59
1585791900000,6607,6620,6557,6567.6,476.39
1585792800000,6567.9,6597.1,6567.1,6593.2,417.81
1585793700000,6593.3,6616.1,6589.9,6603.8,250.68
1585794600000,6603.9,6619.9,6592,6606,325.58
1585795500000,6604.9,6613,6590,6606.1,246.44
1585796400000,6608.4,6614.4,6591.4,6591.4,297.05
1585797300000,6591.4,6597.8,6580,6595.4,277.33
1585798200000,6593.4,6601.3,6582.1,6599.6,211.46
1585799100000,6599.6,6606.5,6588.9,6605,271.66
1585800000000,6605,6630.1,6605,6624.4,388.6
1585800900000,6624.4,6628.1,6603.7,6606.8,188.83
1585801800000,6606.8,6620.6,6605.9,6613,281.34
1585802700000,6612.8,6617.2,6589.8,6597.9,284.95
1585803600000,6597.7,6601.5,6581,6584.3,436.35
1585804500000,6584.4,6599.6,6568.3,6574.3,408.9
1585805400000,6574.4,6598.4,6573.4,6593.7,207.17
1585806300000,6595.7,6605.5,6581.2,6605.5,280.1
1585807200000,6605.6,6611,6597.5,6604.1,213.22
1585808100000,6604.3,6610,6593.1,6607.3,223.33
1585809000000,6607.2,6630,6606.7,6625.1,398.55
1585809900000,6625,6645,6615.6,6638.3,379.04
1585810800000,6638.3,6638.3,6618.1,6619.3,340.69
1585811700000,6619.3,6679,6612.8,6668.8,786.59
1585812600000,6668.8,6668.9,6634.1,6647,473.48
1585813500000,6647,6648.6,6634.7,6642,241.05
1585814400000,6641.4,6662.9,6600,6619.7,574.2
1585815300000,6619.9,6640,6615.4,6632.2,301.95
1585816200000,6632.2,6642.9,6621.3,6635.3,330.99
1585817100000,6636,6647.5,6631.5,6647.4,256.44
1585818000000,6647.3,6650,6630.1,6634.6,391.13
1585818900000,6634.6,6635.5,6625.9,6635.5,169.48
1585819800000,6635.5,6648.8,6635.4,6647,337.63
1585820700000,6647.1,6650,6634,6640,188.68
1585821600000,6640,6717.2,6640,6673.3,636.19
1585822500000,6673.3,6673.3,6617.7,6630.7,549.56
1585823400000,6630.7,6650,6623,6649.9,270.17
1585824300000,6649.4,6650,6637.8,6646.7,181.02
1585825200000,6646.7,6650,6610,6639.5,318.07
1585826100000,6639.5,6665.4,6633.5,6656.3,228.2
1585827000000,6656.3,6685.3,6649.4,6671,392.48
1585827900000,6672.1,6696.6,6664,6685.4,322.07
1585828800000,6685.4,6727,6632.5,6661.7,958.17
1585829700000,6661.8,6706.1,6661.8,6686,425.08
1585830600000,6687.9,6716,6655,6668.7,579
1585831500000,6668.6,6676.9,6650,6655.6,328.03
1585832400000,6655.5,6665.2,6625,6627.1,438.34
1585833300000,6626.6,6644.8,6618.8,6642.2,345.08
1585834200000,6642.2,6671.6,6635.7,6637.8,367.88
1585835100000,6637.8,6644,6625.1,6637.6,343.57
1585836000000,6638.8,6654.8,6634.9,6645.5,179.33
1585836900000,6645.4,6666.6,6641.8,6661.1,186.26
1585837800000,6662.8,6798,6658.3,6775.7,1902.12
1585838700000,6775.7,6820,6741,6774.7,1611.01
1585839600000,6774.2,6779.1,6750.2,6751.5,543.75
1585840500000,6751.6,6775.3,6720,6772.9,557.75
1585841400000,6772.9,6804.7,6759,6769.4,489.57
1585842300000,6769.5,6830,6753.3,6800,779.48
1585843200000,6800,6890,6788.1,6868.6,2107.86
1585844100000,6868.7,6898,6834.8,6871,977.24
1585845000000,6868.2,6900,6855.5,6864.2,589.03
1585845900000,6864.2,6918,6846,6910.5,678.56
1585846800000,6910.6,7270.8,6910.6,7089.1,5809.96
1585847700000,7088.4,7151.1,7051.1,7122.6,1427.9
1585848600000,7122.5,7140,7082.2,7100,803.61
1585849500000,7099.9,7117,7083,7091.2,374.05
1585850400000,7091.1,7092.9,6864.1,6896.2,2144.02
1585851300000,6896.6,6931.5,6826.3,6898.4,1137.24
1585852200000,6898.4,6920,6771.7,6819.9,1537.73
1585853100000,6819.9,6827.2,6733.2,6789.1,973.88
1585854000000,6789.1,6828.5,6720,6789.1,881.6
1585854900000,6793.3,6862.7,6786.6,6845.1,702.28
1585855800000,6845.2,6858.7,6793.3,6811.9,273.2
1585856700000,6812,6822.8,6776.3,6800.6,397.65
1585857600000,6801,6801,6735,6744.3,539.79
1585858500000,6745.2,6781.8,6659.7,6688.2,863.48
1585859400000,6688.2,6753.5,6676.3,6713.1,355.97
1585860300000,6717.8,6754,6707.1,6738,237.45
1585861200000,6736.3,6771.9,6709.6,6754.8,228.65
1585862100000,6754.7,6796.7,6740,6775.8,152.77
1585863000000,6775.9,6835.4,6773,6814.7,377.11
1585863900000,6815.4,6844.8,6815.4,6826.5,164.37
1585864800000,6827.3,6836.2,6782.6,6828.4,292.05
1585865700000,6828.6,6842.3,6807.9,6813.4,156.42
1585866600000,6813.5,6864.8,6812.6,6864.3,167.31
1585867500000,6864.2,6864.7,6834.2,6844.7,153.14
1585868400000,6844.3,6844.3,6764.1,6802.9,315.84
1585869300000,6802.8,6817.9,6751.5,6767.8,250.98
1585870200000,6768.4,6787.4,6728.2,6781.1,232.6
1585871100000,6783,6830,6778.3,6792.6,242.24
1585872000000,6793.5,6813,6776.3,6804,210.6
1585872900000,6805.5,6805.5,6757.1,6763.8,205.28
1585873800000,6764.2,6777,6743.1,6765.3,245.71
1585874700000,6765.3,6765.3,6726.8,6742.2,393.14
1585875600000,6741.2,6764,6723,6764,203.43
1585876500000,6763.5,6772.7,6757.1,6763.6,150.75
1585877400000,6761.6,6799,6761.5,6787.8,217.06
1585878300000,6787.4,6803.7,6784.4,6799.5,384.36
1585879200000,6799.2,6799.8,6778.1,6778.4,277.25
1585880100000,6778.5,6803.9,6778.5,6801.7,347.27
1585881000000,6803,6823.8,6800.6,6819.4,208.23
1585881900000,6819.7,6820,6799.2,6808.2,136.48
1585882800000,6808.2,6823,6808.1,6810.8,265.41
1585883700000,6811.8,6819.7,6772.6,6788.7,322.2
1585884600000,6788.7,6797,6775,6789.6,285.99
1585885500000,6789.5,6801.3,6780,6785.5,199.4
1585886400000,6783.9,6796.2,6760.6,6765.6,173.39
1585887300000,6765.6,6784.4,6763.7,6779,138.44
1585888200000,6777.8,6778.3,6769.6,6776.7,125.4
1585889100000,6776.6,6795.9,6776.3,6783.8,190.73
1585890000000,6783.8,6793.2,6760.4,6769.6,213.2
1585890900000,6768.7,6773.9,6745,6760.6,385.24
1585891800000,6760.8,6771.9,6756.8,6764.8,131.8
1585892700000,6764.9,6778.8,6764.9,6777.9,228.31
1585893600000,6777.9,6787.9,6765,6781.3,164.72
1585894500000,6784.1,6805,6784.1,6800,338.54
1585895400000,6800.1,6819,6800,6809.3,315.43
1585896300000,6810.4,6815.8,6797.2,6797.2,207.96
1585897200000,6797.2,6818.9,6784.2,6807,284.25
1585898100000,6808.3,6865.4,6802.8,6848,896.42
1585899000000,6849.1,6950,6849.1,6924,1356.2
1585899900000,6924,6946,6891.6,6930.1,910.01
1585900800000,6930.1,6979,6886,6913.7,1561.74
1585901700000,6913.7,6919.4,6859.7,6906.7,626.66
1585902600000,6906.7,6910,6877.2,6885,249.77
1585903500000,6884.9,6935.2,6884.9,6924.6,417.67
1585904400000,6924.6,6950,6914.9,6917.1,501.1
1585905300000,6917.1,6924.8,6891.8,6910.3,247.59
1585906200000,6910.3,6939,6903.3,6934.9,288.63
1585907100000,6934.7,6980,6925.7,6959.6,645.22
1585908000000,6959.4,6984.5,6910.8,6934.3,787.64
1585908900000,6933.9,6963.3,6915,6947.7,351.61
1585909800000,6948.2,6961.9,6942.1,6953.2,211.94
1585910700000,6953.5,7048.6,6953.5,7017.1,1070.21
1585911600000,7017.1,7039.4,6936.9,6973.5,1513.45
1585912500000,6972.6,6976,6949,6973.2,500.74
1585913400000,6973.1,6988,6960.1,6973.5,308.23
1585914300000,6974,7025.8,6971.9,7003.4,667.54
1585915200000,7003.6,7012,6951.5,7000.7,866.76
1585916100000,7000.6,7005,6963.4,6986.8,386.46
1585917000000,6986.7,6992,6891.1,6917.6,1183.83
1585917900000,6917.5,6921.5,6836,6916.8,1390.74
1585918800000,6916.8,6940,6898.6,6905.4,805.26
1585919700000,6905.3,6920,6862.5,6892.1,978.43
1585920600000,6892.1,6909.2,6887.6,6903.2,389.97
1585921500000,6903.3,6903.3,6824.8,6849.3,540.2
1585922400000,6850.1,6862.4,6815,6848.2,759.71
1585923300000,6848.3,6850.7,6782.2,6819.1,855.56
1585924200000,6819.6,6819.6,6744.3,6745.3,905.68
1585925100000,6745.4,6799,6730,6792.4,987.95
1585926000000,6792.4,6822.9,6774.5,6817.8,497.11
1585926900000,6817.5,6829.5,6700,6719.6,1338.34
1585927800000,6719.6,6741.7,6676,6708,1400.68
1585928700000,6708,6731.7,6699.6,6712.1,539.82
1585929600000,6712.1,6725.5,6633.3,6648.3,1702.81
1585930500000,6648.4,6668.4,6605.2,6655.6,970.94
1585931400000,6655.1,6694,6651,6685.2,607.69
1585932300000,6687,6777,6661.2,6753.9,1107.23
1585933200000,6754.1,6801.5,6723,6744.9,812.41
1585934100000,6745,6749.5,6713.1,6734.9,315.33
1585935000000,6736.5,6736.5,6670,6683,620.21
1585935900000,6681.8,6727.6,6681.8,6716.6,194.97
1585936800000,6715.1,6731.4,6678.4,6685.6,278.35
1585937700000,6684.6,6732,6684.6,6730.7,174.41
1585938600000,6730.4,6752,6709,6731,222.7
1585939500000,6732,6751.9,6724.2,6746.8,132.13
1585940400000,6746.9,6783.9,6746.9,6775.6,313.84
1585941300000,6775.6,6778.4,6744.1,6766.8,102.17
1585942200000,6765.9,6771.2,6740,6746.2,138.85
1585943100000,6744,6789.5,6743.2,6769.9,182.15
1585944000000,6770.5,6816.8,6770.5,6780.9,243.73
1585944900000,6780.9,6791.4,6755,6778.7,237.66
1585945800000,6779.8,6786.6,6750,6764,158.6
1585946700000,6764,6764,6680,6693.5,489.55
1585947600000,6693.6,6719.2,6652.3,6710.7,523.39
1585948500000,6710.3,6722,6694.6,6721.2,91.27
1585949400000,6722.3,6744.2,6717.7,6739.3,109.61
1585950300000,6739.3,6750.1,6712.2,6723.1,171.94
1585951200000,6725.4,6742.4,6725.4,6733.9,64.69
1585952100000,6733.1,6733.1,6708.2,6710.6,116.81
1585953000000,6710.3,6728.8,6710.3,6717.3,134.29
1585953900000,6718.7,6774,6717.7,6764.8,229.79
1585954800000,6764.7,6777.1,6750.2,6776.5,108.67
1585955700000,6776.5,6777.5,6751.7,6763.1,77.78
1585956600000,6763.9,6768,6730,6741,136.67
1585957500000,6741,6741,6716.8,6732.3,134.19
1585958400000,6731,6735.8,6710.3,6729.5,130.92
1585959300000,6729.6,6744,6719.3,6740.6,130.62
1585960200000,6739.6,6761.1,6733.8,6745.3,268.64
1585961100000,6747.9,6759.1,6732.3,6754.5,81.99
1585962000000,6754.5,6828.3,6754.5,6776.7,621.01
1585962900000,6776.8,6784.1,6745,6753,296.08
1585963800000,6753,6758,6744.7,6756.7,162.14
1585964700000,6756.5,6768.7,6745,6750,344.05
1585965600000,6750,6754.1,6720,6726.9,263.87
1585966500000,6727,6742,6724.7,6741.2,86.31
1585967400000,6740,6746.6,6729.8,6740.1,204.41
1585968300000,6739.7,6739.7,6680,6683.3,350.81
1585969200000,6682.5,6702,6681.1,6694.6,349.59
1585970100000,6695,6695.1,6661.1,6687.7,266.01
1585971000000,6687.6,6716.6,6680,6708.1,214.69
1585971900000,6708.5,6709.6,6697,6697.1,135.14
1585972800000,6697.2,6710,6686,6709.9,154.96
1585973700000,6709.9,6729.7,6709.9,6724.8,259.22
1585974600000,6724.9,6732,6714.6,6729,134.59
1585975500000,6729,6731.8,6715.4,6716,87.83
1585976400000,6716,6723.5,6709.4,6716.8,110.83
1585977300000,6718.5,6760.1,6711,6760.1,199.94
1585978200000,6760,6770,6731.5,6739.8,247.78
1585979100000,6739.9,6739.9,6724.3,6729.3,140.71
1585980000000,6729.2,6730,6716.4,6728.5,119.75
1585980900000,6727.5,6728,6709,6713.9,101.02
1585981800000,6713.8,6718.3,6695.7,6717.7,129.89
1585982700000,6717.8,6736,6717.1,6731.6,134
1585983600000,6729.8,6740.2,6727.1,6727.1,122.58
1585984500000,6727,6742.1,6719,6720.4,91.39
1585985400000,6719.6,6725,6718.2,6722.3,75.39
1585986300000,6720.6,6739,6720.6,6733.1,61.73
1585987200000,6732,6753.8,6730.8,6749.4,268.41
1585988100000,6749.4,6768.2,6748.8,6754.5,280.86
1585989000000,6754.5,6762.2,6743.6,6756.7,309.23
1585989900000,6757.1,6779.8,6757,6778.8,251.97
1585990800000,6778.7,6780,6745,6754.9,269.48
1585991700000,6755,6755,6741.7,6749.6,125.29
1585992600000,6749.6,6788,6749.6,6784.2,315.64
1585993500000,6784.9,6860,6784.9,6837.1,1310.36
1585994400000,6837.4,6866.6,6805.6,6830.8,686.81
1585995300000,6832.5,6866.1,6830.8,6862.5,475.48
1585996200000,6862.4,6888.8,6834.9,6871.9,736.56
1585997100000,6871.9,6887.5,6860.1,6873,325.54
1585998000000,6873.3,6900,6842.1,6852,582.14
1585998900000,6852.1,6864,6831.6,6831.7,281.23
1585999800000,6831.7,6845,6648.4,6694.8,1939.32
1586000700000,6694.6,6725,6688.1,6695.1,818.02
1586001600000,6695,6734.2,6680,6711.7,622.35
1586002500000,6712.3,6720,6700.1,6701.1,231.89
1586003400000,6700.2,6714.2,6668,6669.9,629.33
1586004300000,6669.9,6714,6665,6708.5,422.95
1586005200000,6708.5,6717,6690.1,6699,223.21
1586006100000,6699.9,6719.1,6699.9,6714.3,260.01
1586007000000,6714.5,6740,6714.4,6739.7,266.15
1586007900000,6739.1,6739.4,6724.1,6726.3,230.11
1586008800000,6726.3,6730,6702,6715,182.55
1586009700000,6715,6723.4,6705,6722.8,163.41
1586010600000,6723,6730.4,6700.4,6712.6,170.8
1586011500000,6714.5,6719.9,6705.6,6710.2,141.94
1586012400000,6710.1,6734.9,6708.6,6733.2,168.63
1586013300000,6733,6764.5,6723.2,6754.4,367.06
1586014200000,6754.4,6754.5,6731.2,6736,221.61
1586015100000,6735.1,6736,6718.6,6729.2,161.23
1586016000000,6727.5,6755,6715,6743.6,199.83
1586016900000,6743.7,6801.2,6743.7,6776.3,807.59
1586017800000,6776.3,6785.3,6757.8,6773.4,179.34
1586018700000,6773,6799.6,6770.2,6784.6,162.65
1586019600000,6784.2,6808.5,6771.1,6789.6,242.15
1586020500000,6788.5,6788.7,6758.7,6771.8,420.26
1586021400000,6771.8,6788.4,6762.1,6785.1,117.09
1586022300000,6785.6,6786,6772.6,6774.8,47.92
1586023200000,6775.2,6800,6774.1,6800,110.07
1586024100000,6800,6804,6778.7,6786.4,140.39
1586025000000,6786.4,6791.9,6770.8,6780.6,70.33
1586025900000,6779.9,6783.8,6770.9,6777.6,55.86
1586026800000,6776.4,6789.8,6776.4,6789.3,56
1586027700000,6790.2,6790.2,6720,6739.8,535.52
1586028600000,6740,6756.7,6739.9,6746.4,82.13
1586029500000,6746.4,6754.5,6736.4,6747.3,61.82
1586030400000,6747.3,6771.9,6747.3,6762.8,101.12
1586031300000,6762.9,6875,6761.5,6844.5,772.23
1586032200000,6844.4,7000,6720,6792.7,2859.24
1586033100000,6792.7,6906.5,6775.1,6828.8,751.21
1586034000000,6830.8,6892,6830.4,6837.7,366.33
1586034900000,6838.1,6876.5,6836,6876.5,111.04
1586035800000,6876.4,6887.9,6844,6862,165.43
1586036700000,6862,6876.9,6839.6,6860.8,112.17
1586037600000,6860.8,6869.3,6784.8,6818.8,508.96
1586038500000,6818.7,6847.9,6818.7,6847.9,151.04
1586039400000,6847.9,6883.2,6847.9,6865.7,332.16
1586040300000,6866.3,6868.7,6835.1,6840.7,134.02
1586041200000,6839.8,6861.9,6821,6843.3,129.15
1586042100000,6843.1,6855,6821.2,6832.6,129.89
1586043000000,6833.3,6839.9,6823.3,6830.8,121.28
1586043900000,6832,6870,6831.7,6856.4,128.68
1586044800000,6856.6,6893.9,6836.4,6844.7,363.96
1586045700000,6844.7,6886.2,6837.3,6875,170.79
1586046600000,6875.3,6886.8,6862.2,6881,195.68
1586047500000,6881,6895.9,6848.6,6858.3,338.4
1586048400000,6857,6874.4,6821,6855.4,274.83
1586049300000,6856.9,6876,6855.7,6865.8,186.65
1586050200000,6865.9,6867.9,6849.6,6852.9,109.19
1586051100000,6852.8,6858,6843.2,6847.1,148.94
1586052000000,6847.2,6847.5,6792,6831.4,523.74
1586052900000,6831.3,6839.3,6812.5,6826.6,203.81
1586053800000,6826.2,6839.1,6823,6834.2,125.59
1586054700000,6834.5,6846,6834.5,6843.1,165.46
1586055600000,6843.6,6844,6818.9,6822,208.61
1586056500000,6822.5,6827.3,6813.7,6817.3,264.68
1586057400000,6817.6,6817.9,6792.2,6797.4,349.07
1586058300000,6797.5,6810.9,6797.4,6799.1,156.18
1586059200000,6799.6,6799.6,6768.2,6776.5,375.5
1586060100000,6776.4,6787.2,6750,6769.4,464.69
1586061000000,6769.3,6785,6763.5,6780.4,339.49
1586061900000,6780.9,6788,6771.3,6774.6,232.45
1586062800000,6775.4,6795.2,6759.2,6789.5,256.95
1586063700000,6789.5,6810,6787,6803.1,351.36
1586064600000,6803.1,6840,6792.8,6818.3,475.18
1586065500000,6818,6822.2,6780.1,6785.9,310.48
1586066400000,6785.9,6787.6,6752.6,6786.6,430.77
1586067300000,6786.5,6786.5,6768.4,6780.4,138.77
1586068200000,6781,6781,6734.1,6757.7,337.44
1586069100000,6757.5,6777.9,6752,6772,215.67
1586070000000,6771.2,6775,6755,6772.5,186.82
1586070900000,6772.6,6783.3,6767.2,6779.5,332.04
1586071800000,6779.5,6788.7,6765.2,6772.2,161.37
1586072700000,6772.1,6773.7,6756.2,6769.8,179.74
1586073600000,6769.4,6776.1,6752,6774.6,257.82
1586074500000,6775.2,6795,6774.4,6785,209.1
1586075400000,6785,6793.4,6778.9,6788.9,268.76
1586076300000,6789.5,6791.9,6772.3,6776.6,189.99
1586077200000,6778,6805,6773.5,6797.1,153.19
1586078100000,6797.2,6830,6792.1,6806.9,345.67
1586079000000,6807.9,6810.7,6764,6766.9,501.23
1586079900000,6766.5,6778.6,6762.3,6768.9,269.98
1586080800000,6769,6780.8,6760,6769.4,149.97
1586081700000,6769.1,6784.6,6767.2,6774.4,110.63
1586082600000,6774.2,6782,6765,6765.1,104.26
1586083500000,6765,6770,6740,6749.3,409.64
1586084400000,6749.1,6818,6746,6783.1,595.87
1586085300000,6783.1,6786,6773.5,6782.6,109.12
1586086200000,6782.6,6806.2,6778.6,6790.4,286.87
1586087100000,6790.5,6790.5,6774,6776.9,187.12
1586088000000,6776.8,6786.5,6757.5,6785.5,193.46
1586088900000,6785.6,6790.5,6767.1,6770.3,87.4
1586089800000,6770.9,6789.9,6770,6788.5,120.81
1586090700000,6788.5,6793.7,6781.9,6786.6,105.69
1586091600000,6786,6792.8,6780.4,6792.8,61.31
1586092500000,6792.8,6802.3,6783.8,6789.4,184.57
1586093400000,6789.4,6820,6789.4,6806.2,319.95
1586094300000,6806.1,6812.1,6783.8,6794.8,212.01
1586095200000,6796.3,6796.3,6783,6785.7,139.64
1586096100000,6785.7,6790,6772.2,6786.1,153.26
1586097000000,6786.2,6786.2,6768,6777.1,174.72
1586097900000,6777.1,6784.8,6770,6772.3,79.8
1586098800000,6772.3,6789.4,6763.5,6782.8,127.61
1586099700000,6782.9,6793.6,6782.8,6793,177.79
1586100600000,6793,6794,6787.4,6789,95.33
1586101500000,6789,6803.7,6785,6786.7,220.26
1586102400000,6786.6,6786.7,6768,6775.6,349.42
1586103300000,6775.2,6796,6774,6791.3,250.87
1586104200000,6791.5,6792.2,6781.8,6781.9,104.09
1586105100000,6782.8,6783.7,6769,6783.1,180.46
1586106000000,6783.2,6783.2,6700,6726.5,922.42
1586106900000,6726.5,6727.2,6675.2,6715.5,1415.81
1586107800000,6716.2,6735,6705,6719.3,261.26
1586108700000,6719,6850,6719,6797.9,1432.8
1586109600000,6799.3,6801.8,6778.8,6780.8,421.35
1586110500000,6780.7,6815.6,6776.9,6790.9,400.98
1586111400000,6792.2,6817.4,6790.2,6807.5,170.39
1586112300000,6807.5,6810,6781.1,6793.5,125.77
1586113200000,6794.8,6813,6793.3,6802.4,100.24
1586114100000,6801.1,6810.8,6801,6804.8,59.12
1586115000000,6805,6808.8,6786.1,6793,111.32
1586115900000,6793.8,6800.8,6790.8,6793.5,68.7
1586116800000,6793.5,6793.5,6774.4,6781.1,93
1586117700000,6781.4,6781.4,6745.8,6745.8,129.71
1586118600000,6745.8,6760,6730,6748.7,195.99
1586119500000,6748.6,6769.6,6745,6755.3,46.48
1586120400000,6755.2,6755.3,6720,6751.3,87.34
1586121300000,6750.6,6767.3,6750.6,6766.9,34.52
1586122200000,6766.9,6766.9,6755,6760.4,40.08
1586123100000,6761.3,6800,6754.3,6759.2,119.99
1586124000000,6759.3,6802.3,6759.3,6794.4,190.74
1586124900000,6794.4,6809.3,6779.9,6793,155.15
1586125800000,6792.8,6792.8,6753.4,6772.2,185.97
1586126700000,6772.1,6800,6772.1,6797.5,111.53
1586127600000,6797.7,6805,6775,6784.8,102.42
1586128500000,6783.6,6783.6,6766.6,6779.4,78.17
1586129400000,6778.8,6784.9,6767.2,6780.3,87.78
1586130300000,6781.8,6790,6767,6773,81.53
1586131200000,6772,6799.9,6764,6787.6,160
1586132100000,6787.6,6874,6783.5,6832.4,965.55
1586133000000,6834,6853.8,6792.9,6836.9,504.91
1586133900000,6837.6,6865,6823.8,6863,566.02
1586134800000,6862,6885,6836,6845.8,575.8
1586135700000,6846.5,6859.7,6830.8,6835.3,192.95
1586136600000,6835.4,6845,6827.2,6832.7,160.44
1586137500000,6833.1,6840,6828.4,6837.7,132.74
1586138400000,6838.7,6844.9,6833.3,6836.3,134.87
1586139300000,6837.2,6844,6818.6,6826.7,143.48
1586140200000,6826.5,6829,6800,6814.6,289.03
1586141100000,6816,6827.1,6810.4,6824.5,150.58
1586142000000,6825.9,6839.8,6821.4,6834.8,165.31
1586142900000,6834.8,6844.9,6832.6,6838,126.03
1586143800000,6837.7,6846.4,6835.7,6842.2,280.12
1586144700000,6842.1,6842.3,6832,6841.6,118.92
1586145600000,6841.5,6887.9,6841.5,6884.7,1030.44
1586146500000,6885,6925,6874.8,6889.3,875.9
1586147400000,6888.9,6945,6888.9,6918.8,949.74
1586148300000,6920,6954.2,6915.7,6938.9,686.43
1586149200000,6938.9,6980,6914,6927.1,1197.84
1586150100000,6927.1,6946.5,6922.1,6928.9,361.4
1586151000000,6929,6960.7,6929,6951.5,336.95
1586151900000,6951.5,6998.8,6941.7,6989.6,839.53
1586152800000,6989.8,7001.2,6960.7,6982.3,798.65
1586153700000,6983.5,7057,6979.1,7010.9,1510.41
1586154600000,7011,7100,7011,7080,1513.64
1586155500000,7081.5,7083.2,7044.2,7079,665.04
1586156400000,7079.1,7100,7022,7033,747.65
1586157300000,7032.8,7041.2,6967.1,7010.6,1220.91
1586158200000,7010.7,7060,7009.2,7055.2,519.13
1586159100000,7055.9,7063.2,7026.6,7030.6,382.18
1586160000000,7030.6,7080,7030.5,7080,397.7
1586160900000,7079.9,7081.8,7047.1,7074.9,434.32
1586161800000,7075.6,7082.8,7033,7049.5,469.08
1586162700000,7049.4,7050.1,7018,7041.3,370.17
1586163600000,7040.4,7090,7037,7077.9,553.54
1586164500000,7076,7140,7076,7121.7,1253.69
1586165400000,7121.7,7138.5,7098.9,7137.7,561.13
1586166300000,7136.8,7148.8,7089.9,7099.9,742.54
1586167200000,7099.7,7131.7,7080,7112.8,452.26
1586168100000,7112.6,7114.9,7091.5,7112.3,323.09
1586169000000,7114.7,7148.8,7106.3,7109.5,606.03
1586169900000,7109.5,7116.1,7071,7077.1,567.84
1586170800000,7077,7107.7,7071.2,7105.9,303.59
1586171700000,7105.9,7116.5,7097.1,7112.2,311.19
1586172600000,7112.9,7116,7092.7,7094.1,248.43
1586173500000,7094.3,7105.8,7083.5,7098.4,193.68
1586174400000,7099.2,7130,7099.2,7111.4,396.52
1586175300000,7111.5,7114,7101.8,7114,332.63
1586176200000,7114,7165,7114,7150,638.41
1586177100000,7150.1,7162.6,7119,7134.2,559.48
1586178000000,7135,7150,7129.8,7131.4,434.75
1586178900000,7131.4,7160.5,7130,7145.1,395.02
1586179800000,7145.1,7151.9,7040,7090.9,1734.34
1586180700000,7090.9,7115.4,7080.6,7098.8,397.42
1586181600000,7098.6,7114,7077.4,7088.2,364.95
1586182500000,7088.2,7094.4,7061.2,7077.2,544.94
1586183400000,7077.6,7099.1,7065,7089.7,264.39
1586184300000,7089.8,7101.5,7080.1,7100.1,219.01
1586185200000,7100,7112,7088,7100.7,192.13
1586186100000,7100.7,7109.1,7090,7094.4,125.73
1586187000000,7094.4,7137.1,7094.4,7130.2,463.4
1586187900000,7130.2,7148,7120.1,7143.2,388.15
1586188800000,7143.2,7183.8,7075,7113,1420.21
1586189700000,7118.2,7150,7109.8,7135,448.84
1586190600000,7134.9,7144,7115.6,7137.3,174.54
1586191500000,7136.9,7160,7125.3,7144.2,240.66
1586192400000,7145.4,7161.7,7134.5,7144.6,150.29
1586193300000,7144.7,7198.7,7144.7,7181.2,570.75
1586194200000,7179.7,7220,7158.5,7202.4,786.1
1586195100000,7202.9,7210.1,7151.9,7210,655.97
1586196000000,7210,7210.2,7177.5,7187.9,652.03
1586196900000,7187.9,7213.6,7179.9,7184,486.96
1586197800000,7184,7206,7184,7203.9,178.74
1586198700000,7203.9,7252.1,7203.9,7242.3,1011.61
1586199600000,7242,7299,7223.9,7279.2,843.22
1586200500000,7279,7289.2,7246.1,7278.3,491.32
1586201400000,7279.5,7294.1,7271.6,7285,340.94
1586202300000,7285,7308.8,7235.1,7266.2,1177.72
1586203200000,7266.8,7288,7189,7221.2,798.33
1586204100000,7221.2,7248.8,7196.7,7238.1,436.87
1586205000000,7238.1,7255.6,7225.7,7234.6,148.59
1586205900000,7233.9,7239.2,7208.2,7217,144.7
1586206800000,7215.9,7243.8,7204.1,7229,102.69
1586207700000,7229.6,7278,7229.6,7266.6,144
1586208600000,7266.6,7278,7251.1,7267.7,126.21
1586209500000,7267.6,7287.9,7267,7287.3,144.73
1586210400000,7287.1,7288.1,7256.3,7271.8,159.14
1586211300000,7271.8,7271.8,7243,7245.5,173.35
1586212200000,7245.6,7263.2,7230.6,7258.5,272.48
1586213100000,7257.8,7270.1,7252,7265.8,211.96
1586214000000,7265.4,7275.7,7243,7250.6,206.29
1586214900000,7249.8,7285,7247,7281.4,267.46
1586215800000,7281.6,7307.1,7265.9,7271.8,538.87
1586216700000,7273.3,7360,7267.9,7329,1077.76
1586217600000,7329.1,7397.3,7300,7376.3,1069.65
1586218500000,7377.8,7451.6,7357.9,7414.2,1470.61
1586219400000,7414.1,7453,7342.1,7401.1,1212.4
1586220300000,7401.2,7420,7368.2,7370,660
1586221200000,7370.1,7413.7,7370,7407.2,417.95
1586222100000,7406.3,7415,7390,7395.6,266.14
1586223000000,7395.4,7407.5,7385.3,7394.3,232.11
1586223900000,7394.4,7397.6,7340,7350.3,584.85
1586224800000,7350.3,7374.6,7340,7348.2,432.43
1586225700000,7348.8,7348.9,7253,7285,1069.01
1586226600000,7285.2,7317.2,7275.3,7306.3,562.52
1586227500000,7305.6,7318,7294.5,7310.3,256.92
1586228400000,7311.4,7311.5,7276.1,7280.1,484.52
1586229300000,7279.8,7291.5,7260.4,7283.9,335.84
1586230200000,7283.9,7298.8,7269.1,7286.4,246.18
1586231100000,7286.5,7322.9,7286.5,7321.5,332.73
1586232000000,7321.8,7322.6,7287.8,7299.6,294.45
1586232900000,7299.6,7304.8,7260,7276,426.94
1586233800000,7275.8,7288.3,7230,7243.2,676.99
1586234700000,7243.2,7257.8,7235.2,7251.5,413.91
1586235600000,7251.5,7268.1,7245,7268.1,249.68
1586236500000,7268.1,7279.6,7263.6,7265.9,205.04
1586237400000,7265.2,7294.1,7265.2,7282.6,239.59
1586238300000,7280.4,7293.8,7272.3,7275.4,129.06
1586239200000,7276.1,7288,7258.3,7283.3,228.78
1586240100000,7283.7,7297.2,7278.4,7281.9,214.43
1586241000000,7282,7289,7263.9,7272.8,311.33
1586241900000,7272.8,7308,7270.1,7308,337.23
1586242800000,7308.7,7338,7300,7326.1,561
1586243700000,7326.1,7380,7325.1,7342.1,921.68
1586244600000,7340.8,7375.7,7331,7357.8,506.38
1586245500000,7358.2,7384.3,7355.1,7377.4,582.31
1586246400000,7377,7380,7353,7358.1,341.28
1586247300000,7358.5,7358.5,7330.3,7351.8,388.88
1586248200000,7351.7,7351.7,7326.1,7337.4,264.16
1586249100000,7337.9,7362.3,7313.9,7356.1,236.66
1586250000000,7355.3,7363.7,7335.2,7340.1,155.74
1586250900000,7340,7356,7337.9,7347,217.51
1586251800000,7345,7369.1,7343.7,7367.5,210.61
1586252700000,7367.5,7378,7355.6,7375,227.41
1586253600000,7374.5,7393,7366.5,7368.1,327.36
1586254500000,7368.1,7410,7367.2,7391.7,619.61
1586255400000,7391.7,7430.7,7380.2,7415.3,543.95
1586256300000,7415.6,7436,7404.1,7422.3,619.42
1586257200000,7420.5,7420.5,7380.6,7381.5,440.75
1586258100000,7381.5,7392,7361,7387.6,433.53
1586259000000,7387.7,7422.3,7384.7,7415.1,411.94
1586259900000,7415.2,7415.2,7382,7382,216.88
1586260800000,7382.1,7416,7378,7402.9,358.3
1586261700000,7402.8,7455.6,7383,7395.2,998.12
1586262600000,7395.2,7398.9,7300,7363.2,1663.83
1586263500000,7364,7364.1,7330.2,7336.1,409.58
1586264400000,7336.4,7363.5,7335.2,7363.5,229.66
1586265300000,7363.4,7373,7355.7,7372.6,250.97
1586266200000,7372.7,7394.7,7350,7363.5,536.52
1586267100000,7363.5,7369.1,7349,7350.2,227.22
1586268000000,7350.3,7351.4,7284.1,7287.3,893.13
1586268900000,7287.2,7315,7274.3,7306,660.98
1586269800000,7305.3,7322.7,7299.5,7309.4,335.49
1586270700000,7309.5,7317,7263.1,7284.7,527.02
1586271600000,7285.5,7306.6,7283.9,7295.5,318.23
1586272500000,7293.7,7327.8,7290,7323.2,576.33
1586273400000,7323.2,7337,7311.5,7327.3,228.18
1586274300000,7327.2,7350,7315,7315.1,384.5
1586275200000,7315,7370,7313.9,7364.4,504.15
1586276100000,7365.4,7386.7,7341,7352,499.68
1586277000000,7352,7377,7347.2,7372.6,359.98
1586277900000,7372.6,7385.1,7359.8,7366.3,250.88
1586278800000,7366.9,7372.9,7339.9,7343.8,243.33
1586279700000,7344.7,7353.7,7319.2,7333.9,193.67
1586280600000,7333.6,7348,7320,7338.2,305.97
1586281500000,7338.3,7351,7332.2,7349.2,91.3
1586282400000,7347.6,7351,7300,7311.2,260.07
1586283300000,7310.4,7322.6,7300,7306.1,178.61
1586284200000,7306.3,7324.1,7300,7304.2,119.07
1586285100000,7304.9,7314.8,7283.3,7303.1,206.34
1586286000000,7304.4,7359,7302.1,7347.7,348.5
1586286900000,7349,7353.6,7315.4,7323.2,182.73
1586287800000,7322.9,7334.9,7305,7320.7,176.92
1586288700000,7322.2,7333,7280,7286.8,292.43
1586289600000,7285.9,7287.1,7135,7138,2234.51
1586290500000,7138.4,7164.5,7082.5,7162.5,1179.22
1586291400000,7163.6,7164,7109.1,7133.3,485.77
1586292300000,7133.2,7138.6,7110.6,7120.2,392.37
1586293200000,7120.6,7146.1,7088,7144,563.96
1586294100000,7143.9,7162.6,7130.2,7143.6,201.15
1586295000000,7143.7,7217.8,7143.7,7207.5,495.03
1586295900000,7207.7,7210.8,7170,7171,217.49
1586296800000,7170.9,7186.7,7160,7168.3,265.79
1586297700000,7168.4,7169.6,7134.3,7140.6,238.13
1586298600000,7140.7,7199.9,7137.6,7191.5,249.86
1586299500000,7191.5,7195.7,7165.8,7170.9,163.51
1586300400000,7171.5,7192.7,7163.7,7169.6,114.58
1586301300000,7169.6,7188.8,7169.6,7179,160.76
1586302200000,7178.5,7184.1,7163.9,7182.1,116.29
1586303100000,7182.5,7214,7180.7,7196.7,341.78
1586304000000,7196.6,7208.8,7175,7188,223.4
1586304900000,7188,7212,7186.2,7189.7,290.89
1586305800000,7189.1,7202.6,7182.3,7183.7,238.11
1586306700000,7182.9,7188.7,7150,7159.9,512.06
1586307600000,7159.9,7184.9,7159.9,7180.4,174.91
1586308500000,7180.1,7189,7174.8,7180.4,171.34
1586309400000,7180.3,7183.2,7167.1,7183.2,203.51
1586310300000,7184.9,7184.9,7162.9,7162.9,146.65
1586311200000,7163,7180.9,7160.6,7179.1,166.53
1586312100000,7181,7198,7175,7194.8,242.53
1586313000000,7194.9,7265,7194.9,7255,1220.28
1586313900000,7255.2,7280,7238.3,7262.1,879.96
1586314800000,7262.2,7330,7259.4,7317.1,1481.7
1586315700000,7317.1,7368.9,7295.8,7347.2,742.82
1586316600000,7347.2,7386.7,7325,7371.5,865.2
1586317500000,7372.5,7387.9,7345.2,7352.5,532.65
1586318400000,7352.5,7373.9,7328.6,7345,411.93
1586319300000,7345.7,7358,7335.1,7348.5,205.63
1586320200000,7350,7372,7345.4,7368,302.42
1586321100000,7368,7368,7344.4,7356.9,215.31
1586322000000,7355.2,7361.7,7331.1,7351,360.05
1586322900000,7351.1,7357.5,7341.4,7349,214.68
1586323800000,7350.2,7385,7349.3,7380.7,433.82
1586324700000,7382.4,7420,7373.9,7411.9,756.65
1586325600000,7412.6,7430,7335,7350.8,1106.1
1586326500000,7349.4,7356.3,7322,7341.4,554.47
1586327400000,7341.3,7353,7335.4,7344.2,236.37
1586328300000,7343.5,7344.2,7281,7317.9,805.06
1586329200000,7317.9,7340.9,7317.8,7337.5,370.13
1586330100000,7336.1,7338.2,7301,7327.9,418.18
1586331000000,7327.9,7335.1,7310,7330,267.63
1586331900000,7329.9,7350.1,7317.2,7323.3,350.37
1586332800000,7323.4,7333.1,7300,7305.4,408.5
1586333700000,7305.4,7322.7,7305.4,7316.6,142.51
1586334600000,7318.5,7339.6,7260.9,7272.2,621.74
1586335500000,7272.6,7298.6,7271,7292,522.13
1586336400000,7291.9,7293.1,7272.3,7272.4,284.32
1586337300000,7272.4,7325.1,7271,7323.7,532.97
1586338200000,7323.7,7328.7,7288,7295,663.12
1586339100000,7295.1,7355,7287.9,7309.5,526.78
1586340000000,7308.3,7347.5,7308.3,7329.5,605.04
1586340900000,7329.6,7336,7310,7315.4,189.59
1586341800000,7315.3,7321.9,7237,7251,818.87
1586342700000,7249.8,7297.8,7225,7251.3,1301.99
1586343600000,7251.3,7280,7241,7268.8,385.7
1586344500000,7268.6,7276.7,7255.8,7267.3,262.19
1586345400000,7267.4,7269.5,7251.2,7258.9,117.93
1586346300000,7260,7299.9,7260,7292.5,260.39
1586347200000,7292.6,7340,7290.2,7313.8,639.9
1586348100000,7313.7,7320.6,7230.2,7258,924.17
1586349000000,7258.4,7276,7251,7270.7,303.83
1586349900000,7271.1,7285,7260,7279.4,177.5
1586350800000,7279.4,7305,7265,7269.8,474.8
1586351700000,7268.2,7280.2,7262,7270,205.4
1586352600000,7270.5,7292.2,7265,7267.3,277.78
1586353500000,7268.5,7272.4,7202,7225.8,1001.96
1586354400000,7226.3,7256.6,7225.3,7251.6,495.31
1586355300000,7251.7,7266.1,7246,7261.1,281.46
1586356200000,7259.4,7269.9,7250,7250.8,170.06
1586357100000,7251.5,7271.9,7245.3,7270.7,229.92
1586358000000,7270.8,7285,7262.6,7278.8,346.13
1586358900000,7278.8,7293.2,7268,7285.8,306.12
1586359800000,7285.8,7300,7257.2,7270.8,326.05
1586360700000,7269.7,7280,7267.1,7274.9,145.27
1586361600000,7274.9,7299,7249,7271.1,581.09
1586362500000,7271.1,7289,7271.1,7289,215.5
1586363400000,7289,7320,7288.9,7313.1,885.29
1586364300000,7312.8,7330,7298.3,7318.4,410.89
1586365200000,7318.4,7345.5,7318.4,7344.9,416.32
1586366100000,7344.9,7348.3,7297.9,7298,409.64
1586367000000,7298,7319.7,7297.9,7314.8,360.91
1586367900000,7314.2,7370,7290.8,7306.5,374.46
1586368800000,7307.3,7319.8,7290.9,7314.4,90.21
1586369700000,7314.3,7332,7307.3,7322.8,99.76
1586370600000,7322.7,7325.6,7310,7313,144.24
1586371500000,7315.1,7323.4,7309.6,7312.1,76.7
1586372400000,7312.1,7331.4,7312.1,7315.2,116.76
1586373300000,7315.2,7315.2,7260,7277.4,481.04
1586374200000,7277.7,7292.6,7276.5,7285,117.11
1586375100000,7285,7313.7,7275.6,7306,143.14
1586376000000,7305.7,7342.7,7304.1,7314.7,204.69
1586376900000,7314.9,7362.8,7314.9,7348.6,215.26
1586377800000,7351.9,7356.8,7325.7,7337.3,123.83
1586378700000,7340.2,7341.4,7308.1,7315.6,102.27
1586379600000,7318.1,7345.5,7318.1,7343.4,64.86
1586380500000,7344.5,7350.1,7334.4,7348.5,101.86
1586381400000,7348.4,7359.5,7290,7307.6,250.18
1586382300000,7310,7329.2,7307.6,7323,86.65
1586383200000,7323.1,7350.3,7311.9,7347,73.88
1586384100000,7348.7,7349.7,7333,7336,86.4
1586385000000,7334.6,7347,7323.9,7347,55.67
1586385900000,7345.8,7375,7336.2,7360.5,243.7
1586386800000,7358.8,7367.6,7343.2,7363.7,133.67
1586387700000,7364,7388.7,7350.3,7385.2,231.37
1586388600000,7385.2,7388.2,7362,7367.9,179.48
1586389500000,7368.5,7374.4,7340.1,7358.5,197.88
1586390400000,7358.4,7358.4,7325,7338.5,289.61
1586391300000,7340,7358.3,7336.4,7356.9,144.81
1586392200000,7358,7371,7345.8,7356.7,301.29
1586393100000,7356.6,7357.9,7341.7,7348.1,120.64
1586394000000,7348.2,7350,7330,7344.1,190.79
1586394900000,7343.6,7349.8,7331.9,7349.4,117.34
1586395800000,7349.6,7350,7302,7302,367.84
1586396700000,7302,7316.6,7290,7314.3,560.88
1586397600000,7314.2,7320,7300,7320,224.44
1586398500000,7319.9,7327,7310,7318.2,196.04
1586399400000,7318.4,7318.4,7299,7314.2,172.41
1586400300000,7313.7,7324.4,7310.9,7320.2,125.11
1586401200000,7320.1,7320.1,7307.3,7311.1,45.2
1586402100000,7312.1,7312.1,7294.3,7297,266.49
1586403000000,7297,7297.1,7263,7289.4,573.69
1586403900000,7289.4,7290,7278.9,7287.7,234.04
1586404800000,7287.8,7287.8,7239.4,7248,881.95
1586405700000,7247.1,7273.5,7245.4,7272.1,253.75
1586406600000,7272,7288.7,7265.2,7274.7,252.36
1586407500000,7273.1,7296.3,7273,7287.1,435.51
1586408400000,7287.1,7304.2,7276,7299.1,352.7
1586409300000,7298.9,7300,7282,7282.1,192.35
1586410200000,7282.1,7285.4,7273.2,7279.6,200.49
1586411100000,7279.6,7308.8,7279.5,7306.6,300.01
1586412000000,7306.5,7324,7303.8,7304.9,261.72
1586412900000,7303.8,7315.8,7295.7,7297.9,318.64
1586413800000,7297.9,7306.3,7292.7,7302.6,141.5
1586414700000,7303.5,7317,7302.1,7317,217.29
1586415600000,7317,7319.8,7288,7288,169.1
1586416500000,7288,7313,7288,7312.4,124.43
1586417400000,7312.9,7326.2,7302.3,7316.3,409.9
1586418300000,7315.2,7340,7309.5,7331,529.32
1586419200000,7331,7348.9,7330.7,7338.9,413.4
1586420100000,7338.8,7350.1,7325,7330.6,541.65
1586421000000,7332,7332,7313,7326.9,328.98
1586421900000,7325.9,7339,7324.9,7330.4,164.64
1586422800000,7330.4,7330.4,7309.5,7314,415.84
1586423700000,7313.9,7325,7310.1,7315.1,237.09
1586424600000,7315.7,7329.8,7308.4,7311.8,130.91
1586425500000,7310.8,7312.6,7293.2,7293.3,412.38
1586426400000,7293.2,7311.5,7279.1,7311.5,489.27
1586427300000,7311.5,7315.9,7300,7307.8,148.41
1586428200000,7307.9,7312.7,7294,7306.1,139.63
1586429100000,7306.8,7315.8,7305.8,7312.4,89.12
1586430000000,7311.4,7329.6,7311.1,7323.9,229.58
1586430900000,7323.8,7327.9,7298,7301.5,188.17
1586431800000,7301,7301,7262,7281.1,675.91
1586432700000,7281,7292,7150,7188,2141.21
1586433600000,7184.2,7198,7111.9,7195.1,1798.75
1586434500000,7196.6,7257.7,7195,7243.4,1158.04
1586435400000,7243.4,7269,7219.8,7235.9,837.02
1586436300000,7234.1,7308.8,7226.3,7301,1410.48
1586437200000,7301.6,7310,7278.1,7299.3,919.02
1586438100000,7299.2,7350,7293.2,7300.4,578.54
1586439000000,7300.1,7327.5,7288.7,7327.5,393.57
1586439900000,7327,7337.2,7315,7329.1,436.02
1586440800000,7328.6,7350,7289.2,7309.8,653.02
1586441700000,7309.8,7319.8,7286.1,7312.8,380.01
1586442600000,7313.6,7339.9,7303.6,7332.4,452.59
1586443500000,7332.2,7332.2,7300.9,7320,240.63
1586444400000,7320.6,7322.1,7295.6,7308.2,307.7
1586445300000,7308.8,7308.8,7270.3,7300.9,541.5
1586446200000,7300.7,7300.7,7281.1,7286,160.21
1586447100000,7285.9,7288,7245,7280.2,745.28
1586448000000,7280.3,7298.1,7267.3,7269.7,471.55
1586448900000,7269.7,7291.9,7269.7,7280.6,206.78
1586449800000,7280.7,7288.6,7264.6,7275.1,142
1586450700000,7275,7286.5,7268,7279.4,204.92
1586451600000,7279.4,7308.1,7272.3,7293.6,189.98
1586452500000,7293,7308.9,7290.1,7304.2,163.48
1586453400000,7304.3,7306,7291.6,7297.8,110.25
1586454300000,7297.4,7297.4,7278.8,7291.2,109.03
1586455200000,7292.1,7292.1,7260,7270.3,219.05
1586456100000,7270,7286.4,7268,7277,148.94
1586457000000,7271.5,7285,7244.5,7259.9,149.28
1586457900000,7259.9,7273.5,7231.1,7255.2,443.79
1586458800000,7255.5,7275.4,7243.4,7267.2,173.29
1586459700000,7267.3,7273.7,7245.8,7253.1,88.07
1586460600000,7254.7,7264.7,7242,7264.7,132.48
1586461500000,7264.8,7272.7,7258,7263.6,118.96
1586462400000,7260.8,7260.8,7242.2,7248.4,55.49
1586463300000,7248.4,7264.3,7248,7260,29.7
1586464200000,7260,7277,7253.8,7276.8,49.55
1586465100000,7277,7305,7271.3,7292.9,135.86
1586466000000,7294.2,7314,7266.8,7290.4,139.46
1586466900000,7288.6,7294.3,7281.1,7287.5,24.84
1586467800000,7287.3,7297.1,7280.2,7287.1,213.32
1586468700000,7288.2,7310,7288.2,7309.9,64.96
1586469600000,7309.9,7315.7,7290.1,7307.1,161.66
1586470500000,7305.7,7309.9,7293.3,7295.5,85.42
1586471400000,7296,7309.2,7281,7301.8,113.11
1586472300000,7301.9,7310,7296.1,7310,45.58
1586473200000,7310,7314.5,7285.5,7288.1,100.29
1586474100000,7288,7297.3,7275,7292.5,102.54
1586475000000,7292.5,7297.8,7283.4,7289.5,57.59
1586475900000,7289.5,7297.8,7278.8,7282.8,53.81
1586476800000,7284.4,7293,7248.9,7252.5,230.92
1586477700000,7252.5,7275.7,7252.5,7272.7,145.29
1586478600000,7272.4,7289.2,7272.3,7281.3,181.17
1586479500000,7281.7,7291.7,7278.5,7288.3,118.6
1586480400000,7289.9,7289.9,7265,7265,140.86
1586481300000,7265,7273.6,7255.3,7258.8,226.35
1586482200000,7258.9,7273.5,7252.9,7267.2,257.33
1586483100000,7267.2,7271.2,7260.2,7260.2,78.13
1586484000000,7260.2,7269.1,7253.9,7257.8,294.85
1586484900000,7257.8,7269.9,7245.5,7247.9,230.55
1586485800000,7247.9,7256,7210.1,7244.9,632.57
1586486700000,7244.1,7251.3,7232.6,7251.3,234.44
1586487600000,7251.2,7251.3,7240.1,7248.4,136.88
1586488500000,7248.4,7248.4,7223.6,7230.8,188.08
1586489400000,7230,7230,7185.4,7210.4,655.52
1586490300000,7210.3,7211.5,7160,7177.2,839.09
1586491200000,7177.1,7177.1,7091,7144.2,2486.12
1586492100000,7144.2,7144.2,7113,7121,975.81
1586493000000,7121,7166,7121,7161.1,509.8
1586493900000,7161.1,7165.1,7138.1,7143.6,317.01
1586494800000,7143.6,7143.6,6908,6983.9,4043.91
1586495700000,6983.4,7002,6938,6954.8,1180.99
1586496600000,6954.8,6979.7,6938,6977.8,706.99
1586497500000,6977.8,6977.8,6950,6960,355.35
1586498400000,6958.5,6990.8,6936,6986.7,680.23
1586499300000,6987,6999,6980.1,6993.4,517.2
1586500200000,6992.5,6999.9,6952.6,6961.1,612.45
1586501100000,6961.1,6979,6951,6962.5,219.23
1586502000000,6962.2,6963,6865.4,6926.6,1598.53
1586502900000,6926.5,6935,6885.8,6897.4,647.67
1586503800000,6897.1,6929.8,6896.2,6928.9,403.56
1586504700000,6929.7,6938,6917.3,6923.2,403.53
1586505600000,6923.2,6960,6878.5,6940,1129.76
1586506500000,6940.3,6952.9,6925,6926.8,361.96
1586507400000,6926.9,6945,6916.3,6936.6,206.01
1586508300000,6937.2,6943.2,6911.8,6921.2,325.46
1586509200000,6920.7,6934.6,6902,6919,305.06
1586510100000,6919,6932.9,6895.9,6899.2,361.23
1586511000000,6898.2,6911,6876,6887.1,594.93
1586511900000,6887.1,6925.1,6851,6922.6,871.14
1586512800000,6922.1,6922.1,6895,6917.8,293.43
1586513700000,6917.9,6930,6917.8,6924.9,266.76
1586514600000,6925,6930,6913.2,6927,231.93
1586515500000,6927,6947.4,6921.7,6935.5,374.6
1586516400000,6934.6,6935.1,6911.7,6915,438.54
1586517300000,6915,6920.1,6902,6915,344.8
1586518200000,6915,6920,6891.9,6896.6,401.32
1586519100000,6895.3,6916.9,6893.7,6896.4,398
1586520000000,6896.3,6918,6882.5,6914.7,462.49
1586520900000,6914.7,6925.7,6909.6,6915.5,345.1
1586521800000,6915.4,6919.8,6898.1,6918,313.71
1586522700000,6918.1,6921.6,6910,6921.6,230.14
1586523600000,6921.5,6921.5,6889,6900,479.47
1586524500000,6900.2,6900.6,6869.1,6889.4,641.18
1586525400000,6889,6899.7,6791,6889.8,2304.23
1586526300000,6889.8,6909,6878,6891.8,755.31
1586527200000,6891.9,6906,6886.3,6894.3,504.51
1586528100000,6893.6,6894,6860,6868.3,511.04
1586529000000,6867.4,6882.7,6843.3,6843.4,485.04
1586529900000,6843.4,6869.6,6831.9,6847.2,668.07
1586530800000,6847.1,6863.3,6814.3,6831.8,664.15
1586531700000,6832.8,6832.8,6780,6788.5,1263.89
1586532600000,6788.5,6800.2,6739,6783.7,1549.21
1586533500000,6781.9,6823.9,6764.8,6765.2,1054.09
1586534400000,6765.2,6809.8,6741.4,6797.4,926.35
1586535300000,6797.7,6844,6792.9,6827.2,724.72
1586536200000,6827.5,6828,6808.6,6814.4,562.83
1586537100000,6813.9,6862.2,6812.4,6855.7,661.4
1586538000000,6855.6,6858.4,6837.3,6853.7,524.61
1586538900000,6853,6881,6850,6872.8,616.51
1586539800000,6874,6894,6852,6867.9,578.71
1586540700000,6867.9,6879.9,6857,6862.9,377.39
1586541600000,6863,6863.6,6845.9,6857.8,388.19
1586542500000,6857.8,6883.9,6850.7,6883,334.45
1586543400000,6882.1,6914.4,6879.7,6905.7,710.32
1586544300000,6905.8,6916,6896.9,6909.4,296.5
1586545200000,6909.6,6945,6909.6,6924.7,727.12
1586546100000,6925.3,6933.2,6912.2,6925.8,255.78
1586547000000,6926,6929.5,6889,6892.2,408.76
1586547900000,6892.9,6902.1,6860,6900.9,417.29
1586548800000,6900.7,6920.1,6881.2,6887.7,346.7
1586549700000,6887.3,6894,6878.4,6887.4,553.3
1586550600000,6887.3,6909,6885.4,6902.3,315.74
1586551500000,6902,6907.3,6897.2,6907.3,346.55
1586552400000,6908,6925.8,6908,6922,338.18
1586553300000,6922,6926.3,6901.6,6902.1,255.78
1586554200000,6902.1,6908.5,6888.6,6902.2,387.94
1586555100000,6900.4,6900.4,6880.1,6894,169.23
1586556000000,6894.1,6914.4,6894.1,6897.9,313.71
1586556900000,6897.4,6910.9,6891.9,6895.1,360.98
1586557800000,6895,6896.7,6856.6,6857.9,414.2
1586558700000,6857.9,6860.2,6827.9,6855.1,359.69
1586559600000,6855.5,6874.1,6846.3,6852,263.23
1586560500000,6852.2,6852.2,6820,6835,325.16
1586561400000,6836.2,6856.3,6830.8,6843.3,355.45
1586562300000,6843.3,6862.3,6840,6856.9,452.46
1586563200000,6856.8,6882.5,6856.7,6871.8,489.07
1586564100000,6871.8,6874.7,6837.1,6846.7,325.24
1586565000000,6848.1,6884.8,6844.7,6882.6,356.92
1586565900000,6882.6,6906.4,6876.8,6901.4,467.38
1586566800000,6901.3,6906.1,6886.1,6895.2,329.04
1586567700000,6896,6904,6884,6884,319.91
1586568600000,6884.1,6896.8,6880,6888.1,364.34
1586569500000,6887.3,6918.3,6883,6905.7,446.58
1586570400000,6904.7,6914.9,6898.9,6898.9,370.53
1586571300000,6898.2,6899.1,6883.3,6885.8,399.3
1586572200000,6885.3,6900.3,6885.3,6890.4,328.13
1586573100000,6890.4,6909.2,6890.3,6909.2,248.16
1586574000000,6909.3,6914.5,6902.4,6902.4,403.13
1586574900000,6902.5,6906.5,6891,6900,434.86
1586575800000,6900.1,6909.1,6895.8,6897.3,465.06
1586576700000,6897.3,6912.6,6897.3,6909.9,360.11
1586577600000,6909.9,6935,6909.9,6932,837.61
1586578500000,6932,6944,6913.3,6927.8,590.94
1586579400000,6927.3,6939.8,6917.2,6920.1,522.03
1586580300000,6920.1,6921.9,6902,6910.7,660.08
1586581200000,6910.7,6912.2,6901,6912.2,542.34
1586582100000,6912.1,6915.7,6908.3,6912.6,172.04
1586583000000,6912.6,6924.5,6912.6,6917,433.59
1586583900000,6917.1,6929.8,6915.5,6925.4,404.07
1586584800000,6925.4,6929.1,6920,6929,273.8
1586585700000,6929.1,6934.1,6919.5,6923.1,394.53
1586586600000,6923.2,6923.2,6910.5,6912.1,356.85
1586587500000,6912.2,6928,6912.1,6920.7,189.41
1586588400000,6920.7,6922.6,6868,6884,908.03
1586589300000,6884,6891.4,6870,6873.2,442.08
1586590200000,6873.4,6891.5,6862.9,6881.5,353.36
1586591100000,6881.5,6888,6876.2,6877.3,345.29
1586592000000,6877.3,6886.8,6863.2,6885.6,345.2
1586592900000,6885.7,6891.8,6878.5,6889.9,292.26
1586593800000,6890,6897.5,6880.5,6882,288.52
1586594700000,6884.4,6885,6875,6877.5,416.47
1586595600000,6878.8,6885,6870,6872.3,333.54
1586596500000,6872.3,6879.2,6849,6849,605.97
1586597400000,6850,6864.6,6830,6833,995.75
1586598300000,6834.5,6860.9,6834.5,6858.6,591.01
1586599200000,6857.8,6868.3,6849.6,6857.6,405.15
1586600100000,6857.5,6864.5,6843.3,6845.7,331.14
1586601000000,6845.8,6854.7,6843.1,6845.5,450.06
1586601900000,6845.5,6845.5,6830.8,6835.6,570.09
1586602800000,6835.6,6885.9,6833.4,6884.3,824.55
1586603700000,6884.2,6892,6870.2,6875.3,460.23
1586604600000,6874.6,6881.8,6863.1,6869.2,361.22
1586605500000,6870,6884.2,6865.9,6878.6,418.26
1586606400000,6879.2,6885.9,6870.7,6871.2,331.29
1586607300000,6871.2,6872.2,6861.1,6865.3,296.32
1586608200000,6865.1,6873.5,6861,6861.2,283.06
1586609100000,6861.3,6873.5,6854.9,6873.4,232.54
1586610000000,6873.4,6879,6865,6865,205.05
1586610900000,6865,6869.9,6861,6866,178.28
1586611800000,6866.1,6870.5,6840,6854.6,463.03
1586612700000,6854.5,6855,6848.1,6849.8,284.37
1586613600000,6849.8,6849.8,6803.8,6806.8,789
1586614500000,6806.9,6836,6800,6827.1,483.94
1586615400000,6827.1,6841.8,6816.8,6834.1,383.82
1586616300000,6834,6838.3,6812,6816,462.79
1586617200000,6816.1,6831,6815.8,6822.4,243.5
1586618100000,6822.5,6840,6822.5,6838,482.97
1586619000000,6838.1,6857.7,6831.9,6854,366.66
1586619900000,6854,6855.6,6830.1,6830.2,269
1586620800000,6830.2,6855,6824.4,6845.7,380.39
1586621700000,6845.6,6856.1,6827.3,6832.2,286.54
1586622600000,6832.2,6838.2,6824.2,6829.3,300.74
1586623500000,6829.2,6829.2,6790,6812.3,672.64
1586624400000,6812.2,6812.2,6781,6792,699.44
1586625300000,6791,6818,6790.5,6813.7,415.8
1586626200000,6814.4,6814.5,6801.9,6812.7,355.36
1586627100000,6812.9,6825,6775.1,6784.1,489.55
1586628000000,6783.9,6801.8,6778.1,6799.1,382.51
1586628900000,6799.1,6807.8,6787.8,6801.4,261.62
1586629800000,6801.4,6804.4,6790.7,6794.6,196.06
1586630700000,6794.9,6828,6792.2,6810.1,367.53
1586631600000,6810.7,6828.5,6799.4,6811.7,385.94
1586632500000,6813.1,6819.4,6800,6809.6,564.22
1586633400000,6809.9,6811.1,6791,6797.1,300.66
1586634300000,6797,6803.2,6788,6802.1,235.16
1586635200000,6803,6803,6761,6775.5,590.85
1586636100000,6775.5,6785.8,6760,6781.3,421.9
1586637000000,6781.3,6791.5,6774.5,6775.7,219.4
1586637900000,6774.7,6787.3,6774.6,6787,458.89
1586638800000,6786.9,6787,6777.7,6783.3,531.72
1586639700000,6783.3,6784.4,6771.7,6775,499.65
1586640600000,6775,6843.7,6771.7,6840.8,483.15
1586641500000,6840.8,6870.3,6826.9,6858.6,455.37
1586642400000,6859.5,6875,6841.3,6859.1,402.82
1586643300000,6860.5,6864.7,6848.2,6864.7,378.46
1586644200000,6864.7,6874.4,6860.8,6863.4,292.88
1586645100000,6863.3,6865,6853.3,6859.9,317.65
1586646000000,6860.5,6866.8,6846,6866.7,657.07
1586646900000,6866.8,6875.1,6863,6871.3,345.53
1586647800000,6870.7,6885,6868.5,6868.5,418.69
1586648700000,6867.7,6882.4,6865,6877.3,236.84
1586649600000,6877.3,6900,6875,6876.5,493.9
1586650500000,6876.5,6887,6867,6875.7,300.74
1586651400000,6874.2,6879,6861.6,6872.2,303.73
1586652300000,6872.1,6872.1,6862.1,6866.8,258.96
1586653200000,6866.5,6870.2,6851,6859.9,359.47
1586654100000,6859.9,6875.7,6850,6870.3,391.7
1586655000000,6870.2,6870.9,6856.8,6856.8,311.65
1586655900000,6856.9,6865.6,6837.3,6844.7,234.64
1586656800000,6845.4,6850,6794.1,6808.6,901.18
1586657700000,6808,6829.6,6804,6823.5,496.91
1586658600000,6824.1,6824.2,6805.1,6808.1,361.7
1586659500000,6808,6823.9,6805.2,6821.7,398.37
1586660400000,6821.7,6823.4,6805.1,6815.1,337.84
1586661300000,6815.2,6827.9,6813.3,6819.1,308.23
1586662200000,6819.1,6825,6808.1,6811,288.73
1586663100000,6809.5,6814.1,6807.5,6808,170.34
1586664000000,6808.1,6814.3,6772,6795.4,656.46
1586664900000,6795.5,6806.4,6793.2,6802.7,300.72
1586665800000,6802.8,6820.6,6802.7,6816,339.93
1586666700000,6816,6821.6,6811.1,6815.7,465.77
1586667600000,6815.7,6819.9,6809.5,6814.2,355.18
1586668500000,6814.1,6818,6810.9,6814.7,140.24
1586669400000,6814.8,6835,6811.5,6827.9,330.11
1586670300000,6827.4,6840,6826.7,6829.3,346.35
1586671200000,6829.2,6833,6817.7,6826.2,352.54
1586672100000,6826.2,6831.7,6824.1,6830,266.3
1586673000000,6830,6837.6,6817.4,6820,327.58
1586673900000,6820,6824.7,6813.1,6824.7,239.06
1586674800000,6824.6,6828.1,6806,6807.9,419.71
1586675700000,6807.9,6819.8,6807.9,6816.1,177.58
1586676600000,6816.1,6828,6814.3,6825.1,426.47
1586677500000,6825.1,6829.4,6822.1,6828,385.41
1586678400000,6827.9,6837.8,6825,6825.8,335.06
1586679300000,6827.3,6835.8,6824.5,6832.5,472.35
1586680200000,6832.4,6834.5,6825.8,6829.4,242.03
1586681100000,6829.4,6829.4,6824.8,6827.6,94.82
1586682000000,6828.8,6847.6,6828.8,6845.9,568.9
1586682900000,6845.5,6855,6842.9,6844.8,512.06
1586683800000,6844.7,6850,6837.3,6841.9,406.36
1586684700000,6841.9,6848.2,6838.7,6839.4,210.37
1586685600000,6839.4,6845.6,6830.4,6834.9,364.65
1586686500000,6835,6835.4,6828.3,6833.8,451.31
1586687400000,6833.9,6835.7,6825.1,6828.9,152.32
1586688300000,6828.9,6835.2,6828.7,6831.8,238.16
1586689200000,6832.2,6846.3,6832.2,6841.2,351.44
1586690100000,6842,6844.4,6835.1,6835.1,204.08
1586691000000,6835.2,6873.1,6835.2,6855.3,608.98
1586691900000,6855.3,6862.9,6840.1,6847.3,381.37
1586692800000,6846.8,6882.1,6846.7,6862.8,526.09
1586693700000,6862.8,6912.2,6856.6,6904.8,1054.07
1586694600000,6904.7,6925.2,6895,6900.1,798.19
1586695500000,6900,6910,6895,6909.8,279.36
1586696400000,6909.8,6925,6905.1,6910.2,408.18
1586697300000,6910.8,6916.1,6895.7,6900,329.01
1586698200000,6900,6900,6880,6892.1,394.92
1586699100000,6892,6918.8,6892,6918.5,479.32
1586700000000,6918.4,6941,6908.4,6940.9,561.92
1586700900000,6941,6948,6932.9,6939.9,661.8
1586701800000,6940,6990,6940,6971.2,1504.85
1586702700000,6971.2,6995,6959.7,6965,841.96
1586703600000,6964.3,6993,6964.2,6992.2,451.63
1586704500000,6992.1,6993.9,6968.6,6972.5,500.77
1586705400000,6972.5,6990,6961,6975.9,339.02
1586706300000,6976,7025.5,6968,7016,1123.16
1586707200000,7017.1,7046.1,7010.4,7039.8,933.41
1586708100000,7039.9,7099,7030.2,7066.2,1624.48
1586709000000,7067,7112.8,7061,7085,1253.23
1586709900000,7085,7140,7080.1,7140,1450.94
1586710800000,7140,7180,7126,7161,1523.81
1586711700000,7161,7166.6,7075,7091.1,1363.71
1586712600000,7091.1,7106.6,7050.7,7064.8,623.17
1586713500000,7064.9,7110,7064.8,7095.2,638.4
1586714400000,7093.9,7108.9,7081,7093.3,508.61
1586715300000,7094.5,7105,7084.2,7090,447.52
1586716200000,7090,7097.8,7066.6,7083,619.43
1586717100000,7083.7,7102,7081.1,7094.6,516.77
1586718000000,7093.5,7145.2,7093.3,7133.6,771.87
1586718900000,7133.5,7139.7,7111,7118.8,565.92
1586719800000,7118.8,7130.4,7105.4,7129.3,339.1
1586720700000,7129.3,7131.3,7108,7109.8,317.08
1586721600000,7109.8,7143.1,7109.8,7119.8,255.36
1586722500000,7119.5,7149.7,7116.6,7148.4,375.88
1586723400000,7147.1,7150,7130.1,7130.6,277.98
1586724300000,7131.8,7136.4,7071.6,7100.4,549.76
1586725200000,7100.9,7115.7,7070,7087.2,313.43
1586726100000,7087.1,7110,7078,7106.4,158.31
1586727000000,7106.4,7115.3,7100,7105.8,413.21
1586727900000,7105.5,7113.2,7104.8,7109.9,497.48
1586728800000,7110,7139,7052,7060,518.95
1586729700000,7060,7069,6960,6986.2,2439.49
1586730600000,6986.2,7015,6970,6995.9,667.2
1586731500000,6995.9,7034,6991.4,7028.9,560.77
1586732400000,7030.9,7036.6,7005.7,7018.5,449.38
1586733300000,7018.4,7021.4,6971,6982.2,584.88
1586734200000,6980.8,6998.4,6975,6986.1,373.98
1586735100000,6986.1,6989,6881.1,6902.7,1682.92
1586736000000,6902.7,6902.7,6806,6830,2025.21
1586736900000,6829.9,6858.8,6685,6690,1881.01
1586737800000,6691.6,6721,6577,6676.1,3624.58
1586738700000,6676.1,6745,6658.5,6718.8,1337.61
1586739600000,6718.6,6728,6682,6698.6,794.51
1586740500000,6697.3,6734.2,6689.4,6697,679.97
1586741400000,6698.3,6700,6680,6684,503.81
1586742300000,6684,6694,6652,6691.5,602.12
1586743200000,6691.6,6710,6660,6707.2,473.9
1586744100000,6705.8,6728.1,6693.3,6695.8,574.08
1586745000000,6695.7,6700,6673,6700,592.19
1586745900000,6700,6720,6692.7,6716.1,459.66
1586746800000,6717,6717,6686.8,6700.1,357.07
1586747700000,6700.1,6713.8,6690,6695.4,377.65
1586748600000,6693.8,6698.9,6682.1,6684.9,381.39
1586749500000,6684.9,6693.4,6668,6677.5,409.31
1586750400000,6677.4,6700,6642.9,6689.8,700.59
1586751300000,6689.8,6701,6676.5,6690.3,443.28
1586752200000,6689.5,6700,6681.4,6699.8,453.65
1586753100000,6698.6,6707,6685.9,6685.9,425.92
1586754000000,6685.9,6705.7,6680.5,6705.4,399.85
1586754900000,6705.5,6713.1,6698,6713,409.74
1586755800000,6713,6713.1,6689.3,6700.1,443.79
1586756700000,6700,6700.6,6688.6,6692.2,262.68
1586757600000,6692.2,6719.2,6685.2,6712.2,581.45
1586758500000,6712.2,6724,6706.9,6717.5,535.86
1586759400000,6717.5,6734,6717.5,6718.4,460
1586760300000,6718.3,6739.9,6715,6735.6,407.48
1586761200000,6735.6,6735.7,6709.1,6719.5,425.1
1586762100000,6719.5,6721.6,6692,6699.5,262.29
1586763000000,6699.4,6703.3,6681,6695.3,546.9
1586763900000,6695.3,6701.2,6678,6698.9,433.82
1586764800000,6698.7,6719.3,6683.6,6704.3,552.78
1586765700000,6704.3,6716,6704.3,6711.4,254.05
1586766600000,6711.4,6715.9,6691.1,6693.2,462.59
1586767500000,6692.3,6707.4,6690.9,6702,402.56
1586768400000,6704.8,6704.8,6690,6690.8,492.76
1586769300000,6690,6691.2,6671.3,6691.1,741.35
1586770200000,6691.1,6691.2,6660,6674,504.92
1586771100000,6673.6,6688,6666.1,6686.7,335.91
1586772000000,6686.5,6704,6686.5,6693.9,469.09
1586772900000,6694,6705,6693.2,6703.5,211.33
1586773800000,6703.5,6710.8,6699.7,6704,332.59
1586774700000,6704,6721,6702.8,6717.8,253.88
1586775600000,6717.8,6717.8,6699.3,6699.3,340.53
1586776500000,6699.2,6721.6,6698.6,6718.8,440.81
1586777400000,6718.5,6840,6718,6800.8,2761.3
1586778300000,6802.2,6822.2,6767.6,6767.6,1578.63
1586779200000,6768.1,6774.2,6660.4,6699.1,2455.42
1586780100000,6699,6701.4,6671.8,6689.2,780.13
1586781000000,6689.2,6700,6679.1,6689.1,437.9
1586781900000,6689.1,6702.2,6683.1,6695.6,336.67
1586782800000,6695.5,6695.5,6677,6682.4,395.15
1586783700000,6682.3,6729,6680,6715,677.53
1586784600000,6715,6716.7,6667.5,6684.7,721.7
1586785500000,6684.9,6692.4,6602.2,6617.7,1315.65
1586786400000,6617.2,6761,6607.8,6745.1,2083.27
1586787300000,6745,6745,6700,6732,478.07
1586788200000,6732.6,6733,6686.5,6692.3,453.8
1586789100000,6692.4,6732.9,6686.8,6719.3,611.03
1586790000000,6719.3,6732.9,6700,6725.6,426.5
1586790900000,6725.5,6749,6718.2,6745,407.22
1586791800000,6743.9,6752.6,6724.5,6742.5,513.48
1586792700000,6743,6805.8,6743,6764.8,1058.02
1586793600000,6764.7,6800,6744.3,6780.9,521.78
1586794500000,6780.8,6801,6734.8,6744.1,769.7
1586795400000,6744.1,6760.9,6723.2,6757.1,493.2
1586796300000,6757.8,6777,6743.5,6753.8,316.37
1586797200000,6753.8,6764.9,6741.3,6763.2,368.46
1586798100000,6761.4,6773,6753.9,6756.6,432.62
1586799000000,6756,6780.7,6753.3,6764.2,461.72
1586799900000,6764.1,6769.7,6748.4,6751.2,342.46
1586800800000,6751.9,6771.7,6751,6751,668.55
1586801700000,6750.8,6771.1,6750.7,6766.3,299.93
1586802600000,6766.3,6779.9,6766.3,6772,379.99
1586803500000,6772,6774.6,6745.8,6747.6,415.72
1586804400000,6747.7,6770.9,6747.7,6768.1,298.3
1586805300000,6768.1,6778.8,6763.9,6771.6,454.09
1586806200000,6771.5,6789,6766.8,6786.3,371.2
1586807100000,6786.6,6808,6759.1,6773,368.9
1586808000000,6771.8,6804.5,6771.8,6794.9,290.41
1586808900000,6794.2,6828.8,6781.5,6810.9,774.46
1586809800000,6811,6820,6790.3,6794.9,272.69
1586810700000,6795,6821,6795,6810.9,480.13
1586811600000,6810.9,6866,6810.9,6847.2,925.78
1586812500000,6846.4,6880,6834.7,6847.1,360.12
1586813400000,6846,6858.8,6846,6857.2,352.18
1586814300000,6857.1,6857.2,6792.6,6823.4,409.9
1586815200000,6823.9,6892.4,6823.9,6846.7,639.09
1586816100000,6846.6,6849.1,6803,6823.5,440.17
1586817000000,6823.4,6861.2,6823.4,6859.4,360.64
1586817900000,6859.6,6876.8,6848.3,6872,531.48
1586818800000,6870.7,6892,6844.2,6848.5,644.76
1586819700000,6848.5,6869.1,6837.5,6839.9,488.12
1586820600000,6840.6,6841.5,6814.3,6832.4,709.69
1586821500000,6833.1,6846.7,6825,6838.2,460.96
1586822400000,6836.8,6878,6836.7,6855.6,461.77
1586823300000,6856,6863,6834.8,6843,355.52
1586824200000,6843,6850,6828.9,6834.3,414.14
1586825100000,6833.9,6845.1,6804.8,6821.7,801.65
1586826000000,6821.8,6823.2,6799.9,6813.5,789.59
1586826900000,6813.1,6830.5,6811,6814.7,407.04
1586827800000,6814.8,6840.6,6814.2,6835.9,470.12
1586828700000,6836,6855,6830.4,6849.3,544.01
1586829600000,6849.3,6869,6849.1,6862.7,425.2
1586830500000,6862.6,6864,6841.9,6854.4,356.28
1586831400000,6854.9,6859.8,6847.4,6854.1,351.55
1586832300000,6854,6864.2,6845.2,6851.1,613.15
1586833200000,6851.1,6855,6837,6842.2,320.2
1586834100000,6843.4,6857.1,6842.6,6852.6,556.25
1586835000000,6852.6,6879.9,6852.6,6872.8,486.07
1586835900000,6872.9,6905.1,6871.5,6883.4,1323.27
1586836800000,6883.8,6915.5,6879.1,6906.4,848.46
1586837700000,6906.4,6911.7,6892.9,6906.6,446.32
1586838600000,6906.5,6906.6,6870,6880.7,563.71
1586839500000,6880.8,6894.8,6876.4,6882.3,434.64
1586840400000,6882.4,6888,6867.5,6886.8,347.48
1586841300000,6886.8,6891.6,6880.2,6890.2,470.05
1586842200000,6889.7,6896.8,6876.8,6876.8,605.03
1586843100000,6876.7,6889.1,6873,6885.4,454.84
1586844000000,6885.4,6885.4,6871.9,6878.2,389.51
1586844900000,6878.2,6879.8,6858.1,6864.9,427.15
1586845800000,6865,6876.8,6864.1,6867.1,525.16
1586846700000,6867.1,6870.5,6857.5,6870.5,375.08
1586847600000,6870.5,6890.2,6870.5,6886.6,462.79
1586848500000,6886.3,6891.6,6884.6,6886.9,337.7
1586849400000,6887.8,6888.8,6819.4,6840,1161.28
1586850300000,6840.1,6842,6815,6820.9,545.58
1586851200000,6820,6820,6761.8,6783.8,1472.34
1586852100000,6783.8,6801.1,6773.2,6773.3,413.47
1586853000000,6773.3,6790.5,6772.1,6786.5,397.48
1586853900000,6786,6803.8,6777.2,6783.3,505.98
1586854800000,6783.3,6795.8,6779.3,6785.1,433.91
1586855700000,6785,6805,6756.1,6800.7,683.56
1586856600000,6800.7,6804.3,6783.7,6791,555.42
1586857500000,6791,6856.2,6788.7,6848.3,977.7
1586858400000,6848.2,6880,6834.2,6860,663.17
1586859300000,6859.8,6865.7,6836.9,6849.1,491.73
1586860200000,6850,6864.8,6846.1,6857,444.43
1586861100000,6856.1,6866,6821,6822.5,443.72
1586862000000,6822.9,6833.3,6810.6,6824.3,552.24
1586862900000,6824.2,6867.7,6824.1,6832.4,565.24
1586863800000,6832.4,6849,6825.3,6840.2,511.79
1586864700000,6840.4,6842,6821.1,6831.5,358.9
1586865600000,6831.6,6831.6,6794.6,6818.2,712.35
1586866500000,6818.2,6839.9,6817,6835.9,491.14
1586867400000,6835.2,6844,6825.2,6844,438.86
1586868300000,6844,6847.2,6834.2,6839.9,515.43
1586869200000,6839.7,6865.8,6838.1,6860.8,546.36
1586870100000,6860.6,6879,6851,6872.4,515.24
1586871000000,6872.8,6887,6858.7,6878.8,616.31
1586871900000,6878.9,6886.7,6867.4,6886.1,435.57
1586872800000,6885.9,6945.8,6874.5,6911.9,1879.14
1586873700000,6911.9,6934.3,6906,6919,651.62
1586874600000,6919,6923,6848.5,6910.5,1811.23
1586875500000,6910.2,6914,6882.5,6891,818.55
1586876400000,6891.1,6908.1,6870,6885.7,666.71
1586877300000,6884.3,6929.9,6884.2,6912.7,798.83
1586878200000,6912.6,6919,6902.5,6912.3,456.47
1586879100000,6912.3,6930,6896.8,6901.8,559.94
1586880000000,6903.1,6918,6878.4,6915.9,622.56
1586880900000,6914.8,6943,6913.7,6930.7,715.35
1586881800000,6931.1,6950,6919.1,6944,670.33
1586882700000,6944,6950,6927.7,6944.6,542.56
1586883600000,6944.3,6979.8,6935,6941.4,877.84
1586884500000,6941.2,6947.2,6928,6931.3,632.41
1586885400000,6931.3,6950.2,6930,6936.2,462.16
1586886300000,6935.3,6943.8,6910,6919.2,591.69
1586887200000,6919.2,6930.3,6906.4,6930.3,428.97
1586888100000,6930.2,6936.7,6916.3,6918.2,317.42
1586889000000,6918,6927.9,6886.8,6898.4,501.04
1586889900000,6899.5,6914.1,6899.4,6905.1,320.86
1586890800000,6905.4,6907.2,6860,6870.2,598.21
1586891700000,6870.3,6887.3,6858.1,6881.3,447.41
1586892600000,6882.6,6913.4,6881.1,6910.2,414.31
1586893500000,6910.2,6923,6906.5,6918,547.16
1586894400000,6918,6927.9,6887.3,6899.5,373.55
1586895300000,6899.5,6912.7,6888.1,6888.1,386.96
1586896200000,6888.2,6892.2,6830.1,6852.1,579.38
1586897100000,6852.1,6867.4,6844,6862.5,317.52
1586898000000,6862.5,6863.3,6835.7,6859.5,395.82
1586898900000,6859.5,6878.3,6859.5,6875.3,444.69
1586899800000,6874.1,6877.3,6847.7,6851.5,292.26
1586900700000,6852.9,6867.4,6844,6849.6,441.47
1586901600000,6849.8,6891,6830.7,6885.9,384.03
1586902500000,6884,6894.7,6877.9,6887.5,351.8
1586903400000,6889,6904.1,6877.8,6879.1,439.51
1586904300000,6878.4,6883.1,6860.1,6872.7,416.42
1586905200000,6871.6,6875.3,6862,6873,537.52
1586906100000,6873.3,6887.6,6873.3,6881.9,336.63
1586907000000,6881.9,6881.9,6852,6857.7,368.46
1586907900000,6857.6,6869.1,6840,6868.2,341.17
1586908800000,6868.1,6868.1,6810,6832.5,800.3
1586909700000,6833.9,6839.9,6813.7,6832,574.66
1586910600000,6831.9,6849.9,6824.8,6841.4,399.53
1586911500000,6841.9,6849.6,6831.8,6831.8,403.53
1586912400000,6831.8,6842,6824.5,6841.3,289.96
1586913300000,6841.3,6861.6,6841.3,6854.9,400.75
1586914200000,6855,6864.9,6849.9,6862.4,464.55
1586915100000,6862.3,6880,6846,6875.4,458.45
1586916000000,6875.8,6878.7,6862.9,6872.1,492.02
1586916900000,6872.1,6900,6872,6893.6,664.58
1586917800000,6893.6,6898,6874,6878.4,319.08
1586918700000,6876.9,6904,6876.9,6894.7,453.82
1586919600000,6893.8,6900,6883.7,6883.7,297.72
1586920500000,6883.4,6892.7,6880.1,6880.1,394.25
1586921400000,6880.1,6895.8,6879.8,6892.6,448.21
1586922300000,6892.6,6916,6892,6904,602.24
1586923200000,6904.9,6933,6904.9,6907.7,601.25
1586924100000,6908.1,6909.8,6892.3,6909.7,435.95
1586925000000,6908.9,6919.9,6908.9,6916.2,489.25
1586925900000,6916.3,6916.4,6888,6892.2,465.06
1586926800000,6892.6,6901.5,6887.9,6890.9,456.57
1586927700000,6890.9,6901.2,6886.5,6886.5,388.09
1586928600000,6885.5,6892.5,6876,6892.5,412.86
1586929500000,6892.5,6908.1,6892.5,6905.3,290.04
1586930400000,6906.4,6915,6896,6903.2,397.59
1586931300000,6903.2,6911.1,6896.4,6902.3,285.42
1586932200000,6901.7,6907.1,6888,6904.1,372.94
1586933100000,6904.2,6904.2,6880,6884.6,352.52
1586934000000,6884.6,6890,6871.7,6879.3,365.92
1586934900000,6879.4,6880.4,6865,6869.3,488.53
1586935800000,6869.2,6883,6866,6880.5,428.33
1586936700000,6880.5,6890.4,6862.1,6863.6,418
1586937600000,6863.6,6875.5,6863.5,6869.5,337.29
1586938500000,6869.5,6881.9,6865,6872.8,274.6
1586939400000,6873.8,6877.5,6867.7,6867.7,353.42
1586940300000,6868.4,6869,6834.1,6846.6,752.86
1586941200000,6848,6858.8,6826,6853.8,596.16
1586942100000,6853.2,6859.6,6840.8,6840.9,338.65
1586943000000,6840.9,6846,6832,6836.4,351.55
1586943900000,6836.4,6850.1,6835.6,6839.5,177.38
1586944800000,6839.5,6860.4,6837.4,6858.4,253.59
1586945700000,6858.7,6868.7,6854,6863.3,247.79
1586946600000,6863.3,6863.3,6841,6842,185.28
1586947500000,6842.2,6842.4,6763.1,6790,1841.97
1586948400000,6790,6794.4,6750,6787.3,1121.99
1586949300000,6787.8,6790,6774,6781.6,747.61
1586950200000,6781.7,6797,6781,6793.1,447.59
1586951100000,6793.1,6793.1,6772.1,6784.5,526.41
1586952000000,6784.5,6784.5,6700,6721.8,2625.66
1586952900000,6721.7,6738.9,6713.5,6734.6,569.22
1586953800000,6734.6,6743,6700,6712.7,755.8
1586954700000,6712.7,6719.9,6680,6714.6,1008.94
1586955600000,6714.3,6728,6692.4,6720.5,549.68
1586956500000,6720.6,6743,6714,6735.2,486.81
1586957400000,6737.4,6743,6719.6,6719.6,503.17
1586958300000,6719.6,6733.1,6716,6729.6,321.86
1586959200000,6730,6740.2,6718.7,6732,443.04
1586960100000,6732.8,6740,6726.8,6738,487.82
1586961000000,6738,6770.7,6730,6736,871.85
1586961900000,6736.1,6742.9,6717,6722.2,356.26
1586962800000,6722.1,6735.6,6710,6733.4,402.68
1586963700000,6732.7,6744.8,6713,6730.3,508.82
1586964600000,6732.5,6737.1,6713.4,6721.2,482.97
1586965500000,6721.2,6721.2,6691.4,6702,844.6
1586966400000,6703.1,6733.4,6691.1,6717.9,680.49
1586967300000,6718,6737.7,6717.4,6737.7,393.08
1586968200000,6737.8,6744.7,6730.8,6739.4,408.79
1586969100000,6739.4,6742.9,6726.7,6726.7,312.93
1586970000000,6726.7,6744.9,6724.3,6743.8,268.06
1586970900000,6743.8,6747,6737,6740.7,336.7
1586971800000,6740.7,6758,6734.2,6752.1,308.33
1586972700000,6752,6758,6744.1,6745.2,346.89
1586973600000,6745.2,6760,6742.9,6758,383.34
1586974500000,6758,6768,6755.1,6767.2,403.12
1586975400000,6767.1,6768,6757.1,6761.7,239.53
1586976300000,6761.7,6767.2,6749.7,6749.7,349.7
1586977200000,6749.8,6750.1,6727.6,6740,443.29
1586978100000,6740.1,6743,6736.2,6742.1,301.38
1586979000000,6742.2,6747.4,6735.1,6743.5,399.99
1586979900000,6744.2,6747.7,6728.9,6730,139.31
1586980800000,6729.9,6755.3,6718.6,6749.2,182.33
1586981700000,6749.3,6754,6745.2,6747,453.19
1586982600000,6747.9,6751.2,6742.9,6749,346.92
1586983500000,6749,6749,6742.2,6742.5,72.31
1586984400000,6743.3,6760,6743.3,6753.7,260.83
1586985300000,6753.7,6753.7,6731,6737.5,145.8
1586986200000,6737.4,6744.9,6734.8,6734.8,417.11
1586987100000,6734.3,6736,6722.9,6727.3,359.79
1586988000000,6727.2,6731.4,6703.2,6720.5,584.16
1586988900000,6720.6,6727.3,6693.9,6698.8,292.43
1586989800000,6699.5,6718.2,6692.3,6716.1,366.82
1586990700000,6715.3,6720,6703.7,6707.4,303.39
1586991600000,6707.7,6714.8,6610,6627.8,1754.32
1586992500000,6627.8,6637.5,6610,6629.1,581.1
1586993400000,6629.1,6637.9,6615,6624.7,464.01
1586994300000,6624.6,6634.8,6622,6623.3,331.01
1586995200000,6623.2,6623.2,6502.3,6553,2633.71
1586996100000,6553,6553.2,6465,6511.2,1530.91
1586997000000,6511.1,6551.5,6508.8,6549,751.97
1586997900000,6549,6579.9,6540.8,6570.9,643.02
1586998800000,6570.8,6571.1,6544.1,6563.7,602.41
1586999700000,6563.6,6597.2,6550.3,6587.1,600.07
1587000600000,6587.2,6660,6587.2,6632.5,1655.49
1587001500000,6632.3,6636.9,6616,6618.9,667.37
1587002400000,6618.9,6640.2,6605.2,6636.3,529.53
1587003300000,6636.3,6645.1,6620,6625.7,580.92
1587004200000,6624.3,6633.7,6614.6,6622.1,517.22
1587005100000,6621.9,6639,6621.9,6638.4,526.77
1587006000000,6638.4,6639.9,6591.1,6611,662.15
1587006900000,6610.4,6628,6607.3,6618.6,347.09
1587007800000,6619.6,6639.8,6618.2,6631.6,539.88
1587008700000,6631.5,6664,6631.5,6648.6,744.86
1587009600000,6648.8,6675.8,6638.3,6642,822.75
1587010500000,6642.1,6648.8,6631.7,6632.9,551.51
1587011400000,6633.1,6641,6627,6638,323.25
1587012300000,6638,6641.8,6622.3,6624.5,322.99
1587013200000,6624.5,6640,6623.6,6631,385.7
1587014100000,6631,6646,6631,6638.6,369.59
1587015000000,6638.6,6649,6630.5,6638.4,413.63
1587015900000,6638.3,6638.4,6620,6632,522.39
1587016800000,6632,6655.2,6631.9,6650.6,541.52
1587017700000,6650.7,6684,6648.6,6673.1,859.59
1587018600000,6673.1,6690,6666.1,6674.8,727.6
1587019500000,6675,6684.7,6665.3,6683.6,387.9
1587020400000,6683.7,6892.2,6683.5,6872.5,5573.84
1587021300000,6872.4,6975.2,6871.7,6912.2,4869.86
1587022200000,6912.2,6937.4,6890,6911.8,1325.4
1587023100000,6911.8,6920,6866,6893.5,1243.67
1587024000000,6893.5,6925,6873.9,6895.3,887.82
1587024900000,6895.3,6962,6887.8,6935,1276.93
1587025800000,6934.9,7172.7,6934.9,7079.8,4871.8
1587026700000,7079.8,7091.2,7030,7047.2,1391.95
1587027600000,7047.2,7099.2,7047.2,7058.2,889.89
1587028500000,7058.3,7070.7,7046.4,7066.8,470.31
1587029400000,7066.8,7071.5,7018,7034.5,551.4
1587030300000,7034.5,7049.8,7020.2,7029.5,472.27
1587031200000,7030.3,7068.9,7029.3,7040.2,614.36
1587032100000,7040.2,7053.9,7040,7044.1,290.69
1587033000000,7044.1,7049.3,6916,6965.5,1853.71
1587033900000,6966.4,6970.8,6930.8,6955.2,734.58
1587034800000,6955.1,7005,6936,6993.8,593.21
1587035700000,6993.6,7037,6980,7022.6,790.87
1587036600000,7023.5,7065,6990.4,6995.2,902.7
1587037500000,6993.7,7036.7,6988,7022.5,452.2
1587038400000,7022.6,7050,6926.6,6991.6,1157.66
1587039300000,6991.4,7012.6,6978.7,7002.4,501.04
1587040200000,7001.9,7030,6998.4,7004.7,401.13
1587041100000,7004.7,7079,7001.7,7056,1062.67
1587042000000,7056.1,7088,7026.8,7036.5,614.03
1587042900000,7036.6,7046.1,7015,7034.8,464.38
1587043800000,7035.2,7051.4,7005,7020,490.17
1587044700000,7020,7025,6972.9,6981.7,742.43
1587045600000,6982.4,7003.9,6974.9,6982.8,681.22
1587046500000,6981.7,7013.4,6981.6,7006.9,601.59
1587047400000,7006.9,7014,6988.5,7004.8,662.08
1587048300000,7004.8,7032.8,6996.8,7022.4,527.09
1587049200000,7022.4,7041.9,7019.2,7034.8,664.01
1587050100000,7034.8,7041.8,7025.8,7030.1,404.54
1587051000000,7028.8,7053.8,7003.6,7042.4,727.9
1587051900000,7042.5,7061.9,7015.3,7044.9,753.47
1587052800000,7044.8,7061,6971.9,7009.3,966.31
1587053700000,7009.2,7011.8,6983.5,6990,438.95
1587054600000,6988.9,7000,6953.4,6993.6,838.32
1587055500000,6993.4,7011.9,6992.1,7003.5,484.36
1587056400000,7003.9,7023.9,6989.3,7001.6,473.26
1587057300000,7002,7008,6988.8,7002.5,438.6
1587058200000,7002.5,7016,7002.4,7015.5,457.17
1587059100000,7015.5,7019,6996.1,7001.5,330.83
1587060000000,7000.4,7007.4,6996.1,7002,492.39
1587060900000,7002.5,7022.3,6975.5,7014.8,529.1
1587061800000,7014.8,7043.9,7000,7012.6,506.03
1587062700000,7010.8,7016,7001.5,7011.2,447.68
1587063600000,7009.6,7010.8,6994.9,7006.2,389.69
1587064500000,7007.6,7022.4,7006.9,7022,290.33
1587065400000,7022.4,7037.9,7015.7,7036.2,311.52
1587066300000,7036,7098.2,7032,7071.3,675.45
1587067200000,7070.9,7070.9,6970,7001.5,913.65
1587068100000,7001.5,7015.4,6984.5,7009.3,404.52
1587069000000,7007.7,7033,7007.7,7022.2,262.56
1587069900000,7022,7047.6,7018.2,7046.7,390.56
1587070800000,7047.8,7052.4,7028.3,7046.4,345.61
1587071700000,7046.4,7046.4,7034.5,7038.2,296.58
1587072600000,7038.2,7075,7034,7066.7,310.34
1587073500000,7066.7,7081,7044.9,7061.9,371.06
1587074400000,7062.7,7134.3,7062.7,7083.2,1194.89
1587075300000,7084.8,7117.3,7051.4,7071.8,365.69
1587076200000,7071.7,7119,7070.7,7095.8,359.68
1587077100000,7095.9,7170,7095.2,7152.9,857.07
1587078000000,7152.8,7195,7118.1,7142.2,1125.91
1587078900000,7142.4,7163.7,7128.1,7141.6,450.92
1587079800000,7141.8,7144.9,7079,7096,627.81
1587080700000,7094.7,7116.3,7064.1,7100.1,741.22
1587081600000,7100.6,7132.7,7013.7,7063.2,1227.18
1587082500000,7062.5,7074.9,7047.2,7060.8,355.9
1587083400000,7060.8,7087.9,7060.8,7075.7,388.18
1587084300000,7073.7,7083.9,7058,7060.1,435.06
1587085200000,7060.1,7098.5,7060.1,7090.2,465.97
1587086100000,7090.2,7119.5,7080.7,7113,497.66
1587087000000,7113.1,7123.1,7098.7,7114.3,322.63
1587087900000,7114.3,7114.3,7091.5,7106,306.31
1587088800000,7106.6,7106.6,7081,7082.7,441.29
1587089700000,7082.6,7092.4,7070.5,7083.3,289.68
1587090600000,7084.6,7089.4,7066.2,7069.1,390.06
1587091500000,7069,7085.4,7063,7063,421.88
1587092400000,7063,7079.1,7048.1,7067.3,533.19
1587093300000,7067.3,7070.4,7060,7068.7,312.67
1587094200000,7068.7,7076,7050,7070.7,360.18
1587095100000,7070.7,7093.2,7068.3,7081.1,327.43
1587096000000,7081.8,7081.8,7034.7,7057.6,451.49
1587096900000,7057.5,7064.1,7048,7048,428.57
1587097800000,7048,7050,7033,7043.7,269.62
1587098700000,7043.7,7049,7015.1,7043.2,518.41
1587099600000,7043.2,7066,7027.7,7061.3,394.49
1587100500000,7061.3,7068,7048.3,7058.8,210.41
1587101400000,7057.6,7071.9,7054.3,7069.2,362.18
1587102300000,7069.1,7079.9,7065.6,7067.1,296.87
1587103200000,7067.1,7067.1,7041.8,7050,414.64
1587104100000,7050,7057.5,7022,7034.9,662.88
1587105000000,7033.9,7044.3,7028.5,7040.3,282.08
1587105900000,7040.4,7055,7034,7055,417.29
1587106800000,7055,7055.5,7036.2,7037.7,203.2
1587107700000,7038.3,7064.9,7038.2,7064.9,376.46
1587108600000,7064.9,7066,7051.6,7051.6,435.58
1587109500000,7051.8,7051.9,7023.5,7043.1,650.71
1587110400000,7043.2,7074,7025.6,7046.2,684
1587111300000,7045.9,7068,7040,7055.8,367.34
1587112200000,7055.6,7065,7054.6,7063.1,306.82
1587113100000,7063.1,7066.7,7049.9,7060.7,325.83
1587114000000,7060.7,7074,7050,7065.8,806.16
1587114900000,7065.7,7098.8,7065.7,7079.5,545.46
1587115800000,7079.5,7115,7079.5,7108.7,692.9
1587116700000,7108.7,7122,7096,7098.5,485.36
1587117600000,7098.5,7104.6,7078,7088.9,359.78
1587118500000,7088.9,7106.1,7082.5,7095.5,424.67
1587119400000,7095.4,7099,7077.1,7097.2,397.47
1587120300000,7097.8,7106.6,7087.2,7097.3,288.04
1587121200000,7096,7103,7092,7102,213.23
1587122100000,7102,7114.4,7072.2,7073.7,446.44
1587123000000,7073.7,7077.1,7058.3,7064,462.02
1587123900000,7062.6,7077,7051.2,7069.8,391.71
1587124800000,7070.4,7091,7070.1,7077.7,500.17
1587125700000,7078,7087.6,7073.4,7077.8,324.95
1587126600000,7077.6,7077.7,7066.6,7076.5,444.38
1587127500000,7076.5,7098.9,7074,7098.7,528.98
1587128400000,7098.9,7099,7081.2,7086.6,303.54
1587129300000,7086.8,7089.9,7025,7045.4,1139.26
1587130200000,7045.4,7048,6990,7035,1498.42
1587131100000,7035,7065.9,7020.3,7059.1,639.91
1587132000000,7059.1,7075.1,7039.4,7044.5,632.19
1587132900000,7044.8,7052.5,7032.2,7041.7,518.85
1587133800000,7040.4,7040.9,7012.9,7034.8,456.29
1587134700000,7034.8,7034.8,7010.4,7028.9,439.01
1587135600000,7027.2,7060,7014.4,7050,590.24
1587136500000,7050.1,7050.1,7029,7033.4,372.4
1587137400000,7033.4,7050.4,7029,7049.9,507.8
1587138300000,7049.9,7049.9,7034.1,7038.3,328.71
1587139200000,7038.4,7055.7,7035,7054.7,538.14
1587140100000,7055.5,7061.9,7039,7049.6,384.9
1587141000000,7049.5,7058.1,7043.7,7051.2,198.74
1587141900000,7051.1,7055.7,7046.1,7055.1,462.88
1587142800000,7055.4,7061.2,7048,7057.9,476.71
1587143700000,7057.8,7065,7044.4,7045.9,413.42
1587144600000,7045.9,7045.9,7030.8,7041.5,259.95
1587145500000,7041.4,7042.6,7026.4,7038.2,290.49
1587146400000,7038.2,7043.2,7036.7,7036.7,406.55
1587147300000,7036.7,7036.8,7021.9,7023.2,420.32
1587148200000,7023.1,7044.1,7022.5,7037.9,206.29
1587149100000,7037.6,7043,7032.1,7032.8,219.04
1587150000000,7032.9,7052.8,7032.8,7052.1,263.7
1587150900000,7052.2,7058.8,7045.7,7047.2,317.63
1587151800000,7047.1,7059.8,7047.1,7057.2,313.54
1587152700000,7058.5,7090.7,7049.4,7066.8,911.81
1587153600000,7066.2,7079.7,7051.9,7070.4,196.18
1587154500000,7068.9,7073.5,7062.4,7067.2,431.48
1587155400000,7067.7,7068.9,7039.9,7063.9,601.25
1587156300000,7064,7066,7047.6,7051.1,99.52
1587157200000,7051.1,7076.8,7051.1,7069.2,617.78
1587158100000,7069.2,7075,7065,7070.6,277.58
1587159000000,7070.6,7070.6,7061.3,7062.3,449.36
1587159900000,7062.3,7062.3,7031.8,7046.1,332.16
1587160800000,7046.1,7062.5,7045.6,7056.1,154.94
1587161700000,7056.1,7063,7051.6,7052.5,497.39
1587162600000,7052.5,7061.7,7051.2,7052.9,406.37
1587163500000,7052.9,7057.6,7045.6,7049.5,296.91
1587164400000,7049.6,7067.2,7049.6,7056.9,417.59
1587165300000,7056.9,7144.4,7056.8,7131.6,1095.53
1587166200000,7130.5,7145,7025.6,7052.9,1246.2
1587167100000,7053.2,7075,7013.6,7026.5,919.48
1587168000000,7026.9,7053.9,7019.9,7053.8,529.11
1587168900000,7054,7058.2,7041,7045.3,410.33
1587169800000,7045.3,7065.9,7043.1,7059.2,295.26
1587170700000,7059.2,7070,7058.6,7064.7,398.24
1587171600000,7064.6,7088,7064.6,7075.2,453.76
1587172500000,7075.1,7078.7,7060.5,7074.5,397.7
1587173400000,7072.2,7080,7065.8,7076.7,400.71
1587174300000,7076.7,7076.7,7061.5,7075.2,436.38
1587175200000,7076.4,7100.5,7076.4,7086.4,717.61
1587176100000,7086.5,7102.6,7082,7090.2,531.91
1587177000000,7091.8,7106,7081.3,7086.4,536.33
1587177900000,7086.4,7096,7072.6,7078.2,395.91
1587178800000,7077.9,7095,7076.8,7093.6,638.38
1587179700000,7093.7,7102,7086,7089.2,587.16
1587180600000,7089.1,7098,7085,7085.8,400.41
1587181500000,7085.8,7087,7076.1,7084.4,459.91
1587182400000,7083.9,7097.9,7083.9,7096.2,201.76
1587183300000,7096.3,7099,7084.4,7084.4,310.08
1587184200000,7084,7091.2,7082.2,7084,210.3
1587185100000,7084,7087.6,7077.7,7081.3,509.69
1587186000000,7081.3,7091.2,7079.8,7090.3,216.9
1587186900000,7090,7120,7085.9,7108.9,472.97
1587187800000,7108.9,7110,7098.2,7107.9,523.84
1587188700000,7107.9,7107.9,7088.8,7097.8,479.28
1587189600000,7098.3,7107.9,7098.3,7099.2,212.02
1587190500000,7099.2,7099.2,7087.2,7089.9,334.15
1587191400000,7090,7098.6,7085.8,7085.8,550.32
1587192300000,7085.7,7097,7085.7,7088.2,455.69
1587193200000,7087.9,7095.1,7084.3,7093.5,216.12
1587194100000,7093.5,7093.6,7080,7083.2,186.75
1587195000000,7083.1,7096,7083.1,7096,296.73
1587195900000,7096.2,7100,7091,7092.1,318.86
1587196800000,7092.1,7107.9,7089.6,7107.8,316.85
1587197700000,7107.8,7107.8,7098.2,7099.2,130.14
1587198600000,7099.1,7099.9,7086,7086.1,308.7
1587199500000,7087.4,7092.8,7083.8,7089.1,287.42
1587200400000,7089.2,7097.6,7087,7093.9,445.78
1587201300000,7094,7101,7091.2,7098.7,240.93
1587202200000,7098.7,7103.7,7094.5,7100.1,402.02
1587203100000,7100,7100.1,7089.2,7090.8,300.04
1587204000000,7090.8,7093.3,7086,7088,139.53
1587204900000,7088.1,7089.6,7050.7,7061,450.04
1587205800000,7061.3,7084,7059.2,7081.6,554.51
1587206700000,7081.6,7086,7074.7,7084.7,343.6
1587207600000,7084.7,7084.7,7076.2,7079.2,296.3
1587208500000,7078,7078,7060.5,7071.7,476.59
1587209400000,7071.7,7080,7068.9,7077,336.98
1587210300000,7077,7119,7077,7104,783.74
1587211200000,7104,7112,7075.1,7089.6,492.93
1587212100000,7089.6,7108.8,7086.7,7093.3,320.71
1587213000000,7093.8,7099.2,7085,7096.8,280.14
1587213900000,7096.8,7160,7096.7,7131.2,1472.53
1587214800000,7131.6,7195,7120.5,7162.8,1677.52
1587215700000,7163.7,7178.2,7147.3,7162.7,770.26
1587216600000,7162.8,7179.9,7161.7,7171.7,606.07
1587217500000,7171.7,7260,7171.7,7237,2765.29
1587218400000,7236.9,7270,7210,7228.6,1022.25
1587219300000,7228.6,7230.3,7215,7229.4,381.58
1587220200000,7229.4,7242.5,7220.9,7236.5,430.34
1587221100000,7236.5,7247.9,7215.2,7228.2,466.38
1587222000000,7228,7235.8,7210,7219,464.72
1587222900000,7218.9,7233.6,7214.5,7230.9,387.87
1587223800000,7230.9,7233.2,7221.1,7226.3,151.07
1587224700000,7226.2,7241.5,7226.2,7239,284.31
1587225600000,7240,7254,7170,7206.1,1338.48
1587226500000,7206.3,7210.6,7189,7196.9,478.86
1587227400000,7197,7197,7156.1,7183.7,667
1587228300000,7183.8,7194.2,7179.5,7193.2,358.79
1587229200000,7193.2,7193.2,7177.9,7182,345.85
1587230100000,7182.1,7205.8,7182,7205.8,329.31
1587231000000,7205.8,7211.2,7194.3,7197.8,446.34
1587231900000,7197.9,7197.9,7185.1,7186.7,361.5
1587232800000,7186.9,7190,7178.9,7181.2,338.08
1587233700000,7181.4,7190.4,7175,7186.4,435.59
1587234600000,7186.4,7196,7186,7194,316.52
1587235500000,7194.4,7195.1,7184.8,7188.3,376.52
1587236400000,7188.4,7206.8,7184.7,7197.1,168.5
1587237300000,7196.9,7223,7196.9,7209.5,292.74
1587238200000,7209.5,7217.5,7205.6,7208,327.94
1587239100000,7208.1,7214.3,7206.9,7210.1,204.79
1587240000000,7209.6,7217.3,7197.7,7217.3,210.43
1587240900000,7217.3,7227.2,7215.1,7216.4,453.11
1587241800000,7216.5,7226.8,7216,7216,182.93
1587242700000,7216,7222,7214.5,7218.9,89.5
1587243600000,7218.8,7226.4,7216.5,7226.4,227.27
1587244500000,7226.4,7233,7218.5,7221.5,187.7
1587245400000,7221.5,7223.1,7210.4,7219,361.02
1587246300000,7219,7220,7205.6,7214.1,251.91
1587247200000,7214.1,7231.4,7210,7225.9,244.74
1587248100000,7225.9,7228.4,7220.8,7224.6,91.87
1587249000000,7224.6,7255.6,7224.6,7252,392.57
1587249900000,7254.1,7298,7243.3,7261,783.39
1587250800000,7260.9,7261.3,7240,7245.7,462.09
1587251700000,7245.7,7273.1,7245.6,7260.5,433.03
1587252600000,7260.5,7261.8,7224.4,7244.8,531.22
1587253500000,7244.7,7250.1,7231.2,7246.8,430.88
1587254400000,7246.9,7262.3,7212,7225,605.16
1587255300000,7226.1,7226.1,7181,7211.7,557.87
1587256200000,7209.8,7220.7,7205.8,7213.2,343.12
1587257100000,7213.9,7231.6,7211.2,7220.3,278.44
1587258000000,7220.8,7224.9,7206.4,7220.7,244.6
1587258900000,7220.6,7220.7,7200,7201.7,277.9
1587259800000,7200.7,7214.4,7193.1,7214,288.32
1587260700000,7214,7229.9,7214,7222.9,311.62
1587261600000,7223.4,7230.2,7210.1,7212.8,230.39
1587262500000,7212.7,7227.8,7212.7,7220.7,228.6
1587263400000,7220.7,7240,7219.5,7236.8,287.47
1587264300000,7236.9,7240,7227.4,7229,293.83
1587265200000,7229,7229.2,7216.8,7222.1,278.6
1587266100000,7222.1,7233.8,7216.1,7225.2,422.58
1587267000000,7226.6,7233,7219.4,7224.5,359.97
1587267900000,7224.6,7232.8,7224.5,7228.1,341.94
1587268800000,7228.1,7238.4,7220,7236.9,255.23
1587269700000,7236.9,7238.3,7228.8,7234.5,318
1587270600000,7234.6,7240,7225.9,7227,249.5
1587271500000,7227,7231.9,7220.8,7220.8,182.37
1587272400000,7220.9,7225.8,7195,7206,436.11
1587273300000,7206.1,7224.8,7194.4,7224.8,355.95
1587274200000,7224.8,7226.8,7212.1,7212.1,250.18
1587275100000,7211.9,7211.9,7105,7123.9,2585.8
1587276000000,7124,7149.7,7104.4,7141.2,968.04
1587276900000,7141.1,7175,7130,7155,544.01
1587277800000,7155,7162.2,7149.1,7152.7,406.47
1587278700000,7152.7,7154.9,7140,7151.4,360.79
1587279600000,7151.3,7154.8,7141,7153.6,315.41
1587280500000,7152.5,7159.2,7148.9,7150.7,368.95
1587281400000,7150.5,7151.4,7120.1,7140,582.45
1587282300000,7140,7153,7139.9,7146,547.18
1587283200000,7145.2,7145.2,7123,7128.3,498
1587284100000,7128.2,7150.9,7126.3,7150.1,321.3
1587285000000,7150.1,7151.9,7140.6,7151.8,173.77
1587285900000,7151.8,7151.8,7144,7146.5,178.91
1587286800000,7146.6,7146.6,7135.5,7135.5,336.22
1587287700000,7135.5,7151.4,7133.7,7147.8,302.58
1587288600000,7147.6,7151.5,7141.1,7150.6,123.87
1587289500000,7150.5,7184,7146.8,7169,415.33
1587290400000,7169,7179.2,7161.1,7165.2,360.7
1587291300000,7165.2,7173.6,7161.2,7170,363.7
1587292200000,7170,7170.4,7155.8,7157.3,356
1587293100000,7157.4,7169.1,7157.1,7166,281.24
1587294000000,7166,7166,7145.1,7149.3,338.09
1587294900000,7149.9,7154.2,7135,7137.6,328.35
1587295800000,7137.8,7160,7137.6,7157.8,300.91
1587296700000,7156.9,7163.2,7143.9,7163.2,310.14
1587297600000,7164.6,7171.5,7153.6,7163.1,325.39
1587298500000,7163,7170,7147,7152.8,262.85
1587299400000,7152.9,7155.2,7142.8,7150.6,353.57
1587300300000,7148.9,7159.7,7147,7153.6,281.24
1587301200000,7153.6,7153.6,7122.2,7140.9,392.44
1587302100000,7140.8,7147.1,7138.6,7138.6,329.34
1587303000000,7137.6,7139.2,7074.3,7099.9,1061.95
1587303900000,7100,7120,7086.8,7100.1,777.36
1587304800000,7100.2,7101,7054,7076.8,1158.11
1587305700000,7076.3,7090,7071.5,7085.8,385.13
1587306600000,7085.7,7094,7079,7086.3,309.55
1587307500000,7086.4,7109.4,7086.3,7107,501.58
1587308400000,7107.1,7118.5,7096.2,7113.3,335.5
1587309300000,7113.4,7113.6,7100.6,7102.4,412.41
1587310200000,7102.4,7111,7090,7111,287.38
1587311100000,7111.3,7111.3,7097.2,7097.3,354.76
1587312000000,7097.2,7106.1,7087,7101.6,347.64
1587312900000,7101.5,7127,7101.5,7124.2,404.09
1587313800000,7124.2,7135,7116.5,7117.5,333.55
1587314700000,7118.9,7127.9,7116,7123.2,331.89
1587315600000,7122.6,7144.3,7117.8,7144.3,410.61
1587316500000,7144.5,7164,7136.7,7153.5,417.56
1587317400000,7153.6,7166,7145,7155.1,381.03
1587318300000,7155.1,7161,7145,7158.4,248.6
1587319200000,7157.6,7163.6,7142.4,7142.4,434.95
1587320100000,7142.6,7153.4,7136.4,7147,335.27
1587321000000,7147.1,7151.2,7140.9,7149.8,213.05
1587321900000,7149.7,7150.2,7141,7145.6,141.32
1587322800000,7146,7149,7123.4,7129.9,289.7
1587323700000,7131.1,7134.3,7125.5,7127.7,264.97
1587324600000,7127.4,7135,7117,7135,194.5
1587325500000,7135,7139.2,7131.8,7137,378.5
1587326400000,7136,7136,7121.4,7127,110.94
1587327300000,7126,7129.4,7119.3,7127.1,209.95
1587328200000,7127.1,7139.2,7124.7,7135.6,141.7
1587329100000,7135.1,7145.7,7133.8,7140,489.46
1587330000000,7139.3,7166,7139.3,7164,406.73
1587330900000,7164,7166,7149.7,7158.3,162.86
1587331800000,7158.4,7160,7145.9,7152.7,412.79
1587332700000,7152.8,7200,7144.7,7182.4,558.79
1587333600000,7182,7192.3,7154.6,7160.4,422.21
1587334500000,7160.5,7185,7153,7172.3,363.31
1587335400000,7170.8,7186.4,7163.9,7169,288.96
1587336300000,7169.1,7183,7165.8,7170,296.19
1587337200000,7170.5,7185,7167.4,7170.8,378.84
1587338100000,7170.5,7174.9,7158.8,7161.2,438.87
1587339000000,7161.3,7165.5,7108.4,7122.8,614.19
1587339900000,7123.4,7134,7106.2,7118.3,416.84
1587340800000,7118.4,7132,7080,7129.4,635.05
1587341700000,7128.1,7150.3,7127.8,7135,475.47
1587342600000,7136,7156.8,7134.4,7146.8,399.68
1587343500000,7146.8,7172,7146.7,7164.5,502.83
1587344400000,7164.4,7168.6,7150,7155.1,371.88
1587345300000,7155,7156.6,7136.2,7137,351.86
1587346200000,7137,7152,7133.8,7151.4,240.42
1587347100000,7151.4,7162.2,7151.1,7156.4,369.87
1587348000000,7156.4,7166.4,7146.8,7147.8,372.1
1587348900000,7147.8,7154.6,7146,7151.9,517.05
1587349800000,7152,7162.8,7152,7160.4,476.28
1587350700000,7160.6,7180.7,7160.6,7171.2,543.08
1587351600000,7171.2,7180.3,7162.4,7164.1,309.66
1587352500000,7164.2,7175.5,7161.7,7170.7,372.46
1587353400000,7170.6,7173.6,7155.8,7163.7,330.18
1587354300000,7163.7,7165.2,7160.7,7161.7,262.18
1587355200000,7161.7,7212,7161.7,7192.7,1196.71
1587356100000,7192.5,7199.8,7181.6,7195.3,286.1
1587357000000,7195.3,7200,7185,7200,221.23
1587357900000,7199.9,7205,7163.1,7170.3,329.11
1587358800000,7170.3,7180,7162.1,7170,382.6
1587359700000,7170,7172.7,7156,7169.6,292.94
1587360600000,7169.7,7177.6,7169.1,7173.6,220.22
1587361500000,7174,7182.9,7170.1,7172.9,187.6
1587362400000,7172.8,7178.6,7158.9,7158.9,263.37
1587363300000,7158.8,7170.7,7155.3,7159.9,269.85
1587364200000,7160,7168,7153.5,7165.3,191.13
1587365100000,7165.3,7176.3,7161.8,7169.2,160.62
1587366000000,7169.2,7174.9,7158.4,7172.2,243.52
1587366900000,7172.1,7186.9,7172.1,7183.5,207.91
1587367800000,7183.6,7192.8,7174.4,7179.4,237.83
1587368700000,7179.2,7186.5,7171.7,7182.5,170.02
1587369600000,7182.5,7186.8,7135,7145.6,681.7
1587370500000,7145.6,7161,7145.6,7151.1,308.64
1587371400000,7151.1,7151.1,7137.7,7146.5,382.79
1587372300000,7146.2,7153.6,7146.2,7150,189.98
1587373200000,7150,7155.3,7142.4,7151.1,384.93
1587374100000,7150,7150,7135.5,7137,360.79
1587375000000,7137,7143.8,7120,7143,613.79
1587375900000,7143,7153.1,7142.7,7145.2,423.07
1587376800000,7145.3,7145.3,7115,7122.1,666.34
1587377700000,7122.1,7127.9,7095,7113.6,782.46
1587378600000,7113.5,7113.5,7030.1,7063,2133.8
1587379500000,7062.2,7080,7050,7073.2,543.75
1587380400000,7072.2,7078.9,7058,7076.6,360.61
1587381300000,7076.5,7076.6,7057.3,7059.4,363.11
1587382200000,7059.4,7067.7,7046.1,7048,335.35
1587383100000,7048.4,7048.9,6953,6969.9,2508.28
1587384000000,6968.3,6984,6916.9,6977,1641.06
1587384900000,6977.1,6999,6966.6,6976.3,497.1
1587385800000,6976.3,7031.9,6975.9,7026.8,707.77
1587386700000,7026.8,7066.5,7009.5,7038,1342.04
1587387600000,7038,7054.1,7020.2,7022.9,637.28
1587388500000,7022.8,7023,7011.4,7022,547.82
1587389400000,7022,7040.6,7008.7,7031.7,413.79
1587390300000,7033.3,7050,7020.3,7022.6,264.33
1587391200000,7021.2,7033.1,7010,7029.5,301.09
1587392100000,7028.6,7045,7025.3,7038.1,318.9
1587393000000,7036.9,7055,7032.7,7044.3,330.64
1587393900000,7045.7,7076,7045.7,7062.8,584.56
1587394800000,7062.9,7097.5,7051,7073.8,813.18
1587395700000,7073.9,7088.9,7068.1,7077.4,431.2
1587396600000,7077.5,7080.2,7054.7,7065.7,296.14
1587397500000,7065.6,7073,7058.1,7068.8,321.15
1587398400000,7069.8,7082.5,7057.9,7061.7,399.58
1587399300000,7061.7,7066.8,7032,7039.2,548.86
1587400200000,7039,7059.5,7027.1,7035,263.46
1587401100000,7035,7047.5,7031,7044.1,253.81
1587402000000,7044.2,7044.8,7000.3,7000.3,491.65
1587402900000,7000.5,7025,6985,7022,967.46
1587403800000,7022,7022,6919.3,6951.2,1521.05
1587404700000,6951.2,6951.2,6840,6873.9,2723.55
1587405600000,6875,6987.9,6830,6889.6,1575.16
1587406500000,6889.6,6915.3,6834.4,6867.6,959.83
1587407400000,6866.7,6908.4,6852.9,6890,560.55
1587408300000,6890.3,6927.5,6866.5,6866.7,701.76
1587409200000,6866.6,6892.9,6866.5,6880,301.89
1587410100000,6878.6,6878.6,6780,6848,1724.03
1587411000000,6848.8,6848.8,6780,6800,600.86
1587411900000,6800,6826.4,6772,6778.2,971.93
1587412800000,6778.2,6835.1,6755,6819.7,1026.67
1587413700000,6820.4,6860,6816.5,6833.1,392.09
1587414600000,6833.1,6871.6,6827.9,6863,240.05
1587415500000,6862.5,6868.6,6843.7,6858.8,242.6
1587416400000,6859.2,6878.3,6859.2,6862.8,178.28
1587417300000,6862.8,6873.5,6846.8,6860.4,161.23
1587418200000,6860.6,6861.6,6831,6838,160
1587419100000,6837.6,6860,6837.6,6846.6,212.49
1587420000000,6846.4,6885.1,6842.8,6884.2,284.34
1587420900000,6884.2,6891.3,6864.8,6875.2,253.7
1587421800000,6875.1,6885,6861.1,6868.1,210.28
1587422700000,6868.7,6884.6,6865.8,6875.9,234.23
1587423600000,6876,6883.2,6848,6852.9,261.44
1587424500000,6852.8,6854.9,6820,6845.1,407.13
1587425400000,6845.1,6870,6840,6840,280.97
1587426300000,6841.5,6847.3,6826.2,6830,187.37
1587427200000,6828.9,6872.3,6811.5,6860.4,439.69
1587428100000,6860.5,6888.8,6859.4,6874.2,411.79
1587429000000,6874.2,6917,6874.2,6889.4,641.03
1587429900000,6889.5,6901,6875.5,6878.1,294.08
1587430800000,6878.2,6893,6872.3,6879,226.45
1587431700000,6879,6910,6879,6902.4,513.78
1587432600000,6902.4,6902.4,6882.9,6888.8,310.81
1587433500000,6889.2,6889.2,6865.7,6873.9,240.88
1587434400000,6874,6884.5,6867.2,6880,177.14
1587435300000,6879.9,6885.2,6841.6,6856.1,414.53
1587436200000,6856.1,6863.1,6842.7,6849.6,563.19
1587437100000,6849.6,6859.9,6848,6850.5,277.88
1587438000000,6850.5,6867.7,6842,6866.1,344.84
1587438900000,6866.2,6866.2,6858.5,6866.1,152.45
1587439800000,6866,6875.6,6863.2,6863.2,148.32
1587440700000,6863.2,6863.2,6850,6858.9,178.42
1587441600000,6858.9,6864,6845,6861.1,466.51
1587442500000,6861.2,6861.2,6828.8,6843.5,425.88
1587443400000,6843.4,6843.9,6831.3,6831.4,258.42
1587444300000,6831.4,6850.9,6831.1,6849.6,253.53
1587445200000,6849.7,6854,6844.2,6846.8,209.76
1587446100000,6846.9,6887.5,6841.1,6882.4,533.78
1587447000000,6882.2,6885.6,6871,6873,383.81
1587447900000,6873,6888,6866.1,6883.2,256.3
1587448800000,6883.2,6897.6,6870.5,6871.1,424.03
1587449700000,6871.2,6882,6867.9,6875.7,217.74
1587450600000,6875.9,6889,6873.7,6888.9,253.72
1587451500000,6889,6889,6872.6,6872.6,222.4
1587452400000,6872.6,6880,6860,6864,264.61
1587453300000,6863.6,6877.1,6860.1,6866.3,218.55
1587454200000,6866.3,6880,6866.3,6873.6,231.89
1587455100000,6872.9,6877.3,6863.1,6876.1,120.28
1587456000000,6876.1,6889.9,6875.1,6875.1,303.56
1587456900000,6875.1,6875.1,6854,6864.8,390.03
1587457800000,6864.9,6869.4,6855,6857.3,240.34
1587458700000,6857.5,6864.4,6848,6859.6,294.28
1587459600000,6859.7,6868,6843.4,6851.7,272
1587460500000,6851.8,6851.8,6811.1,6816.5,782.36
1587461400000,6816.6,6835.7,6775,6799.9,1339.41
1587462300000,6800.1,6839.7,6768.5,6834.4,1017.98
1587463200000,6834.2,6850,6817.6,6831.5,805.89
1587464100000,6831,6833,6805,6813.4,394.61
1587465000000,6812.8,6827.2,6804,6820,243.71
1587465900000,6820.1,6827.9,6801.5,6804.8,227.32
1587466800000,6804.9,6822.5,6778,6791.4,556.51
1587467700000,6791.3,6816,6760,6811.2,797.19
1587468600000,6811.3,6826.9,6806.4,6810.6,418.5
1587469500000,6810.1,6817.2,6790,6794.3,499.2
1587470400000,6794.9,6825,6780,6817,779.56
1587471300000,6817,6841.9,6808.1,6825,571.81
1587472200000,6825,6836,6818,6820,388.25
1587473100000,6819.9,6822.1,6799.7,6806.9,410.84
1587474000000,6807,6827,6806,6824,326.31
1587474900000,6824,6825.7,6800,6811.6,418.66
1587475800000,6811.6,6815.4,6781.7,6788,575.99
1587476700000,6788.3,6838.9,6788.3,6830.4,744.67
1587477600000,6830.4,6839.9,6824.1,6831.4,512.9
1587478500000,6831.4,6841.4,6821.7,6835,374.66
1587479400000,6836,6875.6,6836,6841.7,1466.42
1587480300000,6841.7,6853,6812,6815.1,598.69
1587481200000,6815.1,6843,6804.1,6818,574.53
1587482100000,6818.1,6828,6812.5,6814.4,299.2
1587483000000,6815.9,6835,6800,6810.1,399.31
1587483900000,6810.1,6840,6802.1,6827.7,345.77
1587484800000,6827.1,6839.7,6817.7,6830,500.1
1587485700000,6829.9,6852,6819.5,6848.1,554.75
1587486600000,6848.1,6851.2,6825.7,6829.3,462.36
1587487500000,6829.2,6855.5,6828,6846.1,447.47
1587488400000,6846.2,6860,6833.7,6836.9,310.45
1587489300000,6836.8,6858,6835.9,6853.7,231.55
1587490200000,6853.6,6875,6840,6873,608.77
1587491100000,6872.9,6939.9,6811.7,6896.8,2267.28
1587492000000,6896.9,6904.9,6875.9,6883,453.59
1587492900000,6883.2,6905,6879.8,6893.8,393.96
1587493800000,6895.2,6897,6869.1,6870.1,340.58
1587494700000,6870.4,6884.4,6870.4,6874.1,248.29
1587495600000,6874.1,6893.2,6869.3,6889.6,240.79
1587496500000,6891.1,6897.5,6882.9,6886.4,247.48
1587497400000,6884.9,6896,6875,6884.8,220.37
1587498300000,6884.8,6887.9,6863.7,6863.7,216.04
1587499200000,6862.4,6875.1,6854.7,6865.7,253.46
1587500100000,6867.1,6873.4,6861.8,6871,143.86
1587501000000,6870.9,6881.5,6862.5,6876.8,95.37
1587501900000,6876.8,6886,6872.4,6882.3,171.15
1587502800000,6882.6,6884.7,6868.3,6876.2,129.92
1587503700000,6874.7,6886.3,6874.7,6881,71.1
1587504600000,6881.1,6900,6877.9,6899.8,220.04
1587505500000,6899.9,6910.4,6886,6890.7,162.59
1587506400000,6889.3,6899,6875.3,6879.4,118.29
1587507300000,6879.3,6882.7,6871,6878.2,112.48
1587508200000,6878.2,6891.6,6878.2,6890,99.74
1587509100000,6890.4,6890.4,6882.7,6888.4,94.11
1587510000000,6888.5,6897.5,6880,6880.3,249.03
1587510900000,6879.7,6885.1,6879.7,6880.9,94.23
1587511800000,6881,6882,6830.6,6836.9,327.15
1587512700000,6836.8,6848.4,6832.9,6843,272.69
1587513600000,6841.9,6860,6830,6846,302.24
1587514500000,6846,6854.4,6824,6844.7,381.97
1587515400000,6843.6,6843.6,6818,6827.3,465.46
1587516300000,6827.2,6838,6816,6833.8,362.51
1587517200000,6833.8,6833.8,6817.2,6826.8,267.45
1587518100000,6827.2,6844,6827.1,6839.1,312.49
1587519000000,6839.6,6847.4,6830.5,6843.9,215.82
1587519900000,6843.2,6850,6838.8,6850,149.02
1587520800000,6850,6851.1,6843.9,6846,196.25
1587521700000,6846,6865,6844.9,6858.2,315.5
1587522600000,6857.9,6875,6857.9,6874.9,320.28
1587523500000,6875,6885,6864,6864.9,369.91
1587524400000,6864.9,6871.2,6862.7,6862.7,170.43
1587525300000,6862.8,6868.3,6848.5,6853.3,361.28
1587526200000,6853.3,6860.2,6850.9,6854.3,195.77
1587527100000,6854.4,6866.9,6854.4,6861.2,192.15
1587528000000,6862.5,6862.5,6845,6859.7,310.3
1587528900000,6859.7,6869,6858.5,6865.7,221.57
1587529800000,6865.7,6866,6862.4,6863.1,144.48
1587530700000,6863.2,6864,6848.8,6850.2,219.61
1587531600000,6850.8,6857.5,6848.7,6854.4,205.07
1587532500000,6854.3,6862.2,6851.9,6858.9,114.07
1587533400000,6858.8,6883.5,6856.7,6874.8,395.75
1587534300000,6874.7,6908,6874.6,6897.9,854.81
1587535200000,6897.7,6900,6878.1,6886.2,368.11
1587536100000,6886.1,6916,6886.1,6900.8,723.87
1587537000000,6900.8,6900.8,6890.3,6893.1,289.99
1587537900000,6893.2,6930,6892.1,6929.9,510.52
1587538800000,6929.9,6930,6913,6918.4,473.03
1587539700000,6918.8,6947.2,6915.1,6933.3,774.49
1587540600000,6933.4,6960,6933.4,6946,1049.46
1587541500000,6946.1,6955,6930,6938.1,494.93
1587542400000,6938,6939.8,6925,6929.6,416.07
1587543300000,6929.9,6945,6925,6927.9,388.63
1587544200000,6927.9,6940,6919.9,6932.9,340.44
1587545100000,6932.9,6949.6,6929.1,6944.9,402.4
1587546000000,6944.9,6970.7,6944.9,6951.7,1142.33
1587546900000,6951.7,6953.6,6944.2,6944.5,402.73
1587547800000,6944.4,6953.1,6936.7,6946.9,377.14
1587548700000,6946.2,6955,6941.5,6941.6,337.29
1587549600000,6941.6,6951,6926.1,6930,390.79
1587550500000,6930,6945.9,6926.6,6941.7,278.95
1587551400000,6941.7,6943,6932.5,6932.5,120.98
1587552300000,6932.1,6937,6926.7,6934.3,174.42
1587553200000,6934.3,6950.6,6931.9,6950.6,370.85
1587554100000,6950.7,6960,6944,6951.5,234.3
1587555000000,6951.9,6953.6,6936.1,6940,236.95
1587555900000,6940,6952,6934.7,6952,261.87
1587556800000,6951.9,6963.3,6928.3,6934.9,477.31
1587557700000,6935,6940.5,6927,6935.2,349.27
1587558600000,6935.3,6947.4,6930,6944.6,258.44
1587559500000,6944.6,6956.2,6943,6953.3,240.8
1587560400000,6953.3,6958,6944.8,6957.1,269.41
1587561300000,6956.2,7080,6956.2,7045.2,3670.42
1587562200000,7045.2,7073,7035,7052.1,1659.65
1587563100000,7052.2,7096,7046.1,7057.2,1281.49
1587564000000,7057.2,7068.7,7046,7057.6,664.05
1587564900000,7057.6,7090,7057.6,7081,502.69
1587565800000,7081.1,7130,7080,7102.6,1699.55
1587566700000,7102.6,7120.9,7081.7,7088.3,793.67
1587567600000,7088.3,7099,7074,7090.8,452.97
1587568500000,7090.8,7104.4,7086.9,7089.5,311.79
1587569400000,7089.5,7098.4,7082.5,7098.4,277.27
1587570300000,7098.3,7114.2,7097,7113.1,379.13
1587571200000,7113.5,7136.7,7091.8,7100.1,852.94
1587572100000,7100.1,7119.4,7100.1,7115.8,465.46
1587573000000,7115.2,7150,7114.6,7130.8,992.87
1587573900000,7130.9,7150,7110,7116.8,651.97
1587574800000,7116.9,7123.4,7099,7102.5,404.02
1587575700000,7102.4,7114.9,7101,7114,233.37
1587576600000,7114,7119.8,7095.5,7095.5,174.46
1587577500000,7095.6,7099.4,7070,7082,578.83
1587578400000,7082,7096.1,7080.1,7085,239.33
1587579300000,7085,7092.7,7079.2,7089.8,197.66
1587580200000,7088,7119.5,7088,7114.4,255.27
1587581100000,7116.1,7116.1,7091.3,7093.7,293.06
1587582000000,7092.4,7103.8,7088,7094,216.16
1587582900000,7093.9,7102.5,7092.4,7095.2,105.55
1587583800000,7094.1,7105.4,7093.9,7105.4,187.48
1587584700000,7105.5,7115.8,7084.5,7084.9,265.03
1587585600000,7085,7098.3,7078,7093.4,258.79
1587586500000,7092.9,7107.9,7092.9,7102.4,196.17
1587587400000,7104,7105.5,7092.9,7094.8,105.69
1587588300000,7095.8,7110.9,7095.8,7108.1,91.58
1587589200000,7108.8,7130,7108.8,7128.9,223.2
1587590100000,7129,7130,7118.7,7118.7,127.87
1587591000000,7118.4,7118.4,7093.9,7103.1,116.68
1587591900000,7102.6,7104.9,7086,7090.2,214.75
1587592800000,7090.4,7096.3,7085.2,7095.7,210.87
1587593700000,7095.7,7104.9,7095.4,7099.5,113.02
1587594600000,7099.5,7104.6,7096.4,7104.1,79.3
1587595500000,7104.1,7116.5,7104.1,7110.5,183.51
1587596400000,7111.1,7121.9,7108.9,7114,214.55
1587597300000,7114,7123.3,7098.7,7104.4,321.88
1587598200000,7105.5,7114.2,7102.8,7113.7,254.16
1587599100000,7113.6,7129,7110.2,7127.2,304.13
1587600000000,7127.2,7145,7103.1,7114.2,632.76
1587600900000,7114.3,7114.3,7100.5,7106.6,331.43
1587601800000,7106.6,7115.2,7103.4,7111,343.7
1587602700000,7111,7121.4,7110.9,7117.4,256.27
1587603600000,7117.4,7130.2,7113.3,7123.5,394
1587604500000,7123.6,7142,7122.9,7133.5,401.44
1587605400000,7133.5,7169.6,7133.5,7153.1,846.75
1587606300000,7153.1,7178,7147,7166.4,629.27
1587607200000,7166.5,7179,7123,7136.3,765.46
1587608100000,7136.2,7145,7129.7,7131.6,401.78
1587609000000,7131.8,7142,7120,7142,325.29
1587609900000,7141.9,7143.1,7123.4,7123.4,341.44
1587610800000,7123.5,7134.4,7113.3,7134.4,488.5
1587611700000,7134.4,7148,7130.3,7131.3,306.75
1587612600000,7131.4,7134.9,7125.2,7129,136.11
1587613500000,7129,7133.9,7110,7115,312.9
1587614400000,7115,7122.3,7108,7109.1,550.12
1587615300000,7109.1,7118.7,7096.2,7117.1,373.39
1587616200000,7117.1,7127.5,7117.1,7118.7,218.42
1587617100000,7118.7,7128.7,7112.6,7126.4,190.9
1587618000000,7126.4,7130,7120.6,7122.1,270.6
1587618900000,7122.2,7131.9,7120.4,7125.6,170.4
1587619800000,7125.6,7128.1,7114.5,7114.7,248.22
1587620700000,7114.8,7122.9,7094.8,7102,543.98
1587621600000,7101.5,7101.5,7040,7052.2,2194.57
1587622500000,7052.2,7061.8,7037,7060,711.32
1587623400000,7060,7074.6,7057.8,7061.5,530.56
1587624300000,7061.4,7068.1,7025.1,7041.5,627.32
1587625200000,7041.4,7063,7032.3,7059.2,392.81
1587626100000,7059.2,7070,7054,7069.9,387.46
1587627000000,7069.9,7069.9,7055.4,7056.5,381.17
1587627900000,7056.4,7061.4,7052.9,7058.2,186.47
1587628800000,7057.6,7078.3,7045.3,7072.2,310.02
1587629700000,7073.5,7086.9,7070,7082.3,399.5
1587630600000,7082.3,7095,7074.2,7092,420.28
1587631500000,7092,7095.2,7073.3,7077.6,242.55
1587632400000,7077.6,7077.7,7050,7067.7,306.96
1587633300000,7067.7,7076.4,7066.9,7076.4,341.95
1587634200000,7076.4,7082.6,7070.8,7072.4,296.58
1587635100000,7073.4,7094.2,7069.7,7093.4,375.41
1587636000000,7094.1,7096.7,7084,7094.5,394.07
1587636900000,7092.8,7092.8,7078.9,7088,360.3
1587637800000,7088,7088.4,7071.5,7081.6,473.14
1587638700000,7081.5,7081.6,7060.4,7063.7,364.86
1587639600000,7063.7,7075.2,7061.5,7072.4,297.1
1587640500000,7072,7082.3,7066,7082.3,355.87
1587641400000,7082.2,7137.6,7077.1,7124,920.13
1587642300000,7124,7145,7120.3,7130,785.44
1587643200000,7129.9,7149,7105,7122.9,632.86
1587644100000,7122.9,7165,7122.9,7154.1,898.19
1587645000000,7154.1,7179.9,7145.6,7170.8,888.72
1587645900000,7170.8,7177.6,7159.8,7170.1,628.57
1587646800000,7170,7171.3,7150.4,7160.7,515.11
1587647700000,7160.8,7171.7,7150,7162.6,547.6
1587648600000,7162.6,7241.6,7152.5,7209.8,2846.23
1587649500000,7209.8,7250,7202,7232.4,1252.28
1587650400000,7232.5,7413,7231.9,7349.9,5382.01
1587651300000,7350,7800,7350,7530.3,11133.68
1587652200000,7531.2,7603.5,7490.9,7531.4,2551.26
1587653100000,7531.4,7570,7526.4,7542.4,1058.71
1587654000000,7543.2,7558.8,7464.5,7493.5,1183.49
1587654900000,7493.5,7536,7493.5,7528.7,661.98
1587655800000,7527.8,7550,7527.7,7540.9,638.2
1587656700000,7540.8,7549.9,7517.6,7534.7,462.7
1587657600000,7533.5,7608.5,7531.7,7553.8,1495.81
1587658500000,7553.8,7553.9,7532.9,7547.6,447.17
1587659400000,7549.2,7549.6,7494,7501.4,644.82
1587660300000,7501.7,7530.3,7482,7505,689.35
1587661200000,7505,7535.6,7505,7532.3,429.7
1587662100000,7532.6,7542.2,7512.1,7519.5,467.99
1587663000000,7519.6,7530,7516.2,7521.1,243.2
1587663900000,7521.1,7555,7521.1,7551.9,514.18
1587664800000,7551.9,7570.3,7511.1,7526.4,574.66
1587665700000,7524.8,7535.4,7519,7522.5,314.46
1587666600000,7522.5,7538.1,7519.3,7535.6,329.23
1587667500000,7535.6,7545,7529.9,7542,405.82
1587668400000,7542.1,7542.2,7513.7,7523.2,314.15
1587669300000,7523.2,7535.4,7514.1,7530.7,498.16
1587670200000,7531.1,7548,7519.5,7536,416.59
1587671100000,7534.6,7537.1,7523.7,7527.3,547.81
1587672000000,7526.5,7543.5,7524.7,7537.4,425.34
1587672900000,7537.4,7560,7535.2,7551.6,506.89
1587673800000,7552,7561,7546.4,7551.3,340.45
1587674700000,7551.3,7552,7530,7532.3,315.31
1587675600000,7532.4,7543.8,7532.4,7538.9,138.18
1587676500000,7539.8,7564.9,7539.8,7552,627.99
1587677400000,7552,7563.3,7552,7562.1,402.6
1587678300000,7563.1,7609.8,7563.1,7587.1,567.92
1587679200000,7587.1,7595.2,7565.2,7570.3,390.57
1587680100000,7570.2,7570.2,7538.9,7556.6,450.08
1587681000000,7556.7,7569,7543.1,7562.2,369.82
1587681900000,7562.6,7564,7550.5,7563.9,354.27
1587682800000,7563.9,7563.9,7492.4,7511.8,465.63
1587683700000,7511.8,7531.8,7500.1,7512.1,533.36
1587684600000,7512,7521.4,7433,7482,1011.27
1587685500000,7482,7485,7450,7485,509.17
1587686400000,7483.6,7528.4,7472.4,7520.5,865.01
1587687300000,7520.5,7534.9,7481,7492.7,1430.83
1587688200000,7492.8,7501.5,7478.2,7486.7,480.84
1587689100000,7486.7,7503.2,7486.6,7489.9,425.98
1587690000000,7489.8,7514.9,7489.8,7508.1,490.63
1587690900000,7509.2,7513.3,7490,7495,555.03
1587691800000,7495.1,7503.3,7471.2,7471.2,397.88
1587692700000,7470.8,7486.1,7462.7,7483.2,592.79
1587693600000,7483.3,7490,7477.1,7486.5,515.35
1587694500000,7487.3,7508.7,7485,7491.9,424.6
1587695400000,7491.9,7509.9,7491.3,7504.8,383.1
1587696300000,7504.8,7530.9,7504.8,7521.3,486.16
1587697200000,7521.3,7521.3,7504,7510.8,486.87
1587698100000,7510.9,7541,7510.5,7537,467.75
1587699000000,7537.1,7550,7525.1,7533,437.48
1587699900000,7533.1,7533.1,7517.8,7523,311.11
1587700800000,7523.2,7542.9,7510,7514.4,387.82
1587701700000,7514.4,7515.5,7500,7511.9,425.5
1587702600000,7511.9,7530,7505.2,7530,271.56
1587703500000,7529.9,7544,7521.9,7542.3,361.83
1587704400000,7542.3,7542.4,7510,7520,321.67
1587705300000,7519.9,7519.9,7504.5,7517.9,392.55
1587706200000,7517.9,7523.6,7517.5,7521.2,330.82
1587707100000,7521.2,7522,7484.3,7490.5,404.39
1587708000000,7491.1,7511.8,7491.1,7503.4,359.36
1587708900000,7503.9,7514,7503.9,7508.6,247.23
1587709800000,7509.3,7525,7508.5,7518.3,398.32
1587710700000,7518.4,7529.9,7518.3,7526.4,412.12
1587711600000,7526.4,7544,7516.8,7540.8,514.3
1587712500000,7540.8,7546,7526.1,7535.9,478.87
1587713400000,7536,7579,7533.1,7570,919.59
1587714300000,7570,7584.8,7554.8,7568,521.84
1587715200000,7568.5,7578.5,7520.1,7539,957.39
1587716100000,7538.9,7565,7533,7555.3,475.37
1587717000000,7555.3,7555.3,7538.3,7544,345.54
1587717900000,7544,7556.6,7536.2,7551.9,315.35
1587718800000,7551.6,7571.9,7544.7,7569.6,416.36
1587719700000,7569.6,7611.4,7559,7599.3,905.58
1587720600000,7599.2,7601.9,7571.4,7577.2,662.28
1587721500000,7577.2,7583.6,7566.5,7576.8,604.96
1587722400000,7576.7,7576.8,7532.7,7538.7,847.61
1587723300000,7538.2,7549.9,7525,7532.8,548.78
1587724200000,7533.3,7533.3,7500,7513.2,888.63
1587725100000,7513,7535.6,7512.6,7532.7,365.28
1587726000000,7534.2,7604.1,7520.3,7530.1,1276.84
1587726900000,7530.1,7530.2,7471.5,7505.1,1137
1587727800000,7505,7522.6,7479,7522.2,775.86
1587728700000,7522.8,7522.9,7490,7495,487.64
1587729600000,7494.9,7510.7,7453,7505.3,1151.91
1587730500000,7505.2,7518,7504.2,7505.9,471.49
1587731400000,7505.9,7520,7490.9,7517.3,490.12
1587732300000,7517.2,7531.7,7504.1,7510.1,414.34
1587733200000,7510.1,7523.7,7493,7502,385.03
1587734100000,7502,7510.6,7490,7510.6,269.65
1587735000000,7510.6,7516.6,7499.8,7502.1,335.76
1587735900000,7502,7503.7,7481.1,7483,693.58
1587736800000,7483,7495,7461.6,7462.3,742.89
1587737700000,7462.2,7477,7400,7436.3,2075.35
1587738600000,7436.1,7464.7,7432.3,7458.2,603.23
1587739500000,7459.4,7515.9,7458,7502,811.75
1587740400000,7502,7510,7484.6,7492.1,670.91
1587741300000,7491.5,7502.4,7486.1,7495.5,358.52
1587742200000,7495.4,7522,7493.5,7507.2,494.68
1587743100000,7507.1,7518.9,7501.1,7505.4,348.15
1587744000000,7505.5,7515.3,7493,7494.2,367.98
1587744900000,7494.2,7499.8,7477.9,7493.8,403.37
1587745800000,7493.9,7516,7493.9,7508.4,257.14
1587746700000,7508.4,7521.5,7508.4,7516.9,411.23
1587747600000,7516.9,7518,7499.3,7499.3,508.7
1587748500000,7498.7,7514.9,7498.6,7499.7,383.21
1587749400000,7502.9,7513.2,7496.1,7513.2,389.7
1587750300000,7513.3,7514.9,7503,7504.6,660.5
1587751200000,7504.5,7544.2,7504.5,7529.3,520.57
1587752100000,7529.3,7544.8,7521.2,7523,243.6
1587753000000,7523,7523,7506.5,7511.5,371.39
1587753900000,7511.5,7522.6,7511,7514.8,121.1
1587754800000,7514.9,7514.9,7501.1,7509.3,256.16
1587755700000,7509.4,7513.9,7502.4,7511.6,346.9
1587756600000,7510.6,7524.9,7507.9,7520.8,264.65
1587757500000,7519.8,7521.9,7500.5,7520.4,322.8
1587758400000,7521.1,7534,7520.1,7532.4,187.23
1587759300000,7532.5,7542.9,7526.4,7529.4,301.03
1587760200000,7529.4,7540.9,7529.4,7530.1,405.21
1587761100000,7530,7534.3,7520.3,7525,155.78
1587762000000,7525.1,7535.2,7525.1,7535,52.82
1587762900000,7534.9,7548.9,7534.9,7539.2,136.76
1587763800000,7538.5,7542,7527,7527,539.54
1587764700000,7526.8,7530.7,7494.4,7496,317.72
1587765600000,7495.3,7515,7485,7507.1,207.15
1587766500000,7507.7,7517,7490.3,7507.1,217.92
1587767400000,7507.2,7507.2,7470.2,7474.9,452.19
1587768300000,7476.4,7498.7,7476.3,7486.7,221.14
1587769200000,7486.8,7506.3,7486.8,7500.9,284.53
1587770100000,7500.9,7503.2,7491.4,7493.5,426.25
1587771000000,7493.5,7503.2,7486.8,7501.2,264.83
1587771900000,7501.2,7501.2,7495,7500.6,316.11
1587772800000,7502.1,7508.1,7459.1,7471.9,339.26
1587773700000,7471.9,7483.3,7458,7482.9,394.9
1587774600000,7483,7489.5,7455.4,7460.7,429.24
1587775500000,7460.7,7471.8,7432,7470.9,593.37
1587776400000,7470.9,7488.5,7450.3,7483.3,390.9
1587777300000,7483.4,7496.7,7483.3,7489.9,420.66
1587778200000,7490.2,7497,7483,7483.9,304.1
1587779100000,7484,7500,7483,7483,536.17
1587780000000,7483,7484.5,7477,7484.4,264.45
1587780900000,7484.4,7499,7484.4,7498.1,313.38
1587781800000,7498.2,7504.9,7493.8,7501.7,149.69
1587782700000,7501.7,7501.7,7488.8,7488.9,226.12
1587783600000,7488.9,7494,7488.8,7490.6,159.94
1587784500000,7491.1,7500,7491.1,7499.9,299.01
1587785400000,7499.9,7524.1,7499.6,7508.3,569.23
1587786300000,7508.3,7523.7,7507.9,7517.4,280.24
1587787200000,7518,7524.3,7503.4,7508.3,237.36
1587788100000,7508.3,7508.6,7495.9,7503.5,310.82
1587789000000,7503.4,7519.1,7502.7,7512.6,295.28
1587789900000,7512,7520.8,7512,7516.1,366.48
1587790800000,7516.2,7533.4,7515.7,7529.5,453.66
1587791700000,7529.5,7545,7529.5,7535.1,540.46
1587792600000,7535,7538.2,7522.5,7529.4,420.07
1587793500000,7529.5,7561,7529.5,7561,583.88
1587794400000,7560.9,7574,7541.6,7543,790.41
1587795300000,7543.1,7549.5,7535.8,7538.5,429.66
1587796200000,7540.1,7544.5,7530.2,7541.1,347.21
1587797100000,7541.1,7588,7541.1,7578,726.01
1587798000000,7578,7589.7,7552.4,7558.8,555.11
1587798900000,7558.7,7561.7,7550,7550.1,283.34
1587799800000,7550,7564.5,7545.9,7546.9,334.13
1587800700000,7546.8,7557.6,7545,7556.7,323.85
1587801600000,7556.8,7573.3,7530,7530,672.61
1587802500000,7530,7547.2,7524.4,7530.5,481.24
1587803400000,7530.4,7541,7528,7533.4,226.76
1587804300000,7533.4,7551.1,7510.4,7549.7,466.29
1587805200000,7549.8,7557.3,7534.4,7535.5,427.87
1587806100000,7535.4,7551.4,7535.4,7548.4,268.15
1587807000000,7548.4,7556.5,7544.7,7551.1,367.06
1587807900000,7551.4,7565.9,7551.4,7558.7,224.37
1587808800000,7558.7,7559.6,7551.4,7551.4,259.13
1587809700000,7551.1,7551.1,7537,7541.1,287.86
1587810600000,7541.2,7551.4,7538.1,7548.8,236.2
1587811500000,7548.8,7570,7548.8,7561,331.25
1587812400000,7562.5,7575,7555,7570.2,429.51
1587813300000,7570.2,7600,7525,7537.6,1417.99
1587814200000,7537.6,7548.7,7514.3,7536.1,508.15
1587815100000,7536.2,7553.7,7529.9,7531.2,515.44
1587816000000,7531,7545.6,7529.6,7540.5,465.08
1587816900000,7540.5,7546.3,7537.8,7538.6,162.83
1587817800000,7538.6,7560.2,7538.5,7550,439.41
1587818700000,7550.1,7564.2,7550.1,7553.1,584.17
1587819600000,7553.1,7576.1,7552.6,7569.5,389.03
1587820500000,7569.6,7571.5,7560,7561.7,302.63
1587821400000,7561.6,7566.1,7557,7562.7,285.23
1587822300000,7562.8,7598.7,7562.8,7598.6,648.86
1587823200000,7598.6,7599.5,7567.1,7578.2,691.4
1587824100000,7577,7577,7560,7574,397
1587825000000,7574,7593.4,7570.4,7570.4,444.74
1587825900000,7570.4,7591.7,7535,7575.1,836.67
1587826800000,7576.9,7583.5,7565.5,7574.3,324.15
1587827700000,7574.3,7589.1,7566.6,7575,308.54
1587828600000,7575.2,7592,7575.2,7582.6,453.57
1587829500000,7582.6,7715.9,7516,7532.8,3776.82
1587830400000,7532.7,7549,7480,7536.4,1605.55
1587831300000,7536.3,7564,7530,7549.9,701.9
1587832200000,7549.9,7551,7527.8,7542.3,435.23
1587833100000,7541.2,7555,7535.2,7545.3,297.61
1587834000000,7545.4,7554.7,7540.5,7551,416.24
1587834900000,7551,7551,7533,7541.4,389.43
1587835800000,7541.5,7541.5,7522.1,7531.8,225.73
1587836700000,7531.8,7542.4,7531.8,7537.9,195.16
1587837600000,7537.8,7545,7526.8,7530.4,224.93
1587838500000,7530.4,7536.2,7525.2,7531.1,179.6
1587839400000,7531,7541.8,7529.4,7536.4,211.95
1587840300000,7536.4,7538.2,7530,7530,183.77
1587841200000,7529.4,7538.8,7516,7538.8,280.48
1587842100000,7538.4,7549.1,7531.1,7547.6,252.45
1587843000000,7547.8,7549.4,7541.2,7544.7,654.93
1587843900000,7544.7,7546.1,7537,7543,169.67
1587844800000,7543,7556.9,7543,7550.3,214.12
1587845700000,7550.3,7556,7544.2,7547.5,130.83
1587846600000,7548.1,7551.5,7544.7,7547.2,54.72
1587847500000,7547.8,7552.9,7546.3,7547.2,85.92
1587848400000,7546.3,7546.3,7528.2,7528.7,274.48
1587849300000,7528.6,7537.7,7523.1,7533.4,400.43
1587850200000,7532.3,7532.3,7511,7516.5,369.06
1587851100000,7516.5,7530.9,7502.9,7525,263.6
1587852000000,7525.4,7540.5,7519.2,7539.9,221.99
1587852900000,7539.9,7545,7534.5,7541.2,205.56
1587853800000,7542.3,7549.4,7534.1,7534.5,516.05
1587854700000,7534.5,7537.2,7526.8,7536,263.56
1587855600000,7536.1,7536.1,7519.3,7522,294.83
1587856500000,7521,7526.7,7514,7523,241.1
1587857400000,7523,7535,7515.4,7534.9,309.04
1587858300000,7535,7539.2,7534.5,7537.4,174.49
1587859200000,7537.4,7541.9,7524.6,7541.6,140.95
1587860100000,7541.6,7553.1,7537.7,7552.9,279.52
1587861000000,7552.8,7567.6,7549.1,7560.6,392.64
1587861900000,7560.4,7567.6,7548.3,7565.1,332.42
1587862800000,7565,7567,7553.2,7559.9,210.31
1587863700000,7560,7573.4,7558.1,7567.4,249.14
1587864600000,7567.4,7580.4,7559.5,7569.2,313.33
1587865500000,7569.2,7570.8,7555,7558.7,118.63
1587866400000,7559.5,7559.5,7549.8,7556.1,148.92
1587867300000,7556,7569.1,7553.5,7567.5,323.59
1587868200000,7567.3,7576.3,7562,7573.6,208.18
1587869100000,7573.6,7581.8,7558.3,7564.7,484.14
1587870000000,7564.8,7564.8,7556.7,7561.7,303.08
1587870900000,7561.6,7571.3,7561.6,7565.2,242.1
1587871800000,7565.1,7565.4,7556.8,7559.7,138.77
1587872700000,7559.7,7565,7550,7564.5,178.54
1587873600000,7564.5,7564.5,7556.5,7556.5,90.96
1587874500000,7556.6,7556.6,7540,7543.1,260.24
1587875400000,7543.1,7553.1,7541.2,7552.7,185.09
1587876300000,7552.7,7558.4,7546.6,7558.2,263.34
1587877200000,7558.3,7558.3,7548.4,7548.5,158.32
1587878100000,7548.5,7548.5,7532.1,7538.7,353.42
1587879000000,7538.7,7541.3,7532.4,7541.3,249.64
1587879900000,7541.3,7546.2,7531,7531.5,286.82
1587880800000,7531.5,7550.6,7526,7548.3,353.07
1587881700000,7548.3,7552.2,7539.2,7549.9,132.06
1587882600000,7549.8,7549.9,7540.6,7545.6,190.45
1587883500000,7545.7,7549.4,7542,7549.4,254.23
1587884400000,7549.4,7558,7549.3,7555,376.39
1587885300000,7555,7559.6,7546.3,7547.8,133.72
1587886200000,7547.8,7549.5,7540,7545.7,246.2
1587887100000,7545.7,7549.1,7539.8,7547.3,90.38
1587888000000,7546.9,7549,7546.9,7547,117.13
1587888900000,7547,7547,7534.4,7540.7,130.43
1587889800000,7539.5,7549.5,7531.1,7546.4,265.9
1587890700000,7546.4,7554.9,7546.4,7551.5,212.56
1587891600000,7551.5,7567.9,7551.4,7562,262.48
1587892500000,7562,7573.4,7562,7566.7,265.07
1587893400000,7566.7,7573.9,7558.8,7573.4,265.2
1587894300000,7573.3,7596,7573.1,7583.2,923.59
1587895200000,7583.3,7598,7571.1,7584.5,502.71
1587896100000,7584.5,7595.6,7577,7581.2,459.85
1587897000000,7581.2,7599.5,7580.9,7597,414.43
1587897900000,7597,7666,7595,7645.4,1982.86
1587898800000,7645.5,7680,7616.6,7680,1002.28
1587899700000,7680.6,7686,7626.6,7653.4,742.69
1587900600000,7653.3,7657.5,7640.5,7656.2,384.23
1587901500000,7657.2,7665,7644,7660.6,331.32
1587902400000,7660.7,7669.3,7629.2,7641.5,480.52
1587903300000,7641.5,7649,7630,7640.2,286.14
1587904200000,7640.2,7655,7640.2,7652.7,259.48
1587905100000,7652.7,7667.8,7641,7643.9,376.75
1587906000000,7643.8,7688,7643.8,7661.5,496.02
1587906900000,7661.1,7709,7626.5,7650,1675.78
1587907800000,7650.7,7677,7650.7,7676.9,484.12
1587908700000,7676.9,7695.8,7664.6,7679.9,478.53
1587909600000,7680,7704.2,7647.6,7661.7,801.5
1587910500000,7660.6,7666.6,7655.1,7662.4,301.49
1587911400000,7663,7673.7,7648.3,7657.9,314.87
1587912300000,7657.9,7658.5,7626.6,7638.6,513.31
1587913200000,7638.1,7638.1,7483.2,7544.8,2772.51
1587914100000,7544.8,7565,7532,7550.9,849.51
1587915000000,7550.9,7561.9,7541.7,7556.3,466.87
1587915900000,7556.2,7565,7545,7545.1,495.36
1587916800000,7545,7561.7,7533,7561.7,413.68
1587917700000,7561.7,7578,7559.9,7565.9,304.08
1587918600000,7563.5,7584.8,7558.6,7567.3,275.63
1587919500000,7567.4,7576.1,7557.7,7560.8,456.72
1587920400000,7559.8,7564.9,7553.1,7563.2,406.6
1587921300000,7562.3,7570,7561,7566.2,231.43
1587922200000,7566.3,7571.5,7565,7565.2,171.59
1587923100000,7564.7,7586,7564.7,7576.6,312.44
1587924000000,7576.5,7613,7566.3,7594.9,551.91
1587924900000,7595,7613.8,7590.6,7606.8,281.29
1587925800000,7606.9,7630,7606.9,7619.8,358.61
1587926700000,7619.6,7629.9,7612.2,7622.7,182.34
1587927600000,7622.4,7622.4,7607.3,7615.2,230.67
1587928500000,7615.3,7622.6,7615.1,7615.1,63.93
1587929400000,7615.1,7621,7609.2,7620.9,277.66
1587930300000,7621,7655,7621,7645.5,241.96
1587931200000,7645.5,7653.2,7630.3,7643.9,282.72
1587932100000,7643.8,7649.6,7639.8,7640.4,305.49
1587933000000,7640.5,7648,7622.8,7631,237.75
1587933900000,7631.3,7641,7631.3,7640.9,185.04
1587934800000,7641,7653.7,7628.7,7628.7,132.82
1587935700000,7628.8,7651.2,7626.4,7629.9,411.24
1587936600000,7629.9,7631.3,7612,7618.9,200.63
1587937500000,7619,7626.2,7617.7,7625.3,112.58
1587938400000,7625.7,7635.9,7581,7594.5,411.31
1587939300000,7595.2,7611.5,7580.2,7608.3,428
1587940200000,7609.1,7609.1,7586.8,7597.3,134.2
1587941100000,7598.7,7613,7592.2,7610.6,396.74
1587942000000,7611.2,7643,7611.2,7640.7,600.51
1587942900000,7640.7,7661,7625.9,7655,392.22
1587943800000,7655,7689,7655,7665.5,654.96
1587944700000,7667,7695,7667,7692.8,453.81
1587945600000,7692.8,7800,7692.8,7721.8,2401.93
1587946500000,7720.6,7779.9,7720.6,7747.2,771.34
1587947400000,7747.2,7762.8,7714.4,7723.8,588.64
1587948300000,7723.8,7744,7711.5,7740.9,417.23
1587949200000,7741,7768.6,7735.3,7756.6,516.83
1587950100000,7757.1,7799.7,7648.3,7738.8,2429.68
1587951000000,7738.3,7747,7670.1,7695.4,825.76
1587951900000,7695.4,7706,7680,7696.6,665.81
1587952800000,7697.2,7725.6,7687.8,7704.8,448.88
1587953700000,7704.8,7711.8,7689.2,7708.6,354.68
1587954600000,7709.3,7726.5,7706.8,7720.5,494.16
1587955500000,7720.5,7733.2,7720.5,7731.9,482.54
1587956400000,7732,7751.4,7719.8,7726.5,367.52
1587957300000,7726.6,7738.3,7720.2,7737.8,474.15
1587958200000,7737.9,7748,7725.1,7726.2,494.15
1587959100000,7726.4,7740.5,7722.2,7730,397.61
1587960000000,7729.9,7729.9,7708.6,7709,353.88
1587960900000,7708.9,7724.4,7694.9,7705.9,401.05
1587961800000,7705.9,7732.4,7704.7,7732.3,269.33
1587962700000,7732.9,7734.1,7725,7729.8,285.68
1587963600000,7729.7,7748.4,7727.6,7727.6,415.68
1587964500000,7727.2,7730.7,7709.9,7729.3,709.82
1587965400000,7729.4,7736.7,7720,7723.9,255.25
1587966300000,7723.9,7724.7,7680.5,7697.4,740.41
1587967200000,7697.3,7712.6,7681,7704.8,485.22
1587968100000,7704.8,7704.9,7663.4,7678.6,426.72
1587969000000,7678.5,7685.7,7655.1,7673.2,417.89
1587969900000,7673.2,7682.3,7640,7655.2,599.65
1587970800000,7655.8,7678.4,7630.8,7677.8,626.29
1587971700000,7677.8,7692.2,7669.3,7677.1,440.87
1587972600000,7677,7687.9,7664.3,7687.3,374.45
1587973500000,7687.2,7697.6,7678.3,7697.3,456.28
1587974400000,7697.3,7735,7695.7,7719.8,611.17
1587975300000,7719.9,7737.7,7714,7714.1,355.96
1587976200000,7714.1,7719.7,7691.1,7691.1,412.08
1587977100000,7690.8,7707.7,7678.9,7701.1,504.27
1587978000000,7701.5,7701.6,7669.9,7689.7,386.02
1587978900000,7689.9,7702.6,7681.8,7701.7,285.78
1587979800000,7701.7,7726.1,7701,7725,744.96
1587980700000,7724.9,7725,7695.1,7702,417.08
1587981600000,7703.6,7707.4,7682,7707.3,386.99
1587982500000,7707.4,7713.6,7697.4,7697.7,410.33
1587983400000,7697.6,7697.6,7687.6,7691.1,315.98
1587984300000,7691.1,7700,7662,7692.7,510.93
1587985200000,7692.6,7707.2,7684,7701.4,365.33
1587986100000,7701.4,7701.9,7692.5,7697.6,361.81
1587987000000,7697.1,7721.5,7697.1,7711.8,437.33
1587987900000,7709.8,7719,7704.5,7711.7,289.05
1587988800000,7713.3,7721,7680,7696.8,406.61
1587989700000,7696.7,7708,7693.2,7701,229.08
1587990600000,7700.3,7704.8,7670,7687.4,347.78
1587991500000,7687.5,7696.7,7678.6,7696.7,303.69
1587992400000,7696.7,7702.6,7681,7685.3,395.93
1587993300000,7685.2,7685.2,7648,7648,1131.67
1587994200000,7648,7688,7615,7670,1247.24
1587995100000,7670,7700,7670,7689.7,469.5
1587996000000,7689.1,7689.1,7670,7678.9,262.88
1587996900000,7678.9,7689.1,7665,7665,345.56
1587997800000,7665,7674.9,7639.8,7654.2,346.07
1587998700000,7653.6,7677,7623.4,7665.5,750.95
1587999600000,7665.5,7670.4,7651.7,7670.4,407.06
1588000500000,7670.4,7681.1,7662.6,7672.3,450.74
1588001400000,7672.1,7690,7671.3,7689.2,336.22
1588002300000,7689.6,7690.8,7670.1,7673,200.92
1588003200000,7672.7,7672.7,7655.5,7665.3,341.55
1588004100000,7665.6,7682.9,7663.7,7675.5,268.14
1588005000000,7675.5,7682.9,7671.2,7679,268.01
1588005900000,7680.2,7680.2,7653.8,7662.4,520.92
1588006800000,7662.4,7665.2,7652,7665.1,178.49
1588007700000,7665.1,7670,7659,7659,89.43
1588008600000,7658.7,7660.9,7640,7659.1,292.02
1588009500000,7660.8,7668.2,7655.9,7660.2,133.73
1588010400000,7660.2,7668.6,7658.6,7664,249.68
1588011300000,7664.1,7682,7664.1,7677,298.79
1588012200000,7676,7685.9,7674.8,7677.2,297.75
1588013100000,7677.2,7715,7677.2,7707.7,397.14
1588014000000,7707.8,7719.5,7703.1,7707.7,193.91
1588014900000,7707.7,7711,7694.8,7702.1,439.02
1588015800000,7704.1,7714.9,7685,7702.1,375.95
1588016700000,7702.2,7705.8,7697.4,7699.4,168.08
1588017600000,7699.3,7708.9,7695.9,7700.9,255.63
1588018500000,7701.3,7701.3,7681,7692.5,377.01
1588019400000,7690.8,7702.1,7686.1,7700.5,274.94
1588020300000,7700.4,7700.4,7691.2,7693.7,377.78
1588021200000,7693.6,7714.5,7691.4,7709.5,356.9
1588022100000,7709.5,7737.4,7709.5,7733.8,581.05
1588023000000,7733.8,7747.7,7723.9,7741.5,287.74
1588023900000,7741.4,7759,7724.8,7726.5,488.76
1588024800000,7726,7729.3,7716.1,7726,275.43
1588025700000,7726.1,7748.5,7726,7746.2,230.56
1588026600000,7746.3,7746.7,7730,7732.7,180.54
1588027500000,7732.3,7770.7,7731.9,7762,398.67
1588028400000,7762.1,7774.9,7745.3,7749.8,303.5
1588029300000,7749.8,7756.3,7741,7748.9,280.46
1588030200000,7747.6,7765,7747.6,7754.9,239.05
1588031100000,7755.4,7780.1,7755.4,7780,524.9
1588032000000,7780,7784,7726.7,7743.1,562.15
1588032900000,7742.9,7745,7720,7727.9,417.22
1588033800000,7727.9,7739.9,7722,7736.7,479.95
1588034700000,7736.6,7743.1,7725.1,7742.5,266.48
1588035600000,7742.5,7742.5,7707,7713.7,544.29
1588036500000,7713.6,7717.3,7690.5,7714.6,503.74
1588037400000,7714.7,7715.9,7684,7706.4,479.21
1588038300000,7706.4,7711.1,7691.1,7691.1,360.12
1588039200000,7691,7697.2,7664.6,7670.4,565.31
1588040100000,7671.8,7690,7670,7684,394.97
1588041000000,7684,7698.1,7684,7693,338.24
1588041900000,7693.1,7706,7690,7702.5,537.22
1588042800000,7702.5,7704.1,7682.3,7682.3,428.03
1588043700000,7682,7701.6,7678.9,7696.3,346.69
1588044600000,7696.2,7712.1,7691.9,7705.4,483.33
1588045500000,7705.4,7711.2,7695.4,7701.3,288.59
1588046400000,7702.1,7709.7,7677.2,7685.8,392.76
1588047300000,7685.7,7686.2,7666.1,7672.1,448.43
1588048200000,7672.1,7684,7668.7,7682.1,267.37
1588049100000,7682.6,7692.5,7660.5,7688,300.62
1588050000000,7688,7692,7676.1,7682.5,284.13
1588050900000,7683.9,7690,7679.8,7690,373.16
1588051800000,7689.9,7698.7,7686.3,7694.1,230.25
1588052700000,7694.1,7699.7,7693.4,7696.8,193.24
1588053600000,7696.8,7715,7678.9,7710.1,504.88
1588054500000,7710.1,7723.6,7703.7,7715,416.88
1588055400000,7715,7715,7706.3,7710,360.79
1588056300000,7709.9,7722.6,7706.4,7709.4,241.81
1588057200000,7708.8,7708.8,7696,7697.6,344.58
1588058100000,7696.4,7705,7692,7696.5,214.6
1588059000000,7694.4,7704.2,7690,7697,348.9
1588059900000,7696.3,7708.1,7696.3,7703.9,216.51
1588060800000,7704,7704.6,7680,7690.9,318.1
1588061700000,7690.9,7699.9,7683,7687.4,393.93
1588062600000,7687.6,7700.6,7685.8,7699.2,378.39
1588063500000,7699.2,7699.3,7683.4,7686.4,297.8
1588064400000,7686.3,7705.9,7686.3,7705.9,293.54
1588065300000,7705.9,7724.9,7705.9,7713.1,414.26
1588066200000,7713.1,7740.8,7713,7729.5,543.17
1588067100000,7729.6,7744.6,7720,7741.4,554.58
1588068000000,7741.4,7748.3,7726.5,7729.8,510.77
1588068900000,7730,7736.5,7713.3,7723,348.32
1588069800000,7723.1,7737.9,7720,7731.1,292.17
1588070700000,7731.2,7750,7731.1,7740.4,335.93
1588071600000,7740.4,7744.9,7723,7737.6,323.04
1588072500000,7737.3,7737.3,7726.2,7727.8,416.43
1588073400000,7727.2,7745,7725,7738.9,336.05
1588074300000,7739,7742.4,7725.5,7726.3,230.94
1588075200000,7726.4,7736,7712,7727.9,407.66
1588076100000,7727.6,7745,7726.1,7743.7,363.11
1588077000000,7743.6,7747.3,7734,7743.7,311.99
1588077900000,7743.7,7760,7734,7752.5,592.92
1588078800000,7752,7760,7740.6,7750.9,326.96
1588079700000,7750.9,7751,7736.9,7740.1,308.61
1588080600000,7740.1,7748.6,7723.9,7742,453.38
1588081500000,7741.9,7744.1,7721.2,7723.3,428.11
1588082400000,7723.2,7735,7707,7729.9,599.51
1588083300000,7729.9,7734.7,7715.7,7727.2,467.75
1588084200000,7727.2,7739.3,7723.8,7723.8,279.82
1588085100000,7723.4,7728,7681,7683.7,599.39
1588086000000,7683.3,7710.9,7665.9,7706.7,829.57
1588086900000,7706.7,7728,7695,7724.6,407.79
1588087800000,7724.6,7724.6,7705.1,7711.1,317.93
1588088700000,7711,7723.8,7701,7715.4,195.46
1588089600000,7715.3,7729,7706.6,7725.7,352.47
1588090500000,7725.7,7738.5,7717.3,7730.8,304
1588091400000,7730.8,7739.8,7722.7,7732.7,287.51
1588092300000,7732.6,7735,7711.9,7724.4,184.27
1588093200000,7724.5,7724.5,7716.7,7719.5,268.58
1588094100000,7719.6,7723.1,7708,7722.8,328.76
1588095000000,7722.7,7731.5,7720.2,7731.5,151.55
1588095900000,7731.7,7734.8,7716.6,7726,227.37
1588096800000,7724.6,7734,7723.1,7726.1,633.65
1588097700000,7726.1,7730,7723.4,7728.7,99.37
1588098600000,7731,7733.5,7728.2,7730,140.87
1588099500000,7730,7738.5,7729.2,7731.2,224.92
1588100400000,7731.3,7741.1,7726.5,7732.3,170.82
1588101300000,7730.1,7730.6,7717,7721.9,213.24
1588102200000,7720.5,7724.9,7716.8,7723,250.08
1588103100000,7722.9,7722.9,7707,7716.1,151.73
1588104000000,7714.7,7732,7704,7730.3,234.39
1588104900000,7730.1,7731.6,7722.1,7727,264.81
1588105800000,7726.9,7735.5,7720,7732.6,428.44
1588106700000,7732.5,7734,7723.9,7724,44.49
1588107600000,7724.1,7724.3,7715.2,7720,523.14
1588108500000,7719.9,7719.9,7708.3,7717.1,541.52
1588109400000,7717.1,7728.9,7715.6,7718,476.66
1588110300000,7718,7728.6,7716.3,7728.6,763.31
1588111200000,7728.5,7735.2,7721.7,7735.2,264.68
1588112100000,7735.2,7735.3,7723.4,7733.9,234.95
1588113000000,7733.9,7739.3,7731.5,7731.5,266.4
1588113900000,7731.5,7757.3,7731.5,7748,407.68
1588114800000,7748.3,7768,7740,7762.9,487.06
1588115700000,7762.9,7763,7750.1,7762.9,294.76
1588116600000,7763.3,7765.6,7741.9,7751.1,322.97
1588117500000,7751,7764,7742.1,7742.1,410.68
1588118400000,7742.1,7761.8,7742,7751.9,306.74
1588119300000,7752.1,7764,7747.1,7760.5,475.45
1588120200000,7760.2,7760.7,7747.2,7751.3,224.39
1588121100000,7750.5,7753.9,7731.5,7731.5,354.89
1588122000000,7731.3,7748.5,7730.5,7746.4,228.54
1588122900000,7746.5,7749.3,7743.3,7745.5,174.99
1588123800000,7745.5,7748,7737,7748,181.5
1588124700000,7747.9,7765.7,7747.9,7759.5,376.53
1588125600000,7759.6,7870,7713,7759,4798.98
1588126500000,7759,7776,7743.7,7770,631.42
1588127400000,7770.1,7800,7770,7782,602.27
1588128300000,7782,7794.1,7780.7,7780.7,246.07
1588129200000,7780.7,7825,7780.7,7817.6,932.46
1588130100000,7817.6,7829.9,7808,7808,512.39
1588131000000,7808,7825,7806.2,7817,277.74
1588131900000,7817,7821.4,7794.6,7811.5,368.05
1588132800000,7811.8,7822.9,7810,7819.3,297.46
1588133700000,7819.3,7819.3,7804.4,7808.9,267.29
1588134600000,7808.9,7820,7805,7819.8,267.5
1588135500000,7819.8,7840,7818.6,7838.5,408.84
1588136400000,7838.4,7858.8,7825.5,7841.4,896.76
1588137300000,7841.5,7872.8,7841.5,7857.1,739.17
1588138200000,7857.2,7864.7,7840.1,7858.7,403.38
1588139100000,7858.7,7860,7851.1,7858.6,203.02
1588140000000,7858.6,7910.9,7844.1,7896,1722.93
1588140900000,7896.1,7935,7891.7,7931.7,1427.89
1588141800000,7931.7,7964,7912.2,7929.4,2003.44
1588142700000,7929.3,7949.6,7926,7942.9,530.76
1588143600000,7942.2,7968.7,7929,7962.9,956.84
1588144500000,7962.9,7962.9,7927.3,7934.9,757.07
1588145400000,7935,7938,7919,7937.8,785.3
1588146300000,7937.8,7946.9,7936,7945.2,385.73
1588147200000,7945.1,7965,7940.5,7948.4,523.49
1588148100000,7948.4,7948.5,7932.9,7943.5,392.63
1588149000000,7944.5,7944.5,7932.8,7937.3,215.07
1588149900000,7937.3,7945,7930,7941.7,219.51
1588150800000,7942,7950.6,7940.8,7940.8,341.65
1588151700000,7940.8,7963.4,7940.8,7962.6,440.34
1588152600000,7962.5,7989,7944.1,7948.2,1000.69
1588153500000,7948.4,7978.9,7946.3,7978.5,611.94
1588154400000,7978.6,8140.3,7967.6,8047.1,3362.48
1588155300000,8047.1,8181.6,8042.1,8109.9,3095.58
1588156200000,8109.3,8123.4,8060.4,8110,1404.09
1588157100000,8110,8118.8,8090.1,8110.1,549.16
1588158000000,8110,8180,8110,8140.1,1629.33
1588158900000,8140.2,8159.3,8128.7,8152.3,620.91
1588159800000,8152.2,8152.2,8122.8,8142.4,530.4
1588160700000,8142.5,8142.5,8108,8132.5,365.2
1588161600000,8132.3,8144.6,8126,8135.6,382.48
1588162500000,8135.6,8148,8135.6,8142.7,297.34
1588163400000,8142.8,8166,8142.8,8152.8,622.74
1588164300000,8153.8,8257,8152.3,8245.5,2496.58
1588165200000,8246,8350,8246,8309.2,3631.75
1588166100000,8309.3,8389,8297.2,8368.1,2169.11
1588167000000,8368,8368,8263.3,8291.4,1780.02
1588167900000,8291.4,8322,8266.6,8298.5,806.79
1588168800000,8298.6,8307,8269.3,8292,647.22
1588169700000,8290.9,8305,8275.3,8301.4,504.84
1588170600000,8301.4,8340,8301.4,8322.7,661.72
1588171500000,8322.4,8356,8312,8348.9,583.46
1588172400000,8349,8351.3,8303.4,8304.2,545.92
1588173300000,8304.3,8323.8,8291.3,8311.7,707.63
1588174200000,8311.8,8339,8311,8335.2,455.36
1588175100000,8335,8373.9,8332.1,8359.1,511.67
1588176000000,8359.1,8445,8328.9,8428.8,2037.49
1588176900000,8428.9,8485,8415.7,8439,1969.24
1588177800000,8439.6,8683,8426.1,8676.2,3950.92
1588178700000,8676.2,8796.6,8570.6,8586.9,6156.23
1588179600000,8588,8668.6,8588,8629.6,1664.65
1588180500000,8629.6,8758.8,8628.5,8709,1648.15
1588181400000,8712.1,8949.9,8688.8,8928.6,3332.26
1588182300000,8928.1,8968.8,8656,8711,5489.28
1588183200000,8714,8745.2,8572.6,8710.8,2578.67
1588184100000,8710.7,8718.1,8643.1,8643.1,888.18
1588185000000,8642.7,8684.7,8625,8645.6,903.6
1588185900000,8645.9,8654.9,8577,8627.7,727.64
1588186800000,8627.7,8667.7,8627.7,8645.9,587.28
1588187700000,8646.1,8708,8645.5,8707,388.74
1588188600000,8707,8782.7,8681.7,8741.2,690.89
1588189500000,8741.2,8744.1,8665.2,8724.1,471.14
1588190400000,8724.2,8763.1,8696.5,8734.4,427.22
1588191300000,8733.4,8780,8729,8780,349.5
1588192200000,8778.7,8828.3,8758,8825.8,502.84
1588193100000,8825.5,8919.9,8819.6,8912.3,685.39
1588194000000,8912.3,8930.1,8748.1,8858,1510.54
1588194900000,8860.9,8870.7,8797.4,8818.9,252.26
1588195800000,8817.9,8854.3,8782.7,8843,222.18
1588196700000,8842.9,8870,8825.4,8850.9,189.94
1588197600000,8850.9,8850.9,8701,8744.8,1070.94
1588198500000,8744.7,8765.8,8687,8708,551.42
1588199400000,8707.9,8765.4,8702.7,8750.5,334.46
1588200300000,8750.5,8795,8741.7,8752.9,492.55
1588201200000,8753.8,8788.6,8750.6,8767.6,285.21
1588202100000,8768.6,8773,8710,8734.9,492.69
1588203000000,8734.5,8747,8707.1,8731.3,260.32
1588203900000,8730.1,8784.3,8723.4,8775.5,336.21
1588204800000,8777.8,8781.2,8730,8736.8,364.12
1588205700000,8736.8,8748,8705.4,8748,329.11
1588206600000,8749.3,8770,8733.7,8768.7,214.17
1588207500000,8768.7,8820,8758.9,8811.9,488.06
1588208400000,8811.9,8864.8,8795.3,8837.6,794.46
1588209300000,8837.6,8866.5,8815.7,8853.3,435.4
1588210200000,8853.2,8868.7,8824.6,8830.5,468.26
1588211100000,8830.5,8852,8813.2,8847.9,421.17
1588212000000,8847.9,8847.9,8818.1,8835.8,293.88
1588212900000,8834.1,8845.9,8818.3,8835.9,286.36
1588213800000,8834.6,8878,8820.5,8871,695.78
1588214700000,8871.1,8988.3,8871.1,8952.3,1402.61
1588215600000,8952.3,9000.7,8850,8933.2,2388.48
1588216500000,8932.3,9090,8932.3,9050.1,1840.92
1588217400000,9050.2,9237.8,9016,9156,4308.99
1588218300000,9154.5,9323.5,9140,9294.4,2880.98
1588219200000,9293.8,9293.8,9065,9125.1,3708.31
1588220100000,9125.1,9172.3,9116.1,9164.7,1197.86
1588221000000,9164.7,9222,9151,9168.2,1437.22
1588221900000,9167.2,9183.1,9133,9165.8,613.72
1588222800000,9165.9,9234,9165.9,9232.2,982.82
1588223700000,9232.3,9289.9,9217.5,9262.2,1111
1588224600000,9262.3,9320,9225,9285.6,1470.52
1588225500000,9285.6,9421,9270,9373.3,2965.3
1588226400000,9373.2,9470,9318,9402.4,2728.41
1588227300000,9402.6,9450,9350,9368.3,1479.18
1588228200000,9367.7,9408.7,9239.3,9375.1,1740.3
1588229100000,9376.5,9376.6,9298.8,9324.4,948.26
1588230000000,9324.4,9340,9236,9260,1504.3
1588230900000,9259.6,9276,9012,9117.2,4756.15
1588231800000,9117.2,9182.8,9082.5,9161.2,1272.79
1588232700000,9161.2,9222,9157.4,9180,1014.49
1588233600000,9179.3,9227,9142,9194,802.61
1588234500000,9192.5,9210,9151,9179.7,528.04
1588235400000,9179.6,9197.3,9130,9177.5,616.15
1588236300000,9178,9179,9100,9122.5,755.54
1588237200000,9122.2,9123.4,8836,8959,4464.03
1588238100000,8958.9,8976,8815,8931,2433.76
1588239000000,8929.4,8958,8860,8888.7,1013.65
1588239900000,8888.5,8888.5,8644,8645.4,3754.59
1588240800000,8645.3,8780,8550,8766.1,3646.98
1588241700000,8766.1,8877.4,8766,8834.3,1762.86
1588242600000,8836.5,8850,8763.5,8820.6,1032.91
1588243500000,8821,8906.9,8808.2,8893.9,814.9
1588244400000,8895.5,8952.3,8885.5,8945.8,1253.27
1588245300000,8945.8,8945.8,8830.6,8901,1171.6
1588246200000,8901.4,8956.7,8901.4,8936.1,833.13
1588247100000,8936.1,8937,8839,8839.1,752.55
1588248000000,8839.1,8918.4,8790,8905.6,867.04
1588248900000,8905.6,8911.9,8855,8859.5,415.58
1588249800000,8859.7,8882.2,8805.9,8827.7,513.71
1588250700000,8827.6,8827.6,8690.7,8760,1703.64
1588251600000,8760,8833.2,8714.2,8810.4,1218.75
1588252500000,8810.5,8856.9,8764.6,8766.6,741.2
1588253400000,8766.7,8827.5,8756.5,8823,670.28
1588254300000,8821.5,8865.1,8810,8853.6,774.2
1588255200000,8852.7,8895.4,8830.7,8843.8,844.17
1588256100000,8843,8860.2,8790.1,8828.8,474.5
1588257000000,8828.7,8853.7,8775.4,8792.1,447.15
1588257900000,8792,8843.4,8792,8823.3,444.74
1588258800000,8823.4,8851.6,8820.4,8831.2,282.46
1588259700000,8831.1,8842.4,8800,8824.1,313.68
1588260600000,8823.7,8828.6,8788.3,8800,413.23
1588261500000,8799.7,8812.8,8736.6,8776.9,1005.97
1588262400000,8776.5,8791,8721.8,8777.6,969.58
1588263300000,8777.5,8778.2,8670.5,8713.2,825.71
1588264200000,8713.2,8726.4,8647.6,8653,1124.1
1588265100000,8652.8,8715,8626.1,8688.9,759.61
1588266000000,8690.3,8711.6,8661.5,8693.3,437.68
1588266900000,8692.9,8695.9,8601.3,8617.4,1179.25
1588267800000,8617.4,8617.4,8455,8533.4,3287.73
1588268700000,8534.7,8615.8,8405,8550.3,3064.45
1588269600000,8551.1,8663.2,8550.7,8632.6,1736.32
1588270500000,8632.9,8686,8588.7,8680,827.6
1588271400000,8677.1,8729,8638.9,8722.3,1162.64
1588272300000,8722.3,8723.3,8625,8672.9,831.14
1588273200000,8673,8722.8,8667.1,8688.2,312.03
1588274100000,8688.1,8857.1,8688.1,8850.6,1154.42
1588275000000,8850.7,8856.1,8792,8825,720.09
1588275900000,8823.3,8853.2,8806.3,8841.4,322.68
1588276800000,8840.6,8886,8755.1,8783.6,804.74
1588277700000,8785.7,8835,8716,8751.9,494.43
1588278600000,8750.7,8799.9,8665.4,8776.4,696.8
1588279500000,8775.9,8834.9,8746.1,8819.2,389.73
1588280400000,8819.2,8819.2,8763.4,8771.7,335.15
1588281300000,8771.8,8850,8771.8,8837,266.22
1588282200000,8837,8841.4,8807.3,8826.8,161.35
1588283100000,8821.6,8824.8,8745.3,8765.2,617.82
1588284000000,8767.8,8774.2,8679.9,8730,593.38
1588284900000,8731.8,8737.1,8626,8716.2,763.83
1588285800000,8716.2,8746.5,8669.6,8682,566.01
1588286700000,8681.4,8766.6,8678.2,8760.4,360.87
1588287600000,8759.5,8776.3,8677.8,8688.6,479.26
1588288500000,8689,8692.8,8626.3,8674.6,494.92
1588289400000,8675.8,8682,8632.3,8672.7,428.31
1588290300000,8672.7,8672.7,8589,8623,854.86
