ts,open,high,low,close,volume
1601510400000,10775.3,10829.1,10775.3,10803.8,792.6
1601511300000,10804.7,10814.7,10794.8,10794.8,208.34
1601512200000,10794.8,10805.6,10783,10791.3,163.87
1601513100000,10791.4,10794.5,10779.8,10785.6,103.26
1601514000000,10787.4,10801.9,10785,10801.8,215.3
1601514900000,10801.9,10806.3,10795.1,10801.1,116.73
1601515800000,10800.3,10813.8,10800.3,10811.9,104.18
1601516700000,10812.9,10844.6,10812.9,10833.8,531.18
1601517600000,10833.9,10850,10815.3,10817.9,354.71
1601518500000,10817.8,10820,10811.9,10815,172.96
1601519400000,10815.9,10830.7,10815.6,10826.7,126.48
1601520300000,10826.7,10827.2,10809.1,10813.4,125.63
1601521200000,10814.7,10820,10793.4,10799.6,185.21
1601522100000,10799.6,10807.3,10798.3,10804.5,87.76
1601523000000,10804.6,10813.4,10797.2,10802.6,170.23
1601523900000,10802.7,10803.3,10795.2,10798.7,48.14
1601524800000,10798.7,10817.2,10798.1,10817.2,187.63
1601525700000,10817.3,10825.8,10815.5,10816.6,222.41
1601526600000,10816.6,10819.9,10806,10806,102.78
1601527500000,10806.1,10806.8,10802.1,10802.1,52.99
1601528400000,10801.8,10801.8,10795,10796.8,49.64
1601529300000,10796.8,10813.9,10796.8,10811.6,86.9
1601530200000,10811,10816.9,10793,10813.4,108.33
1601531100000,10813.5,10822.4,10810.7,10819.5,175.14
1601532000000,10819.5,10836,10819.5,10835.5,279.11
1601532900000,10834.7,10840,10819.6,10820.4,178.61
1601533800000,10819.5,10829.7,10819.3,10824.3,89.94
1601534700000,10824.2,10824.2,10814,10819.9,90.93
1601535600000,10818.9,10833.9,10818.9,10827.8,139.37
1601536500000,10827.7,10841,10823.8,10830.9,182.44
1601537400000,10830.9,10830.9,10809.5,10810,139.93
1601538300000,10809.4,10825.7,10808.5,10824.8,82.83
1601539200000,10824.9,10956.9,10812.7,10849.6,3429.48
1601540100000,10849.7,10922.3,10849.7,10893.6,1090.06
1601541000000,10893.6,10916.8,10877,10893.9,642.48
1601541900000,10893.8,10897.1,10870.6,10873.4,252.1
1601542800000,10873.3,10888.7,10873.3,10883.8,245.79
1601543700000,10883.9,10885,10874.5,10883.6,164.79
1601544600000,10883.6,10893.5,10883.6,10891.8,148.68
1601545500000,10892.9,10899.9,10884,10896.5,151.88
1601546400000,10896.6,10909,10869,10873.7,304.75
1601547300000,10873.7,10876.6,10853.3,10853.4,399.05
1601548200000,10853.4,10863.3,10834,10860.3,337.45
1601549100000,10861,10869.9,10852.1,10864.7,146.71
1601550000000,10864.6,10874.9,10850.4,10872.6,180.89
1601550900000,10872.6,10875.9,10861.8,10864,87.58
1601551800000,10864,10888.8,10861.7,10882.8,140.09
1601552700000,10882.8,10899.8,10878.7,10899.7,138.84
1601553600000,10899.7,10906.8,10866,10871.8,178.74
1601554500000,10869.7,10872.5,10860.9,10872.3,153.11
1601555400000,10872.3,10895.4,10872.3,10884.4,103.96
1601556300000,10884.4,10888.1,10876,10882.8,96.7
1601557200000,10881.8,10883.5,10868.4,10873.7,135.69
1601558100000,10873.7,10873.7,10864.2,10866.3,80.73
1601559000000,10866,10890.5,10865,10873,184.43
1601559900000,10871.7,10872.8,10846.1,10856.5,305.67
1601560800000,10856.5,10861.4,10832.8,10840.1,531.89
1601561700000,10840.9,10858.3,10835,10843.1,161.07
1601562600000,10843.2,10862.1,10843.2,10862.1,68.74
1601563500000,10862,10862,10849.2,10856.1,89.36
1601564400000,10858.6,10869,10849,10863.1,114.43
1601565300000,10863.1,10876.9,10863.1,10875.6,120.07
1601566200000,10875.6,10879.7,10869.5,10872,62.89
1601567100000,10871.6,10871.6,10700,10720.3,3265.61
1601568000000,10720.4,10720.4,10628.6,10633.9,3715.68
1601568900000,10633.9,10635.4,10516.5,10569.4,4719.42
1601569800000,10569.4,10595,10462,10474.9,2153.36
1601570700000,10474.4,10545.5,10450,10523.8,1220.16
1601571600000,10523.8,10533.3,10484.4,10511.8,497.71
1601572500000,10510.7,10532.9,10469.9,10517.1,1028.63
1601573400000,10518,10530,10487,10500.3,555.76
1601574300000,10500.3,10513.8,10484.8,10487.5,1184.56
1601575200000,10487.4,10522.9,10470,10517.4,1016.84
1601576100000,10519.3,10552.8,10509.3,10550.7,581.46
1601577000000,10550.7,10583.6,10544.3,10580,813.9
1601577900000,10580,10596,10556.3,10585.7,877.05
1601578800000,10585.7,10637,10583.8,10635,607.12
1601579700000,10635.2,10635.3,10587.2,10587.2,316.37
1601580600000,10587.3,10590.2,10570.2,10570.3,126.29
1601581500000,10570.3,10618,10567.2,10617,139.7
1601582400000,10617,10617,10567.3,10575,238.85
1601583300000,10576,10598.3,10572.2,10578.6,391.13
1601584200000,10578.5,10584.4,10573.8,10583.7,100.74
1601585100000,10583.7,10617.9,10582.6,10607.9,99.37
1601586000000,10606.4,10615.3,10604.1,10607.2,70.78
1601586900000,10606,10615.8,10590.4,10615.8,47.09
1601587800000,10616,10625.9,10613.6,10613.6,79.13
1601588700000,10613.6,10617.1,10580,10584.3,538.29
1601589600000,10584.3,10623.4,10573.3,10622.8,153.52
1601590500000,10621.4,10628.3,10603.2,10610.9,137.23
1601591400000,10611.6,10632.1,10603.2,10623.1,92.89
1601592300000,10622.1,10623.8,10603.9,10606.6,39.48
1601593200000,10606.6,10609.4,10593.6,10601.9,70.83
1601594100000,10601.9,10613.6,10595,10595,66.21
1601595000000,10595.1,10616.1,10595.1,10597.2,99.6
1601595900000,10597.3,10620,10597.3,10618.4,64.63
1601596800000,10618.3,10618.3,10585.1,10597.5,188.68
1601597700000,10597.5,10615.3,10597.5,10605.8,84.07
1601598600000,10605.7,10615,10597.3,10597.3,92.59
1601599500000,10597.3,10604.3,10594.9,10594.9,68.74
1601600400000,10594.5,10615.1,10592.9,10610.3,128.78
1601601300000,10610.4,10615.6,10603.4,10608.7,106.32
1601602200000,10608.7,10610.9,10594.3,10596.3,116.98
1601603100000,10596.4,10600,10589.6,10592.2,79.29
1601604000000,10592.9,10609.6,10590.2,10603.8,94.67
1601604900000,10603.1,10614.8,10600.5,10612,96.27
1601605800000,10612.3,10616,10602.3,10602.4,128.78
1601606700000,10602.3,10605.9,10595.8,10604.9,133.78
1601607600000,10603.9,10615,10602.2,10610.6,123.11
1601608500000,10610.6,10621.7,10607.2,10620.6,140.15
1601609400000,10620.6,10625.4,10610,10610,91.16
1601610300000,10610,10652,10609,10645.8,502.54
1601611200000,10646.4,10666,10633,10638,460.22
1601612100000,10638.1,10660.4,10638,10651.5,292.87
1601613000000,10651.6,10654.7,10640,10641.7,156.22
1601613900000,10641.7,10645.7,10590,10590.7,410.27
1601614800000,10590.7,10590.7,10475.3,10494.8,2278.71
1601615700000,10495.6,10515,10391.4,10427.8,2316.08
1601616600000,10427.7,10460,10389.5,10456.1,1049.12
1601617500000,10457.4,10457.9,10425,10446,465.86
1601618400000,10446,10474.9,10416.7,10470,509.41
1601619300000,10470,10497.1,10459.8,10481.8,567.62
1601620200000,10481.8,10516.2,10481.6,10510,441.16
1601621100000,10510,10527.5,10491,10501.5,470.95
1601622000000,10500.6,10506,10486.6,10491.7,234.5
1601622900000,10490.7,10512.9,10488.1,10499.4,252.19
1601623800000,10499.5,10502.1,10486.6,10493.3,194.78
1601624700000,10493.3,10496,10471.2,10489.7,209.52
1601625600000,10487.8,10487.8,10449.7,10449.7,303.21
1601626500000,10449.5,10495,10445.1,10482.9,329.02
1601627400000,10481.7,10482.9,10463.6,10463.7,167.91
1601628300000,10463.7,10469,10429,10457.9,487.19
1601629200000,10458.1,10486.2,10448.8,10460.1,264
1601630100000,10460.1,10468.8,10424,10430.3,333.62
1601631000000,10430.3,10447,10426.6,10432.4,223.87
1601631900000,10432.6,10452.5,10432.6,10451.2,189.96
1601632800000,10451.2,10471.1,10442.6,10454.2,248.96
1601633700000,10454.3,10459.5,10379.2,10434.1,1444.75
1601634600000,10432.5,10450,10432.5,10447.5,335.83
1601635500000,10449.5,10468.1,10430.9,10464.1,494.93
1601636400000,10464.2,10469.3,10450.1,10456.7,162.16
1601637300000,10456.8,10462.1,10445.2,10453,163.52
1601638200000,10455,10475,10450,10450.3,311.66
1601639100000,10450.3,10459,10433.4,10435.2,223.21
1601640000000,10435.2,10469.5,10429,10465.2,221.73
1601640900000,10468.9,10494.9,10468.9,10484.3,487.46
1601641800000,10485.4,10485.4,10461.2,10464.8,194.46
1601642700000,10465.6,10492.6,10464.6,10484.9,209.39
1601643600000,10485,10490,10459,10459.1,192.28
1601644500000,10459,10460.3,10435.5,10456.2,313.99
1601645400000,10456.1,10553.6,10443.8,10540.4,1236.89
1601646300000,10540.4,10598,10515.4,10528.6,2122.82
1601647200000,10527.9,10545.9,10527,10538.1,303.19
1601648100000,10538.1,10549.6,10507.3,10527.2,373.96
1601649000000,10527.3,10530.1,10512,10514.1,256.29
1601649900000,10514.1,10550.8,10513.1,10521.6,251.25
1601650800000,10521.2,10532.6,10520,10523.6,142.56
1601651700000,10524.5,10542,10520.5,10533.6,169.44
1601652600000,10535.4,10543.8,10527.3,10533.1,105.88
1601653500000,10533.1,10536.1,10502.4,10509,241.97
1601654400000,10508.9,10553,10493.6,10536.2,512.73
1601655300000,10536.2,10559.9,10536.2,10537.8,591.35
1601656200000,10537.2,10551.9,10530,10546,119.49
1601657100000,10546.9,10546.9,10535.4,10542.5,108.95
1601658000000,10542.5,10549.6,10535.1,10538.2,71.08
1601658900000,10538.2,10557.7,10537.4,10552.7,129.1
1601659800000,10553.5,10556.4,10517.6,10519.9,261.18
1601660700000,10520,10536.2,10520,10534.6,138.92
1601661600000,10535.7,10545.5,10535.7,10539.1,69.92
1601662500000,10539.2,10546,10530.1,10537,50.04
1601663400000,10536.8,10545.8,10535.2,10540.7,181.29
1601664300000,10539.6,10550.7,10526,10549.2,96.64
1601665200000,10547.2,10547.2,10522.4,10524.9,50.98
1601666100000,10525,10534.3,10525,10533.9,23.96
1601667000000,10533.8,10533.8,10519.3,10527.7,57.05
1601667900000,10529.2,10530.9,10511.5,10514.6,42.1
1601668800000,10514.5,10524.3,10510.3,10524.3,114.44
1601669700000,10524.4,10536.7,10524.4,10534.2,30.09
1601670600000,10532.3,10548.6,10532.3,10542.5,57.32
1601671500000,10542.6,10542.6,10533.5,10537.6,25.69
1601672400000,10544.9,10553,10535.3,10540,83.47
1601673300000,10540,10540,10522.4,10522.4,30.71
1601674200000,10522.5,10524.4,10492.3,10499.1,148.02
1601675100000,10499.3,10509.9,10462.7,10467.9,609.46
1601676000000,10468,10492.2,10468,10492.2,92.49
1601676900000,10492.2,10519,10483.5,10517,97.61
1601677800000,10517.2,10580,10517.2,10554.2,436.76
1601678700000,10554.3,10558.6,10545.4,10550.9,85.86
1601679600000,10551,10564.5,10546.6,10555.2,93.23
1601680500000,10555.2,10565.8,10555.2,10560.7,105.57
1601681400000,10560.8,10574.1,10555.7,10558.2,191.87
1601682300000,10557.6,10569.1,10554.3,10568.8,58.64
1601683200000,10568.8,10576.8,10534.1,10547.8,222.55
1601684100000,10547.8,10564.7,10538,10539.6,76.35
1601685000000,10540.4,10549.8,10537.1,10546.5,55.89
1601685900000,10544.3,10556.3,10538.2,10546.3,77.44
1601686800000,10546.4,10556.2,10538.4,10538.4,64.8
1601687700000,10538.4,10547.2,10538.3,10546.6,98.64
1601688600000,10546.5,10548.4,10527.9,10540.6,74.66
1601689500000,10540.4,10540.4,10519.9,10535.8,512.51
1601690400000,10535.6,10545.7,10524.8,10528,90.69
1601691300000,10529,10536.3,10521.9,10526.2,79.5
1601692200000,10526.1,10537.2,10525.3,10531.1,32.98
1601693100000,10531,10541.6,10531,10540.7,32.57
1601694000000,10540.7,10545,10532.5,10543.2,52.76
1601694900000,10543.2,10558.1,10542.4,10548.9,157.63
1601695800000,10551.1,10555,10544.2,10554.9,72.98
1601696700000,10554.9,10554.9,10543.7,10552.3,103.17
1601697600000,10552,10552.9,10541.6,10550.9,54.6
1601698500000,10550.9,10555,10550.9,10553,46.11
1601699400000,10552.9,10552.9,10545.8,10548.7,26.57
1601700300000,10547.4,10555,10547.4,10555,98.25
1601701200000,10555,10560.3,10542.4,10542.5,97.77
1601702100000,10542.4,10542.4,10534.1,10538.4,76.1
1601703000000,10538.1,10538.1,10533.6,10533.7,49.55
1601703900000,10533.6,10536.9,10531.6,10536.9,36.01
1601704800000,10536.8,10545.7,10494.2,10504.2,309.25
1601705700000,10504.1,10523.9,10503.6,10519.9,106.36
1601706600000,10520,10529.4,10515.5,10526.2,57.42
1601707500000,10525.1,10528.9,10522.1,10528.9,49.29
1601708400000,10528.9,10528.9,10514,10517.1,108.37
1601709300000,10517,10524.8,10514.4,10518,89.01
1601710200000,10518.1,10530.2,10516.6,10530.2,70.34
1601711100000,10530.2,10530.6,10522,10530.6,49.24
1601712000000,10529.3,10529.3,10507.8,10511,86.83
1601712900000,10511.9,10552.8,10502.8,10531.8,384.2
1601713800000,10531.8,10536.4,10520,10520,265.15
1601714700000,10520,10520,10505,10508.6,137.46
1601715600000,10508.5,10522.5,10506.5,10514.5,113.79
1601716500000,10514.5,10535.1,10513.6,10526.1,76.63
1601717400000,10526,10533.8,10524,10524,22.87
1601718300000,10523.9,10524.6,10517.6,10524.5,21.04
1601719200000,10525.9,10540,10520,10534,107
1601720100000,10534,10534.1,10520,10528.5,75.66
1601721000000,10528.4,10534.1,10520.2,10534.1,150.31
1601721900000,10534.1,10544.6,10530.8,10544.6,130.07
1601722800000,10544.5,10545.6,10536.1,10540.9,154.16
1601723700000,10542.6,10558.7,10528.8,10533,246.36
1601724600000,10533,10538.9,10526.6,10531.3,105.58
1601725500000,10530.8,10536.8,10530.8,10534.4,25.21
1601726400000,10534,10535.9,10522.7,10522.7,47.64
1601727300000,10522.6,10535.8,10519.2,10533.6,66.29
1601728200000,10530,10538.8,10525.8,10532.9,105.09
1601729100000,10532.9,10540.1,10529.8,10532.9,24.14
1601730000000,10532.9,10544.6,10532.9,10535.9,32.33
1601730900000,10533.8,10539.6,10533,10533,67.4
1601731800000,10532.9,10533,10527.1,10530.1,102.15
1601732700000,10530.4,10541.4,10525.7,10528.6,192.92
1601733600000,10528.5,10537.7,10525.6,10533.7,38.51
1601734500000,10532.9,10538.2,10530.9,10536.2,12.72
1601735400000,10537,10539.5,10531.2,10531.2,13.68
1601736300000,10531.2,10537.5,10531.1,10534.1,59.75
1601737200000,10534,10541.4,10531.9,10541.4,87.04
1601738100000,10541.4,10550,10541.4,10545.8,92.95
1601739000000,10545.8,10545.8,10533.4,10533.5,189.45
1601739900000,10533.9,10548.8,10532,10542.2,129.85
1601740800000,10542.3,10548.8,10536.8,10547.9,120.52
1601741700000,10547.8,10552.8,10543.3,10545.1,133.6
1601742600000,10545.9,10553.2,10544.8,10553.1,247.57
1601743500000,10553.2,10608,10549.8,10577.7,1393.72
1601744400000,10577.7,10582,10568.3,10569.3,566.05
1601745300000,10569.3,10569.7,10560,10566.3,158.06
1601746200000,10566.2,10575,10566.2,10570.3,83.77
1601747100000,10572.1,10579,10572,10577.8,45.76
1601748000000,10577.7,10577.8,10569.7,10576.9,31.58
1601748900000,10576.8,10584.5,10576.5,10576.5,81.57
1601749800000,10576.5,10576.5,10561.3,10564.3,156.16
1601750700000,10564.3,10570.5,10560,10570.5,56.13
1601751600000,10570.4,10583.5,10567.3,10583.2,65.89
1601752500000,10583.6,10586.7,10576.1,10586.4,140.98
1601753400000,10586.4,10590.8,10573.6,10573.6,69
1601754300000,10573.9,10580.1,10573.9,10579.1,11.67
1601755200000,10579.2,10585,10570.4,10573.4,92.66
1601756100000,10572.8,10576.9,10563.5,10563.5,13.58
1601757000000,10563.5,10566.7,10555,10562.4,63.28
1601757900000,10562.4,10563.6,10556.9,10561.8,39.39
1601758800000,10561.8,10563.8,10555,10556.3,75.29
1601759700000,10555.5,10560.1,10553.9,10553.9,18.67
1601760600000,10553.9,10567.4,10553.9,10567.2,110
1601761500000,10567.2,10570.7,10566.5,10567.4,7.03
1601762400000,10567.6,10567.6,10525,10541.7,204.42
1601763300000,10541.8,10547.2,10536.5,10547.1,66.12
1601764200000,10546.5,10546.5,10535.7,10543.6,36.85
1601765100000,10544.1,10558.2,10538.3,10553.8,65.42
1601766000000,10555.5,10559.5,10550.5,10556.1,68.73
1601766900000,10557,10557,10546.2,10553,17.87
1601767800000,10553.8,10559.6,10542.7,10542.7,26.17
1601768700000,10542.8,10543.9,10537.1,10542.3,88.36
1601769600000,10542.2,10547.7,10516.8,10547.5,272.56
1601770500000,10547.6,10559.2,10546.2,10548.3,102.29
1601771400000,10548.4,10549.2,10538.6,10539,54.87
1601772300000,10539,10553.8,10539,10545.6,38.05
1601773200000,10545.6,10545.6,10538,10538,33.62
1601774100000,10538,10539.1,10524.2,10527.5,110.78
1601775000000,10527.5,10537.2,10520,10537.1,78.48
1601775900000,10538,10543.9,10534.1,10538.7,57.49
1601776800000,10538.7,10538.7,10532.4,10532.5,28.65
1601777700000,10532.4,10541,10530,10539.6,42.32
1601778600000,10539.5,10545.4,10539.5,10543.7,34.9
1601779500000,10543.6,10551.9,10541.6,10549.1,83.3
1601780400000,10549.2,10558.5,10549.2,10551.7,130.63
1601781300000,10551.6,10552.7,10546.8,10552.7,84.47
1601782200000,10552.7,10554.7,10543.1,10543.2,80.1
1601783100000,10543.3,10546.6,10543.2,10545.4,11.21
1601784000000,10545.4,10559.1,10545.4,10559.1,75.62
1601784900000,10559.3,10574.2,10559.3,10571.6,174.28
1601785800000,10572.3,10577,10567.2,10567.2,137.23
1601786700000,10567.2,10570.2,10564.1,10564.5,57.89
1601787600000,10565.3,10573.5,10565.3,10573.5,96.2
1601788500000,10573.5,10573.7,10565.2,10572.3,99.9
1601789400000,10572.4,10574.1,10567.9,10568.8,87.65
1601790300000,10568.9,10576.9,10560.6,10561,137.53
1601791200000,10561,10575,10561,10574.9,94.61
1601792100000,10575,10590,10574.2,10583.1,145.16
1601793000000,10583.1,10637.1,10578.1,10611.5,1520.66
1601793900000,10611.5,10619.9,10609.5,10613.3,310.26
1601794800000,10613.5,10625,10598.3,10601.9,233
1601795700000,10602,10627.5,10599.7,10614.2,331.43
1601796600000,10614.2,10617.3,10608,10608,40.81
1601797500000,10608.1,10616.3,10608,10614.1,51.33
1601798400000,10614.2,10616.8,10605.2,10612.3,57.19
1601799300000,10612.4,10620,10607.1,10617,88.53
1601800200000,10617,10617.5,10589,10592.5,187.3
1601801100000,10592.5,10604.2,10587.5,10597,174.7
1601802000000,10597,10601.6,10597,10599.9,40.8
1601802900000,10597.4,10597.4,10589.2,10589.2,34.58
1601803800000,10589.2,10594.6,10582,10590.3,125.57
1601804700000,10591.3,10599.1,10591.3,10595.6,35.74
1601805600000,10593.5,10595.8,10572.2,10580.4,225.83
1601806500000,10580.4,10588.3,10580,10585.4,133.22
1601807400000,10585.3,10588.5,10575.1,10575.2,89.1
1601808300000,10575.7,10585.5,10575.7,10584.1,53.13
1601809200000,10584.8,10592.7,10581.3,10586,46.67
1601810100000,10586,10587.9,10578,10578,69.58
1601811000000,10578.1,10597.1,10578,10596.6,27.8
1601811900000,10596.7,10609,10590.8,10599.8,152.83
1601812800000,10599.7,10604.7,10590,10591.5,60.09
1601813700000,10591.5,10592,10582.5,10583.9,70.2
1601814600000,10583.9,10588.2,10571.2,10588.2,117.85
1601815500000,10588.2,10603.5,10588.1,10603.5,100.08
1601816400000,10603.9,10618.8,10603.9,10608,217.08
1601817300000,10609.9,10615,10603.1,10605,78.72
1601818200000,10606.2,10610,10595.6,10601.3,59.1
1601819100000,10601.3,10607,10601.3,10607,42.89
1601820000000,10607,10609.1,10600,10600,32.61
1601820900000,10600,10600.1,10586.1,10597.6,149.87
1601821800000,10597.7,10607.2,10593.9,10599.3,70.48
1601822700000,10599.3,10603,10587.8,10603,273.73
1601823600000,10602.9,10608.2,10598.2,10606.5,208.28
1601824500000,10606.5,10606.5,10592.2,10603.5,126.51
1601825400000,10604.8,10606.7,10601,10602.2,50.33
1601826300000,10602.2,10602.2,10589.6,10593.5,84.62
1601827200000,10593.5,10601.6,10580,10601.6,143.23
1601828100000,10601.5,10605,10597.6,10601,47.97
1601829000000,10601,10603,10599,10599,104.29
1601829900000,10599,10599,10590.8,10598.5,47.04
1601830800000,10599.9,10603.6,10598.7,10598.7,36.48
1601831700000,10599.6,10601.2,10595.9,10595.9,14.24
1601832600000,10597.8,10607.6,10595.1,10602.5,27.13
1601833500000,10602,10604.5,10597,10602,15.67
1601834400000,10607.4,10649,10599,10631,744.19
1601835300000,10636.8,10640.4,10620.2,10631.3,100.84
1601836200000,10631.3,10638.6,10615.4,10629.7,89.1
1601837100000,10629.7,10634.1,10620.8,10630.5,92.32
1601838000000,10630.5,10685,10627.9,10652,721.51
1601838900000,10652,10674.6,10652,10674.2,165.53
1601839800000,10674.7,10696.2,10655.2,10669.2,341.7
1601840700000,10670.8,10686.2,10670.3,10673.8,164.03
1601841600000,10673.1,10688.7,10665.9,10670.9,170.17
1601842500000,10671.7,10678.5,10666.3,10677,69.47
1601843400000,10674.4,10678.1,10664.6,10666.4,31.08
1601844300000,10666.5,10667.3,10637,10640.2,512.58
1601845200000,10640.9,10663,10639.8,10653,749.88
1601846100000,10652.9,10655,10649.7,10651.8,66.38
1601847000000,10652.3,10655,10652.3,10653.8,43
1601847900000,10653.9,10653.9,10643.6,10643.6,9.99
1601848800000,10643.5,10678,10638.7,10667.7,193.1
1601849700000,10667.7,10667.7,10654.9,10654.9,68.46
1601850600000,10654.8,10658,10651,10652.4,76.24
1601851500000,10652.4,10660.7,10651,10659.3,81.36
1601852400000,10658.5,10661.9,10646.8,10659.9,67.43
1601853300000,10660,10660,10654.7,10656.3,55.5
1601854200000,10656.4,10661.9,10654,10656.2,120.04
1601855100000,10656.3,10672.7,10651.9,10665.3,86.94
1601856000000,10664.9,10743.2,10655.8,10712.3,1211.82
1601856900000,10712.3,10722.2,10702.7,10706.8,276.74
1601857800000,10706.8,10715.2,10699.2,10702,222.8
1601858700000,10701.9,10708.3,10698.2,10702,300.77
1601859600000,10702.1,10704.5,10691,10696.6,205.03
1601860500000,10696.5,10707.4,10696.5,10703.5,127.69
1601861400000,10703.4,10704,10689.3,10691.5,126.22
1601862300000,10691.4,10699.9,10686.5,10691.4,103.68
1601863200000,10690.9,10701.3,10686.5,10699.1,75.03
1601864100000,10698,10699.5,10694,10698,45.67
1601865000000,10697.9,10698.9,10688.6,10698.9,61.67
1601865900000,10698.1,10708.7,10695.7,10706.5,93.78
1601866800000,10706.5,10709.6,10693.1,10693.1,217.29
1601867700000,10693.1,10693.2,10684,10685,134.68
1601868600000,10685.1,10689,10685,10688.9,34.06
1601869500000,10688.1,10688.1,10664.6,10665.1,309.99
1601870400000,10665.1,10665.1,10646.7,10654.7,459.17
1601871300000,10654.6,10672.1,10654.6,10661.4,90.63
1601872200000,10662.9,10669.1,10659,10660.9,176.16
1601873100000,10660.9,10660.9,10646.7,10655.7,128.7
1601874000000,10655.1,10662.9,10655,10655.9,54.58
1601874900000,10655,10662.4,10652.3,10662.3,41.71
1601875800000,10661.4,10663.5,10659.2,10662,23.13
1601876700000,10663,10675,10662.9,10674.9,84.28
1601877600000,10674.1,10674.1,10633,10634.7,349.62
1601878500000,10634.8,10644.4,10618,10632.5,392.18
1601879400000,10632.4,10645.3,10629.6,10644.5,83.3
1601880300000,10643.4,10643.4,10636.4,10641,72.8
1601881200000,10640.9,10677.6,10631.8,10664.7,463.45
1601882100000,10663,10663.6,10646.7,10646.7,140.8
1601883000000,10646.7,10674.9,10646.7,10673.7,224.31
1601883900000,10673.7,10690.8,10673.7,10684.9,390.54
1601884800000,10684.9,10690.7,10672.4,10679.2,134.5
1601885700000,10679.3,10685,10672.4,10680.5,73.98
1601886600000,10680.5,10681.5,10674.4,10677.9,59.36
1601887500000,10677.9,10677.9,10667.9,10668.5,54.91
1601888400000,10668.5,10682.1,10661.5,10678.3,75.29
1601889300000,10679.1,10682.6,10675.3,10675.4,43.1
1601890200000,10675.4,10683,10669.4,10679.8,65.9
1601891100000,10679.9,10679.9,10669.2,10677.8,112.36
1601892000000,10677.5,10677.5,10659.1,10661.1,138.65
1601892900000,10662.6,10666.6,10660,10662.4,43.25
1601893800000,10662.3,10683.9,10662.3,10683.5,101.44
1601894700000,10681.7,10681.7,10671.9,10676.2,35
1601895600000,10678.8,10695.1,10678.8,10685,229.17
1601896500000,10685,10685,10666,10666,47.13
1601897400000,10666.5,10673.6,10664.5,10672.2,58.72
1601898300000,10673,10678.3,10664,10664.1,52.45
1601899200000,10664,10675.3,10656.4,10674.6,218.57
1601900100000,10674.5,10685.9,10671.5,10676.1,109.55
1601901000000,10676,10681.5,10671.9,10678.6,72.32
1601901900000,10678.5,10694.3,10675,10691.8,144.37
1601902800000,10691.8,10733.1,10691.8,10702.2,769.83
1601903700000,10702.1,10714,10695.8,10701.8,137.08
1601904600000,10701.8,10727.9,10700.3,10706.6,260.59
1601905500000,10706.6,10725.6,10704.7,10722.4,244.36
1601906400000,10722.5,10774.9,10712.3,10725.1,1495.14
1601907300000,10726,10729.9,10718.1,10728.3,233.99
1601908200000,10728.4,10744.1,10725.5,10732.6,260.5
1601909100000,10732.6,10732.6,10712.9,10717.4,247.05
1601910000000,10717.4,10719.8,10715,10719.8,149.78
1601910900000,10719.8,10727.6,10715.1,10716.4,128.96
1601911800000,10715.3,10715.5,10705.5,10713.4,86.59
1601912700000,10714.9,10719,10710.6,10719,66.27
1601913600000,10719.1,10722.1,10710,10716.8,82.96
1601914500000,10716.8,10718.4,10711.4,10717.4,32.92
1601915400000,10717.4,10717.4,10698.3,10716.3,91.86
1601916300000,10716.5,10739.7,10716.5,10737.3,149.04
1601917200000,10737.3,10739.3,10720.1,10721.2,69.57
1601918100000,10721.2,10721.2,10711.9,10712.9,52.61
1601919000000,10712,10715.9,10710,10710.3,26.4
1601919900000,10710,10710.6,10683.9,10692.8,189.69
1601920800000,10692.9,10701.2,10683,10691.5,140.95
1601921700000,10691.5,10694.5,10678.1,10687.1,57.22
1601922600000,10688.3,10695,10681.7,10695,88.3
1601923500000,10695,10714,10694.2,10714,154.32
1601924400000,10713.2,10727.4,10710,10722.2,107.98
1601925300000,10723.9,10730.4,10718,10728.7,39.51
1601926200000,10727.9,10735.6,10725.5,10732.1,65.03
1601927100000,10732,10735.6,10727,10727.1,53.1
1601928000000,10728.1,10737.4,10727.3,10729.7,67.21
1601928900000,10731.9,10749.6,10726.9,10747.7,144.88
1601929800000,10748.4,10748.4,10731.6,10734,66.89
1601930700000,10734.3,10742.2,10732,10738.4,50.49
1601931600000,10736.3,10744.9,10734.3,10740.3,103.79
1601932500000,10740.4,10761.1,10740.3,10753.5,147.88
1601933400000,10753.5,10757.3,10733.5,10738.2,113.24
1601934300000,10738.3,10739.6,10728.9,10735.3,41.39
1601935200000,10735.4,10752,10735.4,10747.3,55.76
1601936100000,10746.5,10761.5,10746.5,10758.9,81.32
1601937000000,10759,10759,10748.4,10753.7,62.68
1601937900000,10753.7,10753.7,10742,10743.1,63.81
1601938800000,10743.2,10753.1,10735.2,10736.4,45.55
1601939700000,10736.5,10746.2,10735.2,10746.2,32.39
1601940600000,10747.1,10796,10747.1,10767.1,602.67
1601941500000,10767.1,10796,10767.1,10786.9,348.44
1601942400000,10787,10792.9,10769.8,10783.5,447.53
1601943300000,10783.3,10783.3,10759.2,10760.1,132.58
1601944200000,10760.1,10761,10748.3,10754,131.45
1601945100000,10755.4,10759.2,10745.1,10751.5,89.96
1601946000000,10751.5,10769,10750.3,10768.3,159.26
1601946900000,10767.9,10767.9,10752.6,10752.6,62.92
1601947800000,10752.2,10759.9,10741.4,10749.9,74.77
1601948700000,10750,10762.4,10749.9,10758.8,72.8
1601949600000,10758.8,10767,10758.8,10765.7,56.23
1601950500000,10765.7,10768.6,10760,10761.6,68.02
1601951400000,10761.6,10771.5,10759.4,10769.6,85.28
1601952300000,10769.6,10788,10757.9,10758.3,303.86
1601953200000,10758.3,10760.9,10751.5,10757.7,103.19
1601954100000,10757.7,10766,10756.8,10766,50.84
1601955000000,10766,10780,10766,10771.8,119.29
1601955900000,10771.8,10778.8,10758.8,10761.5,115.84
1601956800000,10761.5,10773.1,10761,10766.4,107.15
1601957700000,10766.3,10776.9,10765.4,10774.5,122.09
1601958600000,10774.2,10780,10768.2,10771.2,146.03
1601959500000,10771.3,10772.5,10758.5,10763,156.55
1601960400000,10763,10763,10745,10749.3,222.53
1601961300000,10749.4,10760.9,10748,10751,61.83
1601962200000,10751,10754.1,10741.4,10744.7,79.96
1601963100000,10744.6,10753.8,10741,10748,114.59
1601964000000,10746.5,10747.9,10737.5,10739.4,145.03
1601964900000,10739.5,10753.3,10731.3,10743.3,75.54
1601965800000,10743.4,10743.4,10735.9,10736.8,71.35
1601966700000,10736.7,10743.4,10736.7,10743.1,29.35
1601967600000,10743.1,10764.5,10743.1,10759.1,119.71
1601968500000,10758.1,10758.1,10751.4,10757.8,34.67
1601969400000,10757.7,10757.7,10737,10737.1,153.55
1601970300000,10737,10737,10704,10713.8,474.52
1601971200000,10712.5,10721.6,10703.1,10721.6,306.45
1601972100000,10720.6,10725,10716.1,10721.6,67.03
1601973000000,10721.5,10729.4,10720.3,10722.7,101.34
1601973900000,10722.6,10738,10718.5,10737.7,85.85
1601974800000,10737.6,10740,10733.4,10738.9,70.46
1601975700000,10739,10741.4,10734.8,10735.3,73.52
1601976600000,10735.3,10738,10732.7,10736.3,81.19
1601977500000,10735.7,10752.7,10735.7,10744.1,163.79
1601978400000,10744.1,10749.9,10733.2,10737.7,62.19
1601979300000,10737.7,10737.8,10719,10723.3,91.83
1601980200000,10723,10723,10711,10716.6,243.42
1601981100000,10716.2,10717.2,10705,10705,138.35
1601982000000,10705,10705,10655.1,10675.8,1171.26
1601982900000,10675.9,10692.7,10665.8,10683.5,477.41
1601983800000,10683.4,10711.8,10680.3,10709.1,288.4
1601984700000,10709,10709,10693.1,10695.7,211.59
1601985600000,10696.7,10712.5,10688.9,10708.5,178.32
1601986500000,10711.2,10711.2,10700.1,10707.9,86.56
1601987400000,10707.9,10720,10707.9,10716,132.68
1601988300000,10716.1,10716.2,10701.2,10701.2,160.6
1601989200000,10701.3,10713.7,10691.7,10710.7,209.68
1601990100000,10709.7,10710.5,10701.4,10704,92.44
1601991000000,10702.4,10718.8,10701.5,10709.7,130.84
1601991900000,10709.7,10709.7,10676.8,10680.1,264.58
1601992800000,10680,10698.9,10670,10698.6,626.61
1601993700000,10698.6,10704.5,10696.5,10700.1,143.89
1601994600000,10700.3,10700.3,10658.4,10663.7,386.99
1601995500000,10663.5,10684.9,10658.4,10676.4,264.92
1601996400000,10673.4,10673.4,10626,10656.2,1088.18
1601997300000,10656.2,10701.8,10654.9,10687.5,719.35
1601998200000,10687.5,10721.9,10686.7,10719.5,467.08
1601999100000,10719.4,10764.1,10717.5,10737.5,766.78
1602000000000,10737.5,10749.7,10714.9,10734.6,484.47
1602000900000,10734.7,10740.4,10726,10727.5,157.05
1602001800000,10727.4,10727.5,10715,10719.3,87.62
1602002700000,10719.4,10730,10719.4,10722.5,61.33
1602003600000,10722.2,10729.9,10709.1,10709.1,79.05
1602004500000,10709.1,10719.2,10704.7,10708.9,125.66
1602005400000,10709,10713.7,10706.7,10708.2,89.87
1602006300000,10708.2,10718.1,10707.2,10711.3,54.15
1602007200000,10713.2,10717.7,10706.4,10717.7,60.59
1602008100000,10717.6,10719.5,10715.5,10718.3,28.55
1602009000000,10718.4,10732,10718.3,10728.8,207.98
1602009900000,10728.6,10729.1,10581.5,10604.1,2225.26
1602010800000,10604.1,10610,10540,10579.4,1692.55
1602011700000,10578.8,10591.3,10551.7,10579.6,530.24
1602012600000,10579.5,10596.7,10566.1,10577.8,242.08
1602013500000,10576.8,10585.7,10557.9,10574.1,178.55
1602014400000,10571.9,10578,10551.6,10571.4,471.47
1602015300000,10571.3,10573.7,10555.6,10573.7,198.78
1602016200000,10573.6,10573.6,10551.3,10554.3,181.68
1602017100000,10555.9,10560.1,10524.2,10547.6,396.71
1602018000000,10548.8,10549.9,10532.1,10547.3,188.67
1602018900000,10547.4,10576.7,10547.4,10565.5,125.63
1602019800000,10565.4,10572.9,10552.7,10568.7,49.68
1602020700000,10568.8,10578.7,10568.7,10569.5,78.08
1602021600000,10569.4,10595,10562.2,10593.8,164.58
1602022500000,10592.7,10593.8,10584.2,10593.7,94.47
1602023400000,10593.8,10593.8,10581,10589.1,71.77
1602024300000,10587.9,10592.2,10576.1,10583.5,127.56
1602025200000,10584.4,10594.3,10575.7,10576.6,114.21
1602026100000,10576.6,10590.4,10576,10590.2,433.61
1602027000000,10590.1,10608,10585.8,10598.7,336.62
1602027900000,10598.7,10614,10591.3,10602.3,159.61
1602028800000,10602.2,10606.9,10582.8,10583.3,183.69
1602029700000,10583.3,10601.6,10583.3,10589.8,88.35
1602030600000,10590.1,10593.1,10580.6,10582,101.37
1602031500000,10581.9,10594.6,10581.9,10592.6,46.29
1602032400000,10592.6,10599,10566.6,10580.6,192.08
1602033300000,10580.7,10587.5,10578.1,10578.2,29.54
1602034200000,10578.1,10578.2,10552.5,10573.9,260.97
1602035100000,10573.9,10586.8,10573.8,10584.6,132.28
1602036000000,10584.6,10592.5,10584.5,10592.3,105.01
1602036900000,10591.7,10598.1,10585.3,10585.3,98.22
1602037800000,10585.4,10595.6,10585.3,10591.8,71.2
1602038700000,10591.8,10603.5,10591.7,10592.3,121.23
1602039600000,10592.4,10595.7,10587.3,10592.3,34.75
1602040500000,10592.4,10595.8,10574.8,10583.7,116.74
1602041400000,10583.6,10590,10575.5,10575.8,98.86
1602042300000,10575.8,10589.5,10575.8,10577.4,95.06
1602043200000,10575.9,10583.4,10572.8,10576.5,66.87
1602044100000,10576.5,10590,10574.2,10589.9,64.32
1602045000000,10589.9,10590,10580.9,10585.3,62.03
1602045900000,10585.4,10595,10585.4,10588.5,75.3
1602046800000,10588.6,10596.3,10579.7,10596.2,75.79
1602047700000,10596.3,10609.2,10593.3,10601.5,326.62
1602048600000,10601.6,10605,10592.5,10605,242.45
1602049500000,10605,10609.1,10602.9,10606.6,206.76
1602050400000,10606.5,10607.9,10602.1,10602.1,156.26
1602051300000,10602.1,10627.1,10602,10607.7,304.49
1602052200000,10607.7,10615.6,10605.9,10611,105.97
1602053100000,10611,10623,10611,10618.6,257.65
1602054000000,10618.6,10627.4,10611,10620.9,117.79
1602054900000,10621,10623.6,10607.1,10611.3,76.61
1602055800000,10610.5,10612.7,10600.5,10601.3,117.11
1602056700000,10601.3,10623.3,10600,10619.9,262.25
1602057600000,10620,10622.8,10600,10602.4,129.36
1602058500000,10602.3,10612.7,10600.4,10600.4,115.83
1602059400000,10600.5,10612.5,10600.4,10607.1,43.41
1602060300000,10607,10612,10606.4,10610.4,48.54
1602061200000,10609.4,10619.9,10594.6,10599.3,119.37
1602062100000,10599.3,10599.3,10585,10593.4,162.28
1602063000000,10593.4,10614.2,10593.4,10613.7,76.45
1602063900000,10612.2,10612.2,10585,10585.1,108.07
1602064800000,10585.1,10595.2,10581,10589.7,166.18
1602065700000,10589.6,10592,10583.2,10588,58.79
1602066600000,10588,10588,10573.2,10578.1,125.6
1602067500000,10578.1,10598.8,10578.1,10597.6,100.92
1602068400000,10597,10599.8,10588.4,10588.4,81.41
1602069300000,10588.4,10588.4,10581.6,10583.6,70.9
1602070200000,10583.6,10595.5,10583.6,10595.5,79.01
1602071100000,10595.5,10605.7,10595.5,10600.2,67.2
1602072000000,10603.7,10617.9,10601.5,10612.8,142.01
1602072900000,10612.7,10620,10610.1,10610.9,151.77
1602073800000,10611,10625.2,10611,10621.4,184.1
1602074700000,10621.4,10630.9,10616.4,10621.5,141.09
1602075600000,10621.6,10625.5,10613.5,10615.7,91.18
1602076500000,10615.8,10617.6,10612.5,10617.6,50.12
1602077400000,10617.6,10637.8,10617.6,10619.1,396.26
1602078300000,10618.6,10618.6,10608.8,10611.1,133.7
1602079200000,10611.7,10615.9,10595.9,10598,192.51
1602080100000,10598,10618.4,10598,10614.7,95.17
1602081000000,10614.6,10621,10612.2,10620.9,70.38
1602081900000,10621,10628.8,10616.9,10628.7,86.76
1602082800000,10628.7,10638,10613.8,10621.5,423.23
1602083700000,10621.5,10647.7,10621.4,10634.3,369.69
1602084600000,10635.1,10640.8,10625.7,10627,101.71
1602085500000,10626.9,10632.1,10621.3,10628.7,53.43
1602086400000,10628.8,10631.4,10613.5,10629,87.86
1602087300000,10630.8,10630.9,10597.9,10606.8,226.51
1602088200000,10605.7,10621.1,10605.7,10621,80.92
1602089100000,10619.6,10623.7,10617.3,10623.7,34.47
1602090000000,10624.3,10629.1,10622.8,10622.8,119.16
1602090900000,10622.7,10626,10616.2,10622.9,44.29
1602091800000,10623,10643,10623,10643,77.7
1602092700000,10642.9,10642.9,10634.4,10636.7,56.52
1602093600000,10636,10639.8,10631.9,10634.9,22.33
1602094500000,10634.1,10664.7,10634.1,10654.1,381.12
1602095400000,10655.6,10659.5,10651.4,10651.9,73.52
1602096300000,10651.9,10664.5,10651.9,10664.4,101.93
1602097200000,10664.4,10676,10664,10674,182.1
1602098100000,10674.1,10674.1,10663.7,10663.7,46.28
1602099000000,10663.7,10663.7,10650.6,10655.4,37.76
1602099900000,10656.2,10659.4,10650.4,10652.6,30.45
1602100800000,10651.1,10653.6,10644,10653.6,68.15
1602101700000,10653.1,10653.6,10651.5,10651.5,8.01
1602102600000,10651.7,10662.3,10651.7,10656.7,35.86
1602103500000,10656.8,10663.7,10655.6,10659,24.64
1602104400000,10659,10660.3,10656.9,10660.2,13.36
1602105300000,10660.2,10660.3,10659.2,10660.3,7.45
1602106200000,10660.2,10660.3,10653,10655.6,37.33
1602107100000,10655.5,10661.3,10653.5,10660,34.43
1602108000000,10659.1,10659.1,10650,10650.1,26.93
1602108900000,10650,10652.9,10644,10644,24.58
1602109800000,10644,10653,10642.8,10645,53.63
1602110700000,10645.4,10658,10645.4,10657.5,27.24
1602111600000,10657.3,10657.3,10650.7,10650.7,27.56
1602112500000,10650.7,10662.2,10650.4,10662.2,24.74
1602113400000,10662.2,10671.4,10661.7,10671.4,74.94
1602114300000,10670.4,10670.5,10660,10664.7,63.15
1602115200000,10664.3,10666.6,10648.6,10652.1,181.84
1602116100000,10651.3,10651.3,10648.4,10648.9,45.95
1602117000000,10648.8,10648.8,10638,10640,98.65
1602117900000,10639.9,10646.4,10636.1,10640.5,115.79
1602118800000,10640.6,10640.6,10631.6,10637.6,212.08
1602119700000,10637.7,10637.7,10623.7,10623.7,112.25
1602120600000,10623.7,10629.9,10620,10628.9,93.38
1602121500000,10628.8,10645,10628,10641.8,117.76
1602122400000,10642.4,10642.4,10635.9,10636,37.08
1602123300000,10636.6,10636.6,10625.5,10626.7,93.91
1602124200000,10626.7,10639.5,10626.7,10639.4,56.5
1602125100000,10638.6,10644.8,10636.9,10639,67.39
1602126000000,10639,10650,10638.9,10650,97.7
1602126900000,10650,10653,10643.4,10643.4,91.68
1602127800000,10641.8,10641.9,10640,10641.4,47.14
1602128700000,10641.4,10642.9,10640.4,10642.9,17.4
1602129600000,10641.6,10641.6,10630.3,10632.7,80.43
1602130500000,10632.7,10638.5,10632.7,10638.5,35.05
1602131400000,10638.5,10642.1,10638.4,10642.1,43.13
1602132300000,10642,10642.1,10633.4,10633.4,32.66
1602133200000,10633,10633,10603.7,10625.4,446.65
1602134100000,10625.4,10639,10621.7,10621.8,96.44
1602135000000,10621.8,10631.8,10619,10619.4,96.14
1602135900000,10619.5,10622.9,10609,10616.3,168.7
1602136800000,10616.2,10629.4,10610,10628,169.26
1602137700000,10628,10629,10622.7,10622.7,81.27
1602138600000,10622.7,10626.7,10613.9,10613.9,89.2
1602139500000,10613.9,10624,10612.8,10623.9,109.24
1602140400000,10623.9,10623.9,10564.7,10596.6,747.03
1602141300000,10595.8,10616.6,10593.4,10593.9,309.39
1602142200000,10593.9,10607.9,10586.4,10599.9,240.56
1602143100000,10599.8,10601.6,10585,10592,305.62
1602144000000,10592,10603.5,10585.5,10600.1,218.84
1602144900000,10600,10602.7,10586.9,10587,157.16
1602145800000,10586.9,10603.8,10586.9,10594.8,198.64
1602146700000,10594.8,10597.8,10557,10568.9,596.09
1602147600000,10568.9,10579.8,10535.3,10557.2,884.23
1602148500000,10557.1,10573.8,10555,10563.8,400.89
1602149400000,10563.8,10573.7,10563.8,10565.9,163.71
1602150300000,10565.9,10574,10565.5,10567.2,80.63
1602151200000,10567.3,10578,10561,10576.8,151.24
1602152100000,10576.8,10630,10576.8,10611.6,875.83
1602153000000,10611.7,10625,10610,10617.7,256.56
1602153900000,10617.6,10627.6,10603.7,10609.8,154.93
1602154800000,10608.3,10608.3,10598.9,10607.6,109.74
1602155700000,10606.5,10606.5,10597.2,10603,79.59
1602156600000,10603,10611.9,10598.4,10611.9,83.16
1602157500000,10611.8,10611.8,10604.9,10605.8,45.29
1602158400000,10605.8,10623.8,10593.1,10615.7,242.78
1602159300000,10615.7,10638,10612.6,10637.7,281.67
1602160200000,10637.7,10649.5,10627.1,10629.9,406.44
1602161100000,10629.9,10637.3,10624.4,10637.3,122.26
1602162000000,10638,10720.1,10620.7,10699.1,2135.08
1602162900000,10699.2,10745,10699.2,10730.9,2026.61
1602163800000,10730.9,10744.5,10718.6,10721.8,765.95
1602164700000,10722.1,10735,10707.6,10731.9,369.1
1602165600000,10731.9,10745.9,10712.5,10716,340.49
1602166500000,10717.4,10742.4,10715.7,10730.1,385.54
1602167400000,10731,10900,10729.5,10853.2,4118.53
1602168300000,10853.2,10964,10853.2,10910,2797.96
1602169200000,10910,10936.3,10888,10900.1,875.21
1602170100000,10900.9,10915.9,10872.8,10879.7,453.39
1602171000000,10879.7,10897.9,10860.3,10897.1,466.43
1602171900000,10897.1,10907.5,10876.5,10890,370.52
1602172800000,10890,10917.4,10884.3,10887,398.04
1602173700000,10887,10899,10877,10888.3,305.43
1602174600000,10888.8,10920,10888.5,10900.5,356.36
1602175500000,10898.9,10925,10893.3,10917.8,272.57
1602176400000,10917.9,10924.8,10902.6,10924.1,285.34
1602177300000,10924,10948.1,10889.7,10890,609.95
1602178200000,10890.1,10890.9,10877,10886.9,400.87
1602179100000,10887,10887,10863.2,10880.1,226.29
1602180000000,10880,10890.6,10880,10881.8,100.51
1602180900000,10881.8,10890,10853.8,10857.6,117.12
1602181800000,10857.6,10874.8,10845,10874.7,371.41
1602182700000,10874.7,10876.3,10866.4,10869.6,105.84
1602183600000,10869.6,10873.3,10856,10872.5,76.18
1602184500000,10872.6,10890,10871.6,10880.2,74.46
1602185400000,10878.9,10885,10878.8,10884.6,14.77
1602186300000,10884.5,10889.8,10875.1,10875.6,83.02
1602187200000,10875.6,10889.9,10861.5,10866.7,124.22
1602188100000,10865.7,10871.6,10864.6,10870.9,38.83
1602189000000,10870.9,10888.5,10870.5,10886.7,48.29
1602189900000,10887.8,10899.6,10884.8,10885.5,67.6
1602190800000,10887.2,10887.2,10874.2,10874.2,34.37
1602191700000,10874.2,10878.1,10871.9,10877.2,13.45
1602192600000,10877.1,10898.1,10877.1,10897.8,36.1
1602193500000,10897.8,10897.8,10875.5,10875.5,24.11
1602194400000,10875.5,10899.3,10872.8,10899,113.88
1602195300000,10899,10906.3,10890.3,10895,50.42
1602196200000,10894,10897,10887.3,10888.1,46.04
1602197100000,10888.1,10901.2,10888,10896.1,67.91
1602198000000,10893.7,10896.1,10884.6,10893.9,36.42
1602198900000,10893.2,10897.1,10881.1,10882.8,45
1602199800000,10882.2,10891.4,10876.6,10891.4,66.11
1602200700000,10892.5,10933.1,10879.6,10921,332.72
1602201600000,10921,10934.8,10906.3,10917.7,327.55
1602202500000,10917.7,10918.7,10869.1,10879,285.16
1602203400000,10878.9,10878.9,10859,10874.8,258.03
1602204300000,10874.8,10879,10865.8,10874.8,85.04
1602205200000,10874.8,10883.5,10870.1,10883.5,58.72
1602206100000,10883.5,10891.1,10880.8,10890.6,111.28
1602207000000,10890.6,10893.2,10878,10878,63.72
1602207900000,10878,10898,10878,10896.2,75.66
1602208800000,10896.2,10898,10890,10896.1,44.36
1602209700000,10896.6,10918.5,10896.5,10899.9,249.83
1602210600000,10900,10901.3,10894.9,10895,87.86
1602211500000,10895,10898.9,10893.4,10897.3,41.07
1602212400000,10897.3,10903.1,10882.1,10884.1,159.8
1602213300000,10884.1,10884.9,10877.2,10881,142.08
1602214200000,10881.9,10882.7,10881,10882.6,55.68
1602215100000,10882.7,10892.1,10882.6,10885,116.39
1602216000000,10883,10889.1,10875.7,10877.9,110.27
1602216900000,10877.6,10879.7,10870.6,10872,91.6
1602217800000,10872,10884.2,10867,10882.5,133.43
1602218700000,10881.8,10881.8,10873.9,10873.9,34.13
1602219600000,10872.3,10884,10869.1,10875.1,83.25
1602220500000,10875,10882.9,10874.6,10882.9,38.32
1602221400000,10883,10885,10870.4,10870.4,88.21
1602222300000,10870.5,10872.7,10858.8,10858.9,221.04
1602223200000,10858.8,10858.8,10828.9,10836.2,550.09
1602224100000,10836.2,10860.1,10836.2,10857,150.37
1602225000000,10856.9,10866,10856.9,10861.8,94.13
1602225900000,10861.8,10861.9,10848.5,10850.6,65.57
1602226800000,10850.6,10879.2,10849.5,10877.4,233.27
1602227700000,10878.9,10884.5,10870.9,10884.4,98.26
1602228600000,10884.9,10901.9,10876.1,10896.8,221.61
1602229500000,10896.7,10897.3,10888.9,10888.9,91.47
1602230400000,10890,10894,10879.3,10893.1,115.96
1602231300000,10893.1,10896.1,10882.1,10889.7,110.23
1602232200000,10889.7,10889.7,10882,10882,36.99
1602233100000,10882,10896.6,10882,10893.6,78.57
1602234000000,10894.2,10894.2,10877.3,10881.9,59.84
1602234900000,10881.3,10881.3,10871.6,10873.5,65.88
1602235800000,10873.5,10874.4,10863.3,10874.4,175.81
1602236700000,10874.1,10878.7,10872,10875.7,44.45
1602237600000,10875.6,10893.4,10872,10893.3,76.69
1602238500000,10893.3,10906.3,10890.3,10897.8,236.76
1602239400000,10897.8,11043.7,10897.8,10982.7,2304.3
1602240300000,10983.9,10988,10967.1,10983,535.43
1602241200000,10982.9,11074.5,10982.9,11044,2188.76
1602242100000,11043.9,11100,11034,11063.6,1523.31
1602243000000,11063.6,11070,11048.8,11051.3,345.01
1602243900000,11051.3,11063,11022.9,11048.9,605.68
1602244800000,11049.6,11055,11039.4,11045.2,169.66
1602245700000,11045.2,11063,11045.2,11056.3,142.97
1602246600000,11056.3,11068.9,11056,11068.9,165.68
1602247500000,11068.8,11099.5,11054.2,11064.3,492.58
1602248400000,11064.3,11082.6,11060.6,11066.2,328.23
1602249300000,11066.2,11066.3,11048.8,11051.7,193.09
1602250200000,11051,11069.5,11046.4,11065.7,139.16
1602251100000,11066.6,11078.6,11066.6,11071,162.95
1602252000000,11072.2,11079.5,11066.5,11068.1,220.92
1602252900000,11068.2,11073.9,11047,11050.5,171.55
1602253800000,11050.4,11060,11036,11056.6,689.06
1602254700000,11056.7,11067.2,11055.8,11058.5,112.26
1602255600000,11058.5,11066,11043.3,11062.5,215.65
1602256500000,11062.4,11064.8,11046.8,11054,100.68
1602257400000,11053.9,11066,11052.8,11061.2,168.3
1602258300000,11061.3,11091.4,11061.3,11084.2,407.64
1602259200000,11084.2,11099.2,11038.8,11052.1,588.84
1602260100000,11052.1,11064.4,11045.8,11052,197.84
1602261000000,11053.1,11059,11044.9,11044.9,120.2
1602261900000,11044.9,11051.3,11042.4,11047.7,157.88
1602262800000,11048,11060,11047,11056.7,98.02
1602263700000,11055.1,11060,11047.9,11048.8,63.59
1602264600000,11048.8,11054.7,11046.7,11050.9,80.29
1602265500000,11050.9,11055.8,11050.8,11054.9,36.84
1602266400000,11055,11055,11032.5,11038.8,156.4
1602267300000,11039.5,11040,11032.1,11038.7,138.43
1602268200000,11039.7,11053.1,11034,11039.3,143.69
1602269100000,11039.2,11041.8,11033.1,11041.8,15.56
1602270000000,11042.7,11043.3,11015,11030.1,147.65
1602270900000,11030.5,11044.9,11030.5,11044.2,48.2
1602271800000,11045,11047,11028,11028,17
1602272700000,11028,11037,11024.7,11031.9,42.22
1602273600000,11032,11046.9,11032,11041.3,31.06
1602274500000,11043.5,11043.5,11035.9,11036.7,13.98
1602275400000,11036.7,11043.7,11033.9,11035.1,41.68
1602276300000,11035.2,11035.7,11028.8,11030.8,26.41
1602277200000,11030.7,11030.7,11027,11028.4,19.2
1602278100000,11028.4,11028.4,11014.9,11016.9,63.88
1602279000000,11017,11042.1,11016.9,11042.1,38.25
1602279900000,11042.6,11050.6,11042.6,11050.6,22.23
1602280800000,11050.6,11060.1,11047.1,11047.1,50.38
1602281700000,11047.1,11048.4,11043.4,11043.5,34.15
1602282600000,11043.4,11045.6,11043.4,11043.5,13.39
1602283500000,11043.5,11071.9,11043.5,11071.9,174.53
1602284400000,11072,11088.1,11068.2,11070.6,168.5
1602285300000,11070.6,11088.9,11070.6,11074.9,104.17
1602286200000,11074.9,11074.9,11049.2,11062,133.95
1602287100000,11062,11063.5,11050.3,11050.3,58.16
1602288000000,11050.4,11068.7,11050.3,11068.5,66.17
1602288900000,11068.6,11085,11068.6,11083.9,165.25
1602289800000,11083.8,11086,11069.5,11069.5,180.81
1602290700000,11069.6,11072.3,11067.8,11072.2,130.23
1602291600000,11072.2,11072.3,11054.6,11064.4,59.7
1602292500000,11064.3,11080.5,11063.5,11073.2,66.73
1602293400000,11073.2,11085,11073.2,11085,66.55
1602294300000,11084.9,11085,11080,11085,184.64
1602295200000,11084.9,11444.2,11078.2,11361.5,9662.34
1602296100000,11361.4,11463.7,11345.8,11389.6,1724.96
1602297000000,11389.7,11445,11380,11411.5,1123.57
1602297900000,11411.4,11411.5,11374.3,11387.5,496.04
1602298800000,11387.6,11497.3,11387.6,11445.1,1614.97
1602299700000,11445.7,11461.2,11392.2,11397.7,766.87
1602300600000,11397.8,11414.1,11394.9,11412.6,239.28
1602301500000,11412.7,11430.4,11406.1,11412.6,234.37
1602302400000,11412.6,11425.2,11398.9,11399,183.05
1602303300000,11399,11400.4,11381.5,11391.7,224.34
1602304200000,11391.8,11413,11382.2,11402.7,343.72
1602305100000,11402.7,11413.2,11397.5,11405.8,134.75
1602306000000,11405.7,11405.7,11388,11388.1,105.81
1602306900000,11388.1,11404.9,11388,11402,137.68
1602307800000,11402,11402,11388,11388.1,21.58
1602308700000,11388,11388.1,11362.3,11376.9,278.99
1602309600000,11377,11391.4,11376.9,11386.1,77
1602310500000,11386.1,11389.5,11376,11379.1,136.68
1602311400000,11379.1,11391.1,11377.5,11385,98.21
1602312300000,11385,11390.1,11354,11358.4,358.97
1602313200000,11358.3,11377.5,11356.1,11377.4,242.59
1602314100000,11377.5,11381.4,11374,11381.3,141.37
1602315000000,11381.4,11381.4,11366,11366.1,82.27
1602315900000,11366.7,11387.1,11366.7,11384,89.59
1602316800000,11383.5,11383.5,11366,11366.1,107.5
1602317700000,11366.1,11382.3,11366,11382.3,106.48
1602318600000,11382.3,11392.7,11380.8,11392.6,91.48
1602319500000,11392.6,11396,11373,11377.4,166.49
1602320400000,11377.4,11385.5,11372,11372.4,91.65
1602321300000,11372.5,11372.5,11355,11359.2,226.84
1602322200000,11358.5,11376.4,11353.8,11355.9,432.61
1602323100000,11355.9,11356.2,11279.6,11317.9,1912.71
1602324000000,11317.8,11317.8,11234,11264.5,1072.28
1602324900000,11264.4,11307.4,11264.4,11296.7,438.45
1602325800000,11296.7,11310.2,11286.7,11301.2,271.09
1602326700000,11301.9,11324.4,11293.9,11312.2,150.14
1602327600000,11313.3,11362,11310,11324.7,435.8
1602328500000,11323.1,11323.8,11308,11308.2,192.18
1602329400000,11308.3,11310.5,11300.9,11310.4,159.01
1602330300000,11310.4,11330,11310.4,11319.9,131.83
1602331200000,11318.9,11338.5,11313.3,11314.7,193.2
1602332100000,11314.6,11314.6,11285.3,11301.6,172.95
1602333000000,11301.5,11328.4,11289.3,11318,158.2
1602333900000,11318,11342.9,11318,11342.8,270.08
1602334800000,11342.8,11348.6,11322.5,11330.8,168.74
1602335700000,11330.8,11332.8,11313.7,11321.7,117.56
1602336600000,11318.8,11366.9,11312.1,11354.1,483.72
1602337500000,11355.1,11387.3,11348.4,11354.2,726.92
1602338400000,11354.2,11356.2,11332.7,11341.1,159.09
1602339300000,11341.1,11345.6,11320.9,11327.2,120.09
1602340200000,11326.2,11357.4,11326.2,11349.5,119.46
1602341100000,11349.5,11353.7,11336.5,11353.6,131.89
1602342000000,11353.6,11377,11353.6,11370.4,237.27
1602342900000,11370.4,11381.2,11360.8,11374.6,312.9
1602343800000,11374.6,11377,11357.3,11377,123.86
1602344700000,11377.4,11416,11305.1,11350.5,1100.32
1602345600000,11350.4,11375.2,11330.1,11331.9,272.85
1602346500000,11331.8,11344.4,11318.5,11342.8,161.5
1602347400000,11342.8,11342.9,11306.6,11331.3,386.32
1602348300000,11328.2,11341,11324.8,11333.9,126.65
1602349200000,11330.9,11355.1,11329.9,11355.1,90.54
1602350100000,11355,11366.9,11344.2,11351.4,126.7
1602351000000,11351.4,11356.8,11335.9,11342,39.84
1602351900000,11344.9,11354.1,11342.5,11353.2,27.23
1602352800000,11353.1,11353.1,11346.8,11347.8,29.67
1602353700000,11347.8,11351.6,11341.6,11351.2,30.33
1602354600000,11351.2,11371.3,11350.2,11366.4,109.19
1602355500000,11368.4,11369.4,11356.1,11363.4,84.95
1602356400000,11361.8,11361.8,11346.8,11348.9,31.42
1602357300000,11354.8,11366.7,11345.6,11361.9,40.05
1602358200000,11360.9,11366.5,11358.9,11364.5,16.27
1602359100000,11363.1,11367.1,11353,11353,35.26
1602360000000,11352.9,11352.9,11338.5,11347.3,37.59
1602360900000,11352.1,11361.1,11343.7,11359.5,15.83
1602361800000,11359.4,11365,11354.9,11364.9,19.44
1602362700000,11365.7,11366.6,11362,11363.6,35.84
1602363600000,11363.6,11363.6,11320.3,11338.5,76.35
1602364500000,11340.6,11375.2,11340.6,11361.5,122.83
1602365400000,11361.8,11372.2,11357.2,11367.5,55.52
1602366300000,11367.6,11373.8,11367.6,11368.2,37.36
1602367200000,11368.2,11368.2,11330.2,11352.3,70.52
1602368100000,11352.3,11367.1,11338,11343.7,34.3
1602369000000,11342.3,11364.7,11342.3,11359.1,61.96
1602369900000,11357.2,11357.2,11346.6,11346.6,55.63
1602370800000,11344.5,11344.5,11290,11301.9,353.41
1602371700000,11301.9,11316.5,11294.7,11306.8,189.13
1602372600000,11306.7,11306.7,11265,11304.2,374.51
1602373500000,11304.3,11307.5,11276.8,11295.8,157.42
1602374400000,11295,11323.2,11283.7,11300.5,205.31
1602375300000,11300.5,11309.7,11293.7,11304.7,106.91
1602376200000,11303.2,11303.2,11284.6,11285.1,132.2
1602377100000,11285.5,11307.3,11275,11303.6,125.69
1602378000000,11303.6,11334.7,11300.8,11316.4,391.04
1602378900000,11316.3,11321.6,11311.9,11321.6,32.5
1602379800000,11320.5,11326.1,11314.1,11326.1,41.83
1602380700000,11326.1,11406,11326.1,11369.9,1104.67
1602381600000,11366.9,11374.5,11357,11359.7,145.48
1602382500000,11359.8,11363.7,11350.9,11359.4,102.05
1602383400000,11359.3,11363.3,11350.5,11350.5,55.27
1602384300000,11350.5,11357.4,11350.4,11354.4,53.94
1602385200000,11354.5,11354.5,11333.9,11337.6,72.24
1602386100000,11337.6,11350.4,11336.8,11337.8,83.01
1602387000000,11337.9,11337.9,11312,11323,169.2
1602387900000,11324,11334.3,11322,11333.2,44.56
1602388800000,11333.2,11338,11333.2,11336.1,162.56
1602389700000,11336,11339.4,11314.7,11321,73.73
1602390600000,11321.1,11321.1,11304,11310.6,192.63
1602391500000,11310.6,11322.4,11308.1,11322.3,77.14
1602392400000,11322.4,11333.1,11312.2,11313.4,101.61
1602393300000,11312.2,11326.8,11308.1,11326.8,58.66
1602394200000,11326.8,11344.6,11326.8,11333.9,103.87
1602395100000,11333.9,11343.8,11330,11342.2,71.43
1602396000000,11340.2,11356.3,11340.2,11352.4,96.28
1602396900000,11352.4,11374.6,11344.4,11358.1,120.32
1602397800000,11358.1,11358.1,11336.7,11336.8,98.9
1602398700000,11336.8,11360,11336.8,11358.8,61
1602399600000,11358.8,11368.7,11357.7,11363.5,128.6
1602400500000,11363.4,11365,11346.7,11346.7,63.44
1602401400000,11346.6,11356.4,11346.5,11356.4,46.95
1602402300000,11357.6,11362.9,11351.9,11356.2,63.45
1602403200000,11356.1,11356.5,11338,11338,61.97
1602404100000,11338.1,11359,11338.1,11349,72.78
1602405000000,11350.7,11365.8,11350.7,11353.9,65.41
1602405900000,11354,11362.6,11346.9,11346.9,38.17
1602406800000,11346.8,11349.1,11330,11338,203.26
1602407700000,11338,11352.8,11337.9,11352.7,150.25
1602408600000,11352.8,11356.6,11348,11348,46.03
1602409500000,11347.9,11353.1,11340.2,11352.8,69.68
1602410400000,11353.4,11359.9,11341.9,11341.9,49.89
1602411300000,11341.9,11362.9,11341.9,11358,179.2
1602412200000,11357.9,11396,11357.9,11370.5,410.26
1602413100000,11370.6,11405.7,11370.6,11396.9,434.11
1602414000000,11396.9,11418,11381.4,11391.1,657.94
1602414900000,11391.2,11392.9,11364.2,11370,339.29
1602415800000,11370,11372,11352.8,11365,172.3
1602416700000,11365,11375.5,11364.5,11373.4,124.09
1602417600000,11373.3,11381.4,11362.1,11362.2,135.47
1602418500000,11362.2,11366.7,11347.8,11352.1,209.5
1602419400000,11354,11367,11354,11366.9,124.14
1602420300000,11366.9,11367,11357.4,11357.4,113.2
1602421200000,11357.4,11363.8,11320,11361.9,508.25
1602422100000,11362.1,11379,11359.9,11374.4,147.67
1602423000000,11374.5,11377,11355.9,11360.5,135.56
1602423900000,11360.5,11371.9,11360.5,11363.9,56.93
1602424800000,11363.9,11393.3,11362.4,11384.8,228.78
1602425700000,11384.9,11387.9,11379.3,11380.9,157.69
1602426600000,11380.7,11454.1,11364.4,11375.9,1478.05
1602427500000,11374.2,11384.9,11346.9,11374.3,487.62
1602428400000,11376,11429.7,11376,11419.9,663.68
1602429300000,11420,11440,11411.5,11425.5,458.52
1602430200000,11427.6,11427.6,11402.4,11404.7,195.69
1602431100000,11404.7,11408.6,11390,11398.8,227.29
1602432000000,11398.9,11403.4,11359.5,11392.4,418.05
1602432900000,11392.5,11425,11385.8,11405.6,363.65
1602433800000,11406.3,11417.4,11402.5,11411.4,201.31
1602434700000,11411.5,11417.6,11389,11393.3,110.26
1602435600000,11393.2,11409.9,11393.2,11404.2,44.8
1602436500000,11405.4,11414,11400.6,11401.8,58.85
1602437400000,11401.8,11428,11401.8,11414,140.12
1602438300000,11412.6,11419.8,11409.3,11419.8,18.39
1602439200000,11421.9,11428,11404.2,11407.1,98.27
1602440100000,11406.5,11411.5,11398.3,11411.5,81.64
1602441000000,11410.7,11417.8,11405,11405,12.92
1602441900000,11405.1,11408.7,11381.1,11407.9,98.11
1602442800000,11408,11412.8,11399.9,11399.9,29.12
1602443700000,11400,11403.5,11381.2,11381.3,347.61
1602444600000,11381.2,11391.5,11312,11350.8,1128.84
1602445500000,11350.8,11362.1,11322.4,11334.1,303.54
1602446400000,11334.1,11350,11332.6,11338.2,144.75
1602447300000,11337.6,11355.3,11337.6,11351.4,62.44
1602448200000,11349.6,11353.5,11342.2,11346.7,57.47
1602449100000,11344.6,11352,11327.2,11327.2,85.1
1602450000000,11327.3,11337.1,11275.6,11315,964.69
1602450900000,11314.9,11321.6,11307.3,11317,55.55
1602451800000,11317,11343.4,11317,11334.9,49.15
1602452700000,11333.5,11333.5,11322.3,11324.9,48.16
1602453600000,11324.9,11344.4,11300.1,11329.1,186.05
1602454500000,11329,11347.4,11329,11342.5,92.78
1602455400000,11344.6,11344.6,11330.9,11341.8,77.31
1602456300000,11340.4,11357.7,11340.4,11351.9,97.58
1602457200000,11356,11356.4,11345.2,11354.2,67.59
1602458100000,11355.4,11374.1,11345.9,11368.5,155.16
1602459000000,11369.5,11395.7,11363.6,11383.2,195.67
1602459900000,11383.1,11389.2,11368.7,11370.4,218.11
1602460800000,11370.4,11370.4,11355.3,11359,206.03
1602461700000,11359.1,11359.5,11347.6,11352.2,134.88
1602462600000,11350.9,11369.5,11347.4,11369.5,97.23
1602463500000,11369.5,11377.7,11368.5,11375,88.69
1602464400000,11377,11377.9,11368.6,11368.6,73.31
1602465300000,11368.7,11373.8,11354.6,11373.8,142.77
1602466200000,11374.9,11401.5,11374.9,11394.2,341.23
1602467100000,11394.2,11397.1,11386,11393.2,211.33
1602468000000,11393.3,11393.3,11370.4,11376.7,157.71
1602468900000,11376.8,11379.2,11370.1,11377,81.51
1602469800000,11375.8,11386.5,11375.8,11386.5,86.83
1602470700000,11386.5,11408.5,11386.4,11397,178.71
1602471600000,11397,11407.9,11381.9,11383.5,217.27
1602472500000,11383.5,11392.7,11383.1,11386,56.58
1602473400000,11386.1,11407.1,11383.9,11384.4,165.79
1602474300000,11384.4,11395.4,11384.4,11385,95.08
1602475200000,11384.9,11385,11367.3,11369.5,184.86
1602476100000,11372.7,11379.7,11365,11378.8,58.63
1602477000000,11378.8,11390.6,11377.7,11387,96.58
1602477900000,11387,11388.1,11381.7,11385,40.79
1602478800000,11383.5,11398,11378.2,11397.9,91.06
1602479700000,11397.9,11414,11397.9,11399.8,235.03
1602480600000,11399.8,11405.6,11388,11394.9,92.26
1602481500000,11394.8,11399.7,11388.3,11395.4,100.49
1602482400000,11395.8,11402.7,11380.1,11382.6,122.38
1602483300000,11382.7,11382.7,11360,11361.6,396.57
1602484200000,11361.5,11364.5,11352.3,11364.5,238.42
1602485100000,11364.4,11369.6,11333.9,11342.4,249.49
1602486000000,11342.5,11360.1,11330.1,11356.9,218.3
1602486900000,11356.8,11376.2,11356.8,11376.1,120.52
1602487800000,11376.2,11395.3,11376.2,11383.8,484.79
1602488700000,11383.9,11387.8,11375,11378,95.67
1602489600000,11378.1,11382.9,11367.9,11368,105.54
1602490500000,11367.9,11392.5,11367.9,11392.4,131.6
1602491400000,11392.5,11394,11375.8,11376.8,97.97
1602492300000,11376.8,11377,11361,11361.7,148.41
1602493200000,11361.6,11374.9,11350.3,11365.9,165.12
1602494100000,11362.3,11363.8,11352.5,11362.8,200.32
1602495000000,11362,11362,11345,11346.4,221.46
1602495900000,11346.4,11357.7,11311,11357.7,622.2
1602496800000,11357.6,11362.6,11352.7,11361.2,180.43
1602497700000,11361.3,11362.4,11337,11338.9,180.96
1602498600000,11338.9,11338.9,11161.1,11238.5,2872.83
1602499500000,11234.3,11279.3,11220.3,11264.8,1364.5
1602500400000,11263,11274.3,11241.1,11247.4,537.5
1602501300000,11247.4,11267.9,11241.6,11259,354.98
1602502200000,11256.9,11263.9,11249.9,11262,361.61
1602503100000,11263.7,11263.7,11243.4,11245.8,258.56
1602504000000,11245.5,11275,11240.6,11268,209
1602504900000,11267.9,11272.5,11260.4,11262.2,243.74
1602505800000,11262.2,11284,11261.7,11267.7,184.99
1602506700000,11267.7,11290.2,11262.4,11290,371.08
1602507600000,11290,11306,11276,11299.9,606.34
1602508500000,11300,11316,11287.7,11307,249.14
1602509400000,11306,11408.4,11295.6,11395.9,2739.15
1602510300000,11395.9,11536.1,11395.9,11494,4309.33
1602511200000,11494,11504.4,11461.6,11478.3,740.83
1602512100000,11478.3,11492,11475,11480,387.93
1602513000000,11480,11484.9,11450,11467.9,423.01
1602513900000,11468,11474.5,11463.9,11467.9,213.81
1602514800000,11467.9,11486.5,11467.9,11478,217.16
1602515700000,11478,11532.5,11478,11520,879.9
1602516600000,11520,11596.4,11485.7,11555.1,2726.81
1602517500000,11555.1,11556.4,11509,11545.8,625.4
1602518400000,11548,11568.8,11526.3,11566,695.78
1602519300000,11566,11575,11557.5,11569.2,421.7
1602520200000,11567.7,11572,11548.7,11572,167.6
1602521100000,11572,11576.2,11551.5,11553.2,189.7
1602522000000,11553.1,11566.2,11550,11550,93.88
1602522900000,11550,11550,11527.1,11533.6,179.68
1602523800000,11535,11549.6,11535,11542,81.94
1602524700000,11547,11554.3,11546.4,11553.5,75.91
1602525600000,11555,11563.3,11549.5,11550.8,40.1
1602526500000,11550.8,11554.2,11540.3,11554.1,123.77
1602527400000,11554.2,11564.6,11546.6,11550.3,120.66
1602528300000,11547.7,11556.7,11546.1,11547.8,32.93
1602529200000,11546.4,11571.2,11539.1,11563,152.89
1602530100000,11563.1,11568.6,11556.1,11568,63.4
1602531000000,11569.9,11573.7,11556,11559.5,55.02
1602531900000,11559.7,11565.7,11539.2,11543.9,42.62
1602532800000,11548.3,11551.9,11531.1,11549.8,109.58
1602533700000,11551.2,11566.5,11548.3,11566.5,84.89
1602534600000,11566.5,11571.7,11561,11566,89.93
1602535500000,11566.9,11567,11552,11557.5,33.4
1602536400000,11557.6,11579.2,11555.5,11571.9,398.3
1602537300000,11571.9,11665.6,11569.8,11647.6,1475.81
1602538200000,11648.3,11740,11648.3,11680.3,1493.19
1602539100000,11680.3,11704.7,11666.5,11687.6,682.07
1602540000000,11687.6,11706.4,11679.7,11700,550.96
1602540900000,11697.6,11702.3,11678.7,11678.7,413.96
1602541800000,11678.6,11685.2,11662.8,11662.8,376.05
1602542700000,11662.9,11666,11641,11658.9,206.47
1602543600000,11658.9,11658.9,11480,11568.2,3110.16
1602544500000,11568.3,11588.5,11540,11554.3,653.57
1602545400000,11554.2,11554.2,11485,11539.3,810.75
1602546300000,11539.3,11555.5,11528.5,11530.8,270.84
1602547200000,11530.8,11545,11484.6,11512,987.98
1602548100000,11512,11539.3,11510.9,11525.7,223.9
1602549000000,11525.6,11527,11432.8,11460.8,920.67
1602549900000,11463.1,11496.6,11460.3,11492.3,256.89
1602550800000,11492.3,11501.9,11455,11463.8,337.83
1602551700000,11464.8,11485.7,11455.1,11484,269.56
1602552600000,11483.9,11490.3,11469,11489.5,127.58
1602553500000,11489.9,11509.5,11483.7,11500.7,240.38
1602554400000,11500.6,11500.6,11475.5,11483,151.62
1602555300000,11483.8,11491.1,11458.3,11467.9,356.52
1602556200000,11468.7,11505,11462.6,11501,276.76
1602557100000,11501,11501,11481.3,11489.1,207.93
1602558000000,11489.1,11489.1,11411,11460.1,933.18
1602558900000,11461.7,11475.5,11456.7,11464.1,226.77
1602559800000,11464.2,11473.2,11452.9,11467.1,146.25
1602560700000,11467,11470,11455.1,11457.5,153.99
1602561600000,11458.5,11483.6,11450,11477.9,300.89
1602562500000,11477.9,11477.9,11458,11467.3,116.77
1602563400000,11468.9,11476,11468.9,11473.8,130.35
1602564300000,11473.1,11487,11471.6,11480.4,128.15
1602565200000,11481.4,11489.6,11478.4,11485.6,141.45
1602566100000,11485.5,11511,11485.5,11510.3,240.44
1602567000000,11510.3,11512.7,11501.8,11507.9,146.99
1602567900000,11507.9,11517.9,11504.2,11508,123.36
1602568800000,11508.1,11508.1,11480.9,11485.1,184.12
1602569700000,11483.2,11492.2,11476.4,11492.2,132.88
1602570600000,11490,11492.2,11462,11470.9,163.34
1602571500000,11471,11484.9,11471,11482.4,58.99
1602572400000,11476.4,11476.4,11432.5,11469.9,523.04
1602573300000,11469.9,11469.9,11422.6,11449,380.57
1602574200000,11448.9,11465.8,11439.3,11460.5,199.44
1602575100000,11460.4,11462.7,11453.1,11455.3,91.9
1602576000000,11455.3,11475.7,11447.1,11468.6,207.68
1602576900000,11468.7,11468.7,11450,11463.1,165.09
1602577800000,11463,11489,11463,11482.7,208.07
1602578700000,11482.7,11487.7,11474.9,11487.7,105.57
1602579600000,11487.7,11490,11477.2,11478,99
1602580500000,11476.8,11481.2,11464.4,11481.2,158.83
1602581400000,11481.8,11490,11474.1,11475.8,112.19
1602582300000,11475.7,11478.2,11463.3,11468.5,248
1602583200000,11470.3,11470.3,11376.2,11423.6,1090.29
1602584100000,11427.3,11526.9,11420.7,11519.5,1114.45
1602585000000,11519.5,11558,11519.5,11543.1,1106.95
1602585900000,11543,11543,11515.5,11519,305.96
1602586800000,11518.9,11524.8,11497.9,11508.6,275.8
1602587700000,11508.5,11519.5,11500,11509.2,102.9
1602588600000,11509.9,11526.8,11507.9,11517.8,115.98
1602589500000,11517,11517,11457,11484.9,625.68
1602590400000,11484.9,11492,11464.6,11490.2,199.56
1602591300000,11490.9,11507.1,11481.9,11485.8,171.58
1602592200000,11485.8,11490.2,11473.1,11483.4,131.37
1602593100000,11483.4,11483.4,11420,11445.6,726.52
1602594000000,11445.7,11445.7,11400,11404.3,816.35
1602594900000,11404.1,11445.7,11387.8,11422.3,562.85
1602595800000,11422.2,11422.2,11300,11366.8,2279.13
1602596700000,11366.8,11381.2,11317,11349.6,1022.45
1602597600000,11349.7,11372.7,11310,11321,1197.13
1602598500000,11321,11373.4,11304.3,11370,828.88
1602599400000,11370,11388.8,11359.9,11374.2,376.72
1602600300000,11374.2,11389.9,11365.1,11389.8,243.83
1602601200000,11389.8,11393,11371.4,11393,140.25
1602602100000,11392.9,11424.2,11378.3,11389,536.76
1602603000000,11389.1,11410.2,11389.1,11392.8,184.06
1602603900000,11391.8,11397.2,11377.7,11383.1,227.75
1602604800000,11384,11384.8,11340,11359,512.27
1602605700000,11358,11392.3,11358,11384.5,269.58
1602606600000,11386.3,11396,11370,11370,104.91
1602607500000,11370,11393.4,11363.5,11393.3,55.4
1602608400000,11393,11394.9,11372,11383.6,79.47
1602609300000,11383.6,11397.5,11381.4,11383,80.2
1602610200000,11384.3,11387.2,11360.8,11360.8,82.74
1602611100000,11362.5,11375.6,11352.2,11357,88.89
1602612000000,11357,11379.9,11345.3,11378.1,105.48
1602612900000,11379.4,11399.3,11379.4,11393.9,131.94
1602613800000,11391.5,11391.5,11368.4,11374.9,211.91
1602614700000,11373.6,11381.3,11358.8,11377.9,141.09
1602615600000,11377.9,11398,11370.2,11396.2,144.86
1602616500000,11396.2,11410.7,11392.8,11410.6,123.24
1602617400000,11410.7,11432.1,11398.1,11400.2,216.58
1602618300000,11400.1,11405.5,11388.1,11388.2,51.11
1602619200000,11388.1,11404.6,11388.1,11404.5,44.58
1602620100000,11404.6,11423,11403.2,11420.2,98.64
1602621000000,11420.1,11420.1,11406.2,11416,31.77
1602621900000,11415.9,11421.9,11415.9,11421.3,45.45
1602622800000,11421.3,11446.5,11418,11430,217.1
1602623700000,11432,11455,11431.9,11444,102.1
1602624600000,11442.9,11442.9,11415.4,11423.8,103.8
1602625500000,11425.5,11455.8,11425.5,11443.1,101.27
1602626400000,11443.2,11451.6,11427.5,11445.6,102.74
1602627300000,11445.6,11446.9,11425,11434.6,39.91
1602628200000,11430,11432.4,11415,11432.4,91.49
1602629100000,11432.3,11439.3,11425,11431.1,73.82
1602630000000,11431.1,11440,11429.6,11439.3,97.38
1602630900000,11438.7,11444.7,11425.5,11427.1,97.78
1602631800000,11427.1,11428.9,11407.5,11424.9,81.56
1602632700000,11425.2,11429.6,11414.2,11417.5,95.14
1602633600000,11417.6,11439.1,11407.7,11439,206.34
1602634500000,11439.1,11453.3,11433.9,11448,297.89
1602635400000,11449.4,11467.2,11449.4,11464.7,242.24
1602636300000,11464.7,11483.9,11458.1,11474.5,448.55
1602637200000,11474.6,11482.7,11462.9,11465,333.28
1602638100000,11465,11470,11438.1,11438.5,294.39
1602639000000,11438.6,11445.4,11433.8,11445.4,108.78
1602639900000,11445.4,11448.6,11441.9,11445.9,96.71
1602640800000,11445.9,11445.9,11423,11428.5,128.88
1602641700000,11428.5,11442.5,11428.5,11439.9,48.81
1602642600000,11439.9,11442.9,11425.4,11425.9,102.24
1602643500000,11426,11431.9,11416.6,11420.5,133.91
1602644400000,11422.3,11438.5,11422.3,11438.4,107.51
1602645300000,11438.4,11442.9,11433.9,11433.9,108.96
1602646200000,11432.8,11444.1,11432.8,11439.6,110.15
1602647100000,11439.7,11448.8,11390.3,11392,468.78
1602648000000,11392,11393.5,11363.6,11384.8,625.45
1602648900000,11384.7,11414.7,11377,11412.8,166.29
1602649800000,11412.8,11415.6,11401.7,11402.9,103.33
1602650700000,11403,11407.9,11391.1,11392.4,80.17
1602651600000,11392.4,11396.2,11380,11395.2,86.03
1602652500000,11395.1,11407.9,11395.1,11399.6,79.87
1602653400000,11399.5,11403,11387.8,11392.2,70.43
1602654300000,11392.5,11414.6,11392.4,11410.1,148.63
1602655200000,11410.1,11416.5,11390,11395.1,161.97
1602656100000,11395.1,11408.7,11391.5,11408.7,134.09
1602657000000,11408.7,11417.2,11396.3,11411.7,200.92
1602657900000,11411.7,11424.4,11411.7,11422.9,242.25
1602658800000,11423,11430.5,11400.1,11400.2,254.01
1602659700000,11400.1,11401.1,11386.3,11400.4,166.08
1602660600000,11400.4,11410.2,11396.6,11405,93.15
1602661500000,11405.1,11414,11405.1,11414,38.55
1602662400000,11414,11439.9,11414,11417.1,429.41
1602663300000,11416.1,11424.6,11414,11424.5,83.54
1602664200000,11424.6,11440.5,11424.6,11434.2,304.61
1602665100000,11433.8,11444.9,11430.9,11435.4,185.48
1602666000000,11435.9,11444.4,11418.1,11424.6,224.88
1602666900000,11426.2,11431,11418,11418,81.39
1602667800000,11418,11420.9,11410.9,11416,101.64
1602668700000,11416,11418.5,11395.8,11414.8,255.63
1602669600000,11414.8,11423.6,11371,11372.2,347.9
1602670500000,11372.2,11400.9,11372.1,11392.9,252.89
1602671400000,11392.9,11392.9,11358,11369.1,311.22
1602672300000,11369,11383.9,11363.6,11377.3,160.8
1602673200000,11377.3,11403.3,11371.9,11400.1,218.42
1602674100000,11400.1,11415.1,11389,11409.9,453.43
1602675000000,11409.9,11409.9,11386.8,11392.5,142.37
1602675900000,11392.6,11394.3,11361.1,11364.9,268.98
1602676800000,11364.8,11390,11347.8,11373.9,426.87
1602677700000,11374,11404.4,11373.9,11393.1,226.49
1602678600000,11393,11402.4,11392,11397.4,199.28
1602679500000,11397.4,11410,11388.5,11404,158.22
1602680400000,11404,11418.4,11399.4,11416.8,279.57
1602681300000,11416.9,11416.9,11400.9,11404.5,310.24
1602682200000,11404.5,11520,11400,11506.8,2120.24
1602683100000,11506.9,11545,11506.9,11528.3,1385.26
1602684000000,11528.4,11533,11506,11517,894.39
1602684900000,11515.4,11515.4,11370.9,11384.9,2629.06
1602685800000,11384.9,11403.9,11355.1,11395.9,1143.11
1602686700000,11395.9,11410,11377.7,11384.8,516.04
1602687600000,11386.5,11413.9,11370.8,11406.6,460.71
1602688500000,11406.7,11406.7,11391.2,11391.6,161.62
1602689400000,11391.5,11400,11383,11387.2,105.89
1602690300000,11386.1,11386.1,11300,11323.5,2149.64
1602691200000,11323.5,11353.4,11304.5,11338.9,1056.41
1602692100000,11338.9,11358,11326.3,11351.1,317.59
1602693000000,11351,11353,11327,11346.4,199.48
1602693900000,11343.6,11348.1,11332.2,11341,145.79
1602694800000,11342.4,11345.3,11323,11326.5,225.51
1602695700000,11326.5,11345.6,11326.5,11337.2,105.59
1602696600000,11340.2,11350,11332.6,11342.3,117.05
1602697500000,11343.2,11350,11338.9,11339,117.97
1602698400000,11338.9,11346.2,11325.9,11346.2,383.71
1602699300000,11346.2,11347.1,11330.4,11335.5,226.75
1602700200000,11335.5,11335.5,11283.8,11308.5,505.24
1602701100000,11310.4,11344,11306.7,11332.4,147.46
1602702000000,11332.5,11370,11332.5,11361,236.14
1602702900000,11360.9,11367.4,11343.5,11350.3,113.04
1602703800000,11350.3,11363.1,11344.5,11355.9,93.23
1602704700000,11355.8,11355.8,11337.9,11339.7,70.75
1602705600000,11341.6,11360,11337.8,11356.8,88.8
1602706500000,11356.7,11376.4,11356.7,11371.9,91.08
1602707400000,11371.9,11372.6,11358.2,11372.6,56.98
1602708300000,11372.6,11383.6,11372.6,11381.6,97.1
1602709200000,11381.6,11384.5,11376.9,11384.5,86.27
1602710100000,11384.5,11403.6,11384.4,11385.4,168.67
1602711000000,11384.7,11395.2,11379.1,11394,47.51
1602711900000,11392.6,11392.6,11369.1,11369.2,37.65
1602712800000,11369.1,11400,11369.1,11394.8,60.64
1602713700000,11396.3,11409.4,11388.8,11390.2,118.47
1602714600000,11390.2,11391.9,11376.4,11379.9,91.96
1602715500000,11378.3,11396.2,11375.2,11393.6,77.76
1602716400000,11393.3,11401.9,11383.4,11393.2,74.24
1602717300000,11390.9,11393.8,11382,11393.7,56.86
1602718200000,11394.9,11429.7,11391.4,11421.5,644.17
1602719100000,11421.6,11436.6,11411.4,11419.3,456.32
1602720000000,11419.3,11426.9,11403,11417.5,206.72
1602720900000,11417.4,11417.4,11400.7,11400.8,81.55
1602721800000,11400.8,11400.8,11391.2,11399.3,85.36
1602722700000,11399.3,11399.4,11391,11394.4,112.83
1602723600000,11394.4,11401.7,11382,11401.7,80.29
1602724500000,11401.9,11412.3,11375.1,11379.9,165.86
1602725400000,11380.4,11384.6,11375,11381.2,73.44
1602726300000,11380,11389.5,11375.5,11388.6,84.48
1602727200000,11388.7,11398,11386,11389.4,49.9
1602728100000,11389.4,11389.9,11371.8,11382.6,96.77
1602729000000,11381.6,11392.7,11375.7,11389.8,158.98
1602729900000,11389.7,11399.9,11361.8,11362.9,215.66
1602730800000,11362.8,11372.4,11362,11369.8,108.26
1602731700000,11369.8,11377.2,11369.7,11375.5,52.66
1602732600000,11375.6,11382.9,11370.2,11378.8,60.59
1602733500000,11379.4,11379.4,11376,11378.4,30.73
1602734400000,11379.2,11386.5,11370,11370.2,71.68
1602735300000,11370.1,11383,11368.2,11383,69.48
1602736200000,11383,11402.4,11382.9,11395,200.31
1602737100000,11395,11401.2,11392.9,11392.9,88.98
1602738000000,11392.5,11398.5,11386.9,11391.7,113.84
1602738900000,11391.8,11391.8,11382.1,11382.1,62.44
1602739800000,11382.2,11398.5,11375.7,11398.5,110.84
1602740700000,11398.7,11410,11396.8,11403.7,173.25
1602741600000,11403.7,11403.7,11382,11390,106.99
1602742500000,11390,11399.7,11389.9,11392,59.67
1602743400000,11392.1,11424.6,11392.1,11412.1,299.31
1602744300000,11411.2,11411.2,11394.6,11397,80.06
1602745200000,11398.7,11405.9,11385.3,11388.5,106.21
1602746100000,11386.6,11387.5,11381.9,11386.1,80.47
1602747000000,11386.2,11387.5,11385.5,11387.2,45.29
1602747900000,11388.1,11399,11388.1,11394.3,102.92
1602748800000,11398.1,11403.8,11377.8,11382.3,167.74
1602749700000,11382.2,11382.3,11360.3,11361.3,449.08
1602750600000,11361.3,11371.1,11338,11343.5,531.93
1602751500000,11345.1,11362.9,11338,11347.4,309.6
1602752400000,11347.4,11351.6,11326.2,11339.4,402.28
1602753300000,11339.3,11343.1,11305,11329.4,623.26
1602754200000,11329.4,11329.4,11295,11295.2,702.39
1602755100000,11295.2,11330.6,11250.3,11312.2,1723.85
1602756000000,11312.2,11343.4,11310.2,11328.7,304.52
1602756900000,11328.7,11333.2,11305,11321.8,382.43
1602757800000,11323.9,11325.8,11308,11320.7,178.91
1602758700000,11320.7,11332,11315.3,11331.9,111.63
1602759600000,11332,11333,11314.4,11314.7,131.48
1602760500000,11314.8,11333,11312,11332.9,95.21
1602761400000,11333,11335.9,11324.1,11326.2,106.88
1602762300000,11326.1,11327.6,11310,11312,92.48
1602763200000,11313.6,11324.5,11291.6,11303.6,346.5
1602764100000,11300.5,11384.9,11277.3,11374.2,1562.81
1602765000000,11374.3,11396.7,11361.3,11379.8,796.23
1602765900000,11378.9,11390,11369.1,11375.8,357.26
1602766800000,11375.9,11395,11369,11369,256.56
1602767700000,11369.1,11375.9,11360.9,11361.7,184.88
1602768600000,11361.7,11388.5,11356.9,11388.5,257.2
1602769500000,11388.5,11415,11384.1,11402.3,637.66
1602770400000,11404.1,11404.1,11376.2,11381.9,199.58
1602771300000,11381.4,11395.5,11379.5,11383.4,81.01
1602772200000,11383.3,11384.6,11365.6,11369.7,198.21
1602773100000,11369,11385.5,11366.5,11385.5,84.16
1602774000000,11386.2,11397.6,11374.5,11395,116.67
1602774900000,11395,11410,11386.8,11388.8,282.08
1602775800000,11388.8,11391.6,11379.2,11383.7,114.03
1602776700000,11386,11412.4,11384.9,11395.2,339.61
1602777600000,11396.9,11403,11388.5,11403,109.24
1602778500000,11402.2,11472.6,11397.6,11444,1305.1
1602779400000,11444.5,11451.4,11362.3,11373.5,982.03
1602780300000,11373.6,11383.5,11368,11382.2,231.48
1602781200000,11380.6,11420.4,11379.7,11420.3,274.85
1602782100000,11420.3,11428.2,11404.7,11423.1,177.91
1602783000000,11421.9,11454.4,11421.8,11446,460.87
1602783900000,11446,11480,11437.8,11459.3,786.65
1602784800000,11459.4,11474.5,11452.2,11469.8,222.92
1602785700000,11469.1,11484.5,11449.3,11454.9,347.81
1602786600000,11456.9,11482.1,11455.2,11475,182.02
1602787500000,11475.8,11479.1,11464.5,11464.5,162.82
1602788400000,11464.6,11546.8,11464.6,11501.5,1033.79
1602789300000,11499.5,11517,11461.6,11517,461.66
1602790200000,11516.9,11531.9,11501.9,11511.8,338.63
1602791100000,11511.9,11527.5,11506.4,11520,199.86
1602792000000,11520.1,11631.6,11519.9,11557.9,1604.18
1602792900000,11556.9,11566,11533.8,11534.6,210.13
1602793800000,11534.6,11547.6,11519.9,11534.3,389.41
1602794700000,11534.3,11539.2,11521.3,11536.4,97.73
1602795600000,11536.5,11539.1,11439.2,11507.1,845.86
1602796500000,11505.4,11517,11494.6,11495.9,77.85
1602797400000,11496,11516.6,11483.6,11488.4,120.78
1602798300000,11488.3,11510.4,11481.8,11490,111.47
1602799200000,11489.4,11509.4,11489.4,11495,90.17
1602800100000,11494.1,11510.4,11490,11505.1,52.16
1602801000000,11505.1,11507.6,11487.4,11498.3,79.01
1602801900000,11496.5,11496.5,11475,11479.5,115.9
1602802800000,11478.5,11501.1,11469,11493.9,110.35
1602803700000,11494,11500,11480.7,11499.3,100.41
1602804600000,11499.3,11501.7,11484.5,11488.5,137.43
1602805500000,11488.4,11499.8,11482.2,11499.8,84.67
1602806400000,11499.7,11499.8,11471.6,11475,172.88
1602807300000,11475,11492.1,11468.3,11491.5,117.09
1602808200000,11490.5,11497.7,11485.3,11495.3,84.9
1602809100000,11496.7,11507.8,11495.2,11501.9,220.89
1602810000000,11501.9,11533.2,11501.9,11527.8,342.72
1602810900000,11527.8,11540,11518.3,11528.7,197.98
1602811800000,11528.7,11536.4,11522.8,11533.2,138.17
1602812700000,11533.1,11536.5,11520.3,11524.9,135.91
1602813600000,11525.1,11530.9,11509.3,11509.4,101.43
1602814500000,11510.1,11518.9,11510.1,11518.8,76.3
1602815400000,11518.9,11526.5,11517,11520,106.67
1602816300000,11520,11528.9,11516.2,11516.3,46.92
1602817200000,11516.2,11529.7,11514.7,11514.7,59.38
1602818100000,11514.8,11514.8,11491.9,11491.9,284.58
1602819000000,11492,11498.7,11486.7,11494.3,174.45
1602819900000,11494.3,11506.4,11494.3,11506.4,69.91
1602820800000,11506.4,11506.4,11300.3,11355.4,4136.26
1602821700000,11352,11367.9,11183,11258.3,4764.64
1602822600000,11258.3,11294.8,11244,11287.3,1147.66
1602823500000,11287.2,11287.2,11247.1,11274.1,775.46
1602824400000,11274.8,11350.8,11262.8,11328.9,1401.37
1602825300000,11328.9,11345,11312.5,11312.5,509.98
1602826200000,11312.4,11360,11307.5,11355.8,667.71
1602827100000,11355.8,11359.7,11332,11340.9,210.57
1602828000000,11340.8,11340.8,11322.5,11334.7,172.53
1602828900000,11334.6,11352.5,11334,11336.4,170.3
1602829800000,11336.3,11337.6,11320.8,11320.8,187.93
1602830700000,11320.8,11330,11310,11330,194.23
1602831600000,11332.4,11337.5,11322.3,11332.4,137.03
1602832500000,11332.4,11332.5,11315.2,11327.2,109.84
1602833400000,11327.1,11335.2,11325,11325,103.31
1602834300000,11325,11325.1,11310.1,11310.1,193.81
1602835200000,11310.2,11344.3,11310,11340.6,308.44
1602836100000,11340.5,11340.6,11311.4,11323.8,277.38
1602837000000,11323.3,11323.3,11313.1,11321.4,44.58
1602837900000,11321.4,11321.4,11305.6,11305.8,409.68
1602838800000,11305.8,11305.8,11238,11248.5,903.24
1602839700000,11248.5,11286.5,11216.8,11264.9,1555.38
1602840600000,11264.9,11283.2,11255.6,11273.8,284.61
1602841500000,11273.7,11275,11226.7,11251.8,807.77
1602842400000,11253.2,11293.6,11251.9,11276.7,435.7
1602843300000,11276.1,11294,11264.4,11291.8,160.73
1602844200000,11291.7,11335.8,11285.3,11316.5,833.15
1602845100000,11316.5,11317.6,11301.1,11305.7,156.75
1602846000000,11306.2,11317.7,11301.1,11313.4,172.88
1602846900000,11313.4,11342,11313.2,11321.5,151.47
1602847800000,11317.8,11328.2,11308.4,11310.4,125.17
1602848700000,11313.5,11398,11305.9,11369.9,1178.31
1602849600000,11368.7,11372.3,11342.4,11348.9,410.48
1602850500000,11349,11369.3,11343.8,11364.6,266.53
1602851400000,11364.6,11364.8,11352,11364,142.18
1602852300000,11363.9,11390,11354.3,11365,220.47
1602853200000,11365,11380,11342,11348.3,192.91
1602854100000,11348.2,11360,11347.2,11353.7,98.92
1602855000000,11351.8,11355.4,11330,11338.1,246.06
1602855900000,11335.1,11348.8,11329.1,11344.7,152.25
1602856800000,11346.8,11357.7,11345.4,11349.9,88.57
1602857700000,11349.9,11377.7,11344.8,11374.2,158.91
1602858600000,11376.1,11376.1,11321.3,11331.3,193.29
1602859500000,11331.4,11331.4,11304.7,11323.7,198.43
1602860400000,11323.7,11334,11312,11333.4,206.03
1602861300000,11333.9,11334.5,11281.6,11310.5,516.83
1602862200000,11308.5,11321.5,11300,11318.7,157.71
1602863100000,11318.6,11328,11310.5,11327.9,147.21
1602864000000,11327.9,11329,11308.6,11329,372.9
1602864900000,11328.9,11348.9,11328.9,11338.4,237.18
1602865800000,11338.5,11344.1,11324.2,11325.2,231.94
1602866700000,11325.2,11342.9,11325.1,11342.9,74.3
1602867600000,11342.8,11350,11334.5,11334.5,107.25
1602868500000,11334.5,11346.2,11324.4,11340.9,348.12
1602869400000,11341,11344.3,11315.8,11327.8,317.3
1602870300000,11327.7,11333,11312.1,11330.7,73.68
1602871200000,11330.7,11357.6,11330.7,11354.8,134.59
1602872100000,11354.3,11355.3,11345,11353.3,48.74
1602873000000,11353.2,11363.8,11352.5,11358.1,47.08
1602873900000,11358.1,11363.4,11354.2,11359.4,35.52
1602874800000,11359.4,11360,11337,11341.2,49.14
1602875700000,11341.2,11347.2,11340.4,11344.4,20.89
1602876600000,11344.3,11350.5,11337.5,11343.3,283.21
1602877500000,11342.2,11344.7,11310,11310,57.19
1602878400000,11310,11314.2,11270,11294.9,427.32
1602879300000,11296.4,11299.4,11280.5,11289.3,75.09
1602880200000,11287,11305.8,11287,11290.7,60.29
1602881100000,11290.9,11308.2,11290,11308.2,49.33
1602882000000,11309.2,11309.3,11305.5,11308.6,23.99
1602882900000,11308.5,11308.5,11296.2,11304.1,7.11
1602883800000,11307.1,11323.2,11307.1,11321.7,17.27
1602884700000,11321.7,11333.9,11321.4,11329.3,33.02
1602885600000,11329.3,11332,11317.2,11325.6,16.7
1602886500000,11328.1,11345.4,11328,11337.5,25.48
1602887400000,11337.6,11345,11333.5,11336.1,18.99
1602888300000,11336.1,11342.3,11332.7,11342.3,51.88
1602889200000,11342.3,11343.7,11330.7,11340.2,34.94
1602890100000,11340.1,11340.4,11315.9,11321,57.94
1602891000000,11323.3,11339,11323.3,11332.9,49.16
1602891900000,11332.4,11332.4,11306.1,11318,102.07
1602892800000,11318.1,11323.7,11295.3,11295.3,110.96
1602893700000,11295.3,11314.7,11290.2,11290.2,103.63
1602894600000,11290.2,11297.3,11268,11284.4,458.98
1602895500000,11285.7,11297.5,11280,11296.2,162.36
1602896400000,11296.3,11304.9,11293.6,11304.9,83.88
1602897300000,11305,11323.9,11305,11322.1,114.51
1602898200000,11322.2,11333.9,11310.6,11330,83.6
1602899100000,11330.1,11342.5,11325.9,11325.9,299.46
1602900000000,11324.8,11340,11320.3,11326.6,197.37
1602900900000,11326.7,11337.7,11322.7,11337.7,187.66
1602901800000,11337.7,11342,11332.4,11332.5,160.45
1602902700000,11332.5,11340,11326.8,11337.3,56.12
1602903600000,11337.3,11338,11322,11329.4,113.31
1602904500000,11327,11337.1,11323.1,11328.5,62.26
1602905400000,11328.5,11350.6,11328.5,11348.3,208.33
1602906300000,11348.3,11355,11340.7,11355,210.97
1602907200000,11355,11355,11343.8,11344.6,141.04
1602908100000,11344.5,11349,11339.5,11339.5,26.03
1602909000000,11339.6,11346.5,11334.3,11334.4,73.97
1602909900000,11334.4,11342.6,11334.4,11341.1,45.14
1602910800000,11341.2,11353,11341.1,11352.9,48.36
1602911700000,11352.9,11352.9,11330.3,11332.9,53.88
1602912600000,11332.9,11347.2,11332.1,11334.7,59.03
1602913500000,11334.7,11347.5,11334.6,11345,60.95
1602914400000,11345,11348,11338,11338,54.75
1602915300000,11337.2,11374,11334.8,11374,171.6
1602916200000,11373.9,11374,11335,11339.3,193.53
1602917100000,11339.4,11351.8,11339.4,11344,43.74
1602918000000,11343.9,11351.2,11343.9,11349.1,64.78
1602918900000,11349.1,11351.3,11336.9,11340,71.2
1602919800000,11340,11357.8,11334.5,11357.7,86.73
1602920700000,11357.7,11357.8,11343.2,11343.3,137.95
1602921600000,11343.4,11353.1,11343.3,11344.9,41.33
1602922500000,11344.4,11344.4,11332.4,11336.1,69.77
1602923400000,11336.3,11350,11336.2,11336.2,91.1
1602924300000,11336.2,11337.7,11315,11315.1,146.09
1602925200000,11315,11331.8,11315,11327.4,100.49
1602926100000,11327.5,11330.9,11320.1,11320.1,96.25
1602927000000,11320.1,11320.3,11310.5,11317.7,70.86
1602927900000,11317.7,11338.2,11317.7,11332.7,132.06
1602928800000,11335.5,11343.8,11331.8,11332.7,83.97
1602929700000,11332.8,11345,11332.3,11339,101.3
1602930600000,11339,11339,11329.6,11337.3,38.5
1602931500000,11338.1,11346.6,11338.1,11346.6,136.56
1602932400000,11346.5,11346.5,11338.1,11339.5,56.55
1602933300000,11338.2,11342.6,11335,11342.6,44.23
1602934200000,11342.6,11354.3,11341.2,11341.2,127.15
1602935100000,11341.3,11341.3,11332.1,11340.4,57.99
1602936000000,11340.4,11341.5,11330.5,11331.9,92.8
1602936900000,11331.7,11334.8,11330.8,11330.8,30.68
1602937800000,11330.8,11330.8,11317.9,11329.9,63.04
1602938700000,11330,11345,11325,11344.9,66.69
1602939600000,11344.9,11348.9,11332.4,11332.4,62.78
1602940500000,11332.3,11333.9,11322.6,11324.6,58.46
1602941400000,11324.6,11338.4,11320.3,11331.2,148.73
1602942300000,11331.2,11331.2,11310.7,11320.7,114.59
1602943200000,11320.7,11327.5,11320.6,11324.1,80.03
1602944100000,11324.1,11334.5,11324.1,11329.5,81.68
1602945000000,11329.6,11329.7,11290,11295.3,550.83
1602945900000,11295.2,11368,11256,11354.2,1446.3
1602946800000,11354.2,11413,11351,11351.2,1342.18
1602947700000,11351.2,11360,11331.1,11343.1,284.24
1602948600000,11343,11344,11330.8,11333.1,154.49
1602949500000,11333.4,11339.3,11321.2,11333,160.97
1602950400000,11332.9,11337.5,11319,11319.5,151.14
1602951300000,11319.4,11338.4,11313.4,11327.3,359.94
1602952200000,11329.4,11329.4,11298.8,11321.2,365.04
1602953100000,11321.1,11327.6,11311,11319.4,88.11
1602954000000,11321,11328.9,11308.2,11321,109.84
1602954900000,11322.1,11327,11316,11321.6,18
1602955800000,11321.5,11327,11316,11321.7,64.36
1602956700000,11321.8,11340.1,11321.8,11338.2,92.14
1602957600000,11338.2,11341.8,11330.7,11336.2,60.61
1602958500000,11336.2,11337.5,11331.4,11337.3,18.79
1602959400000,11338.3,11339,11330.8,11339,28.76
1602960300000,11338.9,11341.8,11338,11340,25.23
1602961200000,11341.7,11344.2,11333.9,11339.6,26.59
1602962100000,11337.2,11352.1,11337.2,11352.1,50.89
1602963000000,11352,11352,11335.5,11335.5,104.59
1602963900000,11334.5,11343,11333,11338.3,14.74
1602964800000,11336.4,11339.4,11331.4,11336,5.57
1602965700000,11334.6,11336,11320,11320,20.37
1602966600000,11320,11328.4,11320,11325.3,16.11
1602967500000,11325.8,11358.5,11325.8,11344.5,113.76
1602968400000,11344.5,11349.1,11344.4,11349.1,12.83
1602969300000,11349.1,11358.2,11349.1,11352,35.92
1602970200000,11351,11351,11344,11344,11.48
1602971100000,11343.6,11343.6,11332.6,11338.4,66.73
1602972000000,11338.4,11345,11338.4,11345,11.49
1602972900000,11344.9,11344.9,11331.6,11337.1,26.37
1602973800000,11333.8,11349.1,11333.8,11349.1,26.43
1602974700000,11349,11349,11338.4,11338.4,20.07
1602975600000,11338.4,11349.1,11338.4,11349,14.55
1602976500000,11349.1,11350.7,11336.7,11342,64.41
1602977400000,11342.1,11357,11342.1,11354.1,37.82
1602978300000,11354,11360,11353.5,11358,67.77
1602979200000,11356.2,11356.2,11343.7,11354.8,57.1
1602980100000,11355.5,11375.5,11355.5,11369,143.42
1602981000000,11369.1,11380,11347.3,11374.1,190.18
1602981900000,11374.2,11378.1,11369,11369.1,129.84
1602982800000,11369,11379.3,11369,11372.6,119.55
1602983700000,11372.5,11386.5,11369,11386.5,118.34
1602984600000,11386.5,11395.8,11384,11384,275.48
1602985500000,11385.4,11389.4,11380,11387.9,239.05
1602986400000,11387.9,11393.8,11371.4,11371.5,127.91
1602987300000,11371.5,11375.5,11363.7,11367,119.23
1602988200000,11366.4,11371.5,11363.8,11366.4,70.48
1602989100000,11366.4,11380.3,11366.4,11372.9,60.06
1602990000000,11372.9,11378,11368.7,11378,84.5
1602990900000,11377.9,11379.3,11377.9,11379.2,12.07
1602991800000,11379.2,11379.2,11362.3,11367.8,69.26
1602992700000,11367.9,11367.9,11362.5,11364.1,30.97
1602993600000,11364.1,11379,11364.1,11379,58.09
1602994500000,11378.9,11379.3,11372.2,11378.8,117.65
1602995400000,11378.8,11380,11369.1,11370.1,89.96
1602996300000,11370.2,11374.8,11363.3,11369.1,52.39
1602997200000,11369.1,11375,11367.6,11369.2,71.79
1602998100000,11369.1,11378.2,11369.1,11373.7,41.85
1602999000000,11373.8,11389,11373.7,11388.9,82.78
1602999900000,11388.9,11389,11383.9,11385.1,38.22
1603000800000,11385.1,11391.7,11376.7,11376.7,138.32
1603001700000,11376.8,11383.5,11376.8,11381.4,20.09
1603002600000,11381.5,11470,11381.5,11431.9,1246.94
1603003500000,11432,11446.5,11419.4,11446.4,886.23
1603004400000,11446.5,11450,11430.2,11433.4,249.24
1603005300000,11433.4,11441,11428.3,11433.7,100.94
1603006200000,11434.1,11438.5,11426.1,11435.1,137.91
1603007100000,11435,11450,11435,11450,131.08
1603008000000,11450,11480,11422.7,11428.1,519.89
1603008900000,11428.1,11432,11418.2,11423.6,108.39
1603009800000,11423.5,11426.4,11418.3,11419.5,120.22
1603010700000,11419.5,11428,11419.5,11427.4,60.71
1603011600000,11427.4,11429.7,11413.6,11413.7,79.23
1603012500000,11413.7,11428,11413.1,11426.3,164.51
1603013400000,11425.5,11425.5,11414.3,11414.4,116.18
1603014300000,11414.3,11417.2,11395,11403.9,194.43
1603015200000,11403.9,11413,11402,11411.3,178.66
1603016100000,11411.2,11415.9,11408.5,11413.4,51.69
1603017000000,11415.9,11417.6,11410.4,11410.4,62.72
1603017900000,11410.9,11420.7,11406.3,11420.7,68.34
1603018800000,11420.7,11420.7,11410,11419.8,116.16
1603019700000,11419.8,11427.7,11419.7,11424.8,63.62
1603020600000,11424.9,11427.6,11412,11418.1,63.73
1603021500000,11418,11419.1,11410.8,11417.8,68.59
1603022400000,11417.8,11424,11417.8,11423,66.97
1603023300000,11423,11429.8,11422.9,11428.3,47.23
1603024200000,11428.4,11428.4,11411.5,11414.3,54.12
1603025100000,11414.2,11418.1,11411,11416.8,99.29
1603026000000,11417,11437.5,11417,11433,156.88
1603026900000,11433.1,11433.1,11424.9,11425.9,95.71
1603027800000,11425.8,11425.8,11418.3,11425,39.74
1603028700000,11428.1,11440,11428.1,11435.6,149.36
1603029600000,11435.6,11451.9,11433.5,11447.4,195.1
1603030500000,11447.4,11498,11430.5,11464.9,952.69
1603031400000,11464.9,11476.2,11432.9,11435.3,556.6
1603032300000,11435.2,11435.2,11422.7,11434.5,195.58
1603033200000,11434.6,11441.6,11425.9,11435.2,143.57
1603034100000,11432.9,11442,11426.4,11426.5,115.27
1603035000000,11426.5,11443.9,11426.5,11443.8,61.07
1603035900000,11443.9,11455,11442.9,11446.4,102.17
1603036800000,11446.5,11448.8,11430,11437.3,84.65
1603037700000,11437.3,11444.5,11433.6,11444.5,25.3
1603038600000,11444.6,11456,11441.7,11448.8,168.65
1603039500000,11448.9,11462.6,11448.8,11454.6,94.17
1603040400000,11454.5,11454.6,11442.3,11447.8,64.55
1603041300000,11445.9,11452.6,11443.9,11451.6,48.27
1603042200000,11451.6,11456.8,11444.2,11445.4,26.41
1603043100000,11445.5,11464.8,11445.4,11461.1,55.2
1603044000000,11461.2,11467,11461.1,11466.7,23.11
1603044900000,11466.7,11473.3,11458.5,11459.2,49.92
1603045800000,11459.2,11462.3,11446.6,11447.3,52.81
1603046700000,11447.4,11450.5,11439.8,11439.8,26.17
1603047600000,11438.7,11445.5,11436.3,11441.9,12.87
1603048500000,11440.6,11446,11439.6,11444.5,77.56
1603049400000,11444.5,11444.5,11435.2,11438.8,45.83
1603050300000,11438.8,11441.7,11430.6,11430.6,36.53
1603051200000,11430.2,11435.4,11425,11427.8,72.2
1603052100000,11427.8,11429.8,11415,11426,63.97
1603053000000,11426,11434.7,11426,11429.7,11.44
1603053900000,11429.8,11437.6,11429.8,11435.7,20.04
1603054800000,11435.8,11446.5,11435.7,11445,14.87
1603055700000,11445,11452.8,11443.7,11451.4,9.4
1603056600000,11451.4,11455.6,11448,11453,17.25
1603057500000,11453.1,11453.1,11441.9,11450.9,20.34
1603058400000,11451,11461.7,11444.7,11461.6,53.19
1603059300000,11461.2,11461.2,11448,11453,33.88
1603060200000,11452.9,11458.4,11440.1,11458.4,50.22
1603061100000,11458.4,11473,11453.8,11456.8,70.73
1603062000000,11456.8,11477,11453,11472.3,100.92
1603062900000,11472.3,11479,11458.2,11462.2,98.14
1603063800000,11462.2,11488.3,11460.7,11483.3,91.94
1603064700000,11483.3,11518.7,11476.2,11497.5,698.67
1603065600000,11496,11550,11472.1,11490,1275.84
1603066500000,11489.9,11489.9,11464.9,11472.6,343.59
1603067400000,11472.6,11472.7,11460.4,11464.9,218.48
1603068300000,11462.8,11473.2,11442.1,11469.7,229.7
1603069200000,11468.2,11471.7,11460,11471.7,109.31
1603070100000,11471.7,11477.7,11465.8,11466.7,68.65
1603071000000,11464.5,11469.7,11461.7,11464.6,87.18
1603071900000,11464.6,11467.1,11460.5,11460.6,68.21
1603072800000,11460.6,11472,11460.5,11469.6,62.31
1603073700000,11469.7,11469.7,11450.6,11450.7,108.28
1603074600000,11450.6,11450.7,11434.9,11447.4,273.5
1603075500000,11447.4,11457.5,11442.1,11453.4,246.82
1603076400000,11453.3,11458.5,11446.6,11446.6,91.55
1603077300000,11446.5,11446.5,11424.4,11429,323.57
1603078200000,11429,11440.9,11425.1,11430.4,177.13
1603079100000,11429.3,11437.6,11408,11416.6,270.71
1603080000000,11414.6,11435,11408.1,11435,194.28
1603080900000,11435,11442.6,11435,11441.3,76.14
1603081800000,11440.1,11441.4,11431.2,11440,94.39
1603082700000,11441.8,11441.9,11436.6,11437.9,9.89
1603083600000,11437.9,11450,11433.9,11434,203.52
1603084500000,11433.9,11437.4,11430,11431.6,40.63
1603085400000,11431.6,11432.3,11418,11423,106.94
1603086300000,11423,11438.5,11422.9,11438.5,145.53
1603087200000,11438.5,11444.5,11431.4,11431.4,180.77
1603088100000,11431.5,11444.9,11418.4,11444.9,124.92
1603089000000,11444.9,11457.3,11437.6,11457.3,91.86
1603089900000,11457.3,11458.9,11449.6,11449.9,99.71
1603090800000,11449.9,11464.6,11449.9,11456.4,214.82
1603091700000,11456.4,11459.8,11443.3,11449.5,121.8
1603092600000,11449.4,11468.3,11443.3,11468.3,217.88
1603093500000,11468.3,11468.7,11460.5,11460.6,56.02
1603094400000,11460.5,11460.6,11441.9,11454.4,120.97
1603095300000,11454.5,11467.6,11454.5,11463.2,142.76
1603096200000,11463.2,11465.4,11457.5,11457.5,85.05
1603097100000,11457.6,11461.8,11455.2,11460,53.82
1603098000000,11460.6,11470,11458.7,11469.9,69.08
1603098900000,11469.9,11474.9,11450,11450.1,117.19
1603099800000,11450,11469,11450,11469,74.9
1603100700000,11468.9,11483.1,11466.4,11483,113.29
1603101600000,11483.1,11493.9,11471,11472.4,373.9
1603102500000,11472.4,11477.6,11465,11465,49.18
1603103400000,11465,11477.9,11458.6,11477.8,112.63
1603104300000,11477.9,11479.3,11464.2,11479.3,100.48
1603105200000,11479.3,11484.8,11472.6,11479,148.25
1603106100000,11479,11480.7,11473.9,11480.7,83.93
1603107000000,11482.2,11529,11482.2,11502.1,625.46
1603107900000,11502,11516.5,11471.5,11472.8,331.84
1603108800000,11472.7,11494.1,11471,11494.1,217.23
1603109700000,11494.1,11520,11494.1,11515.2,293.11
1603110600000,11515.8,11528,11509.3,11512.2,406.37
1603111500000,11510.9,11512.8,11498.5,11510.6,193.82
1603112400000,11510.7,11700,11510.6,11599.6,3300.34
1603113300000,11598.7,11675.5,11598.7,11650.1,1497.07
1603114200000,11650.2,11668.1,11626.8,11649.8,843.43
1603115100000,11650,11668,11637.1,11637.1,752.45
1603116000000,11637.1,11680,11606.2,11625.8,1246.91
1603116900000,11625.9,11650,11625.8,11644.6,647.08
1603117800000,11644.6,11648.8,11622.6,11627.2,379.85
1603118700000,11627,11650,11619.2,11648,225.58
1603119600000,11647.9,11660,11634.8,11650.7,275.83
1603120500000,11652,11734.4,11651,11673.5,1061.46
1603121400000,11673.6,11780,11664.4,11736.2,1666.83
1603122300000,11736.1,11829.9,11736.1,11807.3,2447.6
1603123200000,11807.3,11825,11761.9,11766.7,1084.96
1603124100000,11766.7,11787.2,11766.7,11770.9,363.35
1603125000000,11771.1,11771.1,11750,11755,281.87
1603125900000,11755,11770.6,11755,11759.1,126.89
1603126800000,11759,11772,11732.2,11746.5,228.41
1603127700000,11746.5,11760.7,11745,11746.8,112.53
1603128600000,11746.8,11754.5,11732,11736.5,178.79
1603129500000,11736.4,11740.9,11724,11725,126.68
1603130400000,11725.1,11747.3,11725,11747.3,59.33
1603131300000,11747.2,11747.5,11735.2,11735.2,45.93
1603132200000,11735.3,11735.9,11682.3,11696.2,391.08
1603133100000,11694,11697.1,11663,11668.2,539.71
1603134000000,11668.2,11694.5,11664,11687.1,318.12
1603134900000,11683.8,11686.6,11664.6,11686.1,152.03
1603135800000,11684.3,11689.6,11673.4,11673.5,52.34
1603136700000,11674.9,11688.7,11673.3,11688.7,80.1
1603137600000,11688.7,11689.7,11668.7,11672.1,88.32
1603138500000,11672.1,11688,11662.3,11683.6,73.48
1603139400000,11683.7,11717.4,11683.7,11715.5,120.67
1603140300000,11715.4,11725.7,11713.1,11723.1,83.7
1603141200000,11723.1,11726.4,11700.6,11724.8,70.59
1603142100000,11724.4,11742.1,11721.2,11721.2,207.59
1603143000000,11719.8,11734.9,11719.7,11728.5,21.72
1603143900000,11729.5,11753.2,11729.5,11744.1,95.1
1603144800000,11744,11744,11711.4,11729.1,68.32
1603145700000,11729.2,11747.9,11729.2,11738.8,144.28
1603146600000,11738.8,11773.6,11738.8,11770.9,133.18
1603147500000,11770.9,11771,11730.4,11730.4,79.64
1603148400000,11730.4,11738.9,11716,11717.5,76.32
1603149300000,11717.4,11731.1,11707.1,11731.1,110.13
1603150200000,11731.2,11745.1,11724.1,11728.7,79.61
1603151100000,11728.2,11745.7,11728.2,11745.6,68.94
1603152000000,11745.6,11750.5,11712.7,11720,180.26
1603152900000,11719.9,11731.1,11714.4,11728.2,125.91
1603153800000,11728.2,11738.4,11713.1,11714.2,91.57
1603154700000,11714.2,11718.7,11698.1,11717,117.79
1603155600000,11716.9,11727.6,11710.2,11724.7,75.63
1603156500000,11724.2,11724.3,11694.8,11697,100.47
1603157400000,11697,11707.3,11684.6,11690.4,263.07
1603158300000,11693.3,11698,11674.7,11694.2,186.43
1603159200000,11694.1,11713.5,11685.2,11704,189.01
1603160100000,11704.1,11709.9,11702.4,11703.9,92.98
1603161000000,11704.7,11707.6,11701.7,11707.6,49.21
1603161900000,11707.7,11723.2,11707.6,11716.6,150.75
1603162800000,11714.3,11728.1,11703.9,11723.3,123.29
1603163700000,11723.3,11723.4,11714.1,11715.9,63.44
1603164600000,11715.9,11745,11715.9,11740,376.63
1603165500000,11740,11757.7,11732.6,11736.6,210.43
1603166400000,11739,11739.1,11716.1,11720.3,135.44
1603167300000,11720.3,11745.4,11720.1,11745,136.58
1603168200000,11745,11745,11732.2,11739.1,136.35
1603169100000,11739.1,11739.2,11713.5,11720.9,129.13
1603170000000,11720.9,11738.4,11712,11737,123.5
1603170900000,11736.9,11744.3,11724.7,11744.3,97.25
1603171800000,11744.5,11746.7,11736.1,11741,125.2
1603172700000,11741,11754.9,11730.9,11752.8,139.35
1603173600000,11752.8,11764.3,11739,11757,211.6
1603174500000,11757,11779.4,11756.9,11772.2,242.19
1603175400000,11772.3,11796,11772.2,11790.1,378.05
1603176300000,11790,11795.9,11768.7,11784,325.31
1603177200000,11783.9,11795.8,11776.3,11789.9,277.71
1603178100000,11789.9,11848,11784.5,11828.7,1276.17
1603179000000,11828.5,11829.9,11749.9,11749.9,1036.23
1603179900000,11749.6,11758.3,11703,11726.1,918.27
1603180800000,11727,11738,11698.8,11738,648.07
1603181700000,11737.9,11740.6,11727.6,11730.8,246.6
1603182600000,11730.8,11742.9,11719,11740,162.75
1603183500000,11740.1,11754.1,11733.8,11733.8,126.52
1603184400000,11733.5,11734.8,11722.3,11732.5,200.82
1603185300000,11734.2,11749.5,11734.1,11749.4,172.17
1603186200000,11749.4,11774.4,11745.4,11773,289.77
1603187100000,11773,11812.6,11772,11780,708.61
1603188000000,11780,11796.9,11773,11784.3,231.36
1603188900000,11784,11788,11771.6,11783,179.51
1603189800000,11782.9,11829.2,11782.9,11816.4,351.27
1603190700000,11816.3,11844,11801.9,11829.5,383.36
1603191600000,11829.5,11920,11816.5,11908.5,2682.71
1603192500000,11908,11935,11721.1,11805.2,2892.03
1603193400000,11805.2,11816.8,11761.6,11786.5,834.57
1603194300000,11788.3,11793.1,11756,11770.3,451.37
1603195200000,11772.6,11821,11760,11818.3,483.81
1603196100000,11817,11869.9,11815,11860.4,832.92
1603197000000,11860.5,11883.5,11829.3,11878.8,684.85
1603197900000,11878.8,11892.9,11862.7,11877.7,442.46
1603198800000,11877.6,11889.9,11848,11858.6,308.45
1603199700000,11860,11865.7,11825.6,11856.1,274.06
1603200600000,11856.1,11877.4,11832.9,11875.3,366.74
1603201500000,11877,11966,11870.7,11931.5,1266.23
1603202400000,11931.5,11931.6,11870,11899.8,635.33
1603203300000,11899.8,11963.5,11899.8,11911,697.38
1603204200000,11911,11929.4,11883.9,11902.5,377.47
1603205100000,11901.9,11939.7,11898,11917.7,473.04
1603206000000,11917.6,11957.9,11900,11949.6,771.42
1603206900000,11949.6,11990.3,11927.6,11973.5,1139.25
1603207800000,11973.5,11986.7,11954,11971.5,697.51
1603208700000,11971.4,11974.2,11874.1,11926.5,1562.53
1603209600000,11926.6,11990.5,11919.2,11982,884.53
1603210500000,11980.9,11990,11930.6,11932,564.86
1603211400000,11931,11966.3,11897,11956.7,721.82
1603212300000,11956.6,11965.5,11941.3,11961.2,199.95
1603213200000,11964.2,11973,11955.6,11959,98.12
1603214100000,11958.3,11978.2,11954.5,11956.8,306.26
1603215000000,11955.6,11974.9,11942.5,11973.1,99.23
1603215900000,11973.2,12051,11957.6,11963.6,1888.98
1603216800000,11963.6,11972.8,11916.2,11937.9,595.63
1603217700000,11937.9,11941.4,11922.3,11928.7,186.96
1603218600000,11928.1,11948.8,11928.1,11945.8,95.15
1603219500000,11945.8,11959.2,11945.7,11955.5,68.2
1603220400000,11957.9,11972.6,11890.1,11919,506.53
1603221300000,11918.2,11953.4,11911.6,11944,350.38
1603222200000,11944,11947.7,11919.7,11933.3,213.15
1603223100000,11933.3,11933.3,11909.2,11913.3,103.8
1603224000000,11910.1,11910.1,11875.5,11877.3,340.02
1603224900000,11878.6,11898.2,11863.1,11883,199.22
1603225800000,11880.2,11885.3,11855,11877.1,227.85
1603226700000,11877.1,11896.1,11864.1,11894,46.07
1603227600000,11892.2,11914.1,11892.2,11914,61.87
1603228500000,11914,11933.1,11911.5,11915.5,61.24
1603229400000,11914.9,11914.9,11883,11883,52.06
1603230300000,11883,11919.9,11880.9,11919.9,186.62
1603231200000,11920,11947.8,11919.9,11938.3,95.58
1603232100000,11936.5,11943.2,11925.5,11927.7,77.51
1603233000000,11927.7,11930.6,11919,11920.9,54.05
1603233900000,11920.9,11948.9,11920.9,11948.9,96.61
1603234800000,11949.4,11956,11930.1,11943.4,105.28
1603235700000,11943.4,11943.4,11924,11924,48.7
1603236600000,11926.6,11936.9,11885.5,11888.1,271.32
1603237500000,11890.8,11921.8,11890.8,11910.5,254.7
1603238400000,11910.5,11927.5,11887.4,11927.5,238.72
1603239300000,11927.5,11950,11927.5,11938.5,255.13
1603240200000,11938.6,11960.5,11938.6,11946.8,303.36
1603241100000,11946.3,11980,11945.3,11974.4,281.96
1603242000000,11974.3,12016.1,11964.1,11997,672.94
1603242900000,11997.1,12020.6,11991.8,12011.3,417.8
1603243800000,12011.4,12011.4,11963.3,11973.6,285.91
1603244700000,11974.4,11989.7,11971.9,11988.2,165.96
1603245600000,11988.2,11995.5,11975.6,11980.4,173.71
1603246500000,11980.6,12030,11976,12025.5,371.11
1603247400000,12025.5,12046.4,12002.1,12030,864.14
1603248300000,12030,12140.1,12026.3,12122.1,2601.96
1603249200000,12122.2,12190,12122.2,12173,2297.46
1603250100000,12173,12241,12162,12211.5,1685.64
1603251000000,12211.5,12220.4,12169.6,12187.2,824.4
1603251900000,12188.5,12210.9,12171.5,12181.2,437.96
1603252800000,12181.2,12206.1,12170,12197.9,460.23
1603253700000,12198,12305.7,12182,12304.2,1415.62
1603254600000,12304.2,12304.2,12240.4,12241.5,719.54
1603255500000,12240.5,12280.1,12218.7,12275,552.43
1603256400000,12275.1,12283.6,12230.7,12235.5,427.55
1603257300000,12235.5,12261.1,12222.7,12242.7,387.8
1603258200000,12242.6,12268.6,12224.4,12268,267.04
1603259100000,12267.9,12276.8,12238.6,12238.6,384.78
1603260000000,12238.5,12277.1,12235.4,12270.1,330.15
1603260900000,12270,12286.5,12261.1,12265,215.06
1603261800000,12265,12265,12232.9,12240.5,217.76
1603262700000,12238.2,12254,12235.6,12235.6,85.59
1603263600000,12235.6,12250.5,12182.5,12208.7,669.56
1603264500000,12206.4,12221,12195,12195,332.38
1603265400000,12194.9,12206.9,12136.6,12173.5,934.39
1603266300000,12173.6,12206.9,12170.8,12204.9,162.22
1603267200000,12202.5,12210,12175,12175,333.91
1603268100000,12175.1,12196,12169,12172.6,183.55
1603269000000,12172.2,12179.8,12165,12175.6,190.41
1603269900000,12175.6,12186.7,12146.1,12156.4,350.31
1603270800000,12156.3,12190.7,12135.7,12180.5,343.27
1603271700000,12180.1,12202.8,12177.1,12192.9,247.2
1603272600000,12192.9,12198.6,12182.5,12191.5,149.22
1603273500000,12191.5,12197.2,12176.6,12197.1,85.02
1603274400000,12197.1,12236.3,12197.1,12205.3,547.38
1603275300000,12205.3,12229.7,12204.4,12223.5,218.92
1603276200000,12223.6,12257,12223.6,12251.1,283.86
1603277100000,12251,12251.1,12213.2,12217.8,215.72
1603278000000,12218.5,12228.8,12210,12211.7,148.65
1603278900000,12211.7,12234.3,12192,12194,208.69
1603279800000,12195.7,12250,12183.6,12249.9,418.16
1603280700000,12249.9,12380,12249.9,12332.1,2447.85
1603281600000,12334.3,12349.7,12280,12289.9,956.63
1603282500000,12288.2,12369.9,12274.6,12337.4,1003.16
1603283400000,12335.1,12376.1,12303.9,12366.4,1295.06
1603284300000,12366.5,12433.6,12360.9,12401.2,1778.67
1603285200000,12401.3,12425,12365.4,12421,912.73
1603286100000,12421,12421,12370.4,12378.3,715.58
1603287000000,12378.2,12447.9,12354,12427.1,1177.7
1603287900000,12427.1,12470,12412.3,12464.4,1316.13
1603288800000,12464.3,12488,12413.5,12441.1,996.44
1603289700000,12441.1,12999,12434.6,12742.2,8225.26
1603290600000,12742.2,12769,12686.4,12724.5,1394.17
1603291500000,12722.5,12744.3,12700.9,12738.2,660.55
1603292400000,12737.3,12737.4,12701.9,12718.3,463.14
1603293300000,12718.2,12745.1,12594.3,12671.2,1504.05
1603294200000,12671.2,12725.9,12660,12721.4,448.8
1603295100000,12721.4,12742.5,12707.5,12741.1,393.25
1603296000000,12741.2,12849,12720.8,12791.1,1448.8
1603296900000,12791.1,12921.9,12775,12834.1,1685.63
1603297800000,12834.1,12886.7,12830.4,12837.2,631.64
1603298700000,12837.1,12843.1,12788.5,12822.4,623.62
1603299600000,12822.5,12850,12796.2,12834.5,432.49
1603300500000,12834.4,12850,12811.6,12815,211.74
1603301400000,12815,12831.4,12721,12756.9,630.1
1603302300000,12750,12791,12746.5,12759.8,324.46
1603303200000,12759.9,12788,12756.8,12758.5,159.88
1603304100000,12758.6,12765.2,12713,12740.5,326.64
1603305000000,12742.4,12762.3,12734.3,12759.9,128.37
1603305900000,12760,12769,12732.2,12759,226.15
1603306800000,12759,12784.2,12733,12734.1,165.11
1603307700000,12735.6,12758.9,12727.8,12743.5,170.23
1603308600000,12739.8,12766.9,12739.8,12753.3,75.6
1603309500000,12755.1,12755.1,12656.6,12679.5,949.54
1603310400000,12675.3,12707,12673.3,12705.2,112.17
1603311300000,12705.2,12735,12702.8,12714.3,62.99
1603312200000,12714.4,12756.1,12714.3,12756,57.36
1603313100000,12756.1,12832.4,12756.1,12827.3,297.7
1603314000000,12829.1,12848.1,12801.8,12830.1,133.2
1603314900000,12830.1,12987.9,12830.1,12853.4,1074.46
1603315800000,12853.3,12920.3,12765,12909.9,712.18
1603316700000,12908.4,12946.7,12878.3,12908,381.57
1603317600000,12907.9,12979.4,12888.8,12966.5,458.25
1603318500000,12966.5,13057.8,12945.1,13032.9,1429.25
1603319400000,13033,13100,13016.1,13080.3,952.11
1603320300000,13081.4,13219.3,13075.3,13200.8,1930.21
1603321200000,13200.9,13250,12717.9,12877.6,6587.05
1603322100000,12874.5,12887.9,12728.2,12847.3,2390.52
1603323000000,12847.4,12877,12785.1,12805.8,889.56
1603323900000,12805.7,12829.9,12771,12791.1,811.24
1603324800000,12789,12905,12784.2,12892.9,1002.23
1603325700000,12892.9,12935,12853.9,12853.9,703.07
1603326600000,12853.9,12883.1,12827.1,12875.5,401.65
1603327500000,12875.6,12911,12861.5,12905.3,307.06
1603328400000,12905.2,12905.2,12851,12867.4,254.35
1603329300000,12867.4,12896.5,12852,12885.7,331.47
1603330200000,12885.9,12904.9,12850,12850,210.96
1603331100000,12850.1,12884.6,12848.6,12848.6,157.92
1603332000000,12848.5,12861.5,12785.1,12798.1,550.13
1603332900000,12798.2,12808.9,12692.5,12724.4,1269.32
1603333800000,12721.6,12779.1,12715.8,12775.1,645.42
1603334700000,12775.2,12798.2,12756,12796.3,280.42
1603335600000,12796.2,12796.2,12770,12781.4,393.18
1603336500000,12778.4,12814.5,12772.3,12776.3,379.7
1603337400000,12775.4,12784.4,12743.8,12760,368.25
1603338300000,12758.3,12782.4,12716.7,12724.2,333.05
1603339200000,12724.9,12770.1,12711.2,12761.4,362.89
1603340100000,12763.3,12776.8,12721.7,12728.9,275.15
1603341000000,12727.5,12727.5,12681.9,12723.4,627.8
1603341900000,12725,12751.8,12722.6,12749.3,256.44
1603342800000,12749.3,12760,12705.1,12757.9,455.13
1603343700000,12755.6,12785.6,12750.9,12784.3,428.24
1603344600000,12784.3,12784.3,12750.1,12777,245.17
1603345500000,12776.9,12791,12752.6,12758.9,164.13
1603346400000,12758.7,12787.7,12749.6,12786.3,183.63
1603347300000,12786.4,12814.7,12786,12808,288.23
1603348200000,12808,12808,12770,12792.9,206.17
1603349100000,12791.2,12817.4,12785.4,12807.3,203.07
1603350000000,12802.6,12802.6,12766.5,12792,212.59
1603350900000,12792,12792,12757.4,12783.4,224.8
1603351800000,12783.3,12783.3,12757.5,12768,148.56
1603352700000,12768,12768,12720,12744.9,472.13
1603353600000,12745,12784.8,12737.7,12775.7,274.79
1603354500000,12775.8,12824.3,12755.1,12824.3,406.74
1603355400000,12824.2,12849,12813.1,12841,475.89
1603356300000,12841.4,12841.9,12797.5,12797.5,301.05
1603357200000,12797.6,12814,12690,12785.5,1348.85
1603358100000,12785.5,12900,12784.7,12849.8,1261.09
1603359000000,12850,12888.8,12847.9,12851.1,399.03
1603359900000,12851.1,12868.4,12833.8,12866,208.35
1603360800000,12864.4,12883.6,12842.5,12872.4,200.36
1603361700000,12872.4,12971.2,12869.8,12942.4,1139.12
1603362600000,12945.2,12967,12914.1,12947.5,466.4
1603363500000,12945,12969,12932,12948,284.53
1603364400000,12948.1,13017.7,12943.1,13003.2,981.27
1603365300000,13005.5,13013.2,12956.3,12981.3,544.72
1603366200000,12978,12978,12906.9,12948,432.62
1603367100000,12947.9,12962.6,12935,12958.2,189.17
1603368000000,12958.2,12961,12850,12909.3,759.87
1603368900000,12911.9,12918,12811,12849,708.54
1603369800000,12850.7,12863.1,12791,12847.6,758.83
1603370700000,12847.6,12859.5,12822.1,12844.9,476.31
1603371600000,12842.5,12910.2,12832.9,12902.1,476.79
1603372500000,12902.1,12940.8,12883.9,12933.2,589.63
1603373400000,12933.2,12967,12907.6,12944.2,378.36
1603374300000,12944.1,12944.1,12912,12915.9,290.28
1603375200000,12915.8,12915.8,12855.2,12897.9,473.88
1603376100000,12898.6,12915.1,12835.7,12866.4,348.91
1603377000000,12866.5,12880.5,12846.6,12864.8,279.54
1603377900000,12864.8,12925,12864.8,12921.9,353.35
1603378800000,12921.9,12974.9,12901.4,12960.3,464.93
1603379700000,12960.3,12963.2,12926.9,12937.5,269.4
1603380600000,12937.4,12950,12911.1,12914.3,186.56
1603381500000,12917.7,12938.7,12910.6,12927.7,126.53
1603382400000,12928.6,12988.4,12914.7,12971.4,678.42
1603383300000,12971.3,12998.9,12942.7,12953.9,371.53
1603384200000,12953.3,12960,12931,12957.7,167.89
1603385100000,12960.9,13079,12960.9,13048.4,995.05
1603386000000,13047.9,13077.3,13029.1,13068.9,605.15
1603386900000,13069,13074.9,13005.4,13038.7,675.79
1603387800000,13036.8,13037.1,12945,13024.8,971.22
1603388700000,13022.3,13062.3,13010.9,13045.6,400.19
1603389600000,13045.6,13053.9,13023.8,13033.5,212.9
1603390500000,13038,13050.4,13001.1,13012.1,211.93
1603391400000,13011.6,13041.5,13002.8,13034.4,78.66
1603392300000,13032.1,13043,13024.5,13037.7,64.96
1603393200000,13040,13118.4,13017.5,13071.6,617.72
1603394100000,13071.1,13148.1,13071.1,13134.4,566.2
1603395000000,13137.5,13137.5,13052.5,13092.4,942.94
1603395900000,13092.4,13093,13062.9,13066.7,264.53
1603396800000,13071.1,13136.8,13069.4,13125.3,271.24
1603397700000,13125.3,13152.9,13099,13126.9,273.24
1603398600000,13127,13179,13103.4,13148,405.82
1603399500000,13149,13151.9,13082.2,13100.2,245.57
1603400400000,13099.7,13122.9,13070.9,13097.9,102.98
1603401300000,13099.6,13140.7,13096.4,13134.4,69.57
1603402200000,13132.1,13132.1,13047.3,13063.9,102.52
1603403100000,13063.8,13137.9,12954.9,13127.6,800.68
1603404000000,13127.6,13159.1,13088.8,13150.9,546.59
1603404900000,13150.9,13185.6,13136.2,13142.8,357.69
1603405800000,13142.3,13150.6,13097.3,13121.1,343.73
1603406700000,13119.3,13128.2,13002.9,13007.3,650.48
1603407600000,13007.2,13052.6,12953.9,12956.3,880.12
1603408500000,12956.2,13000,12933,12991.9,781.53
1603409400000,12991.9,12998,12962,12996.2,339.62
1603410300000,12996.2,12996.2,12937.5,12966.2,315.1
1603411200000,12966.2,12970.2,12885.9,12888.3,803
1603412100000,12885.9,12921,12855.5,12904.6,503.47
1603413000000,12905.8,12925.1,12831.2,12839.9,409.75
1603413900000,12840,12914.9,12835.1,12906.6,432.34
1603414800000,12906.5,12920.8,12876.6,12892,204.69
1603415700000,12892.1,12931,12892,12914.5,232.15
1603416600000,12914.5,12936.7,12896.3,12905.7,133.84
1603417500000,12905.7,12929.6,12887.8,12896.6,154.27
1603418400000,12896.7,12917.6,12878,12878.1,221.25
1603419300000,12877.6,12935.4,12876,12921.6,190.72
1603420200000,12923.5,12969.9,12923.5,12964.4,465.2
1603421100000,12964.4,12978.5,12958.8,12972.3,212.13
1603422000000,12972.3,12988,12953.1,12970.5,285.54
1603422900000,12970.5,12972,12942.9,12963,138.37
1603423800000,12960.1,12963,12936.7,12940,137.24
1603424700000,12940,12951.7,12935.8,12945,85.83
1603425600000,12945.1,12963.5,12914.2,12931.8,295.75
1603426500000,12931.9,12931.9,12903,12915,194.76
1603427400000,12915,12946.1,12913.3,12929.4,401.43
1603428300000,12929.4,12936.6,12906.5,12911.2,154.72
1603429200000,12911.2,12955,12903,12955,269.1
1603430100000,12955,12960,12940.5,12940.5,167.23
1603431000000,12940.5,12971.4,12938,12951.9,138.28
1603431900000,12953.2,12978.3,12950.2,12977.9,133.81
1603432800000,12977.8,12978,12912.3,12920.3,264.14
1603433700000,12918.9,12948,12882,12936.2,518.01
1603434600000,12936.2,12947.1,12901.2,12906.5,209.6
1603435500000,12906.5,12908.8,12860.7,12875.2,441.47
1603436400000,12875.2,12913.8,12871.4,12879.1,258.71
1603437300000,12879,12905.7,12871.5,12889.5,189.68
1603438200000,12890,12908.8,12887.3,12894.4,99.39
1603439100000,12894.3,12901.8,12865.5,12887.3,274.88
1603440000000,12887.2,12940.4,12858.7,12925.8,444.03
1603440900000,12925.8,12959.9,12920,12944.3,373.49
1603441800000,12943.9,12948,12925.5,12927.8,63.07
1603442700000,12927.8,12937.3,12920.2,12920.2,93.25
1603443600000,12920.2,12954,12912.3,12937.8,214.86
1603444500000,12937.9,12971,12928.9,12963.6,307.52
1603445400000,12963.6,12975,12943.5,12945.5,154.86
1603446300000,12945.5,12958,12933.4,12943.3,153.87
1603447200000,12943.2,13021.3,12943.2,13006.1,636.49
1603448100000,13006.1,13006.1,12963.6,12968.3,269.68
1603449000000,12966.7,12978.7,12961.1,12968,169.46
1603449900000,12968.1,13029.4,12959.2,13015.4,585.6
1603450800000,13013.5,13020,12992.2,13000.6,335.63
1603451700000,13002,13018.7,12984.2,12986,251.85
1603452600000,12986.1,13006.9,12979.6,12996.9,161.58
1603453500000,12996.9,13017,12956,12966,384.59
1603454400000,12964.8,12974.5,12930.2,12941.2,421.14
1603455300000,12940.6,12953.7,12934.2,12943.4,217.8
1603456200000,12943.4,12954.6,12935.5,12946.9,142.67
1603457100000,12946.7,12976.9,12946.7,12968.9,201.04
1603458000000,12968.8,13007.5,12963,12999.9,468.18
1603458900000,12999.9,12999.9,12972.3,12999.8,283.56
1603459800000,13000,13008.9,12975.7,12978.7,172.12
1603460700000,12978.8,12978.8,12947.2,12951.2,225.41
1603461600000,12951.1,12961.2,12905.6,12928.3,464.83
1603462500000,12923.9,12957.3,12920.2,12937.7,261.91
1603463400000,12937.7,12958.1,12922.4,12922.5,110.2
1603464300000,12922.5,12938.6,12916,12932.3,249.54
1603465200000,12929.6,12942.4,12897.5,12939.1,540.15
1603466100000,12936.6,12950,12929,12944.6,193.56
1603467000000,12944.6,12959.9,12927.2,12949.8,277.16
1603467900000,12948,12948,12912.5,12924.4,183.57
1603468800000,12920,12948.8,12854.4,12873.2,800.96
1603469700000,12871.6,12889.9,12765,12830.8,2006.24
1603470600000,12829.9,12834.3,12725.7,12750.1,1290.85
1603471500000,12751.6,12799,12730.7,12789.7,763.49
1603472400000,12789.8,12808,12750.4,12775.9,424.15
1603473300000,12775.9,12826,12773.5,12801.5,437.33
1603474200000,12800.2,12801.6,12772.7,12777.6,412.59
1603475100000,12777.7,12801,12777.7,12780.8,150.91
1603476000000,12783.1,12820,12783.1,12818.5,135.6
1603476900000,12819,12841.5,12805,12831.9,230.48
1603477800000,12832.9,12860,12821.1,12853.8,224.84
1603478700000,12853.1,12864.4,12844.3,12844.4,134.74
1603479600000,12844.3,12866.4,12834.1,12862.9,82.43
1603480500000,12859.8,12867.8,12851.1,12858.1,96.71
1603481400000,12853,12869.3,12853,12867,61.01
1603482300000,12866.9,12908,12866.9,12907.8,178.72
1603483200000,12907.8,12919.1,12885.1,12897.5,111.36
1603484100000,12897.5,12902.2,12878.5,12893.9,58.16
1603485000000,12896.4,12925,12896.4,12906.8,148.9
1603485900000,12906.9,12941.3,12906.9,12918.5,225.75
1603486800000,12916.5,12916.5,12898.4,12903.1,47.3
1603487700000,12902.3,12902.3,12863.1,12885,68.93
1603488600000,12885.1,12895.6,12871.4,12878.7,42.77
1603489500000,12882.6,12913,12882.6,12896.1,40.51
1603490400000,12894,12923.8,12882.5,12915.3,78.35
1603491300000,12917.2,12924.3,12898.7,12924.3,65.12
1603492200000,12924.4,12927.9,12900,12918.2,84.38
1603493100000,12920,12928,12912.8,12924.9,77.08
1603494000000,12923.1,12966.4,12913.2,12953.7,275.69
1603494900000,12953.7,12956.9,12925.2,12938.8,153.25
1603495800000,12937.2,12937.5,12904,12927.3,221.64
1603496700000,12927.3,12933.7,12911,12912.4,54.6
1603497600000,12912.5,12925.9,12893.9,12903.8,242.6
1603498500000,12907.2,12907.9,12857,12876.7,271.03
1603499400000,12875.2,12907.7,12872.2,12906.2,170.27
1603500300000,12906.2,12918.4,12900,12903.3,187.38
1603501200000,12906.9,12926.4,12901,12926.3,101.93
1603502100000,12926.3,12960,12917.3,12936.7,293.11
1603503000000,12936.7,12959.7,12936.6,12955.7,185.43
1603503900000,12955.8,12965.6,12953.1,12958.1,244.54
1603504800000,12958.1,12971.6,12942.4,12967.6,231.53
1603505700000,12967.7,12978.8,12966.3,12973.4,194.87
1603506600000,12973.5,12973.5,12951.1,12954.9,130.55
1603507500000,12954.9,12974.9,12954.9,12974.9,144.93
1603508400000,12974.9,13000.2,12971,12987,586.96
1603509300000,12986.9,12988.9,12969.8,12980.6,265.46
1603510200000,12979.9,12988.3,12963.9,12976.4,202.58
1603511100000,12976.4,12976.4,12951.3,12965,91.15
1603512000000,12965,12988.8,12964.9,12988.8,217.73
1603512900000,12987.8,12987.9,12970.6,12970.6,118.8
1603513800000,12969.9,12970,12950.5,12955.5,243.84
1603514700000,12955.5,12970,12948.1,12959.2,248.81
1603515600000,12962.2,12966.6,12940,12949.5,144.95
1603516500000,12949.9,12956.8,12947,12956.8,44.22
1603517400000,12956.8,12958,12931,12945.2,83.09
1603518300000,12945.1,12961.6,12943.7,12960,40.25
1603519200000,12960,12976.7,12958.1,12958.2,84.04
1603520100000,12958.1,12958.1,12945.3,12945.3,42.74
1603521000000,12945.3,12971.1,12945.3,12962.7,169.8
1603521900000,12961.7,12966.6,12947.3,12947.3,81.31
1603522800000,12947.2,12959.8,12940.2,12956.7,206.29
1603523700000,12959.7,12975.6,12945.6,12957.7,74.7
1603524600000,12957.7,12957.7,12940,12940,85.24
1603525500000,12940.1,12949.8,12915,12928.6,368.57
1603526400000,12928.6,12947,12924.2,12946.9,138.33
1603527300000,12946.9,12947,12910.1,12917.6,166.67
1603528200000,12917,12934.5,12911,12928.7,129.8
1603529100000,12930,12935.9,12928.5,12930.3,42.29
1603530000000,12930.8,12934.2,12910.7,12922.3,135.82
1603530900000,12922.3,12948.8,12922.3,12948.7,145.66
1603531800000,12948.7,12960,12941.6,12949.1,165.79
1603532700000,12949,12952.5,12943.6,12946.2,64.46
1603533600000,12946.8,12951.3,12927.7,12931.5,85.37
1603534500000,12928.5,12972.8,12928.5,12972.7,237.84
1603535400000,12972.7,12981.6,12964.2,12969.6,247.91
1603536300000,12969.6,12980.7,12962.1,12972.9,110.45
1603537200000,12972.9,12976,12956.6,12964.9,120.24
1603538100000,12965,12987.8,12965,12982.9,112.15
1603539000000,12984.7,12993.4,12969.7,12979.1,160.79
1603539900000,12979.2,12988.8,12972.8,12986.6,89.75
1603540800000,12988,12990.9,12965.4,12965.5,163.6
1603541700000,12966,12980,12965.9,12977.8,58.97
1603542600000,12977.8,12989.9,12977.8,12983,70.4
1603543500000,12982.9,12982.9,12965.4,12969.2,94.75
1603544400000,12969.2,12983,12967.7,12975,110.57
1603545300000,12972.5,12972.5,12959,12967.7,83.72
1603546200000,12967.7,12992.8,12963.9,12981.8,158.77
1603547100000,12978.8,12987.5,12978.8,12982,76.96
1603548000000,12982.4,13086,12971.3,13084.4,818.02
1603548900000,13084.4,13094.2,12934.4,12992.4,1708.45
1603549800000,12992.4,13068.8,12963.1,13048.4,842.25
1603550700000,13048,13075,13024.4,13063.4,626.34
1603551600000,13063.5,13180,13063.5,13107.5,1693.4
1603552500000,13105.6,13136.9,13083.2,13122.1,561.36
1603553400000,13120.1,13135,13088.1,13133.8,319.14
1603554300000,13133.8,13158,13094.8,13106,396.29
1603555200000,13106.9,13129.9,13024.7,13057.5,998.74
1603556100000,13056,13078.8,13051,13058.8,229.22
1603557000000,13058.9,13069.7,13036.7,13057.3,233.67
1603557900000,13054.4,13078.4,13051.1,13075.6,287.02
1603558800000,13074.8,13125,13074.8,13106,283.27
1603559700000,13107.5,13119.4,13091.2,13109.8,185.42
1603560600000,13102.5,13139.4,13102.4,13139.4,156.25
1603561500000,13139.4,13140,13106.8,13123.5,110.27
1603562400000,13124.9,13124.9,13096.3,13113.3,90.52
1603563300000,13113.4,13121.1,13078.5,13100.2,88.53
1603564200000,13100.8,13121,13100.1,13120.9,91.24
1603565100000,13120.9,13123.6,13095.8,13099.1,61.06
1603566000000,13095.8,13123,13095.8,13116.2,77.95
1603566900000,13116.1,13122.7,13101,13104.5,24.08
1603567800000,13102.9,13102.9,13077,13085,82.75
1603568700000,13089,13113.1,13088.5,13111,53.09
1603569600000,13112.5,13121.3,13086.4,13099.5,156.25
1603570500000,13100,13117.2,13090.6,13112.6,34.93
1603571400000,13111.5,13115.1,13101.5,13103.7,44.61
1603572300000,13102.6,13102.6,13079.5,13083.7,81.54
1603573200000,13086.4,13101.5,13076.2,13096.1,63.52
1603574100000,13093.2,13114.9,13092.2,13111.1,50.96
1603575000000,13109.8,13113.9,13086.4,13086.4,20.59
1603575900000,13086.1,13093.9,13014.4,13053.5,324.64
1603576800000,13053.5,13069.6,13030.5,13063.9,74.82
1603577700000,13061.5,13075.5,13045.1,13067,100.22
1603578600000,13071.3,13079.1,13059.5,13070.1,109.56
1603579500000,13066.3,13070.1,13048.2,13059.7,68.22
1603580400000,13057.6,13085.1,13056.9,13083.6,111.54
1603581300000,13084.9,13084.9,13065.9,13066.8,33.87
1603582200000,13066.9,13097.5,13066.9,13095.2,65.75
1603583100000,13095.2,13107.9,13093.1,13107.8,108.64
1603584000000,13104.8,13105.6,13062.6,13068.4,200.69
1603584900000,13071,13100,13070.9,13093.6,125.87
1603585800000,13093.7,13122.6,13091.6,13116.6,92.74
1603586700000,13118.4,13130.7,13118.4,13124.7,126.55
1603587600000,13125.8,13130.1,13104.2,13124.9,153.56
1603588500000,13122.7,13124.4,13117,13120,147.11
1603589400000,13120.3,13166.6,13120.3,13154.4,341.77
1603590300000,13154.3,13163.3,13126.1,13135,314.22
1603591200000,13135,13141.2,13115.2,13123.4,123.54
1603592100000,13118.4,13149.4,13118.4,13149.3,114.98
1603593000000,13149.4,13157.3,13131.1,13133.4,143.66
1603593900000,13133.4,13133.5,13123,13123.8,78.18
1603594800000,13123.8,13141.3,13123.8,13128.9,124.07
1603595700000,13128.9,13148.1,13128.9,13144,187.55
1603596600000,13144,13352.1,13144,13309,3254.49
1603597500000,13309,13358.5,13290,13296.5,1006.73
1603598400000,13296.5,13324.4,13258.1,13318.6,749.79
1603599300000,13318.6,13338.7,13276.5,13298.2,593.69
1603600200000,13300,13318.7,13286.9,13295,302.69
1603601100000,13295,13311.7,13290.2,13307.9,219.54
1603602000000,13306.3,13306.3,13267.9,13267.9,234.15
1603602900000,13267.9,13287.3,13267.9,13270.9,168.53
1603603800000,13270.9,13272.8,13174.4,13194.7,988.42
1603604700000,13194.6,13194.6,12818,12949.9,5265.05
1603605600000,12949.9,13017.5,12926.8,12975.1,1025.98
1603606500000,12975.1,13006.8,12967.5,12992,537.82
1603607400000,12992.1,13035,12985.5,13022.6,299.38
1603608300000,13022.9,13045,13005,13010.4,373.49
1603609200000,13007.7,13026.2,13003.1,13010,155.66
1603610100000,13010,13030.1,13002,13026.9,144.1
1603611000000,13028.5,13028.5,12987,12991.5,145.26
1603611900000,12991.4,13024.9,12991.4,13019,110.62
1603612800000,13019,13019,12994.9,12995,98.63
1603613700000,12994.9,13002.5,12935.6,12983.8,611.78
1603614600000,12983.9,12999.2,12971.6,12998.4,233.28
1603615500000,12999.4,13028,12999.4,13017.4,187.97
1603616400000,13019.2,13019.3,12991.6,12999.7,76.73
1603617300000,13001.5,13014.6,12971.6,12981.8,160.47
1603618200000,12981.8,12999.9,12977.9,12992.7,202.83
1603619100000,12992.7,13013.8,12988.6,12995.4,126.74
1603620000000,12996.1,13001.4,12960.7,12968.7,258.27
1603620900000,12968.7,12988.7,12933.4,12954.3,457.26
1603621800000,12954.3,12983.5,12933,12963.8,370.89
1603622700000,12963.8,12987.4,12963.8,12981.7,144.97
1603623600000,12981.7,12981.7,12900,12902.9,632.91
1603624500000,12902.8,12949.8,12891.7,12932.3,678.77
1603625400000,12935.8,12949.1,12907.8,12940.8,217.59
1603626300000,12942.7,12956.7,12933.5,12951.1,159.12
1603627200000,12947.9,12960.7,12932.3,12960.6,150.96
1603628100000,12960.6,12988,12947.4,12975.5,202.07
1603629000000,12975.2,12981.6,12958,12974.4,117.45
1603629900000,12974.4,12985.3,12969.1,12969.2,62.97
1603630800000,12969.2,12976.2,12942.7,12956.6,174.81
1603631700000,12956.6,13006,12956.6,13001.5,279.12
1603632600000,13003.8,13005.1,12976,12983.9,261.26
1603633500000,12983.9,12997,12977,12977,61.45
1603634400000,12977.9,12986.6,12968.1,12978.1,51.06
1603635300000,12975.7,12991.8,12970.7,12985,72.55
1603636200000,12986.9,12998.5,12978.6,12986.1,145.96
1603637100000,12986.2,12987.3,12968.1,12982.6,77.35
1603638000000,12983.2,12997.6,12983.2,12983.3,50.48
1603638900000,12980.6,12989.5,12972.6,12973.2,62.32
1603639800000,12973.2,12979.5,12938.1,12969.8,163.8
1603640700000,12969.8,12969.8,12932.7,12941.9,194.53
1603641600000,12941.8,12992.2,12910,12989.7,591.12
1603642500000,12991.3,12993.8,12979,12979,165.95
1603643400000,12979.1,12993,12977.6,12984.6,160.15
1603644300000,12988.4,12991.8,12981.7,12989.9,35.07
1603645200000,12990,13036.4,12989.9,13010,339.56
1603646100000,13007.6,13019.7,12990.3,13003.7,114.15
1603647000000,13003.7,13005.1,12991,13005.1,60.74
1603647900000,13005.1,13005.1,12984.4,12996.7,71.53
1603648800000,12995.4,12998.1,12940.3,12977.1,173.39
1603649700000,12977.2,12983.1,12965.6,12972.6,29.49
1603650600000,12972,12985,12960,12984.1,80.5
1603651500000,12982.7,12994.6,12973.3,12980.1,60.03
1603652400000,12978.1,12998.7,12976.1,12998.7,24.56
1603653300000,13000,13010,12988.9,13000.6,67.29
1603654200000,13002.8,13019.9,13000,13005.3,243.92
1603655100000,13005.4,13040,13005.4,13037.8,118.43
1603656000000,13036.3,13040.6,13024.9,13040.6,129.82
1603656900000,13040.5,13040.6,13022.6,13033,16.23
1603657800000,13030.5,13030.5,13010.6,13010.6,14.78
1603658700000,13010.7,13024.5,13008.2,13015.1,34.71
1603659600000,13015.2,13031,13015.2,13018.1,32.12
1603660500000,13015.7,13015.7,12990.7,12998.4,16.53
1603661400000,12998.4,13015.7,12997.8,13007.6,9.75
1603662300000,13016,13025.9,13014.8,13015.5,34.36
1603663200000,13015.4,13015.4,12976.7,12985,154.29
1603664100000,12985.5,12994.2,12974.9,12990.8,137.17
1603665000000,12994.6,13001.8,12982,12987.2,27.47
1603665900000,12989.3,13008.8,12989.3,13003.4,62.1
1603666800000,13005.7,13011.3,13003.1,13010.9,18.14
1603667700000,13011.3,13022.1,13011.3,13022.1,125.61
1603668600000,13022.1,13026.9,13018.2,13026.5,76
1603669500000,13026.4,13026.5,13005,13019.1,269.17
1603670400000,13019.1,13025.4,12990.5,12994.7,149.98
1603671300000,12994.7,13006,12971.2,13001.2,141.11
1603672200000,13001.3,13027.3,12997.9,13021.9,80.17
1603673100000,13021.9,13050,13006.9,13043.2,361.06
1603674000000,13045.1,13093.9,13045,13072.3,588.22
1603674900000,13072.3,13081.3,13059.3,13072.8,222.53
1603675800000,13072.9,13073.2,13041.5,13045.2,183.3
1603676700000,13045.2,13063.6,13045.2,13063.5,111.79
1603677600000,13063.5,13082,13049.6,13082,133.24
1603678500000,13081.9,13115.9,13078.7,13108.2,404.62
1603679400000,13108.1,13110.5,13079.9,13081.9,222.6
1603680300000,13083.3,13093.4,13070.1,13076.1,132.83
1603681200000,13076.2,13123.4,13076.2,13111.3,468.21
1603682100000,13111.3,13114.6,13087.2,13091.3,304.5
1603683000000,13091,13101.1,13081.8,13088.8,130.62
1603683900000,13088.9,13089.9,13076.4,13086.9,106.38
1603684800000,13084.7,13086.2,13066.9,13079.9,95.88
1603685700000,13081.3,13084,13039,13067.3,317.45
1603686600000,13067.4,13113.8,13067.3,13112.1,385.6
1603687500000,13112.2,13130.8,13099,13099,261.57
1603688400000,13099.1,13125,13094.8,13120,176.46
1603689300000,13121.8,13138.5,13107.4,13135.8,250.27
1603690200000,13135.8,13139.7,13101.9,13102,240.8
1603691100000,13102,13102,13079.1,13090.9,425.05
1603692000000,13091.7,13100,13068.1,13080.6,186.49
1603692900000,13080.6,13096.1,13073.3,13077.8,169.31
1603693800000,13081.3,13092.5,13053.6,13064.2,337.68
1603694700000,13064.1,13075.6,13053.8,13066.5,163.57
1603695600000,13066.5,13077.5,13056.1,13060.5,206.55
1603696500000,13059.2,13063.5,13011.8,13041.3,558.71
1603697400000,13041.4,13060,13040,13052.7,153.6
1603698300000,13052.7,13061.6,13020.4,13034.1,259.99
1603699200000,13034,13049.3,13027,13036.4,156.24
1603700100000,13036.4,13037.7,12920,12987.7,1524.47
1603701000000,12986,13028.4,12980,13027.2,473.13
1603701900000,13027.2,13066.9,13015.7,13047.5,416.82
1603702800000,13049.9,13065,13047.2,13058.2,191.74
1603703700000,13058.2,13078,13053.7,13053.9,221.05
1603704600000,13053.1,13082.9,13053.1,13081.6,110.78
1603705500000,13081.6,13098.9,13078.5,13081.2,218.08
1603706400000,13081.1,13081.4,13063.4,13079.1,120.94
1603707300000,13079,13081.5,13058.5,13059.5,104.28
1603708200000,13059.6,13096.6,13054.7,13083.6,151.66
1603709100000,13083.6,13109,13080.1,13100,240.3
1603710000000,13099.9,13170.8,13099.9,13160.1,1022.77
1603710900000,13160.1,13174,13137.2,13148.5,680.57
1603711800000,13148.6,13154.1,13122.8,13129.8,303.28
1603712700000,13129.8,13140,13108.8,13135.6,211.53
1603713600000,13135.5,13151.9,13099.5,13111.3,353.87
1603714500000,13109.3,13109.8,13084,13109.7,428.88
1603715400000,13109.7,13134.4,13099.9,13115,222.26
1603716300000,13118.3,13152,13109.8,13128.5,190.82
1603717200000,13128.5,13160.2,13110.7,13151.2,264.29
1603718100000,13151.2,13180,13149.5,13179.9,402.6
1603719000000,13180,13238,13152.3,13169.3,1390.72
1603719900000,13173.4,13200,13145.6,13192.1,658.08
1603720800000,13190.1,13213.4,13161.7,13176.7,668.95
1603721700000,13176.7,13187.9,13165.7,13171.5,361.56
1603722600000,13169.5,13187.5,13125,13187.5,571.32
1603723500000,13188.6,13221,13157.8,13157.8,554.84
1603724400000,13157.7,13160,13113.9,13126.3,840.55
1603725300000,13126.2,13134.4,13058,13107.8,949.17
1603726200000,13105,13107.1,12944.3,13020.1,2039.8
1603727100000,13022.7,13023.7,12907.5,12974.6,1443.74
1603728000000,12974.5,13029.9,12932.9,12993.1,869.23
1603728900000,12993.2,13019.2,12958.8,12972.6,326.42
1603729800000,12970.9,12970.9,12820,12893.1,2928.03
1603730700000,12893.1,12914.9,12844.1,12849.9,795.38
1603731600000,12848.9,12919.9,12800,12916.9,1330.41
1603732500000,12916.9,12916.9,12861.8,12881.8,496.02
1603733400000,12881.7,12881.7,12804.2,12819.3,905.48
1603734300000,12817.1,12883.6,12760,12870.4,1182.71
1603735200000,12869.6,12886.7,12849.1,12873.7,363.51
1603736100000,12873.6,12928,12873.6,12927.8,384.22
1603737000000,12927.8,12958,12918.1,12956.3,547.22
1603737900000,12956.2,12959.9,12941.3,12950.9,145.92
1603738800000,12952.4,12952.4,12913,12945.6,221.19
1603739700000,12945.6,12978,12931.9,12971.3,231.19
1603740600000,12973,12973,12935,12964.4,292.54
1603741500000,12965.2,12991.4,12938.2,12984.2,232.02
1603742400000,12986.6,13010.5,12973.6,13004,369.88
1603743300000,13005,13007.5,12988.6,13007.5,113.38
1603744200000,13009.4,13030,12991.2,13011.4,211.07
1603745100000,13011.4,13019.8,12986.5,12986.5,59.69
1603746000000,12986.6,13027.5,12986.6,13015,86.82
1603746900000,13015.1,13022,13008,13008,45.59
1603747800000,13008.1,13030,13006.1,13017.9,62.68
1603748700000,13016.7,13018.8,13000.5,13005,56.18
1603749600000,13005.1,13013.7,12975,12988,109.97
1603750500000,12989.3,13021.8,12986.3,13018.5,76.02
1603751400000,13022.9,13023,13000.3,13015.1,72.92
1603752300000,13014.7,13025,12998,13025,186.03
1603753200000,13026.5,13042.9,13019.7,13041.4,179.15
1603754100000,13041.4,13060.4,13040.4,13047.9,185.76
1603755000000,13049.5,13070.9,13047.1,13057,156.2
1603755900000,13057,13057,13036.7,13037.9,119.1
1603756800000,13037.9,13078.1,13036.1,13067.2,237.14
1603757700000,13069,13099.3,13058.4,13099.2,312.43
1603758600000,13099.3,13131.5,13072.5,13078.9,460.64
1603759500000,13077.9,13082.7,13068.1,13077.3,92.6
1603760400000,13080,13087,13056.2,13058.9,253
1603761300000,13058.5,13066.9,13053.1,13063.3,113.49
1603762200000,13063.3,13083,13058.6,13083,160.8
1603763100000,13084,13093.9,13077.2,13080,113.19
1603764000000,13082.1,13106.5,13082.1,13098,203.74
1603764900000,13093.6,13095.5,13070.8,13082,175.44
1603765800000,13082,13107,13072.1,13098.9,100.34
1603766700000,13098.8,13098.8,13043.9,13060,464.02
1603767600000,13060,13092.2,13060,13090.8,154.66
1603768500000,13090.8,13099,13065.8,13067.8,161.11
1603769400000,13067.8,13080.1,13058.3,13070,142.97
1603770300000,13071,13086,13064.4,13071.7,98.27
1603771200000,13075.4,13095,13075.4,13095,179.44
1603772100000,13094.9,13100,13084.3,13088.7,171.17
1603773000000,13090.2,13093.2,13089,13091.2,112.01
1603773900000,13091.3,13113.5,13091.2,13112.1,189.15
1603774800000,13112.2,13140,13095.7,13095.7,592.44
1603775700000,13095.7,13101.6,13074,13074,232.42
1603776600000,13074.1,13090.3,13074.1,13081.1,131.61
1603777500000,13082.1,13104,13080.3,13083.3,105.55
1603778400000,13083.4,13086.6,13064.8,13080,159.34
1603779300000,13081.4,13092.1,13062.6,13067.8,142.03
1603780200000,13067.7,13069.7,13050,13069.7,293.55
1603781100000,13069.8,13093.7,13069.8,13093.7,158.71
1603782000000,13093.7,13106,13077.4,13104.9,210.33
1603782900000,13104.9,13111.3,13090.5,13092.8,276.91
1603783800000,13094.5,13116.8,13085.1,13116.8,184.92
1603784700000,13116.8,13147.1,13103.5,13130.1,470.01
1603785600000,13130.2,13160,13120,13121.7,489.01
1603786500000,13121.7,13131.8,13111.1,13131,165.5
1603787400000,13131.1,13146,13117,13130.9,191.52
1603788300000,13130.9,13143.9,13120.1,13125,252.17
1603789200000,13125,13130.1,13101,13107.3,152.1
1603790100000,13107.4,13111.6,13074.5,13100.5,336.36
1603791000000,13100.6,13108.3,13077.4,13097.5,266.04
1603791900000,13101,13134,13101,13134,234.98
1603792800000,13134,13136.6,13119.7,13129.9,60.82
1603793700000,13130,13188,13130,13175,738.95
1603794600000,13175.1,13285.9,13160,13281.5,1863.58
1603795500000,13281.5,13287.2,13234.8,13245.7,605.12
1603796400000,13245.8,13299,13236.8,13262.6,779.4
1603797300000,13262.5,13465,13250,13436.4,3762.86
1603798200000,13436.5,13498,13361.1,13400.1,1732.85
1603799100000,13404.1,13436.3,13385,13434.9,577.1
1603800000000,13435,13455.5,13353.1,13383.3,1011.98
1603800900000,13383.4,13421.9,13375.3,13392.7,230.64
1603801800000,13392.1,13415.4,13377.1,13380,207.83
1603802700000,13379.9,13403.3,13360.3,13374.1,345.16
1603803600000,13376,13430.6,13365.4,13404.3,388.14
1603804500000,13404.3,13414.4,13383.6,13412.5,208.06
1603805400000,13414.3,13419.9,13312.1,13376.6,1014.25
1603806300000,13376.7,13384,13343.4,13383.8,379.44
1603807200000,13383.9,13405,13370.7,13399.2,456.07
1603808100000,13399.3,13410.3,13334.8,13339.6,389.16
1603809000000,13339.6,13388.2,13339.6,13360.3,196.52
1603809900000,13362.5,13394.8,13362.5,13379.5,144.72
1603810800000,13379.6,13448,13379.6,13434.2,622.4
1603811700000,13434.2,13474.6,13395.8,13438.6,828.66
1603812600000,13438.6,13526.7,13422.9,13520.9,816.17
1603813500000,13520.9,13646.2,13503.5,13594.2,2818.79
1603814400000,13594.1,13632.3,13530,13544.2,1760.94
1603815300000,13541,13585,13510,13576,844.13
1603816200000,13573.9,13589.6,13540,13582,251.47
1603817100000,13583.4,13638.5,13575.2,13633.1,631.54
1603818000000,13633.1,13666,13586.4,13593.8,721.57
1603818900000,13593.8,13639,13589.3,13616.3,495.81
1603819800000,13609.3,13728.2,13601.9,13710.3,1565.43
1603820700000,13710.3,13734,13662.6,13666,512.99
1603821600000,13664.8,13742.1,13664.8,13717.4,620.36
1603822500000,13716,13722.8,13516.5,13561.7,1854.85
1603823400000,13565,13625,13562,13603.1,555.29
1603824300000,13600.1,13638,13587.1,13623.6,211.25
1603825200000,13625.7,13633.8,13597.6,13609.7,190.52
1603826100000,13612.2,13637,13600,13622.4,169.62
1603827000000,13622.4,13668.5,13614.5,13660,261.96
1603827900000,13658.4,13662,13635.8,13645.7,181.61
1603828800000,13645.8,13657.3,13618,13652.1,187.97
1603829700000,13652.2,13697.5,13652.1,13664.8,160.7
1603830600000,13663.6,13674,13645.5,13654.7,119.11
1603831500000,13653.3,13653.3,13559.4,13593.2,533.13
1603832400000,13590.8,13623.8,13586,13623.7,55.37
1603833300000,13623.8,13670.2,13623.8,13670.1,139.99
1603834200000,13670.2,13708.5,13644.8,13693.1,245.43
1603835100000,13693.1,13728,13678.9,13681,318.43
1603836000000,13681,13694,13647.1,13648.9,287.21
1603836900000,13648.9,13675.5,13623.8,13658.4,207.44
1603837800000,13653.4,13697.9,13651,13682.9,189.02
1603838700000,13682.9,13715.7,13682.9,13708.1,550.86
1603839600000,13708,13776.4,13682.6,13734.3,1146.71
1603840500000,13735.7,13744.1,13671.2,13678.4,293.74
1603841400000,13675.8,13677.7,13555,13642.6,1155.05
1603842300000,13642.6,13666.6,13617.8,13623.8,279.09
1603843200000,13620.5,13682,13590.6,13671.2,504.55
1603844100000,13671.2,13687.5,13667.7,13684.9,243.6
1603845000000,13684.8,13714.4,13680.3,13709.9,433.09
1603845900000,13710,13737.9,13686.3,13702.1,324.93
1603846800000,13702.1,13714.6,13671.6,13699.5,239.4
1603847700000,13700.2,13700.2,13641.3,13679.8,233.99
1603848600000,13679.9,13726,13671.5,13723.1,201.74
1603849500000,13723.1,13733.1,13702.9,13704.7,204.68
1603850400000,13704.7,13725.5,13685,13725.5,200.29
1603851300000,13725.5,13753.9,13703.9,13752.8,508.02
1603852200000,13750.2,13811.8,13739.6,13789.7,1156.88
1603853100000,13789.7,13852.9,13788.3,13826.1,1047.89
1603854000000,13826.2,13828.1,13715.2,13766.8,1331.32
1603854900000,13765.1,13822,13759.2,13796.1,437.87
1603855800000,13794.9,13819,13760,13782.6,411.89
1603856700000,13779.9,13786.4,13756.6,13766.2,254.85
1603857600000,13766.3,13805.3,13750,13758.7,275.92
1603858500000,13760.3,13760.3,13690,13730.2,925.35
1603859400000,13728.5,13772.3,13725.9,13749.4,280.67
1603860300000,13749.4,13749.4,13715.8,13727.8,215.03
1603861200000,13727.7,13751.8,13656.1,13687.7,754.43
1603862100000,13687.7,13715,13662,13710.6,432.28
1603863000000,13710.7,13729.9,13671.4,13695,289.8
1603863900000,13697.6,13735,13693.7,13710.8,221.07
1603864800000,13710.8,13753.3,13691,13753.3,357.77
1603865700000,13753.4,13760.8,13736,13739.7,232.95
1603866600000,13739.6,13765.8,13723.1,13737,141.19
1603867500000,13735.7,13743.8,13689.1,13690.8,249.6
1603868400000,13693,13714.6,13622,13660.6,934.94
1603869300000,13663.2,13665.2,13536,13595.6,2015.33
1603870200000,13598.2,13649.7,13585,13622.1,658.05
1603871100000,13620.6,13663,13608,13652.9,359.47
1603872000000,13652.8,13652.8,13582,13624.1,570.27
1603872900000,13622.2,13675.3,13562.1,13670.8,630.87
1603873800000,13670.8,13670.8,13619.2,13630.5,315.17
1603874700000,13627.9,13682.3,13627,13675.5,358.32
1603875600000,13677,13690,13653.6,13657.5,406.88
1603876500000,13657.7,13671.5,13627,13637.8,196.49
1603877400000,13636.3,13656.1,13610,13620,258.44
1603878300000,13615.1,13639.8,13580.6,13598.5,602.4
1603879200000,13598.5,13598.5,13510,13584.5,1990.66
1603880100000,13584.4,13615.5,13552.4,13593.1,417.12
1603881000000,13593,13627.5,13588.6,13610.7,558.94
1603881900000,13615.1,13622.8,13548,13553.6,472.55
1603882800000,13553.6,13570,13428,13490.4,2779.43
1603883700000,13490.3,13505,13307,13420.9,2630.57
1603884600000,13421,13430,13333,13410,1190.38
1603885500000,13410,13420,13308,13316.7,1610.83
1603886400000,13316.7,13367,13285,13347,1686.87
1603887300000,13348,13350,13214.3,13251,2601.1
1603888200000,13250.1,13279.2,13158,13215.7,2449.59
1603889100000,13215.7,13287.2,13191.5,13278.3,1202.98
1603890000000,13278.2,13328.3,13271,13304.9,840.45
1603890900000,13305,13306.3,13243,13255.1,694.94
1603891800000,13255.7,13280.6,13195,13233.6,1074.99
1603892700000,13228.2,13249.1,13101.2,13105.1,1658.02
1603893600000,13104.5,13154.1,12969.1,12970,4122.18
1603894500000,12970,13062.5,12884,13058.6,3465.06
1603895400000,13060.2,13116.2,13031.8,13108.4,1386.18
1603896300000,13108.4,13124.8,13042.6,13060.7,927.91
1603897200000,13060,13131,13033.6,13120,861.46
1603898100000,13120,13170,13101,13169.9,612.62
1603899000000,13170,13220,13134.4,13207.8,846.35
1603899900000,13206.8,13217.3,13175.6,13208.2,658.2
1603900800000,13201,13201,13162,13177.4,631.35
1603901700000,13177.4,13181.1,13112.2,13115.9,542.44
1603902600000,13114.4,13125.1,13041.3,13049.2,637.71
1603903500000,13051.6,13146.2,13028.1,13131.7,913.69
1603904400000,13130.8,13134.5,13039.3,13039.3,542.48
1603905300000,13039.3,13126.5,12991.9,13111.6,1239.87
1603906200000,13111.5,13197,13111.5,13176.6,522.62
1603907100000,13169.8,13209.1,13155,13175.1,392.1
1603908000000,13175.7,13204.9,13130.3,13135.8,357.01
1603908900000,13137.7,13212.4,13132.9,13207.9,233.38
1603909800000,13202.7,13229.4,13180,13187.6,415.84
1603910700000,13185.2,13209.8,13138,13204.3,291.3
1603911600000,13207.4,13220.9,13169.5,13184.4,237.2
1603912500000,13188.8,13228,13168.4,13212.4,212.81
1603913400000,13210.2,13240,13180.1,13190,212.26
1603914300000,13189,13189,13138,13156.8,183.94
1603915200000,13158.6,13201.5,13142.5,13194.4,123.7
1603916100000,13193.1,13201.5,13172.7,13196,82.7
1603917000000,13196,13213.5,13161.1,13161.1,103
1603917900000,13161.1,13203.1,13155.3,13191.7,77.72
1603918800000,13186.8,13187.9,13146.9,13157.9,34.45
1603919700000,13158,13178.1,13094.4,13099.8,92.34
1603920600000,13094.4,13160,13094.3,13153.5,84.59
1603921500000,13153.8,13199.9,13153.8,13184.6,130.48
1603922400000,13184.8,13234.7,13175.1,13228.2,262.67
1603923300000,13228.1,13256.1,13206.1,13256.1,239.5
1603924200000,13256.1,13258.3,13236.3,13255.7,180.15
1603925100000,13258.2,13258.2,13225.7,13238.4,170.65
1603926000000,13240.2,13250.3,13218.3,13235.8,154.69
1603926900000,13236.9,13279.5,13236.9,13278.2,357.84
1603927800000,13278.2,13290.1,13237.2,13243.9,368.14
1603928700000,13241.1,13271.3,13239.2,13253.5,161.17
1603929600000,13251.4,13294,13242,13290.7,263.54
1603930500000,13290.8,13295,13267.1,13280.1,165.27
1603931400000,13276.9,13280.5,13245,13246.9,211.16
1603932300000,13246.9,13258.6,13226.6,13239.4,243.6
1603933200000,13239.3,13264.5,13232.3,13238.8,191.45
1603934100000,13237.5,13255.2,13157.7,13182.1,735.57
1603935000000,13184.1,13242.3,13184.1,13233.4,306.89
1603935900000,13234.2,13285.4,13233.4,13267.6,390.5
1603936800000,13267,13275,13231.9,13233.5,177.14
1603937700000,13233.6,13255.8,13205.4,13221.3,416.88
1603938600000,13221.4,13252.6,13212.3,13237.8,99.64
1603939500000,13237.8,13240.7,13214,13224.1,158.55
1603940400000,13228.8,13228.8,13183,13196.8,338.02
1603941300000,13195.1,13219.2,13165.4,13219.2,568.04
1603942200000,13219.2,13233.8,13215,13223.2,210.84
1603943100000,13228.4,13268,13228.4,13265.5,464.07
1603944000000,13265.6,13276,13247,13269.7,388.84
1603944900000,13271.6,13285,13243.6,13252.3,459.77
1603945800000,13251.5,13266,13234.8,13238.1,392.36
1603946700000,13238.1,13253.4,13218.3,13219.1,287.72
1603947600000,13219.1,13259,13219.1,13254.1,203.83
1603948500000,13258,13269,13237,13244.5,325.99
1603949400000,13243.2,13259.9,13238.9,13257.7,185.62
1603950300000,13257.8,13275,13233.3,13268,183.98
1603951200000,13267,13275,13238.1,13243.7,369.42
1603952100000,13243.8,13271,13243.2,13262.2,248.49
1603953000000,13264.1,13274.5,13260.6,13268,165.78
1603953900000,13268,13308.8,13253.4,13266,674.88
1603954800000,13264.6,13279.4,13231,13252.7,377.98
1603955700000,13252.7,13252.7,13191,13200.1,428.27
1603956600000,13198.1,13221.3,13185.7,13185.8,659.82
1603957500000,13187.6,13189.9,13110,13128,1076.11
1603958400000,13125,13175,13075.5,13105.9,856.41
1603959300000,13105.9,13170.1,13105.9,13143.9,634
1603960200000,13145,13175.8,13145,13155.8,320.07
1603961100000,13155.9,13159.9,13105.8,13111.8,411.89
1603962000000,13111.7,13180,13109.9,13173.6,613.92
1603962900000,13172.6,13195.1,13151.3,13173.4,486.27
1603963800000,13175.7,13175.7,13147.6,13166.2,274.18
1603964700000,13169.3,13188.5,13162,13175.9,223.58
1603965600000,13174.3,13182.6,13145,13155.8,230.81
1603966500000,13155.8,13158.1,13115.2,13115.3,544.74
1603967400000,13115.3,13123.2,13031.1,13063.3,1338.39
1603968300000,13063.3,13101.8,13063.3,13085.5,531.48
1603969200000,13085.6,13125.6,13062.6,13116.8,496.3
1603970100000,13118.6,13128,13102.7,13110.6,391.68
1603971000000,13110.1,13153,13094,13099.8,428.48
1603971900000,13101.7,13121,13031.1,13031.1,586.99
1603972800000,13031.1,13069.4,13018.3,13018.4,980.92
1603973700000,13018.1,13042.9,12962.3,12968.1,1095.9
1603974600000,12966.2,13114.1,12962,13078.2,1374.26
1603975500000,13078.2,13133.8,13064.7,13117.8,668.82
1603976400000,13119.7,13144,13087.9,13100,535.54
1603977300000,13104.1,13139.9,13076.5,13130.1,523.05
1603978200000,13129,13213.4,13126.1,13157.2,1545.79
1603979100000,13157.2,13228,13150.9,13215.7,678.92
1603980000000,13218.6,13276.7,13212,13250,1010.55
1603980900000,13250.2,13370,13250.2,13367.7,1755.83
1603981800000,13367.8,13450,13338.1,13425,2756.35
1603982700000,13425.1,13435,13377,13404.8,1206.71
1603983600000,13403.4,13429.9,13380,13391.6,696.19
1603984500000,13391.6,13450.7,13391.6,13420.9,657.65
1603985400000,13420.9,13429.4,13348,13364.7,951.36
1603986300000,13364.7,13418.8,13364.7,13409.9,710.08
1603987200000,13408.2,13426.5,13375,13426.4,465.93
1603988100000,13426.5,13545,13420.9,13536.5,1489.49
1603989000000,13538.2,13588,13515.4,13557.7,1615.98
1603989900000,13560.6,13560.6,13510.1,13530,537.32
1603990800000,13530,13538.2,13485,13531.8,650.1
1603991700000,13529.3,13544.4,13496.4,13532.1,281.09
1603992600000,13532.1,13619.7,13517.7,13609.6,765.13
1603993500000,13609.6,13618.2,13551,13564.4,356.25
1603994400000,13565.4,13609.9,13515.8,13522.2,420.79
1603995300000,13520.6,13559,13480,13549.9,433.45
1603996200000,13550,13572.3,13493,13540.3,358.56
1603997100000,13541.7,13565.9,13511.5,13538.2,264.51
1603998000000,13538.2,13565.9,13508.2,13527.1,549.94
1603998900000,13528.7,13567.8,13511.8,13541.7,495.51
1603999800000,13540.5,13565,13515.7,13520,279.32
1604000700000,13521,13546.2,13473.1,13473.2,362.63
1604001600000,13473.2,13511.9,13438.9,13450,739.57
1604002500000,13450,13500.2,13450,13487.2,224.94
1604003400000,13487.2,13490.7,13418.1,13467.2,219.52
1604004300000,13462.9,13468.5,13433.3,13458.7,189.7
1604005200000,13463.1,13469.8,13435.6,13465.1,73.89
1604006100000,13467,13475.5,13449.6,13449.6,74.25
1604007000000,13452,13452,13411,13449.3,92.92
1604007900000,13449.3,13527.9,13441.5,13495,214.17
1604008800000,13495.6,13505.4,13451.2,13457.1,252.16
1604009700000,13455.2,13467.9,13439,13443.5,164.12
1604010600000,13440.5,13458.2,13428.6,13440.8,116.78
1604011500000,13442.4,13455.9,13373.5,13385.7,343.66
1604012400000,13387.7,13434.9,13385,13434.8,281.75
1604013300000,13430,13466.4,13425.4,13453.8,256.56
1604014200000,13453.8,13470.2,13440.3,13450,166.61
1604015100000,13449.9,13457.5,13423.8,13436,168.91
1604016000000,13436,13437.9,13324.7,13383.8,1038.34
1604016900000,13383.9,13403,13356.4,13390,303.34
1604017800000,13389.9,13454.9,13389.9,13442.5,357.81
1604018700000,13442.6,13583,13442.6,13565.5,1513.32
1604019600000,13565.5,13645,13552.3,13610.9,1269.66
1604020500000,13610.9,13615.6,13573,13587.4,453.38
1604021400000,13584.4,13588.4,13524,13547.6,663.21
1604022300000,13547.6,13576.6,13533.9,13547.2,252.04
1604023200000,13543.3,13557,13508,13556.9,352.16
1604024100000,13555.1,13555.1,13503.5,13530.6,247.4
1604025000000,13531.2,13546,13480,13510.9,362.76
1604025900000,13510.8,13518.8,13427.9,13448,543.13
1604026800000,13448.2,13497.9,13417.2,13459.4,536.86
1604027700000,13458,13479,13445,13477.6,177.35
1604028600000,13477.6,13503,13430,13436.9,230.37
1604029500000,13436.8,13460.9,13392.3,13422.7,584.89
1604030400000,13421.6,13459.2,13368,13399.4,613.18
1604031300000,13399.4,13427.7,13385.2,13413.5,293.14
1604032200000,13414.1,13452,13414.1,13431.1,171.28
1604033100000,13431.1,13435,13401.5,13409.8,163.29
1604034000000,13407.5,13484.2,13404.2,13461.5,634.97
1604034900000,13463.6,13463.7,13368.7,13368.7,618.55
1604035800000,13368.1,13397.1,13305.4,13317.9,1088.17
1604036700000,13317.8,13323.4,13160,13172.5,2956.53
1604037600000,13165.9,13236,13136.1,13210.2,1969.35
1604038500000,13208.4,13229.9,13156.1,13203.5,889.13
1604039400000,13204.9,13260,13193.3,13254.1,750.62
1604040300000,13254.1,13254.2,13196.2,13196.8,488.79
1604041200000,13196.8,13219.9,13144.8,13150,732.28
1604042100000,13151.7,13187.8,13105,13185.3,1071.11
1604043000000,13187,13244.4,13182.5,13215.9,831.1
1604043900000,13215.8,13235,13177.7,13209.9,400.92
1604044800000,13209.9,13315.9,13181.1,13294,1322.8
1604045700000,13293.3,13328.4,13264.1,13286.9,634.18
1604046600000,13286.8,13291,13243,13258.5,437.21
1604047500000,13258.4,13261.8,13221.1,13227.2,295.61
1604048400000,13230.2,13230.2,13138.5,13174.7,1058.69
1604049300000,13174.8,13266,13155.4,13247.3,661.91
1604050200000,13246,13275.6,13222.4,13252.3,585.69
1604051100000,13252.2,13288.2,13242.8,13268.8,409.63
1604052000000,13268.8,13323.9,13254.1,13283.7,584.67
1604052900000,13290,13290,13205,13229.6,763.64
1604053800000,13232.4,13250.5,13201,13242.2,438.34
1604054700000,13243.9,13288,13241.9,13287.8,309.5
1604055600000,13287.8,13305.5,13262.2,13279.9,382.18
1604056500000,13280.9,13280.9,13245,13259,220.6
1604057400000,13257.1,13357.1,13233,13351.1,1108.53
1604058300000,13351.2,13358,13325.1,13332.5,536.91
1604059200000,13335.2,13340.9,13277.4,13282,448.84
1604060100000,13287,13333.7,13278.1,13319.7,259.46
1604061000000,13319.7,13335.2,13283,13298.8,228.75
1604061900000,13300.6,13355,13288.3,13317.3,353.69
1604062800000,13317.2,13330,13251.1,13304.5,566.17
1604063700000,13304.6,13324.9,13269.4,13284.8,474.66
1604064600000,13285.2,13320.5,13208.6,13235.1,1208.26
1604065500000,13233.3,13262.1,13218.9,13251.5,357.12
1604066400000,13248.7,13286.6,13238.3,13268.1,494.45
1604067300000,13265.7,13328.5,13255.2,13279.6,564.21
1604068200000,13279.9,13318.9,13275.9,13303.5,462.86
1604069100000,13302.5,13349.6,13290.7,13332.9,559.11
1604070000000,13333,13437.9,13333,13430.2,1400.73
1604070900000,13429.4,13451,13401.3,13439,648.88
1604071800000,13441,13495.3,13423,13458.8,853.29
1604072700000,13458.6,13533.9,13451.8,13522.7,707.71
1604073600000,13522.7,13555,13477.4,13479.2,1126.47
1604074500000,13477.8,13515.9,13470.8,13480.1,415.55
1604075400000,13480.1,13513.7,13473.1,13497.9,215.57
1604076300000,13497.9,13532,13483.8,13499.8,233.82
1604077200000,13502.7,13549,13502.7,13517.2,344.99
1604078100000,13517.3,13530,13484.6,13484.9,154.07
1604079000000,13486.8,13498.7,13436.4,13488,288.51
1604079900000,13486.6,13514.8,13479.9,13506.3,164.19
1604080800000,13503.1,13535.6,13491.3,13508.8,258.37
1604081700000,13508.8,13529.1,13501.1,13501.2,162.28
1604082600000,13501.1,13513.1,13475.9,13486.6,133.73
1604083500000,13484.6,13515.1,13475.7,13506,146.34
1604084400000,13506.1,13522.9,13496,13499.6,117.82
1604085300000,13497.7,13497.7,13467.5,13480.1,154.52
1604086200000,13477,13497.7,13464.4,13489.3,79.52
1604087100000,13489.3,13519.8,13486.2,13514.3,83.14
1604088000000,13516.2,13530,13494.6,13502.6,223.23
1604088900000,13500.2,13566.6,13498.5,13563.7,217.16
1604089800000,13565.7,13639,13563.3,13625.1,711.39
1604090700000,13625.1,13649,13598.8,13607,333
1604091600000,13607.1,13617.3,13450.9,13511.2,647.27
1604092500000,13511.2,13547,13509.9,13547,180.13
1604093400000,13546.9,13548.7,13499.9,13540.8,93.73
1604094300000,13538.7,13551.6,13513,13526,55.88
1604095200000,13530.1,13563.4,13508.6,13545.8,221.44
1604096100000,13547.9,13578.7,13539.7,13574.9,249.09
1604097000000,13578.8,13580,13521.6,13527,291.82
1604097900000,13528.2,13551.1,13523.7,13527.6,90.53
1604098800000,13527.6,13570.1,13527.6,13567.6,148.02
1604099700000,13567.7,13592.9,13551.7,13584,151.7
1604100600000,13584.6,13610.5,13564.7,13570.7,357.68
1604101500000,13572.7,13581.8,13517.2,13539.9,285.2
1604102400000,13540,13546.1,13520,13528.7,295.9
1604103300000,13525.6,13557.9,13493.4,13538.6,241.12
1604104200000,13539,13629.8,13530,13608.8,485.66
1604105100000,13608.8,13620,13571,13591.4,505.47
1604106000000,13591.5,13628.8,13591.1,13598.3,619.3
1604106900000,13598.4,13602.6,13562.7,13562.7,188.3
1604107800000,13562.6,13597.9,13552,13587.9,296.47
1604108700000,13588,13617.5,13588,13614,186.12
1604109600000,13614,13723.7,13613.2,13691.8,1736.1
1604110500000,13691.8,13697.9,13663.4,13669.4,367.89
1604111400000,13667.8,13695,13572.3,13611.2,1017.85
1604112300000,13607,13621,13542,13591.8,665
1604113200000,13591.8,13598.2,13482.3,13485,954.7
1604114100000,13484.4,13518.7,13391.3,13464.1,1766.02
1604115000000,13464.1,13486.9,13433.2,13437.3,489.82
1604115900000,13433.4,13478,13433.4,13472.9,374.3
1604116800000,13472.8,13496,13430.1,13492.4,326.23
1604117700000,13489.4,13489.4,13453,13486.9,227.56
1604118600000,13486.9,13499.4,13466,13472.2,177.65
1604119500000,13473.9,13488.1,13455.1,13485.2,110.83
1604120400000,13488.8,13498,13461.7,13470,221.61
1604121300000,13469.4,13493.7,13460.4,13493.7,231.88
1604122200000,13493.8,13496.4,13473.4,13481.6,75.13
1604123100000,13481.6,13488.2,13453.6,13453.6,167.51
1604124000000,13453.1,13473.8,13445.1,13473.8,310.44
1604124900000,13473.8,13510.9,13465.9,13510.9,217.27
1604125800000,13510.9,13565.8,13510.9,13536.3,733.04
1604126700000,13540,13594.8,13540,13594,743.78
1604127600000,13593.5,13599.8,13553.3,13573.7,547.45
1604128500000,13575.3,13578.3,13530,13545.9,406.86
1604129400000,13545.9,13567.5,13540,13567.5,203.65
1604130300000,13567.4,13567.4,13541.5,13556,74.63
1604131200000,13556.1,13650,13556.1,13644.2,1111.59
1604132100000,13644.3,13785,13636.8,13775.9,2551.09
1604133000000,13776,13800,13714.7,13745.1,1487.62
1604133900000,13744.3,13744.3,13685,13703.8,925.97
1604134800000,13703.8,13759,13703.8,13729,502.42
1604135700000,13730.9,13771,13688,13700,648.2
1604136600000,13701.1,13758,13701.1,13739.2,245.52
1604137500000,13743.1,13960,13736.3,13870,3321.95
1604138400000,13870,14100,13850,13887.6,5190.15
1604139300000,13887.4,13930,13520.5,13743.7,4679.97
1604140200000,13743.6,13822.4,13715.9,13821.6,1351.73
1604141100000,13821.6,13839,13754.8,13795.5,627.59
1604142000000,13800.9,13858,13786,13823.2,594.76
1604142900000,13825.1,13865,13818,13826.4,537.95
1604143800000,13826.3,13864.3,13792.4,13854.9,399.84
1604144700000,13856.7,13923.9,13852.7,13913.8,708.72
1604145600000,13913.7,13918.9,13858,13906.5,449.71
1604146500000,13906.5,13906.5,13835.3,13873.3,385.16
1604147400000,13871.1,13898.4,13835.6,13858.2,309.11
1604148300000,13858.3,13893.2,13853.4,13858.1,282.17
1604149200000,13858,13909,13843.5,13855.6,386.75
1604150100000,13852.6,13885.5,13803.6,13873.7,389.42
1604151000000,13873.6,13879.9,13827.8,13872,514.08
1604151900000,13869.8,13875,13839.2,13842.8,198.12
1604152800000,13844.2,13849,13812.1,13837.9,395.03
1604153700000,13837.9,13849.1,13753.9,13756.7,637.55
1604154600000,13756.7,13807.9,13756.7,13776.9,406.81
1604155500000,13776.9,13813.5,13776.9,13780,384.59
1604156400000,13780,13783.7,13718,13731.4,476.84
1604157300000,13731.3,13782,13715,13781.9,588.22
1604158200000,13781.9,13789.5,13754,13763.8,152.75
1604159100000,13761.9,13837.9,13761.9,13824.8,285.38
1604160000000,13824.8,13854,13799.4,13802.6,634.82
1604160900000,13802.7,13816.3,13794.4,13794.4,221.47
1604161800000,13793.1,13800.1,13771,13782.5,189.43
1604162700000,13782.4,13800,13778.5,13784.6,80.59
1604163600000,13786.5,13786.6,13736.9,13767,223.74
1604164500000,13762.4,13762.4,13716.4,13716.4,217.57
1604165400000,13716.3,13755.5,13706.2,13752.1,216.44
1604166300000,13752,13760.9,13731.1,13748.9,93.77
1604167200000,13748.9,13749,13680,13697.4,485.6
1604168100000,13697.5,13719.7,13687.8,13715.7,167.5
1604169000000,13715.6,13739.2,13708.8,13708.9,106.22
1604169900000,13708.8,13715.6,13680.1,13691.6,195.46
1604170800000,13688.3,13696.1,13660,13696.1,374.79
1604171700000,13696.4,13746,13696.4,13740.1,146.43
1604172600000,13739,13753.1,13730.5,13745.4,101.43
1604173500000,13741.3,13777.3,13734.9,13749.3,131.26
1604174400000,13748.4,13764.7,13715.1,13754.8,94.91
1604175300000,13754.6,13770.9,13734.3,13770.8,99.03
1604176200000,13770.9,13783.8,13756.6,13756.6,203.44
1604177100000,13756.3,13794.6,13755.3,13794.6,191.3
1604178000000,13794.6,13800,13770.2,13800,130.94
1604178900000,13800,13800,13780.4,13793.4,15.08
1604179800000,13798.8,13799.9,13783.9,13799.9,7.86
1604180700000,13798.2,13809.3,13797,13801.9,52.41
1604181600000,13802.7,13802.8,13786.7,13786.7,25.2
1604182500000,13784.4,13816.1,13781.3,13807.2,119.41
1604183400000,13807.3,13842.7,13807.3,13842.7,117.66
1604184300000,13842.7,13849.7,13813.8,13833.5,162.83
1604185200000,13834.1,13834.1,13734.7,13752.4,328.06
1604186100000,13752.4,13786.9,13730,13748.7,303.26
1604187000000,13751.6,13767,13733,13767,74.52
1604187900000,13767.1,13780.8,13746.1,13758.2,86.99
