ts,open,high,low,close,volume
1619827200000,57661.1,58063.7,57297.8,57911.6,743.4
1619828100000,57911.5,58037.1,57737.7,57998.4,271.34
1619829000000,57988.2,57989.8,57738.4,57785,153.59
1619829900000,57781.4,57866.3,57626.5,57797,184.31
1619830800000,57797,57797,57510,57650,363.53
1619831700000,57650,57925,57650,57825.9,234.11
1619832600000,57825.8,58283.8,57726.4,58197.7,351.61
1619833500000,58197.7,58476.7,58087,58424,610.04
1619834400000,58424,58430,58124.2,58209.3,290.26
1619835300000,58209.2,58332.5,58203.8,58300.7,152.23
1619836200000,58305,58342.6,58156.2,58169.4,128.48
1619837100000,58169.4,58169.5,57929.7,58097.6,192.95
1619838000000,58097.6,58120.5,58024.8,58062.9,108.54
1619838900000,58063,58251.8,58063,58213.2,194.39
1619839800000,58213.2,58220.6,58073.4,58161.9,95.06
1619840700000,58162,58202.3,58131.5,58191.3,40.33
1619841600000,58191.3,58266.2,58032.8,58196.1,181.83
1619842500000,58196.1,58226.1,58000,58049.1,100.09
1619843400000,58049,58049,57728.9,57907.4,236.27
1619844300000,57907.4,58099.7,57808.7,58096.3,106.54
1619845200000,58087.8,58130.9,57907.5,58057.3,166.49
1619846100000,58062.5,58450,58002.7,58225,436.16
1619847000000,58224.9,58329,58212.7,58280,109.76
1619847900000,58266.2,58280.6,58050.1,58149.9,73.38
1619848800000,58149.9,58149.9,57966.1,58006.4,107.69
1619849700000,58006.3,58224.6,57990.9,58175,84.41
1619850600000,58175,58175,57973.1,57973.2,58.96
1619851500000,57974.8,58042.1,57827.2,57906.3,170.12
1619852400000,57900.5,58000,57708.4,57729.5,194.51
1619853300000,57729.5,57997.2,57729.5,57901.7,130.02
1619854200000,57900.1,58046.6,57800,57850,146.57
1619855100000,57849.9,57909.9,57600,57708.9,192.2
1619856000000,57733.6,57950,57733.1,57828.4,143.04
1619856900000,57847.5,57890.8,57735.4,57841.3,159.62
1619857800000,57822.5,57822.5,57553.2,57593.4,198.45
1619858700000,57593.4,57670.1,57515.2,57516.3,218.92
1619859600000,57516,57516.9,57200,57393.8,517.77
1619860500000,57393.8,57677.2,57301.9,57585.3,224.86
1619861400000,57585.2,57918.7,57585.2,57790,266.58
1619862300000,57794.9,57794.9,57427,57572.4,284.43
1619863200000,57572.4,57573.4,57413.3,57470.1,171.25
1619864100000,57470,57569.6,57437.6,57569.5,100.79
1619865000000,57569.6,57720,57569.6,57605.7,106.97
1619865900000,57605.7,57605.7,57419.8,57443.9,84.29
1619866800000,57443.9,57699.9,57443.9,57678,130.31
1619867700000,57678,57854.5,57650.1,57703.3,177.38
1619868600000,57703.3,57891.2,57576.3,57742,179.56
1619869500000,57733.7,57882.9,57733.7,57848,120.89
1619870400000,57857.8,58099.9,57746.4,58017,243.37
1619871300000,58017,58020,57828.3,57836.7,154.05
1619872200000,57836.7,57885.1,57703.9,57885.1,104.17
1619873100000,57885.2,57996.5,57750.1,57775.5,100.54
1619874000000,57768.9,57979.9,57755.7,57856,104.15
1619874900000,57856.1,58033,57795,57874.9,138.47
1619875800000,57874.9,57874.9,57577.4,57659.9,168.7
1619876700000,57659.9,57748,57577.6,57665.5,172.5
1619877600000,57669.1,57743.9,57249.3,57429.5,383.23
1619878500000,57424.6,57600,57424.5,57542.9,123.79
1619879400000,57542.8,57695.5,57443,57443,106.62
1619880300000,57440,57539.8,57337.1,57447.7,123.67
1619881200000,57447.8,57498.2,57205.2,57279.5,207.94
1619882100000,57288.1,57437.3,57061.1,57180.2,385.41
1619883000000,57180.1,57434.8,57132.3,57400.8,173.96
1619883900000,57400.7,57555,57323.3,57357.6,172.32
1619884800000,57366.6,57491.7,57226.5,57463.5,273.64
1619885700000,57468.1,57724.5,57370.7,57421.4,299.75
1619886600000,57414.2,57429.3,57306.1,57410,113.46
1619887500000,57410,57535.4,57343.8,57492.4,111.54
1619888400000,57492.5,57792,57492.5,57666,417.22
1619889300000,57665.9,57726.6,57570,57712,111.34
1619890200000,57723.9,57723.9,57564.9,57644.2,80.52
1619891100000,57644.3,57680,57522.1,57558,66.28
1619892000000,57558,57615,57421.9,57449.1,64.15
1619892900000,57463.5,57533.6,57400.7,57504.9,29.81
1619893800000,57504.9,57587.7,57458.2,57564.5,31.21
1619894700000,57561.2,57649,57497.9,57592.7,26.36
1619895600000,57579.2,57605.5,57464.8,57516.5,26.93
1619896500000,57505,58008.2,57437.4,57995.8,198.61
1619897400000,57972.1,57980.6,57727,57879.1,116.71
1619898300000,57890.4,57927.8,57756.1,57762.5,58.01
1619899200000,57762.6,57826.5,57719,57745.6,34.88
1619900100000,57753.8,57782.7,57624.9,57753.8,43.23
1619901000000,57748.7,57880.7,57746,57813.1,39.79
1619901900000,57813,57813,57666.1,57683.1,31.2
1619902800000,57683.1,57701.3,57557.9,57677.6,79.79
1619903700000,57669.4,57669.4,57517.4,57594.6,32.72
1619904600000,57606.9,57682.6,57482,57503.2,32.08
1619905500000,57503.2,57503.8,57348.6,57435.2,90.28
1619906400000,57444.3,57500,57266.9,57452.5,74.89
1619907300000,57452.4,57616.6,57452.4,57536.6,127.77
1619908200000,57523.3,57685.6,57491,57623.4,85.9
1619909100000,57645,57700,57609.3,57650,40.3
1619910000000,57649.9,57666,57580.1,57644.9,37.5
1619910900000,57637.6,57840.5,57637.6,57816.8,122.91
1619911800000,57821,57918.8,57715.8,57854.3,199.25
1619912700000,57848.8,57848.8,57732.2,57768.7,105.83
1619913600000,57768.8,57899,57506,57639.4,270
1619914500000,57639.4,57639.4,57563.6,57583.5,56.3
1619915400000,57573.5,57590,57400.1,57445.2,169.6
1619916300000,57445.1,57538.5,57430,57485.3,91.45
1619917200000,57485.3,57485.3,57310,57398.3,224.48
1619918100000,57415.3,57525,57415.3,57444.1,98.88
1619919000000,57425.8,57481.4,57320,57423.7,56.52
1619919900000,57423.6,57494.9,57410.6,57457.7,54.44
1619920800000,57457.7,57600,57457.6,57568.7,194.51
1619921700000,57568.7,57705.6,57558.9,57658,174.18
1619922600000,57657.9,57687.9,57570.2,57681.9,58.45
1619923500000,57665,57750,57637.8,57661.9,112.37
1619924400000,57662,57712.4,57585,57619,120.72
1619925300000,57619.1,57619.1,57308.4,57346.9,252.51
1619926200000,57347,57347,56507,56849.5,1395.34
1619927100000,56860.5,56860.5,56150,56482.3,725.01
1619928000000,56450,56702.8,56188.1,56634.6,697.3
1619928900000,56634.7,56892,56597.4,56654,447.7
1619929800000,56656.2,56821.2,56623.3,56745.4,150.48
1619930700000,56731,56950.3,56650.2,56903.1,199.25
1619931600000,56903.2,56903.2,56765.5,56792.5,63.95
1619932500000,56801.2,57128,56631.9,56991.5,308.8
1619933400000,56999.2,56999.2,56841,56991.6,123.97
1619934300000,56994.4,57091,56886.3,56903.9,124.43
1619935200000,56892.1,57038.6,56884.1,56950,76.75
1619936100000,56950,57013.9,56822.1,56888.5,95.6
1619937000000,56883.3,56928.1,56672.4,56672.4,132.68
1619937900000,56688,56916.8,56672.4,56887.6,111.84
1619938800000,56875.8,56983.6,56789.1,56837.2,113.28
1619939700000,56837.2,56837.2,56505,56568.2,215.66
1619940600000,56574.8,56664.6,56424,56552.8,223.33
1619941500000,56552.7,56748.9,56513.4,56658,137.86
1619942400000,56658,56804.3,56333,56423.2,391.5
1619943300000,56423.2,56548.8,56256,56313.8,493.79
1619944200000,56313.8,56521.1,56177,56363.9,265.17
1619945100000,56346.4,56598,56335.3,56529.5,144.91
1619946000000,56542.8,56704.2,56440,56533.9,163.45
1619946900000,56530,56601.9,56061.7,56215.3,399.16
1619947800000,56215.2,56377.4,56130.1,56306.3,223.31
1619948700000,56306.3,56518.9,56157.4,56509.9,310.28
1619949600000,56509.9,56800,56433.4,56777.5,451.45
1619950500000,56777.6,56925.1,56715.2,56744.6,407.11
1619951400000,56744.5,56873.1,56667.1,56813.9,233.73
1619952300000,56813.8,56956,56731.5,56864.8,167.14
1619953200000,56872.7,56872.7,56736,56748.4,83.15
1619954100000,56753,56799.9,56692.7,56747.6,93.88
1619955000000,56747.6,56798.2,56569.3,56705,90.9
1619955900000,56714.4,57128.5,56678.2,57118.5,212.77
1619956800000,57118.4,57304.8,56829.9,56868.6,366.74
1619957700000,56868.7,56888.9,56727.4,56856.3,121.32
1619958600000,56856.3,56987.9,56817,56825.7,79.33
1619959500000,56824.3,56920,56805.1,56860.5,59.74
1619960400000,56880.7,56920,56727.5,56772.3,90.89
1619961300000,56772.2,56843.4,56706.2,56829.6,54.04
1619962200000,56812.5,56880.4,56625,56723.7,100.45
1619963100000,56723.6,56723.7,56476.6,56700,151.17
1619964000000,56700,56999,56683.2,56865.3,199.79
1619964900000,56875.6,56913.5,56801.2,56839.9,110.42
1619965800000,56828.4,56903.9,56745.6,56809.9,97.26
1619966700000,56810,57018,56810,56850.4,123.76
1619967600000,56850.5,56867,56577.3,56735.9,212.47
1619968500000,56735.9,56849.9,56608,56630.7,139.86
1619969400000,56630.7,56694.7,56455.3,56658.8,258.13
1619970300000,56663.7,56746.9,56576.1,56621.8,149.59
1619971200000,56621.8,56823.7,56341.5,56717.3,412.6
1619972100000,56716.9,56789.4,56511,56543.5,154.11
1619973000000,56549.8,56786.6,56471.3,56690.3,216.47
1619973900000,56690.3,56719.9,56570,56593.4,104.92
1619974800000,56581.8,56627.7,56509.4,56627.7,73.75
1619975700000,56627.7,56758.4,56608.6,56670.1,152.9
1619976600000,56667,56887.7,56652.7,56845.5,194.21
1619977500000,56845.4,56845.5,56800,56806,49.2
1619978400000,56806,56843.8,56741.2,56782,56.36
1619979300000,56763.7,56930.9,56726.7,56842.8,79.45
1619980200000,56842.8,56849.9,56727.8,56787.3,72.56
1619981100000,56784.2,56920,56742.9,56874.3,106.25
1619982000000,56878.6,56888.4,56722.3,56741.7,78.14
1619982900000,56741.6,56741.6,56596.6,56727.4,98.74
1619983800000,56727.5,56787.6,56657.9,56753,76.5
1619984700000,56771.4,56972.9,56735.6,56878.9,118.84
1619985600000,56878.9,57000,56803,56850,67.24
1619986500000,56869.7,56878.8,56752.1,56844.4,118.12
1619987400000,56852.5,56905,56686,56757.5,68.78
1619988300000,56757.5,57030.3,56753.8,57013.8,89.43
1619989200000,57013.8,57148.6,56854.7,56906.4,95.23
1619990100000,56906.4,56981.1,56834.8,56973.5,48.71
1619991000000,56973.5,57142.7,56861.2,56902.9,87.51
1619991900000,56893.1,56893.1,56612.7,56654.1,76.67
1619992800000,56654.2,56756.1,56525.1,56561.1,157.58
1619993700000,56544.7,56567.8,56367.8,56465,240.09
1619994600000,56459.9,56470.6,56211,56273.3,249.95
1619995500000,56279.4,56437.8,56279.4,56401.9,170.44
1619996400000,56387.9,56559.5,56308.7,56485.7,89.94
1619997300000,56485.6,56491,56328.9,56486.2,106.68
1619998200000,56492.9,56569.9,56387.1,56510.2,97.77
1619999100000,56501,56566.9,56501,56536.8,102.92
1620000000000,56536.8,57020.5,56511.4,56992,370.89
1620000900000,56969.1,57408.1,56969.1,57193.8,438.33
1620001800000,57190.7,57609.2,57190.7,57467.4,427.36
1620002700000,57446.3,57617.8,57333.6,57430.2,198.99
1620003600000,57430.1,57736.7,57379.2,57553.6,322.05
1620004500000,57553.6,57724,57518.6,57638.5,117.76
1620005400000,57639.4,58343.1,57632.7,58155.9,1170.93
1620006300000,58156,58169.8,58012.1,58040,358.95
1620007200000,58046.9,58192.3,57873.5,57950,323.38
1620008100000,57950,58195,57930.1,58161.5,185.09
1620009000000,58161.4,58287.2,58078.4,58088,136.06
1620009900000,58088,58153.5,58016.2,58069.6,98.82
1620010800000,58069.7,58150,58036.1,58071.1,102.22
1620011700000,58071.1,58247,57950,57973.1,168.57
1620012600000,57973.1,58118.6,57973.1,57991.4,105.25
1620013500000,57991.4,58036.5,57780.5,57962.9,209.04
1620014400000,57962.9,58052,57950,58031.4,71.92
1620015300000,58031.4,58031.4,57886.9,57910.4,72.08
1620016200000,57900.1,58004.9,57712.6,57727,199.76
1620017100000,57727,57865.8,57700,57812.5,288.99
1620018000000,57812.5,57981,57782.8,57900.1,69.43
1620018900000,57900.1,58010.1,57857.6,57902.1,76.69
1620019800000,57902,58088.6,57870,58003.6,112.97
1620020700000,58003.5,58085.5,57913,57962,244.08
1620021600000,57962,58071.2,57932.4,58067.5,58.38
1620022500000,58072.5,58072.6,57914.9,57957.7,55.88
1620023400000,57948.8,58049.9,57871.9,58033.8,91.72
1620024300000,58033.9,58035,57888,57948.3,60.13
1620025200000,57952.8,57979,57838.2,57945.9,80.5
1620026100000,57945.8,58550,57945.8,58495.2,445.59
1620027000000,58495.1,58849.9,58394.6,58670.2,806.1
1620027900000,58683.5,58872.7,58683.4,58820.8,267.3
1620028800000,58813.3,58833.6,58650,58650.1,135.23
1620029700000,58650.1,58830.1,58650.1,58827.7,148.83
1620030600000,58827.6,58988,58633.5,58668.5,508.44
1620031500000,58676.1,58793,58600,58749.5,211.86
1620032400000,58749.6,58789.7,58271.7,58472.4,535.35
1620033300000,58471.5,58572,58400,58489.2,230.84
1620034200000,58489.2,58648.7,58489.2,58586.9,224.56
1620035100000,58570.5,58592.9,58350,58417.5,105.69
1620036000000,58417.4,58579.8,58365.3,58551.9,148.23
1620036900000,58551.9,58610,58382.2,58538.5,193.02
1620037800000,58548.4,58550,58359.1,58368.1,61.34
1620038700000,58368.1,58510,58368.1,58482.9,46.8
1620039600000,58482.9,58665.9,58482.9,58648.8,309.76
1620040500000,58648.8,58985,58648.8,58888,397.25
1620041400000,58882.8,59000,58791.5,58823.9,219.6
1620042300000,58823.9,58873.7,58674.2,58690.8,168.76
1620043200000,58690.8,58801.5,58620,58711.3,165.35
1620044100000,58714.3,58716.1,58530.6,58552,149.24
1620045000000,58552,58613.7,58340.4,58602.4,329.51
1620045900000,58613.3,58635,58539,58628.2,78.51
1620046800000,58628.2,58699.3,58450.1,58672.9,84.66
1620047700000,58673,58679.8,58467.6,58603.2,304.89
1620048600000,58603.3,58700,58020.1,58281,851.36
1620049500000,58281,58281,57247.2,57736.7,1337.28
1620050400000,57736.5,57880,57627.4,57819.9,496.03
1620051300000,57806.2,57985,57806.1,57984.9,222.56
1620052200000,57985,58219.6,57750.1,58162.8,459.06
1620053100000,58169.2,58169.2,57772,57772,304.67
1620054000000,57772,57945.8,57700,57855.4,128.34
1620054900000,57850.1,58056,57753,57974.7,131.03
1620055800000,57974.7,58054.9,57570,57588.7,305.78
1620056700000,57595.7,57756.6,57413.6,57650.5,238.03
1620057600000,57650.4,57792.5,57202.4,57285.5,434.96
1620058500000,57285.5,57594.5,57247,57554.7,136.24
1620059400000,57554.6,57986.5,57463.5,57842.8,234.24
1620060300000,57833.1,57942.8,57696.1,57724.6,117.55
1620061200000,57724.6,57930.2,57620.3,57841.9,110.09
1620062100000,57857,57899.9,57733,57899,70.56
1620063000000,57899,58195.9,57814.7,58134.9,280.35
1620063900000,58135,58144.8,57856.7,57964.4,105.68
1620064800000,57964.4,58100.9,57872.2,57955,93.07
1620065700000,57944.6,58014.8,57786.9,57860.8,89.19
1620066600000,57860.8,57949.1,57845.2,57850.1,59.75
1620067500000,57850.1,57925.3,57789.6,57797.9,158.57
1620068400000,57797.6,57797.6,57501.2,57529.7,91.18
1620069300000,57534.2,57651.1,57432.1,57566.6,88.33
1620070200000,57585.7,57636.8,57528.4,57580.9,54.56
1620071100000,57544,57608.5,57360,57602.8,70.1
1620072000000,57588.9,57588.9,57134.9,57486.6,223.36
1620072900000,57488.7,57488.7,57251.9,57350.4,140.52
1620073800000,57350.3,57350.3,56583.6,56966.5,693.87
1620074700000,56961.7,57150,56764.7,56794.3,140.36
1620075600000,56794.2,56937.8,56422.7,56589.7,291.18
1620076500000,56586.7,56922.3,56566.7,56911.3,160.14
1620077400000,56907.3,56982.8,56727.9,56959.7,51.35
1620078300000,56959.7,57164,56821.6,57096.1,112.56
1620079200000,57104.4,57247.1,56835.1,57018.9,149.4
1620080100000,57019,57129.3,56756,57123.2,196.2
1620081000000,57111.8,57242.2,56950.1,57194.5,116.39
1620081900000,57178.5,57432.9,57116.2,57276.5,178.9
1620082800000,57288.4,57289.6,57127.2,57188.9,123.25
1620083700000,57169.3,57172,56904.6,57141.5,145.62
1620084600000,57141.5,57471,57123.1,57282.8,203.62
1620085500000,57288.4,57288.4,57107,57168.5,76.94
1620086400000,57168.4,57190,56506,56551.7,500.63
1620087300000,56551.7,56844.9,56477,56533.2,179.31
1620088200000,56535.6,56787.7,56344,56632.1,386.48
1620089100000,56657.6,56760,54500,55253.7,2982.1
1620090000000,55266,55478.5,55073.5,55379.8,1207.92
1620090900000,55379.8,55717.5,55260.5,55484.8,464.86
1620091800000,55474.4,55671.9,55313.1,55550.7,356.51
1620092700000,55537.2,55835.6,55521.9,55666.2,403.82
1620093600000,55666.2,55923.6,55622,55717.2,347.07
1620094500000,55717.2,55788.2,55460,55709.2,319.01
1620095400000,55716.5,55999,55696,55777.3,319.67
1620096300000,55777.4,55852,55575,55714.2,307.91
1620097200000,55688,55956.3,55445.6,55728.4,327.83
1620098100000,55728.4,55816.6,55602,55803.6,115.55
1620099000000,55803.6,55803.6,55528.9,55531.7,104.24
1620099900000,55539.3,55603.6,55280.1,55478.9,322.92
1620100800000,55478.9,55695.5,55229.8,55693.7,423.92
1620101700000,55698.1,55792.5,55605.4,55739.9,129.64
1620102600000,55730.8,55788,55615.6,55727.4,70.31
1620103500000,55727.4,55916.2,55711.2,55809.1,196.86
1620104400000,55809.2,56284.3,55778,56089,461.04
1620105300000,56088.9,56123.3,55930.1,55985.5,142.05
1620106200000,55985.5,56010,55844.3,55866.8,146.49
1620107100000,55866.8,56164.5,55866.8,55980.3,171.96
1620108000000,55972,56093.1,55903.5,55920.6,154.07
1620108900000,55936.8,56145.8,55859.9,56145.8,86.01
1620109800000,56145.8,56145.9,55978.2,56033.7,115.92
1620110700000,56033.6,56071.3,55913.7,56071.3,116.04
1620111600000,56071.3,56355,56071.3,56330.9,274.91
1620112500000,56330.9,56337.7,56144.7,56164.6,120.78
1620113400000,56164.6,56184.9,55924.5,55987.4,161.97
1620114300000,55988.4,56087.5,55845,55914.4,255.72
1620115200000,55919.6,56028.9,55571.4,55626.3,498.69
1620116100000,55627.3,55822.6,55627.3,55766.4,140.76
1620117000000,55766.3,55983.2,55626.9,55649.7,196.36
1620117900000,55649.7,55850,55648.7,55762.2,141.15
1620118800000,55771,56207.9,55771,56200,347.03
1620119700000,56200.1,56425.9,56090,56298.9,272.04
1620120600000,56298.9,56298.9,56069.1,56178.5,150.84
1620121500000,56167.4,56332.9,56065.3,56100.5,146.47
1620122400000,56105.9,56526,56105.9,56525.9,182.03
1620123300000,56525.9,56643.8,56387.7,56400,276.54
1620124200000,56400.1,56515.1,56303.7,56313.6,123.36
1620125100000,56313.6,56510,56251.8,56461.2,276.21
1620126000000,56470.2,56479,56120.1,56198.5,299.3
1620126900000,56198.6,56198.6,55913.3,56180,247.22
1620127800000,56178.9,56319.5,56010,56069.7,325.89
1620128700000,56063,56241.5,55889,56162.7,272.86
1620129600000,56171.6,56192.5,55650,55760.2,487.62
1620130500000,55760.1,55849.9,55520,55806.8,430.43
1620131400000,55806.9,56240,55750,56208.6,443.84
1620132300000,56208.5,56395.8,56005.1,56072.2,595.33
1620133200000,56072.3,56072.3,55800,55997.8,186.42
1620134100000,55972.3,56177.5,55900,55940.5,199.53
1620135000000,55940.5,56012.4,55597.4,55698,355.75
1620135900000,55697.9,55700,55266,55521.3,874.69
1620136800000,55537.1,55607.5,54909.7,55268.6,819.64
1620137700000,55251.7,55488.8,55016.8,55330.2,559.83
1620138600000,55347.8,55374.2,54423.8,54819.3,1365.67
1620139500000,54804.4,55157.2,54620.8,54868,482.04
1620140400000,54868,55020,54146.7,54185.9,852.62
1620141300000,54185.9,54277,53546.3,54264.3,1179.03
1620142200000,54261.2,54526,54147,54424.8,804.41
1620143100000,54458.7,54469.9,53760.9,53807,543.11
1620144000000,53807,54319.9,53508.7,54121.7,1038.43
1620144900000,54124,54179.8,53772.6,54020.1,513.31
1620145800000,54020,54020,53550,53560,565.97
1620146700000,53560,53850,53200,53831,1080.41
1620147600000,53830.4,54138.4,53779.8,53928.9,373.71
1620148500000,53935.7,54118.9,53722,54093.8,172.14
1620149400000,54099.9,54221.3,53900,54219.3,244.15
1620150300000,54219.4,54282.1,53988.3,54142.9,190.76
1620151200000,54130.9,54284.4,54010.1,54200,152.85
1620152100000,54209,54209,53956.8,54104.4,133.24
1620153000000,54121.7,54660.9,54036.9,54576.5,599.52
1620153900000,54576.4,54723.1,54483.1,54540,321.21
1620154800000,54519.7,54556.5,54268.8,54290.8,249.94
1620155700000,54298.2,54491.9,54285.1,54311,146.3
1620156600000,54311.1,54475.9,54225.1,54419.5,117.02
1620157500000,54458.2,54568.9,54319.4,54526,55.27
1620158400000,54559.7,54670.1,54429.5,54613.9,83.6
1620159300000,54617.9,54668.4,53968,53976.5,151.1
1620160200000,53992.1,54313.1,53910,54260.5,122.9
1620161100000,54260.6,54804.7,54260.6,54726.6,163.86
1620162000000,54713,54786.9,54405.9,54650,125.21
1620162900000,54652.4,54652.4,54514.8,54598.7,40.14
1620163800000,54595.4,54624.2,54283.9,54332.1,40.93
1620164700000,54339,54435.1,54196.8,54349.5,27.82
1620165600000,54363.1,54435.3,53950.1,54039.5,105.08
1620166500000,54043,54116.5,53929.3,53936.5,70.49
1620167400000,53952.1,53952.1,53541.2,53599.9,234.62
1620168300000,53604.9,54122.1,53577.6,54096,213.79
1620169200000,54073.7,54235.2,53867.7,54160.3,145.24
1620170100000,54160.3,54160.3,53799.4,54000,224.67
1620171000000,54016.1,54199.2,53753.5,53758.5,126.75
1620171900000,53758.5,53779.3,52951,53166.6,971.57
1620172800000,53166.6,53830.9,52887.9,53743.2,723.87
1620173700000,53754.3,54071.2,53741.7,54042.4,239.37
1620174600000,54042.5,54758.9,54042.5,54687,832.94
1620175500000,54687.1,54918.7,54573.3,54602.6,372.01
1620176400000,54602.6,55088.5,54602.6,54962.9,285.07
1620177300000,54970.9,55117.3,54728,54812.6,264.38
1620178200000,54812.6,54865.6,54634.2,54765.8,222.88
1620179100000,54734.3,54925.1,54670.5,54800.1,113.55
1620180000000,54800.1,55330.1,54682.3,55279.7,396.94
1620180900000,55288.8,55439.9,55092.1,55235,245.08
1620181800000,55235,55377,55050,55123.5,175.08
1620182700000,55105.2,55208.2,54928.1,55080.1,153.76
1620183600000,55080,55200,54920.2,54948,155.25
1620184500000,54930.8,55232.1,54921.8,55030.1,172.4
1620185400000,55030.1,55255,54921.8,55005.6,161.51
1620186300000,55005.6,55005.6,54721.6,54835.6,191.45
1620187200000,54835.8,55029.8,54812.2,54871.2,171.81
1620188100000,54871.2,54910.8,54763.3,54853.2,66.1
1620189000000,54853.2,55313.8,54752.5,54768.8,287.61
1620189900000,54761.2,54861.8,54485.4,54584.4,233.91
1620190800000,54594.5,54646.7,54326.2,54548.1,300.56
1620191700000,54544.1,54792.4,54474.3,54663.5,131.03
1620192600000,54663.4,54945.6,54619,54811.1,149.63
1620193500000,54794.7,54794.7,54469.1,54739.4,181.53
1620194400000,54751.1,54765.8,54570.6,54622.1,71.04
1620195300000,54622,54650,54111.5,54364.1,240.79
1620196200000,54364,54364,53923,54081.7,469.62
1620197100000,54079.5,54487.9,54079.5,54458.1,188.65
1620198000000,54458,54546.3,54345.1,54530.3,143.69
1620198900000,54530.2,54629.5,54490.1,54583.2,106.68
1620199800000,54574.6,54788,54557.6,54788,112.14
1620200700000,54787.9,55069.7,54741.7,54898.6,259.4
1620201600000,54893.5,54977.9,54723,54723,186.15
1620202500000,54713.6,55250,54713.5,55249.9,223.65
1620203400000,55250,55366.3,55150,55289.5,348.21
1620204300000,55289.6,55540,55289.6,55412.9,337.05
1620205200000,55412.9,55477.4,55218.4,55239.8,150.35
1620206100000,55233.1,55358.9,55072.2,55118.6,197.79
1620207000000,55150.9,55399.7,55150.9,55252.3,184.87
1620207900000,55238.5,55424.7,55235.9,55389.9,432.68
1620208800000,55394,55520.9,55232,55260,217.24
1620209700000,55260.1,55346.1,55107.6,55246.2,205.88
1620210600000,55246.3,55539.9,55246.3,55331,293.25
1620211500000,55331,55869.4,55243.6,55661.3,440.48
1620212400000,55661.3,55695.3,55286.6,55374.8,233.78
1620213300000,55382.8,55448.5,55175.7,55248.5,215.96
1620214200000,55213.6,55313.3,55158,55214.4,60.32
1620215100000,55214.3,55316,55022.1,55125.6,173.97
1620216000000,55139.1,55376.5,55086.4,55292.3,173.93
1620216900000,55296.4,55824.3,55296.4,55456.3,656.24
1620217800000,55456.3,55550,55279.9,55367.6,372.54
1620218700000,55358.5,55665,55320.5,55572.5,122.85
1620219600000,55572.4,55742.5,55531.6,55584.8,238.83
1620220500000,55584.9,56057.1,55540.6,55913.7,530.11
1620221400000,55913.7,56158.9,55764.7,56106.1,414.38
1620222300000,56106.1,56246.5,56038.4,56229.2,280.11
1620223200000,56229.2,56323.5,55642.3,56035.5,578.87
1620224100000,56035.4,56035.4,55646.1,55812.4,374.84
1620225000000,55806.1,56392.3,55797,56316.5,278.49
1620225900000,56316.5,57028.5,56283.7,56957.2,980.4
1620226800000,56957.2,57299,56931.1,57163.3,718.61
1620227700000,57163.2,57447.9,56877,56988.1,633.91
1620228600000,56982.2,57219.7,56935,57141.9,295.5
1620229500000,57130.2,57682.1,57130.2,57567,402.18
1620230400000,57567,57928.8,57399.7,57681.5,973.43
1620231300000,57681.4,57800,57458.2,57581.2,274.69
1620232200000,57581,57724.7,57300.3,57440.5,300.37
1620233100000,57452,57521.8,57305.2,57420.3,164.51
1620234000000,57432.8,57567.9,57302.6,57434.7,95.31
1620234900000,57434.8,57712.2,57377,57539.7,78.13
1620235800000,57539.7,57672.9,57277.1,57333.5,120.51
1620236700000,57347.9,57484.6,57259.6,57300.1,115.19
1620237600000,57313.2,57528.2,57307.2,57460.6,76.16
1620238500000,57448.8,57466.5,57287.1,57329.7,76.31
1620239400000,57356.4,57516.9,57100.1,57111,123
1620240300000,57113.7,57361.5,57113.7,57316.5,124.14
1620241200000,57316.4,57463.5,57268,57430,72.29
1620242100000,57426.8,57531.9,57324.6,57344.7,55.73
1620243000000,57301.8,57379.5,57126.1,57161.6,84.45
1620243900000,57142.6,57252.2,57104.7,57150,68.83
1620244800000,57164.9,57265.8,56935,57263,183.53
1620245700000,57260.1,57260.1,56677.1,56867.9,299.19
1620246600000,56866.3,57018.2,56630.4,56772.7,176.72
1620247500000,56806.5,56998.9,56732.2,56903.6,81.77
1620248400000,56888.4,57020.9,56768.8,56943.7,44.38
1620249300000,56936.8,56979.7,56869.3,56883.3,19.87
1620250200000,56883.3,56929.4,56754.9,56762.5,53.44
1620251100000,56740,57031.7,56729.7,56840.8,38.92
1620252000000,56840.8,56941,56805.6,56927.9,77.72
1620252900000,56927.8,57599.7,56927.8,57572.4,391.37
1620253800000,57573.6,57700,57290.7,57300.5,195.04
1620254700000,57333.2,57414.7,57100,57131.3,305.94
1620255600000,57121.7,57259.4,56971.8,57038.8,154.63
1620256500000,57038.8,57460.8,57038.8,57230,103.65
1620257400000,57230,57487.9,57187.2,57328,149.48
1620258300000,57328,57532.5,57245.4,57499.8,69.68
1620259200000,57499.7,57650,57227.6,57552.7,248.06
1620260100000,57558.3,57588.4,56714.4,56928.5,553.18
1620261000000,56928.6,57166.5,56553.1,56610.4,423.97
1620261900000,56596.5,57044.1,56596.5,56963,196.25
1620262800000,56970.2,56970.2,56604.6,56783.6,259.73
1620263700000,56783.6,56985.9,56591.7,56970.6,221.7
1620264600000,56960.6,57228.5,56952.3,57124,232.21
1620265500000,57124.1,57230,56808,56849.9,125.98
1620266400000,56841.6,57081.1,56734.1,56938,127.85
1620267300000,56929.4,57207.7,56850,57164.1,200.95
1620268200000,57164.1,57176.3,57010.1,57020.4,53.54
1620269100000,57021,57137.1,56900.1,57067.2,146.06
1620270000000,57067.3,57067.3,56800.3,56900,174.41
1620270900000,56918.7,56918.7,56763,56809.4,75.99
1620271800000,56809.4,56907.5,56722.1,56731.4,116.99
1620272700000,56750.8,56938.2,56680,56850,88.35
1620273600000,56840,57167.9,56766.1,57102.8,166.22
1620274500000,57100,57444,57080.7,57444,209.37
1620275400000,57443.9,57608.7,57149.1,57228.6,406.21
1620276300000,57228.5,57228.5,56850.1,56979.3,184.05
1620277200000,56979.2,56979.2,56785.5,56937.7,133.76
1620278100000,56937.8,57125.1,56937.8,57113.9,71.68
1620279000000,57114,57388.9,57039.1,57114.9,169.19
1620279900000,57107.6,57314.1,56941.5,57202.7,178.45
1620280800000,57202.6,57202.6,56852.1,56916.1,134.39
1620281700000,56906.7,57137.8,56891.9,56943.7,115.17
1620282600000,56943.7,56953.2,56750.1,56912.8,211.05
1620283500000,56912.8,56912.8,56502.7,56621.8,425.06
1620284400000,56629,56830,56374.2,56691.6,467.66
1620285300000,56673.5,56830.9,56583.2,56830.9,142.38
1620286200000,56830.9,56930,56732.5,56800.1,195.22
1620287100000,56800,56924.3,56663,56841.7,128.97
1620288000000,56848.7,57121.4,56829.1,56983.3,216
1620288900000,56982.1,57237.1,56856.8,57226.6,213.81
1620289800000,57226.7,57248.4,57020.4,57111.6,131.9
1620290700000,57111.5,57111.5,56856.2,56944.4,176.89
1620291600000,56944.3,57125.9,56827.6,57009,133.15
1620292500000,57009,57192.4,56815.6,57192.4,110.73
1620293400000,57199.7,57344,57077.6,57308.5,182.44
1620294300000,57320,57363.7,57196.6,57293.4,140.86
1620295200000,57289.6,58099.9,57152,58016.3,699.95
1620296100000,58016.3,58435.2,58016.3,58311.4,824.92
1620297000000,58311.4,58391.3,58115.7,58192,305.7
1620297900000,58192.1,58215.2,58001,58047.9,263.24
1620298800000,58056.5,58095.5,57759.7,57873.7,299.08
1620299700000,57884.2,58025.9,57789.1,57873.3,126.71
1620300600000,57873.3,58172.5,57811.1,58111,218.31
1620301500000,58111.1,58200.5,57960,58048.5,158.27
1620302400000,58050,58144.2,57801,57815.4,187.56
1620303300000,57815.5,57915.7,57626.9,57852.7,250.66
1620304200000,57852.6,57852.6,57688.5,57747.9,136.17
1620305100000,57747.9,57804.9,57507.3,57700.4,294.63
1620306000000,57700.4,57785,57303.7,57431.7,486.75
1620306900000,57431.7,57576.6,57238.6,57437.3,312.19
1620307800000,57437.2,57545.3,57325.1,57446.3,134.56
1620308700000,57446.3,57587.2,57065.5,57328,326.97
1620309600000,57328,57423.5,56924.3,57135.5,491.68
1620310500000,57140.4,57355.3,57114.8,57322.1,325.97
1620311400000,57322,57420.9,57222,57234.6,213.16
1620312300000,57234.5,57460,57190.8,57226.7,249.57
1620313200000,57226.6,57338.6,56953,57132.5,378
1620314100000,57132.4,57190,57000.1,57082.1,225.14
1620315000000,57078.8,57188.8,57015,57127.7,123.38
1620315900000,57127.8,57419.9,56813.6,57135.8,497.26
1620316800000,57135.8,57287.2,56896.9,57192.9,381.1
1620317700000,57199.9,57521.3,57037.8,57314.9,357.87
1620318600000,57315,57336.5,57029.3,57109.9,338.33
1620319500000,57109.9,57109.9,56595.4,56736.8,601.05
1620320400000,56736.7,57014.7,56723,56923,114.26
1620321300000,56923.1,57040,56923.1,57006.9,70.55
1620322200000,57006.9,57114.3,56932.9,56987.4,97.15
1620323100000,56987.3,57070.1,56777.1,56833,142.56
1620324000000,56818.1,56997.7,56708.9,56887.8,152.05
1620324900000,56872.8,56948.4,56708.1,56718.7,100.5
1620325800000,56718.7,56772.6,55566.2,55613.8,1524.94
1620326700000,55618.9,55975.2,55453.6,55752,660.5
1620327600000,55742.6,55934.6,55412.3,55626.1,552.35
1620328500000,55621.8,55650,55235.6,55620.2,645.62
1620329400000,55642.7,55945.9,55627.6,55872.1,194.38
1620330300000,55891.1,56340.7,55882.1,56107.4,312.93
1620331200000,56107.4,56173.6,55651.9,55776.9,290.69
1620332100000,55792.6,55967,55662,55967,242.76
1620333000000,55985.1,56235.5,55768.3,55828,183.21
1620333900000,55860,56014.5,55779.8,55889.9,121.57
1620334800000,55889.8,56104.1,55858,56079.7,100
1620335700000,56077.5,56217.9,55984.6,56217,155.65
1620336600000,56214.3,56297.7,56135.8,56234.4,39.22
1620337500000,56247.4,56420.3,56219,56278.4,59.41
1620338400000,56267.8,56362.1,56158.2,56196.7,82.91
1620339300000,56182.4,56424.6,56182.4,56203.3,72.64
1620340200000,56203.3,56520.6,56203.3,56442,123.56
1620341100000,56442,56469.3,56350.1,56447.7,85.37
1620342000000,56447.7,56509.6,56300.1,56486.7,59.14
1620342900000,56486.8,56624.3,56251.1,56505.8,114.07
1620343800000,56512.4,56787.9,56402.6,56471.9,234.27
1620344700000,56460.7,56615,56297.3,56359.9,149.29
1620345600000,56365.7,56750,56040,56708.8,407.52
1620346500000,56708.8,57104.4,56708.7,56802.8,568.11
1620347400000,56802.8,56854.6,56577.1,56745.9,246
1620348300000,56766.8,56846.2,56407.4,56416.7,110.94
1620349200000,56404,56569.3,55933.5,56048.9,597.38
1620350100000,56048.1,56256.9,56048.1,56235,159.25
1620351000000,56235,56299.3,56046.5,56117.4,91.21
1620351900000,56093.3,56289.8,55961.3,56195.8,167.2
1620352800000,56195.8,56391.3,56122.9,56291.9,173.2
1620353700000,56299,56314.9,55858.4,55897.9,337.98
1620354600000,55898,55952.2,55501,55678.1,506.65
1620355500000,55659.9,55963.9,55659.9,55825.1,193.05
1620356400000,55834.2,56148.8,55681.1,55947.4,320.75
1620357300000,55924.1,55996.3,55541.7,55618.4,164.56
1620358200000,55618.4,55895.6,55516.1,55750,179.16
1620359100000,55750.1,55964.5,55722,55735,70.76
1620360000000,55729.7,55770,55388.2,55770,366
1620360900000,55778.2,55870.1,55471,55475.2,305.57
1620361800000,55475.2,55728.5,55281.1,55728.5,256.12
1620362700000,55728.5,55920.1,55516.2,55867.7,168.09
1620363600000,55857.1,56021.8,55760.9,55959.7,152.74
1620364500000,55941,55996.9,55809.5,55960.7,113.57
1620365400000,55976.6,56121.7,55898.2,55998.3,125.75
1620366300000,55998.4,56008.3,55844.1,55850,60.1
1620367200000,55837.3,56096.7,55677.1,56084.4,146.26
1620368100000,56079.5,56166,55990.9,56010.7,114.63
1620369000000,56020.7,56118,55959.3,56118,53.82
1620369900000,56120,56237.5,56109.2,56141.5,112.18
1620370800000,56141.6,56272.8,56009.9,56165.3,149.65
1620371700000,56165.3,56332,56079.3,56284.2,181.28
1620372600000,56281.1,56281.1,55923.6,56011.5,162.83
1620373500000,56015.8,56074.6,55770.7,55843.4,306.54
1620374400000,55834.6,56083.6,55589.5,55620.4,280.76
1620375300000,55617.9,55866,55602.6,55857.2,156.8
1620376200000,55857.2,55947.5,55638.7,55766.7,287.74
1620377100000,55766.7,56220.5,55766.7,56153.3,556.91
1620378000000,56153.3,56370,56153.3,56212.9,285.54
1620378900000,56212.9,56310.5,56104.8,56273.7,82.78
1620379800000,56273.8,56562.9,56273.8,56403.4,300.41
1620380700000,56400,56400,56250,56270,146.94
1620381600000,56270,56686.1,56270,56556.7,293.46
1620382500000,56557.4,56635.6,56418.1,56444.5,122.91
1620383400000,56444.6,56573.2,56370,56559.9,83.88
1620384300000,56560,56680,56427.2,56428.3,161.35
1620385200000,56426.2,56500,56280,56323.2,213.12
1620386100000,56323.3,56698.5,56234.6,56651.5,248.99
1620387000000,56651.6,56821.1,56565,56601.9,229.55
1620387900000,56601.9,56639.5,56452.3,56492.7,94.92
1620388800000,56487.2,56660,56312.7,56430.8,186.29
1620389700000,56430.8,56556.2,56237.7,56459.6,268.2
1620390600000,56459.6,57444,56459.6,57393.6,1077.2
1620391500000,57393.6,57616.2,57162.5,57495.5,677.18
1620392400000,57495.6,57716.2,57299,57344.5,538.92
1620393300000,57344.5,57359.9,57152.1,57179.9,276.41
1620394200000,57180,57290.2,56989.2,57141.3,458.08
1620395100000,57134.8,57241.8,56939.6,57017,227.54
1620396000000,57017.1,57129.9,56725.4,56919.5,379.24
1620396900000,56928,57088,56928,56972.8,122.35
1620397800000,56980.2,57234.6,56888.1,57092.2,149.42
1620398700000,57092.3,57199.9,57023.8,57149.9,77.31
1620399600000,57149.9,57500,57071.3,57499.9,366.76
1620400500000,57499.9,57505.3,57253.9,57375.8,126.69
1620401400000,57365.4,57401.8,57170,57399.9,116.83
1620402300000,57399.9,57693.9,57339.6,57538.2,324.78
1620403200000,57550,58043.5,57160.9,57888.1,911.3
1620404100000,57885.5,58050,57578,57621.5,432.91
1620405000000,57621.5,57831.8,57562.3,57768.1,257.83
1620405900000,57768.2,58333,57676.6,58333,532.2
1620406800000,58333,58737,58333,58488.3,756.84
1620407700000,58488.3,58498.6,58244.6,58361.3,252.46
1620408600000,58376.3,58400,58011.5,58168.5,236.27
1620409500000,58172.1,58235.9,58081.5,58150.6,75.41
1620410400000,58161.3,58161.3,57675.4,57842.8,277.21
1620411300000,57842.8,58040,57763,58040,115.52
1620412200000,58039.9,58160.9,57893,57945.2,119.38
1620413100000,57919,58135.4,57851.4,57905.2,73.33
1620414000000,57930.1,58023.2,57801.1,57878.8,91.13
1620414900000,57873.5,57873.5,57526.4,57678.8,204.49
1620415800000,57659.2,57729.1,57477.1,57644.4,140.18
1620416700000,57630.3,57695.9,57485.5,57636.8,120.27
1620417600000,57623.6,58090.9,57623.6,58073.1,187.48
1620418500000,58067.4,58067.9,57719.3,57773.9,59.42
1620419400000,57781.2,57827.6,57601.2,57656.1,65.94
1620420300000,57656,57744.2,57410.6,57653.3,110.98
1620421200000,57653.2,57653.2,57401.8,57408,75.3
1620422100000,57425.4,57493.7,57180.1,57438.7,166.98
1620423000000,57426.5,57649.5,57418.7,57615.6,30.31
1620423900000,57592.1,57592.1,57314.6,57410.3,53.94
1620424800000,57426.2,57606.2,57251.3,57276.1,93.42
1620425700000,57263,57427.3,56920.8,57076.6,318.19
1620426600000,57082.9,57198.2,56951.9,56963.7,200.06
1620427500000,56963.7,57113.6,56766.4,57062.5,164.14
1620428400000,57062.5,57299.7,57051.3,57299.7,83.13
1620429300000,57299.7,57314.1,57114.7,57294.9,105.33
1620430200000,57294.8,57385.6,57184.1,57230.1,92.02
1620431100000,57243.3,57389.5,57224.1,57325,103.36
1620432000000,57325,57574.2,56902.6,57058.5,339.15
1620432900000,57058.6,57490.9,57058.6,57283.2,188.64
1620433800000,57294.3,57577.2,57294.3,57460,123.49
1620434700000,57465.8,57777,57460.1,57713,137.28
1620435600000,57713.2,57727.1,57564.7,57617.6,76.12
1620436500000,57627.4,57627.4,57524.1,57540.7,80.89
1620437400000,57540.6,57809.9,57450.1,57793.2,164.96
1620438300000,57793.1,57793.2,57561.1,57566.7,116.46
1620439200000,57566.8,57743.4,57503.2,57648.4,83.74
1620440100000,57648.3,57728,57539.2,57631.8,115.44
1620441000000,57621.9,57997.2,57621.9,57970.6,154.55
1620441900000,57970.6,58338.4,57872.4,58257,400.83
1620442800000,58257,58416.5,58257,58305.4,288.64
1620443700000,58299.9,58300,58100,58100.1,212.62
1620444600000,58100.1,58282.9,58011.4,58189.3,163.73
1620445500000,58180.6,58233.8,58026.8,58126.9,103.76
1620446400000,58136.9,58212.5,57966.7,58212.4,145.01
1620447300000,58212.4,58639.3,58132.4,58359.9,325.12
1620448200000,58359.9,58427.8,58226.5,58230,150.62
1620449100000,58246.8,58246.8,58035.3,58101.6,194
1620450000000,58084.8,58090.1,57890,57969,163.73
1620450900000,57969,58000,57832,57941.9,113.82
1620451800000,57932.9,57986.5,57836.4,57856.1,85.33
1620452700000,57850.1,58018.1,57850.1,57926.7,65.81
1620453600000,57915.5,57998.9,57712.6,57796.1,143.22
1620454500000,57788.1,57800.4,57602.7,57789.1,163.23
1620455400000,57800,57800,57510.1,57767.2,163.74
1620456300000,57763,57824.5,57643.5,57821.6,58.21
1620457200000,57832.9,57833,57638,57778.9,116.68
1620458100000,57779,58122,57749.2,58071,209.21
1620459000000,58071,58296.6,58029.6,58199.4,181.1
1620459900000,58190.4,58545.7,58183,58451.3,565.09
1620460800000,58460.4,59077.9,58460.4,59008.7,1250.35
1620461700000,59008.6,59400,59008.6,59187.1,948.38
1620462600000,59187,59333.8,59000,59082.2,340.02
1620463500000,59082.1,59085.1,58808.4,58912.4,299.47
1620464400000,58912.3,59013.4,58673.7,58699.3,322.5
1620465300000,58699.4,59224,58699.4,59146.5,303.53
1620466200000,59146.5,59146.5,58795.3,58839.4,165.88
1620467100000,58839.4,58914.1,58705.5,58836.3,139.54
1620468000000,58849.2,58849.2,58676,58718.7,117.33
1620468900000,58715.5,58869.4,58690.6,58854.4,92.28
1620469800000,58854.3,58949,58462.2,58462.2,269.35
1620470700000,58462.2,58637,58415.1,58599.4,227.97
1620471600000,58599.5,58679.8,58550,58633.7,77.62
1620472500000,58633.8,58669.8,58468.4,58630.9,78.12
1620473400000,58631,58688.8,58425.3,58665.9,94.72
1620474300000,58666,58839.3,58582.4,58602.5,147.33
1620475200000,58610,58641.3,58232.1,58381.3,372.08
1620476100000,58370.7,58561.3,58360,58561.3,64.67
1620477000000,58567.9,58796,58475.8,58659,174.12
1620477900000,58659.1,59117,58659.1,58890.3,350.6
1620478800000,58889.8,59069.4,58733.5,58977.9,190.59
1620479700000,58978.1,59238.6,58947.6,59227,192.53
1620480600000,59227,59460,59080,59326.5,521.02
1620481500000,59326.6,59372.2,58871.1,58885.1,493.87
1620482400000,58885.1,59017.9,58666.2,58791.2,299.36
1620483300000,58791.2,58858.3,58643,58769.7,137.34
1620484200000,58788.8,59087.6,58752.8,58961.1,136.98
1620485100000,58961.1,59065.4,58888,58961.4,96.03
1620486000000,58976,58976,58580,58672.7,203.9
1620486900000,58686.9,58734.7,58540.3,58712.9,128.25
1620487800000,58723.5,58760,58366.1,58520.8,254.22
1620488700000,58520.7,58520.8,57512.5,57613.6,1141.3
1620489600000,57636.8,58244.6,57636.7,58162,572.31
1620490500000,58170.6,58434.9,57982.6,58138.7,343.94
1620491400000,58148.8,58221.9,58037,58167.3,120.74
1620492300000,58167.3,58537.7,58054.9,58397.3,234.52
1620493200000,58399.9,59022.8,58185.1,58924,430.13
1620494100000,58906.1,59066.9,58712.1,58736.7,165.51
1620495000000,58732.4,58904.4,58658.9,58816.1,201.19
1620495900000,58816,58970,58754.1,58957.6,62.09
1620496800000,58936.4,59177.9,58936.4,59004.7,289.86
1620497700000,59019.9,59277.8,58956.4,59086.7,188.81
1620498600000,59086.7,59284.9,59009.1,59154.9,88.49
1620499500000,59154.9,59182,59002.6,59060.6,56.64
1620500400000,59052.2,59358.4,58964.6,59307.2,185.99
1620501300000,59297.5,59297.5,59012.9,59112.9,100.29
1620502200000,59140,59217.4,59016.7,59040.3,54.87
1620503100000,59048.2,59133.6,58907.6,59063.6,58.63
1620504000000,59038.6,59092.5,58755.2,58960.2,87.22
1620504900000,58960.3,59537.9,58922.9,59481.8,326.87
1620505800000,59469.6,59544,59000.1,59026.5,224.74
1620506700000,59059.9,59101.8,58790.5,58932,89.71
1620507600000,58938,58989.9,58804.1,58952.9,93.66
1620508500000,58944.8,58944.9,58666,58857.5,68.46
1620509400000,58842,59099.7,58825.9,58977.4,37.7
1620510300000,58977.5,59055.4,58782.3,58782.4,25.1
1620511200000,58782.3,58863,58719.1,58790,34.85
1620512100000,58799.1,59136.1,58779.6,58980.8,63.68
1620513000000,58980.8,58980.8,58495.9,58736.9,170.82
1620513900000,58739.5,58772.1,58530.1,58604.9,89.99
1620514800000,58603,58805.6,58573.3,58654.3,53.65
1620515700000,58654.4,58707.5,58550,58624.8,98.88
1620516600000,58624.8,58739,58512.9,58623.7,137.66
1620517500000,58623.7,58906.3,58550,58885.5,132.86
1620518400000,58885.5,59033.8,58723,58826.9,193.92
1620519300000,58826.9,59117.9,58783.3,58993.7,142.56
1620520200000,58993.8,59057.6,58889.2,58903.3,85.54
1620521100000,58906.6,58947.5,58522.2,58543.9,259.05
1620522000000,58543.8,58714.2,58382.6,58653.5,238.94
1620522900000,58653.4,58659.5,58367,58428,308.96
1620523800000,58422.5,59117.3,58362,59094.5,562.61
1620524700000,59094.4,59295.3,59021.7,59167.3,299.62
1620525600000,59167.4,59181.9,58978.2,59087,87.27
1620526500000,59075,59075,58778.8,58812.1,105.03
1620527400000,58812,58849.5,58513,58585.4,243.16
1620528300000,58571.4,58709,58567,58640.9,116.58
1620529200000,58640.8,58866.9,58584.1,58825.9,129.01
1620530100000,58825.9,59021,58794.8,58979.2,138.56
1620531000000,58979.2,59024.4,58575,58829.7,294.11
1620531900000,58829.7,59010,58461.1,58635.1,725.25
1620532800000,58606.3,58866.3,58060.7,58121.3,557.45
1620533700000,58121.3,58401,57788.1,58367.4,1084.03
1620534600000,58379.2,58411.7,57890.1,58126.4,478.83
1620535500000,58111.8,58257.2,58000,58168.5,204.76
1620536400000,58168.4,58386,57953.6,58249.5,201.63
1620537300000,58266.2,58416.8,58266.2,58416.8,99.09
1620538200000,58416.8,58422.3,58214.4,58322.7,117.94
1620539100000,58322.7,58559,58260,58436.8,86.62
1620540000000,58436.9,58540.3,58371.9,58437.6,113.07
1620540900000,58437.7,58558.9,58425.6,58479.7,84.31
1620541800000,58483.6,58511,58335.3,58401.8,126.46
1620542700000,58401.8,58443.4,58214.4,58329.7,112.12
1620543600000,58329.7,58341.4,58124.1,58157.3,86.92
1620544500000,58147.5,58186.6,57930.1,58051.4,174.52
1620545400000,58051.3,58057.6,57837.7,57883.4,195.84
1620546300000,57877.1,58042.7,57701.6,57964.2,202.7
1620547200000,57970.4,58024.2,57836.1,57950,159.15
1620548100000,57937.1,58150.2,57850,58122.9,112.6
1620549000000,58122.9,58216.7,58105.4,58107.5,117.09
1620549900000,58106.5,58282.4,58035.1,58178.3,90.3
1620550800000,58174.3,58241,57946,57978.8,182.18
1620551700000,57978.8,58410.3,57935.5,58200,241.03
1620552600000,58200.1,58229.4,57600,57899.9,451.48
1620553500000,57884.1,58082.8,57805.6,57968.1,169.91
1620554400000,57968.1,57968.1,57650.1,57663.6,217.09
1620555300000,57663.6,57855.8,57572,57842.2,219.68
1620556200000,57842.3,57926,57750,57909.9,71.67
1620557100000,57909.9,58092.1,57909.9,58004.5,116.66
1620558000000,58004.6,58117.1,57927.4,58068.7,58.91
1620558900000,58068.7,58162.8,57960.6,58075.6,90.19
1620559800000,58064.7,58250,58031.8,58153.2,114.36
1620560700000,58153.2,58194.1,57936.3,57936.3,132.86
1620561600000,57928.2,58020.1,57135.3,57234.1,956.78
1620562500000,57234.1,57342.8,56735,56905.4,1055.74
1620563400000,56905.4,57194.7,56831,57114.1,300.26
1620564300000,57114.2,57130.9,56175.1,56388.2,887.62
1620565200000,56396.5,56959.1,56369.1,56922.1,521.47
1620566100000,56922.2,57011.7,56781.5,56846.5,170.41
1620567000000,56838.1,57057.7,56784.3,57032.8,163.99
1620567900000,57022.4,57326.6,57010.5,57203,342.27
1620568800000,57203.1,57436.4,57174.7,57251.5,262.9
1620569700000,57248.6,57361.2,57150,57291.6,124.45
1620570600000,57285.1,57332,57166.9,57242.2,65.34
1620571500000,57248.3,57376.4,57125.9,57146,89.57
1620572400000,57155.5,57298.9,56983.9,57178.9,91.79
1620573300000,57173.3,57367.8,57173.2,57339.7,69.32
1620574200000,57330,57388.6,57184.1,57263.8,61.48
1620575100000,57263.8,57398.1,57263.7,57383,86.4
1620576000000,57370.6,57577.7,57307.3,57533.4,260.42
1620576900000,57533.4,57908.8,57533.4,57629.6,352.41
1620577800000,57626,57635.1,57508.5,57564.5,112.94
1620578700000,57565.6,57716,57442.4,57577.4,223.58
1620579600000,57569.1,57640.5,57367.1,57476.2,149.34
1620580500000,57468.8,57493.3,57332,57420.8,81.62
1620581400000,57420.8,57517.7,57279.7,57337.7,45.93
1620582300000,57355.8,57480.5,57335.2,57469.1,25.32
1620583200000,57469,57644.5,57396.4,57522.5,47.55
1620584100000,57525.3,57546.2,57387.2,57500,39.55
1620585000000,57488.8,57553.3,57222,57342.2,68.33
1620585900000,57331.8,57528.1,57292.2,57454,18.01
1620586800000,57444.8,57583.1,57389.1,57504.5,45.72
1620587700000,57485.2,57536.6,57055,57117.2,132.08
1620588600000,57135.1,57435.2,57126.2,57155.5,66.12
1620589500000,57146.4,57364.9,57110.3,57294.2,44.02
1620590400000,57285.9,57898.5,57204.1,57874.1,358.81
1620591300000,57882.3,57882.3,57660.9,57660.9,74.81
1620592200000,57660.8,57931,57620.8,57805,92.58
1620593100000,57791.4,57921.9,57756.2,57863.5,166.27
1620594000000,57860,58046.8,57852.3,57981.6,179
1620594900000,57981.6,57981.6,57815,57845.8,76.05
1620595800000,57845.8,58110.8,57817.9,58025.1,43.16
1620596700000,58025.1,58149.1,58000.5,58023.7,33.57
1620597600000,58023.7,58180,57971,58070.4,138.37
1620598500000,58079.1,58234.2,58067.4,58144.3,98.13
1620599400000,58144.4,58228.8,57957.3,57964.6,48.7
1620600300000,57964.7,58171.8,57880.2,57942,111.62
1620601200000,57960.3,58178.2,57960.3,58076.5,87.88
1620602100000,58061,58350,57983.1,58267.9,107.79
1620603000000,58263.7,58450.5,58263.7,58314.5,205.96
1620603900000,58314.6,58325.4,58138.3,58259.2,120.5
1620604800000,58259.3,58370,58100.5,58141.6,188.09
1620605700000,58141.6,58313,58039.9,58149.7,256.74
1620606600000,58149.7,58559.2,58142.7,58538.5,163.02
1620607500000,58552.3,58882.3,58483.4,58876.2,307.24
1620608400000,58863.7,58984.9,58684.3,58791.8,251.14
1620609300000,58791.9,58811.4,58682.6,58702.2,90.36
1620610200000,58702.3,58746.9,58625,58660.8,84.59
1620611100000,58650.1,59001.6,58650,58703.8,193.92
1620612000000,58703.8,59000,58703.8,58753.4,323.33
1620612900000,58745.9,58806.2,58692.7,58727.8,62.82
1620613800000,58727.9,58866.8,58711.9,58804.4,39.75
1620614700000,58804.4,59132.9,58804.4,59036.8,275.41
1620615600000,59036.7,59279.8,58976.4,59220,269.83
1620616500000,59227.9,59345.7,59159,59339.9,203.22
1620617400000,59342.2,59581.9,59218.1,59392,650.85
1620618300000,59392,59450,59260.4,59399.2,195.33
1620619200000,59399.2,59640.3,59101,59126,434.41
1620620100000,59129,59327.9,59129,59261.5,304.17
1620621000000,59261.6,59444,59182,59404.5,115.07
1620621900000,59404.4,59404.4,59236.8,59236.8,142.29
1620622800000,59235.1,59509.8,59231,59346.6,185.46
1620623700000,59346.7,59382.4,58809.6,58969.4,352.19
1620624600000,58973.6,59020,58762.1,58861.8,185.08
1620625500000,58861.9,59121.7,58860.7,59105.1,96.34
1620626400000,59121.6,59220,58981.2,59178.6,114.08
1620627300000,59170.1,59172.1,58972.2,58979.6,114.97
1620628200000,58979.5,59020.1,58860.7,58959.7,76.67
1620629100000,58959.8,58975.9,58804.2,58903.5,75.66
1620630000000,58900,59013.7,58720.1,58806.4,146.13
1620630900000,58806.5,58948,58806.4,58887.6,61.45
1620631800000,58887.7,58935.7,58750,58756.7,78.49
1620632700000,58756.6,58835,58399.2,58425,663.46
1620633600000,58424.9,58624.4,58104.5,58220.9,890.72
1620634500000,58220.9,58358.4,58037.7,58286.4,370.34
1620635400000,58286.5,58499,58286.4,58442,171.23
1620636300000,58442,58460,58366.4,58407.6,86.25
1620637200000,58407.6,58603.6,58287.7,58333.7,211.61
1620638100000,58320.1,58364.2,58145.6,58165.5,181.63
1620639000000,58160.4,58173.8,57807.4,57838.1,400.54
1620639900000,57838,58127.6,57739.1,57921.8,292.08
1620640800000,57921.8,58045.4,57652.7,57860.1,323.59
1620641700000,57860.2,58200,57860.2,58200,134.66
1620642600000,58199.9,58199.9,57899,58120,147.84
1620643500000,58121.9,58144.3,57569,57899.7,340.27
1620644400000,57899.9,57905.7,57528.5,57555.2,253.54
1620645300000,57555.2,57767.6,57321.1,57767.5,653.05
1620646200000,57767.5,58228.6,57763.1,58205.1,427.21
1620647100000,58210.9,58331,58010,58125.2,218.05
1620648000000,58115,58272,57850.6,58068.9,263.98
1620648900000,58051.2,58129.4,56822.6,57804.3,722.08
1620649800000,57804.3,58292.9,57675.8,57919.3,737.64
1620650700000,57919.3,57919.3,57526.8,57666.4,363.49
1620651600000,57666.3,57952.8,57460,57914.5,309.78
1620652500000,57898.4,57898.4,57550.8,57611.7,261.91
1620653400000,57611.6,57908.7,57485,57908.6,283.86
1620654300000,57908.6,57940.8,57540.1,57700,256.74
1620655200000,57690,57690,57174.2,57594,610.62
1620656100000,57580,57593.3,57200,57264.8,371.03
1620657000000,57264.7,57523.9,57203.8,57520.4,265.81
1620657900000,57520.4,57520.4,56760.6,56760.6,658.87
1620658800000,56770.4,57289.8,56677.8,57163.6,905.25
1620659700000,57163.6,57448.7,57125.2,57364.2,227.03
1620660600000,57364.2,57408.7,57217.5,57288,166.95
1620661500000,57301,58387.1,57259.5,58355.6,1104.45
1620662400000,58329.7,58615.9,58170.1,58277.2,877.52
1620663300000,58283.6,58369.2,58049.9,58049.9,335.32
1620664200000,58049.9,58119.8,57791.6,57859.3,335.81
1620665100000,57859.3,57926.5,57501.4,57564.6,505.17
1620666000000,57582.9,57670.7,57454,57566.7,350.1
1620666900000,57566.5,57711.7,57314.3,57425.8,262.42
1620667800000,57425.8,57518.1,57111.3,57222.7,257.88
1620668700000,57236.9,57615.7,56864.5,57016,837.74
1620669600000,56996.8,57205.2,56812.8,57079.8,398.4
1620670500000,57079.8,57079.8,56551.6,56748.6,649.72
1620671400000,56748.5,56909.8,56414.7,56786.4,473.11
1620672300000,56801.3,57054.8,56544.5,56789.6,323.04
1620673200000,56789.5,56987.7,56554.7,56987.6,290.34
1620674100000,56987.6,56996.1,56499.8,56542.6,396.43
1620675000000,56542.5,56736,56040.3,56089.4,727.82
1620675900000,56089.4,56361.1,55561.2,55750.7,1192.58
1620676800000,55766.7,55766.7,53408.9,54948.1,4345.47
1620677700000,54945.1,55277.7,54580.1,55049,799.31
1620678600000,55050.8,55429.9,54794.6,55241.1,569.09
1620679500000,55241.1,55280.9,54590.5,55241,777.41
1620680400000,55231.8,55658,55018.8,55572.5,325.76
1620681300000,55572.5,55572.5,55345.6,55367.3,126.75
1620682200000,55367.3,55753.6,55367.3,55738.8,78.78
1620683100000,55738.8,55773.8,55573.2,55650,103.56
1620684000000,55629.5,55924,55525.1,55910.4,121.88
1620684900000,55910.5,55981.5,55602.9,55770.3,155.32
1620685800000,55734,55734,55400.1,55626.9,173.07
1620686700000,55627,56219.1,55600.7,56219.1,218.3
1620687600000,56219,56219,55717.3,55838.5,211.51
1620688500000,55838.5,55971.7,55600.2,55666.1,275.8
1620689400000,55675.8,56153.7,55482.5,55880.3,512.93
1620690300000,55893.1,56004.3,55735.2,55810.5,133.53
1620691200000,55813.4,55982.1,55510.9,55575,274.87
1620692100000,55555,56446.4,55480.1,56386.2,339.89
1620693000000,56386.1,56419.4,55953.8,56003.9,177.13
1620693900000,56009.2,56068.8,55480,55497.6,237.06
1620694800000,55501,55841.2,55101.1,55219.1,601.93
1620695700000,55221,55599.7,55180.1,55346.3,355.98
1620696600000,55338.3,55712.4,55250.1,55697.7,242.71
1620697500000,55697.7,55697.7,55494.6,55566.9,109.45
1620698400000,55575.3,55615.6,55230.1,55509.4,226.89
1620699300000,55515.8,55945.5,55515.8,55782.5,216.05
1620700200000,55798.9,55823.5,55154.4,55350.7,320.52
1620701100000,55358.8,55358.8,54561,54664.1,704.76
1620702000000,54654.4,55010.2,54509,54802.7,423.75
1620702900000,54792.5,54945.2,54621.7,54850.8,236.77
1620703800000,54850.7,55220.9,54777.1,55174.7,239.69
1620704700000,55167.3,55298.7,54984.7,55176,154.61
1620705600000,55182.1,55450,55035.8,55355.4,233
1620706500000,55377.4,55555,55357.3,55522.4,169.29
1620707400000,55513.2,55526.6,55328.2,55350,106.69
1620708300000,55344.6,55410,55091,55350.8,144.12
1620709200000,55350.8,55503.4,55103.9,55272.8,138.86
1620710100000,55232.4,55422.3,54946.1,55131.4,225.56
1620711000000,55131.3,55131.3,54616.9,54743,225.44
1620711900000,54730.1,55172.6,54730.1,54831.3,179.59
1620712800000,54836.7,55163.2,54775.7,55088.2,202.29
1620713700000,55094.8,55250,55005.6,55200,177.7
1620714600000,55183.1,55495.5,55183.1,55392.6,139.48
1620715500000,55408,55813.4,55408,55694.7,269.84
1620716400000,55694.2,55866.6,55544.9,55656.9,212.96
1620717300000,55656.9,55781.8,55444.1,55518.2,193.7
1620718200000,55523.4,55636.4,55429.2,55469.8,132.85
1620719100000,55469.7,55800,55429.6,55748.7,180.51
1620720000000,55748.7,55842.1,55580,55624,178.36
1620720900000,55622.6,55622.6,55260,55365.3,258.42
1620721800000,55365.2,55500,55243.3,55400.2,166.09
1620722700000,55400,55615.5,55212.2,55359.6,227.06
1620723600000,55372.9,55604.1,55349.7,55535.4,86.06
1620724500000,55558.7,55733,55480.4,55490.6,92.72
1620725400000,55474,55791.7,55462.8,55733.1,150.78
1620726300000,55727.3,56031.8,55596.7,55916.9,234.34
1620727200000,55916.9,56086.2,55852,56013.5,220.2
1620728100000,56022.8,56218.8,55931.6,56070.2,203.95
1620729000000,56067.6,56119.4,55790.2,55842.9,175.9
1620729900000,55843,55899.2,55744.3,55843.7,84.51
1620730800000,55843.8,55956.4,55626.8,55693.2,159.18
1620731700000,55689.1,55947.7,55655.7,55947.6,62.67
1620732600000,55947.6,55947.6,55514.8,55551.4,142.05
1620733500000,55551.4,55628.7,55162.7,55241.9,369.1
1620734400000,55218.4,55317.3,55037.4,55258.1,305.13
1620735300000,55258.1,55262.7,54872.1,54956.1,277.96
1620736200000,54956.1,55241.2,54803,55224.5,177.91
1620737100000,55231.6,55441.9,55186.1,55390.9,226.27
1620738000000,55390.9,55716.6,55390.9,55472,284.65
1620738900000,55472,55607.6,54955,55009.5,246.41
1620739800000,55009.5,55411.8,54900,55373.4,276.05
1620740700000,55356.1,55739.9,55244,55739.9,271.89
1620741600000,55740,55836.3,55509,55807.4,242.28
1620742500000,55794.6,55886,55685.7,55837.9,140.85
1620743400000,55849.2,55849.2,55555,55781.6,196.09
1620744300000,55760,55853.9,55525.1,55667.5,161.55
1620745200000,55667.5,55913.6,55537.2,55870.6,203.11
1620746100000,55863.4,56114.1,55766.2,56063.8,260.47
1620747000000,56063.8,56119.1,55833.3,55867.5,162.04
1620747900000,55867.4,56119.1,55822.1,56012.7,163.83
1620748800000,56012.8,56530.5,55829.3,56166.8,713.55
1620749700000,56166.8,56360,56050.1,56180.4,203.32
1620750600000,56189.7,56215,55852.3,55852.3,176.4
1620751500000,55852.4,56055.1,55750,55993.2,149.18
1620752400000,55979.6,56217.1,55917,56068.6,110.8
1620753300000,56084.4,56423,55945.8,56392.2,138.3
1620754200000,56392.2,56487.9,56241.5,56372.4,90.54
1620755100000,56372.5,56432.1,56255.7,56377.9,75.86
1620756000000,56377.9,56549.2,56311.4,56472,89.4
1620756900000,56468.1,56695.7,56358.1,56673,141.32
1620757800000,56672.9,56672.9,56407.9,56518.1,85.2
1620758700000,56473.4,56480.1,56244,56357.5,92.25
1620759600000,56380.1,56690,56335,56335.1,102.61
1620760500000,56340.5,56792.3,56340.5,56751.4,161.52
1620761400000,56751.4,56860,56634.6,56693.2,97.92
1620762300000,56658.2,56658.2,56512.5,56618.5,85.19
1620763200000,56622.4,56700.7,56484,56652.6,80.62
1620764100000,56652.6,56810.2,56613.9,56727.2,50.27
1620765000000,56727.3,56844.1,56665.8,56674.3,56.73
1620765900000,56675.9,56850,56650.8,56809.9,40.26
1620766800000,56814.6,56858.9,56652.9,56686.8,39.79
1620767700000,56683.5,56715.9,56575.7,56583.5,53.29
1620768600000,56576,56764.5,56523.6,56539.8,43.71
1620769500000,56539.9,56595.2,56320.1,56500,48.09
1620770400000,56500,56622.5,56385.7,56505.8,44.83
1620771300000,56490.8,56549.9,56320.1,56514.1,61.16
1620772200000,56514.2,56620.1,56418,56447.1,52.74
1620773100000,56475.9,56514.8,56333.1,56401,94.55
1620774000000,56388.8,56579.9,56350,56426.6,100.25
1620774900000,56404.2,56480,56261.1,56319.4,65.84
1620775800000,56300,56554.9,56215.1,56479.1,101.94
1620776700000,56511.5,56769,56504,56687.2,97.07
1620777600000,56677.1,57200,56566.3,56990.6,440.68
1620778500000,56990.6,57012.4,56814.7,56984.8,127.65
1620779400000,56984.7,57298,56924.3,57062.7,261.9
1620780300000,57075,57336.6,57040.7,57336.6,293.93
1620781200000,57341.3,57344.1,57105.3,57220,135.58
1620782100000,57220,57220,57055,57074.4,64.3
1620783000000,57080.5,57136,56986.1,57105.5,192.04
1620783900000,57105.5,57105.5,56923.1,57030.7,90.06
1620784800000,57030.8,57074.3,56935.4,56993.1,55.43
1620785700000,56993,57300,56981.2,57235.3,211.59
1620786600000,57224.6,57272.3,56988.9,57050,169.01
1620787500000,57080,57167.5,56948.8,57167.5,136.36
1620788400000,57173,57260.3,56980.9,57241.9,139.41
1620789300000,57241.9,57251.2,57040,57244.4,112.74
1620790200000,57244.4,57771.7,57151,57650,541.69
1620791100000,57650,57887.9,57650,57773.1,324.89
1620792000000,57773.2,57997.9,57730,57946.2,438.44
1620792900000,57953.2,58024.5,57700,57719.2,231.93
1620793800000,57723.8,57746.6,57393,57465.8,269.86
1620794700000,57465.8,57516.4,57357.1,57416.3,252.12
1620795600000,57416.4,57544.8,57279.7,57461.3,217.75
1620796500000,57450,57547.9,57380.2,57462.1,62.26
1620797400000,57470,57520,57330.9,57388,70.3
1620798300000,57388,57443,57216.1,57292.4,105
1620799200000,57286,57420.1,57094,57250,274.6
1620800100000,57250,57281.9,57046.8,57166.6,312.31
1620801000000,57184.7,57283.2,57130.5,57165.7,110.61
1620801900000,57177.9,57272,56973,57082.9,130.03
1620802800000,57082.9,57251.7,57057.2,57136.7,89.53
1620803700000,57136.7,57308.2,57136.6,57275.1,102.46
1620804600000,57269.7,57269.7,57080,57102.7,86.7
1620805500000,57102.7,57244.8,56954.2,57172.6,131.95
1620806400000,57172.6,57238,56800,56902.1,308.62
1620807300000,56902.1,57031.9,56666.6,56683.3,285.47
1620808200000,56678,56900,56669.1,56768.1,133.18
1620809100000,56768,56956,56700.2,56956,163.71
1620810000000,56956,56970,56800.1,56919.1,89.84
1620810900000,56910.7,56939.5,56780,56906.9,61
1620811800000,56906.9,57153.9,56868.3,57103.9,202.49
1620812700000,57103.8,57222,56870.3,56870.3,157.92
1620813600000,56885.8,56887,56354.9,56369.2,589.68
1620814500000,56369.2,56586.8,56315,56424.5,277.64
1620815400000,56424.5,56470.4,56044.8,56117.2,437.67
1620816300000,56121.2,56267,56021.4,56090,273.67
1620817200000,56090,56277.7,56064.8,56100,280.39
1620818100000,56099.9,56386.5,56080.3,56235.3,247.36
1620819000000,56235.3,56456.3,56200.3,56403.8,106.97
1620819900000,56403.8,56525.2,56369,56424.4,138.3
1620820800000,56443.8,56577.9,56237.1,56434.9,161.43
1620821700000,56434.9,56605.4,56371.2,56594.1,116.98
1620822600000,56594.1,56594.1,56197.5,56367.5,334.39
1620823500000,56374.8,56532.5,56254.8,56327.1,151.85
1620824400000,56318.6,56399,56069.9,56124.4,294.48
1620825300000,56124.4,56211.5,55812.6,55880,503.8
1620826200000,55880,56372.7,55780.1,56368.8,435.19
1620827100000,56368.8,56875,56342.6,56750,556.72
1620828000000,56754,56760.6,56502.9,56626.6,204.5
1620828900000,56626.3,56861.2,56548.9,56693.4,277.95
1620829800000,56690.6,56776.9,56443.4,56443.4,227.27
1620830700000,56443.4,56443.4,56004.1,56050,484.68
1620831600000,56057.9,56123,55555,55856.2,605.38
1620832500000,55856.2,55958,55420,55577.6,353.3
1620833400000,55577.5,55759.9,55258.1,55755.7,421.92
1620834300000,55758.3,55758.4,55341.7,55442.8,234.63
1620835200000,55456.8,55657.8,55053.3,55186.9,732.31
1620836100000,55199.6,55199.6,54663.9,55059.9,864.96
1620837000000,55070.4,55173.2,54508.9,54626.6,709.01
1620837900000,54614.9,55011.8,54392.8,55011.8,550.66
1620838800000,55011.7,55300,54940.4,55139.7,333.28
1620839700000,55139.6,55139.6,54714.8,55060.7,282.19
1620840600000,55060.7,55185.4,54908,55041.8,117.04
1620841500000,55041.8,55057.3,54784.7,54844.3,139.92
1620842400000,54858.1,55139.8,54520.3,54589.1,372.35
1620843300000,54545.6,54569.2,54031.3,54366.2,567.91
1620844200000,54373.6,54373.6,53590.5,54148.3,1027.82
1620845100000,54160.3,54350,53900.1,54108,325.18
1620846000000,54099.3,54099.3,53601.8,53665.4,359.05
1620846900000,53665.3,54256,53528.8,54111.8,427.29
1620847800000,54111.8,54462.9,53889.9,54434.2,233.02
1620848700000,54427,54519.7,54179.7,54455.1,145.75
1620849600000,54443.5,54465.1,54200.3,54272.7,107.26
1620850500000,54251.5,54327.3,54020,54034.6,146.14
1620851400000,54048.9,54650,54019.9,54508.5,210
1620852300000,54512.8,54512.8,54323.4,54400.5,126.6
1620853200000,54420,54500,54314.3,54486.4,45.05
1620854100000,54495.9,54716.1,54488.8,54707,71.09
1620855000000,54714,54716.2,54423,54551.5,38.21
1620855900000,54546.5,54613,54329.7,54510.3,54.58
1620856800000,54525.1,54756.4,51806.5,52565.7,3223.94
1620857700000,52571.7,53185.6,52416.9,52738.8,1904.19
1620858600000,52715.5,52726.2,51517.7,52280.3,2305.35
1620859500000,52297.1,52940.7,52102.7,52877.6,817.2
1620860400000,52888.1,52894.7,52297.5,52626.7,815.9
1620861300000,52626.7,52745.2,51253.9,51602.4,1597.87
1620862200000,51602.4,52136.5,50488,51210.2,2397.31
1620863100000,51200.2,51483.9,48532,49600,3471.12
1620864000000,49600,49600.1,45633,48257,9476.6
1620864900000,48245.9,49600,47762.1,49592.8,2708.53
1620865800000,49592.8,50488,49549.5,49878.8,1832.19
1620866700000,49883,50288.7,49558,49634.3,894.25
1620867600000,49634.3,50550,49305.8,50171.9,1048.63
1620868500000,50178.9,50424,49973.1,50324.1,462.78
1620869400000,50334.6,50380.6,49682,49903.9,431.38
1620870300000,49890.1,50518,49890.1,50518,358.94
1620871200000,50518,50664.2,50252.4,50643.1,497.27
1620872100000,50643.2,50786.6,50268.3,50369.6,375.69
1620873000000,50351,50478.2,50008.7,50385,324.47
1620873900000,50385.1,50534.5,50200,50254.4,212.54
1620874800000,50255.1,50255.1,49604.6,49788.6,537.73
1620875700000,49800,50111.5,49734.5,49796,340.77
1620876600000,49795.9,50031.5,49553.5,49595.9,508.47
1620877500000,49589.6,50499,49560.1,50433.5,607.75
1620878400000,50439.3,50954.9,50390.6,50907.4,724.36
1620879300000,50905.8,50928.7,50664,50912,335.07
1620880200000,50899,50899,50533.3,50624.1,405.15
1620881100000,50619.9,50645,50304,50444.6,361.67
1620882000000,50444.6,50898.9,50444.6,50806.6,390.48
1620882900000,50819.5,51048.3,50756.6,51033.2,365.81
1620883800000,51033.3,51037.9,50861.2,51025.1,260.25
1620884700000,51025.1,51039.5,50796.8,50863.6,215.98
1620885600000,50869.5,51238.7,50806.7,50995.9,366.11
1620886500000,51017.7,51112.6,50817.5,50845.8,205.88
1620887400000,50845.7,51050,50759.4,51050,180.61
1620888300000,51050,51299,50998.8,51284.5,364.39
1620889200000,51284.5,51317.9,51078.2,51261,196.11
1620890100000,51261,51261,50921.7,50938.8,208.7
1620891000000,50952.9,50994,50674.4,50716.2,203.97
1620891900000,50716.2,50893.3,50707.7,50874.3,173.63
1620892800000,50874.4,50949,50370.5,50370.5,453.96
1620893700000,50370.4,50584.9,50242.8,50496.1,427.16
1620894600000,50496.1,50684.9,50305.8,50314.2,353.94
1620895500000,50314.2,50460.3,49993.6,50074.6,1022.23
1620896400000,50074.6,50420.7,49929,50023.1,805.59
1620897300000,50023.1,50443.5,49791.8,49819.4,691.76
1620898200000,49819.5,50139.5,49538.8,49642.1,722.47
1620899100000,49637.5,49739.7,48820.6,49306.5,1617.81
1620900000000,49316.2,50068.8,49306.6,50035,1015.18
1620900900000,50035.1,50312.7,49605.7,49761.4,678.93
1620901800000,49761.3,49761.3,49289,49385.2,514.6
1620902700000,49385.3,49781.2,48964.3,49239.9,443.37
1620903600000,49226,49334.1,48500,48965.9,943.98
1620904500000,48976.3,49480,48976.3,49449.1,400.41
1620905400000,49455.6,49870,49436.9,49734.8,457.89
1620906300000,49750,49934.5,49561.5,49796.9,415.81
1620907200000,49796.8,50287.9,49563.6,50068.2,741.29
1620908100000,50068.3,50393.3,50018.2,50272.6,437.43
1620909000000,50283.2,50285.4,49979.8,50101.5,315.3
1620909900000,50093.2,50341.4,49947.2,50185.3,286.71
1620910800000,50185.3,50443.7,50009.7,50108.9,492.28
1620911700000,50101,50101,49644.7,50003.5,616.97
1620912600000,50003.5,50657.1,50000.1,50376.8,677.43
1620913500000,50396.9,50611.3,50316.7,50534.7,269.73
1620914400000,50533.9,50874.3,50384.1,50777.5,566.87
1620915300000,50775.1,50775.1,50446.8,50546.7,560.07
1620916200000,50539.3,50650,50291.2,50306.2,460.06
1620917100000,50316.4,50504.5,50245.5,50314.5,329.26
1620918000000,50314.6,50415.4,49877.7,50000,473.04
1620918900000,50000.1,50266.3,49931.4,49970.5,225.35
1620919800000,49970.6,50212.7,49714.7,49785.6,484.82
1620920700000,49781.3,49977.1,49527.4,49670.1,403.17
1620921600000,49668.4,50191.3,49663.2,49946,514.25
1620922500000,49940.8,50418.5,49940.8,50290.1,283.77
1620923400000,50301,50318.5,49512.2,49521.6,382.85
1620924300000,49526.8,49526.9,48445.8,48630.7,1303.7
1620925200000,48650.7,48824.9,47931.9,48200,1327.32
1620926100000,48188,48845.3,47282.7,47516.6,1195.62
1620927000000,47517.3,47846.2,46962.3,47796.5,1273.32
1620927900000,47810,48445.6,47810,48415.8,837.04
1620928800000,48414.3,48925.1,48187.7,48790.3,605.55
1620929700000,48791.3,48848.5,48117.5,48421.9,701.37
1620930600000,48410.4,48688.8,47669.6,47783,704.57
1620931500000,47765.1,48498.4,47694.3,47831.8,816.04
1620932400000,47831.8,48664.7,47831.8,48642.3,639.97
1620933300000,48629.1,49041.5,48303.4,48845.5,742.27
1620934200000,48835.3,49345.9,48835.3,49259.4,591.41
1620935100000,49259.4,49259.4,48519.2,48559.2,417.05
1620936000000,48570.1,49203.9,48367.5,49180,502.33
1620936900000,49185.2,49418.1,48879.7,49051.3,380.24
1620937800000,49090.6,49389.5,49040.7,49224.2,231.48
1620938700000,49247.7,49433.9,49052.3,49284.3,259.21
1620939600000,49300.1,49759.7,49021.3,49750.3,203.73
1620940500000,49745,49797.8,49551.7,49620.3,167.3
1620941400000,49642.3,49685.4,49377.4,49479.9,126.9
1620942300000,49479,49871.3,49410.9,49554.5,137.93
1620943200000,49554.5,49577.3,49021.2,49077.3,189.81
1620944100000,49066.7,49434.5,49014.4,49321.3,211.12
1620945000000,49314.5,49864,49314.5,49679.5,356.49
1620945900000,49662.1,49782.8,48860.8,48861.1,434.05
1620946800000,48861.1,49099.9,48412.1,49096.5,650.95
1620947700000,49096.6,49350,48724.1,49124.2,478.78
1620948600000,49118.7,49545.7,48967.5,49413.4,386.45
1620949500000,49425.4,49744.8,49331,49689.7,303.29
1620950400000,49680.3,50192.1,49515.5,50136.6,968.93
1620951300000,50136.6,50136.6,49765.7,49767.5,248.36
1620952200000,49768.3,50095.7,49726.6,49895.8,368.38
1620953100000,49895.8,50252.3,49801.1,50026.1,322.06
1620954000000,50038.8,50289.7,49867.8,50287,370.64
1620954900000,50286.9,50396.7,50103.3,50217.9,243.49
1620955800000,50190.6,50248.3,49980.1,50146.9,152.83
1620956700000,50141.3,50290.1,49977,50059.6,162.78
1620957600000,50054.3,50105,49654.5,49656.5,293.94
1620958500000,49656.5,49786,49470.5,49522.7,424.66
1620959400000,49522.8,49785.3,49522.8,49630.1,209.24
1620960300000,49630.2,49742.6,49470.4,49489.5,228.51
1620961200000,49489.4,49694.7,49405.8,49457.2,207.65
1620962100000,49454.1,49665.8,49309,49590.4,333.3
1620963000000,49588,49588,49262.3,49388.5,204.76
1620963900000,49393.5,49454,49079,49211,311.32
1620964800000,49211.1,49563,49211.1,49499.4,304.92
1620965700000,49499.5,49574.2,49267.5,49320.6,127.24
1620966600000,49320.5,49535.3,48859.1,48878.3,667.75
1620967500000,48878.4,49315,48878.3,49249,488.09
1620968400000,49248.9,49529.9,49091.9,49514.8,393.04
1620969300000,49525.4,49542.1,49237.1,49358.8,207.09
1620970200000,49358.9,49443.6,49165.9,49385.5,212.03
1620971100000,49385.5,49775.5,49385.5,49700.3,368.32
1620972000000,49712.6,49750,49371.2,49371.2,258.03
1620972900000,49371.3,49414.9,49001,49065,380.91
1620973800000,49073.9,49260,48911.2,49011.4,386.11
1620974700000,49011.5,49218.8,48925,49132,257.08
1620975600000,49125.8,49895.8,49125.7,49895.5,535.2
1620976500000,49895.5,50145.4,49743.5,49945.1,673.34
1620977400000,49950,50313.8,49873.9,49985.6,504.76
1620978300000,49985.6,50167.9,49974.6,50059.2,288
1620979200000,50059.3,50488.1,49913.3,50287.5,576.64
1620980100000,50284.9,50299.9,50052.5,50157.2,363.37
1620981000000,50145.5,50340.4,50070.5,50247.5,190.81
1620981900000,50232.7,50426,50227.8,50363.7,337.81
1620982800000,50363.7,50572.3,50165.1,50543,358.15
1620983700000,50535.2,50742.2,50386,50599.8,474.91
1620984600000,50599.8,50794.6,50516.1,50734.7,348.04
1620985500000,50703.6,50703.6,50402.2,50402.2,205.13
1620986400000,50410.8,50517.8,50210.8,50399.8,381.55
1620987300000,50398.1,50517.2,50237.8,50353.8,183.85
1620988200000,50355.2,50462.7,50282.1,50413.6,135.62
1620989100000,50413.6,50743.3,50413.6,50707.5,279.1
1620990000000,50715,50957.9,50546.7,50793.8,328.96
1620990900000,50793.7,50810.6,50583.1,50630.5,198.41
1620991800000,50625.1,50720,50476.3,50720,154.88
1620992700000,50720.8,50720.8,50470.6,50525.6,154.21
1620993600000,50521.5,50600,50341,50382.5,307.88
1620994500000,50387.9,50452.8,50250,50321.5,218.64
1620995400000,50325.4,50435.6,50280,50347,140.88
1620996300000,50357.3,50533.8,50231.3,50297.8,156.6
1620997200000,50302.4,50392.8,50134.5,50225.1,282.81
1620998100000,50225.2,50340,50034.1,50333.4,223.84
1620999000000,50344.4,50852.5,50339.9,50633.3,651.37
1620999900000,50626.7,50983.3,50553.5,50935.6,407.52
1621000800000,50935.5,50935.5,50650,50725.2,314.06
1621001700000,50725.2,50755.9,50532.3,50558.7,293.21
1621002600000,50558.7,50724.1,50473.6,50515.8,255.32
1621003500000,50518.5,50965.4,50518.5,50889.2,631.9
1621004400000,50889.1,51425,50889.1,51319.9,748.89
1621005300000,51320,51473,51118.8,51329.2,411.98
1621006200000,51329.2,51379.3,51175.2,51180.6,279.13
1621007100000,51180.5,51253.8,51026,51192.6,378.12
1621008000000,51199.9,51293.9,51039.3,51124.1,368.27
1621008900000,51124.1,51301.1,50950.7,51029.2,228.63
1621009800000,51029.1,51188.4,50704.7,50745.1,366.51
1621010700000,50739.2,50975.6,50739.2,50851.9,235.26
1621011600000,50836.5,51045.4,50756.4,50885.8,199.94
1621012500000,50870.1,50893.9,50750.1,50758.4,80.08
1621013400000,50752.5,50841,50567.6,50695.5,220.72
1621014300000,50680.7,50723.9,50587,50620.2,94.51
1621015200000,50605.6,50691.2,50544.7,50664.1,75.31
1621016100000,50669.3,50734.7,50353.5,50396.2,147.15
1621017000000,50396.3,50615.9,50369.6,50410.5,113.06
1621017900000,50413.6,50627.4,50378.8,50486.3,322.03
1621018800000,50493,50510.7,50109.5,50241.2,179.4
1621019700000,50233.4,50375,50166.2,50222.4,112.07
1621020600000,50222.4,50398.7,50222.4,50279.7,76.06
1621021500000,50299.3,50300,50158.8,50166.8,123.4
1621022400000,50190.5,50326.3,50151.1,50279.9,92.7
1621023300000,50279.9,50279.9,49707,49760.8,585.79
1621024200000,49760.8,49777.7,49267.8,49496,664.92
1621025100000,49500,49691.5,49080,49170.9,475.75
1621026000000,49173.2,49499.6,49044.5,49359.9,354.53
1621026900000,49369,49828.1,49369,49713.2,168.35
1621027800000,49714.3,49823.9,49537.8,49661.3,73.57
1621028700000,49658.9,49860.6,49603.2,49822,78.96
1621029600000,49822,49822.3,49675.2,49778.3,174.43
1621030500000,49787.3,49888,49648.7,49865.2,294.12
1621031400000,49875.2,50153,49875.1,49975.6,432.06
1621032300000,49975.6,49978.9,49739.3,49940.5,209.08
1621033200000,49934.5,50049.9,49766.5,49987.2,201.85
1621034100000,49997.9,50182.2,49936.1,49975.2,167.53
1621035000000,49981.4,50114.9,49929.5,49945.4,231.65
1621035900000,49953.1,49999.9,49831.2,49850.2,183.46
1621036800000,49866.6,50337.7,49823,50155,507.22
1621037700000,50155,50155,49350,49572.2,570.54
1621038600000,49572.1,49831.5,49304,49496.1,555.61
1621039500000,49499.9,49699,49283,49463.1,371.98
1621040400000,49463.1,50049.9,49373,50049.9,423.14
1621041300000,50050,50580,49971.1,50350.1,754.67
1621042200000,50379.4,50388.2,50198.4,50306.4,311.14
1621043100000,50304.6,50680,50249.8,50635.3,288.05
1621044000000,50635.4,50647.9,50441.4,50490.5,200.9
1621044900000,50490.5,50529.6,50270.4,50311.5,213.62
1621045800000,50313.8,50400,50256.2,50301.2,141.73
1621046700000,50306.9,50351,50038.2,50104.6,182.41
1621047600000,50104.6,50104.7,49877.4,49960.5,204.76
1621048500000,49960.4,49960.4,49735.4,49822,448
1621049400000,49822,49949.8,49803.4,49852.9,219.7
1621050300000,49852.8,49878.4,49623.8,49648.5,296.3
1621051200000,49661.3,49795.2,49561,49699.8,291.6
1621052100000,49699.9,49861,49699.8,49800,200.68
1621053000000,49782.2,49784.7,49414.7,49693,259.09
1621053900000,49693.1,49894.7,49154.9,49335.7,514.79
1621054800000,49335.7,49534.2,49156,49512.9,320.44
1621055700000,49494.5,49614.9,49259.5,49434.2,273.8
1621056600000,49434.1,49538,49219.9,49488.6,250.41
1621057500000,49488.5,49731.3,49480.3,49679.9,229.04
1621058400000,49642.8,49642.8,49200,49212.3,347.03
1621059300000,49224.1,49544.1,48967.8,49461.8,658.25
1621060200000,49457,49638,49050,49130.7,437.69
1621061100000,49141.7,49141.8,48621.7,48998.3,904.13
1621062000000,48968.9,49062.9,48537.7,48769.2,658.23
1621062900000,48769.1,48887.3,48502.4,48876.6,470.3
1621063800000,48863.4,48972.7,48795.2,48900.1,231.53
1621064700000,48900.1,49008.8,48409,48484.7,531.35
1621065600000,48484.8,48754.7,48238,48463.7,876.42
1621066500000,48481.3,48754.9,48345,48636.3,355.05
1621067400000,48632.7,48855.1,48555.2,48634.9,275
1621068300000,48620.2,49076,48333,48846.1,659.53
1621069200000,48846.2,49275.7,48846.2,49080,447.95
1621070100000,49060.4,49062,48418,48511.5,450.75
1621071000000,48511.5,48743,48380,48602.7,445.9
1621071900000,48613.4,48803.8,48366.4,48645.3,324.42
1621072800000,48675.2,48675.2,48038.6,48103.2,934.31
1621073700000,48098.5,48257.4,47850,47976.8,620.13
1621074600000,47976.9,48368.8,47774.9,48221.8,574.32
1621075500000,48217.9,48528.2,48023,48400,467.42
1621076400000,48400,48752.7,48368,48654.5,328.84
1621077300000,48654.5,48876,48604.7,48743.7,158.15
1621078200000,48754.4,48779.9,48482.7,48756.5,164.38
1621079100000,48756.5,49027.8,48610.2,48932.7,306.8
1621080000000,48948.7,48989.1,48755.7,48793.2,323.51
1621080900000,48790.1,48960.2,48665.2,48855,181.36
1621081800000,48867,49325.7,48848,49143.8,601.05
1621082700000,49148.2,49298.1,49050.1,49181.5,165.02
1621083600000,49181.5,49359.9,49121.1,49173.2,156.99
1621084500000,49175.7,49175.7,48936.1,49072.9,235.4
1621085400000,49057.9,49372.8,48712.7,49258.3,440.47
1621086300000,49254.8,49347.6,48850.1,49012.5,304.85
1621087200000,49000.1,49544.2,48944.1,49263.9,491.62
1621088100000,49263.9,49263.9,48888.9,48935,364.67
1621089000000,48923.8,49340,48837.3,49289,392.98
1621089900000,49289.1,49566,49201.9,49396.5,353.86
1621090800000,49394.5,49590.8,49244.5,49330.7,221.61
1621091700000,49349.9,49375.4,49158.3,49253.4,139.6
1621092600000,49253.4,49298.3,48935.5,49029.7,210.96
1621093500000,49029.8,49050.9,48816.2,48973.1,259.51
1621094400000,48997.8,48997.9,48113.1,48346.6,874.53
1621095300000,48332.7,48520.4,47852.6,47876.7,567.9
1621096200000,47870.7,48132.4,47600,47901.9,830.91
1621097100000,47897.9,48038,47556.5,47877.4,500.02
1621098000000,47894.4,47965.7,47407.1,47539.7,826.07
1621098900000,47534.3,47887.9,47475.3,47746.6,422.35
1621099800000,47746.6,48224,47732.2,48127.6,275.42
1621100700000,48127.6,48148,47758.9,47830,271.29
1621101600000,47819.6,48226.3,47518,47852.1,512.66
1621102500000,47852.2,48110.9,47630.1,48072.7,363.01
1621103400000,48061.6,48125.5,47793.5,47868.7,200.38
1621104300000,47864.8,48079.6,47812.1,47888.1,131.07
1621105200000,47902,48044.2,47484.5,47543.7,269.9
1621106100000,47559.6,47673.5,46969.8,47186.8,1079.01
1621107000000,47171.9,47619.4,46869.7,47603.5,859.42
1621107900000,47614.8,48131.2,47577.1,48123.5,550.12
1621108800000,48133.9,48485,48049.1,48327.5,439.44
1621109700000,48340.7,48632.5,48128.4,48453.1,302.08
1621110600000,48442.2,48477.9,48320.6,48321.7,110.78
1621111500000,48333,48438.3,48121.2,48245.2,133.64
1621112400000,48245.2,48642.9,48237.8,48375.4,148.52
1621113300000,48390.5,48535.9,48295.6,48428.1,145.03
1621114200000,48441.9,48750,48305.8,48552.7,102.83
1621115100000,48523.5,48621.1,48374.4,48440.9,108.8
1621116000000,48440.9,48610.9,48342.9,48597,195.62
1621116900000,48582.3,48727.6,48424.5,48430.3,217.12
1621117800000,48430.3,48497,47767.1,47909,631.87
1621118700000,47921.6,48319.9,47921.6,47981.5,398.85
1621119600000,47987.1,48058.3,47591.9,47680.7,540.14
1621120500000,47694.1,47866.3,47338.4,47462.1,576.62
1621121400000,47462.1,47566.4,46586.8,46792.5,1281.46
1621122300000,46802.4,47138,46561.1,46779.1,856.52
1621123200000,46765.3,47558,46359.4,47524.2,1538.77
1621124100000,47530.5,47726.8,47373.8,47501.4,795.16
1621125000000,47501.4,47716.1,47113,47238.8,487.88
1621125900000,47233.2,47515.4,46948.6,47284.1,544.37
1621126800000,47304.9,48146.3,47304.1,48110.1,713.45
1621127700000,48109.8,48143.2,47818.6,47932.1,361.44
1621128600000,47953,47979.2,47694.4,47963,255.81
1621129500000,47963,48236.2,47950.2,48065.3,319.65
1621130400000,48065.4,48250,47960.7,47969.2,283.9
1621131300000,47969.3,48199.9,47969.3,48199.9,129.41
1621132200000,48199.4,48233.4,48030,48034.6,159.63
1621133100000,48034.6,48339,48034.6,48152.4,191.26
1621134000000,48152.3,48347.1,48022.4,48022.4,240.65
1621134900000,48020,48129.5,47766,47794.9,237.73
1621135800000,47775.8,47973.5,47775.8,47890.3,169.58
1621136700000,47900,48444,47873.8,48400.2,320.98
1621137600000,48400.2,48819.7,48352.4,48408.8,578.16
1621138500000,48408.4,48477.9,48313.4,48377.8,150.98
1621139400000,48381.8,48381.8,48188,48228.3,221.93
1621140300000,48228.3,48314.1,48070.9,48120.5,191.24
1621141200000,48123.2,48352,48054.2,48062,231.59
1621142100000,48062,48295.2,48062,48192,166.81
1621143000000,48192,48300,48117.5,48259.1,183.67
1621143900000,48268.9,48331.3,48106.2,48184.2,127.49
1621144800000,48184.2,49332.1,48153.2,49332.1,711.31
1621145700000,49333,49543.4,49136.9,49152.6,1145.6
1621146600000,49152.6,49337.7,49138.5,49148.3,261.73
1621147500000,49136.5,49265,49035.8,49074.5,304.31
1621148400000,49082.7,49113.2,48885.4,48977.8,254.46
1621149300000,48978.7,49135.7,48885.1,48924.6,211.6
1621150200000,48935.2,48988,48858.2,48951.3,187.61
1621151100000,48937.3,49409.6,48926.8,49399.8,573.46
1621152000000,49393,49414,48825.5,49071.6,636.54
1621152900000,49071.6,49071.6,48868.7,48915.9,198.64
1621153800000,48899,49005.4,48631.6,48888,904.96
1621154700000,48888.1,49062.9,48783.8,48935.5,574.78
1621155600000,48934.5,49123.6,48923.9,49076.3,243.17
1621156500000,49069.5,49229.6,49041.4,49127.9,209.46
1621157400000,49125.5,49403.8,49086.2,49348.9,482.63
1621158300000,49357.1,49475.4,49165.8,49272.9,359.5
1621159200000,49268.9,49480,49228.3,49310.4,252.6
1621160100000,49319,49445.2,49228.3,49438,195.11
1621161000000,49441.3,49444,49267.3,49426.5,210.93
1621161900000,49418.4,49800,49418.4,49572.2,573.27
1621162800000,49564.6,49629.9,49368.9,49386.9,251.88
1621163700000,49386.9,49442.1,49297.2,49311.4,182.82
1621164600000,49311.6,49368.8,49057.1,49163.7,288.92
1621165500000,49170.1,49207.8,48930.6,49038.4,315.17
1621166400000,49038.4,49173.5,49004.9,49037.3,218.99
1621167300000,49021.1,49135.9,48872.7,48998,293.69
1621168200000,49012.6,49057.5,48766.7,48798.6,300.63
1621169100000,48793,48793,48541.9,48632.4,433.15
1621170000000,48640,48802.5,48611.1,48643.7,388.84
1621170900000,48643,48748.4,48500.1,48627.4,316.37
1621171800000,48627.3,48925,48583.9,48871.2,454.39
1621172700000,48859.2,49043.7,48845.9,48953.4,226.3
1621173600000,48953.4,48953.4,48753.4,48851.5,214.46
1621174500000,48869.8,49275,48381.5,48393,759.4
1621175400000,48393.1,48574.4,48066.1,48327.7,760.26
1621176300000,48316.7,48470.7,48252,48315.2,289.39
1621177200000,48313.3,48354.1,48075.3,48125,305.95
1621178100000,48124.9,48231,47834.2,47935.8,588
1621179000000,47943.9,48219.9,47700.8,47971.6,618.84
1621179900000,47971.5,48127.6,47643.8,47761.3,495.23
1621180800000,47765.2,48072.6,47420.2,48046.2,1013.01
1621181700000,48057.6,48144.7,47656.2,47670.2,668.14
1621182600000,47664.8,47688,47085.6,47126.9,1243.63
1621183500000,47126.9,47462.9,46911.6,47283.6,926.3
1621184400000,47269.7,47448.9,46654.7,46672.7,933.26
1621185300000,46669.5,47088,46196.5,47000.7,1613.44
1621186200000,47020.1,47242.5,46608.8,47175.6,648.95
1621187100000,47160,47315.5,46894.6,47088,778.05
1621188000000,47088,47365,46804.3,46928.6,819.44
1621188900000,46913,47035.4,46188.2,46263.8,911.49
1621189800000,46271.8,46800.3,45722.8,46437.9,1656.05
1621190700000,46437.8,46820,45287.1,45393.6,2152.18
1621191600000,45393.5,45860,45092.8,45560.7,1935.42
1621192500000,45573.4,46029.8,45402.7,45761.7,828.66
1621193400000,45758.4,46224.7,45296.1,45306.3,750.85
1621194300000,45314.5,45567.9,44374,45560.2,2721.54
1621195200000,45559.4,45849.1,45356.5,45654.4,1262.02
1621196100000,45657.2,45784.3,44723.1,44777.6,1108.96
1621197000000,44768.5,45248,43918.7,44227.3,1974.99
1621197900000,44227.3,44670.6,43747.1,44081.2,2030.08
1621198800000,44088.8,44816.6,44088.8,44693.7,1336.38
1621199700000,44704.4,44711.3,43896.4,44576,891.43
1621200600000,44580.6,45491.8,44261.5,45462.6,985.33
1621201500000,45462.7,45618.9,45019.2,45210.8,676.19
1621202400000,45216.3,45963.2,45196.7,45963.2,897.46
1621203300000,45963.2,46277.7,45818.7,45900,857.41
1621204200000,45900,45900,45548.4,45612.5,389.67
1621205100000,45594,45863.7,45532,45570.5,287.63
1621206000000,45570.5,45806,45413.6,45589.1,593.6
1621206900000,45583.5,46187,45556.7,45971.3,626.85
1621207800000,45971.2,46140.5,45620.3,46066.3,569.38
1621208700000,46084.6,46497.8,45860.9,46433.8,659.45
1621209600000,46428.4,46625.9,46055,46083.8,612.41
1621210500000,46083.8,46229.9,45923.9,46031.4,455.83
1621211400000,46010.3,46385.6,45952.1,46231.2,447.17
1621212300000,46223.3,46353.4,45501.1,45564.4,657.68
1621213200000,45564.3,45623.1,45063.3,45086.3,981.97
1621214100000,45082.9,45239.7,44804.4,45095,826.59
1621215000000,45103.2,45300.7,44817.4,45080.1,679.09
1621215900000,45080,45300,44557.3,44898.1,1119.94
1621216800000,44899.9,45213.6,44696.3,45187.9,460.59
1621217700000,45179.9,45286.9,44763.9,44864.9,550.73
1621218600000,44858.8,44858.8,44243.9,44408.6,1306.63
1621219500000,44408.5,44646.9,44295.5,44541.2,648.34
1621220400000,44536.8,44773.8,44100,44163.2,823.76
1621221300000,44166.4,44300,43234.9,43308.7,2433
1621222200000,43317.6,43990.8,43008.6,43764.4,2789.42
1621223100000,43765.9,43996,42706.4,42983.3,2034.92
1621224000000,42995.6,43609.6,42068.5,43155,3795.12
1621224900000,43149.6,43788.9,42679.5,43560.8,1939.94
1621225800000,43576.6,43794.9,43154.4,43160.9,1033.23
1621226700000,43159.6,43681.6,42945.6,43602.1,997.74
1621227600000,43613.2,43817.5,43279.2,43338.9,714.19
1621228500000,43338.9,43381.6,42883.3,42986.1,851.93
1621229400000,42986.1,43369,42610,42679.5,901.39
1621230300000,42679.4,44255.6,42463.2,44212.5,1719.69
1621231200000,44207.6,45112.6,43967.7,45013,3509.8
1621232100000,45000.2,45286,44735.5,44852.2,993.77
1621233000000,44852.3,44855.8,44429.6,44433.4,660.3
1621233900000,44432.1,44543.3,43961.8,44343.2,907.26
1621234800000,44343.2,44723.3,44159.3,44533.7,709.93
1621235700000,44528.5,44850,44474.8,44690,491.62
1621236600000,44695,44995.6,44636,44861.9,304.49
1621237500000,44861.9,45255.9,44714.4,45130.1,619.4
1621238400000,45130.1,45460,44774.2,45034.3,1088.95
1621239300000,45023.5,45126.8,44688,45126.8,546
1621240200000,45127.4,45487.8,45081.2,45247.4,563.67
1621241100000,45241.3,45500,45196.5,45317.2,383.06
1621242000000,45317.2,45448.3,44978.6,45046.8,425.94
1621242900000,45046.8,45152.7,44950,45105.3,286.99
1621243800000,45105.3,45249.9,44961.7,45038,214.6
1621244700000,45090.6,45486.1,44998.4,45402.3,566.83
1621245600000,45407.8,45502.5,45186.7,45342,370.55
1621246500000,45342,45342,44935.3,44958.7,420.55
1621247400000,44958.7,45151.5,44955.9,45000,189.03
1621248300000,45000,45099.5,44444,44563.2,846.25
1621249200000,44558,44790.5,44366,44712.8,413.84
1621250100000,44709,45343.9,44709,45093.2,594.17
1621251000000,45093.2,45781.5,45093.2,45702.6,778.15
1621251900000,45700,45758.3,45492.1,45737.8,392.1
1621252800000,45724.6,45780,45443.7,45543.7,462.49
1621253700000,45554.2,45592.1,45064,45078.8,422.89
1621254600000,45093.7,45287.3,44723.7,44931.5,773.24
1621255500000,44930.1,45089.9,44827.6,44924.3,419.84
1621256400000,44927.4,45051.9,44590.6,44677.5,485.3
1621257300000,44671.7,44924.2,44558.9,44563.6,349.87
1621258200000,44563.7,45239.2,44563.6,45001.9,485.88
1621259100000,44992.8,45100,44707.3,45045.5,346.06
1621260000000,45031.8,45150,44222.1,44236.7,754.12
1621260900000,44236.7,44385.8,43969.8,44133.7,1067.28
1621261800000,44141.4,44611.4,43783.4,44292.7,1019.18
1621262700000,44292.2,44550.4,44281.1,44436.2,441.02
1621263600000,44442.9,44643.9,43882.1,44055,1180.31
1621264500000,44073.4,44272,43866,44007.1,839.75
1621265400000,44007.3,44132.9,43483.9,43660,1124.87
1621266300000,43665.9,43795.9,43188,43390.8,813.45
1621267200000,43381.1,43861.6,42900.4,42905.9,1973.29
1621268100000,42900.3,43583.6,42883.3,43547.4,988.84
1621269000000,43544.4,43551.5,42986.2,43016.2,656.57
1621269900000,43016.1,43247.1,42560.1,42609.6,1377.42
1621270800000,42609.6,42996.7,42267.7,42344.6,1080.41
1621271700000,42350,42789.9,42160,42478.9,1114.69
1621272600000,42479,43197.9,42478.9,42650,1078.4
1621273500000,42652.4,43055.1,42591.6,42624.2,405.1
1621274400000,42624.2,43601.7,42350,43236.9,1485.49
1621275300000,43236.9,43259,42881.1,43023.6,420.16
1621276200000,43036.1,43723,42840.8,43622.1,537.19
1621277100000,43622.1,43764.1,43423.9,43556.1,299.94
1621278000000,43525.8,44120,43525.8,43966.1,624.2
1621278900000,43971.3,44490,43882.2,44155.5,769.16
1621279800000,44160.8,44265.3,43980.6,44103.5,250.84
1621280700000,44103.6,44319.4,44058.7,44247.4,237.14
1621281600000,44266.7,44334,44112.3,44167.1,229.22
1621282500000,44170.6,44602,44170.6,44325.4,482.63
1621283400000,44345.8,44776.2,44299.1,44662.8,252.57
1621284300000,44662.9,44980.1,44662.9,44802.1,314.02
1621285200000,44807.6,44855.6,44225.6,44306,303.34
1621286100000,44300,44533.3,44275.9,44365,427.93
1621287000000,44365,44404.6,43947.1,44066.2,177.22
1621287900000,44066.2,44066.2,43270.7,43565.9,560.99
1621288800000,43573.8,44420.7,43572.6,44208.4,488.4
1621289700000,44197.9,44238.9,43487.4,43522.6,684.5
1621290600000,43516.3,43687.4,43034.8,43161.1,722.4
1621291500000,43145.5,43315.7,42657.8,42939.6,711.48
1621292400000,42919.6,43466.8,42511.5,42821.8,1297.24
1621293300000,42821.9,43480,42688,43254.7,727.52
1621294200000,43244.1,43849.9,43092.2,43721.2,770.12
1621295100000,43721.2,43846.6,43354.2,43562.8,415.83
1621296000000,43562.8,44338.7,43154,44161.5,1231.47
1621296900000,44160.1,44629.5,44090.1,44457.3,712.32
1621297800000,44450,44640.6,44208,44262.4,382.94
1621298700000,44262.4,44513.3,44120.1,44381.8,297.95
1621299600000,44386.3,45050,44287.1,44973.3,740.99
1621300500000,44973.3,45296.6,44694.1,45080.2,584.45
1621301400000,45080.2,45119.7,44778,44934.5,389.42
1621302300000,44934.5,45182.8,44900,45075.4,335.35
1621303200000,45070.6,45250,44667.9,44671.8,387.97
1621304100000,44671.8,44798.9,44553,44662.9,363.24
1621305000000,44657.1,45015.1,44657.1,44986.7,291.2
1621305900000,44986.7,45180,44860.1,45025.7,222.45
1621306800000,45025.1,45046.3,44800,44886.6,222.57
1621307700000,44886.7,44987.9,44700.1,44950.5,215.8
1621308600000,44966.4,45073.1,44680,44700,227.22
1621309500000,44700,44886,44680.1,44786.1,164.37
1621310400000,44786,45400,44753.5,45140.2,671.23
1621311300000,45137.3,45186,44949.6,45027,371.09
1621312200000,45012,45440.6,44969.2,45397.7,377.46
1621313100000,45418.2,45517,45213.5,45290.7,357.88
1621314000000,45296.9,45476.8,45168.1,45329.9,218.49
1621314900000,45346.2,45422,45171,45242.7,188.96
1621315800000,45228.2,45423.5,45051.5,45400,313.9
1621316700000,45400,45418,45107.8,45334.9,274.71
1621317600000,45334.8,45767,45281.7,45681.3,528.57
1621318500000,45677.8,45763.2,45316.9,45436.6,399.37
1621319400000,45436.6,45487.8,45130.2,45232.1,313.52
1621320300000,45232,45321.8,44814.4,44905.3,422.94
1621321200000,44905.2,45060,44825,44912.5,281.63
1621322100000,44914.7,45208.8,44906.9,45009.2,368.06
1621323000000,45009.3,45174,44862.6,45020.4,215.52
1621323900000,45020.4,45170.8,44872,45124.1,378.36
1621324800000,45124.1,45284.6,45000,45228.7,274.14
1621325700000,45228.7,45433.8,45165.1,45307.8,298.01
1621326600000,45302.1,45342.1,44964.4,45004.7,319.04
1621327500000,44999.2,45100,44870.1,44953.3,280.68
1621328400000,44953.3,45055.7,44713.6,44761.6,277.59
1621329300000,44780.5,44961,44640.1,44885.2,249.76
1621330200000,44885.2,45081.3,44785.2,44969.4,296.41
1621331100000,44971.3,45168.2,44875,44977.2,154.95
1621332000000,44977.2,45075.1,44755,44949.9,188.11
1621332900000,44949.9,45416.4,44906.8,45213.5,444.16
1621333800000,45209.8,45497.2,45180,45364.1,308.7
1621334700000,45364.2,45399.8,45233.4,45371.2,182.61
1621335600000,45384.2,45408.4,45154.7,45263.8,211.06
1621336500000,45263.8,45609.9,45188,45559.9,518.02
1621337400000,45559.9,45646,45430.3,45461.7,284.08
1621338300000,45461.8,45686.8,45312.3,45347.4,386.66
1621339200000,45347.5,45376.1,44824.7,44999.7,815.88
1621340100000,45002,45123.7,44691.6,44692.1,528.18
1621341000000,44692.1,44908.5,44170.2,44232.9,1153.59
1621341900000,44232.9,44383.8,43752.2,43985.9,1550.22
1621342800000,43984.3,44112.8,43715.8,43773.4,617.38
1621343700000,43773.5,43838,43288.7,43665.2,1605.06
1621344600000,43665.2,43948,43625.9,43927.3,652.38
1621345500000,43927.3,43927.3,43580.4,43711.4,489.19
1621346400000,43711.3,43711.3,42901.3,43130.7,1398.75
1621347300000,43121.1,43422.7,43113,43293.3,524.26
1621348200000,43278.9,43329.9,42700,43014.8,1207.28
1621349100000,43022.9,43371.7,42669.1,43280,831.15
1621350000000,43265.5,43700,42882.6,43609.3,1282.78
1621350900000,43609.2,43820,43425.2,43694,564.97
1621351800000,43684.2,43684.2,43021.1,43081.4,801.46
1621352700000,43087.1,43264.2,42809.8,43005.6,709.96
1621353600000,43005.5,43406.3,42673.2,42690.1,1166.47
1621354500000,42695.4,43556.4,42673.1,43395.7,1026.54
1621355400000,43407.1,43584.1,43085.5,43465.8,555.41
1621356300000,43450,43672.8,43342.5,43600.1,474.85
1621357200000,43618.8,43702.7,43285.5,43600,493.34
1621358100000,43600,43832.7,43371.1,43805.8,542.81
1621359000000,43799.7,43826.4,43510.8,43583.3,285.2
1621359900000,43585.3,43630.8,43312.5,43340,319.09
1621360800000,43340,43340,42737.1,42914.2,1032.08
1621361700000,42916.2,43045.2,42694.4,42914.8,964.08
1621362600000,42919,43029,42380,42754.3,698.88
1621363500000,42767.9,42913.9,42467.8,42841.5,492.16
1621364400000,42817.2,43016.5,42638.2,42668.1,283.17
1621365300000,42678.1,42963.7,42505.8,42714.3,384.31
1621366200000,42732.4,43499,42686.8,43486.9,853.94
1621367100000,43486.9,43650.3,43194.1,43270.6,515.75
1621368000000,43269.5,43301.3,42824.5,42910,351.9
1621368900000,42914.7,43523.9,42732.3,43444.8,296.18
1621369800000,43444.9,43502.8,43124.8,43278.2,215.81
1621370700000,43278.2,43569.3,43150.2,43264.6,209.37
1621371600000,43270.1,43512.2,43231.8,43339.6,192.16
1621372500000,43340,43374.5,42956.9,43239.4,263.18
1621373400000,43239.5,43239.5,42846.4,42863.7,123.84
1621374300000,42859,43086.5,42773.2,42988.7,141.75
1621375200000,42997.3,43098,42719,42907.2,220.54
1621376100000,42905.1,43185.3,42845.4,43138.1,311.99
1621377000000,43132.1,43268.7,43071.2,43265.4,223.82
1621377900000,43265.5,43268.1,42781.2,42834.3,300.47
1621378800000,42844.4,42844.5,42250.1,42421.3,789.17
1621379700000,42421.3,42877,42358.3,42850.3,285.33
1621380600000,42862.3,42862.3,42428.6,42698.9,491.19
1621381500000,42706.4,43199.3,42533.5,42852.7,761.76
1621382400000,42861.5,43616.4,42500.1,43436.3,1461.7
1621383300000,43444.8,43464.4,43170.4,43221.8,393.03
1621384200000,43221.7,43225.2,42676.6,42879.2,741.85
1621385100000,42861.6,42871.1,42560.1,42628,508.54
1621386000000,42627.9,42722.4,42176.9,42177.2,687.31
1621386900000,42177.2,42419.7,41300.1,41506.4,2885.22
1621387800000,41501.4,41715.2,41006.3,41205.1,1234.5
1621388700000,41205.2,41348.4,40508.7,40848.4,2076.72
1621389600000,40846.8,41295.2,40730.6,40828.4,1040.78
1621390500000,40820,41065.7,40600,40852.2,821.17
1621391400000,40856.5,41143.5,40726.2,41107.8,654.19
1621392300000,41107.9,41107.9,40250,40324.7,1104.95
1621393200000,40326.4,40868.9,40128.4,40569.6,1292.5
1621394100000,40572.2,41050.6,40467.1,40944.2,992.67
1621395000000,40955.5,40989.5,40607.1,40624.2,476.06
1621395900000,40624.2,40819.9,40480.8,40626.1,589.95
1621396800000,40637,40886.9,40397.2,40402.4,846.48
1621397700000,40402.4,40499.9,39476.4,39569.7,2569.5
1621398600000,39569.7,40172.8,38900,39354,3083.22
1621399500000,39354,39507.9,38608.1,39301.3,2665.38
1621400400000,39301.3,39937.8,39178.2,39778.2,1591.4
1621401300000,39778.2,39848,39419.7,39699,872.65
1621402200000,39708.2,39725.9,39034.7,39200,1121.16
1621403100000,39199.9,39528.2,39066.5,39230.9,1075.58
1621404000000,39224.7,39866,39224.7,39854.2,959.78
1621404900000,39854.2,39854.3,39574.8,39771.8,494.83
1621405800000,39761.5,39761.6,39381.9,39399.1,620.97
1621406700000,39399.5,39455,39108,39397.9,874.11
1621407600000,39397.9,39696.8,38900,38983.6,1024.78
1621408500000,38982.4,39600,38500,39555.4,2429.29
1621409400000,39550.4,40283.9,39368.5,40110.6,1890.07
1621410300000,40106.3,40457.8,40106.2,40371.2,1558.35
1621411200000,40370,40453,40077.2,40138.6,853.67
1621412100000,40151.1,40333,39750,40308.9,1534.01
1621413000000,40309,40544.4,40153.1,40436.5,649.06
1621413900000,40444,40815.9,40291.1,40466.6,794.11
1621414800000,40466.6,40699.4,40412.4,40460.2,387.05
1621415700000,40460.2,40463.6,40056,40160.5,527.47
1621416600000,40170.3,40449,40123.3,40130.4,449.82
1621417500000,40124.6,40480.6,40080.1,40338.2,434.87
1621418400000,40338.2,40450,39494.3,39691.7,1760.34
1621419300000,39699.9,39797.3,39368.9,39600,1123.21
1621420200000,39590.6,39633.6,38963.1,39214.1,1667.51
1621421100000,39214.1,39543.9,38900,39438,1131.71
1621422000000,39449.7,39545.5,39151.1,39415.1,888.2
1621422900000,39421.7,39449.9,38012.4,38162.6,3039.62
1621423800000,38159.7,38700.8,36116.1,38368.2,9301.61
1621424700000,38368.3,38877.7,37750.8,38684.7,3267.6
1621425600000,38684.6,39218.2,38291,38726.7,1749.52
1621426500000,38742.2,38899.7,38164.4,38331.3,2002.67
1621427400000,38330,38330,36400,36417.5,3323.27
1621428300000,36410,37343.8,31925.9,34958.2,13786.6
1621429200000,34958.1,34958.1,28803.3,31405.8,12699.9
1621430100000,31409.9,33929.9,31227.4,33292.7,7860.6
1621431000000,33275.9,37294.6,33203,37276,4837.82
1621431900000,37284.3,37299.9,34938.1,35876,5252.75
1621432800000,35869.9,35900,33876.4,34879.9,6436.97
1621433700000,34919.8,35737,34425.2,35450.2,3273.03
1621434600000,35450.2,35450.3,34613.7,35243,2031.66
1621435500000,35239.6,37462.2,35185,37432.8,3367.96
1621436400000,37404.9,37429.4,36313.6,36958.4,2556.67
1621437300000,36961.4,37800,36578,36793.6,2220.18
1621438200000,36787.3,37574.8,36559.8,37506.2,2250.93
1621439100000,37498.5,37832.6,37016.2,37246.3,1689.02
1621440000000,37254.9,37531.8,36085,36509.2,2337.85
1621440900000,36496.7,37481.2,36492.4,37481.2,1385.6
1621441800000,37487.5,39600,37390.9,39441.9,3563.42
1621442700000,39432.8,40240.1,38899.7,39636.7,2957.59
1621443600000,39643.1,40567.6,39489.9,40000,1898.67
1621444500000,40001.7,40481.9,39750,40045.9,1255.16
1621445400000,40045.9,40057.7,39071.5,39176.4,1440.44
1621446300000,39176.4,39754.9,38919.3,39416.4,1069.72
1621447200000,39385.6,39624.3,38257.6,38418.4,1548.72
1621448100000,38406.6,38752,37896.9,38583.9,1458.48
1621449000000,38579.5,38833.2,37662.4,37739.5,837.74
1621449900000,37737.9,38269.8,37688.5,38014,885.73
1621450800000,38013.9,38780,37742.1,38692.9,1321.88
1621451700000,38677,39059.2,38098.6,38647.2,903.29
1621452600000,38647.2,39190.8,38122.9,39140.4,938.11
1621453500000,39132.7,39534.9,38861.8,39359.4,938.73
1621454400000,39363.5,40172.7,39304.2,39747.5,1397.3
1621455300000,39746.1,39837.3,39058.1,39079.4,808.28
1621456200000,39099.7,39350.6,38400,38426.7,1073.56
1621457100000,38426.6,38745.2,38028.9,38241.9,728.3
1621458000000,38241.8,38730.8,37675.5,37716.4,814.99
1621458900000,37715.7,38168.1,37035.7,37700.6,1740.26
1621459800000,37688.7,38961.8,37688.7,38887.4,487.64
1621460700000,38887.4,38985,38624,38793.6,362.53
1621461600000,38793.6,39659.6,38273.9,39466.4,997
1621462500000,39466.4,39509.8,38830.7,38973.4,933.12
1621463400000,38973.4,39534.1,38900.1,39376.3,971.96
1621464300000,39368.6,39549.9,38947.9,39086.2,944.8
1621465200000,39104.5,39282.9,37778.3,38051.7,2012.01
1621466100000,38034.7,38442,37666.6,37886.2,1357.05
1621467000000,37881.7,38395.8,37491.5,37559.5,921.85
1621467900000,37558.5,37771,36630,36715.5,2111.66
1621468800000,36720.5,37929.8,36680.4,37807.8,2739.36
1621469700000,37807.7,38189.4,36896,37014.3,1837.39
1621470600000,36991.8,37143.5,35461.5,35502.4,3302.24
1621471500000,35521.2,36249.9,34888,35792.8,3565.62
1621472400000,35792.7,37099,35505.4,35994.4,3235.6
1621473300000,36004.2,37521.8,35912.1,37128.1,3208.47
1621474200000,37136.5,37444,36778.3,36906.5,2056.34
1621475100000,36901.6,37276,36406.9,36961,1296.65
1621476000000,36962.9,38133.8,36835.3,37888.8,1121.57
1621476900000,37893.4,37998.1,37578.8,37831.9,802.56
1621477800000,37825.3,38220,37472.7,37778.9,846.46
1621478700000,37779,38199,37732.4,38012.3,644.18
1621479600000,38020.8,38550,37900,38397.9,908.47
1621480500000,38407.2,38407.3,37952.3,38376.3,469.2
1621481400000,38366.3,38379.4,37825.8,37955.4,513.96
1621482300000,37961.5,38338.5,37919.8,38315,641.33
1621483200000,38309,39579.1,38174.5,39259.2,1399.23
1621484100000,39259.2,39739.5,39259.2,39545.5,945.26
1621485000000,39545.5,39569.5,39094.1,39285,727.93
1621485900000,39281.2,39540.7,39135.9,39389.8,572.17
1621486800000,39390.5,39885,39342.9,39495,780.58
1621487700000,39490.9,39712.7,39100,39201.7,627
1621488600000,39208.6,39916,39208.6,39909.9,655.51
1621489500000,39909.9,39965.1,39641.8,39889.7,477.36
1621490400000,39893.8,40187.7,39342.2,39550.1,974.49
1621491300000,39550.1,39645.8,39156,39297.3,687.16
1621492200000,39301.5,40046.8,39301.4,39972.8,869.28
1621493100000,39971.9,40199.9,39554,39652.2,739.31
1621494000000,39644.4,40442,39620.7,40085,1085.38
1621494900000,40083.7,40750,40006.2,40626.5,944.76
1621495800000,40626.5,40657,40178.4,40311.1,683.85
1621496700000,40307.6,40478.6,39768.3,39927,802.52
1621497600000,39918.6,40225.5,39506.2,39590.8,797.51
1621498500000,39590.7,39925.8,39533.5,39715.7,454.79
1621499400000,39715.8,39760.5,39328.9,39572.7,422.68
1621500300000,39572.7,39845.5,39350,39837.8,296.44
1621501200000,39829,39873.1,39432.9,39605.1,300.89
1621502100000,39605.1,39677.8,39018,39041.2,651.72
1621503000000,39045.6,39697.7,38729.3,39596,776.5
1621503900000,39596,40219.2,39502,39954.1,953.62
1621504800000,39954.1,40082.4,39767.6,39994.5,448.57
1621505700000,39992.4,40253.4,39469,39928.1,758.79
1621506600000,39920,40145.8,39561.1,39985.3,754.23
1621507500000,39985.3,40485.2,39985.3,40394.8,710.83
1621508400000,40394.7,40488,39959.6,39984.8,397.61
1621509300000,39970.1,40200,39713.6,39745.3,549.54
1621510200000,39758.1,40670.3,39758.1,40626.7,793.13
1621511100000,40626.6,40674,40261.4,40470.7,461.17
1621512000000,40475.8,40639.9,40095,40321.1,471.58
1621512900000,40304.4,41849.8,40283.6,41755.8,2697.54
1621513800000,41755.9,41966.5,41385.7,41882.8,923.47
1621514700000,41878.9,41922.8,41587.3,41701.8,508.4
1621515600000,41701.7,41976.4,41650,41784.7,555.03
1621516500000,41784.7,42482.6,41748.8,42265.6,1119.35
1621517400000,42265.7,42316.4,41366.6,41499.3,948.85
1621518300000,41494.4,41972.5,41494.4,41740.9,589.51
1621519200000,41740.9,42269.9,41550,41577.1,824.62
1621520100000,41562.6,41749.9,41254.6,41710.7,598.62
1621521000000,41716.2,42028.8,41454.1,41834.6,426.33
1621521900000,41829.3,41983.3,41350,41469,434.28
1621522800000,41468.9,41831,41380.9,41771.9,363.53
1621523700000,41771.9,42000,41640.5,41738,410.64
1621524600000,41744.7,41744.7,41423.5,41647.6,273.46
1621525500000,41632.5,41836.2,40942.5,41447.5,786.6
1621526400000,41450,41454.8,39079.2,39421.2,4270.41
1621527300000,39429.9,39954.4,38911.9,39829.2,2640.66
1621528200000,39804.9,39899.9,38558.1,38572.5,1837.31
1621529100000,38568.2,39451.1,38100,39275.3,1684.66
1621530000000,39272.2,39688.8,39101,39222.3,1064.87
1621530900000,39207.8,39468,38717.8,39223.7,842.87
1621531800000,39221.4,39640.6,39162.6,39494.7,577.15
1621532700000,39497.9,40228.1,39363.5,39764.5,909.95
1621533600000,39752.5,39752.6,39200,39307,738.23
1621534500000,39311.7,39899.9,39308.4,39783.6,467.83
1621535400000,39776.3,39857.9,39639.8,39734,284.37
1621536300000,39740,39992.5,39719.3,39766.5,354.96
1621537200000,39768.5,40118.7,39530.3,39691.5,516.25
1621538100000,39691.5,40433.7,39580.9,40283.2,444.52
1621539000000,40274.3,40274.3,39942.8,40101.4,391.7
1621539900000,40088,40370.9,39968.4,40084,226.23
1621540800000,40091.2,40632.9,39602.7,40194.7,686.62
1621541700000,40184.8,40540.2,40177.7,40434.1,196.52
1621542600000,40414.4,40455,40074.7,40146.8,177.54
1621543500000,40146.9,40180.8,39808,39975.6,249.15
1621544400000,39975.6,40324.1,39689.6,40300,244.38
1621545300000,40300,40794.3,40217.9,40535,289.35
1621546200000,40544.4,40784.5,40499.5,40575.5,71.04
1621547100000,40583.2,40700,40547.6,40661.2,106.69
1621548000000,40655.3,40660.3,40288,40313.1,172.5
1621548900000,40320.6,40400.1,40089.7,40150,200.2
1621549800000,40150,40150,39467.9,39631.7,471.23
1621550700000,39631.7,41880.5,39621.5,41454.1,2001.19
1621551600000,41454.1,41735.1,40780.2,41010,921.09
1621552500000,41033,41350,40914.6,40963.2,420.27
1621553400000,40963.2,41149.4,40293.1,40677.4,754
1621554300000,40682.6,40820,40238.8,40531.2,491.42
1621555200000,40515.9,41145.6,40469.4,41005.4,772.65
1621556100000,41014.5,41150,40719.2,41007.9,456.68
1621557000000,41013.6,42288,40953.9,41997.7,1441.45
1621557900000,42014.2,42096.8,41600,41737.7,653.96
1621558800000,41743.8,41839.4,41590.9,41610.3,270.4
1621559700000,41612.5,41750,41423.6,41511.7,270.66
1621560600000,41523.4,41800,41523.3,41675.6,291.86
1621561500000,41670.1,41670.1,41261.2,41429.2,499.8
1621562400000,41427.1,41505.4,41152.8,41450.1,293.23
1621563300000,41450.1,41618.7,41035.8,41188.6,456.37
1621564200000,41184.5,41330.4,41088.1,41249.8,370.79
1621565100000,41245.6,41370.7,41150.1,41259.9,216.03
1621566000000,41256.3,41288.7,40875.3,40957.4,572.7
1621566900000,40957.4,41130.2,40575.9,40605.2,575.58
1621567800000,40603.3,40903.5,40430.1,40717.4,742.15
1621568700000,40722.2,40898.2,40631,40689.9,373.16
1621569600000,40690.6,40747.4,40312.9,40367.3,777.5
1621570500000,40356.3,40634.2,40056.9,40082.9,494.71
1621571400000,40087.8,40253.7,39708.7,39850.1,835.65
1621572300000,39850,40141.8,39834.2,39971,355.82
1621573200000,39969.1,40300,39650,39683.6,543.66
1621574100000,39702.3,40157.7,39596.6,39994.2,616.58
1621575000000,40000,40229.1,39886.5,40123.7,384.81
1621575900000,40123.6,40210.7,39774,39822,362.3
1621576800000,39862.2,39862.2,39270.5,39286.5,1252.37
1621577700000,39286.5,39829.6,39275,39613.3,510.71
1621578600000,39612,39949.3,39612,39838,305.63
1621579500000,39836.1,40877.5,39612,40599.4,1209.71
1621580400000,40609.9,40624.5,39782.9,39889.1,803.9
1621581300000,39889.1,39999.9,39560.4,39625.3,726.18
1621582200000,39625.2,39820.2,39490.4,39667,522.23
1621583100000,39667.1,39900,39667.1,39858.2,373.79
1621584000000,39874.2,40008.3,39288,39479.1,786.89
1621584900000,39481.5,40368.1,39438.2,40109.9,1250.53
1621585800000,40109.9,40259.4,39558.9,39664.9,845.76
1621586700000,39664.8,40132,39620,40019.8,451.63
1621587600000,40023,40500,40023,40144.9,667.29
1621588500000,40138.1,40527.3,40138,40452,397.29
1621589400000,40445,41223.5,40350,41088.3,1257.35
1621590300000,41090.3,41122.9,40728.8,40856.4,546.6
1621591200000,40856.4,40928.9,40640.8,40772.4,401.57
1621592100000,40774.4,41100,40540.7,40863.3,640.06
1621593000000,40863.3,41149.3,40755.8,41093,623.65
1621593900000,41095.4,41095.4,40642.9,40713.5,486.16
1621594800000,40718.8,40826,40204.1,40440.9,1276.11
1621595700000,40434.5,40544.2,40313.7,40369.2,409.38
1621596600000,40371.7,40729.3,40371.7,40537.9,589.92
1621597500000,40540.1,41187.8,40540.1,41098.2,691.45
1621598400000,41095.4,41574.4,40741.5,41191.9,1006.56
1621599300000,41199.9,41300,40781.6,40861.9,514.31
1621600200000,40861.9,41062.7,40711,40877.3,377.71
1621601100000,40881.5,40973.6,40438.8,40478.1,789.5
1621602000000,40478.1,40766,40227,40693.6,681.44
1621602900000,40686.8,41055.4,40684.7,41051.2,472.74
1621603800000,41055.3,41244,40968.7,41133.3,414.38
1621604700000,41138.4,41182.3,41005.3,41083.2,261.39
1621605600000,41086.2,41720.9,40357.1,40511.9,1615.65
1621606500000,40511.8,40699.4,37442,38465.6,11485.03
1621607400000,38465.3,38929,36448.8,37935.9,10032.78
1621608300000,37944.1,38406.9,37389,37804.1,5064.31
1621609200000,37794.8,38279.8,37005.6,37926.4,3681.12
1621610100000,37928.2,38120.8,37328,37606.5,1777.94
1621611000000,37622.3,37950,36880.7,37365.1,1620.07
1621611900000,37366.2,37604.9,36377.8,36814.9,1815.25
1621612800000,36828,37470,36033.5,36986.3,4205.53
1621613700000,36986.3,37480,36712.5,37318.7,1839.93
1621614600000,37312.8,37815.2,37020,37324.3,1499.23
1621615500000,37302.4,37560.2,37000,37049.8,982.71
1621616400000,37036,37392.1,36710,36978.2,1210.67
1621617300000,36985.5,37369.7,36900.1,36981.2,719.96
1621618200000,36977.4,37134,36639.6,37087.5,919.44
1621619100000,37083.9,37371.6,36930.6,37348.3,464.88
1621620000000,37350.8,37357.9,36794.9,36796.5,505.9
1621620900000,36792.4,36969.8,36375.7,36523.8,865.26
1621621800000,36518.3,37291.5,36518.3,37135.2,817.87
1621622700000,37135.1,37267,36728,37176,557.63
1621623600000,37166.3,37166.3,36642.2,36982,639.79
1621624500000,36995.8,36995.8,36046.9,36076.3,1086.9
1621625400000,36075.9,36209.7,35550,35716.8,1592.75
1621626300000,35718.7,36310.3,35465.5,36057.4,1073.25
1621627200000,36065.9,36349,35557.1,35585.6,749.97
1621628100000,35598.2,36249,35164.7,36101,1315.39
1621629000000,36101.1,36143.1,35656.2,35983.5,698.99
1621629900000,35988,36162.1,35146.4,35211.7,947.02
1621630800000,35207.3,35585.7,34058.9,34131.9,2325.7
1621631700000,34130.1,35940.4,33433.3,35769.3,3570.72
1621632600000,35744.7,36627.6,35300.1,36578.9,1171.4
1621633500000,36576.8,36620.2,36080.7,36567.5,763.91
1621634400000,36578.8,36591.1,35967,36346.6,760.49
1621635300000,36347.3,36646.1,36215.2,36606.7,735.15
1621636200000,36612,37200,36464.3,36810.7,1118.5
1621637100000,36813.7,36979.3,36460.3,36650.7,629.23
1621638000000,36649.2,37394.1,36305.7,37147.3,918.08
1621638900000,37139.9,37465,36963.1,37207.5,894.76
1621639800000,37213.9,37441.3,36860.1,37025,675.4
1621640700000,37029.8,37294.1,36804.3,37252.4,420.51
1621641600000,37240.7,37612.9,37033.4,37047.8,644.03
1621642500000,37059.1,37207.3,36881.6,36928.3,279.5
1621643400000,36923.2,37371.2,36923.2,37236.9,530.45
1621644300000,37235.6,37713,37235.6,37623.9,468.72
1621645200000,37624,37624,37171.9,37235.3,519.8
1621646100000,37229.1,38019.7,37221,37919.6,826.07
1621647000000,37910.6,37977,37744.2,37892.7,355.29
1621647900000,37895,37911.8,37540.3,37610.8,281.95
1621648800000,37610.8,38092,37582.7,37770.5,590.41
1621649700000,37770.4,38091.1,37679,37876.5,645.41
1621650600000,37885.1,37887,37339.9,37339.9,495.61
1621651500000,37340,37552.7,37172.1,37365.7,448.88
1621652400000,37369.2,37687.3,37344.4,37382.4,345.39
1621653300000,37387.4,37463.1,36860.1,37001.9,861.91
1621654200000,37001.9,37125.6,36523.4,36640.4,687.43
1621655100000,36631.5,37000,36631.5,36948.4,464.02
1621656000000,36948.3,37235.8,36863.8,37121.3,582.02
1621656900000,37129.4,37129.9,36371.6,36463.8,768.63
1621657800000,36477.2,36636.4,36246.6,36388.4,651.09
1621658700000,36386.1,36432.5,35902.5,36293,697.78
1621659600000,36301.1,36462,35600.5,35940.5,862.81
1621660500000,35940.5,35998.2,35311,35418.6,731.3
1621661400000,35419.8,35957.9,35213.1,35891,710.09
1621662300000,35888.7,36700,35888.7,36388.3,1001.99
1621663200000,36374.9,36506.9,35764,35787.8,587.29
1621664100000,35787.8,36100,35517,35684.1,635.7
1621665000000,35676.3,36336.5,35580,35900,778.72
1621665900000,35886,36493.9,35825.2,36400,420.19
1621666800000,36399.9,36400,35726.3,35749,480.81
1621667700000,35764.7,36248.3,35610.4,36126.7,581.8
1621668600000,36125.2,36317.1,35805.7,36277.9,401.51
1621669500000,36282.5,36500,36063.9,36273.3,755.36
1621670400000,36273.4,36812.5,36267,36547.6,955.97
1621671300000,36559.9,36760,36380.6,36592.2,478.96
1621672200000,36582.9,36964.9,36489.8,36903.4,439.65
1621673100000,36903.4,37132.2,36789.1,36789.9,627.83
1621674000000,36790,36949.6,36618.5,36778.3,422.75
1621674900000,36778.3,37457,36490,37114.4,1094.57
1621675800000,37118.5,37376.8,37087.8,37190.5,450.08
1621676700000,37190.6,37239.9,36905.4,37178.3,428.24
1621677600000,37176.5,37566,36817.9,37067.3,891.43
1621678500000,37064.3,37494.2,36965.2,37385,612.61
1621679400000,37397.4,37870,37307.4,37843.1,1111.63
1621680300000,37835.5,38822,37750.1,38342.8,1733.34
1621681200000,38342.9,38518.5,38189,38274.1,491.71
1621682100000,38274,38385.9,38099.9,38174.5,411.07
1621683000000,38174.5,38333,37558,37960.8,1068.48
1621683900000,37956.3,38277.7,37921,38157.3,269.18
1621684800000,38164.4,38467.2,37815.1,37932,708.74
1621685700000,37932.1,38618,37715.9,38493.7,1248.93
1621686600000,38494.3,38729,38327.1,38415.6,731.42
1621687500000,38421.6,38434.3,38048.6,38148.2,452.77
1621688400000,38154.6,38350.4,37956.4,38283.3,729.28
1621689300000,38282.3,38555,38270.3,38531.6,426.5
1621690200000,38531.6,38845.5,38380.1,38417.6,606.37
1621691100000,38420.3,38674.9,38258.2,38310.8,354.74
1621692000000,38316.9,38477.5,38011.6,38144.6,555.48
1621692900000,38157.9,38532.1,38114.5,38362,371.33
1621693800000,38351.6,38363.1,37509.9,37521.2,1015
1621694700000,37514.2,37920,37373.2,37805.6,890.07
1621695600000,37800,37967.2,37150,37221.2,919.82
1621696500000,37221.3,37587.5,37081,37504.6,816.19
1621697400000,37503.4,38737.7,37445.3,38547.8,1445.26
1621698300000,38537.7,38537.7,38093.2,38164.7,645.41
1621699200000,38169.2,38450,37572.2,38075.8,1672.7
1621700100000,38061.8,38290,37890.1,38269.4,466.49
1621701000000,38269.9,38450,38084.6,38238.1,349.34
1621701900000,38238.3,38330,38001,38148.7,404.8
1621702800000,38148.7,38545.7,38148.7,38408.1,808.04
1621703700000,38408.2,38415.4,38074.3,38192.5,297.15
1621704600000,38192.6,38281.2,37780.9,37870.4,521.49
1621705500000,37877.7,38105.8,37787.1,37971,384.35
1621706400000,37966.1,38113.8,37641.8,37914.5,415.64
1621707300000,37917.2,37936,37599.9,37633.2,320.99
1621708200000,37634.2,37766.7,37304.8,37390.1,594.07
1621709100000,37396.6,37690.1,37392.3,37642,288.96
1621710000000,37642,38000.7,37421.7,37846.7,473.97
1621710900000,37831.3,37846.6,37539.4,37741.1,211.95
1621711800000,37738.5,37882,37711.7,37836.7,144.53
1621712700000,37836.7,37863.4,37184.4,37279.6,415.96
1621713600000,37284.5,37682.4,37263.9,37610,262
1621714500000,37602.8,38002,37550.5,37796.6,237.34
1621715400000,37804.3,38249.1,37671.4,38117.2,389.57
1621716300000,38118.4,38118.4,37970.1,38026.7,156.6
1621717200000,38027,38141.7,37902.7,38008.7,218.25
1621718100000,38000,38146.3,37926,38000.1,190.37
1621719000000,38000,38128.5,37821.9,37969.9,70.74
1621719900000,37979,38377.7,37948.1,38170.7,105.53
1621720800000,38176.1,38318.1,37829.4,37987.9,385.85
1621721700000,37995.8,37995.8,37339.5,37692.2,541.76
1621722600000,37696.3,37726,37352.5,37471.1,266.99
1621723500000,37471.2,37680.9,37400,37612,178.19
1621724400000,37619.9,37820,37560.3,37778.8,167.75
1621725300000,37778.8,37848.4,37656.6,37810.2,152.02
1621726200000,37810.3,37810.3,37461,37602.7,281
1621727100000,37633.7,37633.7,37385,37450.6,231.18
1621728000000,37460.1,37460.1,36683.7,37196.3,1064
1621728900000,37189.3,37575.1,37031.6,37550,402
1621729800000,37554,38129.9,37519.5,38112.7,540.41
1621730700000,38113.2,38269.9,37982.5,38182,439.64
1621731600000,38184.7,38218.2,38061,38116.2,203.89
1621732500000,38124.3,38183.9,38050,38135.4,152.23
1621733400000,38135.4,38183.3,37942,37981.3,232.81
1621734300000,37981.3,38095.9,37867.3,37905.1,219.85
1621735200000,37911,38024.5,37815.1,37842.8,195.56
1621736100000,37842.8,37870,37526.5,37600.1,359.67
1621737000000,37600.9,37819.9,37430.4,37507.3,294.61
1621737900000,37515,37588.4,37350.5,37471.6,272.95
1621738800000,37471.6,37585,37333.1,37402.9,237.77
1621739700000,37402.9,37661.4,37231.5,37461.2,402.71
1621740600000,37461.2,37666.1,37383,37598,240.51
1621741500000,37590,37593.3,37383,37452,210.79
1621742400000,37452,37452,37177.4,37374.6,367.71
1621743300000,37389.1,37389.1,37050.2,37294.5,446.1
1621744200000,37290.9,37372.7,37101.6,37370.3,219.29
1621745100000,37370.3,37420,37150.1,37201.8,211.14
1621746000000,37208.5,37208.6,36636.4,36869,907.99
1621746900000,36869,37121.9,36666,36955.7,507.6
1621747800000,36955.7,37080,36897.4,37054.1,186.41
1621748700000,37054.2,37099.9,36900,36904.4,202.75
1621749600000,36904.4,37335.1,36701.6,36828.3,638.5
1621750500000,36819.8,36833.6,36573.9,36600,476.07
1621751400000,36600,36720,36309.8,36560,678.21
1621752300000,36560.1,36697,36432.9,36655.1,421.93
1621753200000,36655.1,36798.3,36487,36697,357.88
1621754100000,36702.3,36702.3,36138,36285.4,840.51
1621755000000,36300,36399,36033,36051.4,497.37
1621755900000,36051.4,36224,35540.4,35935.9,1357.64
1621756800000,35934.3,35935.9,35000,35085,1603.17
1621757700000,35085,35517.4,34424.4,35395.3,3077.11
1621758600000,35395.3,35395.3,34700.5,34883,1995.03
1621759500000,34882.9,35012.8,33778.4,34349.1,2920.39
1621760400000,34349,34895.2,34107.8,34132,2240.52
1621761300000,34124.2,35299.5,33960,34999.1,1915.63
1621762200000,34990.8,35100,34511.4,34551.5,948.47
1621763100000,34551.6,34727.8,34024.1,34202.1,1354.24
1621764000000,34206.6,34888,34128.7,34770,1311.79
1621764900000,34764.7,35200,34660,35192.7,1162.69
1621765800000,35183.2,35835.9,34987.9,35388.8,1332.27
1621766700000,35391.7,35545.2,34977.3,35013.2,537.91
1621767600000,35013.1,35362.8,34969.1,35147.4,411.13
1621768500000,35142.6,35667.2,34562.1,35470.2,1058.5
1621769400000,35470.3,35791.6,35221.6,35630.6,557
1621770300000,35637.8,35700,35350,35380.8,293.23
1621771200000,35383.1,35796.1,34922.9,35312.7,1128.13
1621772100000,35321.2,35624.8,34970.8,35010.3,886
1621773000000,35026,35199.6,33381.1,33410,2463.92
1621773900000,33408.1,34452.8,32973.4,33912.1,4616.02
1621774800000,33930.3,34123.5,32938.9,33716.2,3008.29
1621775700000,33721.6,33859.9,32682.9,33028.7,2662.44
1621776600000,33022.9,33392.1,32564.2,33309.9,2536.39
1621777500000,33309.8,33900,33238.9,33627.8,1889.1
1621778400000,33630.9,33731.3,33164.5,33445.6,1396.53
1621779300000,33442.6,33670,33023.1,33666.8,1106.39
1621780200000,33666.9,34555,33422.1,34304.8,1419.31
1621781100000,34280.4,34366.9,33834.9,33860.4,1013.48
1621782000000,33864.2,33973.2,33324.9,33491.6,1135.46
1621782900000,33484.7,33954.8,33482.7,33880.6,857.12
1621783800000,33877.9,33877.9,33165.6,33182.2,884.85
1621784700000,33186.1,33421.1,32981,33311.2,1084.78
1621785600000,33308,33682.9,32117.5,32286,3180.22
1621786500000,32285.9,32600,31636.3,31948.5,3357.71
1621787400000,31945.9,32361.7,31077.4,31319.1,3016.21
1621788300000,31326.4,32719,31318.7,32221.1,2615.26
1621789200000,32223.3,33894.6,32093.1,33387,2873.32
1621790100000,33389.2,33421.5,32669.6,32911.3,1501.43
1621791000000,32911.3,33266,32527.2,32946.4,1047.74
1621791900000,32950.8,33245.4,32615.2,32709.9,799.58
1621792800000,32713.8,32741,31806.5,32321.6,1550.01
1621793700000,32324.9,33000,32037.2,32900,1037.3
1621794600000,32900,33453.4,32547.7,32585.9,1218.59
1621795500000,32575.3,32893.7,32386.5,32538.9,1039.25
1621796400000,32533.7,32900,32236.4,32800,1080.11
1621797300000,32793.7,33459.2,32700.1,33196.3,1070.14
1621798200000,33196.2,33230.3,32872.4,33010.4,667.41
1621799100000,33017.4,33145.4,32759.1,33069.1,487.49
1621800000000,33060,33792.3,33057.8,33645.8,1038.91
1621800900000,33639.6,33644.7,33281.1,33344.2,579.44
1621801800000,33344.2,33835.7,33344.2,33619.7,521.78
1621802700000,33632.4,33954,33449.3,33625.7,640.12
1621803600000,33617.2,34137.8,33589.9,34137.8,513
1621804500000,34137.8,34465.3,34056.3,34175.1,832.64
1621805400000,34175.1,34178.9,33776.3,33843.4,269.68
1621806300000,33844.6,34062.8,33684.8,33999.7,374.11
1621807200000,33999.7,34546.9,33999.7,34500,419.56
1621808100000,34500,34876,34383.6,34421.2,587.13
1621809000000,34426.6,34596.7,34122.5,34134.4,472.74
1621809900000,34175.6,34299.9,33608.5,33845.6,653.36
1621810800000,33837.7,34414,33837.7,34221.9,457.5
1621811700000,34221.9,34859.9,34221.9,34734.3,598.62
1621812600000,34743.6,34873.9,34388.3,34576.9,446.56
1621813500000,34588.1,34988.7,34540.1,34683,474.25
1621814400000,34683,35578,34670.2,35359.3,1140.2
1621815300000,35359.3,35720,35300,35615.4,614.99
1621816200000,35602.9,35618.2,34959.2,35080,556.68
1621817100000,35087.3,35316.9,35052.6,35191.4,385.52
1621818000000,35191.4,35273,34700,34743,442.01
1621818900000,34743,35075.2,34743,35030.5,494.03
1621819800000,35036.2,35484.6,34907.1,35421.6,728.98
1621820700000,35412.4,35547,35050.7,35098.7,381.28
1621821600000,35098.7,35184,34818.4,35107.6,379.53
1621822500000,35107.5,35387.4,35048.6,35324.9,272.11
1621823400000,35329.5,35466.7,34956.3,35105.8,321.24
1621824300000,35115.5,35398,34982.8,35256.7,344.26
1621825200000,35265,35681,35117,35480.6,829.66
1621826100000,35476.6,35923.8,35476.6,35670.3,663.11
1621827000000,35670.3,35697.6,35341.3,35374.2,326.53
1621827900000,35374.2,35442.4,35141.3,35247.3,294.34
1621828800000,35247.3,35408.4,34937.1,35140.1,346.56
1621829700000,35148,35291.2,35023.6,35050.7,367.19
1621830600000,35058,35190.3,34370.9,34445.5,1005.12
1621831500000,34433.8,35003.1,34433.8,34883.9,648.78
1621832400000,34884,35488,34884,35395.4,511.5
1621833300000,35385.4,35385.4,35082.9,35139.9,237.92
1621834200000,35134.6,35160.4,34760.9,34893.6,465.26
1621835100000,34893.6,35300,34893.6,35286.5,293.34
1621836000000,35281.5,35497.9,35015.3,35451.7,472.53
1621836900000,35455.7,35466.1,35200.1,35399.1,399.23
1621837800000,35402.6,35756,35277.9,35560.9,558.19
1621838700000,35550.5,36228.7,35535.5,36082.4,999.19
1621839600000,36089.6,36671.8,36089.5,36484.8,1272.02
1621840500000,36480,36490.3,36173.6,36176.5,366.65
1621841400000,36181.9,36828.3,36181.9,36624.6,553.1
1621842300000,36622.3,36888,36440.4,36620.5,631.33
1621843200000,36631.5,36846.3,36378.8,36676.3,521.43
1621844100000,36667,36813,36324.3,36382.4,585.39
1621845000000,36372.9,36590.4,36167.2,36516,520.06
1621845900000,36516,36690.3,36362.5,36612.1,384.16
1621846800000,36612.1,36612.1,36223,36250.3,341.13
1621847700000,36250.2,36454,36230.3,36358.5,326.42
1621848600000,36348,36553.9,36278.6,36500.5,312.28
1621849500000,36509.1,36509.1,36189.8,36214.8,392.55
1621850400000,36214.7,36500,36214.7,36294.8,292.05
1621851300000,36296.3,36700,36280,36332.5,410.93
1621852200000,36342.8,36362.3,35894,36207.9,818.73
1621853100000,36207.9,36536.2,36050.2,36422.7,547.48
1621854000000,36404.6,37368.9,36400.5,36956.2,1083.94
1621854900000,36956.2,37191.9,36897.2,37179.5,481.33
1621855800000,37175.2,37845.1,37100.3,37650,1394.25
1621856700000,37650,37888,37402.8,37586.5,860.67
1621857600000,37585,37814.8,37367.4,37559.4,898.27
1621858500000,37559.3,38216.4,37484.2,38099.1,1242.96
1621859400000,38096,38643.8,38095.7,38431.5,1370.85
1621860300000,38427.4,38553.8,38207.1,38237.7,517.13
1621861200000,38237.6,38425,37932.5,38040.1,525.62
1621862100000,38045,38071.7,37455,37865.8,739.85
1621863000000,37865.8,38261.5,37729.9,37805.3,771.01
1621863900000,37803.9,38015.4,37430,37611.3,772.8
1621864800000,37610.1,38105.3,37537.5,38039.1,590.2
1621865700000,38031.6,38035.1,37500,37580.5,528.08
1621866600000,37580.6,37685.8,37342.7,37606.6,644.82
1621867500000,37598.5,37760,37480.1,37685.1,305.9
1621868400000,37688.7,37917.5,37310,37635.1,657.44
1621869300000,37642.1,38025.2,37486.9,37930.7,609.14
1621870200000,37932.8,38245.5,37731.5,37731.5,542.22
1621871100000,37731.1,37731.1,37399,37559.9,509.05
1621872000000,37565.3,37976,37177,37345.2,1243.77
1621872900000,37351.8,37462.9,36865.8,37216,794.51
1621873800000,37216,37733.7,37066.6,37542.8,615.08
1621874700000,37546.3,37600,37289,37366,316.43
1621875600000,37375,37555,37196,37499,366.02
1621876500000,37508.5,37887.5,37396.8,37654.2,450.22
1621877400000,37658.7,37658.7,37377.1,37607.1,271.31
1621878300000,37607.1,37770.4,37475.8,37673.6,219.4
1621879200000,37682.9,37766.7,37413.6,37467.6,187.88
1621880100000,37469.8,38255,37469.8,38138.7,405.02
1621881000000,38138.7,38378.2,37797.6,37819.6,346.1
1621881900000,37819.7,38021.2,37798.8,37922.1,147.96
1621882800000,37911.9,38428.5,37887.7,38173.8,264.74
1621883700000,38173.8,38331.9,37833.3,38099.9,269.66
1621884600000,38099.9,39471,37743.7,39388,1121.08
1621885500000,39395.5,39784.9,38923.6,39592.4,1833.63
1621886400000,39594,39900,39430.3,39526.9,1010.36
1621887300000,39542.5,39542.5,39010.3,39126.5,419.92
1621888200000,39133.1,39173.8,38727.2,38793.8,440.45
1621889100000,38797.1,39119.9,38794,38967.1,321.8
1621890000000,38965.1,39298.4,38942.4,39172.8,275.86
1621890900000,39176.7,39298.4,38932.9,38975.9,239.71
1621891800000,38975.5,39142.5,38364.1,38380.9,300.04
1621892700000,38387.9,38828.1,38326.1,38492.5,292.12
1621893600000,38487.2,38788.9,38438.5,38781.4,205.83
1621894500000,38781.3,38881.5,38452.6,38478,241.72
1621895400000,38473.9,38645,37969.8,38138.2,661.06
1621896300000,38123.9,38520,38104.1,38432,455.82
1621897200000,38437.4,38585.9,38324,38438.1,264.55
1621898100000,38442.9,38560,38236.5,38433.6,278.02
1621899000000,38424.5,38745.2,38424.5,38726.6,193.35
1621899900000,38726.6,38902.8,38487.6,38802.2,254.87
1621900800000,38806.1,39169.2,38500,38916.6,601.99
1621901700000,38921.5,39498.9,38860,39449.4,473.79
1621902600000,39453.1,39785.9,39269.1,39630.6,411.71
1621903500000,39631.9,39658.2,39350,39395.4,457.11
1621904400000,39393.7,39543.4,39138.3,39215.9,320.45
1621905300000,39230.8,39426,38987.1,39013.5,323.31
1621906200000,39020.8,39127.9,38694.5,38698.4,394.42
1621907100000,38694.4,38939.4,38688.1,38818.6,264.78
1621908000000,38818.6,38934.8,38246.1,38328.7,622.72
1621908900000,38326.8,38488.3,38175,38306.5,412.5
1621909800000,38306.6,38619.1,38306.6,38512.3,255.45
1621910700000,38501.5,38501.5,38030.9,38097.5,430.72
1621911600000,38097.4,38186.8,37817.7,38129.8,664.23
1621912500000,38129.8,38341,38010.4,38243.6,300.6
1621913400000,38243.6,38416.3,38067,38317,308.44
1621914300000,38317,38358.5,38088.7,38306.4,193.78
1621915200000,38301.2,38517.4,38125.6,38235,352.68
1621916100000,38235,38311.4,37624.4,37918.1,690.23
1621917000000,37913.7,38450,37840,38350.4,393.33
1621917900000,38343.4,38700,38267.3,38355.8,456.86
1621918800000,38365.8,38452.8,37978.9,38082.6,343.66
1621919700000,38074.5,38400,38074.5,38238,260.94
1621920600000,38227.9,38261.5,37854.3,38222.6,347.92
1621921500000,38250.2,38432,38057.5,38355.2,242.31
1621922400000,38352.6,38600,38116.2,38320.1,379.48
1621923300000,38323.2,38548.8,38323.2,38410.7,370.37
1621924200000,38410.7,38788,38388.3,38708.4,391.61
1621925100000,38708.3,39200,38601.6,38866.3,474.53
1621926000000,38866.3,39100,38786.5,39052.4,230.51
1621926900000,39055.6,39169,38845.9,38912.3,240.07
1621927800000,38912.3,38920,38623.3,38698.1,275.02
1621928700000,38698.1,39040,38675.9,38985.4,186.11
1621929600000,38982.7,39116.5,38530.3,38703.3,701.1
1621930500000,38698.3,38730.1,38351.2,38535.9,516.66
1621931400000,38529,38591.5,38150,38194.2,458.48
1621932300000,38194.2,38306.7,38019.9,38164.5,396.17
1621933200000,38151.3,38262.1,38080,38134.6,139.17
1621934100000,38134.6,38267.2,37890,37986.4,409.37
1621935000000,37986.4,38149.2,37753.6,38046.9,611.47
1621935900000,38046.9,38090.8,37878.8,37943.2,260.32
1621936800000,37946.2,37946.2,37250,37300.9,1016.01
1621937700000,37300.9,37558.3,37118,37268.9,559.23
1621938600000,37268.9,37411.3,36683,36933.4,1097.45
1621939500000,36933.3,37312.1,36930.2,37134.4,445.24
1621940400000,37134.4,37475.6,36908.7,37061,465.94
1621941300000,37060.9,37281.3,36713.3,37165.9,572.5
1621942200000,37165.9,37273,36874.1,37234.2,367.04
1621943100000,37243.1,37255.1,36502.3,36566.5,820.38
1621944000000,36566.2,37050,36450,37002,821.56
1621944900000,37008.6,37233,36928,36974.9,574.72
1621945800000,36967.6,36973.7,36690,36722.6,491.49
1621946700000,36720.6,37150,36720.6,37119.1,378.19
1621947600000,37116.7,37403.2,37014.2,37034.6,563.24
1621948500000,37034.7,37782.4,36933.7,37670.8,986.25
1621949400000,37675.8,37900,37475.9,37745.4,690.1
1621950300000,37745.4,37745.4,37470,37475.9,299.14
1621951200000,37475.9,37854.3,37357.1,37849.9,419
1621952100000,37845.8,38181,37729.4,37947.1,777.57
1621953000000,37956.8,38100,37721.7,37967.3,659.24
1621953900000,37961.1,37964.6,37542.7,37640.1,438.16
1621954800000,37640.1,37779.2,37089,37550.1,794.36
1621955700000,37545.4,37958.7,37374.8,37434.1,1145.73
1621956600000,37440,38536.3,37357.8,38128.4,1878.33
1621957500000,38128.4,38407.3,37896.2,38268.4,398.9
1621958400000,38279.1,38287.3,37711.4,38029.8,659.34
1621959300000,38022.9,38038.5,37790.8,37924,290.34
1621960200000,37927.9,38140.7,37670.3,37767.2,298.7
1621961100000,37760.1,38000,37760.1,37816.2,229.31
1621962000000,37803.9,38058.6,37800.1,37941.5,185.15
1621962900000,37941.5,37956.9,37553.1,37734,261.6
1621963800000,37734,37846.2,37500,37837.9,218.85
1621964700000,37837.1,37984.9,37729.9,37946,141.66
1621965600000,37946,37984.8,37751.8,37915,114.2
1621966500000,37915.1,38138.5,37784.1,38063,171.3
1621967400000,38047.2,38284.4,37960.1,37985.1,245.56
1621968300000,38005.3,38029.9,37848.8,37869.7,135.43
1621969200000,37872.1,37974.8,37626.2,37759.3,209.02
1621970100000,37757.1,37757.1,37605.6,37742.8,133.7
1621971000000,37744,37932.5,37518,37732.2,336.93
1621971900000,37722.8,37742.2,37101.6,37271.6,815.98
1621972800000,37273.6,37554.1,37246.9,37542.9,341.54
1621973700000,37538.6,37700,37477.9,37618.8,243.62
1621974600000,37615.4,37617.5,37473.1,37510,117.38
1621975500000,37510,37791.9,37510,37584.5,108.79
1621976400000,37584.5,37651.1,37523,37579.5,74.09
1621977300000,37586.2,37659,37410.8,37630,106.28
1621978200000,37628.9,37769.7,37582.5,37700.1,80.84
1621979100000,37690.4,38106.9,37684.2,37922.2,180.31
1621980000000,37922.2,38202.2,37905,38138.2,192.56
1621980900000,38122.4,38319.2,38007.8,38228,351.71
1621981800000,38232.2,38432.2,38063.5,38352.9,263.66
1621982700000,38357,38738.4,38338.1,38385,387.11
1621983600000,38391.7,38400,38104.2,38207.4,141.46
1621984500000,38214.7,38363,38127.5,38247,186.59
1621985400000,38240,38339.9,37952.8,38174.2,308.5
1621986300000,38174.2,38450,38090,38317.6,166.45
1621987200000,38300.1,38582.3,38123.6,38163.6,431.29
1621988100000,38163.5,38383.3,37820.6,37890,271.67
1621989000000,37899.9,38094.1,37802.1,37976.9,296.76
1621989900000,37989.9,38182,37989.9,38100,197.72
1621990800000,38108.3,38311.9,38081.1,38299.9,203.12
1621991700000,38299.9,38487,38299.9,38443.4,227.11
1621992600000,38443.4,38897.8,38443.4,38820.3,399.28
1621993500000,38819.8,38823.8,38613.4,38655.7,306.88
1621994400000,38661.1,39119.9,38661.1,39107.3,743.79
1621995300000,39107.2,39488.2,39107.2,39337.7,673.78
1621996200000,39337.7,39612.7,39228.6,39502.7,479.14
1621997100000,39502.7,39512.4,39084.6,39210,314.55
1621998000000,39221.4,39326,39125,39211.6,337.61
1621998900000,39202.6,39449.9,39180,39418.8,326.9
1621999800000,39418.8,39418.9,39230.1,39332.5,176.88
1622000700000,39326.2,39706.4,39321.1,39510.2,374.74
1622001600000,39510.3,39600.7,39150,39170.2,330.02
1622002500000,39170.2,39324.2,39029.8,39100,397.68
1622003400000,39100.1,39278,39001.1,39232,223.01
1622004300000,39228.9,39495.6,39152,39396.7,223.32
1622005200000,39396.7,39544.8,39266.8,39355.2,345.82
1622006100000,39355.2,39513,39240,39453,276.33
1622007000000,39468.2,39512.6,39261.1,39372.2,260.63
1622007900000,39378.1,39428.1,39170,39241.7,278.08
1622008800000,39245,39507.8,39171.6,39501.2,324.54
1622009700000,39498.5,40348.3,39498.5,40268.7,1209.5
1622010600000,40268.7,40770.8,40268.7,40680.8,1230.69
1622011500000,40676.9,40694.8,40411.4,40550,554.78
1622012400000,40550.1,40610,40300,40396.7,291.93
1622013300000,40400,40498.2,40273.9,40363.8,308.26
1622014200000,40374.1,40538.1,40350.1,40469.2,216.56
1622015100000,40469.2,40511.1,40316.2,40462.4,245.48
1622016000000,40460,40893.3,39752,40014.5,1664.28
1622016900000,40019.9,40210,39821.1,40140.9,582.85
1622017800000,40131.4,40360.3,40060,40230,407.21
1622018700000,40224,40224,39915.9,40135.9,329.93
1622019600000,40147.1,40342.4,40147.1,40229.4,320.87
1622020500000,40220.1,40436.8,40136.3,40214.1,296.07
1622021400000,40219.9,40331.6,40050,40214.4,155.8
1622022300000,40195.8,40378.4,40130.6,40152,153.42
1622023200000,40152.1,40330,39600,39723.1,551.54
1622024100000,39723,39928.8,39564.7,39608.7,450.07
1622025000000,39602.6,39751,39530.1,39670.3,656.99
1622025900000,39670.4,39780,39561.1,39680,421.15
1622026800000,39687.7,39687.8,39337.7,39609.7,570.82
1622027700000,39609.7,39716.4,39600,39667.7,179.04
1622028600000,39667.7,39767.9,39601.1,39696.9,151.7
1622029500000,39701,39884.2,39583.6,39834.7,384.49
1622030400000,39840.9,40143.5,39742.2,40132.7,480.59
1622031300000,40132.8,40288,40022.7,40139.4,267.34
1622032200000,40139.4,40215,39969.9,40120,334.68
1622033100000,40116.6,40166.2,40054.4,40120,122.78
1622034000000,40120,40120,39461.8,39590,744.52
1622034900000,39590,39622,39211,39331.9,797.41
1622035800000,39327.8,39449.9,39001,39276.9,656.13
1622036700000,39268.3,39268.4,38802.3,38861.7,853.86
1622037600000,38861.6,39194.7,38805.4,38930.7,767.59
1622038500000,38935,39171.9,38861,39128.6,287.84
1622039400000,39123.1,39313.9,38950,39216.8,454.84
1622040300000,39217.9,39338.7,39126.7,39136.6,290.06
1622041200000,39136.6,39251.5,38676,38740.3,689.37
1622042100000,38745.7,38885.6,38502.3,38606.7,1015.26
1622043000000,38595.1,38934.9,38587.1,38799.9,422.26
1622043900000,38799.9,38885,38503.5,38757.8,459.04
1622044800000,38757.8,39277.8,38645,39111.7,889.74
1622045700000,39111.6,39364.8,39035.3,39109.7,490.43
1622046600000,39106.4,39128.2,38615.2,38792.3,666.92
1622047500000,38792.3,38843.3,38510,38557,643.29
1622048400000,38551.1,38551.1,38036.1,38292,1313.54
1622049300000,38297.9,38534.6,38204.2,38523.9,334.91
1622050200000,38525,38717.8,38480.1,38697,219.91
1622051100000,38700.2,39123.8,38453.4,38969.5,499.19
1622052000000,38969.5,38976.6,38463,38634.6,524.32
1622052900000,38634.6,38849.9,38530.1,38772.7,229.52
1622053800000,38772.7,38966.3,38586.6,38655.9,223.28
1622054700000,38655.8,38800,38351.7,38627.6,386.86
1622055600000,38620.2,38620.2,38203,38348.7,407.37
1622056500000,38348.7,38348.7,37965.3,38198.1,536.06
1622057400000,38207.1,38295.4,37904.5,38235.6,368.37
1622058300000,38235.6,38499.1,38130.2,38483,280.03
1622059200000,38483,38539.8,38297.8,38496,180.18
1622060100000,38494.5,38729.1,38406.3,38691.6,169.84
1622061000000,38682.3,38826.1,38571.8,38635.1,170.53
1622061900000,38635.1,38733.5,38620.3,38726.3,92.9
1622062800000,38720.1,38967,38701.1,38795.2,232.83
1622063700000,38790,38814.4,38629.6,38702,70.72
1622064600000,38694.7,38734.5,38556.7,38717.7,70.35
1622065500000,38716.9,39232.4,38716.9,39034.6,199.62
1622066400000,39034.6,39129.8,38942.2,38985.4,168.35
1622067300000,38985.4,39099.9,38910,39091.1,101.45
1622068200000,39099.9,39099.9,38850,38881.9,79.39
1622069100000,38881.8,38994.6,38765.9,38964.3,77.91
1622070000000,38966.9,38970.6,38653.3,38846.3,182.72
1622070900000,38843.4,39060.9,38781.4,39060,82.7
1622071800000,39060,39299.6,39037.6,39201.6,173.78
1622072700000,39200.1,39450,39171.9,39249,205.56
1622073600000,39239.6,39239.6,38991.1,39011.1,247.02
1622074500000,39011,39011,38720.2,38770.1,177.22
1622075400000,38770.1,38796.3,38345.5,38525.2,311.91
1622076300000,38525.1,38726.7,38448.4,38614.5,132.11
1622077200000,38617.8,38708.6,38310,38319.4,288.01
1622078100000,38324.1,38384.7,37971,38215.7,410.07
1622079000000,38218.7,38318,38120,38170,171.6
1622079900000,38166.3,38298.8,37500.2,37633.8,823.99
1622080800000,37633.8,37930,37484.7,37921,437.43
1622081700000,37921,37992.9,37747.4,37798,217.04
1622082600000,37797.9,37823.3,37525.5,37717.8,389.27
1622083500000,37701.3,37878.1,37580,37820,341.28
1622084400000,37810.1,37810.1,37208,37300.5,698.55
1622085300000,37291.5,37479.9,37156,37420.1,439.7
1622086200000,37426.6,37630,37426.6,37470,286.08
1622087100000,37464.1,37661.2,37375.1,37627.2,261.46
1622088000000,37637.4,37783.2,37424.7,37580,476.41
1622088900000,37580,37594.3,37330.5,37390.4,330.42
1622089800000,37390.4,37685.2,37206.7,37620.8,523.01
1622090700000,37635,37770.5,37551.9,37724.2,285.68
1622091600000,37724.3,37741.1,37452,37577.3,215.18
1622092500000,37569.6,37707.1,37446,37543.7,257.13
1622093400000,37533.7,37803,37514.4,37790.9,253.16
1622094300000,37790.9,38188,37746.7,38130,629.44
1622095200000,38129.9,38242.3,37893.2,37972,327.73
1622096100000,37973.7,38100,37940.1,38065.7,187.94
1622097000000,38065.7,38200,38000.7,38188.3,151.24
1622097900000,38188.3,38331.4,38066.3,38233.1,286.81
1622098800000,38238.4,38238.4,38109.8,38118.7,138.42
1622099700000,38123.7,38246.1,38035,38176.7,229.85
1622100600000,38176.7,38432.4,38176.7,38333.1,311.04
1622101500000,38330.8,38384.9,38188,38261.4,205.97
1622102400000,38264.1,38477.3,37815,38463.8,713.37
1622103300000,38460.4,38727.9,38336.1,38701.1,725.58
1622104200000,38700.1,39245.7,38671.9,38894.8,824.65
1622105100000,38893.6,39000,38746,38829.9,360.04
1622106000000,38826.9,39112.9,38799.9,39018.3,283.83
1622106900000,39022.8,39500,38998.6,39130.8,825.63
1622107800000,39130.9,39220,38987.2,39041.2,216.74
1622108700000,39041.2,39334.3,39012.7,39259.9,240.62
1622109600000,39264.8,39500,39063.6,39465.6,433.08
1622110500000,39474.4,39614.9,39234.3,39325.9,514.61
1622111400000,39333.6,39500,39085.1,39263,325.33
1622112300000,39260,39392.6,39136.1,39212.9,196.43
1622113200000,39203.6,39530.3,39202.8,39483.5,363.22
1622114100000,39483.4,39750,39476.7,39598,598.21
1622115000000,39590.4,39660,39392.4,39469.9,259.26
1622115900000,39469.9,39864,39469.9,39680.5,496.69
1622116800000,39680.5,39948.6,39500,39640,713.19
1622117700000,39630.8,39720,39468.1,39592.7,470.25
1622118600000,39592.7,39849.9,39293,39340.8,746.47
1622119500000,39347.2,39564.2,39305.6,39321.4,285.38
1622120400000,39325.7,39692.2,39325.7,39682.8,282.32
1622121300000,39684,40444,39597.4,40262.5,1041.61
1622122200000,40262.6,40313.3,39949.1,39981.9,504.89
1622123100000,39975,40173.4,39740.3,39870,460.76
1622124000000,39871.2,40170.1,39860,40110,380.89
1622124900000,40110,40377,40110,40245.8,376.73
1622125800000,40245.7,40285.3,40015.1,40056.1,365.85
1622126700000,40056.2,40180,39990,40039.4,263.03
1622127600000,40040,40135,39880.2,40020.1,272.96
1622128500000,40020,40020,39520.1,39621.8,646.19
1622129400000,39616.9,39719.1,39501.1,39628.2,307.29
1622130300000,39620,39796.9,39570.1,39679.9,230.11
1622131200000,39680,39739.9,39170,39334.1,763.35
1622132100000,39334.1,39439.8,39064.6,39148,285.35
1622133000000,39148,39274.6,38860,38944.7,621.57
1622133900000,38944.6,39065.5,38750.4,38837.1,445.45
1622134800000,38840,38950.4,38714.7,38931.7,249.46
1622135700000,38931.7,39200,38890.1,38971.5,253.13
1622136600000,38981.8,39089.9,38870.1,39050.5,107.89
1622137500000,39063.8,39258,39033.4,39033.4,157.86
1622138400000,39033.5,39127.5,38950.1,39108.9,102.09
1622139300000,39108.8,39108.8,38950.5,38982.7,108.21
1622140200000,38982.7,39134,38813.6,39124.6,217.71
1622141100000,39124.5,39228.2,38977.7,39090,138.34
1622142000000,39090.1,39108.9,38860,39063.9,191.33
1622142900000,39056.4,39113.2,38534.1,38541.8,442.96
1622143800000,38544.7,38734.1,38505.7,38599.7,225.29
1622144700000,38591.6,38804,38585.3,38767,123.59
1622145600000,38767,38830,38590.7,38760.1,182.01
1622146500000,38767.7,38767.7,38560.4,38635.6,118.93
1622147400000,38627.6,38759.7,38555.1,38691,110.57
1622148300000,38682.9,38691,38432.6,38469.8,172.09
1622149200000,38469.8,38529.9,38200,38330.1,384.75
1622150100000,38330.1,38786.3,38276.1,38786.3,207.71
1622151000000,38785,39183.2,38719.2,38900.1,261.85
1622151900000,38900.1,39046.7,38850.1,38980,125.94
1622152800000,38987.9,38987.9,38761.3,38851.2,115.21
1622153700000,38851.2,39129,38710.1,39128.9,201.97
1622154600000,39128.9,39172.4,38620.4,38679.9,287.11
1622155500000,38666.9,38694.4,38383.2,38510,284.29
1622156400000,38510,38748.9,38508,38585.4,158.01
1622157300000,38599.9,38599.9,38360,38440.4,188.17
1622158200000,38433.3,38555.1,38283.4,38509.4,274.34
1622159100000,38518.6,38643.4,38380,38531.7,181.02
1622160000000,38535.9,38546.3,38040.1,38404.5,651.37
1622160900000,38404.5,38874.7,38385,38642.6,432.04
1622161800000,38642.6,38642.6,38176.8,38349.8,377.44
1622162700000,38349.9,38349.9,37942.4,38004.4,547.53
1622163600000,38004.5,38008.7,37715.1,37828.5,673.5
1622164500000,37828.5,38167.9,37815.1,38165.8,267.1
1622165400000,38167.9,38245.3,38051.5,38104,410.68
1622166300000,38107.4,38214.5,37960.1,38142,313.15
1622167200000,38146.6,38338.6,38008.7,38276.2,305.21
1622168100000,38290.5,38293.8,38160,38203.8,170
1622169000000,38203.8,38313.4,38065.5,38271.3,178.28
1622169900000,38271.3,38337.9,38045.8,38295.7,350.64
1622170800000,38290,38290,38002.8,38095.1,282.53
1622171700000,38099,38099,37820,37905.6,389.4
1622172600000,37916.6,38187.1,37835.2,38130.4,310.26
1622173500000,38130.4,38284.9,37888.1,38249.9,362.49
1622174400000,38240,38240,37891.9,37895.8,249.94
1622175300000,37895.7,37900,37606,37822.6,604.48
1622176200000,37822.7,37829.9,37340,37374,627.33
1622177100000,37374,37493.5,37224.5,37330.2,616.05
1622178000000,37330.2,37552.4,37256.9,37547.2,615.34
1622178900000,37542.8,37542.8,37255.2,37345.6,432.83
1622179800000,37346,37539.1,36800.6,37030.4,896.41
1622180700000,37029.7,37036.5,36658.9,36986.3,863.59
1622181600000,36986.3,37198.3,36803.1,36896.4,612.3
1622182500000,36896.3,37008.1,36544.3,36690.5,783.43
1622183400000,36684.4,36951.9,36463.4,36930.6,793.04
1622184300000,36940.9,37086.4,36744.1,36947.5,590
1622185200000,36937,37070,36666.1,36970.1,438.93
1622186100000,36981.3,37375.8,36887,36956,1008.82
1622187000000,36961.7,37071.6,36690,36811.7,463.51
1622187900000,36813,37021.2,36567.8,36984.7,509.52
1622188800000,36980.6,37280,36700,36841.6,682.35
1622189700000,36829.1,37099.9,36730.1,36776.1,342.61
1622190600000,36776,36957.9,36686,36912.1,302.38
1622191500000,36912.1,36923.4,35555,35999.9,2719.1
1622192400000,35972.1,35992,35527.4,35700.6,1710.05
1622193300000,35704.9,35889.6,35369,35422.4,819.92
1622194200000,35422.3,35948.8,35410.1,35934.5,984.22
1622195100000,35934.4,36244.4,35846.1,35995.9,762.08
1622196000000,35988.6,36039.5,35756,35902.1,502.26
1622196900000,35888,36306.9,35826,36288.8,478.27
1622197800000,36288.9,36309.9,36076.8,36230.5,316.17
1622198700000,36240,36243.6,35900,35941.1,476.36
1622199600000,35940,36081,35778.7,35946.2,346.8
1622200500000,35946.2,36175.9,35550,35585.9,541.96
1622201400000,35585.9,35883.4,35563.2,35764.9,424.74
1622202300000,35764.9,35764.9,35125.7,35382.7,1162.56
1622203200000,35382.7,36620.5,35210.1,36531.5,1628.5
1622204100000,36531.9,36878,36250.5,36711,1716.06
1622205000000,36711,36729.9,36380.6,36542.5,832.5
1622205900000,36542.5,36755,36337,36590.4,686.67
1622206800000,36590.5,37294.1,36590.4,36900,1466.3
1622207700000,36890.5,36968.5,36675,36736.2,477.71
1622208600000,36727.4,37099.9,36727.4,36916,405.14
1622209500000,36927.1,37170.8,36844.2,36918.4,281.15
1622210400000,36927.3,37059.9,36786.9,36800.1,400.5
1622211300000,36800.1,36866.6,36622.7,36785.7,371.37
1622212200000,36785.7,36986,36656.7,36800,354.41
1622213100000,36807.3,36961.1,36494.3,36580,453.43
1622214000000,36589,36740,36380.6,36529.8,641.69
1622214900000,36525.6,36822.5,36525.6,36770,390.12
1622215800000,36769,37009,36652,36931,585.2
1622216700000,36930,36930,36650,36726.8,411.22
1622217600000,36739.5,36840,36128.1,36233.2,1049.19
1622218500000,36230.9,36432.8,36034.7,36193.6,855.26
1622219400000,36190.1,36289.9,36088,36274.7,496.96
1622220300000,36262.4,36413.8,35818.7,35820.5,983.97
1622221200000,35820,36268.9,35658.6,35900.1,1200.38
1622222100000,35900,36217.3,35900,36060.1,538.95
1622223000000,36066.2,36253.2,36016.3,36120,254.79
1622223900000,36114.9,36290.5,35834.7,35980,403.37
1622224800000,35980,36119.9,35644.9,35660.3,622.88
1622225700000,35681.5,35822.2,35544.2,35810.3,271.39
1622226600000,35890.6,36363,35887.1,36235.2,292.54
1622227500000,36168.6,36299.5,35997.7,36195.5,235.42
1622228400000,36182.1,36574,36093.3,36466.7,292.32
1622229300000,36470,36548.3,35695.1,36073.7,1204.67
1622230200000,36073.7,36073.8,35569.8,35791.5,1001.39
1622231100000,35761.5,35864.7,35657.8,35791.3,427.55
1622232000000,35791.2,36132.5,35790.5,36112.1,159.22
1622232900000,36123,36237.8,35866.6,35878.3,331.36
1622233800000,35878.3,35947.6,35362.2,35459.9,494.11
1622234700000,35455.2,35500,35199,35217.5,534.91
1622235600000,35222.9,35426.1,34850,35004.5,1139.26
1622236500000,35004.7,35171,34711,34908,672.33
1622237400000,34908,35151.8,34740.5,34847.5,220.62
1622238300000,34844.7,35133,34826.5,35038.7,171.38
1622239200000,35038.6,35598.7,35038.6,35431.7,377.99
1622240100000,35444.4,35579.9,34761.9,34875.3,560.59
1622241000000,34875.3,35225.9,34854.1,34932.5,389.3
1622241900000,34925.8,35119.9,34820,35080,239.25
1622242800000,35080,35350,34970.1,35291.7,294.66
1622243700000,35284.7,35490,35230,35472,299.08
1622244600000,35472,35888.4,35359.8,35695,646.37
1622245500000,35695,35920.8,35637.8,35678.1,280.08
1622246400000,35682.1,36070,35626.8,35867.7,543.51
1622247300000,35856.6,36095.6,35820.9,35926.9,301.93
1622248200000,35926.9,35959.9,35774.1,35890.9,182.01
1622249100000,35884.7,36443.9,35880.1,36222.2,657.13
1622250000000,36232.8,36528,36232.5,36304,336.83
1622250900000,36319.9,36388,36188.1,36388,188.65
1622251800000,36378.9,36378.9,36205.6,36285.3,125.96
1622252700000,36285.4,36391.9,36112,36389.3,217.66
1622253600000,36389.3,36585,36276.2,36457.5,293.3
1622254500000,36457.6,36467.2,36127.1,36140.1,544.81
1622255400000,36140.1,36399,36140.1,36350,170.89
1622256300000,36350,36468.3,36218.8,36353.4,215.37
1622257200000,36353.3,36426,36174.5,36315,162.18
1622258100000,36311.2,36785,36311.2,36582.6,510.49
1622259000000,36582.6,36605.8,36339.5,36359.9,231.33
1622259900000,36359.9,36507.6,36265,36474.4,187.27
1622260800000,36467,36644.4,36303,36404,341.96
1622261700000,36403.9,36507.2,36312,36507.2,225.64
1622262600000,36507.1,36543,36282.6,36323.6,202.81
1622263500000,36317,36429.9,35600,35704.4,1030.16
1622264400000,35704.4,36302.9,35704.4,36299.9,738.14
1622265300000,36299.9,37354.8,36296.4,37146.6,1755.54
1622266200000,37146.6,37152.5,36904.9,36955.1,436.8
1622267100000,36955.1,37019.9,36800,36880.9,280.99
1622268000000,36880.9,37076.6,36880.9,36980,329.32
1622268900000,36990,37003,36830,36879.4,185.68
1622269800000,36879.4,36879.4,36722.1,36787.3,189.5
1622270700000,36787.3,36840,36500,36544.3,340.09
1622271600000,36544.4,36740,36530.1,36582.1,278.81
1622272500000,36581.7,36742.1,36437.7,36510,402.2
1622273400000,36506.1,36557,36010,36142.9,749.97
1622274300000,36146.7,36290,36121.7,36167.4,263.65
1622275200000,36167.3,36328.3,36040.5,36200.2,395.73
1622276100000,36200.2,36369.9,35765.1,35820,500.55
1622277000000,35810,35967.8,35643.4,35719.8,469.56
1622277900000,35735.8,35930,35710.1,35795.2,293.26
1622278800000,35785.3,35922,35280.8,35430.7,708.63
1622279700000,35428.9,35502.9,34925.7,35077.3,1067.57
1622280600000,35070.1,35386.1,34860.3,35250.1,742.18
1622281500000,35250.1,35496,35250.1,35383.1,362.46
1622282400000,35380.1,35467.6,35042.7,35210.5,377.76
1622283300000,35218.6,35350,34985.2,35224.6,408.96
1622284200000,35224.6,35457.6,35100.1,35182.7,375.99
1622285100000,35182.7,35337.2,35125.9,35232.4,306
1622286000000,35240,35300,35041.8,35165.7,346.74
1622286900000,35156.9,35390,34536.7,35339.9,1497.39
1622287800000,35339.8,35868.7,35241.4,35517,1441.9
1622288700000,35517.1,35700,35389.7,35400.1,592.09
1622289600000,35406.5,35417.3,34856.7,35116.1,839.28
1622290500000,35119.8,35132.7,34733.6,34940.6,478.49
1622291400000,34940.5,35040.3,34715.4,34846.7,370.9
1622292300000,34853.7,34940.5,34608,34787.2,456.1
1622293200000,34790,34950,34401,34484,711.32
1622294100000,34484.1,34709.2,34244,34280.5,508.99
1622295000000,34280.5,34573.9,34139.9,34436.8,889.78
1622295900000,34431.9,34998.8,34416.5,34900.3,853.61
1622296800000,34894.5,35300,34781.5,35060.7,864.95
1622297700000,35060.7,35060.7,34610,34782.9,560.8
1622298600000,34782.8,34954.7,34414.3,34506.5,628.84
1622299500000,34519.3,34795.9,34432,34620.6,735.07
1622300400000,34620.7,34630,34060.6,34116,1061.53
1622301300000,34115.1,34600,33820.8,34552,1609.77
1622302200000,34552.1,34552.1,34111,34353.2,1213.96
1622303100000,34350,34500,34150,34444.1,577.77
1622304000000,34439.6,34688,34050,34177,1235.79
1622304900000,34176.9,34457.3,34140.1,34280.6,366.6
1622305800000,34293.4,34685,34293.4,34590.4,560.98
1622306700000,34588.8,35066.1,34497.8,34838.7,715.91
1622307600000,34848.1,34861.5,34325,34361.9,418.34
1622308500000,34360.5,34464.9,34240.1,34294.7,315.51
1622309400000,34294.7,34423.6,34090.7,34160.2,297.67
1622310300000,34183.1,34209.9,33600,33917.6,1048.09
1622311200000,33912,34069.9,33638.3,33694,749.06
1622312100000,33690,33935.9,33656.3,33860.1,337.22
1622313000000,33860,34209.3,33854,34057.2,303.76
1622313900000,34057.3,34136,33803,34080,241.53
1622314800000,34090,34183.6,33820.1,33856.2,203.1
1622315700000,33853.2,33949.3,33701.2,33820,154.93
1622316600000,33824.5,34069.9,33714,34036.8,218.5
1622317500000,34050,34293.8,33926.5,34050.3,399.29
1622318400000,34050.4,34310.5,33917.1,33940,180.3
1622319300000,33943.8,34146.9,33782,34105.1,244.05
1622320200000,34105,34489.9,34016,34348.5,659.74
1622321100000,34348.5,34364.4,33990,34246.4,240.87
1622322000000,34249.8,34445.9,34190.1,34286.6,187.65
1622322900000,34286.6,34380,34070.8,34137.4,150.84
1622323800000,34135.3,34439.9,34115.3,34295.2,163.76
1622324700000,34286.5,34750,34201.1,34661.1,400.2
1622325600000,34650.1,34650.1,34363.7,34410.1,135.98
1622326500000,34421.1,34546.5,34297.4,34387.1,149.99
1622327400000,34401.4,34593.9,34342.3,34475.5,153.42
1622328300000,34475.5,34507.8,34250.4,34469.5,169.13
1622329200000,34473.3,34474.4,34163.7,34385.8,242.78
1622330100000,34400,34999,34400,34829.6,474.34
1622331000000,34829.6,35102.4,34657.9,34667.2,553.94
1622331900000,34667.1,34760,34469.9,34603.7,259.12
1622332800000,34610,34620.1,34196.5,34231.8,418.46
1622333700000,34231.9,34324.5,33789.6,33907.1,729.44
1622334600000,33907.1,33992,33341.6,33538.2,1149.51
1622335500000,33528,33878.9,33379.2,33869.8,389.68
1622336400000,33857,34070.3,33705.5,33805.4,359.64
1622337300000,33809.9,33940,33590.6,33735.9,287.55
1622338200000,33740.3,33862.5,33640.1,33771.5,237.64
1622339100000,33764.8,33976.9,33764.8,33905.6,196.88
1622340000000,33911.5,34093.9,33791.6,34000,274.68
1622340900000,34009.3,34408.6,34006.8,34325.9,440.35
1622341800000,34325.9,34548.2,34246.7,34486.9,240.66
1622342700000,34476.6,34670.1,34404.9,34522.9,275.19
1622343600000,34522.9,34676,34500.1,34639.2,292.78
1622344500000,34639.3,34789.8,34484,34530.1,382.16
1622345400000,34522.4,34705,34370,34531.1,421.43
1622346300000,34523.9,34963,34523.9,34755.3,446.81
1622347200000,34763.1,34872.2,34629.1,34724,306.11
1622348100000,34719.2,34837.4,34656,34806.4,153.07
1622349000000,34800.1,35264.7,34800.1,34859.9,681.76
1622349900000,34859.9,34930,34668,34751.1,296.51
1622350800000,34746.4,35076.6,34746.4,34999.9,390.09
1622351700000,34999.9,35411.6,34976.5,35219.9,669.07
1622352600000,35219.9,35300,35117.7,35256.2,265.38
1622353500000,35255.1,35489,35255.1,35325,695.02
1622354400000,35320.2,35572.6,35320.2,35396.4,534.04
1622355300000,35386.6,35557.1,35380.1,35380.1,320.62
1622356200000,35389.4,35791.5,35247.3,35652.6,1208.06
1622357100000,35650.8,35868,35555,35757,374.42
1622358000000,35756.9,35940.7,35627.8,35644.9,671.22
1622358900000,35644.9,35740,35574.1,35667.6,479.91
1622359800000,35667.6,36187.1,35667.6,36092.7,746.38
1622360700000,36093.6,36119.1,35885.9,35975.8,370.26
1622361600000,35973.9,36199,35729.4,35820,610.01
1622362500000,35814.8,35874.9,35547.8,35621.2,431.76
1622363400000,35621.2,35800,35621.2,35770.6,301.54
1622364300000,35765.2,35862.9,35574.5,35669.9,310.69
1622365200000,35676.4,35938.3,35676.4,35844.6,250.77
1622366100000,35843.4,35946,35776.4,35880,176.37
1622367000000,35879.9,35879.9,35692.5,35860,255.01
1622367900000,35859.9,36018.6,35824.9,35840.4,376.33
1622368800000,35840.4,35998,35632.9,35683.1,470.28
1622369700000,35670.3,35924.8,35666.1,35900,428.52
1622370600000,35895.9,35950,35782.6,35883,273.26
1622371500000,35883,35891.8,35696.4,35708.5,203.96
1622372400000,35702.9,35903.7,35702.9,35820,190.86
1622373300000,35820,35907.3,35766.1,35777.5,156.13
1622374200000,35777.5,36179.7,35777.5,36026.6,510.43
1622375100000,36035.5,36448,35959,36363.9,1133.62
1622376000000,36363.9,36515.5,35984.7,36078,956.25
1622376900000,36078,36078,35832.6,35997,366.3
1622377800000,35996.9,36050,35682.2,35695.2,376.85
1622378700000,35695.2,35775.8,35282.6,35542,1078.86
1622379600000,35540,35724.7,35411.6,35682.4,489.05
1622380500000,35682.4,35820,35590.1,35672.1,251.06
1622381400000,35670.1,35746.5,35480.7,35543.1,219.56
1622382300000,35539.4,35730.6,35539.4,35690.1,154.78
1622383200000,35690.1,35732.6,35521.1,35614.5,242.97
1622384100000,35614.5,35647.3,35144.9,35264.7,554.36
1622385000000,35264.8,35510,35170,35440.7,431.19
1622385900000,35440.7,35499.9,35297.2,35365.9,351.59
1622386800000,35364.8,35688.3,35330.2,35383.1,581.1
1622387700000,35380.1,35449.9,35224.1,35356.4,285.63
1622388600000,35365.2,35511.4,35265.8,35439.7,243.3
1622389500000,35429.6,35572.9,35405,35490,149.45
1622390400000,35486.9,35557.1,35317.8,35518.2,287.76
1622391300000,35518.2,36033.6,35428.3,35853.2,1069.77
1622392200000,35853.2,35853.3,35616,35700.6,490.29
1622393100000,35700.6,35758.3,35597.2,35729.5,215.74
1622394000000,35731.5,35846.7,35700.6,35812.6,207.01
1622394900000,35806.1,35998.2,35806.1,35941.9,461.32
1622395800000,35938,35947.2,35818,35900.4,127.3
1622396700000,35896.6,36013.6,35780.7,35824.2,247.84
1622397600000,35820.9,35997.9,35820.9,35945.1,181.08
1622398500000,35934.4,36188,35934.4,36100.6,276.02
1622399400000,36100.6,36269.6,36060.7,36148.1,269.15
1622400300000,36148.1,36186.1,36080,36125.9,131.43
1622401200000,36125.9,36274.7,36105.9,36220,117.42
1622402100000,36210.1,36220,36026.4,36195.6,120.53
1622403000000,36199.9,36215.6,36040,36179.2,135.65
1622403900000,36170,36177.7,36064.2,36085,90.61
1622404800000,36089.9,36176,35906.9,36160,268.51
1622405700000,36159.9,36332.4,36159.8,36283,359.29
1622406600000,36292.1,36321.3,36049.1,36080.6,147.52
1622407500000,36080.1,36247.9,36020,36060,134.3
1622408400000,36060,36080,35970.2,35995.4,162.27
1622409300000,35995.5,36053.3,35845.8,35990.4,191.59
1622410200000,35990.4,36217.9,35946.8,36198,135.85
1622411100000,36198,36198,35942.9,35952.8,84.49
1622412000000,35952.8,36049.9,35804,36020,123.8
1622412900000,36016.6,36016.6,35890.7,35922.1,31.65
1622413800000,35922.1,35922.2,35678.9,35763.2,214.89
1622414700000,35763.6,35830.3,35691.3,35740,75.92
1622415600000,35747.9,35824.9,35543.4,35553.9,359.77
1622416500000,35556.8,35670,35501.3,35554.6,143.71
1622417400000,35554.6,35699.9,35553.4,35650,116.72
1622418300000,35655.5,35746.7,35571,35652.6,126.97
1622419200000,35652.6,36018.6,35386.9,35796.4,912.85
1622420100000,35796.4,35809.2,35271.1,35438.7,522.3
1622421000000,35438.6,35438.6,35227.4,35296.3,421.4
1622421900000,35300,35430,35300,35325,166.86
1622422800000,35329,35447.6,35240.7,35285.3,212.01
1622423700000,35289.8,35289.8,35032,35211.4,470.1
1622424600000,35211.4,35211.4,34761,34869.9,763.77
1622425500000,34868,34960.6,34770,34815.9,283.57
1622426400000,34827.2,34907.3,34626.1,34679.8,557.35
1622427300000,34679.7,34788.1,34552.6,34710.1,384.63
1622428200000,34710.1,34877,34660,34776.6,313.42
1622429100000,34770.1,34950,34725.4,34733.2,374.76
1622430000000,34734.2,34734.2,34254.7,34426,604.65
1622430900000,34426,34746.6,34393.4,34722,343.11
1622431800000,34721.9,34721.9,34408.9,34438.2,356.6
1622432700000,34438.3,34546,34343.1,34503.7,313.03
1622433600000,34495.1,34674.1,34288,34300,420.8
1622434500000,34300,34412.7,34194,34234.9,450.85
1622435400000,34227.8,34479.9,34160,34429.9,336.68
1622436300000,34424.6,34501.2,34336,34459.6,236.13
1622437200000,34461.1,34473,34190.1,34299,357.64
1622438100000,34304.1,34685,34291.1,34616.2,354.02
1622439000000,34616.2,34680.6,34491.1,34510.5,287.76
1622439900000,34519.6,34534,34343.4,34443.3,279.72
1622440800000,34445.6,34788.6,34434,34690.1,371.19
1622441700000,34695.2,34947.6,34620.1,34837.4,617.26
1622442600000,34839.2,34960,34720.1,34835.8,324.53
1622443500000,34834.6,35122.3,34769.4,35037.9,363.42
1622444400000,35037.9,35442.9,34974.5,35358.4,997.17
1622445300000,35361.9,35820,35291.6,35749.9,1094.8
1622446200000,35745.6,35976.9,35551.4,35825.2,873.19
1622447100000,35825.2,35938,35732.7,35874.1,655.33
1622448000000,35874.1,35887,35584.1,35689,453.91
1622448900000,35688,36138,35666,35985.2,676.83
1622449800000,35985.2,36228.9,35985.1,36110.9,583.71
1622450700000,36113.3,36169.9,36010.2,36121,257.22
1622451600000,36121,36263,36030,36153.7,538.27
1622452500000,36153.8,36234.7,36081.4,36176.4,320.77
1622453400000,36181.5,36399.7,36084,36121.1,571.57
1622454300000,36123,36217.2,35875.6,35938,792.96
1622455200000,35938,36792.3,35937.9,36740.2,1715.8
1622456100000,36740,36873.7,36658.7,36753.6,631.1
1622457000000,36762.5,36934.6,36580,36913.6,509.51
1622457900000,36894.4,37036,36803.6,36874.7,550.03
1622458800000,36879.9,37020.3,36758.6,36932,441.97
1622459700000,36932,37029.9,36842.1,36987.3,486.36
1622460600000,36987.3,37199.9,36853.7,36871.8,778.88
1622461500000,36875.7,37010,36733.8,36829.9,626.31
1622462400000,36824,37288,36812.9,37161.7,645.09
1622463300000,37172.3,37175.3,36900,36964,322.54
1622464200000,36959.9,36999,36595.1,36650,567.32
1622465100000,36650,36860,36649.9,36775.6,375.45
1622466000000,36775.6,36877.3,36600,36834.2,477.15
1622466900000,36824.1,37050,36824.1,36977.7,437.58
1622467800000,36976.1,37027.7,36520,36659.7,629.64
1622468700000,36649.2,36982.9,36504.6,36723.2,903.38
1622469600000,36721.5,36800,36385.5,36417.2,668.66
1622470500000,36405.4,36560,36328.1,36432.9,329.02
1622471400000,36432.9,36560.5,36427.3,36473.3,292.73
1622472300000,36467.1,36744.8,36467,36597.8,310.15
1622473200000,36612.6,36866.2,36573.4,36826,383.93
1622474100000,36819.1,37144.3,36786.5,36934,663.64
1622475000000,36945.6,37111.8,36806,36917.5,445.81
1622475900000,36917.5,36999.7,36720,36960.1,412.95
1622476800000,36960,37171.9,36839.3,37127.7,714.36
1622477700000,37130.8,37466.6,37060.5,37153.8,1456.89
1622478600000,37153.5,37269,36938.7,37062,577.77
1622479500000,37054.7,37237.8,36982.2,37109.4,596.88
1622480400000,37109.4,37158.7,36824.6,37009,735.34
1622481300000,37008.9,37016.8,36773.3,36862.9,369.08
1622482200000,36862.9,36911,36673.1,36789.7,293.95
1622483100000,36789.6,36948.9,36717.4,36932.2,190.45
1622484000000,36932.2,36944.7,36746.4,36757,163.88
1622484900000,36756.9,36869,36686.8,36763.1,211.9
1622485800000,36763.1,36794.9,36641,36684,77.11
1622486700000,36680.1,36719.9,36607.2,36698.6,84.44
1622487600000,36698.6,36771,36644.2,36750.8,82.33
1622488500000,36750.9,36779.8,36662,36699.9,62.71
1622489400000,36707.4,36726.7,36526.5,36642.8,102.32
1622490300000,36650.9,36863.7,36606.7,36860,80.23
1622491200000,36864.5,36980,36775.3,36822.9,153.53
1622492100000,36807,36841.8,36666.8,36783.5,49.11
1622493000000,36783.5,36808,36578.9,36604.7,76.37
1622493900000,36613.8,36726,36605.7,36678.6,164.29
1622494800000,36684.7,36841.5,36675.8,36829.4,47.57
1622495700000,36829.4,36875.7,36719.5,36779.9,64.95
1622496600000,36779.9,36828.7,36636.5,36796.9,64.98
1622497500000,36796.9,37098.8,36672.3,36925,202.53
1622498400000,36924.9,37298.5,36868.9,37193.6,393.83
1622499300000,37194.8,37213.2,37100,37103.5,135.32
1622500200000,37100.1,37146.7,36889.7,36924.8,163.94
1622501100000,36924.8,37005.9,36847.1,36891.8,76.37
1622502000000,36891.8,37064.2,36820,37036.6,160.68
1622502900000,37036.6,37349.9,36989.6,37317.1,309.73
1622503800000,37325.6,37520,37243.5,37391.5,465.7
1622504700000,37391.4,37400.6,37250.2,37253.3,289.86
