ts,open,high,low,close,volume
1635724800000,61308.1,61569.6,61138.8,61532.5,808.98
1635725700000,61532.5,61672,61465.3,61513,613.74
1635726600000,61513,61600,61371.7,61371.7,225.22
1635727500000,61371.7,61570.1,61371.7,61570,201.22
1635728400000,61570,61735,61551.4,61727.6,490.39
1635729300000,61727.6,61727.6,61625.1,61645.7,235.21
1635730200000,61645.7,61656.5,61368.6,61395.5,441.25
1635731100000,61390.1,61460.4,61273,61306.7,222.47
1635732000000,61306.7,61414.4,61201.2,61234.8,266
1635732900000,61230.1,61283.6,60000,60199.9,3557.45
1635733800000,60200,60622.3,59952.7,60321,1681.8
1635734700000,60321.1,60600,60300,60532,388.05
1635735600000,60532,60591.2,60303,60320,640.23
1635736500000,60315.8,60397.6,60242,60379.9,429.96
1635737400000,60379.9,60426,60233.2,60298.7,286.93
1635738300000,60298.7,60298.7,59576.2,59884.9,1768.71
1635739200000,59884.9,60254.9,59357.4,60200,2323.97
1635740100000,60206.5,60320,60115.8,60243.2,568.25
1635741000000,60243.2,60689.3,60243.2,60598.3,730.74
1635741900000,60598.2,60642.1,60439.3,60502.7,366.54
1635742800000,60494.9,60855.5,60424.1,60676.7,633.6
1635743700000,60676.8,60847.2,60615.4,60642.3,329.41
1635744600000,60642.3,60750,60632.4,60742,165.9
1635745500000,60742,60755.2,60571.9,60602.3,204.23
1635746400000,60602.3,60602.3,60374.7,60398,302.21
1635747300000,60397.2,60625.7,60281,60623.7,283.84
1635748200000,60623.6,60939.9,60608.9,60835.7,554.51
1635749100000,60834.7,60834.8,60677.3,60751.3,213.27
1635750000000,60751.3,62200,60751.3,62111,3181.16
1635750900000,62111.1,62362.6,61936.9,62085.9,1615.01
1635751800000,62085.9,62259.2,61951.4,61995,906.14
1635752700000,61994.8,62240.2,61975.1,62204.4,516.19
1635753600000,62204.4,62450.3,62088.1,62134.7,964.6
1635754500000,62134.7,62272.4,62058.8,62081,454.48
1635755400000,62081.1,62211,61734,61845.7,797.03
1635756300000,61845.8,61952.9,61641.5,61936.7,606.71
1635757200000,61936.7,62142.8,61850,62142.8,552.48
1635758100000,62142.8,62190,61940.3,62077,427.63
1635759000000,62077,62248,61976.8,62168,440.72
1635759900000,62168,62183.7,61961,61996.8,264.63
1635760800000,61996.8,62110.3,61996.7,62021,197.63
1635761700000,62021.1,62118.7,61936,62080.8,372.97
1635762600000,62080.8,62142.7,62040.7,62040.8,221.74
1635763500000,62040.7,62323,62013,62306,276.12
1635764400000,62306,62500,62150.1,62187.2,855.08
1635765300000,62187.2,62237.5,62066,62143.5,523.76
1635766200000,62143.6,62217,61832.7,61946.7,458.35
1635767100000,61946.7,62142.7,61840,61847.6,394.67
1635768000000,61847.7,62235.6,61843.5,62119.5,739.49
1635768900000,62119.6,62119.6,61774.8,61872,699.04
1635769800000,61872,61942.2,61801.4,61850.6,212.59
1635770700000,61850.6,62047.1,61648.1,61888.7,515.53
1635771600000,61888.7,61959.5,61774.1,61850.4,202.08
1635772500000,61850.4,61939.4,61761,61934.6,160.38
1635773400000,61934.7,62049.8,61831.2,61943.3,307.9
1635774300000,61954.9,62100,61840,61985.9,598.65
1635775200000,61993.4,62036.2,61769.2,61815,278.88
1635776100000,61809.2,61920,61770.1,61771.1,165.27
1635777000000,61771.1,61813.3,61701,61738,256.98
1635777900000,61738,61799.5,61336,61480.7,1035.9
1635778800000,61480.8,61573.4,61425,61507.5,404
1635779700000,61518.1,61638,61458.6,61510,328.34
1635780600000,61500.1,61638,61494.8,61494.8,151.52
1635781500000,61494.8,61626.8,61452,61579.6,220.74
1635782400000,61579.6,61588.5,61408,61442.5,209.59
1635783300000,61442.5,61526.6,61304.3,61362.8,267.57
1635784200000,61362.8,61445.9,61053,61133.9,740.82
1635785100000,61133.8,61186.7,61030,61050,344.85
1635786000000,61050.1,61092.9,60722.2,60779.8,904.16
1635786900000,60779.8,61037.7,60772.6,60828.3,349.42
1635787800000,60828.2,60928.6,60804.2,60816.1,260.11
1635788700000,60826.3,60940.4,60701.9,60750.7,223.41
1635789600000,60750.7,60808.1,60500.4,60785.8,522.24
1635790500000,60786,60786.1,60555.5,60611.1,265.54
1635791400000,60611,60773.7,60486,60763.7,372.68
1635792300000,60763.7,60769.6,60511.2,60540.3,178.56
1635793200000,60540.3,61158.2,60302.7,60936.8,1190.77
1635794100000,60936.7,61158.4,60908.8,61065.2,292.25
1635795000000,61069.5,61069.5,60848,60857.8,189.68
1635795900000,60857.9,61472.2,60830.4,61448.8,292.08
1635796800000,61445.3,61445.4,60960,61158.3,584.82
1635797700000,61158.3,61181.6,60900,60911.7,173.57
1635798600000,60911.7,60911.8,60562.5,60705.4,380.44
1635799500000,60708.1,60752.8,60552.5,60677.4,185.56
1635800400000,60677.3,60677.3,60380,60486.9,286.33
1635801300000,60488,60680,60487.9,60624.3,101.59
1635802200000,60624.3,60721.5,60511.4,60689.7,74.81
1635803100000,60689.6,60876.8,60689.6,60722.7,98.67
1635804000000,60722.7,60888,60685.2,60834.2,217.1
1635804900000,60834.1,61038,60800.1,60974.8,143.6
1635805800000,60974.7,61144.5,60944.1,61140.1,153.93
1635806700000,61140.1,61148.9,61070.5,61074.1,114.03
1635807600000,61074.1,61169.2,61061.2,61130.5,140.34
1635808500000,61130.5,61130.5,61016.2,61016.3,103.4
1635809400000,61016.2,61107.9,60986.7,61107.8,110.58
1635810300000,61107.9,61121.9,60870,60879.7,174.89
1635811200000,60880.3,61299.5,60727.6,61239.9,504.64
1635812100000,61240,61424,61200.9,61384.1,466.58
1635813000000,61384,61384,60635.9,60639,801.03
1635813900000,60639,60940,60638.9,60935.6,268.51
1635814800000,60935.9,61031.7,60768.4,60975,363.61
1635815700000,60975,61610.1,60914.3,61361.1,954.79
1635816600000,61361.2,61387.2,61157.6,61191.2,285.61
1635817500000,61191.2,61393.2,61116,61355.7,193.75
1635818400000,61355.7,61447.9,61170.1,61198,308.48
1635819300000,61198,61359.9,61044.8,61149,399.81
1635820200000,61149,61167.4,60944,60963.1,192.64
1635821100000,60963.1,61000,60851,60923.7,220.82
1635822000000,60923.7,61041,60782.7,60892,213.66
1635822900000,60891.9,61040,60757.9,61040,284.26
1635823800000,61040.1,61069,60970,61025,111.55
1635824700000,61025,61154,61025,61089.4,147.93
1635825600000,61089.3,61180,61073.7,61175.6,141.51
1635826500000,61175.7,61435.1,61175.6,61375.2,448.85
1635827400000,61375.3,61526.2,61375.3,61454.6,363.32
1635828300000,61454.6,61595.1,61385,61437.2,220.75
1635829200000,61437.2,61480,61296.1,61359,246.86
1635830100000,61359,61494.8,61330,61451.8,208.67
1635831000000,61451.8,61800,61451.8,61716.1,889.19
1635831900000,61716.2,61827.4,61663.7,61791.7,322.65
1635832800000,61791.3,61858,61593.1,61630.5,379.82
1635833700000,61630.4,61719.9,61604.4,61641.7,128.93
1635834600000,61641.7,61815.7,61620.8,61661.1,250.02
1635835500000,61661.2,61789.8,61625.3,61789.8,96
1635836400000,61789.8,61819.1,61670,61672.7,119.47
1635837300000,61672.8,61832.5,61672.8,61696.6,168.43
1635838200000,61700,61708.7,61567.1,61627,240.63
1635839100000,61621.1,61726.9,61515.6,61539.3,279.75
1635840000000,61539.3,61610,61375.2,61442.9,386.25
1635840900000,61442.9,61647.9,61437.7,61441.1,297.27
1635841800000,61441.1,61521.4,61430,61466.6,105.99
1635842700000,61466.5,61815,61466.5,61580.4,390.78
1635843600000,61580.4,61607.9,61551.3,61560.9,44.48
1635844500000,61560.9,61756.2,61536,61681.3,206.42
1635845400000,61681.2,62871,61652.5,62800,2662.03
1635846300000,62800,63299,62734.9,63110,2883.54
1635847200000,63110.1,63597.3,63065.6,63300.6,1508.2
1635848100000,63300.7,63666,63200,63353.5,1190.08
1635849000000,63352.2,63499,63063.5,63065.9,756.61
1635849900000,63065.9,63252.9,63065.9,63248,461.97
1635850800000,63234.7,63349.6,63140.8,63330.1,356.24
1635851700000,63330.1,63373.2,63236,63275.5,251.57
1635852600000,63270.8,63299.9,63131.7,63190,157.11
1635853500000,63190,63207.3,62910,62925.2,651.61
1635854400000,62925.3,63300,62925.2,63180.6,767.55
1635855300000,63180.6,63256.6,63043.6,63087.7,162.34
1635856200000,63087.8,63186.2,63072.9,63122.2,157.68
1635857100000,63127.4,63127.5,63010,63017.6,165.15
1635858000000,63017.6,63167.6,63017.6,63123,106.65
1635858900000,63123,63333,63115.7,63259.6,386.05
1635859800000,63259.5,63259.9,63130.4,63243.9,116.22
1635860700000,63243.9,63485.5,63177,63401.3,391.76
1635861600000,63401.3,64190,63169.9,63234.5,1971.73
1635862500000,63234.5,63387,63036,63355.6,447.72
1635863400000,63355.5,63459,63264.6,63285.1,213.07
1635864300000,63285.1,63350,63218,63315.1,126
1635865200000,63315.1,63433.3,63307.5,63372.7,299.44
1635866100000,63372,63582.5,63350,63404.8,241.91
1635867000000,63404.8,63949.5,63308.2,63872.7,1373.56
1635867900000,63872.7,64266.3,63862.6,63990.8,1351.1
1635868800000,63990,64221.9,63733,63739.3,874.79
1635869700000,63739.4,63916.4,63620,63749,560.42
1635870600000,63749,63888.7,63653.6,63725,264.96
1635871500000,63725,63821.6,63667.8,63680,248.07
1635872400000,63680.5,63801.1,63600,63754,377.32
1635873300000,63754,63800,63582.5,63610,534.6
1635874200000,63610,63631.1,63508.6,63530.5,243.69
1635875100000,63530.6,63573.5,63445.6,63503,158.95
1635876000000,63503,63581.6,63400,63405.8,387.98
1635876900000,63403.4,63453.7,63288,63421.7,378.93
1635877800000,63421.6,63490,63352,63386.7,128.29
1635878700000,63386.8,63416,63268.9,63287.8,150.82
1635879600000,63294.4,63458,63288.5,63344,145.11
1635880500000,63343.1,63494.5,63284.5,63494.5,143.16
1635881400000,63494.7,63722.9,63419.9,63527.7,351.23
1635882300000,63527.8,63672.5,63411.3,63628.2,128.63
1635883200000,63617,63617.1,63377.9,63398.4,136.92
1635884100000,63398.4,63398.4,63167,63199,189.51
1635885000000,63199,63314,63135,63306.9,232.3
1635885900000,63305.9,63314,63125,63160.7,138.43
1635886800000,63164.5,63164.5,63039.3,63049.5,134.76
1635887700000,63040.1,63237.5,62960.1,63070.5,194.8
1635888600000,63070.4,63201.6,63064.4,63121.1,85.28
1635889500000,63121.1,63144,63083.1,63089.8,72.73
1635890400000,63089.8,63203.5,62981,63031,265.36
1635891300000,63031,63226.7,62989.6,63146.5,165.26
1635892200000,63144.3,63200,63038,63063.8,149.05
1635893100000,63066.2,63066.3,62986,62993.4,153.15
1635894000000,62993.3,63061,62765.5,62826.2,499.34
1635894900000,62826.1,62832.7,62623,62778.8,397.12
1635895800000,62778.8,63120,62766.1,63120,371.18
1635896700000,63125,63287.7,63066.2,63256,423.68
1635897600000,63255.9,63395.2,63126,63170.6,655.08
1635898500000,63170.7,63191.4,62945.3,62984,422.48
1635899400000,62984,63182.4,62983.9,63049.3,288.48
1635900300000,63049.3,63576.5,63049.3,63532.2,492.41
1635901200000,63532.2,63532.2,63268.9,63404.7,458.52
1635902100000,63406.7,63406.7,63179.7,63224.6,220.42
1635903000000,63224.6,63280.2,63215,63234.7,153.72
1635903900000,63234.7,63234.7,63034.9,63178,297.52
1635904800000,63173,63173,62715,62904.9,1061.09
1635905700000,62905,62997.1,62886,62988.5,193.4
1635906600000,62978.8,63108.3,62978.8,63108.3,126.25
1635907500000,63109.4,63259.9,63042.9,63200,380.3
1635908400000,63200.1,63200.1,63030,63037.2,268.68
1635909300000,63037.2,63113,62963.9,63108.9,171.6
1635910200000,63113,63247.2,62982.6,63103.6,227.73
1635911100000,63103.6,63255.1,63045.2,63222.8,160.99
1635912000000,63222.8,63222.9,63029.8,63029.8,111.04
1635912900000,63029.8,63094,62858,62985.3,400.56
1635913800000,62988.6,63004.6,62815.8,62844.6,223.35
1635914700000,62847.5,62928.5,62752.6,62771.7,389.87
1635915600000,62771.6,62953.3,62768.3,62953.1,214.34
1635916500000,62952.5,63062.4,62893.2,62977.6,192.39
1635917400000,62973.7,63182.9,62940,63179.9,298.95
1635918300000,63180,63180,63037.5,63041.8,228.88
1635919200000,63041.7,63081.9,62847.1,62923.6,297.98
1635920100000,62923.6,63048,62923.6,62955,92.9
1635921000000,62954.9,63105,62944.6,63082.7,177.43
1635921900000,63082.6,63082.6,62824,62835.9,316.65
1635922800000,62835.8,62969.6,62782.2,62904.2,234.52
1635923700000,62916.7,63100.5,62904.1,63081.2,242.81
1635924600000,63081.3,63081.3,62928.5,62946.1,186.29
1635925500000,62946.1,63501.9,62939.6,63387.9,912.62
1635926400000,63388,63388,63177.8,63243.4,415.51
1635927300000,63243.4,63243.4,62911.6,63022.4,668.38
1635928200000,63022.5,63047.1,62931.1,63043,181.15
1635929100000,63043,63069,62894,62985.3,190.27
1635930000000,62985.3,63028,62894,62988.1,205.99
1635930900000,62988.1,63372.1,62973,63231,437.04
1635931800000,63231,63298,63146,63157.7,179.09
1635932700000,63159.5,63366.2,63112.1,63309.9,151.77
1635933600000,63310,63421.1,63205,63400,221.62
1635934500000,63400,63410,63260.5,63261.6,189.16
1635935400000,63256,63264,63117.8,63129.2,252.63
1635936300000,63129.2,63199.7,63117.3,63128.2,124.97
1635937200000,63128.2,63198,62926.9,62933.6,372.75
1635938100000,62933.6,63081.2,62926.9,63043.5,174.68
1635939000000,63043.4,63183.5,62985.4,63114.4,211.26
1635939900000,63114.4,63152.2,63100.8,63135.4,133.95
1635940800000,63135.4,63146.2,62861,62873.9,339.08
1635941700000,62874,62997.7,62649.6,62660.1,529.99
1635942600000,62660,62839.1,62269.9,62528.8,1502.7
1635943500000,62536.8,62558.6,62193.8,62467.1,1104.98
1635944400000,62467,62660,62368.1,62541.1,481.14
1635945300000,62540.3,62583,62300.5,62455.4,463.39
1635946200000,62447.6,62490,61939.9,62047.2,1287.4
1635947100000,62047.2,62095,61650,61813.2,2303.15
1635948000000,61813.2,61969.3,61561.6,61949.2,1179.81
1635948900000,61949.2,62028.8,61863.2,61982.6,479.73
1635949800000,61982.7,61995.1,61768.6,61880,351.36
1635950700000,61880,62073.7,61856.7,61944.5,448.64
1635951600000,61944.5,61944.5,61717.5,61846.4,313.35
1635952500000,61846.3,62053.7,61761.8,62024.4,354.5
1635953400000,62024.4,62055.9,61883,62027.3,317.02
1635954300000,62027.3,62189.8,61913.5,62156.7,413.98
1635955200000,62161.9,62531.2,62105.8,62433.5,828.42
1635956100000,62433.6,62449.4,62324.6,62329.9,228.92
1635957000000,62329.9,62369.2,62134.1,62247.9,334.56
1635957900000,62247.9,62268,61970.6,62131,393.93
1635958800000,62130.9,62278,62072.9,62208.2,282.49
1635959700000,62208.2,62686.9,62208.2,62648.6,627.58
1635960600000,62648.7,62648.7,62466,62504.1,255.63
1635961500000,62494,62571,62307,62492.8,286.74
1635962400000,62492.8,62758.2,60031.6,62530.3,6968.58
1635963300000,62524.8,62571.2,62163.5,62180,762.23
1635964200000,62186.4,62844,62180,62844,667.38
1635965100000,62846.8,63277.2,62825,63179.6,1268.44
1635966000000,63179.6,63378.9,63112,63184.4,577.21
1635966900000,63184.4,63213.9,62839,63027.4,587.63
1635967800000,63027.3,63069,62902,62993.7,275.11
1635968700000,62994.7,63000.5,62832.8,62832.8,176.49
1635969600000,62832.9,63049.9,62752.1,62902.2,272.89
1635970500000,62902.1,62941.8,62797.7,62849.1,185.41
1635971400000,62849.2,62849.2,62724.6,62781.6,226.91
1635972300000,62781.6,62850,62750,62764.1,142.86
1635973200000,62764.2,62947.5,62764.2,62898.9,99.99
1635974100000,62898.9,63026,62831.4,63026,178.72
1635975000000,63026,63249.9,62971.1,63143.7,272.81
1635975900000,63143.8,63208,62986.3,63137.3,93.68
1635976800000,63137.3,63195.4,62925.5,62968.1,238.89
1635977700000,62968,63085.6,62829.7,62829.7,244.59
1635978600000,62829.8,62922.3,62820.5,62836.7,160.29
1635979500000,62821.5,62935.3,62781.9,62828.2,346.84
1635980400000,62828.1,62913.3,62800.1,62808.7,144.77
1635981300000,62818.1,62948.9,62812.8,62943,205.71
1635982200000,62943,63140.2,62906.3,63038.7,271.04
1635983100000,63038.8,63084.9,62936,62936,317.73
1635984000000,62936.1,63080,62870.5,63061.6,259.49
1635984900000,63070,63100,62981.5,63099.9,171.53
1635985800000,63099.9,63118.3,62818,62844.7,264.89
1635986700000,62844.8,62885.5,62783,62856.3,200.68
1635987600000,62856.3,62870.9,62520.4,62591.1,489.81
1635988500000,62591.1,62615.6,62467,62535.4,326.14
1635989400000,62535.4,62570.4,62432.8,62544.8,302.26
1635990300000,62544.8,62568.4,62123.9,62360.6,443.35
1635991200000,62360.5,62500,62223.6,62499.9,538.73
1635992100000,62500,62502.7,62412.5,62484,147.89
1635993000000,62484,62516.6,62380.2,62459,161.17
1635993900000,62458.9,62581.9,62458.9,62572.4,123.67
1635994800000,62572.3,62612.3,62481.2,62491.2,194.73
1635995700000,62491.2,62510.3,62322,62403.1,248.11
1635996600000,62403,62520,62375.4,62472.3,136.99
1635997500000,62472.2,62511,62369.8,62447.1,99.28
1635998400000,62447.1,62700,62437.5,62633.8,285.08
1635999300000,62630.1,62742.4,62625.4,62640,206.57
1636000200000,62640.1,62848.4,62605.9,62683.8,315.62
1636001100000,62683.8,62787.6,62662.7,62709.7,204.76
1636002000000,62709.7,62756,62616.5,62656.1,153.43
1636002900000,62656.1,62682.1,62608.6,62608.6,60.92
1636003800000,62608.6,62608.7,62378,62399,427.99
1636004700000,62393.1,62445.8,62352.7,62399,156.31
1636005600000,62399,62461.3,62367.3,62441.6,163.85
1636006500000,62446,62539.6,62428.2,62516.3,127.52
1636007400000,62516.3,62669.3,62380,62400.1,443.96
1636008300000,62400,62526.6,62380,62477.2,208.69
1636009200000,62483.9,62628,62406.6,62424.1,178.42
1636010100000,62424.2,62485.2,62281.7,62355.5,222.27
1636011000000,62344.2,62474.6,62169.5,62290.6,452.66
1636011900000,62297,62306,61832,61858.5,1245.06
1636012800000,61862.2,62012.8,61661.5,62010,1223.51
1636013700000,62009.9,62351.9,61950,62100,611.58
1636014600000,62100,62100,61678.1,61792.2,712.04
1636015500000,61792.1,61794.6,61574.1,61632.8,522.14
1636016400000,61632.7,61632.7,61316.3,61630.2,1261.29
1636017300000,61630.2,61715.9,61500,61653.3,383.67
1636018200000,61653.2,61653.2,61448.3,61610.2,240.29
1636019100000,61610.2,61840,61594.5,61794.1,340.2
1636020000000,61794,61840.4,61705.2,61738.6,193.3
1636020900000,61738.5,61853.4,61681.2,61730.5,201.78
1636021800000,61730.5,61810.8,61634.9,61810.8,271.03
1636022700000,61810.8,61980,61774.8,61910,639.86
1636023600000,61910,61978,61856.3,61978,215.03
1636024500000,61977.9,61977.9,61670.2,61758.5,218.39
1636025400000,61758.5,61789.4,61229.7,61308.7,1002.17
1636026300000,61308.7,61476,61286.6,61446.1,290.33
1636027200000,61446,61640,61300.1,61598.4,464.07
1636028100000,61598.3,61680,61554,61654.5,216.56
1636029000000,61655.3,61684.5,61517.9,61680.1,153.36
1636029900000,61680,61918.4,61635.8,61886.6,378.53
1636030800000,61886.6,62012.7,61858,61938.3,377.74
1636031700000,61938.3,61938.4,61692.1,61906.5,543.1
1636032600000,61906.6,61919.5,61580,61732,467.77
1636033500000,61733.3,62225.1,61635.9,62114.6,1092.91
1636034400000,62114.6,62376.7,62114.5,62345.5,772.68
1636035300000,62345.5,62345.5,61982,62000.7,529.84
1636036200000,62000,62096.9,61921.6,61925.9,197.41
1636037100000,61925.9,61987.4,61662.6,61771.6,456.03
1636038000000,61771.6,61816.4,61150,61168.6,1688.39
1636038900000,61168.7,61262,60763.1,61206.2,1953.46
1636039800000,61208.6,61353,61086.7,61228.4,537.31
1636040700000,61235.2,61242.1,60959.2,61059.8,491.84
1636041600000,61059.8,61328,60833.8,61278.9,1051.64
1636042500000,61279,61336.2,61080,61190.6,314.89
1636043400000,61190.6,61190.6,60880.1,61083.9,675.65
1636044300000,61083.9,61235.5,61076.5,61180,229.19
1636045200000,61180,61258.9,61128.2,61142.7,187.11
1636046100000,61142.7,61193,60918,60929.6,264.05
1636047000000,60929.5,61125.9,60745.1,60986.5,474.56
1636047900000,60986.6,61075.5,60856.3,60873,373.7
1636048800000,60872.9,61206.6,60734,61081.7,483.2
1636049700000,61081.7,61396.9,61072.7,61312.1,412.49
1636050600000,61312.1,61312.2,61193.5,61197.6,150.7
1636051500000,61197.5,61239,60708.4,60728,289.78
1636052400000,60728,60971.5,60633.9,60963.8,405.45
1636053300000,60963.7,61143,60910.3,61070,236.44
1636054200000,61070,61243,61070,61175.5,131.24
1636055100000,61184,61303.6,61155.1,61238.3,109.93
1636056000000,61246.5,61246.6,61073.7,61086.7,71.59
1636056900000,61089.6,61549.7,61089.6,61417.1,413.55
1636057800000,61417.1,61417.1,61249,61280.7,59.1
1636058700000,61280.8,61370,61236.5,61333.1,90.87
1636059600000,61333.1,61411.4,61144.4,61175,111.48
1636060500000,61174.9,61392.8,61174.9,61392.8,62.35
1636061400000,61395.6,61466.4,61332.1,61343.1,52.89
1636062300000,61343.1,61449.8,61335.6,61337.5,38.05
1636063200000,61337.5,61378.8,61016,61166.6,286.09
1636064100000,61166.5,61299.8,61166.5,61291.3,144.21
1636065000000,61291.3,61350.9,61246.7,61273,107.26
1636065900000,61266.6,61280.1,61146.6,61162.2,110.53
1636066800000,61162.1,61295.9,61106.7,61295.9,88.03
1636067700000,61292,61520.2,61292,61433.2,268.64
1636068600000,61433.1,61433.2,61268,61306.5,69.09
1636069500000,61306.5,61440.3,61286.6,61428.4,102.01
1636070400000,61428.4,61506,61330.6,61346.6,269.16
1636071300000,61335.9,61336,61081.3,61221.1,292.83
1636072200000,61221.2,61270,61054,61071.2,147.1
1636073100000,61068.2,61143.9,60804.1,60872.7,394.98
1636074000000,60872.8,61256.2,60850.9,61256.2,261.11
1636074900000,61256.1,61293.4,61100.4,61123.9,270.45
1636075800000,61123.9,61440.9,61050,61440.3,224.34
1636076700000,61440.3,61860.3,61414.5,61799.9,1021.43
1636077600000,61800,61899,61723.4,61882.9,552.57
1636078500000,61883,61900,61750,61820,517.86
1636079400000,61820,61824.1,61658.5,61688.3,262.27
1636080300000,61686.7,61725.7,61640,61640,124.71
1636081200000,61640.1,62182.4,61640,62159.2,565.2
1636082100000,62159.3,62342.9,62031.1,62159.9,929.18
1636083000000,62159.9,62176.4,62016.5,62021.7,197.39
1636083900000,62021.7,62300,62016.6,62206.7,278.07
1636084800000,62206.7,62299.3,62127,62164.9,226.93
1636085700000,62165,62242,62101,62119.3,225.59
1636086600000,62115.1,62288,62094,62262.2,319.98
1636087500000,62262.2,62262.2,62094,62101.2,138.52
1636088400000,62101.2,62120,62030,62032.1,145.26
1636089300000,62032,62132.3,62020,62079.2,115.17
1636090200000,62079.2,62106.6,61899,61986.6,237.73
1636091100000,61986.6,62207.1,61986.5,62207.1,200.96
1636092000000,62207.1,62546.2,62207,62405.1,906.94
1636092900000,62405.1,62625.6,62315.5,62471.1,469.94
1636093800000,62477.5,62495.4,62259,62286.5,269.19
1636094700000,62286.6,62294.1,62137.4,62172.6,199.24
1636095600000,62172.6,62299.4,62168.7,62288.9,259.41
1636096500000,62288.9,62492.9,62221.4,62308.4,283.01
1636097400000,62308.3,62429.9,62274.6,62308.7,228.71
1636098300000,62308.6,62337.3,62112.6,62127.2,214.97
1636099200000,62126.6,62194.6,61960.1,62030.9,703.04
1636100100000,62030.9,62109.4,62026,62030,178.7
1636101000000,62030,62136.5,62023.8,62095.9,159.11
1636101900000,62095.9,62235,62066.6,62213.9,251.87
1636102800000,62217.6,62260,61928.7,62137.6,425.2
1636103700000,62137.6,62145.3,61901.2,61901.2,293.64
1636104600000,61901.2,61933.9,61684,61754.6,744.91
1636105500000,61754.6,61796.9,61531,61737.9,453.41
1636106400000,61737.9,61800,61606,61666.7,259.77
1636107300000,61666.6,61784.6,61641.6,61692.2,192.62
1636108200000,61692.1,61711.1,61458,61537.9,325.38
1636109100000,61538,61636,61478.6,61579.8,212.84
1636110000000,61579.8,61672.8,61288.1,61486.8,500.2
1636110900000,61486.7,61525,61209.8,61496.6,552.63
1636111800000,61496.6,61837.9,61496.6,61520.4,689.08
1636112700000,61513.8,61630.8,61178.4,61267.9,600.41
1636113600000,61267.9,61500,61200,61426.5,349.18
1636114500000,61426.6,61453.5,61322.4,61331.7,155.11
1636115400000,61331.6,61496,61164,61335.9,484.93
1636116300000,61335.8,61563.2,61244,61518.1,300.08
1636117200000,61518.1,61597.6,61461.9,61579.3,239.33
1636118100000,61579.3,61632.4,61499.6,61536.9,177.9
1636119000000,61527.6,61952.2,61490.6,61748.2,1191.6
1636119900000,61745.1,61866.6,61627.3,61795.5,379.49
1636120800000,61795.5,61873.9,61638.8,61638.8,273.9
1636121700000,61638.9,61699,61580,61585.7,186.1
1636122600000,61588.9,61649,61327.4,61327.5,350
1636123500000,61327.5,61523.7,61200.4,61264.5,830.98
1636124400000,61261.2,61330.9,60800,60976.7,1403.78
1636125300000,60976.7,61103.5,60842.2,61046.5,490.98
1636126200000,61046.6,61150.4,60750.2,60774.7,553.65
1636127100000,60774.7,60950.5,60752.9,60800.2,514.53
1636128000000,60800.2,60931.6,60766.6,60880.3,575.23
1636128900000,60880.3,61048.4,60838.3,60935.6,404.2
1636129800000,60935.6,60970,60850.1,60860,195.1
1636130700000,60852.3,60999.9,60826.6,60883.8,207.81
1636131600000,60899.9,60959.9,60819.6,60897,146.77
1636132500000,60896.9,60917.5,60797.7,60797.7,228.3
1636133400000,60797.6,61091,60776.4,60937.5,377.85
1636134300000,60937.6,61018.2,60876.2,60973.5,237.33
1636135200000,60973.4,61062,60908,61000.8,180.09
1636136100000,61000.8,61297,60951,61241.1,519.34
1636137000000,61241.2,61241.2,61080,61114.3,199.19
1636137900000,61114.2,61435,61083.8,61191.4,441.28
1636138800000,61197.1,61197.2,61043.5,61156.4,152.94
1636139700000,61156.4,61195,61049.5,61050.2,77.36
1636140600000,61065.7,61094.2,60938.2,60952.6,114.2
1636141500000,60945,61133,60828,61119.2,185.36
1636142400000,61103.3,61103.3,60850,60850.1,181.84
1636143300000,60850.1,60916.7,60820,60820,80.19
1636144200000,60820.1,60898.3,60713.9,60863.9,160.35
1636145100000,60864,61012.6,60814.8,60942.6,145.87
1636146000000,60942.5,61215.5,60914.7,61173.7,101.43
1636146900000,61173.6,61197.5,61040.8,61175.7,127.72
1636147800000,61175.7,61185,61055.1,61096,48.38
1636148700000,61096,61146.6,60988.1,61066.7,28.85
1636149600000,61066.7,61206.5,61006.7,61205.2,112.05
1636150500000,61206.2,61345.4,61128.4,61152.1,166.63
1636151400000,61152.1,61152.2,61019.1,61053.6,71.82
1636152300000,61053.6,61126.4,61049.5,61066.6,40.63
1636153200000,61066.6,61090.3,60827.6,60896.8,181.16
1636154100000,60896.8,60987.6,60834.4,60846.8,154.41
1636155000000,60855.4,60981.9,60785.2,60981.8,280.31
1636155900000,60981.9,61042.5,60943.2,60943.2,166.21
1636156800000,60942.1,61069,60802,60956.8,273.69
1636157700000,60956.8,61152,60919.3,61134.5,292.85
1636158600000,61134.6,61134.6,61047.1,61080,173.94
1636159500000,61079.9,61280.7,61065.1,61188.4,385.57
1636160400000,61183.5,61277.8,61100,61100.1,384.51
1636161300000,61100,61105.4,60968,61089.3,191.5
1636162200000,61089.3,61242.5,61087.8,61186.6,291.69
1636163100000,61186.6,61186.6,61134.8,61173.9,114.75
1636164000000,61178.2,61211.5,60986.6,60999,183.6
1636164900000,60999,61065.7,60946.6,60969.7,150.99
1636165800000,60969.8,60969.8,60873.9,60875.2,194.62
1636166700000,60875.3,60966.6,60875.2,60949.8,254.62
1636167600000,60949.9,60996.3,60923.3,60986.6,177.47
1636168500000,60986.6,61138,60971.5,61120.6,185.1
1636169400000,61120.6,61137.8,60950.9,60995.7,147.75
1636170300000,60995.7,61131.5,60995.7,61112.8,104.09
1636171200000,61112.7,61138.4,61009.6,61036.5,89.27
1636172100000,61036.6,61260,60960,61233,333.53
1636173000000,61233.1,61262.9,61168.3,61199.9,223.76
1636173900000,61200,61246.4,61158.2,61185.3,289.63
1636174800000,61185.4,61280,61185.4,61280,179.57
1636175700000,61280,61280,61210.9,61280,131.05
1636176600000,61280,61474.4,61280,61384.5,582.27
1636177500000,61384.5,61454.9,61323.1,61406.7,413.35
1636178400000,61406.7,61570.5,61325.1,61347,655.87
1636179300000,61347.1,61400.9,61253.4,61288.1,162.31
1636180200000,61288.1,61300,61222,61222.1,116.23
1636181100000,61222.1,61253.6,61147.4,61253.5,227.16
1636182000000,61253.5,61320,60976.7,60983.2,358.11
1636182900000,60983.2,61069.3,60477.4,60584.1,1825.64
1636183800000,60584.1,60768.6,60472,60707.8,826.18
1636184700000,60707.9,60809.3,60693.9,60777.5,267.25
1636185600000,60777.6,61366.2,60730,61107.3,1521.81
1636186500000,61107.2,61344.2,60905,60959.9,1071.26
1636187400000,60960,61106.5,60959.9,60960,290.09
1636188300000,60960,61033.7,60913.4,61018.7,204.01
1636189200000,61018.8,61096.8,60832.7,61072.6,361.74
1636190100000,61072.5,61171.4,61072.5,61099.7,143.29
1636191000000,61103.5,61145.4,61045.8,61061.3,139.24
1636191900000,61061.2,61061.3,60901.8,60912,169.7
1636192800000,60912.1,60999.9,60863.8,60987.9,158.68
1636193700000,60992.3,61006.6,60730,60822,369.63
1636194600000,60820.1,60926.6,60588,60624.9,718.44
1636195500000,60624.9,60672.4,60422.4,60478.9,1251.73
1636196400000,60478.8,60478.8,60088.8,60349.4,2081.74
1636197300000,60349.4,60589.9,60349.4,60503.5,640
1636198200000,60503.6,60627.1,60294.6,60300.1,434.38
1636199100000,60300.1,60418.7,60237.9,60333.8,435.28
1636200000000,60333.7,60449.9,60147.7,60197.5,540.39
1636200900000,60197.5,60580,60044.5,60492,1111.32
1636201800000,60492,60596.1,60371,60432.4,416.97
1636202700000,60432.3,60432.3,60207.4,60266.5,364.07
1636203600000,60266.5,60522,60240.1,60512.1,476.66
1636204500000,60512.2,60654.4,60400,60497.8,477.46
1636205400000,60497.8,60524.3,60360.7,60524.3,184.61
1636206300000,60524.3,60550,60434.4,60534.4,189.19
1636207200000,60540.4,60687.8,60297.5,60315.9,467.71
1636208100000,60316,60484.7,60315.9,60428.7,166.08
1636209000000,60428.7,60766.6,60389,60620.8,531.97
1636209900000,60620.8,60734.5,60599,60599.1,327.66
1636210800000,60599.1,60726.6,60579.6,60683,238.1
1636211700000,60683,60747.5,60588,60598.8,265.76
1636212600000,60598.8,60726.6,60570.5,60726.6,168.37
1636213500000,60730.9,60765.1,60646.6,60646.6,161.74
1636214400000,60646.7,60833.3,60577.1,60745.2,477.05
1636215300000,60745.2,60766,60507.5,60586.6,268.53
1636216200000,60586.5,60642.5,60411,60491.4,242.21
1636217100000,60491.3,60616,60491.3,60601.4,58.3
1636218000000,60610.2,60765.3,60601.3,60742.6,201.42
1636218900000,60753.5,60884.5,60643.7,60656.5,322
1636219800000,60656.5,60681.2,60607,60612.9,65.78
1636220700000,60612.9,60722.7,60595.3,60674.4,83.05
1636221600000,60674.4,60800,60662.4,60783.2,94.93
1636222500000,60783.2,60835.7,60677.5,60741.1,185.81
1636223400000,60741.1,60826.6,60731,60797.2,144.22
1636224300000,60797.2,60797.2,60675.4,60744,111.77
1636225200000,60743.9,60919.9,60741.7,60770.8,465.42
1636226100000,60770.8,60853.8,60752.7,60853.7,91.51
1636227000000,60853.8,61046.5,60806.6,61009.6,223.64
1636227900000,61009.6,61192.2,60972.1,61176.2,481.12
1636228800000,61176.3,61264.9,61106.9,61201.2,489.65
1636229700000,61201.8,61356,61112.6,61266.6,639.14
1636230600000,61266.6,61437,61137.9,61205.1,406.9
1636231500000,61205,61206.5,61123.6,61133.2,54.79
1636232400000,61133.2,61296.4,61133.2,61274.8,110.19
1636233300000,61274.9,61469.2,61274.8,61427.3,137.79
1636234200000,61427.4,61433.7,61338.1,61401,60.26
1636235100000,61405.3,61480,61391.4,61398.3,108.88
1636236000000,61398.4,61483.3,61369.9,61476.4,149.27
1636236900000,61476.5,61476.5,61333.3,61333.3,143.96
1636237800000,61333.4,61412.3,61333.4,61403.3,59.13
1636238700000,61403.3,61403.4,61342,61364.4,89.1
1636239600000,61364.4,61396,61274,61306.6,114.2
1636240500000,61306.7,61399.5,61306.7,61398,82.88
1636241400000,61398.1,61398.1,61331.5,61360.8,236.03
1636242300000,61360.8,61472.6,61349.9,61472.6,202.69
1636243200000,61472.6,61599.9,61429,61537.3,521.9
1636244100000,61537.3,61546.6,61351.1,61351.1,358.52
1636245000000,61351.1,61441.8,61351.1,61441.7,136.17
1636245900000,61441.8,61972.8,61441.8,61955.4,1494.7
1636246800000,61955.4,62355.4,61955.4,62155.9,1853.42
1636247700000,62156,62286.6,62121.8,62121.8,633.72
1636248600000,62121.8,62160.9,61901.9,61923.7,744.49
1636249500000,61923.8,61979,61813.3,61894.9,381.97
1636250400000,61895,61962.6,61836.7,61836.8,253.03
1636251300000,61836.7,61899.8,61808,61876.9,216.1
1636252200000,61876.9,61987.1,61876.9,61979.5,145.41
1636253100000,61979.5,62187.7,61966.7,61979.6,377.45
1636254000000,61979.6,62077.5,61979.6,62025.2,230.86
1636254900000,62025.2,62025.3,61968.7,61985,138.89
1636255800000,61984.9,62180.4,61984.9,62167.3,387.31
1636256700000,62167.4,62240,62138.2,62191.9,434.79
1636257600000,62191.9,62340,62183.1,62193,491.29
1636258500000,62193,62223.9,62139.4,62150.2,197.51
1636259400000,62150.2,62310,62120.2,62237.3,343.72
1636260300000,62237.3,62249.4,62186.6,62211.7,110.13
1636261200000,62211.7,62211.8,62089,62099.6,249.58
1636262100000,62093.3,62145.8,61984.8,61991.9,147.22
1636263000000,61991.9,62112.7,61956.9,62063.1,292.86
1636263900000,62063.1,62078.4,61947.3,61956.4,156.55
1636264800000,61956.4,62061.9,61956.4,62028.6,116.11
1636265700000,62028.6,62077,62028.6,62077,65.64
1636266600000,62077,62126,61862,61909.6,246.34
1636267500000,61909.5,61963.1,61781.7,61866.6,756.97
1636268400000,61865.8,61907.4,61748,61785.2,204.68
1636269300000,61785.1,61899.5,61785.1,61882.8,116.53
1636270200000,61882.9,62004.9,61820,61989.8,452.51
1636271100000,61989.8,61999.4,61722.3,61789.4,523.79
1636272000000,61789.5,61846.6,61743,61786.7,224.32
1636272900000,61786.7,61830.2,61630.8,61656.5,471.74
1636273800000,61656.6,61684,61653,61671.5,92.99
1636274700000,61671.5,61780.1,61650,61710.5,215.49
1636275600000,61710.5,61724.4,61500,61558.1,460.12
1636276500000,61558.1,61612.2,61547.3,61557.1,173.47
1636277400000,61557.1,61727.9,61480,61694.3,374.35
1636278300000,61694.4,62053.4,61694.3,61991.1,898.26
1636279200000,61991.1,62393.1,61985.2,62173.5,1429.64
1636280100000,62173.4,62320,62106.6,62138.1,496.63
1636281000000,62138,62157.5,61870,61870,420.65
1636281900000,61870,61968,61786.7,61912.7,492.53
1636282800000,61912.7,61927.7,61573.4,61792,605.59
1636283700000,61792,61866.3,61722,61764.2,225.09
1636284600000,61764.3,61825.7,61730,61771.9,96.2
1636285500000,61771.9,61956.1,61750.5,61932.2,196.03
1636286400000,61932.3,62036.4,61804.4,61823.3,306.23
1636287300000,61823.3,62118.8,61773.5,62040.9,415.15
1636288200000,62041,62137.1,61946.8,61950.7,258.08
1636289100000,61946.6,61946.6,61740,61777.7,328.75
1636290000000,61777.7,61850,61761.1,61832.8,143.16
1636290900000,61832.9,62156,61816.7,61921.4,751.53
1636291800000,61921.3,62073.2,61921.3,62025.1,211.6
1636292700000,62025.1,62025.1,61837.2,61856.4,267.82
1636293600000,61856.3,61964,61839,61959.2,161.1
1636294500000,61959.1,62066.3,61933.6,62030.4,262.03
1636295400000,62030.4,62030.5,61835.6,61873.7,215.74
1636296300000,61873.7,61873.8,61790,61790,321.81
1636297200000,61790,61990.3,61779.7,61929.5,197.46
1636298100000,61929.5,61943.9,61720,61721,164.78
1636299000000,61720.1,61863.1,61720,61845.7,111.82
1636299900000,61845.6,61966.6,61817.7,61942.8,197.57
1636300800000,61942.9,62199,61941.9,62165.4,583.95
1636301700000,62165.3,62178.7,62036.5,62104.2,271.22
1636302600000,62104.2,62259.9,62050,62252.8,258.34
1636303500000,62252.9,62300,62014.6,62033.7,368.22
1636304400000,62033.8,62127.8,62033.7,62097,157.5
1636305300000,62096.9,62219.5,62082.9,62174.6,164.96
1636306200000,62174.6,62258.2,62135.5,62258.2,168.93
1636307100000,62258.1,62508.6,62212.5,62461.9,670.21
1636308000000,62461.9,62544,62070.1,62199.2,695.56
1636308900000,62199.2,62266,62102.5,62240.2,423
1636309800000,62252.5,62424.4,62231.1,62411.4,227.27
1636310700000,62411.3,62433,62298.1,62433,157.76
1636311600000,62432.9,62530.2,62401.5,62460.9,153.73
1636312500000,62460.9,62461,62325.4,62325.5,156.9
1636313400000,62325.5,62325.6,62188,62202.2,60.49
1636314300000,62202.3,62325.5,62159.7,62280,132.76
1636315200000,62279.9,62299.9,62172.3,62217.1,90.95
1636316100000,62217,62428.7,62206.7,62428.7,91.66
1636317000000,62428.6,62518,62313.1,62426.9,277.89
1636317900000,62427,62869,62427,62664.8,709.13
1636318800000,62664.9,62924.4,62664.9,62743.6,529.41
1636319700000,62743.6,62970.1,62743.5,62917.8,513.41
1636320600000,62917.8,63126.9,62844,62857.7,815.26
1636321500000,62857.6,62870,62760,62866.5,151.92
1636322400000,62866.5,63050,62777,62810.1,209.4
1636323300000,62810.1,62940.8,62810,62886.6,62.24
1636324200000,62884.4,63027.9,62834.5,62918.5,97.22
1636325100000,62918.5,62956,62777.2,62813.3,116.5
1636326000000,62813.4,62941.1,62757,62770.2,288.04
1636326900000,62770.2,62977.8,62757.4,62977.7,201.43
1636327800000,62977.8,63046.9,62846.7,62871.6,176.53
1636328700000,62871.5,63297,62845,63280,639.08
1636329600000,63279.9,63888,63279.9,63860.1,1697.55
1636330500000,63860.1,64621.1,63860.1,64260.8,2884.42
1636331400000,64260.8,65087.2,64236.2,64858.3,2771.12
1636332300000,64858.2,65058,64700,65057.8,1036.78
1636333200000,65057.9,65746.7,64999.1,65256.6,2771.02
1636334100000,65256.6,65437,65016.4,65318,1148.26
1636335000000,65318.1,65354.9,64988.4,65044,659.32
1636335900000,65044,65229.9,65028.8,65098.6,403.7
1636336800000,65095.3,65320,65095.3,65199,384.84
1636337700000,65198.9,65380,65198.9,65297.2,296.18
1636338600000,65297.2,65297.2,65109.9,65283.9,218
1636339500000,65283.9,65284,65080,65104.9,376.48
1636340400000,65104.9,65186,65041.1,65150.1,297.98
1636341300000,65150,65150,65022.9,65070.5,322.18
1636342200000,65072.7,65239.7,65035.6,65204.5,338
1636343100000,65207.3,65288.7,65168.3,65235.1,292.31
1636344000000,65235.1,65286.6,65142.3,65238.5,266.05
1636344900000,65238.5,65287.7,65238.5,65260.2,215.86
1636345800000,65260.3,65365,65215,65335,531.38
1636346700000,65335,65335.1,65077,65190,673.61
1636347600000,65189.9,65272.7,65106.3,65272.7,238.58
1636348500000,65272.7,65658.4,65272.6,65416,1534.3
1636349400000,65416,65422.7,65276,65276.1,196.11
1636350300000,65273,65630,65270.5,65444.6,414.01
1636351200000,65444.6,65799.9,65383,65681,741.49
1636352100000,65681,66185.9,65593.2,65993.7,1636.63
1636353000000,65993.8,66139.9,65865.4,66023.1,691.13
1636353900000,66023.2,66045.8,65886.8,65919.2,501.4
1636354800000,65926.5,66476.9,65919.3,66069,1019.95
1636355700000,66069.1,66069.1,65846.7,65866.4,499.58
1636356600000,65866.4,65937.2,65623.9,65739.8,899.08
1636357500000,65739.8,65999.2,65734.5,65955.7,460.47
1636358400000,65955.7,65969.8,65751.1,65767,440.96
1636359300000,65767.1,65876.2,65704,65746.5,214.78
1636360200000,65746.5,65789.3,65623.5,65789,279.55
1636361100000,65796,66297.9,65779.1,66250.5,736.03
1636362000000,66250.5,66437.5,66084.9,66298.2,812.18
1636362900000,66295.7,66295.8,66052,66066.8,394.81
1636363800000,66066.9,66224.5,66007,66141,384.12
1636364700000,66140.9,66249,66019.9,66086.7,428.02
1636365600000,66086.7,66166,65963.1,66016.4,305.72
1636366500000,66016.4,66016.5,65723.1,65855.7,560.79
1636367400000,65855.8,66024.4,65842.5,65949.1,457.14
1636368300000,65949,66079.9,65900,66037.1,172.26
1636369200000,66037.2,66077.8,65801.5,65801.6,357.2
1636370100000,65801.6,65892.6,65769.8,65813.1,230.75
1636371000000,65813.2,66050.8,65812.7,65878.3,342.28
1636371900000,65867.9,66059.8,65775,66035.7,407.61
1636372800000,66049.9,66157,65810,65861.1,340.36
1636373700000,65861.1,65986.6,65861,65888.2,96.12
1636374600000,65888.1,66011.9,65819,65919.4,225.47
1636375500000,65919.3,65995,65758,65825.1,246.16
1636376400000,65825.1,65950,65817.1,65817.2,255.5
1636377300000,65817.2,65874.3,65750,65866.5,327.5
1636378200000,65866.6,65930.1,65410.4,65591.5,1010.49
1636379100000,65591.4,65605.9,65329.4,65410.1,1001.88
1636380000000,65410,65564.1,65406.6,65544.1,356.96
1636380900000,65544.1,65565,65311,65463.5,402.07
1636381800000,65453.7,65496.2,65189.1,65286.5,567.04
1636382700000,65286.4,65444,65283.2,65342.5,459.56
1636383600000,65342.6,65599.9,65286.6,65581.1,409.43
1636384500000,65581.1,65768.1,65520,65757.1,312.8
1636385400000,65757.1,66379.9,65757.1,66138.9,1353.71
1636386300000,66138.9,66640,66054.7,66372.2,1180.95
1636387200000,66372.1,66586,66189.1,66230.1,1235.3
1636388100000,66230,66230.1,66023.1,66065.6,739.34
1636389000000,66065.7,66182.3,65891.3,66054.4,587.79
1636389900000,66054.3,66095.3,65933.3,65961,224.76
1636390800000,65961,66100.5,65827.8,65860,498.32
1636391700000,65859.9,66075,65840.9,66067.2,212.79
1636392600000,66077.5,66195,66015.9,66099.9,231.49
1636393500000,66100,66235.1,65968.1,65990.4,197.66
1636394400000,65990.4,66019,65925.4,65983.9,145.02
1636395300000,65983.9,66015.4,65751.6,65858.7,228.97
1636396200000,65858.6,65899.4,65811.9,65868.5,130.45
1636397100000,65878.2,65954.6,65866.7,65947.6,86.52
1636398000000,65947.5,66107.6,65947.5,66088.9,363.47
1636398900000,66089,66090.2,65966.9,65988.4,159.92
1636399800000,65988.5,66006.6,65829,65837.9,172.66
1636400700000,65834,65884.6,65826.6,65842.8,80.35
1636401600000,65836.2,65942,65574.3,65925.2,640.49
1636402500000,65940.5,66180.5,65881,65983.5,682.63
1636403400000,65994.3,66021.5,65753,65836,315.39
1636404300000,65835.9,66083,65835.9,66052.5,148.71
1636405200000,66047.3,66366,65941.3,66294.5,636.02
1636406100000,66287.2,66435,66238.4,66299.6,424.69
1636407000000,66299.6,66339.5,66153,66281,231.33
1636407900000,66281,66283.5,66089.6,66089.6,123.7
1636408800000,66100,66264.6,66100,66251.8,59.76
1636409700000,66251.8,66251.8,66059.8,66152.8,69.38
1636410600000,66152.7,66432,66151.7,66313.4,179.91
1636411500000,66313.5,66541.5,66313.4,66496.1,277.4
1636412400000,66496.1,67467,66351,67321.3,2344.84
1636413300000,67321.3,67888,67288.6,67673.1,2016.53
1636414200000,67673.1,67776,67565,67651.3,423.16
1636415100000,67651.2,67703,67389.1,67589.7,673.18
1636416000000,67589.7,67589.8,67136.4,67310.5,1002.31
1636416900000,67310.5,67635,67255,67599.9,551.44
1636417800000,67599.9,67706,67473.2,67689.6,531.54
1636418700000,67689.6,67770,67560.1,67627.6,395
1636419600000,67627.5,67677.2,67456.9,67503.4,443.91
1636420500000,67503.4,67594.3,67368,67400,310.69
1636421400000,67400.1,67486.6,67395,67457.9,204.71
1636422300000,67457.9,67588,67421.2,67512.2,173.46
1636423200000,67518.9,67570,67450,67526.7,180.87
1636424100000,67526.6,67860,67526.6,67786.5,632.68
1636425000000,67786.5,67788.7,67289.7,67548.8,1087.24
1636425900000,67548.8,67685,67506.6,67650.9,538.3
1636426800000,67650.8,67838.7,67612.1,67728.9,646.24
1636427700000,67728.9,67728.9,67526.7,67656.4,265.76
1636428600000,67656.5,68499,67627.5,68191.2,1805.41
1636429500000,68191.2,68599,68106.7,68504.7,1789.49
1636430400000,68504.8,68526.6,68290.7,68403.2,647.06
1636431300000,68400,68557.4,68168,68350.1,872.08
1636432200000,68350.1,68423.2,68179.4,68209.8,351.71
1636433100000,68209.8,68409,68160,68260,537.39
1636434000000,68253.8,68368.8,68061.2,68087.3,379.38
1636434900000,68087.4,68146,67866,67925.4,671.52
1636435800000,67925.3,68090,67925.3,68021.3,302.32
1636436700000,68021.2,68197.7,68021.2,68146,275.91
1636437600000,68145.9,68218,67704.6,67834.1,843.63
1636438500000,67834,68034.3,67820.1,67985.1,308.71
1636439400000,67988,68079.6,67863.6,67920.5,245.31
1636440300000,67926.1,68048.9,67812.7,68042.6,292.97
1636441200000,68042.5,68056,67950.6,68003.2,192.71
1636442100000,68003.3,68159.3,67899.2,67914,294.76
1636443000000,67914,67931.5,67772.8,67887.4,288.25
1636443900000,67879.1,68028.4,67628.1,67854.7,801.28
1636444800000,67854.7,68009.2,67690,67697.2,398.46
1636445700000,67697.2,67973.8,67697.2,67901.3,334.12
1636446600000,67901.2,68035.6,67900,67938.1,206.59
1636447500000,67938.1,68146,67938.1,68086,344.44
1636448400000,68086,68086,67944.6,67945.5,159.39
1636449300000,67945.5,67961.2,67891.2,67930.2,184.02
1636450200000,67930.3,68177.7,67883.9,68173.1,606.56
1636451100000,68173.1,68279.8,68100,68245.3,357.9
1636452000000,68245.4,68255,68130,68182.5,282.45
1636452900000,68182.5,68223,67970,67970,347.94
1636453800000,67969.2,68050.1,67801.3,67950,649.6
1636454700000,67950.1,67992.6,67790.1,67836.5,257.71
1636455600000,67836.5,67900,67720,67720,383.42
1636456500000,67720.1,67838,67700,67730,326.3
1636457400000,67730.1,67785.9,67366,67547.1,1330.13
1636458300000,67557.1,67661,67431.3,67644.8,262.55
1636459200000,67644.8,67721.1,67384.9,67406.8,382.85
1636460100000,67406.8,67620,67312.2,67568.8,423.13
1636461000000,67564.1,67790,67505.3,67741.8,447.6
1636461900000,67741.8,67741.8,67507.7,67601.3,209.27
1636462800000,67601.4,67916.7,67586.5,67809.3,485.21
1636463700000,67809.3,67836.2,67701.4,67760.3,259.51
1636464600000,67760.3,67842.4,67614.8,67842.4,214.18
1636465500000,67842.4,68131,67751.4,68112.8,591.3
1636466400000,68112.8,68112.8,67881,67904.2,428.17
1636467300000,67904.1,67913.1,67752.9,67813.3,324.86
1636468200000,67813.3,68031.4,67774.5,67932.3,459.91
1636469100000,67932.4,67932.4,67163,67378,1672.17
1636470000000,67378,67378.1,66625,67141.2,3165.39
1636470900000,67141.2,67588,67047.2,67088,2184.25
1636471800000,67090.5,67257.3,66833.3,66957.7,639.83
1636472700000,66957.6,67056.7,66672.6,66811.5,916.34
1636473600000,66823.4,66921,66453.5,66608.3,1207.57
1636474500000,66608.4,66863.9,66486.1,66810.1,826.28
1636475400000,66818,67028,66650,66970.6,558.93
1636476300000,66970.7,66970.7,66687,66721.3,356.1
1636477200000,66721.3,66799.4,66215.4,66468.3,1268.22
1636478100000,66468.3,66640,66450.1,66568.6,276.14
1636479000000,66568.5,66903.8,66550.4,66903.8,364.82
1636479900000,66903.7,66941,66797.4,66835.9,187.63
1636480800000,66829.2,67268,66808,67051.8,491.75
1636481700000,67051.8,67051.8,66791.6,66817.7,248.7
1636482600000,66817.6,66919.2,66752,66752.1,170.63
1636483500000,66760,66760.1,66491.2,66531.7,372.68
1636484400000,66531.8,66649.1,66338,66392,501.14
1636485300000,66392.1,66649.3,66392,66626.2,382.69
1636486200000,66626.2,66662.1,66475.1,66649.6,126.09
1636487100000,66650.6,66835.1,66650.6,66816.2,89.15
1636488000000,66816.9,66833,66710,66756.8,75.5
1636488900000,66756.8,67114.8,66655.5,67039.7,336.96
1636489800000,67039.8,67326.1,66909.9,67301.5,508.89
1636490700000,67312,67348.2,67116.1,67343.8,293.29
1636491600000,67349.9,67477.8,67255.1,67445.3,297.4
1636492500000,67444.6,67467.9,67350.2,67350.2,145
1636493400000,67349.9,67535,67349.9,67529.7,204
1636494300000,67529.8,67790,67479,67713.7,409.57
1636495200000,67713.8,67730.9,67450,67531.3,196.64
1636496100000,67531.3,67622,67022,67037.8,367.03
1636497000000,67037.7,67362.8,67015,67289,224.7
1636497900000,67289,67567.2,67289,67340,251.4
1636498800000,67340.1,67471.1,67180,67228.1,206.62
1636499700000,67228,67362.1,67228,67351.6,132.94
1636500600000,67347.7,67347.7,67064,67194,368.49
1636501500000,67194,67194,66768,66974.8,729.48
1636502400000,66974.7,67244.8,66845,67135.5,488.67
1636503300000,67135.6,67409.9,67100.7,67312.4,447.59
1636504200000,67312.4,67315.6,66924.7,66924.7,477.64
1636505100000,66924.7,67060.8,66780.2,67020.9,351.92
1636506000000,67020.9,67197.3,66878,67136.1,189.84
1636506900000,67136.2,67210,67000,67208.7,275.97
1636507800000,67208.6,67333,67065.2,67294.8,461.66
1636508700000,67294.8,67294.8,67004.1,67048.3,262.19
1636509600000,67048.3,67166.3,67010,67107.7,158.01
1636510500000,67107.8,67222,67029,67125.3,215.62
1636511400000,67125.3,67134.9,66897,66897.1,510.08
1636512300000,66897,66962.4,66859.1,66885.1,326.55
1636513200000,66885.2,66885.2,66533.1,66535.3,1015.05
1636514100000,66535.3,66610.5,66406.7,66449.1,781.91
1636515000000,66449.1,66700,66449.1,66477.1,534.91
1636515900000,66479.9,66609.7,66478.4,66556.4,239.97
1636516800000,66556.3,66610,66315,66423,663.62
1636517700000,66421.1,66619.9,66410,66509.8,262.84
1636518600000,66509.8,66688,66488.3,66642.6,402.68
1636519500000,66642.5,66723,66575.5,66697.3,249.68
1636520400000,66697.4,66697.4,66423.9,66464.3,255.48
1636521300000,66464.3,66670.2,66433.4,66670.2,222.59
1636522200000,66670.1,66670.2,66323.2,66425.1,475.43
1636523100000,66424.3,66530.1,66388,66388,179.35
1636524000000,66388.1,66656.6,66381.2,66654.6,403.4
1636524900000,66648.1,66648.1,66396.1,66427.4,245.22
1636525800000,66427.4,66535,66277.5,66415,589.79
1636526700000,66415,66658.7,66360,66569,427.82
1636527600000,66569.1,66714.7,66537.8,66560,348.46
1636528500000,66560.1,66786.1,66517.6,66771.5,362.71
1636529400000,66771.6,66771.6,66445,66465.7,418.78
1636530300000,66465.7,66554.6,66350.4,66466.7,622.58
1636531200000,66466.7,66612,66390.1,66600.1,363.2
1636532100000,66600.1,67053.2,66600.1,66777.3,1168.96
1636533000000,66777.3,66818.7,66659.8,66680.9,277.45
1636533900000,66680.9,66794,66605.3,66660.8,208.78
1636534800000,66655,66856,66570,66676.6,575.15
1636535700000,66676.5,66745,66578.3,66721.6,236.08
1636536600000,66721.6,66795,66701.9,66722.8,197.45
1636537500000,66722.7,66748.5,66600.1,66694,151.63
1636538400000,66693.9,66899.8,66672.4,66869.7,255.99
1636539300000,66864.5,67146.6,66821.7,66905.8,777.36
1636540200000,66905.9,67028.8,66810.3,66990.4,306.51
1636541100000,66990.3,66990.3,66786,66809.7,194.61
1636542000000,66813,66913.4,66742.1,66911.9,289.91
1636542900000,66912,66920,66711.8,66734.5,254.81
1636543800000,66734.6,66862.5,66703.6,66747.7,150.2
1636544700000,66747.6,66809.8,66528.5,66528.5,407.35
1636545600000,66528.5,66966.4,66447.3,66835.3,633.67
1636546500000,66835.3,66878.4,66587.7,66600.1,270.19
1636547400000,66600,66709.6,66566.5,66648.3,180.35
1636548300000,66647,66647,66250.4,66388.5,710.45
1636549200000,66388.5,66514.2,66288,66478.9,398.48
1636550100000,66479,66549.9,66364.8,66383.6,246.4
1636551000000,66383.6,67750,65870.4,67571.7,5206.91
1636551900000,67571.7,68100,67509.4,68009.1,2249.81
1636552800000,68009.2,68830,67920,68739.9,2606.87
1636553700000,68740,69158,68193.5,68387.3,2651.08
1636554600000,68389.5,68524.2,68161.1,68390.5,1107.62
1636555500000,68390.5,68517.8,68201.2,68415.1,445.9
1636556400000,68415.2,68500,68254.8,68264.5,462.26
1636557300000,68264.4,68451.2,68231.7,68312.1,309.62
1636558200000,68312.1,68500,68210.1,68489.5,453.5
1636559100000,68494.5,68498.3,68332.9,68333.9,203.78
1636560000000,68343.7,68680,68341.1,68418.1,1072.82
1636560900000,68418,68585.4,68377.4,68521.8,459.87
1636561800000,68521.8,68655.4,68506.3,68537.9,421.75
1636562700000,68537.8,68798.2,68443,68539.3,969.04
1636563600000,68533.6,68789,68483.9,68544,401.19
1636564500000,68543.9,68706.6,68507.1,68586,203.59
1636565400000,68586.1,68732.3,68500.1,68578.4,353.08
1636566300000,68578.5,68680,68501.1,68656.3,210.84
1636567200000,68656.3,68674.5,68337.1,68434.8,549.95
1636568100000,68434.8,68450.4,68016.6,68277.9,726.91
1636569000000,68270.5,68270.6,67835,68016.8,813.38
1636569900000,68016.8,68204,67660.8,67844.5,908.59
1636570800000,67844.5,68046.2,67799.6,67962.8,446.04
1636571700000,67962.8,67989.6,67626.1,67744,518.69
1636572600000,67744.1,67811.6,67050,67107.5,1580.15
1636573500000,67105.4,67277.9,66584,66688.6,2053.32
1636574400000,66695.9,66966.8,66147.4,66524,2917.61
1636575300000,66523.9,66988.9,66352.8,66833,1073.75
1636576200000,66839.9,67047.1,66408.1,66502.8,1022.8
1636577100000,66502.8,66683.6,65020,65847,4477.06
1636578000000,65846.9,66167.7,65534.8,65791.3,1031.32
1636578900000,65786,65786,62633,64865.1,8063.45
1636579800000,64865.1,65554.9,64446.8,65094.3,1997.56
1636580700000,65094.3,65112,64200,64270.4,2198.72
1636581600000,64270.4,65179.4,63858,64833.7,1874.2
1636582500000,64833.8,64843.7,64436.5,64460.3,490.1
1636583400000,64461.8,65127.8,64445.9,64888.7,643.44
1636584300000,64888.7,65281,64722.1,65112.6,412.7
1636585200000,65112.5,65112.5,64846.8,64963.2,550.05
1636586100000,64963.3,64963.3,64444,64517.9,1036.16
1636587000000,64523.9,64732,64271.4,64650,706.21
1636587900000,64650,64999.8,64546.2,64876.1,527.04
1636588800000,64874.3,64889.5,64455.9,64596.5,1139.02
1636589700000,64605.4,64717.6,64159.7,64697,988.46
1636590600000,64697,64700,64388.8,64448.9,533.37
1636591500000,64449,65017.1,64434.3,64960,737.77
1636592400000,64960,65082,64667,64693.4,736.28
1636593300000,64693.3,64820,64405,64500.5,752.4
1636594200000,64500.4,64647.6,64400.1,64596.2,485.17
1636595100000,64596.3,64876,64571.9,64764.6,422.21
1636596000000,64764.6,64764.7,64343.9,64368.3,469.67
1636596900000,64368.3,64572,64252.5,64292,710.04
1636597800000,64291.9,64402.2,64114.7,64293.5,639.45
1636598700000,64293.5,64540,64209,64524.9,452.42
1636599600000,64524.8,64554.8,64388,64554.7,173.44
1636600500000,64548.4,64739.1,64503.3,64655.8,440.65
1636601400000,64659.8,64866,64303.1,64586.7,1849.67
1636602300000,64586.6,64790,64578.2,64752,277.14
1636603200000,64752.1,64796,64528.1,64530.1,494.54
1636604100000,64530.1,64606.4,64408.6,64457.6,307.98
1636605000000,64459.5,64631,64430.5,64462.9,257.76
1636605900000,64452.8,64733.9,64388,64609.2,273.44
1636606800000,64606.7,64818,64580,64804,370.09
1636607700000,64804,64886.7,64718.1,64826.6,275.64
1636608600000,64826.6,64885.1,64537.8,64576.1,574.2
1636609500000,64576.1,64680,64547.5,64660.6,201.28
1636610400000,64660.6,64742.5,64597.5,64729.9,160.03
1636611300000,64729.9,64730,64485.1,64662.1,373.65
1636612200000,64662.1,64948.5,64641.8,64811.9,638.72
1636613100000,64811.9,64879.9,64649.7,64814.5,271.71
1636614000000,64821.3,64900.9,64780.6,64894.8,269.17
1636614900000,64894.8,65090,64894.6,65022.9,744.45
1636615800000,65021.2,65288.2,64960,65172.2,835.38
1636616700000,65172.2,65388.5,65170,65209.5,623.82
1636617600000,65211.5,65262.8,64858,64925.5,699.8
1636618500000,64925.5,65071.7,64682.5,64733,790.17
1636619400000,64733,64835.8,64599.5,64772,844.69
1636620300000,64772.1,65555,64761.6,65364.3,1031.37
1636621200000,65364.3,65393.9,65052.4,65149.6,238.52
1636622100000,65149.6,65599.5,65010.7,65589.2,802.65
1636623000000,65596.9,65597,65309.5,65323.1,364.33
1636623900000,65323.1,65483.1,65299.4,65366.1,256.21
1636624800000,65366.1,65394.9,65236,65247.9,236.54
1636625700000,65247.8,65314.4,65133.8,65173.9,296.09
1636626600000,65174,65411,65063.3,65326.6,479.78
1636627500000,65326.6,65361.2,65150,65233.9,211.91
1636628400000,65234,65244.4,65089.5,65146.7,212.63
1636629300000,65146.6,65285.1,65114,65234.4,181.56
1636630200000,65234.5,65317.6,64960,64967.8,315.41
1636631100000,64973.1,65268.3,64961.5,65268,354.14
1636632000000,65271.8,65382.7,64709.6,64753.6,1010.54
1636632900000,64762.7,64966.1,64745,64880.7,436.6
1636633800000,64880.6,65011.1,64680.1,64858.4,563.63
1636634700000,64858.4,65046.3,64737.8,65008,412.36
1636635600000,65008,65166.1,64760,64787,507.61
1636636500000,64787,65043.9,64746.7,64954.9,315.63
1636637400000,64954.8,64989.2,64668.7,64855.2,407.91
1636638300000,64855.2,65039.9,64679,64779.1,747.53
1636639200000,64779.1,64997.9,64417.8,64499.9,1169.87
1636640100000,64512.2,64793.3,64470,64685.3,353.12
1636641000000,64683.3,65492,64534.7,65299.9,1542.12
1636641900000,65300,65474.3,65154,65170,745.21
1636642800000,65170.1,65332.1,65000,65300.1,548.38
1636643700000,65300,65300.1,64876,64890,597.49
1636644600000,64890,64944.2,64706.7,64877.1,591.02
1636645500000,64877.1,64898.2,64730.1,64815.7,216.68
1636646400000,64815.7,64947.9,64750.2,64900.1,335.26
1636647300000,64900,64964.8,64768.5,64887.9,225.16
1636648200000,64888,65238,64888,64957.2,801.83
1636649100000,64957.2,65196.9,64957.1,65044.8,271.14
1636650000000,65044.9,65284.8,65031.5,65137.5,402
1636650900000,65137.6,65189.8,64988,65073.5,220.45
1636651800000,65073.5,65148.3,64982.3,65095.8,172.3
1636652700000,65095.8,65165.6,64859.8,64935.2,211
1636653600000,64935.3,65016.2,64763,64850.8,168.24
1636654500000,64850.7,64887.7,64670,64682.1,199.03
1636655400000,64682,64758,64578.1,64688.9,227.94
1636656300000,64688.9,64971.5,64686.6,64754.5,245.69
1636657200000,64754.5,65023.2,64733.8,65023.2,188.34
1636658100000,65023.2,65037.7,64926.6,64986.7,87.66
1636659000000,64986.6,65116.1,64984.5,65026.9,119.91
1636659900000,65027,65240,65016.1,65141.1,275.49
1636660800000,65140.2,65221.9,65088.3,65142.1,201.73
1636661700000,65142.2,65142.2,65011,65068.5,133.54
1636662600000,65068.5,65078.4,64960.1,64988,60.8
1636663500000,64988,65135.1,64758.3,64818.5,299.34
1636664400000,64818.5,64860.7,64755.9,64807.7,183.72
1636665300000,64811.1,65107.9,64811.1,64986.6,220.35
1636666200000,64977.3,65004.7,64833.3,64893.5,78.59
1636667100000,64904.2,65047,64904.2,65046.9,122.44
1636668000000,65046.9,65066.5,64905.2,64960.6,125.54
1636668900000,64960.6,65271.3,64960.6,65231.9,303.28
1636669800000,65232.1,65338.3,65136.2,65142.1,221.19
1636670700000,65142.1,65255.6,65118.6,65163.3,200.55
1636671600000,65163.2,65185.5,65080.4,65138,142.25
1636672500000,65138,65138,65072,65075.1,122.63
1636673400000,65072.9,65072.9,64838.4,64853.9,264.07
1636674300000,64848,64932.9,64773.4,64786.6,386.64
1636675200000,64780.6,64826.8,64666.1,64722.1,434.95
1636676100000,64722,64899,64701.8,64894.5,590.89
1636677000000,64885.8,64932.4,64765,64863.8,346.93
1636677900000,64863.8,64894.8,64812.1,64827,106.16
1636678800000,64827,64866.6,64500,64542.4,594.08
1636679700000,64542.4,64611.6,64074.9,64566.4,2020.89
1636680600000,64566.3,65245,64517.4,65167.2,1201.29
1636681500000,65160.3,65414.3,65033,65106.6,927.42
1636682400000,65098.4,65471,65096.6,65470.9,559.41
1636683300000,65471,65471,65225.7,65279.3,379.16
1636684200000,65279.4,65279.4,64932.6,65112.1,464.88
1636685100000,65119.9,65218,65022.5,65022.6,194.03
1636686000000,65028.6,65084.2,64838.1,64886.6,485.39
1636686900000,64886.6,65048.3,64867,64941.5,261.34
1636687800000,64941.5,64941.6,64766.6,64805.4,367.86
1636688700000,64805.4,64920,64758.4,64843.6,223.87
1636689600000,64843.7,64873.8,64720.7,64764.1,257.39
1636690500000,64764.1,64900,64726.6,64848.5,227.13
1636691400000,64848.5,65094.9,64833.1,65044.3,327.05
1636692300000,65038.4,65055,64898.4,64971.2,167.47
1636693200000,64971.3,65003.1,64924.7,64930.7,110.31
1636694100000,64930.7,64930.7,64811.2,64820,153.29
1636695000000,64820,64892.2,64795.2,64829.9,125.56
1636695900000,64829.9,64830,64672.7,64680,491.57
1636696800000,64680,64761.5,64573.7,64616.9,432.6
1636697700000,64617,64819.9,64550,64732.7,375.67
1636698600000,64732.6,64810,64727.3,64767,95.27
1636699500000,64767,64839.5,64448.5,64522.3,538.54
1636700400000,64513.3,64623.3,64280,64405.8,824.75
1636701300000,64406.5,64578.1,64303.5,64456.9,250.63
1636702200000,64456.8,64645.6,64313.6,64419,563.31
1636703100000,64419.1,64513.5,64237.9,64513.5,718.29
1636704000000,64514.8,64664.7,64238,64639.8,478.64
1636704900000,64639.7,64740,64537.6,64619.7,446.9
1636705800000,64623.7,64937.1,64596.1,64893.6,710.16
1636706700000,64893.6,64965.9,64769.7,64906.6,532.58
1636707600000,64906.5,64906.6,64846.5,64846.5,33.57
1636708500000,64846.4,64846.5,64258,64316.7,590.13
1636709400000,64316.7,64664.7,63672,64393.2,2344.46
1636710300000,64393.2,64490,63636.5,63815.6,1843.41
1636711200000,63815.5,64011.1,63540.7,63861,1366.63
1636712100000,63861,64216.8,63766.7,63947.7,797.75
1636713000000,63947.7,64110.6,63767,63880.5,516.79
1636713900000,63880.5,63976.9,63513.7,63650,783.54
1636714800000,63651.4,63984.6,63509.3,63895.4,846.38
1636715700000,63887.3,64028,63662.3,63955.5,850.11
1636716600000,63955.5,64040.3,63726.1,63726.1,310.21
1636717500000,63724.1,63779.8,63550,63750.7,454.58
1636718400000,63769.4,64070.5,63269.1,64061.5,2264.36
1636719300000,64061.6,64211.6,63900,64020.4,735.83
1636720200000,64020.4,64020.4,63674.8,63754.6,520.16
1636721100000,63754.6,63928,63602,63828.3,324.26
1636722000000,63828.3,63946.6,63502,63588,529.76
1636722900000,63586.6,63659.7,63188,63615.5,1316.96
1636723800000,63609,63876.6,63514.9,63866.5,776.3
1636724700000,63866.5,64068.9,63701,63973.7,562.01
1636725600000,63986.6,64165.5,63891,63996.3,586.41
1636726500000,63996.2,64006.6,63587.4,63650,816.52
1636727400000,63650,63865.3,63526.6,63675.9,863.88
1636728300000,63675.8,63755.9,63470,63486.8,819.77
1636729200000,63486.8,63581.5,63253.1,63320.2,1564.22
1636730100000,63329,63363,62889.2,63130.3,2864.15
1636731000000,63130.3,63266,62850,63191.1,1035.58
1636731900000,63191.1,63450,63123.3,63192.4,937.85
1636732800000,63188.3,63310,62768,63246.5,1789.68
1636733700000,63246.5,63371.9,62331.6,62714.2,2460.94
1636734600000,62714.2,62852.9,62231.1,62383.7,2486.85
1636735500000,62385.8,63099,62280,63079.8,1151.62
1636736400000,63079.8,63280,62932.2,63203,860.22
1636737300000,63203,63414,62977.2,63359.9,589.96
1636738200000,63366.6,63409.6,63230.3,63396.1,306.65
1636739100000,63400.6,63619.8,63279.3,63570.3,377.79
1636740000000,63570.4,64020,63531.3,63750.5,1346.46
1636740900000,63750.5,64071,63700,63924,786.47
1636741800000,63918.5,64076.8,63812.4,63837.3,582.65
1636742700000,63837.3,63888.9,63766.6,63861,253.33
1636743600000,63861.1,63888.8,63741.3,63741.3,248.5
1636744500000,63741.4,63797.4,63571,63663.3,251.59
1636745400000,63666.3,63858.5,63600,63798.7,199.88
1636746300000,63798.7,63900,63780.4,63852.4,98.4
1636747200000,63852.4,64408.1,63832.7,64246.3,1103.96
1636748100000,64246.3,64298,64010.1,64104.3,256.63
1636749000000,64104.3,64180.2,64008,64038.9,108.94
1636749900000,64026,64197,63929.6,64122.3,184.57
1636750800000,64122.3,64438,64071,64393.5,283.81
1636751700000,64393.4,64494.8,64153.1,64159,341.21
1636752600000,64159.1,64246.5,64114.3,64199.5,93.62
1636753500000,64199.5,64206.5,63967.4,64071,200.78
1636754400000,64066.7,64166.6,64029.9,64055.8,71.64
1636755300000,64055.8,64118.9,63960.7,64022.1,112.18
1636756200000,64022.2,64072.8,63978.5,64042.9,51.14
1636757100000,64042.9,64050,63702.6,63913,160.32
1636758000000,63912.9,64017.8,63894.9,63976.9,97.93
1636758900000,63976.9,64046,63874.5,63961.1,68.27
1636759800000,63961.2,64070.5,63800.1,63816.3,210.92
1636760700000,63816.3,64350,63816.3,64108.7,634.43
1636761600000,64108.7,64427.1,64108.6,64317.1,429.61
1636762500000,64317.1,64380,64232.7,64273.7,116.01
1636763400000,64273.7,64388,64273.6,64329,217.16
1636764300000,64329,64365,64243.5,64330.2,122.95
1636765200000,64343.2,64388,64180,64208,218.72
1636766100000,64208,64256.4,64071,64103.8,148.75
1636767000000,64103.9,64175.4,64005.6,64071,167.52
1636767900000,64071,64071,63850,63859.7,427.64
1636768800000,63859.7,63938.3,63720,63797.9,406.61
1636769700000,63797.9,63952,63780.9,63874.2,280.6
1636770600000,63877.4,64031.8,63876.9,63938.3,224.64
1636771500000,63938.3,63985.7,63589,63694,466.56
1636772400000,63694,63760.6,63602.6,63712.8,226.29
1636773300000,63712.8,63840,63712.7,63800,126.43
1636774200000,63800,63857.9,63660.7,63841.4,347.81
1636775100000,63841.3,63884.4,63744.8,63776.4,217.81
1636776000000,63776.4,63924.5,63675.5,63701.5,261.04
1636776900000,63701.4,63798,63562.1,63797.9,206.27
1636777800000,63797.9,63881,63742.8,63799.7,207.64
1636778700000,63799.7,63919,63630.3,63700,213.97
1636779600000,63700,63724.5,63576.3,63648.6,242.3
1636780500000,63651.7,63856.5,63651.7,63689.6,236.44
1636781400000,63683.6,63719.2,63503.1,63693,295.55
1636782300000,63693,63750,63581.6,63616.3,148.86
1636783200000,63616.4,63811.7,63602.2,63653.3,175.35
1636784100000,63653.4,63766.6,63630.1,63766.6,87.1
1636785000000,63766.5,63824.7,63677.7,63723.3,169.97
1636785900000,63706.2,63890.8,63706.1,63861,154.04
1636786800000,63861.1,63900,63786.6,63896.6,230.11
1636787700000,63896.7,63900,63775.7,63848.5,136.01
1636788600000,63848.5,63848.5,63720,63822.8,147.06
1636789500000,63822.8,64150,63814.8,64037.2,365.49
1636790400000,64044.1,64097.8,63905,64010,160.05
1636791300000,64012.9,64059.4,63925.2,63936.5,82.91
1636792200000,63936.5,63966,63730,63767.1,236.28
1636793100000,63767.1,63961.9,63767.1,63805.2,176.54
1636794000000,63809.7,63868.1,63636.6,63681.7,173.52
1636794900000,63681.6,63738.6,63620,63687,256.29
1636795800000,63687,63699.4,63558.4,63605.6,270.95
1636796700000,63605.5,63605.5,63368.3,63470.1,538.38
1636797600000,63470.1,63607.3,63386.6,63536,288.14
1636798500000,63543.5,63610.6,63434.9,63446.7,258.49
1636799400000,63446.7,63646.6,63446.7,63646.6,175.17
1636800300000,63646.5,63743,63600,63711.3,214.72
1636801200000,63711.3,63769.2,63628,63757,185.83
1636802100000,63750.8,63800.8,63600,63623.7,199.02
1636803000000,63623.8,63644.6,63512.1,63556.5,128.83
1636803900000,63556.6,63611.8,63493.8,63540.9,146.58
1636804800000,63541,63798,63506.7,63603.1,260.78
1636805700000,63603.1,63619.1,63504,63546.6,159.04
1636806600000,63546.6,63546.6,63470,63504,156.88
1636807500000,63496.2,63704.3,63430.4,63522.4,366.9
1636808400000,63522.4,63745.9,63484.2,63744,182.2
1636809300000,63743.9,63743.9,63551.9,63576.8,145.03
1636810200000,63576.7,63582.7,63500,63520.1,124.38
1636811100000,63520,63609,63473.3,63609,189
1636812000000,63608.9,64238.9,63580.3,64120.7,1870.55
1636812900000,64120.8,64658.8,64056.9,64617.2,1259.23
1636813800000,64617.2,64830.2,64522.2,64564.5,1094.14
1636814700000,64564.5,64758,64422.2,64700.8,671.21
1636815600000,64700.7,64758,64596.1,64676.7,480.33
1636816500000,64676.7,64676.8,64522,64626.6,204.62
1636817400000,64626.6,64750.4,64579.7,64707.6,275.86
1636818300000,64707.7,64717,64597.3,64674.6,198.17
1636819200000,64674.7,65111,64645.2,64831.2,1316.52
1636820100000,64831.2,64900,64712.2,64751.7,365.06
1636821000000,64751.6,64876,64728.1,64785.1,265.39
1636821900000,64785.1,64805.5,64592,64608.9,176.27
1636822800000,64608.8,64667.1,64527.7,64616.9,241.23
1636823700000,64617,64681,64516,64636.9,230.26
1636824600000,64636.8,64688,64618.7,64646.2,134.04
1636825500000,64646.1,64673.4,64607.7,64673.4,107.91
1636826400000,64673.3,64688,64521.7,64521.8,146.08
1636827300000,64521.7,64521.8,64257.2,64303.7,538.99
1636828200000,64303.6,64359.5,63865,64106.3,1631.37
1636829100000,64106.3,64281,63987,64134,292.61
1636830000000,64134,64196.6,63812.4,63950.3,506.9
1636830900000,63950.2,64064.1,63915.1,64064,195.1
1636831800000,64064,64095.8,63945,63992.1,59.06
1636832700000,64004.8,64017.3,63900,63928.5,171.1
1636833600000,63928.4,64113,63928.4,64099.3,128.51
1636834500000,64099.3,64133.9,64013.8,64013.8,149.94
1636835400000,64013.8,64150.5,64011.4,64096.5,120.14
1636836300000,64096.4,64420.6,64079.5,64353.7,338.53
1636837200000,64353.8,64374.5,64240.2,64271.9,96.58
1636838100000,64265.9,64317.6,64254.5,64290.9,42.31
1636839000000,64290.8,64290.8,64228,64251.8,64.86
1636839900000,64251.9,64373.3,64141.4,64373.3,83.63
1636840800000,64373.3,64425,64285.6,64425,76.72
1636841700000,64425,64425.1,64113,64352.4,124.72
1636842600000,64352.4,64431.8,64352.3,64420,65.14
1636843500000,64419.9,64443.9,64221,64274,117.14
1636844400000,64273.9,64349.9,64263.9,64320.4,61.77
1636845300000,64337.9,64372.9,64265.6,64289.8,105.44
1636846200000,64295,64395.1,64250,64374.3,134.04
1636847100000,64365,64593.6,64365,64414.3,303.81
1636848000000,64414.3,64686.9,64414.3,64649.4,328.88
1636848900000,64649.4,65381.8,64649.4,65201,1778.13
1636849800000,65201,65312,65033.7,65150,591.14
1636850700000,65150,65280,64949.5,65006.6,522.34
1636851600000,65006.6,65091.4,64911,64931.8,253.88
1636852500000,64931.9,65039.8,64839.6,64873.8,356.94
1636853400000,64886.4,64886.5,64650,64739.1,518.22
1636854300000,64739.1,64844.9,64730,64805,184.22
1636855200000,64805,64934.9,64805,64899.9,164.83
1636856100000,64899.9,64931.2,64728,64812,150.77
1636857000000,64814,64876.2,64669.1,64740.5,407.31
1636857900000,64740.5,64773.6,64663,64673.1,313.91
1636858800000,64673.1,64812.8,64566.7,64582,273.69
1636859700000,64582,64845.3,64582,64727.8,583.86
1636860600000,64727.8,64859.9,64713.4,64713.4,208.75
1636861500000,64713.4,64748.3,64590,64696.1,344.71
1636862400000,64696.1,64794.7,64691.3,64758.5,201.66
1636863300000,64758.5,64875.9,64758.5,64866,178.34
1636864200000,64866,65060.5,64809.5,64934.3,471.06
1636865100000,64934.3,64934.4,64678.6,64787,312.02
1636866000000,64787,64942.7,64708,64903.7,332.52
1636866900000,64903.6,64912.3,64512,64664.3,379.07
1636867800000,64664.3,64761.9,64650.1,64730.1,78.9
1636868700000,64730.1,65008.9,64669.6,64921.6,343.66
1636869600000,64921.6,65188,64911.8,64981,758.63
1636870500000,64980.9,65112.7,64801,64973.9,537.63
1636871400000,64973.9,64997.3,64703.5,64756.3,347.43
1636872300000,64756.3,64881.3,64722.1,64819.1,169.17
1636873200000,64819,64901,64730.1,64779.3,206.83
1636874100000,64779.4,64887.1,64761.7,64817.6,196.37
1636875000000,64817.5,64817.6,64570.3,64661.7,533.45
1636875900000,64661.7,64720,64559.4,64631.7,409.09
1636876800000,64631.6,64799.9,64525.2,64621.6,466.54
1636877700000,64621.7,64621.7,64168.2,64169.2,1375.6
1636878600000,64169.2,64298.4,64059.6,64296.6,635.47
1636879500000,64298,64393.2,64219.8,64303,363.09
1636880400000,64303,64303,64111,64276.7,284.91
1636881300000,64276.7,64410.9,64211.1,64381.1,319.51
1636882200000,64381.2,64396.6,64270,64315.3,320.29
1636883100000,64314.6,64330,64227,64255.7,126.7
1636884000000,64255.8,64361.9,64200.1,64353.8,251.61
1636884900000,64348.8,64492,64343.9,64468.9,210.64
1636885800000,64466.4,64466.5,64349.5,64394.7,191.97
1636886700000,64394.7,64478.6,64358.5,64385.9,129.86
1636887600000,64386,64386,64175.1,64319.5,286.86
1636888500000,64319.5,64470,64319.4,64470,149.79
1636889400000,64470,64470,64367.2,64427,155.32
1636890300000,64427,64475.5,64382.6,64446.9,89.54
1636891200000,64446.9,64583.9,64290.8,64349.9,515.84
1636892100000,64350,64469.7,64240,64404.8,376.55
1636893000000,64404.8,64678.4,64361.5,64653,442.42
1636893900000,64652.9,64727.5,64547.8,64592.8,339.89
1636894800000,64586.3,64712.9,64517.1,64537.1,298.61
1636895700000,64537,64762,64517.1,64726.9,266.06
1636896600000,64726.5,64789,64613,64613,166.41
1636897500000,64613,64742,64602.3,64635.1,177.74
1636898400000,64635,64635.1,64481.6,64588.4,286.72
1636899300000,64596.9,64657.8,64388,64428.1,241.82
1636900200000,64428.1,64453.8,64152,64235.4,840.27
1636901100000,64235.4,64394.1,64235.4,64355.9,263.63
1636902000000,64355.9,64355.9,64001.1,64022.1,541.47
1636902900000,64022,64222.3,64008.9,64127,296.79
1636903800000,64127,64197.2,64090,64173.8,206.01
1636904700000,64173.8,64217.9,64004.8,64090.8,209.89
1636905600000,64090.8,64155.9,63838,64050.9,749.09
1636906500000,64050.8,64196.4,63994,64180.3,403.76
1636907400000,64180.4,64244.5,63609.9,63729.8,1000.23
1636908300000,63729.8,63831.5,63601,63731.3,527.71
1636909200000,63731.3,63831.5,63665.2,63827.1,329.31
1636910100000,63827.1,63850,63719.8,63777.8,103.06
1636911000000,63777.8,63831.5,63637.7,63814.7,206.21
1636911900000,63814.8,64288,63814.8,64210.5,766.54
1636912800000,64210.8,64440.2,64141.3,64141.4,608.1
1636913700000,64141.3,64156,63838.9,63980.2,510.32
1636914600000,63980.2,64040.4,63930,63972.8,126.61
1636915500000,63982.8,64042.3,63868.7,64039.4,138.87
1636916400000,64039.3,64062.2,63889.7,63890.6,86.51
1636917300000,63890.6,64155.2,63890.6,64030.7,139.86
1636918200000,64030.7,64240,63984.9,64070.4,329.67
1636919100000,64064,64195,63980,64194.7,171.25
1636920000000,64195.1,64419,64178.2,64287.7,352.78
1636920900000,64287.7,64331.8,64213.5,64272.3,81.09
1636921800000,64272.3,64272.3,64076.5,64121.5,142.95
1636922700000,64121.6,64268.2,64078.1,64256.9,103.75
1636923600000,64237,64317.4,64060,64317.4,129.34
1636924500000,64317.3,64326.6,64106.1,64120,83.27
1636925400000,64125.9,64477,64111,64409.5,374.65
1636926300000,64409.5,64425.6,64295.4,64315.9,134.3
1636927200000,64316,64600,64295.5,64517.6,355.5
1636928100000,64517.6,64745,64470.5,64594.9,297.67
1636929000000,64595,64854.9,64561.4,64561.4,242.47
1636929900000,64561.4,64590.3,64450,64531.7,183.38
1636930800000,64531.7,64721.9,64358,64684.3,285.02
1636931700000,64680.2,64789,64560.2,64788.9,228.33
1636932600000,64788.9,65163.4,64675.1,64960.1,650.57
1636933500000,64960,65550,64960,65542,2048.12
1636934400000,65542,66105,65541.9,65924.9,1888.3
1636935300000,65924.9,66222,65786,65955.7,1531.91
1636936200000,65955.6,66120,65851.1,65889.5,554.18
1636937100000,65889.6,66100,65880,65889.3,481.42
1636938000000,65889.3,65962.5,65751.3,65813.3,554.48
1636938900000,65816.3,65853.9,65562,65668,737.12
1636939800000,65668,65986.1,65643.3,65818.5,649.03
1636940700000,65818.4,65976.1,65670.7,65916.1,499.71
1636941600000,65916.2,65964.2,65838.3,65878.7,316.5
1636942500000,65878.7,65900.3,65691.1,65784.9,265.97
1636943400000,65784.9,65793.4,65688,65774.3,205.85
1636944300000,65774.3,65799.9,65680.3,65730.1,195.53
1636945200000,65730.2,65800,65666,65784.9,181.94
1636946100000,65771,65771,65650,65700.5,166.59
1636947000000,65700.6,65899,65689.3,65850,406.12
1636947900000,65850,65858,65663.1,65737.5,249.64
1636948800000,65732.6,65862.2,65732.6,65806.1,324.27
1636949700000,65806,65869.3,65704.2,65797.3,336.95
1636950600000,65804.2,65815.2,65737.7,65769.4,104.1
1636951500000,65769.5,65857.9,65716,65802.6,311.03
1636952400000,65791.2,65847.4,65777.2,65823.3,103.07
1636953300000,65813.5,65920,65810,65816.1,215.75
1636954200000,65816.2,65870.8,65758,65768.3,129.88
1636955100000,65762.9,65806.1,65700,65717.9,137.36
1636956000000,65717.9,65740,65621.4,65739.8,257.7
1636956900000,65739.8,65835.6,65736.6,65820.3,170.7
1636957800000,65820.3,65850,65775,65789.9,212.58
1636958700000,65789.8,65803.8,65681.4,65702.1,170.39
1636959600000,65702.1,65785.1,65634.6,65773.5,314.23
1636960500000,65773.5,65773.5,65646.1,65659.5,151.23
1636961400000,65663,65711.9,65524.9,65550.1,349.28
1636962300000,65550.1,65671.7,65550.1,65630.3,216.34
1636963200000,65633,65736.5,65435.1,65503.1,428.87
1636964100000,65503.9,65503.9,65317.6,65408,655.56
1636965000000,65408.1,65599.3,65380,65583.4,359.39
1636965900000,65583.3,65874.9,65546.4,65775.4,698.73
1636966800000,65775.4,66388,65720.3,66332.6,1562.41
1636967700000,66332.5,66375,66015.1,66108.1,819.57
1636968600000,66114.3,66149,65831.1,65852,503.47
1636969500000,65851.9,66030.6,65851.9,65987,226.67
1636970400000,65987.1,66015.1,65830.3,65921,227.64
1636971300000,65912.6,65978.7,65763,65767.2,252.97
1636972200000,65767.2,65918.6,65767.2,65896.5,182.9
1636973100000,65897.7,66087.6,65814,65940.1,386.78
1636974000000,65940.1,65960.5,65860.1,65893.8,138.53
1636974900000,65893.9,65909.7,65767,65783.9,185.43
1636975800000,65783.9,65853,65640,65808.8,300.1
1636976700000,65808.8,65808.9,65710,65765.9,126.18
1636977600000,65766,65867.8,65677.6,65742,248.68
1636978500000,65741.9,65848.1,65571.4,65803.1,389.38
1636979400000,65803.1,65985,65788.2,65872.6,459.41
1636980300000,65872.6,65904,65721.1,65734.8,228.04
1636981200000,65730,65842.2,65705.1,65812.1,709.32
1636982100000,65812.1,65822.6,65565,65565.1,397.62
1636983000000,65565.1,65625,65403.9,65495.1,886.65
1636983900000,65495.1,65560,65404.8,65550.1,323.85
1636984800000,65550.1,65550.1,65147.4,65355,969.06
1636985700000,65355.1,65409.3,64974.2,65155.6,1240.4
1636986600000,65163.2,65297.3,65083.8,65200,411.49
1636987500000,65198,65198,64755,64871.2,1027.04
1636988400000,64877,64922.4,64378.6,64680,2313.7
1636989300000,64672.8,64784.4,64517.1,64602.6,513.06
1636990200000,64602.5,64675.7,64358,64358.1,719.92
1636991100000,64358,64590.5,64117.2,64296.2,1134.84
1636992000000,64296.3,64449.1,64070.7,64146.3,1134.88
1636992900000,64146.3,64307.6,63879.4,64143.2,1315.06
1636993800000,64146.2,64433.9,64066.2,64160.1,871.1
1636994700000,64160,64294.6,63975.9,64294.6,523.02
1636995600000,64294.6,64421.5,64136,64385.9,364.46
1636996500000,64385.9,64460,64236.4,64284.8,317.58
1636997400000,64286.9,64383.7,64260.1,64346.7,100.48
1636998300000,64346.7,64346.8,64040.1,64050.1,335.05
1636999200000,64053.1,64194.6,63946.3,63980.7,437.06
1637000100000,63980.7,64091,63830.7,64030.6,549.99
1637001000000,64029.1,64054.5,63805,63817.5,227.01
1637001900000,63817.5,63905.2,63626.4,63836.1,545.3
1637002800000,63836,63958.8,63664.7,63943.6,419.65
1637003700000,63943.5,64073.4,63840,64047.7,272.35
1637004600000,64034.6,64288,64000,64245.7,264.13
1637005500000,64245.7,64318,64133,64267.1,202.78
1637006400000,64267.1,64267.1,63926.6,64084.8,310.76
1637007300000,64084.8,64084.8,63809.3,63809.3,140.86
1637008200000,63820.5,63966.3,63800.1,63839.9,132.24
1637009100000,63839.9,64148,63812,63912.2,354.59
1637010000000,63912.1,63917.1,63333.4,63825.9,1083.13
1637010900000,63826,64013.7,63730,63790.4,279.2
1637011800000,63790.4,63981.9,63761.7,63886.8,112.92
1637012700000,63898.8,64016.6,63860.2,63896,113.67
1637013600000,63882.7,63888.1,63620,63620.1,225.94
1637014500000,63620.1,63644.5,63432.1,63620.1,240.56
1637015400000,63620,63771.3,63620,63765.5,101.2
1637016300000,63765.5,64030.3,63765.5,63985.3,226.91
1637017200000,63985.3,63985.3,63826.1,63880.1,245.34
1637018100000,63880,64017,63650,63673.8,300.97
1637019000000,63673.7,63831.1,63562.2,63831.1,420.66
1637019900000,63836,63844.2,63501,63625.1,617.79
1637020800000,63625.1,63625.2,62507.1,62799.9,3438.92
1637021700000,62799.9,62960.6,62588.2,62634.7,1048.88
1637022600000,62634.7,62937.3,62523,62808.8,735.1
1637023500000,62805.7,62980,62482.7,62568,1016.34
1637024400000,62568,62663.1,60778.1,62030.9,7345.28
1637025300000,62036.1,62189.8,61700,61916.7,1491.57
1637026200000,61916.7,62150,61650,62148.6,875.06
1637027100000,62148.6,62240,62015.1,62117.9,818.08
1637028000000,62100.2,62200,61863.1,62185.1,551.87
1637028900000,62185,62199.5,62039.9,62055.1,480.9
1637029800000,62055.1,62065,61764.2,61831.6,411.44
1637030700000,61835.2,61958,61528,61643.5,1153.85
1637031600000,61643.4,61822,61411,61806.1,1000.85
1637032500000,61806.1,61818.1,60463,60913.4,2667.03
1637033400000,60914,61218.3,60420.1,60678.9,2033.93
1637034300000,60678.8,61199,60456,60905.3,1818.01
1637035200000,60920.4,61115.1,60466.4,60534.2,1576.81
1637036100000,60534.2,61188.8,60319.2,61099.3,2153.05
1637037000000,61099.3,61408.1,61019.9,61327.2,1259.61
1637037900000,61327.1,61500,61176.2,61196.6,632
1637038800000,61191.1,61296.4,61000.7,61028.8,746.02
1637039700000,61028.9,61334.5,61020,61317,354.42
1637040600000,61316.9,61427.9,60766,61310.8,1422.14
1637041500000,61313.4,61313.4,60835,60972.7,942.01
1637042400000,60972.7,61026.5,60701.8,60987.8,844.9
1637043300000,60988,61000,60320,60372.4,1217.85
1637044200000,60373,60823.5,60267.1,60637.8,1145.59
1637045100000,60648.2,60930,60648.2,60850.2,756.71
1637046000000,60837,61046.7,60760,60799.5,525.23
1637046900000,60799.5,60911.3,60634.3,60774.3,565.94
1637047800000,60774.3,60940.9,60448.9,60575.5,1028.04
1637048700000,60575.5,60840,60421,60826.6,853.89
1637049600000,60829.7,60958.7,60603.1,60764,831.45
1637050500000,60764,60955,60647.5,60751.8,746.99
1637051400000,60751.9,60998.4,60733.6,60984.4,490.23
1637052300000,60983.2,61010,60826.6,60991.7,489.67
1637053200000,60991.7,61294.3,60688,60799.9,1471.41
1637054100000,60800,60800,60501,60588.3,898.46
1637055000000,60590,60590,60185,60450,1687.53
1637055900000,60450,60665,60132.9,60167.4,1800.2
1637056800000,60167.4,60328,58511,58629.4,10043.25
1637057700000,58613.8,59407.2,58613.7,59276.8,2181.28
1637058600000,59276.8,59943.3,59130.4,59920.6,1777.8
1637059500000,59921.7,60326.1,59688.2,60175.8,1411.99
1637060400000,60165.9,60497.8,60045,60347.4,1137.88
1637061300000,60347.4,60479.9,60188,60479.1,456.08
1637062200000,60479.2,60650,60281.4,60368.9,842.03
1637063100000,60369,60600,60368.9,60566.1,565.69
1637064000000,60566.1,60829.4,60312.7,60749.8,1226.32
1637064900000,60749.7,60860.3,60605,60610,555.99
1637065800000,60606.7,60699.9,60440.1,60518.1,378.38
1637066700000,60526.2,60537.3,60035.6,60051.1,1036.55
1637067600000,60051.1,60373.1,60051.1,60245.1,806.04
1637068500000,60246.7,60555.4,60234.1,60423.9,470.19
1637069400000,60424,60736,60279.6,60693.6,567.23
1637070300000,60693.6,60785.7,60480,60546.1,361.63
1637071200000,60546.1,60963.6,60463.5,60706.7,744.3
1637072100000,60706.8,60844.4,60616,60720.6,342.85
1637073000000,60734.2,61174.1,60627.9,61159.8,1042.49
1637073900000,61159.4,61406,60900,60915.4,1443.65
1637074800000,60915.4,61087.9,60713.6,60924.4,689.94
1637075700000,60924.3,61005.7,60800,60852.8,230.63
1637076600000,60850.1,60960.9,60724.1,60803.1,343.13
1637077500000,60803,60848.2,60590,60699.9,486.15
1637078400000,60700,60872.7,60537.9,60749.4,527.32
1637079300000,60749.4,60929.2,60550,60568.2,298.49
1637080200000,60572.2,60654.8,60358.7,60550.8,343.95
1637081100000,60550.8,60717.9,60550.8,60654.7,187.93
1637082000000,60654.8,60791,60654.8,60748.6,179.76
1637082900000,60748.6,60752.1,60560,60597.7,207.7
1637083800000,60592.1,60592.1,60217,60488,518.31
1637084700000,60487.9,60634.3,60422.8,60475.8,211.37
1637085600000,60471.8,60653.4,60471.8,60571.3,121.86
1637086500000,60571.3,60620.4,60357.7,60387.4,114.8
1637087400000,60387.5,60491.5,60100.6,60262.5,522.79
1637088300000,60262.5,60288.9,59907.1,59913.4,384.56
1637089200000,59913.3,60476.9,59835.3,60324.3,726.55
1637090100000,60324.3,60433,60175.2,60432.5,215.4
1637091000000,60432.8,60666.9,60031.9,60087.8,537.32
1637091900000,60087.8,60271.1,59776,60227.4,606.1
1637092800000,60225.8,60225.8,59875.2,59930.1,373.79
1637093700000,59930.1,59959,59575.7,59685.6,960.24
1637094600000,59679.1,59742.4,59258.1,59383.4,709.14
1637095500000,59383.4,59801.2,59125,59738.2,948.82
1637096400000,59738.1,60666,59667.5,60592,922.71
1637097300000,60617.3,60937.2,60367.1,60418.1,622.8
1637098200000,60418,60695.3,60354.6,60510,251.76
1637099100000,60510,60562.3,60274,60464.4,249.23
1637100000000,60471.6,60678,60397.4,60642.3,184.81
1637100900000,60652.1,60833.4,60499.6,60833.4,99.17
1637101800000,60844,61145,60662.2,60740.6,237.64
1637102700000,60740.3,60740.3,60593.7,60596.8,98.2
1637103600000,60596.8,60680.9,60438.1,60453.2,199.69
1637104500000,60458,60495.3,60349.1,60399.7,237.41
1637105400000,60400.5,60479.7,60205.2,60317.9,280.18
1637106300000,60317.9,60347.8,60060.2,60094.5,451.8
1637107200000,60094.5,60423.3,59775.1,60108.5,1333.59
1637108100000,60108.4,60291.4,59596.2,59730.3,1069.23
1637109000000,59742.5,60016.4,59582.5,59668.1,655.22
1637109900000,59668.1,59828.4,59486.9,59718.8,736.86
1637110800000,59718.7,59914.5,59542.4,59796,737.3
1637111700000,59796,60206.1,59703.8,60139.2,775.47
1637112600000,60139.1,60272.4,59981.6,60091.3,661.92
1637113500000,60100,60152,59217.7,59333.5,1244.36
1637114400000,59333.4,59543.9,59056.7,59368.3,1312.05
1637115300000,59368.2,59659.9,59262,59569.2,704
1637116200000,59569.1,59745.6,59293,59293.1,544.42
1637117100000,59293.1,59494.6,59221.5,59376.3,695.7
1637118000000,59376.3,59548.6,58740.3,58772.6,1440.64
1637118900000,58777.7,59513.3,58541.1,59498.2,2043.49
1637119800000,59490.2,59750,59164.5,59328.2,1801.71
1637120700000,59346.8,59518.9,58960.1,59048.7,710.81
1637121600000,59049.5,59214.3,58735,58735,1006.08
1637122500000,58735,59340.7,58573.8,59325.4,1613.04
1637123400000,59325.3,59493.8,59112.8,59259.6,1122.51
1637124300000,59261.2,59431.8,58904.5,59414.1,1051.58
1637125200000,59420.3,59588,59260.5,59469.8,778.47
1637126100000,59484.3,59677.7,59360,59398.1,596.96
1637127000000,59398,59710,59385.4,59600,540.31
1637127900000,59600.1,59824,59451.9,59588.5,895.58
1637128800000,59581.9,59709.7,59374,59452.6,544.37
1637129700000,59449.3,59593.6,59286.1,59537.5,427.89
1637130600000,59544.4,59768.1,59530.1,59563.6,690.25
1637131500000,59563.6,59713.2,59332,59595.4,554.61
1637132400000,59595.4,59730,59440,59463.3,440.52
1637133300000,59463.2,59536.7,59330.5,59443.7,323.2
1637134200000,59443.7,60088,59442,60023.1,1579.3
1637135100000,60012.5,60143.3,59615.4,59701.2,1180.65
1637136000000,59700.1,59881.1,59566.2,59849.2,740.67
1637136900000,59849.2,60011.9,59713.1,59735.6,743.62
1637137800000,59735.7,59820.8,59633.1,59750.1,298.3
1637138700000,59750,59922.4,59600,59600,470.01
1637139600000,59600,59600.1,59222.6,59246.9,988.52
1637140500000,59246.9,59481.8,59072.2,59155.5,837.13
1637141400000,59146.1,59313.4,59019.5,59297.9,711.09
1637142300000,59286,59375.4,58823,58959.2,1168.9
1637143200000,58958.2,59222.5,58950,59066.5,682.72
1637144100000,59066.5,59276,59066.5,59113.4,294.92
1637145000000,59113.4,60064.8,58365,59806,4500.11
1637145900000,59800.1,60600,59575.8,60500,2997.84
1637146800000,60508.4,60630.3,60327,60466.7,1287.46
1637147700000,60466.6,60672.7,60401.4,60535.1,838.07
1637148600000,60535.1,60600,60334.7,60404.7,619.35
1637149500000,60404.7,60823,60401.9,60761.1,693.34
1637150400000,60761.1,60811,60562.4,60651.1,698.71
1637151300000,60651,60651,60483.9,60507.6,243.73
1637152200000,60515,60620.3,60402,60544,265.8
1637153100000,60550.1,60570.5,60420,60456.9,331.11
1637154000000,60456.9,60588.5,60314.2,60432.3,517.58
1637154900000,60435.9,60461.2,60256.1,60311,568.45
1637155800000,60311,60437,60240.5,60283.8,308.86
1637156700000,60283.8,60343.7,60111,60130.7,407.96
1637157600000,60130.7,60322,60130.6,60154.7,393.42
1637158500000,60154.8,60319.9,60000.5,60279.4,588.03
1637159400000,60279.4,60285.1,59826.6,59897.1,1324.68
1637160300000,59885.3,59949.7,59589.6,59620.1,993.52
1637161200000,59620.1,59737.9,59504.7,59569.3,700.48
1637162100000,59569.2,59665.5,59358,59477.5,732.46
1637163000000,59478.5,59688,59384.5,59541.3,556.83
1637163900000,59547,59823.4,59547,59659.6,603.51
1637164800000,59659.8,59912.2,59418.4,59898.2,828.46
1637165700000,59905.2,60064.2,59556.5,59996.5,1540.65
1637166600000,59988.4,60365.2,59919.5,60260,1248.64
1637167500000,60259.9,60448.3,60218.6,60397.5,631.27
1637168400000,60397.5,60431.3,60060,60104.6,382.28
1637169300000,60098.7,60236.8,60012.1,60091.9,426.53
1637170200000,60099.4,60300,59966.4,60083.1,338.56
1637171100000,60087.3,60500,60073.7,60234,565.03
1637172000000,60234.1,60439.2,60219.4,60379,433.79
1637172900000,60378.9,60536.7,60348.9,60526.3,557.77
1637173800000,60526.2,60580.3,60357.5,60476.5,323.76
1637174700000,60476.5,60637.1,60412.4,60447.5,314.09
1637175600000,60447.5,60668.9,60342.2,60373.9,443.57
1637176500000,60374,60410.1,60242.5,60391.6,459.61
1637177400000,60391.6,60432.1,60169.7,60218.3,168.18
1637178300000,60218.3,60326.5,60106.3,60213.1,122.62
1637179200000,60209,60424.4,60114.6,60130.5,543.18
1637180100000,60132.5,60227.6,60030.7,60161.6,217.98
1637181000000,60155.4,60583.2,60113.1,60484.7,674.37
1637181900000,60480.2,60552.2,60306.7,60397.7,185.66
1637182800000,60401.3,60401.3,60056,60114.9,271.78
1637183700000,60152.9,60190.1,59776.6,59817.7,661.39
1637184600000,59817.8,59967.4,59817.8,59922.6,238.56
1637185500000,59922.6,60124.9,59844.4,60124.9,114.57
1637186400000,60124.8,60132.3,59931.7,60090.7,126.86
1637187300000,60090.7,60090.8,59651.8,59830,191.61
1637188200000,59829.9,60077.9,59808.5,59985.6,53.64
1637189100000,59974.2,60000,59821,59986.2,274.19
1637190000000,59986.2,60108.2,59800,59852.7,219.27
1637190900000,59843.1,60070.7,59843,60052.2,107.53
1637191800000,60052.1,60089.1,59963.4,60030.5,109.71
1637192700000,60030.7,60498.9,60030.6,60337.8,1258.38
1637193600000,60337.9,60581.8,60134.7,60518.7,699.93
1637194500000,60516.9,60733.9,60415.3,60495.6,677.88
1637195400000,60487.9,60628.8,60444.2,60515.5,415.65
1637196300000,60515.5,60617.4,60450.1,60482.4,279.24
1637197200000,60482.3,60513.1,60226,60249.4,407.2
1637198100000,60237.9,60273,60094.6,60247.3,457.06
1637199000000,60256.8,60978.2,60256.8,60684.4,1639.59
1637199900000,60673,60725,60436.4,60566.1,678.13
1637200800000,60566.1,60767.1,60379.1,60462.9,719.31
1637201700000,60462.9,60512.4,60391.8,60506.3,251.8
1637202600000,60512.5,60690.2,60440,60645.3,266.36
1637203500000,60645.2,60746.7,60470,60643.9,469.83
1637204400000,60643.9,60665.3,60314.9,60324,310.91
1637205300000,60335.9,60421.9,60200,60281.1,518.12
1637206200000,60281,60331.8,59974.3,60090.6,907.61
1637207100000,60090.6,60146.5,59841.5,59841.5,938.08
1637208000000,59841.5,59959.4,59756.7,59804.2,693.08
1637208900000,59804.3,60090.1,59721.1,59770.3,655.79
1637209800000,59770.3,59861.5,59630.8,59811.1,723.02
1637210700000,59810.8,59979.9,59672,59672,286.37
1637211600000,59672,59740.3,59542,59672.4,537.44
1637212500000,59672.4,59820,59601,59743.8,444.93
1637213400000,59743.7,59885.6,59743.7,59789.6,268.34
1637214300000,59777.1,59897.4,59730.1,59813,279.25
1637215200000,59807.7,59849.9,59594,59704.6,267.96
1637216100000,59704.5,60045,59676.3,59768.7,456.36
1637217000000,59768.8,59881.9,59683.9,59754.1,236.53
1637217900000,59754,59857.5,59606.1,59836.9,309.83
1637218800000,59837,59893,59657.4,59700,311.7
1637219700000,59683.6,59764.9,59573.3,59614.8,345.36
1637220600000,59614.8,59769.9,59531.1,59748.3,490.43
1637221500000,59748.3,59823.7,59713,59751,245.35
1637222400000,59751.1,59850.9,59536.5,59556,596.2
1637223300000,59555.9,59809.9,59462.7,59798.7,585.85
1637224200000,59798.6,59843.4,59511.8,59541.7,553.73
1637225100000,59541.6,59690.1,59490.1,59690.1,320.51
1637226000000,59690,59768,59251.1,59402.7,758.01
1637226900000,59402.7,59478.1,59257.2,59297.2,442.71
1637227800000,59297.2,59411,59105.1,59214.6,675.26
1637228700000,59214.5,59472.9,59003.8,59307.1,1205.9
1637229600000,59298.8,59560.4,59116.1,59176.9,937.33
1637230500000,59165.2,59473.5,59000.3,59361.7,1079.86
1637231400000,59361.8,59627.9,59344.8,59571,803.02
1637232300000,59570.9,59828.5,59520.4,59784.3,681.68
1637233200000,59784.3,59958,59696.5,59856.3,652.24
1637234100000,59856.3,59867.3,59678.2,59795.8,355.64
1637235000000,59795.8,59795.9,59480.6,59495.1,631.46
1637235900000,59495,59628.2,59160,59209.4,839.96
1637236800000,59217.3,59528.6,59018,59493.2,1853.48
1637237700000,59500,59937.9,59287.4,59555.8,1509.44
1637238600000,59555.9,59647.9,59186,59304.4,1013.04
1637239500000,59304.4,59380,59010,59136,1378.09
1637240400000,59135.9,59350.5,58967.8,59074.4,1075.94
1637241300000,59074.4,59151.4,58766.2,58900,1448.26
1637242200000,58900.1,59765.4,58800.8,59467.2,2427.73
1637243100000,59476.1,59514.2,59050,59217.5,1139.19
1637244000000,59217.5,59319.3,58940.2,58994.7,1426.99
1637244900000,58995.7,59123.5,58940.2,58940.3,729.58
1637245800000,58940.3,59119.5,58818.6,58819.1,1030.15
1637246700000,58819.1,59144.8,58736.3,58924.4,1072.73
1637247600000,58924.3,59110.6,58603,58729.8,1122.18
1637248500000,58729.1,58904.9,57558,58829.4,4909.2
1637249400000,58829.4,59320.8,58584.9,58601.2,3044.01
1637250300000,58601.2,58722.7,57920.7,58105.1,2431.03
1637251200000,58105.1,58489.3,57885.3,58403.2,1769.57
1637252100000,58403.3,58489,57356.4,57728.9,3056.06
1637253000000,57728.9,57835.7,57193,57509.9,2092.7
1637253900000,57509.9,57714.4,57226.6,57288.1,1539.8
1637254800000,57288,57479,56558,56793.3,3386.85
1637255700000,56793.2,57864.3,56793.2,57720.2,2644.57
1637256600000,57724.3,58038.2,57630.7,57889.6,1605.37
1637257500000,57889.6,58070,57500.1,57561.8,974.88
1637258400000,57561.8,57829.3,57558,57666.2,509.25
1637259300000,57666.1,57979.6,57508.6,57790.6,755.83
1637260200000,57792.3,58086,57717.5,57803.7,315.62
1637261100000,57803.7,58023.5,57768.2,57999.7,224.68
1637262000000,57999.6,58161.7,57989.7,58107.9,284.62
1637262900000,58117.7,58258,58074.5,58160.7,378.32
1637263800000,58156.3,58319.3,57993,58073.2,356.57
1637264700000,58072,58072,57712.6,57930.1,615.26
1637265600000,57946.7,57955.3,57587.2,57830.1,359.22
1637266500000,57830.1,58016.7,57708.1,57966.6,309.81
1637267400000,57966.6,58078.6,57887.8,58056.7,157.43
1637268300000,58056.6,58474.8,57932.2,57952,575.54
1637269200000,57952.1,58224,57946,58086.6,155.9
1637270100000,58092.4,58110.2,57839.6,57848,98.79
1637271000000,57844.1,57916.1,57668.8,57675.2,230.97
1637271900000,57680.5,57728.3,57412,57570.4,374.6
1637272800000,57570.4,57649.9,56688,57250.4,817.09
1637273700000,57245.5,57441.7,57077.4,57347.3,284.77
1637274600000,57347.3,57650,56825.4,56961.1,465.79
1637275500000,56961.1,57135,56481.8,56618.4,1167.65
1637276400000,56618.4,56948.3,56480.4,56606.8,1870.6
1637277300000,56603.9,56953.1,56500,56870,1106.07
1637278200000,56870,56996.5,56572.2,56694.6,901.85
1637279100000,56694.5,56989.2,56535,56891.1,723.49
1637280000000,56901.6,57379.6,56687.8,57326,2182.57
1637280900000,57303.2,57384.9,56930.1,57072.8,587.43
1637281800000,57064.8,57497.1,56956.5,57463.1,793.62
1637282700000,57463.8,57519.6,57233.9,57497.2,553.56
1637283600000,57500.7,57533,57114.2,57303.4,460.9
1637284500000,57308,57360.7,56966.5,56973.2,735.02
1637285400000,56973.3,57133,56783.6,56806,482.34
1637286300000,56806,56915.4,56654.9,56709,975.85
1637287200000,56709.1,56877.2,56520,56830.7,934.99
1637288100000,56830.6,56953.6,56566.2,56619.3,592.18
1637289000000,56619.3,56671.8,56111,56251.5,1409.14
1637289900000,56251.5,56389.4,55821,56113.2,2441.1
1637290800000,56115,56215.9,55933.4,56153.4,860.91
1637291700000,56153.4,56175.2,55855,55911.7,495.72
1637292600000,55911.7,55977.6,55601.4,55687.6,1109.15
1637293500000,55687.6,55920,55622.3,55920,535.02
1637294400000,55920,56029,55838.1,55943,498.41
1637295300000,55943.1,56146.4,55921.4,56097.8,359.72
1637296200000,56097.9,56227.7,56019.8,56125,444.47
1637297100000,56124.6,56314.3,56080,56241.5,375.48
1637298000000,56252.5,56349.1,56213.7,56298.3,376.64
1637298900000,56298.7,56312,56000,56043.1,329.02
1637299800000,56043.1,56428,56043.1,56363.4,535.07
1637300700000,56357.7,56494.9,56341.3,56402.8,337.2
1637301600000,56402.9,56468.9,56286,56368.2,268.98
1637302500000,56368.2,56429.9,56255,56362,212.69
1637303400000,56351.3,56416.7,56168.1,56183.3,358.49
1637304300000,56183.2,56338.1,56128.7,56300,218.7
1637305200000,56299.9,56450,56082.4,56086.8,468.23
1637306100000,56086.8,56166,55936.7,56033.2,511.97
1637307000000,56044.1,56083.1,55868.7,56052,410.39
1637307900000,56052,56087.1,55877.3,56006.4,292.63
1637308800000,55998.2,56400,55993.4,56366.4,498.92
1637309700000,56366.3,57388,56364.8,57366.8,2763.03
1637310600000,57366.8,57384.9,57130,57205.8,1055.27
1637311500000,57205.8,57321.9,56976.8,57026.1,668.31
1637312400000,57032.9,57228.9,57012.4,57218.2,242.95
1637313300000,57218.2,57500,57082.9,57136,827.63
1637314200000,57125.3,57222.2,57047.1,57190.3,355.19
1637315100000,57194.8,57199.9,56939.8,57010,327.81
1637316000000,57000,57057.9,56782.5,56807.6,414.24
1637316900000,56807.7,56943.9,56686,56900.1,475.22
1637317800000,56911.1,56919.7,56765.8,56831.3,200.16
1637318700000,56825.6,56932.8,56773.2,56903.6,144.44
1637319600000,56911.8,57220.1,56555.1,56604,908.23
1637320500000,56603.9,56756,56503.8,56666.1,461.66
1637321400000,56666.1,57106,56618,56926.6,453.01
1637322300000,56926.6,57027.4,56742,57003.9,388.18
1637323200000,57003.9,57250,56887.8,57235.1,680.29
1637324100000,57232,57350,57108.9,57325.9,466.07
1637325000000,57325.9,57350,57189.8,57224.8,318.7
1637325900000,57209.3,57290.4,56890.3,56894.6,470.56
1637326800000,56894.7,57063.4,56716.6,57047.7,531.25
1637327700000,57061.2,57552,56935.5,57349.6,881.65
1637328600000,57341,57659.4,57303,57487.7,1025.88
1637329500000,57487.7,57714,57487.7,57611,567.57
1637330400000,57611.1,57982.6,57611.1,57937.7,1210.99
1637331300000,57937.7,57966.7,57655.9,57713.8,713.83
1637332200000,57713.8,57826.5,57568,57818.8,677.7
1637333100000,57818.8,58068.8,57771.3,57987.6,697.54
1637334000000,57992.1,58019.7,57617.2,57725,492.72
1637334900000,57725,57906.4,57647.7,57765,266.65
1637335800000,57765,57989,57689.5,57958.3,261.34
1637336700000,57956,58179.8,57850,57886.9,524.12
1637337600000,57886.8,58090.4,57800,57963.8,476.8
1637338500000,57960.6,58059.6,57753,57778.2,347.07
1637339400000,57778.1,58018.7,57778,57958.6,447.46
1637340300000,57958.7,58233.6,57856.4,58158.7,492.9
1637341200000,58158.8,58290.9,58108.7,58220.2,379.66
1637342100000,58234.2,58320,58064.2,58313.8,349.36
1637343000000,58307.6,58312.3,57992.1,58099.6,294.67
1637343900000,58099.6,58167.8,57938.9,57982.1,296.36
1637344800000,57982.2,58078.2,57907.1,58031.5,275.71
1637345700000,58035.9,58077.7,57836.5,57863.2,194.45
1637346600000,57868.9,57919.7,57763.2,57870.3,212.84
1637347500000,57870.3,57915.7,57766.6,57893,135.05
1637348400000,57885.1,57980.4,57832.7,57958.3,127.88
1637349300000,57958.4,57966.8,57853.7,57858.5,105.82
1637350200000,57853.7,57871.5,57680.8,57817,249.64
1637351100000,57811.3,58086.6,57811.2,58045.6,142.43
1637352000000,58045.5,58130.6,57910.9,57930.4,195.61
1637352900000,57930.9,57930.9,57750,57779.4,127.88
1637353800000,57767.8,57965.9,57701,57935.4,202.88
1637354700000,57935.5,58041,57780.1,57780.1,269.03
1637355600000,57780,57808.6,57538.2,57643.9,407.13
1637356500000,57647.9,57816,57647.9,57709.5,148.73
1637357400000,57709.6,57910,57709.6,57850.2,288.02
1637358300000,57850.2,57936.7,57790,57811.6,121.19
1637359200000,57811.7,57961.6,57787.8,57916.4,144.81
1637360100000,57908.4,57990.8,57800,57946.7,159.77
1637361000000,57946.6,57946.6,57770.2,57780,69.92
1637361900000,57783.7,57849.5,57701.1,57830.5,247.91
1637362800000,57835.8,58066,57740.3,58028.8,604.88
1637363700000,58028.8,58071.7,57877.4,57950.3,190.09
1637364600000,57950.3,57960.3,57792.4,57839.7,158.43
1637365500000,57836.7,58141.6,57822.2,58071.1,231.93
1637366400000,58071.2,58537,57949.6,58466.3,854.81
1637367300000,58466.3,58585,58368.8,58426.8,604.51
1637368200000,58426.9,58488,58092.1,58273.5,545.99
1637369100000,58282.2,58340.8,58152.5,58224.7,226.73
1637370000000,58233.2,58496,58175.9,58489.7,570.64
1637370900000,58489.7,58799,58433,58723.8,1257.33
1637371800000,58723.9,58838.3,58641.4,58670,729.42
1637372700000,58670,58836,58603.9,58759.4,556.87
1637373600000,58759.5,58866.4,58723.1,58812,353.85
1637374500000,58812,58950,58789.2,58799.4,647.54
1637375400000,58799.3,58835.6,58725.5,58741.7,319.68
1637376300000,58741.7,58860,58724.3,58759.9,344.46
1637377200000,58759.8,58819.7,58642,58642,434.09
1637378100000,58642,58770.9,58606.7,58626.7,224.56
1637379000000,58626.7,58674.9,58452,58544,537.69
1637379900000,58543.9,58587.3,58440,58517.8,289.67
1637380800000,58517.7,58557.5,58366.1,58451.5,433.33
1637381700000,58451.4,58490.7,58359.2,58414.1,185.68
1637382600000,58414.1,58539,58390.6,58473.6,287.83
1637383500000,58467.5,58572.2,58372.4,58486.1,489.64
1637384400000,58486,58546.4,58360,58360.1,231.89
1637385300000,58360.1,58425,58250,58411.4,450.68
1637386200000,58411.5,58550,58393.9,58530.4,247.12
1637387100000,58528.6,58528.6,58325.3,58398.9,193.59
1637388000000,58396.2,58473.9,58307,58465.3,239.87
1637388900000,58465.3,58802,58464.2,58624.4,568.54
1637389800000,58624.3,58818.7,58506.5,58525,428.53
1637390700000,58525.1,58646.6,58425.3,58628.9,285.92
1637391600000,58629,58699.9,58576.1,58670,142.03
1637392500000,58669.9,58670,58447.5,58463.4,175.88
1637393400000,58463.3,58562,58439.1,58545.3,195.72
1637394300000,58544.5,58545.3,58349.3,58385.8,327.8
1637395200000,58385.8,58420,58330,58415.4,193.29
1637396100000,58415.5,58527.1,58371.4,58493.4,190.38
1637397000000,58493.3,58676.3,58463.3,58615.8,205.73
1637397900000,58615.9,58623.5,58463,58468.1,102.74
1637398800000,58468,58664.3,58468,58625.1,112.76
1637399700000,58625.1,58630.2,58428,58428,134
1637400600000,58428.1,58570.9,58374.7,58547,254.75
1637401500000,58535.3,58586.4,58483.6,58486.2,106.59
1637402400000,58486.2,58496.2,58368.1,58496.2,256.39
1637403300000,58496.2,58674,58490,58669.6,278.35
1637404200000,58669.6,58758.4,58484,58563.7,334.64
1637405100000,58563.7,58574.1,58410,58490,180.12
1637406000000,58490,58591.5,58490,58591.4,73.22
1637406900000,58586.1,58586.1,58410.1,58508.1,195.97
1637407800000,58508,58627.8,58501.8,58530.1,171.74
1637408700000,58540.4,58673.7,58524.3,58629.3,136.3
1637409600000,58629.3,58795,58559.5,58762,327.47
1637410500000,58763,58842.2,58608.8,58612.8,284.44
1637411400000,58612.9,58684.3,58505.2,58516.5,215.08
1637412300000,58516.5,58625.9,58468.3,58571.1,113.96
1637413200000,58567,58684.5,58543.6,58606.4,123.63
1637414100000,58606.4,58613.5,58467,58585.6,176.62
1637415000000,58585.6,58595.9,58409.3,58465.6,276.39
1637415900000,58465.5,58479.2,58374.3,58476.1,197.26
1637416800000,58476,58610.2,58330.9,58515.9,383.99
1637417700000,58528.5,58722.6,58361,58380.1,633.19
1637418600000,58380.1,58509.6,58302.9,58455.1,384.04
1637419500000,58455,58511.8,58342.9,58365.1,232.94
1637420400000,58358.7,58412.3,57735.1,57896.3,1810.11
1637421300000,57896.3,58070.5,57806.3,57922.4,468.65
1637422200000,57922.4,58020,57555,57680.9,688.24
1637423100000,57680.9,57759.8,57510.7,57617.6,690.9
1637424000000,57617.7,57715.1,57507.4,57516.8,476.99
1637424900000,57516.8,57730,57344.4,57659.3,782.96
1637425800000,57655.3,57903.6,57612.1,57791.4,498.63
1637426700000,57781,57813.8,57676.2,57781.8,201.31
1637427600000,57777.3,57850,57682.5,57710.8,179.12
1637428500000,57710.7,57768.5,57632.5,57712.3,125.01
1637429400000,57715.2,57780,57610.1,57749.3,164.14
1637430300000,57749.3,57929.9,57740.5,57914.5,260.54
1637431200000,57914.4,57970.3,57831,57952.9,211.36
1637432100000,57956.9,59540.1,57941.5,59417.3,3473.82
1637433000000,59417.4,59661.9,59053.9,59526.4,1826.61
1637433900000,59526.4,59648,59358,59438.6,650.5
1637434800000,59438.5,59518.4,59313.7,59418,537.96
1637435700000,59418.1,59466.4,59238.9,59297.9,214.49
1637436600000,59297.9,59410.1,59251.3,59372.7,159.99
1637437500000,59364.1,59449.7,59309.8,59447.4,168.39
1637438400000,59449.3,59555,59350,59366,313.48
1637439300000,59363.1,59495.2,59350,59375.3,249.89
1637440200000,59378.2,59429.9,59327.7,59418.2,135.18
1637441100000,59418.3,59459,59331.3,59411,147.2
1637442000000,59412,59532.5,59360,59445.2,133.33
1637442900000,59445.3,59523.5,59382.5,59490.3,111.13
1637443800000,59490.3,59678.7,59489.4,59568.9,210.34
1637444700000,59568.9,59643.6,59524.9,59594.6,117.31
1637445600000,59594.7,59652.3,59511.1,59523.3,133.44
1637446500000,59523.4,59729.8,59523.4,59719.8,152.79
1637447400000,59719.9,59719.9,59658.7,59658.7,67.49
1637448300000,59658.7,59737,59602.3,59705.7,174.43
1637449200000,59705.6,59789.6,59607.1,59630.2,193.7
1637450100000,59630.2,59662.9,59481,59542.9,215.03
1637451000000,59542.8,59797.9,59542.8,59797.3,356.22
1637451900000,59797.4,59849,59657.2,59709.7,381.91
1637452800000,59709.7,59773.1,59593.2,59744.8,382.14
1637453700000,59744.7,59769.3,59514.6,59554.9,376.5
1637454600000,59555,59564.5,59372.4,59517.5,291.66
1637455500000,59517.4,59529.5,59331,59380.4,360.68
1637456400000,59380.5,59467.6,59309,59373.9,260.78
1637457300000,59374,59425,59342.4,59348.3,98.94
1637458200000,59348.4,59425,59313.4,59330.1,179.93
1637459100000,59330,59369.6,59272.2,59360.7,163.8
1637460000000,59360.8,59377.3,59254.9,59259.9,149.6
1637460900000,59264.2,59312.7,59102,59149.5,536.23
1637461800000,59149.4,59172.9,58703.5,58788,914.39
1637462700000,58788,59115.1,58782.5,59071.5,373.29
1637463600000,59070.9,59200,58971.9,59105.1,379.01
1637464500000,59105.2,59105.2,58926.7,58962.1,312.06
1637465400000,58962,59018.6,58767,58793.5,382.76
1637466300000,58801.9,58835.4,58562,58705.6,562.96
1637467200000,58705.5,58978.6,58656,58878.5,329.99
1637468100000,58878.5,58957.6,58775.3,58775.3,232.65
1637469000000,58775.3,58820,58632.9,58775.9,346.68
1637469900000,58775.8,58775.8,58589.7,58618.6,244.6
1637470800000,58617.6,58759.9,58576.6,58690.3,178.46
1637471700000,58690.3,58778.4,58634,58666,148.42
1637472600000,58666.1,58914.8,58666.1,58877.5,339.65
1637473500000,58866.6,59026.6,58866.5,59026.6,276.58
1637474400000,59026.6,59070.7,58919.5,58958.1,349.77
1637475300000,58952,59022.6,58874.8,58895.8,134.06
1637476200000,58890.1,59033,58847.1,58881.9,143.7
1637477100000,58882,59234,58858.7,59184.6,303.5
1637478000000,59199.9,59200,59010,59047.3,209.93
1637478900000,59057.3,59112.9,58967.5,59060,153.45
1637479800000,59060.1,59182.2,59017.7,59064,98.27
1637480700000,59064,59086,58973.4,58986.5,70.09
1637481600000,58986.5,59030.3,58763.5,59010.2,219.79
1637482500000,59014.5,59015.8,58827.4,58908.2,127.87
1637483400000,58908.2,59106.4,58879.9,58998.5,146.63
1637484300000,58984.3,58984.4,58671.4,58750.1,303.21
1637485200000,58750.1,58912.4,58718,58884.6,204.47
1637486100000,58884.6,58965.3,58855.6,58959.4,117.69
1637487000000,58949.9,58949.9,58762.9,58814.5,103.5
1637487900000,58814.5,58928,58773.4,58915.3,116.61
1637488800000,58915.3,58999.9,58780.1,58792.3,179.5
1637489700000,58792.3,58888,58785,58800.1,80.79
1637490600000,58800,58835.1,58479.2,58584,506.89
1637491500000,58583.9,58880.7,58539.1,58837.9,352.01
1637492400000,58831.6,59365,58824.1,59189.6,945.23
1637493300000,59189.6,59189.7,58550,58649.9,915.8
1637494200000,58649.8,58798.1,58597.2,58720.8,281.6
1637495100000,58720.7,58806.1,58665.6,58707.1,142.57
1637496000000,58707,59081.6,58668,59029.7,381.38
1637496900000,59029.7,59278,58955.2,59150.3,476.74
1637497800000,59149.6,59245.4,58901,59012.3,367.74
1637498700000,59012.3,59195.2,59012.3,59050.1,373.44
1637499600000,59050,59075.7,58920,58958.2,137.11
1637500500000,58958.2,59084.8,58950,58993.3,123.01
1637501400000,58991.7,58994,58808.5,58872.7,177.34
1637502300000,58871,59071.3,58826.7,58859.3,208.53
1637503200000,58859.3,58869.7,58702.7,58838.1,432.39
1637504100000,58841,58905.4,58765.4,58824.3,158.11
1637505000000,58815.7,59000,58750,58985.9,243.49
1637505900000,58985.9,59043.7,58890.1,58911,177.35
1637506800000,58904.1,59012,58814.8,58914.4,110.08
1637507700000,58914.3,59187.2,58868.6,59140,239.79
1637508600000,59140,59285.1,59016.2,59227.4,249.31
1637509500000,59227.3,59254.9,59135.3,59200,193.41
1637510400000,59198.9,59526,59198.9,59338.4,509.85
1637511300000,59339.4,59349.6,59121.8,59128.3,325.72
1637512200000,59128.3,59305.6,59120,59274.2,225.51
1637513100000,59258.9,59932.6,59250.9,59868.6,1589.59
1637514000000,59868.6,60000,59595.1,59652,996.3
1637514900000,59666.7,59848.9,59650,59706.7,159.93
1637515800000,59706.6,59749.9,59529,59565.6,275.86
1637516700000,59547.2,59562.5,59421.3,59467.1,194.31
1637517600000,59469.5,59524.2,59257.6,59504.1,226.67
1637518500000,59504.2,59538,59364.1,59427.1,108.68
1637519400000,59427,59530,59369.8,59497.1,76.99
1637520300000,59497.1,59526.4,59413.1,59432.1,85.52
1637521200000,59432.2,59549.4,59323.8,59347.9,106.56
1637522100000,59347.9,59398.4,59216.5,59340.6,125.71
1637523000000,59346.5,59425.2,59251.6,59317.9,42.91
1637523900000,59317.9,59477.2,59250.1,59300.2,137.12
1637524800000,59309.7,59417.6,59261.3,59324.2,66.33
1637525700000,59324.1,59446,59324.1,59421.5,63.19
1637526600000,59429.9,59547.6,59362.5,59472.9,144.01
1637527500000,59470.9,59686.1,59398.7,59599.3,115.34
1637528400000,59590.5,59646.3,59362.3,59417.5,139.49
1637529300000,59417.4,59556.1,59410.8,59549.1,30.05
1637530200000,59545.1,59599.9,59468.1,59509.5,51.69
1637531100000,59504,59542.7,59391.1,59485.1,140.59
1637532000000,59488.4,59523.9,59326,59485,183.21
1637532900000,59485,59490.6,59310.5,59336.5,81.64
1637533800000,59336.4,59336.4,58920.1,59040.3,281.7
1637534700000,59040.3,59194.1,59040.2,59127.4,168.82
1637535600000,59112.9,59294.9,59019.1,59158.1,353.9
1637536500000,59173.1,59238.9,59100,59183.6,149.25
1637537400000,59194.5,59219.3,59000,59013,250.48
1637538300000,59012.9,59104.4,58520,58630.3,1355.02
1637539200000,58630.4,58768.6,58095,58100.7,1845.02
1637540100000,58100.6,58366.3,58005,58265.7,1069.61
1637541000000,58265.8,58367.7,58135.1,58159.2,627.73
1637541900000,58164.2,58287.6,58086.1,58153.6,470.27
1637542800000,58153.5,58261.7,57971,58070.3,629.22
1637543700000,58070.2,58114.4,57707.1,58039.1,1579.42
1637544600000,58039.2,58212.7,58009.3,58098.7,566.89
1637545500000,58101,58180.1,57920.7,58058.1,661.75
1637546400000,58058.2,58122.9,57924.7,57924.7,353.17
1637547300000,57921.5,57956.8,57288,57454.6,2185.52
1637548200000,57459.1,57805.1,57322,57768.2,970.04
1637549100000,57760.1,57829.8,57602.7,57693.4,314.72
1637550000000,57693.4,57786.8,57622.2,57736.9,319.19
1637550900000,57736.1,57806.3,57606.6,57606.6,187.58
1637551800000,57602.7,57772.2,56935.9,57509.1,2329.91
1637552700000,57499.4,57563.8,57302.3,57410.8,454.06
1637553600000,57410.7,57551.4,57241.6,57530.1,535.59
1637554500000,57530.4,57530.4,57315.9,57425,229.11
1637555400000,57425,57444.7,57265,57300.2,268.13
1637556300000,57300.2,57391.5,57062,57091.1,632.56
1637557200000,57082.9,57150,56800,57082.1,1511.3
1637558100000,57082.2,57227.3,57038.1,57148.6,609.46
1637559000000,57152.8,57388,57152.8,57238.9,473.64
1637559900000,57244.7,57463.5,57233.1,57463.4,349.4
1637560800000,57463.4,57495.2,57321.1,57386.9,251.05
1637561700000,57387,57387,57228.9,57238.9,204.25
1637562600000,57231.7,57410,57228.1,57228.2,257.76
1637563500000,57228.1,57373.2,57076.2,57335.2,490.65
1637564400000,57335.3,57777,57303.6,57542.5,836.19
1637565300000,57552.5,57592.9,57446.8,57571.2,358.96
1637566200000,57571.8,57571.8,57435.4,57459.5,199.5
1637567100000,57459.5,57493.9,57264,57280.2,250.78
1637568000000,57280.3,57422,57267.5,57409.6,207.75
1637568900000,57409.6,57501.2,57306.7,57501.2,273.58
1637569800000,57501.2,57560,57446.9,57461.2,218.26
1637570700000,57461.2,57492.1,57325,57348.1,273.03
1637571600000,57348.1,57840,57348.1,57715.6,1013.12
1637572500000,57715.5,57716,57458,57518.6,473.35
1637573400000,57518.5,57591.6,57350.3,57380.2,563.93
1637574300000,57380.1,57469.5,57139.9,57141.1,493.03
1637575200000,57141.1,57354.4,56967.1,57320.4,676.63
1637576100000,57320.4,57414.4,57273.4,57323.6,283.01
1637577000000,57313.6,57380,57210.9,57250.1,191.24
1637577900000,57250.1,57368,57131.1,57368,272.63
1637578800000,57373.5,57550,57282.1,57470.4,523.24
1637579700000,57470.4,57521.5,57378,57454.4,271.96
1637580600000,57454.3,57490,57308.3,57415.8,191.21
1637581500000,57415.8,57502.3,57160.6,57188.5,427.22
1637582400000,57188.4,57280,57040.8,57096,713.09
1637583300000,57096,57665.9,57051.5,57650.1,949.37
1637584200000,57650.1,58050,57289.7,57503.9,2625.22
1637585100000,57500.3,57502,57142.4,57160.6,686.53
1637586000000,57160.5,57211.9,56781.6,56854.3,864.38
1637586900000,56854.4,57200,56555,57199.9,2374.95
1637587800000,57200,59571.1,57104.3,59029.4,8489.69
1637588700000,59029.5,59160,58677.9,58880.4,1722.8
1637589600000,58867,59025.8,58634.2,58668.1,901.77
1637590500000,58668,58752.7,58180,58244.8,1290.09
1637591400000,58238.7,58420,58180.6,58301.8,534.73
1637592300000,58301.8,58322.1,58172.6,58259.6,285.68
1637593200000,58259.6,58450,58050.1,58289.3,582.29
1637594100000,58290.1,58370,58108.9,58155.2,201.61
1637595000000,58155.3,58230,57913.5,58170.5,518.37
1637595900000,58170.1,58237,58112,58191.5,212.95
1637596800000,58198.3,58250,57745.8,57802.4,722.61
1637597700000,57802.3,58087.1,57605.2,57904,710.13
1637598600000,57890.6,58005.2,57834.8,57858.7,274.46
1637599500000,57858.7,57937.6,57630.1,57723,368.43
1637600400000,57723,57773,57518.3,57572.6,444.2
1637601300000,57572.7,57658.7,57485.6,57510,212.51
1637602200000,57510,57536.6,57346.1,57370.9,435.41
1637603100000,57376.6,57466,57285.9,57444.2,349.57
1637604000000,57444.1,57444.1,57200,57214.3,429.31
1637604900000,57214.2,57280,57157,57167.6,292.23
1637605800000,57167.6,57219.9,56600,56696.4,1095.59
1637606700000,56702.1,56844.9,56403.7,56420,918.18
1637607600000,56431.9,57077.8,56268.4,56822.9,1546.74
1637608500000,56808.4,56891.4,56150.1,56185.9,875.83
1637609400000,56188.3,56412,55900,56196,2076.59
1637610300000,56196.1,56377.8,55755.5,55955.3,1312.14
1637611200000,55957,56298.5,55800.1,56098.4,607
1637612100000,56098.3,56328.7,55932.3,55975.2,393.76
1637613000000,55975.1,56189,55908.8,56004.8,229.72
1637613900000,56004.7,56106.6,55650,55842.2,527.96
1637614800000,55831.6,56029.6,55564.1,55717.9,738.73
1637615700000,55723.4,56029.9,55600.1,55831.4,588.38
1637616600000,55832.6,56412.9,55776,56123.5,582.34
1637617500000,56115.4,56256,55887.9,56221.9,357.24
1637618400000,56222,56468.2,56168.2,56216.4,258.82
1637619300000,56216.4,56286.6,56065.7,56267.8,128.14
1637620200000,56267.9,56665.9,56259.3,56649.5,195.18
1637621100000,56650,56698,56506.1,56685.2,273.97
1637622000000,56685.1,56685.1,56334.9,56495.7,472.57
1637622900000,56495.7,56508.3,56286,56385.6,268.07
1637623800000,56385.6,56444.9,56256.8,56292.4,151.8
1637624700000,56276.2,56426.4,56209.2,56254.9,456
1637625600000,56255,56406.3,55975.1,56056.5,665.5
1637626500000,56050.9,56852.8,56050.9,56709.4,728.36
1637627400000,56716,56766.6,56271.3,56383.1,678.14
1637628300000,56383,56742.6,56283.5,56573.8,405.35
1637629200000,56595,56767,56540.4,56624.1,326.72
1637630100000,56624.1,56938,56480.1,56734.8,532.02
1637631000000,56744.7,56814.9,56470.1,56624.3,229.51
1637631900000,56617.1,56925.8,56600.8,56849.2,413.07
1637632800000,56849.3,56912,56643,56645.8,270.38
1637633700000,56646.7,56949.4,56635.4,56915.3,311.68
1637634600000,56905.8,56949.8,56718,56758.5,199.96
1637635500000,56758,56971,56650,56918.5,295.15
1637636400000,56918.6,57234,56791.7,57234,937.03
1637637300000,57235,57258,57050.6,57112.1,508.55
1637638200000,57112,57112,56939.6,57005.4,266.26
1637639100000,57006.6,57076.1,56881,56967.5,261.95
1637640000000,56967.5,57021.6,56839.3,56906.5,222.74
1637640900000,56906.4,57046.1,56861.1,57030.4,111.85
1637641800000,57027.2,57045,56927.4,56958,150.08
1637642700000,56958,57023.2,56779.3,56808.8,244.63
1637643600000,56808.8,56870.5,56602.8,56702.2,384.69
1637644500000,56706.6,56771.6,56501,56518.7,402.3
1637645400000,56518.7,56654.2,56389.4,56457,368.99
1637646300000,56457,56584,56358,56572.7,309.04
1637647200000,56572.8,56642.4,56468.1,56500.1,312.26
1637648100000,56500,56650,56320.9,56332.3,408.84
1637649000000,56332.4,56386.1,56192,56349.3,450.31
1637649900000,56349.4,56430.7,56323.3,56408.1,212.94
1637650800000,56408.1,56422.4,56253.2,56257.3,161.29
1637651700000,56257.2,56330.9,55868,55955.4,1232.24
1637652600000,55955.4,56227.9,55900,56086.4,595.86
1637653500000,56086.4,56185.8,55961,56064.1,279.91
1637654400000,56064.1,56249.5,55926.6,55976,431.49
1637655300000,55970.5,56026.8,55714.8,55970.4,971.57
1637656200000,55970.3,56055.9,55813.1,56055,425.35
1637657100000,56054.9,56436.9,55997.3,56285.3,989.33
1637658000000,56285.4,56646.7,56234.2,56322.3,910.12
1637658900000,56322.7,56385.3,56159.9,56299.1,356.49
1637659800000,56299.1,56984.3,55288,56901.4,5189.47
1637660700000,56910.1,57320.7,56480,56634.5,3479.59
1637661600000,56625.8,56846.8,56279.6,56778.3,1221.44
1637662500000,56778.3,57736.8,56700,57390.1,3280.07
1637663400000,57390.1,57435.5,57162.5,57343.1,787.51
1637664300000,57347.4,57407.5,56326,56343.8,2308.03
1637665200000,56343.8,56585.8,56044.8,56422.3,1382.65
1637666100000,56422.3,56463.9,56080,56238.4,634.24
1637667000000,56238.5,56356.3,56015.2,56033,402
1637667900000,56047.4,56229.2,55935.5,56135.7,562.44
1637668800000,56148.3,56327,56133.7,56282,298.12
1637669700000,56282,56455.4,56100,56436.3,385.98
1637670600000,56436.2,56455,56138.4,56298.1,261.3
1637671500000,56293.4,56379.9,56223.1,56318.4,189.85
1637672400000,56318.4,56785.9,56318.4,56649.1,872.48
1637673300000,56650,56930.6,56573.6,56882.5,400.51
1637674200000,56882.5,56929.3,56739.1,56842.8,336.75
1637675100000,56842.7,56849.8,56632.1,56808.6,325.13
1637676000000,56808.7,56979.9,56714,56955.1,622.12
1637676900000,56962.9,57100,56722.5,57027,612.04
1637677800000,57022.9,57200,56600,56726.2,1197.06
1637678700000,56726.3,57695,56726.3,57686.4,1954.01
1637679600000,57685.9,57750,57249,57311,1033.56
1637680500000,57311.1,57437.8,57170.5,57183.5,639.83
1637681400000,57188.4,57326,57005.8,57119.8,394.92
1637682300000,57119.8,57273.1,56856.6,56897.7,454.69
1637683200000,56897.7,57376.1,56895.1,57227.3,663.59
1637684100000,57241.6,57606.6,57162.6,57357.1,688.55
1637685000000,57357.1,57500,57160.2,57253.5,511.65
1637685900000,57253.5,57599.9,57235.1,57475.8,412.56
1637686800000,57464.6,57505,57234.1,57243,231.02
1637687700000,57237.1,57701.3,57237.1,57539.8,310.1
1637688600000,57539.8,57695.5,57389.6,57399.6,418.08
1637689500000,57400.7,57471.9,57262.5,57271.9,203.32
1637690400000,57271.8,57390.7,57140.5,57260.3,413.78
1637691300000,57279.5,57311.1,57160.5,57218.2,104.4
1637692200000,57213.5,57322.5,57179.4,57282.8,115.52
1637693100000,57291.3,57606.5,57251.9,57442.3,293.85
1637694000000,57442.4,57611.8,57345.2,57410.5,365.66
1637694900000,57411.3,57532.3,57246.6,57493.3,316.06
1637695800000,57493.3,57600,57391,57537.9,333.22
1637696700000,57553.6,57865.9,57553.6,57800.5,425.17
1637697600000,57800.6,57845.1,57528.8,57583.7,413.9
1637698500000,57591.9,57697.8,57410,57514.6,401.53
1637699400000,57526.5,57730.7,57400.7,57708.2,271.69
1637700300000,57708.2,57879.9,57547.9,57868.3,169.2
1637701200000,57867.6,57879.9,57583.1,57604.2,182.59
1637702100000,57612.6,57753.7,57605.7,57668.8,60.36
1637703000000,57669.5,57717.7,57541,57613.8,159.3
1637703900000,57613.8,57731.8,57585.3,57690.6,129.94
1637704800000,57694.5,57753.1,57612.2,57612.2,85.51
1637705700000,57612.2,57750,57612.2,57662.9,76.07
1637706600000,57669.8,57699,57559,57622.2,84.27
1637707500000,57619.7,57626.3,57447.4,57577,104.49
1637708400000,57576.9,57663.2,57468.6,57588.6,376.57
1637709300000,57566.1,57665.1,57518.8,57593.7,108.53
1637710200000,57600.4,57750,57590.7,57687.2,111.8
1637711100000,57687.2,57746.3,57533,57537.7,355.99
1637712000000,57550.6,57666.5,57549.9,57556.1,962.32
1637712900000,57556.2,57619.6,57472.4,57610.4,395.24
1637713800000,57605.7,57748.3,57569.9,57686.7,184.22
1637714700000,57679.2,57691,57500,57500,160.43
1637715600000,57500.1,57560.7,57240.4,57376.7,308.74
1637716500000,57381.3,57420.8,57094.8,57179.9,900.54
1637717400000,57180,57414.2,57145.3,57382.8,294.12
1637718300000,57382.7,57388.4,57006.4,57037.6,454.81
1637719200000,57037.5,57131.9,56746.1,56775.2,887.67
1637720100000,56775.4,56922.6,56368,56414.9,1254.83
1637721000000,56414.9,56550,56231.2,56264.8,889.68
1637721900000,56251.4,56431.8,56124.1,56244.2,825.09
1637722800000,56253.7,56419.1,56217.9,56347.2,577.44
1637723700000,56347.3,56455.4,56259.3,56430.1,366.58
1637724600000,56430.1,56430.1,56254.5,56354.5,203.59
1637725500000,56354.6,56460,56324.3,56401.1,302.57
1637726400000,56401.1,56552.1,56319.2,56482.1,387.17
1637727300000,56482.2,56769.9,56482.1,56613,518.34
1637728200000,56611.9,56620,56467.5,56559.9,199.41
1637729100000,56558.5,56656.3,56455.4,56548.8,248.7
1637730000000,56548.8,56698.7,56463.6,56691.8,274.1
1637730900000,56683.4,56769.9,56621.2,56659.5,246.58
1637731800000,56643.8,56729.3,56571.4,56669.7,161.36
1637732700000,56673.2,56718.7,56504.2,56597.4,194.49
1637733600000,56597.7,56656.8,56324.2,56394.7,360.22
1637734500000,56394.8,56542.8,56233.5,56289.5,352.39
1637735400000,56289.4,56498.1,56277.2,56470.1,258.5
1637736300000,56472.5,56745.3,56472.5,56609.2,504.27
1637737200000,56609.2,56688.9,56511.9,56590.2,245.61
1637738100000,56590.2,56698.9,56432.2,56630,231.2
1637739000000,56629.9,56629.9,56391.2,56572,288.9
1637739900000,56572,56572,56450,56514.5,78.12
1637740800000,56514.5,56587.1,56398.4,56438.9,236.63
1637741700000,56438.8,56750,56431.5,56749.9,265.2
1637742600000,56749.9,57452,56673,56802.2,1595.22
1637743500000,56809.1,57117.1,56620.1,56850,1370.29
1637744400000,56872.4,56954.1,56742.1,56877.2,407.58
1637745300000,56877.2,56999,56763.6,56999,430.4
1637746200000,56998.9,56999,56800,56847.3,237.02
1637747100000,56847.3,56847.3,56660.4,56690.6,289.82
1637748000000,56691.5,56774.2,56572.8,56745.4,321.89
1637748900000,56745.4,56891,56646.8,56666.7,279.19
1637749800000,56666.7,56681.4,56546.7,56575.6,326.21
1637750700000,56577.3,56618,56422.2,56431.5,279.45
1637751600000,56442.7,56544,56318.6,56460.2,539.12
1637752500000,56460.2,56598.5,56406.7,56533,244.94
1637753400000,56540,56780,56508.6,56772.5,375.9
1637754300000,56772.6,56772.6,56630,56640.9,157.14
1637755200000,56641,56765.5,56410,56460,410.59
1637756100000,56460.1,56718,56460.1,56648.8,401.77
1637757000000,56642.9,56666.6,56532.5,56588.9,203.49
1637757900000,56588.8,56639.9,56429.8,56457.2,394.26
1637758800000,56457.2,56896.4,56287.5,56590.2,1234.26
1637759700000,56590.2,56644.3,56400,56636.5,492.96
1637760600000,56636.6,56733,56307.6,56349.9,592.23
1637761500000,56349.9,56375.9,56012,56046.4,1587.36
1637762400000,56046.5,56307.3,55978,56050.5,1053.56
1637763300000,56050.6,56378.9,55874.3,56094.1,1416.35
1637764200000,56086.4,56227,55934,56005.9,645.8
1637765100000,56001.9,56232.2,55884.5,56143.9,673.83
1637766000000,56143.9,56498.4,56086.2,56298.4,1261.24
1637766900000,56294.2,56400,56189.6,56303,352.57
1637767800000,56309.7,56857,56309.7,56646,1300.56
1637768700000,56646,57187.1,56640.4,56748.9,1349.71
1637769600000,56741.5,56860.9,56648.7,56722.6,646.05
1637770500000,56715.3,56871.2,56616.2,56644.7,539.36
1637771400000,56653.5,56748.9,56571,56608.7,244.5
1637772300000,56608.6,56776.5,56574.8,56622.4,340.74
1637773200000,56622.5,56784.7,56606,56755.7,184.51
1637774100000,56755.7,56757,56536.9,56572.1,238.61
1637775000000,56572.1,56635.9,56501.1,56586.5,175.98
1637775900000,56586.6,56649,56501.1,56573,193.95
1637776800000,56572.9,56947.9,56533.7,56881,734.95
1637777700000,56849.6,57122.9,56831.2,56979.3,376.09
1637778600000,56979.3,57004.1,56666.9,56675.4,361.59
1637779500000,56682.5,56819.8,56682.5,56803.3,148.04
1637780400000,56803.4,56878.1,56592.2,56645.5,205.25
1637781300000,56645.5,56875.6,56629.9,56756.5,124.53
1637782200000,56756.5,56896.9,56691.9,56734.8,119.18
1637783100000,56734.8,56895.7,56706.7,56846.5,168.65
1637784000000,56846.5,56959,56742.5,56890.5,195.72
1637784900000,56900,57200,56848.2,57111.3,271.79
1637785800000,57114.1,57235.1,56934.3,57080.6,391.4
1637786700000,57090.8,57440.8,56989.8,57418.5,563.24
1637787600000,57412.5,57480.1,57194.3,57295.3,719.88
1637788500000,57283,57448.3,57224.1,57263.5,147.44
1637789400000,57263.6,57426.6,57263.6,57328,207.85
1637790300000,57328.1,57409.6,57298.1,57320.2,200.68
1637791200000,57325.8,57447.8,57216.6,57226.5,202.76
1637792100000,57220.5,57322.4,57135.8,57179.9,152.24
1637793000000,57180,57210.7,57029.5,57049,115.14
1637793900000,57048.9,57090.6,56833.4,57008.7,296.17
1637794800000,57008.8,57124.8,56995.9,57099.4,648.02
1637795700000,57096.9,57113.5,56967.6,57036,190.76
1637796600000,57036.4,57233.2,56987.2,57159.1,208.38
1637797500000,57159.1,57239.5,57102.8,57143,123.91
1637798400000,57142.9,57448.9,57114.1,57272.7,671.56
1637799300000,57272.7,57515.5,57211.1,57463.4,448.81
1637800200000,57459.3,58060.2,57439.2,58002.8,1265.19
1637801100000,57997.3,58341.6,57950.1,58025.5,1420.78
1637802000000,58025.6,58285.7,57930.8,57938.5,649.23
1637802900000,57938.6,58000,57837,57929.3,413.51
1637803800000,57929.3,58006.3,57861.6,57898,254.35
1637804700000,57898,57898,57744.2,57772.2,437.54
1637805600000,57770,57875.3,57667.1,57736.5,409.32
1637806500000,57736.5,57767.4,57536,57625.5,545.73
1637807400000,57625.5,57654.4,57540.8,57637.8,419.37
1637808300000,57627,57761,57550,57749.6,284.23
1637809200000,57749.7,57811,57641.5,57688.4,246.37
1637810100000,57688.3,57750,57592.8,57687.3,194.31
1637811000000,57691.9,57771.7,57639.1,57729.4,152.56
1637811900000,57729.3,57774.7,57630.2,57761,134.72
1637812800000,57761,57835.2,57609.5,57620.8,312.54
1637813700000,57620.8,57630,57223.2,57366.4,793.24
1637814600000,57366.4,57416.4,57180,57295.5,762.79
1637815500000,57295.4,57310,57222.2,57259.3,234.23
1637816400000,57258.6,57307.9,57170.8,57256.8,338.87
1637817300000,57256.7,57289.3,57122,57188.9,309.05
1637818200000,57189,57219.5,57033.1,57116.5,391.38
1637819100000,57116.5,57167.8,57038.7,57134.6,335.79
1637820000000,57134.5,57342.1,57113.3,57274.3,412.14
1637820900000,57275,57350,57218.1,57240.3,275.25
1637821800000,57240.3,57260,57188,57209.5,110.83
1637822700000,57209.4,57365.9,57200,57278.1,214.82
1637823600000,57279.8,57500,57279.8,57428,265.82
1637824500000,57428.1,57647,57400.9,57490.6,461.81
1637825400000,57490.6,57700,57490.6,57666.5,405.7
1637826300000,57666.5,57666.6,57531.6,57635.6,230.35
1637827200000,57635.7,57919.6,57635.7,57879.3,486.2
1637828100000,57879.3,57919.4,57682.4,57692.9,407.91
1637829000000,57692.9,57814.9,57677.1,57724.3,182.72
1637829900000,57727.1,57727.1,57567.2,57582,276.02
1637830800000,57582,57584.2,57392.4,57480,139.69
1637831700000,57475.5,57495,57351.5,57461.5,258.49
1637832600000,57461.6,57612.1,57461.6,57562.2,171.22
1637833500000,57568,57824.3,57465.9,57768.7,427.02
1637834400000,57768.8,58437.5,57732.1,58378.1,1248.51
1637835300000,58379.3,58506.3,57987.8,58259,1345.24
1637836200000,58258.9,58317,58002.3,58137.5,724.27
1637837100000,58143.5,58189.3,57920.2,58009.8,532.42
1637838000000,58009.9,58080.8,57868,57968.8,469.79
1637838900000,57968.7,58101,57919.8,57948.2,362.42
1637839800000,57940.9,57959.9,57889.4,57913,243
1637840700000,57917.1,58069.5,57908,58035,231.17
1637841600000,58038.7,58389.1,57938,58341.8,660.75
1637842500000,58340,58391.3,58222.1,58276.4,1698.47
1637843400000,58277.7,58461.5,58277.7,58360.4,1443.46
1637844300000,58355.8,58734.9,58321.9,58660.9,1156.42
1637845200000,58669.3,58777,58438,58457.8,725.31
1637846100000,58457.8,58873.8,58438,58807.2,778.35
1637847000000,58808.9,58860.4,58630.3,58694.1,469.43
1637847900000,58694,58704.5,58470.5,58568.8,421.64
1637848800000,58568.9,58612,58483.6,58585.8,194.71
1637849700000,58589.9,58659.8,58470.5,58656.7,249.3
1637850600000,58656.6,58754.2,58509,58587.7,298.07
1637851500000,58580.8,58821.1,58552.1,58733,367.86
1637852400000,58733.3,58980,58731.7,58742.9,629.93
1637853300000,58738.5,58789.7,58631,58650,329.05
1637854200000,58650,58846.2,58600,58695.7,335.14
1637855100000,58695.7,59229.2,58671.8,59082.9,1390.7
1637856000000,59083,59382.7,59082.9,59279.9,1217.09
1637856900000,59279.9,59440.4,59080,59091.7,1060.63
1637857800000,59103.8,59146.4,58849.1,58981.5,1105.03
1637858700000,58996,59102.3,58933.3,59007.2,224.41
1637859600000,59000.6,59184.4,59000.6,59149.6,275.28
1637860500000,59149.6,59274.5,59004.1,59160.2,504.49
1637861400000,59160.2,59255,59063.8,59255,268.67
1637862300000,59254.9,59303.9,59170,59178.1,99.28
1637863200000,59178.1,59242.6,59135.8,59242.6,128.62
1637864100000,59246,59276.3,59074.4,59074.4,210.21
1637865000000,59074.3,59234.1,59033.7,59164.8,176.57
1637865900000,59164.7,59180.4,59083.1,59119.6,49.42
1637866800000,59139.3,59283,59112.9,59246.8,130.73
1637867700000,59246.8,59250,58715.1,58771.9,374.89
1637868600000,58772.2,59069.6,58763.7,58814.4,237.65
1637869500000,58808.2,58926.6,58762.6,58892.2,119.43
1637870400000,58892.3,59055.5,58863.6,58953.1,139.75
1637871300000,58953.2,59083.5,58853.6,59033.3,149.95
1637872200000,59027.8,59120,58965.1,59002.6,110.22
1637873100000,59002.6,59059.5,58832,58887.8,100.76
1637874000000,58876.4,59068.8,58836.7,59054.3,133.26
1637874900000,59055.8,59055.9,58957,58957.1,50.08
1637875800000,58957,58957,58735.9,58762.3,283.17
1637876700000,58760.6,58859.7,58742,58833.2,148.29
1637877600000,58843.3,58883.2,58622.1,58641,408.14
1637878500000,58641,58814.3,58508.1,58744,245.09
1637879400000,58728.1,58868.6,58728.1,58810,61.1
1637880300000,58810.1,58899.5,58776.9,58896.5,71.73
1637881200000,58896.6,59347.2,58896.5,59150.9,454.82
1637882100000,59150.9,59197.5,59015.7,59139.8,134.32
1637883000000,59139.7,59141.4,58850.1,58868.5,227.63
1637883900000,58868.1,58968.3,58810.9,58968.3,217.39
1637884800000,58969,59168.3,58937.8,59079.2,467.54
1637885700000,59082.6,59174.8,58739.7,58866.4,712.84
1637886600000,58869.1,59112.1,58852.5,58985.4,344.52
1637887500000,58985.4,59002.1,58673.5,58734.4,588
1637888400000,58734.3,58843.7,58655,58697.7,303.72
1637889300000,58697.7,58919.5,58667.7,58909.9,344.59
1637890200000,58897.4,58902.9,58644.2,58674.7,259.43
1637891100000,58674.8,58745.9,58620.1,58642,274.51
1637892000000,58637.9,58669.3,58500,58624,385.5
1637892900000,58624.1,58660,58306.4,58414.6,517.09
1637893800000,58414.6,58505.7,58345,58460.1,274.44
1637894700000,58460.1,58552.3,58191,58232.6,571.43
1637895600000,58232.7,58237.7,58086,58160.7,575.21
1637896500000,58160.7,58257,58080,58130.6,457.71
1637897400000,58130.6,58208.8,58068.8,58132.8,231.7
1637898300000,58126,58144.2,57894.1,57955.2,711.58
1637899200000,57955.1,58048.5,57800,57991.4,595.99
1637900100000,57987.3,58044,57878.5,57920.5,454.91
1637901000000,57921.4,57938.6,57705.1,57758.4,572.92
1637901900000,57756.5,57895.8,57710,57860.5,346.02
1637902800000,57860.6,57900,57664.1,57690.1,354.25
1637903700000,57690.1,57730,57505,57642.7,739.09
1637904600000,57642.7,57819.3,57579.3,57752.2,323.55
1637905500000,57752.3,57878.8,57658.3,57862.3,328.45
1637906400000,57867.3,57947,57770.6,57893.5,349.31
1637907300000,57893.4,57908.1,57625.7,57719.9,405.1
1637908200000,57719.9,57732.3,57589.2,57626.8,205.38
1637909100000,57627.4,57710.9,57453.4,57614.2,529.37
1637910000000,57609.5,57676.5,57500,57604.9,341.31
1637910900000,57604.9,57632,57501,57514,404.27
1637911800000,57513.9,57524.3,57000,57000.6,1731.48
1637912700000,57000,57186.6,56658,56955.6,2327.62
1637913600000,56951.4,56959.7,56507.1,56783.8,1748.71
1637914500000,56783.2,56783.2,55395.1,55901.7,6968.13
1637915400000,55901.7,56178.6,54716.3,55413.1,4100.44
1637916300000,55413.2,55433.4,54300,55188.9,4307.98
1637917200000,55197.4,55380,54750.2,55248.9,2233.61
1637918100000,55262,55487,54948.7,54985.5,1391.47
1637919000000,54977.8,55140,54567.4,55127.8,1595.6
1637919900000,55127.8,55193.9,54584.8,54852.2,1071.18
1637920800000,54865.8,54899.9,54518.3,54715.8,1216.51
1637921700000,54721.2,54743.8,54650.6,54689.5,52.59
1637922600000,54650.7,54770.2,54595.3,54638.6,67.27
1637923500000,54618,54618,54605.1,54610,0.26
1637924400000,54610,54610,54610,54610,0
1637925300000,54610.1,54745.8,54510,54700.1,422.67
1637926200000,54700.1,54859.4,53951.7,54125.7,1543.24
1637927100000,54125.7,54220,53555,53695,1808.22
1637928000000,53695,53961,53467.6,53687.1,1822.87
1637928900000,53685.1,54266.7,53685,54138,2056.71
1637929800000,54149.9,54360,53922,54020,832.49
1637930700000,54027.7,54280,53890,54273.6,571.32
1637931600000,54280,54323.1,53987.3,54013.7,478.52
1637932500000,54013.6,54240.7,53966,54156.5,381.87
1637933400000,54153.4,54310,54119.8,54259.9,292.08
1637934300000,54259.9,54595.9,54213,54562.8,804.62
1637935200000,54562.7,54574,54270,54434.5,648.62
1637936100000,54434.5,54775.1,54352.1,54696.1,677.41
1637937000000,54696.1,54810,54558.5,54559.9,764.06
1637937900000,54560,54666,54360.4,54600.1,792.96
1637938800000,54610,54610,54412.9,54434.1,329.2
1637939700000,54436.3,54475.4,54189.5,54378.7,841.59
1637940600000,54378.7,54500,54274,54404.5,338.43
1637941500000,54404.5,54469.4,54289,54315.1,295.06
1637942400000,54315,54388,54155.8,54198.7,722.2
1637943300000,54198.6,54353.6,54023.9,54353.6,609.74
1637944200000,54353.6,54493.1,54265.4,54379,689.46
1637945100000,54379,54570,54280,54280,505.6
1637946000000,54280,54470.1,54231.2,54437.6,402.45
1637946900000,54437.7,54536,54119.8,54335.1,456.49
1637947800000,54335.1,54645,54335.1,54576,341.01
1637948700000,54576.1,54585.4,54205.1,54250,589.82
1637949600000,54250,54266.8,54150,54216.8,201.61
1637950500000,54216.7,54315.9,53926,53967.1,336.24
1637951400000,53967,54335.3,53926.7,54303.7,268.02
1637952300000,54303.7,54318,54088.1,54104.5,126.12
1637953200000,54100,54256.7,54001.2,54223.8,137.35
1637954100000,54223.7,54329.5,54184.1,54270.3,85.11
1637955000000,54290.6,54377.9,54230.6,54313.5,75.49
1637955900000,54303.2,54441.6,54303.2,54358.7,102.64
1637956800000,54343,54343,54228.8,54267.9,83.32
1637957700000,54268,54410.9,54232.3,54410.8,47.39
1637958600000,54403.4,54467.4,54267,54296.3,91.48
1637959500000,54285.7,54578.6,54275.5,54518.3,101.95
1637960400000,54521.5,54578.1,54347.6,54351.1,113.51
1637961300000,54351,54404.3,54270.1,54323.7,91.88
1637962200000,54323.7,54419.8,54311.3,54404.9,25.07
1637963100000,54404.8,54404.8,53984.3,53988.2,317.37
1637964000000,53993.5,54409.7,53818.8,54275.9,685.66
1637964900000,54292.1,54306.5,54151.6,54216.1,70.31
1637965800000,54216.2,54281.7,54186.6,54186.6,30.48
1637966700000,54177.7,54239.7,53986.1,54092.1,275.98
1637967600000,54088.6,54223.6,54020,54120,171.86
1637968500000,54117.6,54186.6,53674.4,53681,369.64
1637969400000,53690.7,54006.6,53593.3,53657.6,625.5
1637970300000,53646,53872.2,53533.3,53760.1,606.67
1637971200000,53753.5,54409.2,53620.6,54321.2,771.94
1637972100000,54321.2,54491.2,54086,54360,382.31
1637973000000,54345.8,54619.9,54253.7,54462.8,558.81
1637973900000,54462.8,54474.7,54092.1,54096.3,507.1
1637974800000,54096.2,54240,53920.2,53923.3,267.06
1637975700000,53923.4,54175.3,53923.3,54174.4,274.49
1637976600000,54174.5,54330.6,54126.6,54231.1,210.37
1637977500000,54231.1,54306.6,54124.8,54167.4,261.9
1637978400000,54160.7,54359.3,54160.7,54265.8,182.45
1637979300000,54271.5,54426.4,54125.5,54426.3,183.15
1637980200000,54426.4,54512,54336.7,54429.7,284.05
1637981100000,54429.1,54442.7,54309.2,54379,167.82
1637982000000,54378.9,54507.5,54267.7,54503.1,149.63
1637982900000,54503.2,54599.5,54468,54546.6,295.33
1637983800000,54546.7,54596.4,54422.8,54439.2,224.29
1637984700000,54439.3,54500,54300.9,54345.3,193.92
1637985600000,54345.3,54425.7,54288.4,54305,223.51
1637986500000,54303,54541.3,54255.4,54401.3,297.38
1637987400000,54401.2,54570,54401.2,54512.9,231.62
1637988300000,54512.9,54585,54426.7,54467.3,140.85
1637989200000,54467.4,54540.2,54368.9,54399.8,121.1
1637990100000,54398.4,54475.4,54381.6,54385.9,116.79
1637991000000,54386,54486.6,54385,54436.9,94.37
1637991900000,54432.9,54487.9,54226.7,54229.3,252.21
1637992800000,54229.4,54449.9,54192.9,54421,285.64
1637993700000,54410.7,54473.4,54252.9,54260.4,165.75
1637994600000,54260.4,54358.1,54218.6,54350,146.79
1637995500000,54350,54417.1,54203.4,54240,136.16
1637996400000,54240.1,54388.2,54217.8,54388.2,228.45
1637997300000,54388.2,54391,54246.6,54309.9,107.18
1637998200000,54290.5,54361.6,54274.7,54355,64.17
1637999100000,54354.9,54447.7,54331.9,54378.9,250.35
1638000000000,54379,55107.3,54379,55014.1,1342.03
1638000900000,55014,55198.4,54668.5,55077.6,1400.72
1638001800000,55077.6,55278.6,55066.5,55095.1,825.12
1638002700000,55095,55123,54979,55043.9,338.12
1638003600000,55044,55163.4,55014.8,55100,249.06
1638004500000,55100,55119.1,54820.1,54820.1,372.97
1638005400000,54820,54946.5,54753.6,54858.1,344.18
1638006300000,54858,54858,54571.9,54578.8,584.74
1638007200000,54578.9,54659.1,54284.7,54409.9,706.6
1638008100000,54409.9,54767.5,54385.9,54690.7,594.62
1638009000000,54690.8,54833.5,54589.2,54797.8,459.7
1638009900000,54795.2,54898.9,54700,54709.3,223.28
1638010800000,54709.4,54936.5,54709.4,54936.5,236.39
1638011700000,54936.5,54960,54767.1,54848.1,200.28
1638012600000,54848,54848,54583.5,54652.8,296.33
1638013500000,54652.9,54699,54517.8,54602.1,204.21
1638014400000,54602.1,54730.2,54501.9,54729.5,293.74
1638015300000,54724.6,54724.6,54490.8,54609.2,274.24
1638016200000,54615.8,54834.9,54577.2,54734.4,277.99
1638017100000,54734.5,54813.3,54696.2,54712,136.24
1638018000000,54709.9,54920,54655,54858.8,303.9
1638018900000,54858.9,55019.2,54850,54906.3,381.23
1638019800000,54903.5,55173,54899.8,55139,456.49
1638020700000,55139,55200,54950,54976,511.07
1638021600000,54971.6,55243.1,54940,55161.6,420.71
1638022500000,55160.1,55218.3,54909.9,55006.1,466.91
1638023400000,55006.1,55006.1,54864.6,54916.8,254.95
1638024300000,54923.6,54937.9,54700,54720.3,392.12
1638025200000,54732.7,54846.5,54619.2,54794.4,357.59
1638026100000,54794.5,54909,54730.8,54811,185.36
1638027000000,54805.2,55019,54764.8,55012.5,238.29
1638027900000,55012.6,55012.6,54868.8,54900.1,150.05
1638028800000,54900.1,55117,54802.7,55104.5,386.4
1638029700000,55104.5,55148.7,54940,54979.4,248.75
1638030600000,54979.4,55223.7,54924.8,55133.4,272.58
1638031500000,55133.4,55198,54825,54914.3,220.71
1638032400000,54908.9,55051.8,54851.5,54991.5,200.16
1638033300000,54995.9,55110.7,54958.1,55028.7,147.28
1638034200000,55034.6,55082,54825,54846.5,153.63
1638035100000,54838,54956.2,54835.5,54886.9,179.82
1638036000000,54886.8,54901.8,54632.8,54718.9,364.56
1638036900000,54720.3,54806.4,54680,54787.5,122.43
1638037800000,54787.4,54948.9,54719.3,54920.8,158.13
1638038700000,54920.7,55042.8,54819.7,54967.7,191.84
1638039600000,54967.6,54991,54862,54948.1,63.38
1638040500000,54951.9,54984.3,54841.1,54899,56.25
1638041400000,54878.2,54979.9,54863.6,54922,65.83
1638042300000,54922.1,55000,54894.4,54948.7,88.58
1638043200000,54948.6,55074.7,54920.8,55073,202.28
1638044100000,55070,55070,54973,54975.7,65.34
1638045000000,54975.7,54976.4,54281.2,54425.3,896.62
1638045900000,54425.3,54511,54122,54257.5,509.32
1638046800000,54255.9,54364.6,54025,54124,275.38
1638047700000,54123.9,54308.9,54011.1,54175.1,295.14
1638048600000,54175.1,54423.2,54169.5,54278.8,291.24
1638049500000,54287.6,54669.8,54287.6,54565.4,245.99
1638050400000,54565.3,54727.8,54555.5,54722.6,302.85
1638051300000,54728.4,54728.9,54503.5,54662.1,154.32
1638052200000,54662,54884.6,54650.4,54778.2,136.75
1638053100000,54778.2,54985,54729.6,54843.3,186.25
1638054000000,54843.6,54890.3,54762.1,54803.3,139.84
1638054900000,54803.3,54819.2,54605.5,54659.1,178.41
1638055800000,54663.4,54671.5,54532.9,54557.4,123.53
1638056700000,54557.4,54835.8,54368.4,54736,310.08
1638057600000,54726.6,54824.5,54542.3,54664.4,355
1638058500000,54666.5,54798,54500,54522,178.33
1638059400000,54522.1,54548,54276.8,54486.6,297.71
1638060300000,54486.6,54832.4,54486.6,54689.3,477.59
1638061200000,54689.3,54743.7,54478.6,54506.4,192.15
1638062100000,54506.3,54603.9,54439.4,54500.8,214.51
1638063000000,54504.9,54510.2,54182.8,54240,462.73
1638063900000,54236.3,54284.1,54128.9,54248.9,377.46
1638064800000,54248.9,54347.3,54143.1,54307.5,342.05
1638065700000,54302.2,54364.5,54150,54190.8,266.66
1638066600000,54190.8,54196.1,53691.1,53856.7,1471.88
1638067500000,53856.7,54392.6,53837.9,54368.6,886.75
1638068400000,54368.6,54435.9,54262.5,54271.3,452.07
1638069300000,54271.3,54426.6,54228.2,54273,289.64
1638070200000,54269.3,54299,54075.3,54119.7,341.95
1638071100000,54119.6,54266.8,54055.7,54146.1,264.58
1638072000000,54150,54220.2,53980.1,54003.9,232.41
1638072900000,54003.9,54220.3,53969,54138.7,219.35
1638073800000,54138.7,54232.3,54037.5,54065.5,161.55
1638074700000,54053.5,54087.3,53945.7,54078.2,329.93
1638075600000,54078.3,54318.5,54000.1,54247,356.54
1638076500000,54248.1,54365.9,54161.4,54242.4,257.9
1638077400000,54242.5,54338.3,54167.6,54247.7,117.15
1638078300000,54247.6,54399.6,54247.6,54390.6,160.55
1638079200000,54390.6,54412.7,54200.1,54229.6,124.21
1638080100000,54229.5,54395,54188,54395,170.99
1638081000000,54395,54465.8,54329.2,54424.7,332.95
1638081900000,54424.7,54613.3,54424.6,54496.1,414.59
1638082800000,54496.2,54546.6,54428,54498.9,204.72
1638083700000,54499,54570.9,54414.3,54495.7,467.05
1638084600000,54495.7,54579,54460,54515,213.26
1638085500000,54515,54645.9,54474.8,54524.3,224.55
1638086400000,54514.2,54630,54421.1,54626.9,184.56
1638087300000,54626.8,54686,54440,54440.1,360.12
1638088200000,54440.1,54478.8,54257.2,54358,323.9
1638089100000,54358,54414.5,54241.6,54414.5,263.88
1638090000000,54414.6,54487.9,54307.1,54308.6,286.12
1638090900000,54308.6,54313.1,54145.8,54217.6,398.11
1638091800000,54217.6,54343.5,54200,54311.9,168.6
1638092700000,54312,54365.1,54246.7,54346.3,118.69
1638093600000,54346.2,54352.3,54201.3,54349.9,135.57
1638094500000,54349.9,54354.8,54243.6,54303.1,119.71
1638095400000,54303,54470,54303,54452.1,220.16
1638096300000,54452,54942.9,54452,54725.1,1165.71
1638097200000,54725.1,54874.4,54551.1,54577.3,558.8
1638098100000,54577.3,54688,54529.7,54666.1,240.35
1638099000000,54666.1,54671.6,54476,54482.7,260.11
1638099900000,54482.7,54578.9,54440.9,54500.1,192.09
1638100800000,54500.1,54636,54450,54636,223
1638101700000,54636,54640,54288,54357.8,372.33
1638102600000,54357.8,54435.8,54311.8,54368.8,255.35
1638103500000,54368.8,54484.5,54332,54364.8,303.36
1638104400000,54360.4,54400,54259.2,54287.9,187.86
1638105300000,54279,54349.5,54234.6,54313.6,209.78
1638106200000,54313.6,54347.3,54235.4,54240.2,153.88
1638107100000,54240.1,54335.1,54222,54288.8,115.45
1638108000000,54288.8,54360.3,54086.8,54140.6,366.34
1638108900000,54140.6,54563,54033,54381,573.21
1638109800000,54369.1,54500,54268.2,54280,201.68
1638110700000,54280,54389,54238,54369.7,105.86
1638111600000,54369.6,54409.9,54280,54280.1,82.39
1638112500000,54280.1,54323.9,54188.5,54224.6,199.47
1638113400000,54224.6,54371.7,54203.1,54371.7,148.88
1638114300000,54371.6,54447.5,54289,54297.3,98.38
1638115200000,54297.4,54373.8,54126.6,54184.2,226.01
1638116100000,54184.1,54284.9,54060,54071.4,396.84
1638117000000,54071.5,54151.3,53990.8,53993.1,413.66
1638117900000,53993,54221.4,53958.1,54199.5,336.53
1638118800000,54199.6,54258.2,54113.6,54232.5,138.01
1638119700000,54232.5,54323.8,54069.1,54069.1,279.78
1638120600000,54069.1,54111.8,53785,53857.6,663.84
1638121500000,53857.7,54027.6,53800,53901.7,329.92
1638122400000,53901.7,54000,53870.1,53914.6,150.43
1638123300000,53914.5,53957.5,53708,53708.1,392.19
1638124200000,53708,54058.9,53259.4,53815.3,2184.99
1638125100000,53815.2,54187,53815.2,54110.6,1119.82
1638126000000,54122.3,54702.4,54054.4,54622.2,1011.15
1638126900000,54610.5,54662.9,54437.7,54500.7,291.91
1638127800000,54500.7,54925.8,54500.7,54668.9,624.18
1638128700000,54669,54830,54566.1,54623,312.62
1638129600000,54632,54839.4,54632,54815.6,199.22
1638130500000,54813.4,54834.8,54641.2,54793.2,267.52
1638131400000,54799.9,55150,54799.9,54893.6,639.55
1638132300000,54893.6,54991.5,54853.3,54924.7,277.35
1638133200000,54924.7,55043.2,54872.3,54947.9,158.3
1638134100000,54948,55845,54948,55775,1317.02
1638135000000,55775,55958.1,55650,55823.6,962.38
1638135900000,55823.6,56423,55749.1,56299,1565.58
1638136800000,56298.9,56731.2,56281.6,56513.1,1162.37
1638137700000,56513.1,56756.8,56196.7,56333.8,603.93
1638138600000,56334,56438,56192.4,56238.1,249.3
1638139500000,56231.6,56404.6,56039.2,56053,352.24
1638140400000,56059.7,57318,56059.7,57008.7,2471.26
1638141300000,57008.7,57420,57008.7,57286.8,1374.68
1638142200000,57286.9,57459.4,57128,57140.5,729.91
1638143100000,57140.4,57328.4,57073,57300.1,412.39
1638144000000,57300.1,57530.9,57220.3,57347.8,1302.84
1638144900000,57360.7,57836,57155.2,57793.3,1334.79
1638145800000,57799.1,58000,57614.2,57616.2,1434.68
1638146700000,57616.2,57819.2,57480.1,57777.6,715.12
1638147600000,57777.7,58270,57666,57818.1,1854.24
1638148500000,57812,57901.8,57623.9,57720.8,731.43
1638149400000,57723.4,57767,57567,57655.2,300.07
1638150300000,57655.2,57699.4,57553.1,57673.6,268.7
1638151200000,57673.6,57739.7,57566.3,57616,253.32
1638152100000,57611.1,57688,57506.1,57527.6,250.45
1638153000000,57527.7,57611.2,57460,57466.4,314.81
1638153900000,57466.4,57533.5,57320.5,57355.5,492.89
1638154800000,57355.7,57426.5,57329.9,57350.8,255.79
1638155700000,57342.8,57399.9,57210.8,57366.5,297.93
1638156600000,57366.5,57425,57266.2,57279.9,245.31
1638157500000,57280,57445,57275.1,57370.6,227.75
1638158400000,57370.6,57647.3,57360.9,57512.2,753.97
1638159300000,57512.2,57512.2,57311.9,57330,172.13
1638160200000,57330,57500,57318,57429.8,141.56
1638161100000,57435.1,57486.6,57250,57267.2,265.65
1638162000000,57267.3,57300.5,57233,57251.1,129.04
1638162900000,57251.1,57332.2,57251.1,57258.7,158.21
1638163800000,57258.7,57326.5,57226.3,57318,166.43
1638164700000,57318,57400,57280.1,57336.7,193.91
1638165600000,57336.8,57498.8,57336.7,57429.9,263.75
1638166500000,57430,57472,57349.4,57472,126.37
1638167400000,57472,57497.1,57341.7,57416.9,127.42
1638168300000,57416.9,57500,57366.7,57427.4,208.21
1638169200000,57427.5,57583.1,57391.2,57566,482.47
1638170100000,57566,57666,57480,57655,298.46
1638171000000,57655,57662,57479.3,57500,229.13
1638171900000,57499.9,57543.1,57445.6,57521.3,214.37
1638172800000,57509.5,57619.4,57320,57376.4,369
1638173700000,57383.3,57436.7,57220.8,57230,486.65
1638174600000,57225.2,57371.8,57204.7,57233.6,182.28
1638175500000,57233.5,57310.6,57227.3,57257.4,161.4
1638176400000,57257.3,57388,57240.1,57335.7,245.19
1638177300000,57335.7,57415.1,57310,57310,90.11
1638178200000,57310.1,57366.5,56816.5,56816.5,1059.94
1638179100000,56816.5,57015.3,56700,56895.6,854.41
1638180000000,56895.6,56972.5,56833.8,56899,403.87
1638180900000,56898.9,57411,56870,57368,744.18
1638181800000,57368,57401.2,57138.3,57159.8,545.42
1638182700000,57159.8,57306.6,57091.1,57190.7,299.82
1638183600000,57181.5,57315.4,57181.5,57235.5,104.31
1638184500000,57245.5,57248.3,57066.6,57070.3,352.93
1638185400000,57070.3,57153.1,56935.6,56974.8,243.16
1638186300000,56974.9,57125.5,56888.6,56913.4,285.36
1638187200000,56913.3,57101.3,56888.1,57031.9,371.54
1638188100000,57031.9,57117.3,56890,56925.6,362.99
1638189000000,56924.8,57082.6,56924.8,56993.1,189.17
1638189900000,56993.1,57014.8,56860.2,56920.3,222.63
1638190800000,56909.7,57200,56874.2,57172.2,559.74
1638191700000,57172.3,57316.7,56992.4,57000,618.28
1638192600000,57000,57514.8,57000,57358.3,736.39
1638193500000,57365.3,57483.1,57229.4,57298.2,418.35
1638194400000,57280.2,57409.2,57172.1,57215.4,293.92
1638195300000,57215.4,57279.9,57130,57141.4,286.84
1638196200000,57136.3,57156.9,57020,57103.6,327.79
1638197100000,57103.5,57110.3,56940.6,57037.5,383.84
1638198000000,57037.5,57094.1,56869.9,56880.7,342.7
1638198900000,56871.3,57074.3,56871.3,56952.8,191.3
1638199800000,56952.8,57005,56828.7,56949.2,349.64
1638200700000,56949.1,57131,56931.3,57117.6,279.32
1638201600000,57117.7,57180,57013,57060.9,358.12
1638202500000,57062,57080,57006.2,57062.7,139.66
1638203400000,57062.6,57197,57037.7,57188.4,254.42
1638204300000,57182.4,57522.1,57158,57493.6,918.56
1638205200000,57493.6,57988,57440,57967.8,973.3
1638206100000,57967.9,58691.5,57899.2,58571,2122.93
1638207000000,58571.1,58789.8,58563.5,58649,842.64
1638207900000,58649.1,58719.9,58525,58640.5,493.99
1638208800000,58640.6,58734.5,58514.9,58620.2,385.26
1638209700000,58620.2,58887,58582.8,58638.1,515.99
1638210600000,58638,58760.2,58517.1,58685.1,375.58
1638211500000,58682,58733.3,58626.7,58664.7,127.19
1638212400000,58664.7,58689.8,58232.5,58308,442.11
1638213300000,58303.5,58393.1,58145.7,58172.5,269.82
1638214200000,58172.5,58266.6,57997.7,58053.2,356.59
1638215100000,58053.3,58111.3,57815.6,57904.7,334.79
1638216000000,57904.7,58014.6,57735,57930.3,297.57
1638216900000,57930.3,58063.1,57866,58044.4,158.91
1638217800000,58033.1,58260.2,57958.4,58260.2,171.68
1638218700000,58260.3,58266.1,58033.6,58046.6,93.89
1638219600000,58048.8,58266.5,58000.1,58236.2,148.6
1638220500000,58236.2,58378.7,58222.3,58329.8,169.26
1638221400000,58329.8,58362.7,58173.9,58197.9,110.66
1638222300000,58197.9,58440.1,58181.2,58288.6,163.04
1638223200000,58288.6,58386.1,58242,58272.9,98.21
1638224100000,58272.9,58338,58151.9,58233.1,113.76
1638225000000,58231.6,58245.6,58155.9,58168.4,64.38
1638225900000,58168.4,58231.8,58046.4,58078.7,102.33
1638226800000,58078.6,58117.5,57831.5,57929,303.21
1638227700000,57931.1,58043.5,57890,58017.9,173.44
1638228600000,58027.4,58040.1,57789,57833.3,257.56
1638229500000,57833.4,57915,57688.1,57803.9,375.11
1638230400000,57803.9,57933,57540,57910.3,792.44
1638231300000,57910.4,57989.8,57734.9,57832.5,383.01
1638232200000,57832.6,57924.4,57538,57720.4,411.71
1638233100000,57720.4,57733,57555,57719.9,316.9
1638234000000,57719.9,57810,57420.4,57440.8,882.28
1638234900000,57440.7,57480.1,57023.4,57146.4,876.32
1638235800000,57146.4,57350.7,57144.4,57308.3,479.63
1638236700000,57308.3,57388,57202,57310.9,276.47
1638237600000,57289.8,57460,57258.4,57432.3,232.06
1638238500000,57430.6,57540,57341.2,57400,199.34
1638239400000,57404.4,57440,57282.1,57366.1,193.1
1638240300000,57366.1,57399.6,57306.5,57350,104.25
1638241200000,57358.3,57412.6,57238,57330.9,160.45
1638242100000,57330.9,57358.7,57175,57193.4,244.42
1638243000000,57193.4,57261,56768,56864.7,1121.02
1638243900000,56864.8,57130.1,56864.8,57113.5,331.89
1638244800000,57113.5,57266.4,57009.1,57247.9,313.15
1638245700000,57247.9,57286.6,57052.4,57168.2,225.52
1638246600000,57168.1,57215.6,57068,57128.9,114.79
1638247500000,57134.7,57231.1,57089.1,57203,170.5
1638248400000,57203,57295.8,57061.5,57085.3,195.35
1638249300000,57085.3,57147.7,56812.2,56832.7,520.67
1638250200000,56825.7,56917.9,56540.7,56608.1,929.07
1638251100000,56608.2,56700,56269.1,56308.2,1410.28
1638252000000,56306.1,56383.6,56082.7,56134.9,1620.19
1638252900000,56134.9,56337.4,55888,56318.9,1319.8
1638253800000,56319,56416.1,56214.7,56342.1,540.96
1638254700000,56342,56558,56333.1,56527.7,464.37
1638255600000,56527.7,56762.3,56444,56570.4,710.88
1638256500000,56576.9,56623.8,56379,56483.2,474.7
1638257400000,56483.1,56511,56206.6,56212.8,337.55
1638258300000,56212.8,56571.2,56212.8,56510.8,315.83
1638259200000,56510.8,56608.6,56252,56482.4,625.02
1638260100000,56496.8,56560,56342.8,56539.5,254.75
1638261000000,56539.5,57006.5,56453.8,57006.5,688.24
1638261900000,57006.5,57409.1,56768,56768.1,1778.82
1638262800000,56768,56943.2,56561.1,56690.5,692.05
1638263700000,56690.5,56887.8,56289.3,56460.7,695.27
1638264600000,56470.6,56580.7,56359.9,56472,327.06
1638265500000,56485.4,56843.3,56485.4,56739.3,440.49
1638266400000,56739.2,56914.1,56589.1,56820,419.43
1638267300000,56815.1,56815.1,56646.6,56664.4,165.17
1638268200000,56664.5,56918.4,56650,56889.3,182.05
1638269100000,56889.4,57233.7,56856.3,57149.2,689.27
1638270000000,57149.2,57196.4,56920.7,57045.9,448.98
1638270900000,57062.4,57280,57028.2,57261.4,488.06
1638271800000,57261.4,57728.8,57202.7,57599.8,1156.24
1638272700000,57610.7,57694.5,57349.1,57592.2,845.66
1638273600000,57592.3,58311.3,57580.7,58206.9,1620.78
1638274500000,58207,58257.7,57878,57953.1,1239.48
1638275400000,57953,58176.8,57882.1,58090.5,605.52
1638276300000,58090.4,58133.2,57824.5,57854.1,484.59
1638277200000,57854.1,58250,57609,58214,1390.45
1638278100000,58213.9,58335.4,57937.2,58040.2,846.72
1638279000000,58040.3,58149.6,57866,58059.5,401.02
1638279900000,58062.8,58384.5,58062.8,58343.1,832.2
1638280800000,58352.7,58479.5,58173.8,58234,1165.42
1638281700000,58234.1,58570,58139.4,58350.1,869.61
1638282600000,58356.3,58377.3,58080,58217.1,859.98
1638283500000,58218,58449.1,58130.1,58426,555.46
1638284400000,58426,59080,58350,58814.6,2568.7
1638285300000,58814.6,59170,58616.3,59111.5,2070.17
1638286200000,59123,59234.8,58458.1,58580.1,2001.13
1638287100000,58580.1,58647.6,57104.7,57221.7,3415.6
1638288000000,57224.7,57480.8,56760.4,56870.5,3923.54
1638288900000,56880.9,57418.9,56537,57310.4,2700.71
1638289800000,57305.1,57720.4,56987.1,57035.5,1742.66
1638290700000,57023.1,57163.7,56502,56789.1,1706.75
1638291600000,56789.1,56900,56480.1,56783.7,1134.79
1638292500000,56776.6,57187.4,56766.7,57067.3,683.31
1638293400000,57066.6,57272.3,57023.9,57206.8,482.22
1638294300000,57198.8,57627.5,57165.3,57387,647.36
1638295200000,57378.7,57580.3,57214,57318.3,572.21
1638296100000,57318.4,57553.3,57318.4,57503.7,201.74
1638297000000,57503.7,57876.5,57472.2,57823.1,638.24
1638297900000,57823.2,58395.1,57721.8,58351.4,799.26
1638298800000,58351.5,58370.6,57766.2,57929.8,588.55
1638299700000,57907.7,58026.6,57668.2,57797.2,270.91
1638300600000,57793,57951.9,57477.4,57558.7,788.6
1638301500000,57572.4,57692.2,57380.2,57644.8,381
1638302400000,57645.5,57765.4,57194.3,57351.5,453.97
1638303300000,57344.5,57501.5,57252.6,57416.9,229.32
1638304200000,57396,57655.9,57310.1,57616.1,323.46
1638305100000,57616.2,57753.4,57238.9,57425.1,422.23
1638306000000,57419.7,57704.6,57415.5,57608.9,191.54
1638306900000,57612.4,57777,57298,57308.2,246.3
1638307800000,57300.1,57379.9,56857.4,56914.4,465.15
1638308700000,56893,57245.4,56893,57099,245.46
1638309600000,57093,57292.7,57020.9,57276.2,219.56
1638310500000,57283.8,57536.5,57192.5,57434.5,142.96
1638311400000,57434.6,57444.3,57251,57392.3,72.18
1638312300000,57386.8,57399.3,57170.4,57313.6,106.99
1638313200000,57283.2,57415,57013.2,57100.2,319.09
1638314100000,57100.2,57359.4,57100.2,57247.8,196.04
1638315000000,57247.9,57284.6,57016.3,57139.4,166.34
1638315900000,57139.4,57160,56755,56947,565.56
