ts,open,high,low,close,volume
1627776000000,41449.1,41554.8,41115,41491.4,1442.83
1627776900000,41491.5,41658.7,41424.2,41622.3,353.1
1627777800000,41622.3,41700.6,41543.1,41693,256.57
1627778700000,41692.9,41760.9,41653.3,41728.2,304.28
1627779600000,41733.7,41920,41672.4,41860.3,555.51
1627780500000,41862.5,41934.5,41611.8,41748.1,584.23
1627781400000,41748.1,41773.2,41681.5,41754.4,147.98
1627782300000,41748.7,41782.3,41672.5,41716.6,158.72
1627783200000,41716.6,41744.7,41640,41640,124.39
1627784100000,41640,41724.4,41623.9,41715.4,110.85
1627785000000,41715.4,41748.2,41642,41735,151.71
1627785900000,41735,41830.9,41735,41819.5,175.55
1627786800000,41819.5,41983.5,41819.5,41950.5,529.47
1627787700000,41950.5,42380,41906.9,42269.4,1381.52
1627788600000,42269.4,42445.3,42153,42308.6,961.58
1627789500000,42308.6,42600.1,42217.9,42430,1296.08
1627790400000,42430,42430,42268.7,42400.1,880.01
1627791300000,42400.1,42400.1,42150,42299.9,615.62
1627792200000,42299.9,42314.2,42182.5,42249.7,287.85
1627793100000,42249.7,42300,42035.3,42057.2,401.62
1627794000000,42057.2,42148.9,41674.6,41723.6,1263.26
1627794900000,41727.2,41960.1,41727,41845,745.78
1627795800000,41845,41951.9,41779.4,41868.4,386.89
1627796700000,41868.4,41900.4,41788,41821.7,277.68
1627797600000,41822.5,41854.6,41594.7,41777.8,659.26
1627798500000,41777.9,41830.8,41722.8,41722.9,304.36
1627799400000,41722.8,41827.1,41659.8,41702.9,217.13
1627800300000,41702.9,41777,41702.8,41710.7,162.18
1627801200000,41710.7,41793.9,41700.9,41741.9,129.87
1627802100000,41741.8,41775.2,41565,41766.2,318.8
1627803000000,41758.9,41815.4,41720,41778.5,212.22
1627803900000,41778.4,41795.3,41641.5,41703,171.5
1627804800000,41703,41799.9,41650.5,41734.9,155.65
1627805700000,41736.5,41800,41736.5,41749.8,104.17
1627806600000,41749.9,41826.2,41700.4,41724.8,157.59
1627807500000,41724.8,41769.6,41621.5,41762.6,215.25
1627808400000,41762.6,41931.8,41730.5,41823.6,485.78
1627809300000,41823.6,41948,41823.6,41920,230.92
1627810200000,41920,41957.8,41839.9,41884.6,158.83
1627811100000,41884.6,41918.9,41851.6,41916,110.17
1627812000000,41915.9,41916,41720,41780.3,323.22
1627812900000,41780.3,41801.4,41660.8,41718.8,353.21
1627813800000,41718.9,41749.9,41659.2,41675.1,311.17
1627814700000,41675.1,41703.6,41324,41493.7,953.18
1627815600000,41493.2,41600,41399.9,41430.1,502.92
1627816500000,41430.1,41506.6,41314.5,41431.5,438.94
1627817400000,41431.5,41631.7,41431.4,41580.9,434.38
1627818300000,41580.9,41600.1,41512.5,41587,209.61
1627819200000,41587,41745.7,41539.1,41682.1,323.63
1627820100000,41678.6,41722.8,41635.6,41689.6,218.71
1627821000000,41689.6,41831.7,41663.9,41664.1,299.53
1627821900000,41670.2,41672.6,41544.8,41558.9,193.17
1627822800000,41558.9,41628.5,41500,41512.6,186.92
1627823700000,41508.4,41549.2,41376,41468.5,509.27
1627824600000,41462.5,41566.4,41424.6,41424.7,265.6
1627825500000,41424.7,41498.6,41412.1,41423.1,243.76
1627826400000,41423.2,41521.2,41323.8,41465.7,345.82
1627827300000,41465.8,41496.6,41380,41437,268.39
1627828200000,41437.1,41450,41320,41350,312.2
1627829100000,41350.1,41431.3,41210,41337.1,578.4
1627830000000,41337.1,41412,41260,41363.1,378.21
1627830900000,41363.1,41528.5,41323.9,41499.1,315.78
1627831800000,41496.9,41496.9,41417,41442.8,141.66
1627832700000,41442.7,41442.7,41144.8,41289.3,727.53
1627833600000,41289.4,41300,41068.8,41146.3,829.31
1627834500000,41149.7,41149.7,40731.4,40884.6,2367.34
1627835400000,40880.6,40943.8,40750,40900,721.05
1627836300000,40907.5,41336.1,40887.2,41254.1,1513.22
1627837200000,41254.2,41349.8,41127.7,41145.3,711.86
1627838100000,41145.3,41219.6,40830.2,40954.8,765.97
1627839000000,40954.8,41047.1,40890.1,40960.8,334.15
1627839900000,40960.8,41193.6,40948.3,41089.4,492.54
1627840800000,41089.4,41133.2,40985.7,41020.5,243.79
1627841700000,41020.5,41215,41013.4,41118,387.66
1627842600000,41110.1,41227.7,41079.4,41190,308.52
1627843500000,41189.9,41191.3,40951.7,41073.6,261.43
1627844400000,41073.7,41073.7,40757.9,40840,551.46
1627845300000,40845.4,41279.9,40580,41202.8,1462.51
1627846200000,41202.8,41484.9,41195.2,41422.2,745.11
1627847100000,41422.2,41487.1,41220,41258,449.33
1627848000000,41258,41499.6,41258,41487,532.74
1627848900000,41487.1,41498.1,41213.2,41318.2,637.12
1627849800000,41318.1,41336.3,41095.5,41139.9,577.58
1627850700000,41139.9,41349.9,41139.9,41251.5,208.24
1627851600000,41251.5,41251.5,41050.9,41158,126.12
1627852500000,41158,41229.6,40929.2,41196.7,329.01
1627853400000,41197.2,41318,40978.8,41072.1,229.06
1627854300000,41072.2,41154.4,41034.1,41067.7,91.07
1627855200000,41067.7,41189.3,40937.3,41103,410.52
1627856100000,41102.9,41102.9,40523.2,40559.3,1135.14
1627857000000,40562.2,40562.2,40085,40199,2469
1627857900000,40198.9,40300,39869.8,40239,1112.73
1627858800000,40239,40410.1,40160,40236.8,706.47
1627859700000,40236.9,40325.4,39341.5,39714,3508.88
1627860600000,39713.9,39951.4,39498,39713.5,1365.19
1627861500000,39717.2,40136.8,39713.7,39840.7,835.96
1627862400000,39830.8,40039,39750,40020.4,802.5
1627863300000,40020.3,40087.5,39800,39949.8,371.92
1627864200000,39949.1,39949.1,39540,39639,665.12
1627865100000,39632.9,39736.4,39436.2,39524.9,897.94
1627866000000,39524.8,39699.9,39222,39655.6,1351.6
1627866900000,39642.5,39673.6,39453.6,39643.4,619.34
1627867800000,39637.6,39802.9,39624.8,39700.5,541.98
1627868700000,39700.5,39779.9,39574.5,39610.8,381.17
1627869600000,39610.8,39729.3,39456.4,39530.8,442.23
1627870500000,39530.8,39738.4,39530.7,39636.6,382.01
1627871400000,39636.7,39732.4,39568.1,39716.8,265.31
1627872300000,39716.8,39876.3,39678.9,39781.2,568.96
1627873200000,39776,39921.5,39750,39843.4,487.27
1627874100000,39843.4,39843.4,39731.3,39770.7,265.84
1627875000000,39770.8,39793.5,39681.4,39701.8,279.5
1627875900000,39701.9,39828.7,39701.9,39777,203.52
1627876800000,39777,39803.6,39659.4,39664.2,412.18
1627877700000,39664.9,39825,39612.8,39823.8,522.91
1627878600000,39823.9,39845,39680.4,39713,295.32
1627879500000,39713,39751.9,39637,39664.1,290.93
1627880400000,39664,39757.7,39656.1,39660.1,176.23
1627881300000,39660,39737.2,39572.8,39650.6,256.63
1627882200000,39650.7,39799.8,39638.9,39789.4,374.43
1627883100000,39780.4,39810,39713.5,39715.6,161.02
1627884000000,39715.7,39721.7,39630.6,39643.8,215.37
1627884900000,39643.8,39764.4,39632,39689.9,222.06
1627885800000,39690,40080,39664.3,40029.9,649.12
1627886700000,40029.9,40332.5,39946.1,40256.3,1759.63
1627887600000,40256.4,40497.2,40152,40296.1,944.7
1627888500000,40296.1,40313.8,40166.3,40195.3,538.51
1627889400000,40195.3,40195.4,40020,40029.5,560.5
1627890300000,40029.6,40144,40029.6,40106.6,310.13
1627891200000,40106.5,40170.4,39868,39970.3,753.96
1627892100000,39970.3,39988.6,39572.1,39649.8,1506.68
1627893000000,39643.5,39733.5,39403.5,39583.8,1729.05
1627893900000,39583.8,39672.3,39481,39518.8,623.77
1627894800000,39518.7,39575.3,39263.5,39543.4,1481.01
1627895700000,39543.4,39709.9,39480,39533.8,795.7
1627896600000,39539.8,39603.5,39446.1,39522.4,289.06
1627897500000,39522.5,39688,39468,39624.7,365.38
1627898400000,39624.8,39682.9,39522.5,39651.1,394.18
1627899300000,39651.1,39660,39572.5,39602.5,344
1627900200000,39602.4,39850.7,39591.7,39759.7,567.13
1627901100000,39759.6,39830,39672.3,39706.5,305.2
1627902000000,39701.4,39706.6,39424,39501.9,534.06
1627902900000,39501.9,39585.4,39450.1,39553.4,287.68
1627903800000,39553.3,39617.3,39464.1,39538.3,253.89
1627904700000,39547.5,39574.7,39451,39535.3,176.45
1627905600000,39535.3,39696.1,39037.3,39100,2098.31
1627906500000,39100.1,39352.2,39036,39195.7,1384.65
1627907400000,39195.6,39324,38893.5,39213.1,1746.03
1627908300000,39213.1,39379,39213.1,39268,389.34
1627909200000,39268,39308.4,39151,39206.5,371.85
1627910100000,39206.5,39350,39206.5,39320.4,301.13
1627911000000,39320.4,39555,39320.4,39432.9,647.29
1627911900000,39438.6,39679.2,39417.2,39568.3,496.69
1627912800000,39568.3,39759,39568.3,39586.2,597.12
1627913700000,39586.1,39658.8,39516.5,39590.7,398.99
1627914600000,39590.7,39628.9,39525.3,39585.3,169.13
1627915500000,39585.2,39738.9,39536.1,39622.3,342.46
1627916400000,39622.3,39820.8,39591.9,39778.1,357.65
1627917300000,39778.2,39809.4,39691.3,39734.7,262.08
1627918200000,39734.7,39809.5,39643,39672,377.62
1627919100000,39672.1,39765.2,39672.1,39692.5,203.16
1627920000000,39692.4,39795.4,39576,39751.4,486.68
1627920900000,39751.5,39966.3,39740.4,39916.9,710.99
1627921800000,39916.9,39926,39752,39761,464.61
1627922700000,39761,39819,39624.3,39818.9,388.51
1627923600000,39818.9,39885,39628,39636.3,251.16
1627924500000,39636.3,39786.6,39626,39761,185.5
1627925400000,39761,39813.3,39690.9,39745.8,121.72
1627926300000,39745.8,39753.5,39656,39698.4,155.33
1627927200000,39691.4,39758,39457.5,39567.9,486.42
1627928100000,39567.9,39722.9,39567.9,39703.7,227.4
1627929000000,39703.8,39779,39642.9,39656,108.72
1627929900000,39656,39694.8,39624.1,39639,51.64
1627930800000,39639,39783.9,39639,39662,117.94
1627931700000,39671.9,39717.7,39420,39529.4,521.02
1627932600000,39529.4,39540.2,39279.2,39340,828.36
1627933500000,39339.9,39357.5,38988.6,39169.3,1189.19
1627934400000,39178.4,39261.6,38707.8,38863.6,1560.52
1627935300000,38863.6,39112.4,38726.6,39039.9,938.85
1627936200000,39039.9,39039.9,38701.8,38798,735.76
1627937100000,38797.9,38913,38676.5,38852.3,488.87
1627938000000,38847.3,38978.7,38783.8,38977.1,183.15
1627938900000,38977.2,38978.7,38792,38859,175.88
1627939800000,38859,39320.4,38858.9,39265,301.49
1627940700000,39240.2,39294.3,39179.4,39211.1,154.3
1627941600000,39197.8,39328,39169.6,39298.5,213.13
1627942500000,39298.5,39516.4,39267.5,39399,513.08
1627943400000,39399.1,39519.8,39376.5,39379.2,195.49
1627944300000,39379.3,39459.9,39367,39420,191.02
1627945200000,39420,39542.7,39419.9,39428.5,170.43
1627946100000,39428.6,39454.3,39276.1,39360.1,296.39
1627947000000,39360.2,39443,39326.8,39338.1,195.33
1627947900000,39338.1,39363.1,39070.3,39157.5,316.5
1627948800000,39157.5,39191.7,38761.9,38893.9,914.35
1627949700000,38893.9,39347.2,38790.5,39260.2,908.28
1627950600000,39261.8,39688.8,39261.8,39592.7,868.78
1627951500000,39593.6,39772,39213,39328.1,968.1
1627952400000,39328,39336.3,39021.7,39158.7,775.5
1627953300000,39158.7,39179.9,38928.2,39050,566.5
1627954200000,39050.1,39188.2,38935.3,39040.2,520.23
1627955100000,39043.1,39096.2,38815.6,38834.4,739.28
1627956000000,38834.4,39049,38780,39023,716.4
1627956900000,39023.1,39049.9,38944.2,39022.6,314.52
1627957800000,39021,39094.4,38894,38970.5,326.42
1627958700000,38978.4,39080,38905,38905.1,172.66
1627959600000,38905.1,39015.3,38864.4,38967.9,265.39
1627960500000,38959.9,38959.9,38656.8,38854.5,757.24
1627961400000,38859.9,38875.9,38567,38589.9,933.08
1627962300000,38597.3,38713.4,38520,38653.7,766.61
1627963200000,38657.4,38725,38540,38667.3,538.01
1627964100000,38667.4,38820.6,38667.4,38759.9,414.51
1627965000000,38759.9,38770,38453,38655.1,711.01
1627965900000,38660.7,38678.9,38207.1,38339.8,1597.29
1627966800000,38339.8,38339.9,37962.5,38026.1,2676.22
1627967700000,38034.5,38255,37915.3,38230.1,1262.72
1627968600000,38230.1,38365,38178.4,38178.4,775.35
1627969500000,38178.5,38359.9,38178.4,38264.7,341.71
1627970400000,38260.2,38416.6,38206.9,38362.6,323.16
1627971300000,38354.3,38429.9,38326.3,38396.9,204.75
1627972200000,38396.9,38398,38273.4,38376.3,198.25
1627973100000,38386,38448.8,38330.4,38361.6,222.66
1627974000000,38360.1,38500,38256,38404.1,693.33
1627974900000,38404.1,38650,38400.9,38559,610.1
1627975800000,38559,38650,38513.2,38555.5,491.61
1627976700000,38555.4,38611.5,38489.6,38589.7,384.36
1627977600000,38589.8,38589.8,38389.4,38428.4,545.16
1627978500000,38428.4,38671,38301.1,38630.1,815.37
1627979400000,38630.1,38660.9,38473.4,38578.7,282.02
1627980300000,38578.6,38641.5,38516,38528,263.33
1627981200000,38528,38528.1,38308,38370.1,280.01
1627982100000,38370,38607.3,38370,38579.6,391.44
1627983000000,38579.7,38579.7,38459.8,38522.1,316.47
1627983900000,38522.1,38638,38450,38637.9,309.42
1627984800000,38638,38714.4,38537.4,38541.2,362.67
1627985700000,38543.7,38624.6,38540,38541.7,130.44
1627986600000,38541.7,38800,38483,38794.1,499.51
1627987500000,38794.2,38799.9,38647.5,38703.5,335.1
1627988400000,38703.5,38738.7,38600.1,38617.7,197.97
1627989300000,38614.8,38699.2,38553.9,38564.2,142.37
1627990200000,38554.5,38600,38401,38499.2,689.73
1627991100000,38499.9,38544,38421.6,38488.4,245.83
1627992000000,38488.4,38515.8,37623.3,38422,4997.6
1627992900000,38421.7,38536.1,38155.9,38236.3,1459.35
1627993800000,38236.2,38343.7,38072.9,38286.7,702.05
1627994700000,38286.6,38449.9,38275.3,38389,409.82
1627995600000,38389,38500,38380,38448.5,326.32
1627996500000,38448.5,38459.7,38322.9,38402.6,258.88
1627997400000,38394.1,38613,38394,38597,497.11
1627998300000,38597,38637.7,38441,38469.3,347.72
1627999200000,38469.2,38559.9,38423.9,38457.6,272.85
1628000100000,38457.6,38625,38439.9,38550.2,286.95
1628001000000,38550.1,38699,38458.6,38473.2,413.89
1628001900000,38469.4,38476.9,38179.2,38262.7,858.6
1628002800000,38262.7,38338.7,38087.9,38141.2,585.68
1628003700000,38141.2,38187.1,37943,38070.4,833.37
1628004600000,38066.1,38318,37924.2,38107.3,1032.86
1628005500000,38107.2,38230,38033.5,38175.3,420.36
1628006400000,38175.3,38260,37970.3,38036.7,642.16
1628007300000,38036.7,38332.9,38007.3,38116,948.06
1628008200000,38115.9,38249.9,38099.5,38220.7,327.28
1628009100000,38220.7,38477,38191.1,38397.2,487.11
1628010000000,38397.1,38519.9,38346.9,38348.4,471.27
1628010900000,38348.5,38364.2,38216.5,38237.5,256.34
1628011800000,38237.6,38350.2,38119,38190.6,339.2
1628012700000,38190.6,38210.4,38008,38008,422.15
1628013600000,38008,38139.9,37552.8,37956.2,2075.58
1628014500000,37956.2,38004.6,37812.1,37919.9,644.4
1628015400000,37919.9,38120.7,37809.9,38040.7,505.8
1628016300000,38040.7,38218.4,38033.8,38195.4,280.89
1628017200000,38195.4,38215.4,38108.4,38200,223.43
1628018100000,38196.6,38330,38130.5,38272.6,352.26
1628019000000,38271.7,38299.9,38230,38247.9,187.23
1628019900000,38248,38309.8,37914.9,38015.9,381.74
1628020800000,38015.9,38116.6,37892.8,37954.6,436.49
1628021700000,37954.7,38135.1,37879.4,38088.4,209.25
1628022600000,38096.9,38199.9,37899,38014.3,204.67
1628023500000,38014.4,38125.4,37972,38094.6,189.77
1628024400000,38089.2,38232,38060.1,38177,184.26
1628025300000,38176.9,38277.1,38143.2,38273.2,228.3
1628026200000,38273.3,38423.6,38155.8,38230.6,238.04
1628027100000,38230.6,38338.6,38230,38329.5,73.29
1628028000000,38324.7,38400,38273.3,38386.9,142.1
1628028900000,38386.8,38499,38285,38498.6,267.75
1628029800000,38498.7,38551.9,38323.2,38345.1,264.66
1628030700000,38345.1,38345.2,38207.9,38343.4,173
1628031600000,38343.4,38658,38343.4,38548.2,437.89
1628032500000,38548.2,38548.2,38315.3,38321.4,200.37
1628033400000,38321.4,38476.8,38267.2,38346.5,210.95
1628034300000,38346.6,38353.8,38065.5,38208.1,326.92
1628035200000,38212.7,38329.9,37959.5,37985.9,541.32
1628036100000,37985.9,38121.8,37985.9,38046.6,206.96
1628037000000,38042.7,38274.8,37990.1,38233.9,341.31
1628037900000,38233.7,38479.8,38233.7,38399.9,389.07
1628038800000,38399.9,38477.6,38330.1,38400,325.39
1628039700000,38400,38524.5,38399.9,38500,274.57
1628040600000,38500,38550,38346.4,38434.8,231.08
1628041500000,38434.8,38460,38325.5,38350.1,163.39
1628042400000,38350,38425.6,38235.1,38287.7,209.58
1628043300000,38287.6,38300.5,38080,38177.2,382.91
1628044200000,38177.3,38235,38124,38175.8,292.5
1628045100000,38175,38175,38060.1,38097.9,296.31
1628046000000,38097.9,38148,38020,38076.2,284.02
1628046900000,38076.2,38098.5,37893.1,37925.2,507.97
1628047800000,37925.2,38130.5,37924.2,38000,367.66
1628048700000,38000,38087.1,37942.9,37975.3,237.05
1628049600000,37975.3,38030,37803.6,37870.3,510.88
1628050500000,37870.2,37962.5,37813.2,37898,279.58
1628051400000,37898,37990.2,37780,37986,421.53
1628052300000,37986,38099.6,37952.5,37968.8,410.06
1628053200000,37968.8,38197.4,37968.7,38123.1,298.85
1628054100000,38123.2,38204,38123.2,38154.6,242.24
1628055000000,38154.7,38215.7,38053.5,38108.3,304.19
1628055900000,38102.7,38104.1,37961.2,38002.1,207.88
1628056800000,38002.1,38002.2,37807,37876,699.79
1628057700000,37875.9,37940.9,37845.5,37925.2,206.02
1628058600000,37925.3,38160.5,37900.9,38078.9,434.46
1628059500000,38078.9,38096,37800,37818.8,797.37
1628060400000,37822.5,37880,37708.1,37838.9,450.42
1628061300000,37839,37839,37680.1,37797.7,428.07
1628062200000,37797.6,37838.3,37716.4,37744,327.14
1628063100000,37742.9,37853.3,37708,37843.7,375.63
1628064000000,37843.7,37967.4,37776.3,37920.7,484.98
1628064900000,37920.8,37988,37651.7,37688.5,782.7
1628065800000,37688.6,37778.7,37664.2,37682.5,338.54
1628066700000,37682.4,37815.5,37333,37759.1,1695.7
1628067600000,37759.2,37856,37670.4,37804.5,755.41
1628068500000,37804.6,37857.9,37721.4,37780,340.86
1628069400000,37775.8,37887.2,37724.5,37844.7,461.29
1628070300000,37844.7,37869.7,37790,37836.1,215.67
1628071200000,37836.1,37890,37766.6,37771,283.16
1628072100000,37771,37874,37725.2,37872.5,319.09
1628073000000,37872.6,37970.9,37867.2,37914.7,473.87
1628073900000,37912.2,38118.8,37887.3,38093.7,510.96
1628074800000,38093.7,38250,38086.6,38088,693.6
1628075700000,38088,38180.7,38025.5,38112.5,459.39
1628076600000,38112.5,38220,38101,38126.9,318.38
1628077500000,38127,38194.4,38100,38158.2,206.14
1628078400000,38158.1,38400,38158.1,38366,899.01
1628079300000,38365.9,38466.6,38290,38460.6,555.64
1628080200000,38460.6,38509.1,38365,38477.8,614.9
1628081100000,38477.9,38927.5,38464.5,38832.2,1791.73
1628082000000,38832.2,38954.8,38728.1,38879.9,1533.88
1628082900000,38880,39159.9,38771.2,39099.5,1522.92
1628083800000,39094.2,39228,38989,39105.4,1146.76
1628084700000,39105.4,39175.9,38916.7,39003.2,777.37
1628085600000,39003.2,39079.3,38843.8,39049.9,1343.73
1628086500000,39049.9,39175.2,39023.7,39087.2,757.55
1628087400000,39087.2,39087.2,38930.8,38996.6,597.87
1628088300000,38996.6,39140,38996.6,39117.4,435.33
1628089200000,39116.2,39453.2,39116.2,39430.2,1737.2
1628090100000,39430.2,39469.9,39212.5,39283.9,876.2
1628091000000,39284,39301.4,39174.4,39274.3,526.39
1628091900000,39274.2,39379.3,39227.3,39299.8,263.41
1628092800000,39299.8,39669.2,39228.3,39454.9,1162
1628093700000,39454.8,39501.5,39316.6,39338.8,495.09
1628094600000,39338.8,39546.2,39338.8,39526.5,395.67
1628095500000,39526.5,39557.8,39414.2,39472.2,236.25
1628096400000,39474.2,39474.3,39246.3,39357.1,425.71
1628097300000,39359.4,39439.9,39322.5,39384.6,150.35
1628098200000,39375.6,39473.3,39307.2,39365.4,193.47
1628099100000,39365.5,39444.3,39302.6,39394.6,199.66
1628100000000,39387.8,39814,39387.8,39648.9,1149.08
1628100900000,39648.9,39691.5,39570.3,39610.9,619.03
1628101800000,39610.9,39634.7,39520.9,39593.1,158.62
1628102700000,39593.2,39719.1,39552.6,39560.3,168.77
1628103600000,39569.8,39662,39470.7,39640,194.63
1628104500000,39640.1,39759.9,39640.1,39747.9,248.67
1628105400000,39747.9,39877,39524.7,39687.7,406.81
1628106300000,39690,39790.5,39580.2,39750.4,216.28
1628107200000,39750.5,39858.2,39678,39728,336.66
1628108100000,39728,39831.5,39683,39737.4,151.45
1628109000000,39743.4,39744.9,39620,39626.7,132.45
1628109900000,39639.9,39779.8,39616.7,39768.4,112.77
1628110800000,39760,39958.7,39729.8,39921.1,472.44
1628111700000,39921.2,39977.5,39733.1,39822.2,199.9
1628112600000,39822.3,39866.5,39760.1,39844.7,86.45
1628113500000,39844.8,39888.8,39813.3,39838.8,54
1628114400000,39838.9,39964.4,39838.8,39920.1,237.88
1628115300000,39920,39972.1,39868.5,39910.9,161.03
1628116200000,39903.9,39960,39746.6,39793.6,198.79
1628117100000,39786.7,39833.9,39511.4,39733,585.37
1628118000000,39726.4,39766,39555.6,39708.3,343.14
1628118900000,39705.1,39922.1,39703.3,39891.1,377.82
1628119800000,39897.5,39933,39777.7,39805.2,212.59
1628120700000,39805.3,39835.6,39683.1,39739.9,277.29
1628121600000,39739.9,39838.2,39640.1,39838.1,400.51
1628122500000,39838.1,39839,39659.9,39667.1,167.63
1628123400000,39667.1,39772.2,39656.8,39701.5,175.62
1628124300000,39700.1,39756.4,39545.8,39563.8,249.09
1628125200000,39569.9,39614.5,39318,39405.1,818.6
1628126100000,39405.1,39469.9,39184.1,39233.8,701.49
1628127000000,39233.8,39366.7,39233.7,39332.1,298.04
1628127900000,39332.1,39610,39249.3,39505.7,646.93
1628128800000,39505.8,39505.8,39368,39394.1,304.99
1628129700000,39394,39440.3,39314.8,39342.5,214.43
1628130600000,39342.6,39409.7,39255,39289.2,217.25
1628131500000,39289.1,39399,39280.8,39395.9,126.12
1628132400000,39395.8,39555,39354.7,39398.4,383.41
1628133300000,39393.5,39408.2,39331.6,39380.5,179.75
1628134200000,39380.5,39471.8,39300,39411.2,248.75
1628135100000,39403.9,39498.8,39355.9,39446.1,153.54
1628136000000,39446.1,39534,39400,39503,216.71
1628136900000,39503,39503,39440,39440,105.29
1628137800000,39440,39440,39355,39394.9,226.12
1628138700000,39394.9,39410,39302,39364.3,179.24
1628139600000,39374.8,39471,39318.5,39441.1,208.68
1628140500000,39450.6,39527.9,39433.4,39471.9,298.64
1628141400000,39471.9,39471.9,39373.1,39390,166.88
1628142300000,39389.9,39397.8,39350,39387.9,134.41
1628143200000,39397.6,39397.6,39320,39326.1,171.17
1628144100000,39326,39326,39093.2,39180.6,953.94
1628145000000,39181.8,39214.1,39026.3,39027.1,653.05
1628145900000,39027.1,39155,39010,39109.7,383.16
1628146800000,39109.6,39109.6,38903.9,38968.9,657.91
1628147700000,38968.9,39063,38848.5,38895.9,899.75
1628148600000,38895.9,38971.1,38801.2,38847.9,714.25
1628149500000,38848.7,38904.8,38668.9,38888.7,1438.28
1628150400000,38888.7,38968,38768.8,38965,789
1628151300000,38964.9,38965,38820.7,38926.1,289.85
1628152200000,38926,38926.1,38780.3,38780.3,213.63
1628153100000,38780.1,38798.8,38448,38498.5,1403.43
1628154000000,38494,38621,38361.4,38563.1,857.19
1628154900000,38563.1,38563.1,37962.6,38224.4,2542.56
1628155800000,38224.4,38286.1,37928.5,38154.6,1147
1628156700000,38155.8,38177.1,37885.5,38046.2,853.27
1628157600000,38046.3,38248.3,37942.2,38236,843.99
1628158500000,38236,38236,38075.2,38112.6,347.08
1628159400000,38112.6,38112.6,37832,38036.3,987.03
1628160300000,38036.4,38090,37929.4,38030.3,268.43
1628161200000,38030.3,38212,37938.3,38212,527.96
1628162100000,38211.9,38215.1,38090,38212.7,241.89
1628163000000,38212.8,38215.1,37960.8,38032.5,365.61
1628163900000,38032.6,38097.1,37955,38010.3,389.96
1628164800000,38003,38138.1,37883.5,38010.4,859.28
1628165700000,38010.4,38057.3,37760,37784.8,849.94
1628166600000,37784.8,37966.1,37661.3,37666.5,889.39
1628167500000,37661.3,38102.5,37254,38017.1,3532.37
1628168400000,38017.2,38157.9,37721.3,37828.4,1812
1628169300000,37828.4,37887.9,37653,37805.3,741.82
1628170200000,37805.3,37937.9,37750.1,37860.5,580.48
1628171100000,37865.8,38032.6,37692,38032.6,881.57
1628172000000,38032.5,38466.2,37873.1,38396.5,2983.25
1628172900000,38398.1,38519.8,38302.5,38367.1,1430.99
1628173800000,38360.4,38761.1,38271.5,38684.4,1815.62
1628174700000,38691.1,39049.9,38620,39019.5,1535.02
1628175600000,39013.1,39344.1,38832.8,39222,1261.31
1628176500000,39222,39380,39120,39303.4,1058.89
1628177400000,39303.5,39390,39137.8,39219.9,683.16
1628178300000,39219.9,39219.9,38547,38739.9,2654.91
1628179200000,38740,39460.8,38731.9,39214,2425.85
1628180100000,39213.4,39350,39166.8,39291.4,486.5
1628181000000,39284.9,39346.2,38890,39306.6,1325.35
1628181900000,39306.6,39789,39269.2,39742.6,1281.16
1628182800000,39742.6,40018.8,39670,39991.4,1342.19
1628183700000,39992.8,40379.7,39992.8,40193.3,1803.74
1628184600000,40193.4,40445.6,40190,40365.8,962.84
1628185500000,40365.8,40715.2,40238.1,40700.8,1510.85
1628186400000,40700.9,40750,40435.8,40582.9,939.96
1628187300000,40582.9,40876.5,40352.3,40756.9,1150.58
1628188200000,40756.8,40992.4,40683,40915.8,817.38
1628189100000,40904.8,40963.8,40730,40847.7,668.9
1628190000000,40847.7,41347.4,40806.8,41259.9,1563.6
1628190900000,41258,41373.2,41072,41256.7,631.98
1628191800000,41256.7,41280,40755.1,40884,828.55
1628192700000,40884.1,40900,40572.7,40718.5,850.77
1628193600000,40718.6,41167.7,40718.6,40810.2,665.75
1628194500000,40810.1,41098.2,40810.1,40913.5,468.65
1628195400000,40913.3,41056.9,40820,40828.9,276.89
1628196300000,40820,41021.5,40739.2,40887.4,240.17
1628197200000,40887.4,41005.8,40873.4,40883.4,213.6
1628198100000,40883.4,40933.3,40684.9,40902.6,339.21
1628199000000,40902.6,41318.1,40873.2,40900,448.17
1628199900000,40900,40961.5,40714,40928.6,428.45
1628200800000,40928.6,41000,40859.6,40928.8,360.74
1628201700000,40928.7,41000,40761.6,40866.7,306.49
1628202600000,40866.6,40966,40826.6,40888,181.86
1628203500000,40886.6,41030.1,40866.6,40940.9,289.58
1628204400000,40941,41044,40941,40976.5,428.68
1628205300000,40976.5,41151.1,40968.9,40986.4,343.3
1628206200000,40986.4,41036.5,40878.4,40929.9,196.37
1628207100000,40928.5,40958.8,40786.2,40876.2,355.13
1628208000000,40876.2,41029.9,40656.7,40775,868.35
1628208900000,40776.7,40900,40364.2,40505.2,866.47
1628209800000,40505.2,40666,40450,40550,436.16
1628210700000,40550,40550,39863.7,40067.1,2215.42
1628211600000,40074,40249,39979,39980.5,685.14
1628212500000,39980,40188,39918.3,40099.9,584.91
1628213400000,40099.9,40505.1,40068.9,40328.8,714.39
1628214300000,40328.8,40750,40310,40604.6,906.63
1628215200000,40604.6,40657.3,40388.4,40406,505.35
1628216100000,40405.9,40478.2,40201,40458.9,618.77
1628217000000,40458.9,40629.5,40253.8,40273.4,652.2
1628217900000,40273.4,40418.8,40229.7,40336.6,291.98
1628218800000,40338.8,40511.6,40265.6,40418.4,309.01
1628219700000,40418.4,40597.5,40337.9,40342.5,334.28
1628220600000,40346.6,40418.9,40250,40289.7,334.1
1628221500000,40289.8,40331.9,40131.7,40218,348.1
1628222400000,40215.4,40357.2,40088,40096.3,373.42
1628223300000,40096.4,40161.6,39874,40015.9,762.64
1628224200000,40015.9,40141.4,39886.6,40073.9,481.39
1628225100000,40081.2,40174.3,39971.1,40174.2,309.07
1628226000000,40174.9,40364.8,40132.8,40259.5,580.3
1628226900000,40259.6,40392,40177.9,40270.6,357.3
1628227800000,40270.7,40516.4,40270.6,40451.1,548.93
1628228700000,40451.1,40561.4,40374.4,40559.9,395.29
1628229600000,40559.9,40736.5,40468.2,40701.4,506.23
1628230500000,40701.5,41214,40701.4,40969.3,1778.67
1628231400000,40969.2,40970,40713.3,40815.5,626.55
1628232300000,40815.5,41179.9,40650,41037.9,946.61
1628233200000,41037.9,41111.4,40850,40850.1,675.73
1628234100000,40850.1,40882.5,40699.9,40822.4,630.88
1628235000000,40809.2,40999.9,40799.9,40918.3,474.76
1628235900000,40918.3,40918.3,40720.6,40730.3,507.57
1628236800000,40730.2,41011.5,40523.9,40852,1073.94
1628237700000,40852,40955,40760.3,40839.9,397.85
1628238600000,40839.8,40945.5,40724.2,40945.4,314.77
1628239500000,40945.4,41116.6,40852,40931.9,844.55
1628240400000,40931.9,40949.4,40739.9,40927.5,534.44
1628241300000,40927.5,40927.5,40713.3,40771,436.31
1628242200000,40771,40847.2,40581.4,40677.4,591.19
1628243100000,40680.2,40770.8,40555,40600,510.29
1628244000000,40600,40753.1,40400,40485.1,1080.62
1628244900000,40485.1,40574.8,40436,40532.6,341.4
1628245800000,40532.6,40752.3,40435.2,40688,560.7
1628246700000,40688.1,40852,40650,40687.8,508.76
1628247600000,40687.7,40687.7,40500,40638,459.42
1628248500000,40638,40641,40479.2,40640.9,268.87
1628249400000,40640.9,40751.3,40567.8,40567.9,308.82
1628250300000,40567.9,40617.2,40486,40505.1,451.65
1628251200000,40505,40913.4,40285.7,40775.2,1552.97
1628252100000,40778.5,41068,40699.9,40959.9,1092.06
1628253000000,40963.4,40963.4,40562.6,40664.4,929.74
1628253900000,40664.4,40818.8,40580,40750.4,582.2
1628254800000,40750.3,40927.2,40700,40927.2,395.64
1628255700000,40927.2,41021.4,40880.2,40974.9,586.44
1628256600000,40974.8,41004.1,40864,40893.5,221.44
1628257500000,40893.4,40922.9,40742.5,40916.6,382.87
1628258400000,40916.6,40940.7,40740,40778,297.48
1628259300000,40777.9,40806.6,40629.2,40720,330.33
1628260200000,40725.8,40838.2,40650,40786.6,234.53
1628261100000,40786.6,40866.3,40726.6,40765,211.64
1628262000000,40765,40950,40676,40949.9,411.75
1628262900000,40950,41758,40893.3,41676.1,3612.61
1628263800000,41683.9,41887,41553.9,41843.6,1517.72
1628264700000,41843.6,42715.9,41756.9,42224.4,2883.04
1628265600000,42224.4,43288,42224.4,42728.2,5625.03
1628266500000,42728.2,42857.7,42446,42541.1,1550.37
1628267400000,42541.2,42675.4,42366,42447.5,1096.22
1628268300000,42447.5,42566.2,42252.6,42510.5,954.42
1628269200000,42510.5,42696.7,42468.3,42572.5,597.32
1628270100000,42572.4,42978.7,42572.4,42899.8,1080.98
1628271000000,42899.9,43141.3,42713.3,43134.3,1063.32
1628271900000,43134.2,43410,42822.1,42897,1433.93
1628272800000,42897.1,43022,42660,42660,646.36
1628273700000,42660.1,42877.7,42660.1,42788.4,217.25
1628274600000,42788.4,42942.7,42788.4,42868.6,222.87
1628275500000,42863.1,42907,42708.8,42796.5,266.29
1628276400000,42796.5,42925,42775.5,42881.5,196.31
1628277300000,42870.3,43000,42780.1,42862.4,261.93
1628278200000,42862.4,42989,42862.4,42975.7,261.22
1628279100000,42975.7,42975.8,42696,42916.9,331.78
1628280000000,42911.8,42970,42790.8,42829.8,196.54
1628280900000,42829.8,42877.6,42465,42653.9,403.29
1628281800000,42653.8,42895,42653.8,42784.9,524.55
1628282700000,42785,42802.2,42625.4,42718.3,314.65
1628283600000,42718.4,42772.2,42577.7,42601.2,278.46
1628284500000,42601.2,42665.3,42500.6,42565.2,175.11
1628285400000,42565.2,42695.7,42565.2,42615.3,44.56
1628286300000,42615.3,42688,42410,42450.9,146.36
1628287200000,42448.3,42636.1,42448.2,42610.8,181.67
1628288100000,42610.9,42876.5,42610.9,42689.5,253.2
1628289000000,42689.5,42689.5,42582.9,42627.3,176.22
1628289900000,42627.3,42787.9,42567.7,42780.1,109.16
1628290800000,42780.1,42787.9,42653.3,42665.8,296.95
1628291700000,42665.8,42739.9,42570.2,42718.8,167.2
1628292600000,42718.8,42820,42681.5,42792.9,188.19
1628293500000,42792.9,42910,42735.8,42834,149.73
1628294400000,42834,42892.4,42583.4,42772.7,461.72
1628295300000,42772.1,42844,42670.3,42780,194.49
1628296200000,42780,42967,42725.1,42933,343.12
1628297100000,42933,43267.4,42888.4,43262.3,697.72
1628298000000,43262.2,43262.2,42816.7,42831.2,636.96
1628298900000,42831.2,43077.3,42803.8,42975.8,287.71
1628299800000,42991.4,43166.2,42942.2,43137.7,304.64
1628300700000,43137.7,43349.1,43080,43159.1,495.81
1628301600000,43159.2,43220.7,43058.6,43202.2,413.16
1628302500000,43202.1,43380,43150.1,43326.7,557.73
1628303400000,43326.7,43359.9,43163.6,43163.6,353.06
1628304300000,43163.5,43292,43068,43285,385.93
1628305200000,43284.9,43287.1,43173.4,43222.3,309.94
1628306100000,43222.3,43277.7,42976.8,43257.3,608.66
1628307000000,43257.3,43353.4,43242.4,43306.7,400.17
1628307900000,43306.7,43768,43306.6,43676.5,1744.12
1628308800000,43676.4,43933.3,43575.5,43860,1445.32
1628309700000,43855.7,43855.8,43464.4,43538.7,733.7
1628310600000,43538.8,43661.1,43460,43572.9,608.66
1628311500000,43573,43573,43284.1,43284.2,522.85
1628312400000,43287.1,43449.1,43284.4,43333.2,274.74
1628313300000,43333.1,43413.4,43308.7,43381.9,258.5
1628314200000,43382,43647.4,43341.7,43576.4,336.38
1628315100000,43579.8,43580,43350,43406.6,435.34
1628316000000,43406.6,43489,43320.5,43479.9,427.7
1628316900000,43479.9,43480,43315,43345.8,249.01
1628317800000,43345.9,43345.9,43040,43176.1,801.34
1628318700000,43176.2,43275,43060.6,43247.5,307.04
1628319600000,43247.4,43279,43078.8,43078.9,253.38
1628320500000,43078.9,43230,43078.8,43100.4,277.78
1628321400000,43100.5,43257.5,43100.4,43187.3,183.79
1628322300000,43187.4,43533.3,43150,43215.4,674.69
1628323200000,43215.3,43366,43118.7,43324.4,545.7
1628324100000,43324.4,43450,43264.7,43339.3,412.44
1628325000000,43339.2,43439.7,43282.2,43368.3,227.15
1628325900000,43368.4,43473.2,43368.4,43448,283.11
1628326800000,43448,43795,43370,43523.7,1175.5
1628327700000,43517.4,43647.4,43505.2,43581.3,327.97
1628328600000,43581.3,43787.8,43560,43742.8,636.33
1628329500000,43742.9,43839.3,43605.8,43629.2,606.25
1628330400000,43629.2,43878.6,43533.2,43781.9,957.65
1628331300000,43782,44046.6,43664,43710.9,1394.66
1628332200000,43710.9,43711,43557.7,43610.9,461.95
1628333100000,43611,43700,43610.1,43654.9,155.42
1628334000000,43654.9,43660.3,43427.9,43497,451.58
1628334900000,43496.9,43834.7,43425,43673.6,509.33
1628335800000,43673.7,43772.6,43615,43745.9,267.99
1628336700000,43745.8,43890.8,43670.8,43822.6,518.34
1628337600000,43822.6,44453.1,43760,44377.4,3588.04
1628338500000,44377.3,44587.9,44165,44359.9,1955.89
1628339400000,44360,44445,43650,43848.1,2533.4
1628340300000,43848.1,43872.9,43377.3,43528.6,1410.81
1628341200000,43539.7,43539.8,43104.4,43277.2,1778.67
1628342100000,43263.5,43742,43250,43559.3,1086.24
1628343000000,43559.4,43716.9,43342.6,43411.7,882.51
1628343900000,43416.4,43420,43156.6,43186.8,577.74
1628344800000,43187.1,43400,43184.3,43340.1,434.22
1628345700000,43349.8,43550,43349.8,43460.3,334.4
1628346600000,43460.3,43639.1,43346.9,43504.8,595.25
1628347500000,43504.9,43555,43445.1,43498.9,235.21
1628348400000,43499,43695.2,43301.6,43595.3,522.79
1628349300000,43595.3,43636,43500,43593.1,258.31
1628350200000,43593.1,43600,43454.2,43477.7,169.8
1628351100000,43477.7,43486.5,43300,43379.3,359.62
1628352000000,43379.2,43410.1,42665.5,43018.6,2720.09
1628352900000,43018.6,43099,42379.8,42734.5,2443.55
1628353800000,42734.6,43680,42730.6,43434.9,2057.4
1628354700000,43434.9,43791.1,43420.1,43712.5,1025.83
1628355600000,43712.6,43780.9,43430.1,43540.9,638.95
1628356500000,43540.9,43592.4,43300.4,43482.2,501.32
1628357400000,43479.9,43479.9,43222.2,43389.9,451.2
1628358300000,43386.7,43516.2,43352.1,43431.8,285.58
1628359200000,43431.8,43448.8,43262.2,43319.8,253.46
1628360100000,43326.3,43543.8,43293,43515.5,205.21
1628361000000,43515.5,43600,43440,43570.4,244.74
1628361900000,43570.4,43630.7,43546.9,43550,171.67
1628362800000,43546.7,43739.8,43534.2,43641.4,167.12
1628363700000,43641.4,43696.2,43540.8,43628.3,146.74
1628364600000,43639.8,43664.4,43433.7,43500,251.88
1628365500000,43504.2,44090.9,43411.8,43961.4,589.2
1628366400000,43961.4,44177.7,43616.2,43704.4,935.62
1628367300000,43704.4,43957.6,43663,43892.8,239.45
1628368200000,43913.2,44052.3,43848.5,43932,320.83
1628369100000,43932,43984.8,43855.7,43930,113.14
1628370000000,43932,44238.9,43863.3,44150.1,437.64
1628370900000,44150,44327.9,44113.6,44308.2,423.61
1628371800000,44304.3,44349.8,44066.1,44132.7,169.49
1628372700000,44132.8,44151.7,43483.4,43533.1,647.07
1628373600000,43536.4,43958.9,43522.4,43856.3,961.61
1628374500000,43853,44004.7,43773.5,43952.4,363.04
1628375400000,43963.3,44172.3,43906.1,44139.7,317.6
1628376300000,44139.7,44139.7,43885.1,44012.1,392.23
1628377200000,44036.6,44199.4,44036.5,44166.7,338.36
1628378100000,44166.7,44369.4,44107.4,44227.9,470.61
1628379000000,44228,44538.2,44227.9,44428,906.63
1628379900000,44421.2,44756.1,44333.3,44591.3,1182.04
1628380800000,44591.3,44835.4,44340.1,44637.6,1172.35
1628381700000,44637.7,44777.7,44316.3,44334.1,723.07
1628382600000,44334.1,44419.7,44140,44353.7,617.35
1628383500000,44360.8,44788,44310.2,44570.1,528.22
1628384400000,44580,44615.7,44227.5,44268.2,444
1628385300000,44268.2,44327,44022,44203.3,745.19
1628386200000,44203.2,44203.2,43888,44026.2,583.63
1628387100000,44026.2,44162,43956.1,44114.8,367.63
1628388000000,44118,44118,43935,43991.2,295.09
1628388900000,43984.6,44024.5,43800,43900,394.8
1628389800000,43900,44153.6,43853.3,43934.9,393.02
1628390700000,43935,44149.8,43900,43940.8,267.02
1628391600000,43940.8,44196.9,43900,44195.7,320.94
1628392500000,44187.5,44401.7,44158.6,44315.3,830.54
1628393400000,44315.4,44319.9,44129.8,44217.2,365.24
1628394300000,44224.2,44365.8,44197.6,44328.7,236.01
1628395200000,44332.3,44450,44213.3,44429.8,425.92
1628396100000,44429.8,44500,44353.4,44496.1,329.54
1628397000000,44496.1,44529.9,44230,44274.7,476
1628397900000,44274.7,44309.1,44127.6,44309,397.39
1628398800000,44309.1,44470,44170.3,44420.3,415.39
1628399700000,44414.1,44546.6,44350,44451.6,403.65
1628400600000,44446.7,44725.5,44406.7,44666.6,657.32
1628401500000,44671.7,44819.3,44605.2,44740.3,850.55
1628402400000,44740.3,44992.7,44626.6,44713.9,1607.21
1628403300000,44713.8,45195.3,44706.2,44990,1523.62
1628404200000,44990,45371.4,44915.9,45186,1284.22
1628405100000,45184.8,45264.1,44954.6,45026.1,986.97
1628406000000,45026.2,45208.8,44880,45186.8,673.43
1628406900000,45186.7,45267,45077.7,45086.6,443.77
1628407800000,45090,45122,44804.5,44928.7,1085.52
1628408700000,44937.4,45010.2,44690,44809.8,1048.5
1628409600000,44809.8,45010,44755.6,44913.5,486.01
1628410500000,44913.5,44939.1,44648.6,44814.7,775.5
1628411400000,44814.8,44814.8,44650,44670,362.91
1628412300000,44670,44779.1,44370.3,44466.4,870.62
1628413200000,44466.3,44780,44431.1,44760.8,645.15
1628414100000,44760.7,44835,44602.2,44799.9,348.41
1628415000000,44788.2,44890,44634.7,44738.3,378.02
1628415900000,44738.3,44750.3,44644.2,44736.6,215.8
1628416800000,44736.6,44880,44448.1,44633.8,791
1628417700000,44633.8,44633.9,44160.3,44343.7,1461.91
1628418600000,44343.7,44460,44213.2,44306.6,530.49
1628419500000,44306.6,44464.2,44289.9,44395.6,234.86
1628420400000,44395.7,44550,44330.8,44366,300.99
1628421300000,44366.1,44679.9,44087.8,44555.4,1617.09
1628422200000,44555.4,44741.9,44462.2,44462.3,603.7
1628423100000,44462.3,44586.6,44450.6,44450.7,159.06
1628424000000,44450.7,44740.2,44381.8,44636.3,512.03
1628424900000,44636.2,44968,44564.1,44943.7,1041.45
1628425800000,44943.7,45026.9,44774,44828.5,682.75
1628426700000,44828.5,45176.7,44828.5,45029.9,943.57
1628427600000,45029.9,45200,44893.4,44900,646.63
1628428500000,44900,45019.7,44743.9,44790.9,455.62
1628429400000,44790.9,44915,44640.5,44690.8,722.89
1628430300000,44690.9,44764.8,44541.4,44754.8,706.28
1628431200000,44754.9,44855,44482,44631,646.02
1628432100000,44631,44631,44365.7,44424.1,997.58
1628433000000,44424.2,44428,43900.3,44109,1885.32
1628433900000,44109.1,44257.8,43851.7,43938.2,1088.69
1628434800000,43938.3,44165,43856,44011,675.67
1628435700000,44011,44146.4,43922.1,43999.9,639.57
1628436600000,44000,44194,43749.1,44053.4,1103.15
1628437500000,44053.4,44162,43924.9,43999.8,404.85
1628438400000,43999.9,44388,43854.7,44300,1194.06
1628439300000,44300,44388,44130.2,44213.3,452.66
1628440200000,44213.2,44213.2,43906.6,43906.6,523.26
1628441100000,43910.8,44004.4,43621,43732.2,1410.37
1628442000000,43732.1,43846.9,43533.4,43624.5,1372.76
1628442900000,43624.6,43882.8,43601.1,43777.5,438.04
1628443800000,43775.3,43900,43720.5,43885.8,328.65
1628444700000,43868.1,43925.7,43666.6,43697.6,285.92
1628445600000,43697.5,43820.3,43567,43716.4,498.46
1628446500000,43708.6,43820,43593.4,43819.9,185.59
1628447400000,43811.6,43932.8,43650.7,43680.7,312.71
1628448300000,43680.7,43831,43453.4,43618.8,430.38
1628449200000,43627.8,43643.8,43302,43346.4,624.62
1628450100000,43346.3,43793.7,43260,43793.7,656.42
1628451000000,43793.7,43873.3,43685.9,43686,507.16
1628451900000,43689.3,43745.6,43453.5,43734.9,582.08
1628452800000,43734.8,43976.9,43558.4,43923.3,881.13
1628453700000,43922.9,44267.8,43829.7,43900,922.4
1628454600000,43901.2,43948.2,43701.7,43744.5,243.41
1628455500000,43749.4,44063.3,43650,43833.9,361.43
1628456400000,43845.7,44000,43763.1,43906.4,124.34
1628457300000,43915.4,44157.7,43836.5,44135.4,166.52
1628458200000,44135.4,44208.7,43979.3,44192.3,117.72
1628459100000,44192.4,44247.2,44045.9,44229,225.48
1628460000000,44229,44477,44144,44473,472.85
1628460900000,44465.1,44576.8,44300,44332.4,602.65
1628461800000,44332.4,44332.4,44163.9,44212.3,331.46
1628462700000,44212.3,44373.3,44188,44195.8,289.94
1628463600000,44195.8,44446.6,44188,44321.8,207.18
1628464500000,44321.8,44389.5,43960,44089.2,735.29
1628465400000,44081.3,44167.7,43632.8,43792.3,718.97
1628466300000,43792.2,43855.3,43686.6,43808.3,601.72
1628467200000,43805,43961.2,43067,43342.7,2330.65
1628468100000,43342.6,43514,43088.6,43362.7,1410.75
1628469000000,43362.6,43457.9,43077,43208.2,770.94
1628469900000,43208.2,43345.5,43054.9,43190.5,705.86
1628470800000,43190.6,43196.3,42802,42833.2,1532.01
1628471700000,42833.1,43179.8,42788.8,43127.9,851.38
1628472600000,43128.9,43333,43025.2,43104.7,544.53
1628473500000,43104.6,43220,43017.6,43087.6,265.36
1628474400000,43087.7,43267,43046,43259.9,175.6
1628475300000,43259.9,43321.5,43177.1,43213.4,319.66
1628476200000,43213.3,43376.8,43172.6,43370.8,168.09
1628477100000,43375.5,43495.2,43340.1,43458.3,457.9
1628478000000,43458.3,43458.3,43280,43280,206.11
1628478900000,43280,43411.7,43258.1,43398.9,269.25
1628479800000,43399,43599,43353.4,43549.7,366.38
1628480700000,43549.7,43631.5,43453.9,43488.3,298.66
1628481600000,43488.3,43594,43341.2,43360.2,273.02
1628482500000,43360.2,43430.9,43242,43392.2,413.86
1628483400000,43385.4,43607,43379.3,43563.1,445.45
1628484300000,43563.1,43597.6,43430,43573.5,241.97
1628485200000,43573.5,43724.6,43535.3,43654.9,504.23
1628486100000,43661.7,43679.8,43565.4,43609.1,116.37
1628487000000,43616.3,43661.8,43435.2,43500,500.58
1628487900000,43493.4,43557.5,43359.6,43541.1,315.47
1628488800000,43533.4,43623.9,43347.8,43394.9,463.88
1628489700000,43405.6,43458.5,43268.8,43300.1,714.31
1628490600000,43300,43560.1,43300,43395,370.62
1628491500000,43395,43525.3,43357.5,43460.5,198.38
1628492400000,43460.5,43616.8,43460.5,43503.5,433.03
1628493300000,43503.5,43556.8,43380.3,43395.4,316.39
1628494200000,43401,43666,43355.6,43632.1,478.81
1628495100000,43632.2,43874.8,43560.8,43785.3,695.09
1628496000000,43785.4,43900,43650,43695,870.32
1628496900000,43695,43734,43588,43634.9,459.39
1628497800000,43640.6,43878,43640.6,43749.9,484.76
1628498700000,43749.9,43848.6,43710.3,43710.4,325.85
1628499600000,43710.4,44251,43654,44250.3,1223.14
1628500500000,44250.3,44772.8,44145.8,44612,2060.96
1628501400000,44611.9,44710.2,44478.1,44620.6,753.06
1628502300000,44620.7,45047.9,44600,44858,1496.45
1628503200000,44858,45285.3,44858,45062.3,1475.02
1628504100000,45062.2,45141,44760,44979.7,858.99
1628505000000,44979.7,45690,44979.7,45662.1,1860.66
1628505900000,45662.1,45700,45456,45650,939.11
1628506800000,45649.9,45880,45474.8,45772.7,1359.24
1628507700000,45772.8,45818.8,45528,45639.1,679.24
1628508600000,45639,45731.9,45471.1,45713.4,521.32
1628509500000,45713.4,46076.7,45652.7,45936.1,1271.7
1628510400000,45936.1,46049.8,45582.1,45712.5,825.82
1628511300000,45712.4,45837.7,45550,45765,661.16
1628512200000,45762.8,45826.1,45620.1,45620.1,343.66
1628513100000,45620.1,45757,45602.5,45684.7,233.91
1628514000000,45684.7,45859.9,45610,45732.4,443.73
1628514900000,45743.1,45844.4,45659.6,45832.1,368.32
1628515800000,45832.2,45889,45744.6,45761.8,330.09
1628516700000,45765.4,45798.9,45269.8,45425,1369.5
1628517600000,45420.8,46375.2,45406.6,45969.4,3340.73
1628518500000,45969.4,46074.5,45839.9,45850.9,765.52
1628519400000,45851,45950,45608,45650,876.55
1628520300000,45650.1,45804.5,45477,45632.3,636.88
1628521200000,45627.4,45940.8,45627.3,45880.4,462.01
1628522100000,45880.4,45975,45877.7,45938,241.36
1628523000000,45938,46042.7,45807.1,45884.4,422.82
1628523900000,45884.4,46026,45859.6,45874.1,236.01
1628524800000,45874,46182.6,45676,45781,1004.81
1628525700000,45781,45945,45712.9,45745.6,369.44
1628526600000,45727.4,45833.3,45691,45790,222.9
1628527500000,45790,45911.5,45789.9,45881.2,147.39
1628528400000,45881.2,46050.2,45766.3,45785,395.25
1628529300000,45785,45873.3,45767.8,45868.9,98.69
1628530200000,45868.9,45908.6,45754.6,45795.1,150.93
1628531100000,45805,45890.2,45780,45821.8,147.24
1628532000000,45821.9,46027,45819.9,45909.7,185.23
1628532900000,45909.7,46071.5,45871.1,45982.9,206.7
1628533800000,45982.8,46442.5,45940.1,46324.8,1020.26
1628534700000,46324.8,46468.1,46155,46190.6,481.22
1628535600000,46197.3,46416.9,46113.3,46370.4,348.09
1628536500000,46370.4,46399.9,46228.9,46314.4,113.97
1628537400000,46314.3,46314.3,46137.3,46148.1,170.23
1628538300000,46148,46213.3,45807.5,45966.5,440.25
1628539200000,45968.6,46312.7,45968.6,46230.1,327.97
1628540100000,46230.1,46399.9,46215.8,46271.3,303.71
1628541000000,46271.2,46271.2,45428,45786.9,2017.55
1628541900000,45786.9,45825,45428.6,45458,495.6
1628542800000,45466.1,45777.7,45058,45100.1,1089.53
1628543700000,45103.9,45328,44906,45199,1304.44
1628544600000,45199,46064.8,45199,45928.8,812.61
1628545500000,45920,45938.1,45700,45739.6,191.37
1628546400000,45739.6,46131.5,45691.9,45756.6,380.49
1628547300000,45766.5,45938,45734.3,45766.6,109.83
1628548200000,45777.8,46069.6,45777.8,46012.7,236.42
1628549100000,46012.7,46340,45967.5,46237.5,502.26
1628550000000,46239.9,46420,46132.4,46294.8,673.42
1628550900000,46295.9,46434.4,46257.2,46306,322.54
1628551800000,46306,46306,46060.9,46082,348.33
1628552700000,46082.1,46393.3,46059.3,46266.6,304.36
1628553600000,46262.3,46800.2,45900.2,46021.8,2162.61
1628554500000,46021.9,46270.2,45903.3,46198.3,482.98
1628555400000,46198.2,46311,45805.5,45912.9,629.59
1628556300000,45912.9,46071.2,45711,45977.8,471.7
1628557200000,45977.8,46031.5,45715.5,45725.5,327.5
1628558100000,45725.6,45887.9,45634.8,45868.4,492.96
1628559000000,45868.4,45979.4,45859.4,45908.7,246.22
1628559900000,45908.8,46122.8,45836.5,46000,259.93
1628560800000,46000,46034.2,45814.7,45991.9,365.83
1628561700000,45991.8,46081.2,45889.1,46027.9,249.5
1628562600000,46027.9,46041.4,45900,46021.5,155.72
1628563500000,46021.4,46128.3,45976.6,46085.9,270.84
1628564400000,46085.9,46100,45940,45945.7,233.08
1628565300000,45945.7,45981.1,45740,45752.3,375.85
1628566200000,45752.2,45861,45631.5,45805,358.83
1628567100000,45804.9,45804.9,45657.4,45719.9,147.75
1628568000000,45719.8,45759.9,45561.2,45759.9,412.27
1628568900000,45760,45837.1,45715.5,45757,150.16
1628569800000,45750.4,45750.5,45533.1,45551.9,264.17
1628570700000,45551.9,45632,45457.2,45464.7,301.06
1628571600000,45464,45685,45418,45631.6,278.17
1628572500000,45622.1,45771.6,45614,45686.7,260.22
1628573400000,45686.7,45777.3,45619.9,45665.1,137.21
1628574300000,45665.1,45716.4,45510,45556.8,256.77
1628575200000,45556.8,45556.8,45384.3,45462.1,333.22
1628576100000,45466.5,45574.4,45377,45419.8,188.56
1628577000000,45419.9,45625,45407.3,45624.9,213.55
1628577900000,45625,45729.1,45533.8,45567.7,370.65
1628578800000,45564.8,45564.8,45293.3,45369.8,734.16
1628579700000,45369.8,45460.6,45349.2,45439.5,223.81
1628580600000,45439.5,45701.3,45367.4,45590.6,593.09
1628581500000,45585.2,46046.5,45529.9,45966.5,881.58
1628582400000,45966.5,45966.5,45765,45816,384.78
1628583300000,45816.1,46070,45706.7,46015.6,603.64
1628584200000,46015.6,46075.8,45897.8,46027.2,194.05
1628585100000,46027.2,46179.4,45935.6,46143.6,389.47
1628586000000,46140.5,46168,46023.3,46066.7,162.32
1628586900000,46066.6,46100.5,45802.5,45870,405.03
1628587800000,45870.1,45965.2,45798.4,45901,216.34
1628588700000,45901,46090.4,45838.7,45962.5,241.94
1628589600000,45968.8,46025.6,45837.3,45901.6,216.18
1628590500000,45901.6,45901.6,45692.2,45759.9,369.8
1628591400000,45759.9,45760,45305,45460.8,1021.81
1628592300000,45453.6,45530.4,45266.7,45347.8,723.68
1628593200000,45347.8,45531.7,45222,45500.1,600.61
1628594100000,45500,45605,45453.7,45594.9,607.75
1628595000000,45595,45595,45292.6,45313.9,382.46
1628595900000,45313.9,45460,45178.6,45346.9,422.78
1628596800000,45357,45535,45200,45531,577.41
1628597700000,45531,45840.7,45471.8,45806.8,783.06
1628598600000,45806.9,45872.7,45653,45762.3,483.84
1628599500000,45762.3,45981.5,45722.8,45925.7,525.84
1628600400000,45925.7,46019.8,45779.9,45897.9,524.01
1628601300000,45898,45959.9,45810,45902.4,339.33
1628602200000,45902.4,46124.7,45438.5,45507.6,1520.22
1628603100000,45498.1,45636.7,45346.9,45526.6,1189.99
1628604000000,45526.6,45666,45351.7,45650.1,522.66
1628604900000,45658,45664.5,45455.8,45488.7,387.99
1628605800000,45488.7,45564.8,45223.8,45291.6,498.7
1628606700000,45291.6,45413.7,45183.4,45345.8,658.01
1628607600000,45353.8,45500.2,45216.6,45396.4,573.95
1628608500000,45396.4,45425.6,45051.5,45080.3,776.23
1628609400000,45080.2,45285,44857.7,45275.8,1386.04
1628610300000,45275.8,45417.6,45089.2,45165.9,878.5
1628611200000,45152.5,45272.1,45031.4,45049.3,653.6
1628612100000,45049.4,45172.9,44777,44816.6,969.77
1628613000000,44816.5,44893.8,44644.1,44831.3,1271.97
1628613900000,44831.3,44924.9,44664.7,44797.4,375.81
1628614800000,44797.5,45014.6,44797.4,44993.3,376.26
1628615700000,44993.3,45130,44933.4,45037.6,325.69
1628616600000,45042.2,45060.5,44850.1,44978.2,192.57
1628617500000,44969.2,45119.6,44896.7,45106.6,117.25
1628618400000,45103.5,45230,45016.1,45031.6,318.89
1628619300000,45024.9,45183.2,45024.9,45060.1,178.1
1628620200000,45068.1,45320,45068.1,45301.4,217.27
1628621100000,45301.5,45394.8,45203,45299.9,388.83
1628622000000,45299.9,45420,45244.6,45384.6,204.44
1628622900000,45384.6,45571.5,45349.6,45386.6,454.56
1628623800000,45386.5,45567.7,45386.5,45498.7,214.17
1628624700000,45506.3,45506.3,45415.1,45500,82.12
1628625600000,45500,45649.4,45383.8,45453.1,363.21
1628626500000,45471.8,45633.3,45459.2,45466.5,215.67
1628627400000,45466.5,45619.8,45466.5,45515.3,205.96
1628628300000,45515.3,45800,45515.3,45616.3,386.07
1628629200000,45616.3,45741.4,45603.6,45676.4,132.3
1628630100000,45679.4,45953.2,45448.1,45709.1,529.05
1628631000000,45709.1,45835.3,45573.3,45764.6,203.62
1628631900000,45764.6,45813.6,45660.1,45683.4,97.99
1628632800000,45683.4,45886,45683.4,45816.1,168.66
1628633700000,45816.1,45816.1,45550,45550.6,143.31
1628634600000,45550.5,45652.4,45430,45584.7,326.32
1628635500000,45575.3,45667.2,45420,45447.7,195.08
1628636400000,45447.6,45519.9,45306.7,45350,260.91
1628637300000,45347.1,45428.5,45230,45238.8,225.32
1628638200000,45238.8,45580,45238.7,45540.1,355.71
1628639100000,45540.1,45622.1,45455.1,45575,188.3
1628640000000,45575,45677,45450,45676.9,292.15
1628640900000,45677,45794.1,45361.5,45545.5,601.25
1628641800000,45545.5,45780,45545.5,45729.2,497.87
1628642700000,45729.1,45799.6,45637.9,45721.7,263.92
1628643600000,45721.7,45768,45583.6,45583.6,169.45
1628644500000,45582.8,45900,45582.7,45829.2,265.61
1628645400000,45842.3,45910,45683.1,45728,281.35
1628646300000,45719.9,45773.4,45646.6,45754.1,133.19
1628647200000,45764.3,46010.9,45764.3,45830,791.01
1628648100000,45830,45876,45683.2,45718.9,194.4
1628649000000,45711.5,45723.7,45370.1,45413.3,664.02
1628649900000,45413.2,45471.8,45350.2,45449.6,271.25
1628650800000,45449.6,45451.3,45387.4,45448.2,178.23
1628651700000,45448.1,45618.5,45448.1,45522.6,213.69
1628652600000,45515.5,45596.7,45466.7,45506.6,123.49
1628653500000,45511.9,45639.5,45511.9,45581.6,168.47
1628654400000,45581.6,45706.6,45523.8,45660,192.06
1628655300000,45660,45707,45626.6,45676.6,216.15
1628656200000,45676.6,45697.8,45463.4,45618.3,241.68
1628657100000,45618.3,45818.3,45600.6,45615.9,352.42
1628658000000,45615.9,45766.4,45612.8,45612.8,278.07
1628658900000,45612.8,45724.8,45539.9,45676.6,292.15
1628659800000,45676.5,45850,45676.5,45798.9,423.23
1628660700000,45798.9,45897.5,45755.3,45800,364.9
1628661600000,45800,45929.9,45800,45866.6,292.77
1628662500000,45870.1,46120,45815,45996.5,829.81
1628663400000,45992.1,46250,45828,45957.5,1656.16
1628664300000,45957.6,46159.1,45850,46091.4,808.13
1628665200000,46091.4,46463.1,46091.4,46402.1,1069.41
1628666100000,46402.2,46461.2,46215.4,46312.7,530.79
1628667000000,46321.9,46364,46259.6,46300,265.51
1628667900000,46300,46427.2,46170,46347.9,836.09
1628668800000,46349.7,46618.7,46184,46231.3,1437.86
1628669700000,46226.8,46279.6,46004.3,46204.8,593.09
1628670600000,46198.1,46232.9,46066.6,46174,360.13
1628671500000,46174,46315.6,46111.9,46200,332.91
1628672400000,46200,46284.3,46065,46073.9,176.68
1628673300000,46073.8,46246.1,46035.7,46231,245.7
1628674200000,46230.9,46310,46186.6,46252,261.71
1628675100000,46251.9,46260,46092,46116,170.54
1628676000000,46115.9,46226.6,46108.7,46200,193.81
1628676900000,46200,46412.8,45906,46010.9,778.8
1628677800000,46027.2,46147,45913.1,46072.6,379.36
1628678700000,46072.6,46124.1,46004.1,46048.4,200.95
1628679600000,46048.4,46269.9,45960,46157.6,362.94
1628680500000,46157.6,46233.6,46075.6,46139.8,180.9
1628681400000,46139.8,46139.8,45950,46054.5,276.38
1628682300000,46054.5,46069.8,45852,45929.1,373.86
1628683200000,45929.2,45980,45816.7,45946.5,355.25
1628684100000,45946.5,45976.3,45850,45900,225.97
1628685000000,45900,46128,45900,46018.3,433.99
1628685900000,46018.4,46025.1,45908.8,45986.5,186.26
1628686800000,45986.5,46111.8,45915,46094.5,217.31
1628687700000,46085.7,46424.6,46085.7,46357,855.01
1628688600000,46357,46371.2,46249.6,46280.8,247.74
1628689500000,46280.9,46500,46240,46271,716.71
1628690400000,46271,46388,46173.3,46320.3,346.49
1628691300000,46320.4,46422.9,46312.5,46363.8,233.61
1628692200000,46363.7,46646.5,46317.7,46543.6,846.99
1628693100000,46543.6,46676.2,46440.2,46482.8,659.74
1628694000000,46482.9,46751.1,46300.3,46686.6,819.34
1628694900000,46686.6,46738,46605,46680.5,344.81
1628695800000,46680.6,46747.7,46479.5,46632,633.41
1628696700000,46632,46640.1,46357.1,46445.1,448.81
1628697600000,46445.2,46492.4,46251,46400.5,664.24
1628698500000,46400.5,46566.8,46310.9,46375.8,497.99
1628699400000,46375.7,46426.6,46320.1,46345.9,194.59
1628700300000,46345.4,46422.2,46201,46331.4,372.34
1628701200000,46331.4,46394.9,46257,46378.6,315.78
1628702100000,46378.6,46389.7,46288.4,46354.8,112.68
1628703000000,46354.8,46512.7,46354.8,46454.5,415
1628703900000,46446.5,46606.5,46408.6,46507.2,395.69
1628704800000,46517.1,46517.1,46339.1,46349.6,353.61
1628705700000,46349.7,46349.7,46253.3,46320.7,205.75
1628706600000,46320.7,46399.9,46280.6,46350.6,116.74
1628707500000,46341.9,46418.9,46261.9,46286.7,91.44
1628708400000,46286.6,46360.6,46205.5,46281.2,121
1628709300000,46288.8,46346.5,46211.7,46340.6,196.7
1628710200000,46330.7,46385.1,46265.7,46356.7,132.96
1628711100000,46356.7,46475.3,46310.2,46444.5,191
1628712000000,46444.5,46667.8,46414.6,46589,366.45
1628712900000,46598.8,46666.6,46546.9,46550.8,129.6
1628713800000,46550.8,46582.4,46446.6,46494,171.61
1628714700000,46498,46498,46306.6,46316,171.84
1628715600000,46312.4,46312.5,46000,46083.1,842
1628716500000,46086.5,46163.9,45879,46130,392.78
1628717400000,46130,46350,46047.3,46282.9,205.5
1628718300000,46282.8,46386.5,46227.7,46326.7,166.01
1628719200000,46326.7,46344,46082,46091.9,293.95
1628720100000,46092,46117.3,45531.7,45717.7,1221.46
1628721000000,45726.5,45839,45612.3,45722,474.9
1628721900000,45712.5,45781.9,45603.9,45756.1,375.78
1628722800000,45756.1,45909.8,45682.6,45686.7,428.93
1628723700000,45686.7,45819.9,45564.8,45640.5,522.52
1628724600000,45640.5,45732.9,45575.8,45670.7,229.25
1628725500000,45666.6,45691.2,45511.8,45513.6,388.94
1628726400000,45511.3,45841.3,45380,45825.6,1012.42
1628727300000,45825.6,45877.1,45710.6,45728,366.32
1628728200000,45728,45728,45512.6,45718.7,325.51
1628729100000,45718.8,45770,45610,45749.9,286.41
1628730000000,45749.9,45815.9,45640,45809.9,313.12
1628730900000,45809.9,45946.6,45747,45869.5,576.19
1628731800000,45869.5,46184.7,45869.4,45907,799.28
1628732700000,45906.9,46045.3,45888,45990.4,209.16
1628733600000,45990.4,46079.5,45921.1,46006,186.98
1628734500000,46005.9,46088.2,45950,46058.7,256.45
1628735400000,46058.7,46211,46044.7,46141.8,333.49
1628736300000,46141.9,46218,46092,46212.9,201.49
1628737200000,46213.6,46219.5,46078.1,46147.2,231.44
1628738100000,46147.3,46176.9,46008,46161.6,184.59
1628739000000,46161.5,46231.4,46079.4,46154.2,169.08
1628739900000,46154.2,46184,45910,45932.8,344.27
1628740800000,45932.9,46000,45874,45882.4,297.77
1628741700000,45882.4,45933.9,45621.1,45653.6,756.84
1628742600000,45653.6,45750,45627,45716.2,421.05
1628743500000,45716.2,45716.2,45530.3,45592,466.73
1628744400000,45591.9,45617.7,45236.7,45382.1,1045.9
1628745300000,45382.1,45480,45010,45191.2,1179.26
1628746200000,45191.1,45191.1,44833.1,45155.7,1741.65
1628747100000,45155.6,45286.8,44971.3,45147,1062.56
1628748000000,45146.9,45210,44944.1,44980.4,710.52
1628748900000,44980.3,45142.2,44925,45086.5,441.2
1628749800000,45086.5,45200,44869.7,45199.9,582.82
1628750700000,45200,45227.6,45009.1,45219.2,464.37
1628751600000,45219.2,45399,45117.6,45286.5,686.71
1628752500000,45300,45308.9,45182.3,45186.7,378.2
1628753400000,45191.1,45284.9,45050,45219.1,524.98
1628754300000,45219.2,45309.5,45218.2,45250,169.93
1628755200000,45250,45323,45117.9,45317.9,470.16
1628756100000,45318,45380.6,45206.7,45333,335.54
1628757000000,45333,45385,45160.2,45216.7,474.96
1628757900000,45216.8,45322.6,45188,45226.8,167.28
1628758800000,45226.7,45226.7,44855,44955.2,798.68
1628759700000,44955.3,45454.1,44905.9,45435,1114.85
1628760600000,45438.7,45589.9,45344,45406.6,954.65
1628761500000,45396.2,45399.6,45234.8,45355.4,411.37
1628762400000,45355.3,45378.2,45347.1,45373.5,15.03
1628763300000,45373.5,45381.5,45373.5,45373.6,6.57
1628764200000,45381.5,45384.9,45368.8,45372.7,1.67
1628765100000,45368.8,45413.4,45360.8,45380,77.56
1628766000000,45380,45395.1,45373.5,45373.6,7.48
1628766900000,45373.6,45402.9,45288.2,45308.9,152.02
1628767800000,45288.1,45288.1,44730,44913.8,1099.97
1628768700000,44913.7,45013.6,44612.3,44778.6,1073.85
1628769600000,44764.8,44950,44668,44810.7,797.59
1628770500000,44810.7,44875.3,44128,44451.7,2530.28
1628771400000,44451.6,44569.2,44270.4,44451.8,808.23
1628772300000,44460,44669.6,44459.9,44600.2,584.81
1628773200000,44600.2,44695.5,44526.6,44561.9,679.82
1628774100000,44561.9,44729.9,44546.6,44706.2,328.65
1628775000000,44706.2,44706.2,44527.7,44664.5,441.16
1628775900000,44664.4,44664.4,44465,44466.3,377.97
1628776800000,44466.3,44533.8,44280,44400,541.96
1628777700000,44400,44515.8,44080,44196.3,955.98
1628778600000,44193.7,44420.3,44080,44179.2,969.39
1628779500000,44179.6,44319.3,43903.7,44142.4,1579.48
1628780400000,44143.9,44333,44086.6,44205.6,689
1628781300000,44203,44318.4,44146.7,44201.7,286.77
1628782200000,44201.8,44330.4,44176.8,44287.3,225.51
1628783100000,44287.2,44344.5,44137.9,44206.6,391.56
1628784000000,44209.1,44368.6,43956.6,44133.2,1159.19
1628784900000,44128.1,44185.8,43911.2,43931.4,760.87
1628785800000,43917.9,44068.2,43772,44029.9,1139.16
1628786700000,44022.3,44194.9,43953.5,44010.5,378.51
1628787600000,44018.7,44173.8,43903.9,44111.5,314.36
1628788500000,44111.4,44242.7,44065,44168.6,229.79
1628789400000,44168.5,44280,44150.8,44191.2,235.09
1628790300000,44191.2,44226.6,44056.1,44124.7,106.7
1628791200000,44124.6,44305,44117.6,44304.9,159.88
1628792100000,44304.9,44334.9,44238.3,44275.2,160.43
1628793000000,44275.2,44336,44220,44273.4,134.99
1628793900000,44273.4,44502.6,44273.4,44404.5,346.16
1628794800000,44408.8,44435.8,44326.6,44365,96.91
1628795700000,44367.6,44390,44262,44390,93.55
1628796600000,44390,44467.9,44326.6,44407.4,175.26
1628797500000,44413.1,44433.7,44351.1,44373.8,69.52
1628798400000,44373.9,44528,44350.1,44528,297.93
1628799300000,44528,44529.3,44410,44410.1,82.57
1628800200000,44410.1,44482.9,44410.1,44446.7,65.26
1628801100000,44446.6,44516.9,44100,44473.5,761.44
1628802000000,44473.5,44533.6,44220,44311.3,237.54
1628802900000,44309.9,44452.3,44251.8,44289.8,79.22
1628803800000,44289.8,44306.6,44220,44220,47.54
1628804700000,44220.1,44277.8,44162.6,44260.8,216.23
1628805600000,44260.8,44300,44129.5,44178.3,415.9
1628806500000,44191.2,44222.1,44000,44013.5,205.31
1628807400000,44024.5,44126.6,43958.2,44090.3,181.37
1628808300000,44090.2,44090.3,43876,43961,262.66
1628809200000,43967.4,44403.8,43967.3,44339.8,458.82
1628810100000,44339.9,44480,44172,44480,327.37
1628811000000,44480,44539.1,44369.7,44377.1,316.14
1628811900000,44377.1,44455.5,44353.8,44406.5,162.02
1628812800000,44389.2,44679.5,44387.2,44495.5,543.97
1628813700000,44495.4,44579.6,44220,44446.5,451.49
1628814600000,44446.5,44653.9,44289.9,44605.2,414.28
1628815500000,44605.2,44626.5,44490,44497.2,128.41
1628816400000,44497.2,44617.3,44460,44541.5,177.78
1628817300000,44541.5,44830,44541.5,44741.5,721.01
1628818200000,44741.5,44925.5,44704.4,44852.4,546.89
1628819100000,44852.3,44854,44740,44840.3,185.08
1628820000000,44843.7,44912.2,44843.6,44860,243.16
1628820900000,44860.1,44965.8,44808,44915.9,310.78
1628821800000,44910.1,45087.8,44910,45063.4,503.09
1628822700000,45063.4,45387.7,45063.4,45274.3,1122.71
1628823600000,45274.3,45335.8,45172.5,45199.7,333.55
1628824500000,45199.7,45382.4,45195.1,45264.1,303.98
1628825400000,45261.7,45300,45148.1,45235.7,288.85
1628826300000,45235.8,45247.5,45133.8,45154.9,238.88
1628827200000,45159.6,45217,44925.5,44967.1,594.31
1628828100000,44967.1,45050,44920,45034.4,214.79
1628829000000,45034.3,45300,45034.3,45240.6,550.7
1628829900000,45240.5,45286,45144.1,45238.2,142.05
1628830800000,45238.3,45279.9,45127.1,45128,143.73
1628831700000,45129.8,45280,45129.8,45201.8,133.65
1628832600000,45201.9,45381,45201.9,45328.4,242.78
1628833500000,45328.4,45345,45236.8,45266,211.72
1628834400000,45266,45340.5,45162,45196,259.52
1628835300000,45196,45743.1,45196,45523.9,1424.3
1628836200000,45524,45919.9,45518.2,45887.7,2274.86
1628837100000,45887.8,45929.6,45731.2,45829.5,559.89
1628838000000,45829.6,46271.9,45829.6,46156.8,1716.94
1628838900000,46156.8,46359.9,46063.6,46148.4,963.31
1628839800000,46148.4,46214.9,46016.7,46178.9,414.55
1628840700000,46178.9,46244.6,46082.9,46102.5,616.9
1628841600000,46106.6,46320.6,46106.6,46142.5,640.89
1628842500000,46152.9,46191,45972.4,46086.5,484.02
1628843400000,46086.5,46217,46052.9,46157,255.36
1628844300000,46157,46282.4,46093.5,46160,277.11
1628845200000,46160,46443.2,46143.8,46364.7,577.42
1628846100000,46364.8,46364.8,46160.4,46268.4,173.08
1628847000000,46268,46348.9,46206.6,46330,290.89
1628847900000,46330,46400,46188,46221.4,473.23
1628848800000,46221.4,46383.5,46221.4,46356.7,432.74
1628849700000,46356.8,46500,46318.3,46384.8,579.95
1628850600000,46384.8,46468.7,46318.5,46336.7,397.53
1628851500000,46347.4,46397.9,46257.9,46299.9,278.29
1628852400000,46300,46455,46300,46423.7,232.8
1628853300000,46423.7,46480.5,46316.2,46351,297.78
1628854200000,46351,46583.2,46128.4,46156.7,644.18
1628855100000,46156.7,46373,46139,46157.5,525.84
1628856000000,46157.4,46364.3,46134,46253.5,357.27
1628856900000,46253.4,46425,46253.4,46405,223.53
1628857800000,46405,46621,46326.6,46588,752.67
1628858700000,46588.1,46641.6,46470.4,46529.8,363.13
1628859600000,46529.8,46560,46418.3,46559.9,177.42
1628860500000,46560,46685.5,46527.4,46546.6,532.15
1628861400000,46546.7,46599.3,46408.2,46439.1,266.7
1628862300000,46439.1,46626.1,46439.1,46531,401.46
1628863200000,46531,46623,46450,46474.3,249.55
1628864100000,46474.2,46550,46426.1,46458.5,185.33
1628865000000,46458.5,46458.5,46261.8,46384.9,600.41
1628865900000,46385,46512.6,46385,46443.3,349.44
1628866800000,46443.3,46534.7,46305,46425.9,262.56
1628867700000,46425.9,46425.9,46177,46246.6,589.61
1628868600000,46246.7,46350.9,46188,46242.5,341.67
1628869500000,46242.5,46483,46242.4,46373,418.29
1628870400000,46366.7,46484.4,46321.9,46386.6,290.17
1628871300000,46386.7,46428.4,46230.1,46385.5,350.75
1628872200000,46385.5,46450,46301.9,46410.4,215.22
1628873100000,46410.5,46549.8,46382.7,46537.3,270.37
1628874000000,46537.3,46546.6,46433.3,46445.4,135.32
1628874900000,46445.4,46500,46395.5,46499.8,113.08
1628875800000,46499.9,46540,46474.1,46506.6,136.22
1628876700000,46519.6,46650,46485,46486.7,228.24
1628877600000,46494.7,46494.7,46355.1,46467.2,281.59
1628878500000,46467.2,46600,46422.6,46563,107.19
1628879400000,46563,46616.1,46517.2,46584,82.35
1628880300000,46584.1,46618.4,46448.9,46494.1,253.81
1628881200000,46498.8,46527.3,46390.1,46466.7,142.44
1628882100000,46476,46531.5,46288.3,46318,155.2
1628883000000,46318,46386.5,46268.2,46275.4,262.63
1628883900000,46285.3,46465.5,46285.2,46465.4,245.84
1628884800000,46465.5,47766.3,46409.2,47633.1,4057.83
1628885700000,47633.1,47985,47520.7,47595.8,1383.11
1628886600000,47595.8,47646.5,47366.5,47486.6,490.02
1628887500000,47486.6,47633.3,47426.7,47610.1,364.96
1628888400000,47610.1,47821.5,47550,47775.3,469.66
1628889300000,47775.4,47849.3,47652.5,47797.9,220.78
1628890200000,47797.9,47812.4,47632.8,47686.5,124.35
1628891100000,47686.6,47705.3,47532.1,47575.1,211.71
1628892000000,47575,47659,47540.1,47586.6,224.14
1628892900000,47586.7,47586.7,47486.6,47502.9,144.28
1628893800000,47512.3,47671.5,47493,47671.4,181.59
1628894700000,47671.5,47671.5,47544,47568.4,93.53
1628895600000,47568.4,47594.8,47520.1,47594.7,125.24
1628896500000,47594.8,47774.5,47575.6,47680,233.21
1628897400000,47680,47680,47600,47665.5,205.83
1628898300000,47654.4,47847.2,47654.4,47794.7,297.53
1628899200000,47794.8,47817.9,47658,47726.7,284.53
1628900100000,47726.6,47783.7,47640.6,47770.2,161.91
1628901000000,47770.2,47770.2,47573.5,47614.3,271.08
1628901900000,47614.4,47686.5,47525.9,47636.3,189.48
1628902800000,47638.2,47771,47638.2,47710.6,283.88
1628903700000,47710.6,47745.7,47646.9,47650.1,134.52
1628904600000,47650.1,47661.7,47578.9,47651.2,105.35
1628905500000,47651.1,47673.5,47574.4,47580.4,100.94
1628906400000,47580.4,47645,47550,47550.1,135.95
1628907300000,47550.1,47599.1,47536.3,47540,113.67
1628908200000,47540,47616,47404.8,47465,326.73
1628909100000,47465,47580,47458.3,47554.3,203.13
1628910000000,47551.3,47600,47506.6,47560,185.58
1628910900000,47560.1,47584.9,47491.5,47497,134.81
1628911800000,47497.1,47531.8,47440.8,47440.8,163.24
1628912700000,47440.7,47560,47436.7,47546.4,134.16
1628913600000,47546.3,47548,47453.2,47495.6,121.74
1628914500000,47495.5,47680,47495.5,47582.8,224.5
1628915400000,47582.8,47626.6,47531,47558.4,252.79
1628916300000,47558.4,47558.4,47450,47462,166.23
1628917200000,47461.9,47553.2,47450.1,47515.6,121.09
1628918100000,47515.6,47579.9,47500,47526.6,68.26
1628919000000,47526.6,47544.9,47480,47497.2,95.85
1628919900000,47485.3,47593.1,47485.3,47537.1,244.04
1628920800000,47537.1,47643.7,47515,47586,149.44
1628921700000,47586,47662.1,47582.6,47620.4,139.98
1628922600000,47620.5,47654.9,47554.1,47582.5,104.98
1628923500000,47582.6,47592.3,47512.2,47527.6,91.89
1628924400000,47527.5,47710.8,47505,47677,326.23
1628925300000,47688.1,47706.5,47625.6,47692.9,173.15
1628926200000,47692.4,47731.3,47654,47658.2,200.79
1628927100000,47658.1,47684.9,47619.1,47627.3,77.19
1628928000000,47627.3,47667.7,47550,47610,314.78
1628928900000,47610,47666.6,47580,47665.9,126.6
1628929800000,47665.9,47706,47645,47675.4,152.66
1628930700000,47675.5,47713.9,47562.2,47611.4,179.59
1628931600000,47611.4,47815.9,47611.4,47769.5,299.68
1628932500000,47769.5,47795,47714.1,47755.7,211.73
1628933400000,47766.5,48257.4,47719,48027.2,1310.86
1628934300000,48027.2,48100,46694,47013.2,3058.78
1628935200000,47013.1,47251,46728.4,46730.6,1699.38
1628936100000,46730.6,47071.3,46463.1,46825.2,1775.43
1628937000000,46828.5,46932.4,46608.1,46665.1,897.67
1628937900000,46665.1,46687.9,46115.2,46325.7,1731.8
1628938800000,46325.7,46422.5,45955,46321.7,1193.85
1628939700000,46321.7,46372.3,46166.6,46324.1,588.82
1628940600000,46317.9,46359.9,46222,46306.5,335.56
1628941500000,46306.6,46562.5,46289.2,46562.5,454.65
1628942400000,46562.5,46566.7,46313.7,46406.6,545.41
1628943300000,46399.3,46459.8,46262.7,46317.1,470.38
1628944200000,46317.1,46410.6,46292.7,46340,340.64
1628945100000,46333.7,46355.6,46246,46252.1,174.84
1628946000000,46252.1,46377.3,46103.6,46278,496.01
1628946900000,46278,46404.3,46277.9,46389.5,165.19
1628947800000,46389.5,46490.5,46351,46383.8,173.92
1628948700000,46383.8,46496,46345.2,46496,119.47
1628949600000,46496,46729.3,46432.7,46674.4,487.79
1628950500000,46674.3,46858.9,46607.6,46759.2,378.73
1628951400000,46759.2,46774.3,46671.2,46727.3,185.99
1628952300000,46729.4,46938.6,46636.9,46888.9,485.55
1628953200000,46889.5,46889.5,46687.6,46733.4,380.72
1628954100000,46739.1,46800,46728.2,46796.8,159.76
1628955000000,46796.7,46882.5,46541.6,46871.3,660.43
1628955900000,46871.3,46926.6,46826.7,46926.5,228.14
1628956800000,46926.5,46980.7,46702,46740.5,484.52
1628957700000,46740.6,46899.9,46740.5,46876.9,232.51
1628958600000,46876.9,46876.9,46782,46874.9,141.82
1628959500000,46874.9,46930.1,46652,46865.9,313.99
1628960400000,46865.9,46865.9,46730.2,46818.8,91.74
1628961300000,46818.9,46866.5,46592,46769.9,348.17
1628962200000,46769.9,46820,46682.8,46761.9,135.14
1628963100000,46761.9,46878.3,46761.9,46789,142.17
1628964000000,46785,46797.6,46712.2,46724.5,118.4
1628964900000,46724.5,46826.6,46677,46800.9,66.07
1628965800000,46801,46872.4,46800,46824.8,119.47
1628966700000,46826.6,46855.7,46680,46741.7,159.32
1628967600000,46741.7,46799.2,46707.9,46745.1,68.81
1628968500000,46732.6,46812.6,46658.3,46680,95.8
1628969400000,46680,47416.4,46680,47266.7,694.23
1628970300000,47271.6,47285.5,46993.6,47045,324.66
1628971200000,47043.2,47043.2,46575.9,46634,367.29
1628972100000,46628.6,46628.6,46333,46444.5,489.06
1628973000000,46444.5,46621.1,46386.7,46608.1,176.13
1628973900000,46608.1,46662.1,46520.1,46621.7,81.51
1628974800000,46621.7,46754.4,46613.8,46738.4,69.97
1628975700000,46738.4,46795,46641.1,46743,123.73
1628976600000,46752,47015.8,46732.7,46895.9,148.57
1628977500000,46895.8,47072,46895.8,47026.6,66.72
1628978400000,47026.5,47026.6,46903.7,47000,89.62
1628979300000,47006.6,47238.4,46992.9,47093.6,244.98
1628980200000,47093.6,47093.6,46926.6,46968.1,92.15
1628981100000,46968.1,46999.8,46842.6,46863.3,188.55
1628982000000,46863.3,46963.2,46842.8,46946,131.86
1628982900000,46946,47186.6,46946,47121,176
1628983800000,47121.1,47194,47066.2,47191.7,121.51
1628984700000,47191.7,47192.4,47042.4,47080.3,102.18
1628985600000,47080.3,47217,47056.1,47154.9,279.11
1628986500000,47163.6,47247,47084,47097.6,175.27
1628987400000,47097.6,47120.3,46901.9,47011.9,244.46
1628988300000,47011.9,47206.4,46969.9,47206.3,159.07
1628989200000,47206.4,47227.9,47114.5,47132.6,155.63
1628990100000,47132.7,47297.1,47132.7,47257.4,249.36
1628991000000,47253.3,47386.5,47206.6,47206.6,276.91
1628991900000,47206.6,47206.7,47094.1,47140.3,142.92
1628992800000,47140.2,47217.8,47134.1,47167,97.69
1628993700000,47167,47333,47167,47244.7,164.14
1628994600000,47244.6,47331,47244.6,47296.1,134.49
1628995500000,47296.2,47300,47177.7,47177.7,121.69
1628996400000,47187.6,47260.3,47115.2,47162.4,176.75
1628997300000,47155.8,47185.7,47079.1,47166.3,192.05
1628998200000,47166.4,47269.2,47120,47154.7,103.22
1628999100000,47154.6,47154.6,46806.6,46892.6,438.02
1629000000000,46892.6,46892.6,46475.8,46548,710.92
1629000900000,46548,46746.6,46546.6,46746.5,305.49
1629001800000,46735.1,46828.5,46651.3,46734.7,226.21
1629002700000,46726.8,46726.8,46651.3,46720.9,165.38
1629003600000,46721,46822.4,46622.5,46805.4,187.97
1629004500000,46812.2,46887.6,46650.1,46716.4,215.29
1629005400000,46728.5,46780,46608,46630.9,131.12
1629006300000,46622.1,46708,46512.4,46621.2,189.12
1629007200000,46626.9,46765,46549.3,46568.9,255.62
1629008100000,46568.9,46574.3,46261,46432.9,559.28
1629009000000,46432.8,46549.8,46369.9,46490.8,176.36
1629009900000,46490.9,46564.1,46411.5,46411.5,173.68
1629010800000,46411.5,46469.9,46152.9,46193,728.81
1629011700000,46192.9,46350,46160,46323.3,320.7
1629012600000,46323.3,46323.3,46094,46112.1,444.76
1629013500000,46112.1,46124,45646.6,45750,1986.46
1629014400000,45750,45900,45578,45866.7,990.32
1629015300000,45866.6,45873,45700,45730,333.5
1629016200000,45729.9,45920,45647.6,45773.6,297.58
1629017100000,45778.9,45895.9,45726.6,45733.6,209.51
1629018000000,45733.7,45965.9,45653.7,45965.8,605.72
1629018900000,45965.9,45977,45850.6,45877.7,246.69
1629019800000,45873.7,46136.1,45825,46125.1,339.66
1629020700000,46135.9,46156,46001,46023.8,514.68
1629021600000,46023.7,46126.6,45903.2,46073,323.98
1629022500000,46073.1,46137.8,45911,45988.8,286.64
1629023400000,45988.8,46054.7,45841.5,45880.2,256.98
1629024300000,45890.1,45942,45781,45916.6,289.09
1629025200000,45916.5,45916.5,45644.1,45699,483.97
1629026100000,45689.1,45878.9,45649.3,45874.6,257.01
1629027000000,45874.6,46147.6,45865.5,46038.8,546.15
1629027900000,46038.8,46038.8,45907,45932.5,192.63
1629028800000,45927.6,46074.2,45810,45972.3,359.89
1629029700000,45979.9,45986.6,45820.1,45901.9,180
1629030600000,45901.9,45902,45706.7,45780.9,294.56
1629031500000,45786.6,45924.3,45725,45815.3,178.78
1629032400000,45815.3,45925.9,45734.1,45923.4,182.42
1629033300000,45926,45966,45852,45885.5,138.61
1629034200000,45885.5,45907.2,45608,45620,425.76
1629035100000,45620,46064.9,45456.2,46050,1612.05
1629036000000,46050,46516.6,45944.1,46354.1,1724.6
1629036900000,46354.2,46423.5,46229.7,46326.6,478
1629037800000,46326.7,46382.3,46150,46198,340.34
1629038700000,46197.9,46198,45760,45868.4,950.07
1629039600000,45868.5,46033,45816.2,46030.2,295.16
1629040500000,46030.2,46055.3,45889.9,45936.2,224.51
1629041400000,45936.3,46009.3,45848.4,46009.2,254.85
1629042300000,46009.2,46188,45986.4,46161.8,214.67
1629043200000,46161.8,46339.7,46061.2,46086.5,570.04
1629044100000,46086.6,46170,45973.1,46119.6,215.21
1629045000000,46119.7,46120,45933.6,45946.7,222.85
1629045900000,45946.7,45997.4,45855.5,45892.6,127.07
1629046800000,45892.5,45968.8,45647.3,45714.3,727.3
1629047700000,45714.2,45966.6,45634.4,45908.3,488.99
1629048600000,45896.8,46019.3,45859.3,45982,497.22
1629049500000,45976.6,46066.5,45935,45992.6,259.41
1629050400000,45981.5,46066.4,45941.9,46047,209.15
1629051300000,46036.4,46036.4,45912,46007,94.68
1629052200000,46007,46296.3,45870,46259.6,677.3
1629053100000,46248,46300.3,46096,46292.1,397.88
1629054000000,46292.1,46416.1,46137.5,46175.8,370.98
1629054900000,46175.9,46245.8,46083.6,46234.2,152.34
1629055800000,46234.2,46338.6,46180.4,46337.4,158.28
1629056700000,46337.5,46434.9,46267.7,46335.3,191.99
1629057600000,46342.6,46385,46260.8,46384.9,120.01
1629058500000,46384.9,46538.4,46349.6,46471.8,486.72
1629059400000,46471.8,46744,46471.8,46568.5,543.6
1629060300000,46568.6,46737.9,46510,46677.2,155.04
1629061200000,46677.2,46784.8,46674.5,46757.4,243.48
1629062100000,46757.5,46924,46696.5,46720.4,266.81
1629063000000,46720.4,46846.5,46449,46846.3,133.94
1629063900000,46846.3,46993,46807.1,46840.7,202.93
1629064800000,46840.8,47164.7,46840.8,47007,611.19
1629065700000,47007.1,47188,46990.3,47146.2,205.93
1629066600000,47146.2,47171.4,47062.6,47109.3,125.78
1629067500000,47090.5,47250,47090.5,47224,291.87
1629068400000,47226,47311.7,47115,47192.2,335.65
1629069300000,47206,47211.6,47020,47114.9,228.26
1629070200000,47114.9,47154.9,46907.6,46967.8,266.48
1629071100000,46965.1,47086.5,46965.1,46990.7,155.91
1629072000000,46990.8,47561.6,46775.3,47487.6,962.33
1629072900000,47493.9,47843.6,47367,47548,2088.19
1629073800000,47547.9,47830,47532.7,47670.8,629.76
1629074700000,47670.8,47784,47560.1,47569.6,271.53
1629075600000,47569.5,47674.7,47504.2,47504.3,304
1629076500000,47504.3,47599.5,47488.9,47572.1,165.1
1629077400000,47580,47698.7,47556.1,47566.8,173.71
1629078300000,47566.8,47680,47525.2,47659.2,174.23
1629079200000,47659.3,47777.7,47659.3,47680.9,321.5
1629080100000,47680.9,47700.6,47593.1,47620,175.64
1629081000000,47620.1,47700,47572.5,47699.9,119.23
1629081900000,47699.9,48013.7,47699.9,47991.9,1119.07
1629082800000,47992,48079.4,47642.1,47671.4,634.72
1629083700000,47671.5,47769.9,47614.5,47652.8,258.51
1629084600000,47652.7,47706.6,47429,47510,413.33
1629085500000,47510,47604.5,47335,47366.8,575.35
1629086400000,47366.7,47511,47354.7,47415.7,266.64
1629087300000,47404.6,47569.2,47404.6,47420.5,303.93
1629088200000,47420.6,47510,47400,47490,214.1
1629089100000,47481.1,47508,47400,47412.9,96.06
1629090000000,47412.8,47620,47412.8,47512.2,237.81
1629090900000,47510.2,47532.3,47455.5,47521.2,152.13
1629091800000,47521.2,47521.2,47440.6,47511.9,143.52
1629092700000,47512,47620,47421.4,47606.6,223.67
1629093600000,47616.5,47727.9,47451,47451,529.5
1629094500000,47451,47451.1,47206.1,47220,483.7
1629095400000,47211.6,47385,47202.3,47353,180.22
1629096300000,47353.1,47440,47270,47339.3,155.56
1629097200000,47339.3,47422.7,47311.1,47368.5,161.72
1629098100000,47365.1,47478.8,47300,47458.4,173
1629099000000,47458.5,47520,47398.2,47418.4,198.05
1629099900000,47418.3,47418.4,47300.7,47306.5,180.3
1629100800000,47306.5,47432.7,47088.8,47164.8,592.26
1629101700000,47164.8,47214.7,46980,47200,659.2
1629102600000,47199.9,47263.3,47150,47202.4,212.12
1629103500000,47202.4,47260,47138.7,47140.1,195.19
1629104400000,47140.1,47209.3,47074.7,47209.2,172.29
1629105300000,47209.3,47224.8,47065.1,47099.2,202.07
1629106200000,47099.2,47199.9,47070,47104.4,172.38
1629107100000,47104.4,47191.1,47056,47182.3,221.22
1629108000000,47182.2,47570,47182.2,47381.6,863.8
1629108900000,47381.6,47398.1,47262.8,47270.1,333.14
1629109800000,47279.9,47380,47267.2,47354,117.24
1629110700000,47354,47480,47340,47423.3,225.86
1629111600000,47423.3,47627,47377.9,47575.4,272.37
1629112500000,47575.3,47666,47500,47530.8,448.13
1629113400000,47530.7,47549,47460,47474.8,204.96
1629114300000,47474.8,47527.9,47437.6,47525,144.93
1629115200000,47524.9,47727.3,47217,47344.5,767.93
1629116100000,47344.4,47430,47222,47321.1,465.76
1629117000000,47321.2,47399.4,47260,47260,185.94
1629117900000,47260,47305.7,47148.1,47303.4,320.17
1629118800000,47303.4,47362.2,47201.1,47243.4,196.3
1629119700000,47240.1,47240.1,47038.7,47088,385.14
1629120600000,47088,47169.2,46525,46586,1792.38
1629121500000,46585.9,46685.6,46320,46424.1,1523.51
1629122400000,46424.1,46569.8,46224,46390.4,1019.6
1629123300000,46390.3,46474,46300,46397.8,494.48
1629124200000,46397.7,46397.7,46148,46197,669.6
1629125100000,46196.9,46367.2,46070,46085.2,839.49
1629126000000,46085.1,46306.6,46000,46099.3,1020.46
1629126900000,46099.3,46219.1,46061,46077.1,339.08
1629127800000,46077.1,46321.4,45924.9,46321.4,926.25
1629128700000,46324.8,46330,46244.9,46319.8,356.79
1629129600000,46319.8,46514.1,46201.4,46466.5,832.39
1629130500000,46466.5,46466.6,46252.8,46286.3,406.46
1629131400000,46286.3,46386.6,46250,46350.3,189.78
1629132300000,46350.2,46459.2,46329.6,46431.9,176.06
1629133200000,46438.1,46438.1,46310,46327.9,117.75
1629134100000,46327.8,46398.9,46161.2,46249.9,263.64
1629135000000,46249.9,46410.1,46186.6,46398.7,200.6
1629135900000,46401.6,46530,46385.5,46469.6,301.01
1629136800000,46469.5,46541.2,46370,46530,202.59
1629137700000,46529.9,46679.9,46475.1,46538.3,370.57
1629138600000,46538.3,46549.9,46382.6,46387.9,119.96
1629139500000,46387.8,46535.9,46387.8,46466.7,106.72
1629140400000,46479.1,46479.1,46310,46310.1,543.78
1629141300000,46310,46399.3,46252.8,46252.8,247.44
1629142200000,46252.8,46420.8,46252.8,46366.7,109.9
1629143100000,46366.6,46366.6,46081.3,46099.3,258
1629144000000,46099.4,46126.3,45665.7,45863.9,1351.74
1629144900000,45849.6,45883.2,45666.1,45775.7,353.7
1629145800000,45775.7,45917.6,45726.7,45765.7,270.46
1629146700000,45755.8,46089.9,45755.3,46065.2,317.91
1629147600000,46060.8,46126.3,45951.8,46003.7,182.06
1629148500000,46004.7,46137.5,45890.3,46131.5,113.49
1629149400000,46131.5,46234.8,46131.5,46218.7,119.62
1629150300000,46218.7,46246.5,46083,46089,267.39
1629151200000,46089,46337.2,46030.9,46191,547.16
1629152100000,46191,46349.8,46166.6,46183.2,172.27
1629153000000,46183.2,46220,46080.1,46090.1,157.62
1629153900000,46094.9,46246.3,46060.9,46131.9,149.96
1629154800000,46131.8,46139.1,45990.5,46030.7,210.86
1629155700000,46041.9,46054.7,45725.2,45907.4,414.2
1629156600000,45907.4,46190.4,45907.4,46123.7,276.13
1629157500000,46137.6,46137.6,45822,45906.7,419.66
1629158400000,45906.6,46086.6,45718.3,45786.6,539.76
1629159300000,45787.2,45839,45222,45567.2,1747.08
1629160200000,45572,45679.4,45430.1,45501.2,584.77
1629161100000,45512.4,45806.6,45470.2,45765.3,400.09
1629162000000,45765.3,46058,45726.9,45954.4,663.19
1629162900000,45954.4,46298,45920.2,46279.6,735.32
1629163800000,46279.6,46279.6,46133.4,46246.5,294.99
1629164700000,46246.5,46388.1,46201.3,46287.5,461.58
1629165600000,46287.5,46322.7,46200,46311.4,240.59
1629166500000,46311.5,46311.5,46158,46190,182.36
1629167400000,46190,46445.5,46181,46406.5,383.22
1629168300000,46406.4,46470,46312.7,46442.7,328.67
1629169200000,46442.6,46442.7,46319.2,46366.6,125.86
1629170100000,46366.7,46542.6,46366.7,46489.8,295.99
1629171000000,46489.9,46626.9,46450.4,46495.8,452.96
1629171900000,46483.3,46483.3,46363,46414,213.89
1629172800000,46414,46587.1,46380,46525.6,228.95
1629173700000,46525.5,46534.6,46255,46262.1,276.3
1629174600000,46262.1,46400,46262,46350,248.31
1629175500000,46350.1,46468.4,46350.1,46367.1,178.13
1629176400000,46367.1,46430.5,46169,46176,333.21
1629177300000,46176.1,46471.1,46042,46415.5,570.66
1629178200000,46415.4,46466,46186.6,46301.5,204.37
1629179100000,46301.5,46301.5,46018,46040.3,269.84
1629180000000,46040.4,46108.8,45820,45893.4,793.38
1629180900000,45893.5,46049.9,45870.1,46049.3,347.92
1629181800000,46044.7,46049.9,45815.2,45818.3,301.39
1629182700000,45818.2,45946.6,45755.5,45772.9,351.28
1629183600000,45772.8,45856,45651.3,45856,527.03
1629184500000,45856,46023,45666,45697.1,468.73
1629185400000,45697.1,45939,45652.1,45938.9,316.17
1629186300000,45932.2,45979,45856.1,45950.7,151.61
1629187200000,45952.9,46144.6,45879.3,46003.8,421.31
1629188100000,46003.9,46344.9,46003.9,46344.8,463.57
1629189000000,46344.8,46379.3,46222,46272.1,264.33
1629189900000,46272.1,46303,46161.2,46210,228.49
1629190800000,46210,46425.6,46193.2,46323,310.72
1629191700000,46323.1,46616.7,46316.8,46519.5,595.15
1629192600000,46519.6,46863.3,46519.5,46727.4,844.1
1629193500000,46727.4,46887.7,46651.1,46856.3,452.89
1629194400000,46859.2,46963,46761,46805.4,747.63
1629195300000,46805.5,46830.6,46736,46800,204.17
1629196200000,46800,46950,46754.5,46799.9,287.26
1629197100000,46799.9,46931.6,46609,46637.8,646.01
1629198000000,46637.9,46917.5,46637.9,46742.5,330.9
1629198900000,46742.5,46879.5,46637.5,46844.1,243.81
1629199800000,46836.1,47177.2,46836.1,47051.1,580.95
1629200700000,47051,47183.5,46732.1,46864.6,783.03
1629201600000,46864.5,47080,46864.5,46937.1,424.38
1629202500000,46937.1,47064.7,46870,47021.7,257.8
1629203400000,47021.8,47049,46697,46806.6,549.13
1629204300000,46796.6,46845,46657,46657.1,267.91
1629205200000,46657.1,46808.8,46270.2,46418.1,762.34
1629206100000,46418.1,46580,46351.7,46534,700.55
1629207000000,46534.1,46598.8,46372,46578.5,438.95
1629207900000,46578.5,46578.5,46337.1,46376.5,348.28
1629208800000,46376.5,46451.5,46131.8,46158.2,714.16
1629209700000,46158.3,46246.6,45880,45919.7,1031.87
1629210600000,45919.8,46072.8,45877,45955.1,662.01
1629211500000,45966.5,46119.8,45911.2,45945,391.74
1629212400000,45945,46043,45755.8,45891.3,518.3
1629213300000,45891.3,45950,45800,45909.5,292.29
1629214200000,45909.4,45921,45681,45700,614.29
1629215100000,45700.1,45836.5,45666.9,45728.6,500
1629216000000,45741,45931.9,45532.1,45871.7,1630.36
1629216900000,45871.6,45965,45680,45858.4,493.61
1629217800000,45858.4,45915.9,45674.5,45718.2,316.09
1629218700000,45718.2,45836.6,45660.4,45660.4,172.58
1629219600000,45660.4,45833.6,45544.7,45720,389.19
1629220500000,45720,45785.7,45623.1,45785.7,169.24
1629221400000,45775,45890,45658.2,45867.4,297.13
1629222300000,45867.4,45957.9,45765,45812,476.51
1629223200000,45812,46227.6,45786.6,46155,712.73
1629224100000,46155,46167.5,46003.3,46071.5,201.89
1629225000000,46071.4,46071.5,45687.6,45700.8,366.2
1629225900000,45700.8,45946.5,45680,45762.8,300.71
1629226800000,45762.8,45806.1,45414.7,45572.3,618.82
1629227700000,45570,45699,45334.4,45671.5,557.78
1629228600000,45668,45697,45452.5,45502.6,139.93
1629229500000,45502.6,45604.5,45300.3,45470.3,482.11
1629230400000,45466.6,45540,45012.3,45103.9,1149.05
1629231300000,45103.8,45103.8,44607,44744.2,1475.85
1629232200000,44744.2,44982.5,44533.6,44886.6,977.01
1629233100000,44882,45114.8,44850,44993,513.93
1629234000000,44988.3,45036.5,44757.5,44941.2,313.72
1629234900000,44941.3,44942.5,44735,44913.6,182.71
1629235800000,44927.2,44988.3,44766.6,44875.3,145.2
1629236700000,44886.6,44982.8,44759,44801,139.63
1629237600000,44801,44926.4,44629.8,44666.7,334.57
1629238500000,44666.6,44833.9,44386.6,44721.6,1393.2
1629239400000,44729.3,44957.5,44663.7,44815.3,695.39
1629240300000,44826.2,44935,44730.6,44933.3,310.63
1629241200000,44922.2,44932.2,44755,44861.7,179.88
1629242100000,44861.7,44870,44662.8,44826.5,228.43
1629243000000,44816.1,44948.5,44650.1,44674.5,269.4
1629243900000,44674.5,44775.8,44572.1,44691,304.47
1629244800000,44688,45013.4,44608,44804.9,717.31
1629245700000,44804.8,44929.9,44700.1,44726.4,326.92
1629246600000,44735.7,44745,44525,44540.2,279.34
1629247500000,44540.3,44877.1,44477.1,44819.6,422.68
1629248400000,44827.6,44827.6,44222,44370.6,1074.21
1629249300000,44365.2,44770,44335.6,44691.4,747.49
1629250200000,44691.5,44968.9,44691.5,44924.7,416.78
1629251100000,44926.6,45124,44818,45124,536.56
1629252000000,45124,45145.4,44936.5,45110,473.16
1629252900000,45110,45110,44951,44978.5,195.63
1629253800000,44970.1,45022,44500,44866,798.26
1629254700000,44866,45018,44764.1,44947,416.31
1629255600000,44961,45004.6,44768,44770,170.78
1629256500000,44769.9,44816.3,44674.2,44688.9,254.74
1629257400000,44695.6,44916.9,44613.4,44826.6,260.69
1629258300000,44820.1,45073.4,44820,45073.4,320.56
1629259200000,45073.5,45285.3,45001.5,45181.8,674.75
1629260100000,45181.8,45185.4,45005.4,45020.9,206.5
1629261000000,45009.3,45099.8,44900.3,44930.3,222.15
1629261900000,44930.2,45088,44866,45066.8,275.4
1629262800000,45068.4,45229.9,45006.7,45144,252.43
1629263700000,45144,45316,45134.2,45266.5,377.19
1629264600000,45266.5,45366.8,45236.1,45364.2,464.57
1629265500000,45364.2,45421,45326.1,45421,332.4
1629266400000,45420.9,45432.6,45285.7,45327.5,341.25
1629267300000,45327.6,45488.6,45230.9,45292.7,345.94
1629268200000,45292.8,45349.4,45222,45286.6,168.61
1629269100000,45286.6,45440.2,45283.1,45387.4,133.34
1629270000000,45387.4,45435.7,45202,45218,308.06
1629270900000,45218,45266.6,45060.1,45090.7,410.59
1629271800000,45090.7,45248.9,45090.7,45100.2,308.58
1629272700000,45100.2,45123.7,44865,44962.5,518.05
1629273600000,44955.8,45143.9,44950,45095.5,365.47
1629274500000,45095.6,45225.4,44956,44956,330.94
1629275400000,44956,45125,44868,45035.5,288.96
1629276300000,45030.1,45285.7,45030.1,45257,266.04
1629277200000,45257,45375,45128,45340,331.47
1629278100000,45339.9,45421,45266.6,45278.9,301.41
1629279000000,45279,45425.3,45277.1,45425.3,91.24
1629279900000,45425.2,45450,45346.6,45370.9,140.09
1629280800000,45370.9,45549.1,45292.7,45292.7,480.94
1629281700000,45292.7,45342.4,45158.2,45158.2,531.47
1629282600000,45158.2,45327.1,45116.9,45279.2,288.04
1629283500000,45271,45380,45177.1,45198.4,176.27
1629284400000,45198.1,45432.1,45185,45185,262.79
1629285300000,45185,45333,45038.7,45046.6,321.61
1629286200000,45039.2,45109.8,44747.3,44830.7,800.93
1629287100000,44829.9,44854.3,44652,44766.6,634.76
1629288000000,44760.4,44936.3,44736.1,44736.2,551.89
1629288900000,44736.1,45067.1,44669.2,44938.5,438.32
1629289800000,44938.5,44991.6,44815,44882.7,257.92
1629290700000,44882.8,45126.5,44882.7,45006.6,293.53
1629291600000,45012.3,45316.8,45012.3,45186.7,464.2
1629292500000,45186.8,45385.7,45186.8,45326.6,254.26
1629293400000,45320.1,45379.8,45178.1,45191.5,251.71
1629294300000,45183.3,45306.3,45111.1,45266.7,260.03
1629295200000,45259.3,45354,45220.1,45276.1,210.06
1629296100000,45276.1,45480,45273.4,45319.6,452.17
1629297000000,45319.7,45394.9,45155,45309.7,304.97
1629297900000,45309.7,45457.7,45230,45409.9,265.92
1629298800000,45409.9,45474.4,45249.9,45294.5,280.48
1629299700000,45294.5,45362.7,45220.3,45246.6,176.04
1629300600000,45236.7,45416,45202.3,45374.4,226.8
1629301500000,45363.5,45855.6,45363.5,45832.1,1557.15
1629302400000,45828,45876,45658.6,45690.2,693.27
1629303300000,45690.2,45736.6,45597,45698.8,509.45
1629304200000,45698.8,45887.5,45698.8,45801.3,341.11
1629305100000,45797.8,45987,45751.9,45879,465.42
1629306000000,45879,45920,45755,45788.6,192
1629306900000,45801.2,45872.9,45731.2,45833.8,147.87
1629307800000,45833.8,45875,45755,45796.9,131.46
1629308700000,45797,45920.5,45777.9,45815.9,146.72
1629309600000,45819.8,46034.7,45540,45606.5,807.33
1629310500000,45606.5,45699.6,45495.4,45637.9,408.51
1629311400000,45629.8,45782,45563,45563,230.57
1629312300000,45563.1,45630.3,45357,45410.6,419.79
1629313200000,45410.5,45519.2,45329.8,45329.8,175.13
1629314100000,45327.4,45413.2,44992.1,45061.2,779.87
1629315000000,45066.6,45125.3,44884.3,44895.5,473.81
1629315900000,44895.5,45002.5,44773,44914,587.73
1629316800000,44913.9,44996,44752.8,44919.5,259.46
1629317700000,44915.5,44926.6,44760.1,44865.2,213.03
1629318600000,44867.5,44887.5,44700,44757.2,246.83
1629319500000,44763.2,44763.2,44535.5,44544.8,456.91
1629320400000,44544.7,44786.6,44410,44692.1,500.64
1629321300000,44699.9,44699.9,44479.5,44682.2,193.61
1629322200000,44682.1,44682.1,44550.5,44657.1,90.48
1629323100000,44657.1,44722.4,44577.9,44585.6,124.39
1629324000000,44585.5,44828,44526.6,44819,196.6
1629324900000,44819,44886.6,44716.6,44865.5,251.79
1629325800000,44865.5,44865.5,44746.6,44798.8,87.83
1629326700000,44807.7,44915,44740.9,44876.3,98.68
1629327600000,44876.4,44979.8,44829.2,44972.8,212.47
1629328500000,44972.8,45084.1,44914.4,45063.7,253.1
1629329400000,45073.1,45177,44944.7,44951.9,262.41
1629330300000,44951.8,45026.6,44700.1,44730,307.16
1629331200000,44713.9,44970.3,44634.2,44646.6,355.55
1629332100000,44646.7,44827.2,44502,44702.1,515.6
1629333000000,44690,44830,44531.4,44828,426.34
1629333900000,44816.6,45086.5,44816.6,45068.1,429.27
1629334800000,45060,45060,44880,45037.6,314.46
1629335700000,45037.6,45117.4,44987.5,45100,216.74
1629336600000,45099.9,45189.9,45045.9,45184.2,207.92
1629337500000,45186.5,45240,44960,44972.9,333.89
1629338400000,44973,44973,44768.1,44815.4,366.61
1629339300000,44815.3,44860,44644,44693.1,340.44
1629340200000,44693.1,44770,44631,44649.2,230.77
1629341100000,44649.2,44722.2,44600,44600.1,222.7
1629342000000,44600.1,44625.1,44249.5,44315.8,1023.09
1629342900000,44315.9,44379.8,44135.3,44145,1076.38
1629343800000,44144.9,44330,44070,44206.6,825.01
1629344700000,44206.5,44310.1,44031.1,44052,597.56
1629345600000,44052.1,44258.5,43954.5,44095.6,1042.13
1629346500000,44095.7,44311.8,43925.2,44309.9,669.78
1629347400000,44310,44335,44185.1,44286.5,312.7
1629348300000,44284.6,44284.6,44101,44141.5,224.28
1629349200000,44141.6,44260,44039.4,44200,322.34
1629350100000,44189.8,44469.7,44169.1,44440,579.7
1629351000000,44440,44490,44337.7,44422.7,505.69
1629351900000,44422.7,44489.4,44373.5,44396.7,262.17
1629352800000,44396.7,44440,44211.6,44263.3,407.2
1629353700000,44263.3,44400,44220,44356.7,190.02
1629354600000,44356.6,44449.8,44316.9,44332.6,156.96
1629355500000,44332.5,44573.8,44266.7,44385.4,643.75
1629356400000,44385.4,44499,44337.6,44498.9,214.66
1629357300000,44500,44506.6,44370.5,44373.1,255.03
1629358200000,44373.1,44439.9,44270,44366.6,316.9
1629359100000,44363.1,44671.9,44225,44671.9,667.25
1629360000000,44670,44977.8,44454.5,44472.6,1482.7
1629360900000,44484.8,44763,44366,44738.5,849.95
1629361800000,44738.4,44861,44666.6,44731,428.44
1629362700000,44731,44778.9,44600,44706.7,375.29
1629363600000,44717.5,44861,44696.8,44778.7,312.69
1629364500000,44774.8,44786.5,44611.9,44740.1,301.5
1629365400000,44745,44849.9,44720,44840,319.22
1629366300000,44842,44877.5,44742,44758.5,214.01
1629367200000,44758.4,44856.1,44657.1,44657.2,214.73
1629368100000,44657.1,44721.5,44560,44712.5,338.83
1629369000000,44712.6,44730.4,44471,44481.7,362.01
1629369900000,44481.6,44481.7,44357.9,44380.1,421.99
1629370800000,44380.1,44449.2,44219,44346.6,435.95
1629371700000,44342.9,44502,44306.7,44369.9,250.19
1629372600000,44379.7,44480,44286,44292.7,224.74
1629373500000,44295.4,44386.5,44205.7,44230.4,356.04
1629374400000,44230.4,44310,44153,44296.2,480.71
1629375300000,44296.2,44480,44250,44414,458.08
1629376200000,44413.9,44566.6,44363,44506.7,415.9
1629377100000,44500.1,44622.8,44440,44581.5,292.16
1629378000000,44581.6,44708,44520.1,44676.6,421.26
1629378900000,44676.6,44725,44473.2,44474.7,344.99
1629379800000,44470.1,44824.3,44413.3,44810,683.7
1629380700000,44809.9,45000,44788.6,44981.9,877.95
1629381600000,44982,45333,44982,45253.5,1401.68
1629382500000,45253.6,45477,45235.1,45235.1,818.75
1629383400000,45235.2,45400,45167.1,45312.7,677.07
1629384300000,45307.3,45468,45270.1,45466.6,335.8
1629385200000,45465,45741,45464.9,45572.2,893.15
1629386100000,45572.3,45658.6,45500,45560.7,415.2
1629387000000,45560.8,45777,45560.8,45634.8,435.09
1629387900000,45634.7,45800,45634.7,45780,468.79
1629388800000,45780.1,45950,45600,45620.9,1184.85
1629389700000,45621,45760,45621,45751.9,366.37
1629390600000,45752,45846.5,45692.7,45761.4,223.98
1629391500000,45753.6,45829.2,45591.3,45606.4,372.69
1629392400000,45606.5,45693.2,45427,45508.5,644.04
1629393300000,45508.5,45714.8,45508.4,45648.9,256.17
1629394200000,45648.9,45760,45623.5,45658.9,250.66
1629395100000,45655.2,45802.6,45655.2,45722.5,183.63
1629396000000,45722.5,45801.3,45679.8,45745.1,214.01
1629396900000,45745.1,46673.5,45745.1,46394.6,2445.29
1629397800000,46394.7,46803.5,46394.7,46597.9,1193.27
1629398700000,46597.9,46681.5,46458.9,46595.9,444.07
1629399600000,46596,46772.7,46533.2,46540.2,577.25
1629400500000,46541.1,46703.2,46502.5,46690,296.87
1629401400000,46698.4,46747.7,46628.6,46700,187.13
1629402300000,46699.9,46739.9,46571.9,46711.9,223.75
1629403200000,46711.9,46880,46460,46460.1,603.86
1629404100000,46460.1,46569.9,46460.1,46539.4,187.06
1629405000000,46531.1,46656.9,46515.3,46650,133.52
1629405900000,46657,46660,46472.8,46608,136.4
1629406800000,46608.1,46626.6,46506.6,46518.3,85.83
1629407700000,46518.3,46636.2,46510,46540.1,96.61
1629408600000,46540,46620,46540,46557,34.21
1629409500000,46561.5,46726.4,46561.5,46620.3,83.28
1629410400000,46620.3,46686.5,46505.7,46575.7,151.77
1629411300000,46575.7,46588,46361.3,46560.8,283.94
1629412200000,46549.1,46578.4,46390,46390,171.91
1629413100000,46390,46818,46390,46818,329.89
1629414000000,46818,47077,46578.2,46625,906.62
1629414900000,46624.9,46720,46514,46592,270.99
1629415800000,46592,46691.8,46550.8,46664.1,243.68
1629416700000,46664.1,46775,46562.9,46772.6,200.43
1629417600000,46772.6,46872,46640.3,46863.9,536.78
1629418500000,46863.9,47482.8,46798.5,47300.1,1326.98
1629419400000,47300.1,47387.8,47233.3,47264.9,864.68
1629420300000,47265,47286.6,47090.7,47159.9,410.9
1629421200000,47160,47198.1,46876.7,47066.5,570.98
1629422100000,47066.4,47246.8,47031.3,47076.7,474.88
1629423000000,47076.7,47275.5,47076.7,47257.8,341.76
1629423900000,47257.8,47315.8,47157,47195.4,389.77
1629424800000,47195.5,47222,47102.5,47106.8,270.76
1629425700000,47106.7,47270,47103.2,47236.1,408.06
1629426600000,47236.2,47328.9,47161,47208,635.25
1629427500000,47207.5,47300,47123.5,47169.1,511.59
1629428400000,47169,47199.1,46991,47073.4,543.24
1629429300000,47073.3,47113.5,46963.7,47000.1,295.93
1629430200000,47000,47150,46994.4,47094,218.1
1629431100000,47094,47157.4,47030,47076.7,136.98
1629432000000,47076.8,47203.4,47004.7,47133.4,304.62
1629432900000,47133.3,47244.3,47076,47086.4,289.9
1629433800000,47085.5,47162,47053.2,47162,106.04
1629434700000,47161.9,47200,47085.1,47120,174.7
1629435600000,47124,47147.6,46921.6,46938.9,328.39
1629436500000,46937.2,47040,46929.7,47038,243.15
1629437400000,47037.9,47210,47011.1,47086.6,253.65
1629438300000,47093.6,47160,47022,47160,144.12
1629439200000,47163.1,47234,47100,47225.6,308.17
1629440100000,47225.6,47225.6,47139.2,47162.6,83.12
1629441000000,47162.7,47162.7,47013,47033.5,164.79
1629441900000,47033.4,47188,47027.4,47187.9,208.25
1629442800000,47187.9,47209.8,47081.8,47081.8,147.19
1629443700000,47081.8,47175,47031.7,47068.9,249.04
1629444600000,47068.9,47078.9,46875.2,46978.6,461.7
1629445500000,46978.2,46978.2,46730,46848,479.89
1629446400000,46847.9,46999,46751.3,46762.8,396.03
1629447300000,46763.3,46945,46760,46918.1,175.66
1629448200000,46918.2,46922.8,46770,46796.2,305.09
1629449100000,46796.1,46914.9,46772.6,46914.9,167.69
1629450000000,46914.9,47218.8,46898.9,47162.5,871.43
1629450900000,47162.5,47162.6,47039.2,47061.2,302.84
1629451800000,47061.3,47283.4,47001,47283.4,629.72
1629452700000,47283.4,47344.8,47161.1,47194,297.7
1629453600000,47194,47273.8,47136.8,47200,192.76
1629454500000,47199.9,47252.2,47160,47228.3,268.75
1629455400000,47237.1,47385.1,47201.1,47242.4,434.15
1629456300000,47242.4,47255.3,47166.7,47237.3,209.16
1629457200000,47237.3,47237.3,47080,47080.9,281.25
1629458100000,47080.9,47186.6,47020,47100.4,202.86
1629459000000,47109.9,47140,46947.9,47026.4,261.29
1629459900000,47026.3,47026.3,46876,46931.9,429.58
1629460800000,46931.9,47048.9,46902.1,47014,189.62
1629461700000,47019,47156.4,46971.7,47120.4,257.84
1629462600000,47120.4,47120.5,46986.9,46987,161.47
1629463500000,46987,47200,46935,47186,352.26
1629464400000,47185.9,47260.1,47131.9,47171.9,202.42
1629465300000,47172,47608,47133,47459.3,932.27
1629466200000,47455.7,47668.3,47406.6,47625.9,692.14
1629467100000,47625.9,47855,47542.9,47810.4,925.69
1629468000000,47810.3,47886,47672.6,47850,833.09
1629468900000,47850.9,48038.4,47818.4,47984.3,1426.27
1629469800000,47971.9,48478.9,47888,48374.9,2072.99
1629470700000,48375,48664,48360.1,48556.9,1838.78
1629471600000,48556.9,48615.9,48233.3,48272.3,1436.95
1629472500000,48273.5,48468.3,48273.4,48400,436.91
1629473400000,48399.9,48535,48352.9,48516.9,412.76
1629474300000,48516.9,48733.6,48450,48728.9,833.98
1629475200000,48724,48869,48588.4,48798,1082.41
1629476100000,48798,49111,48747.7,49077.3,1264.78
1629477000000,49077.3,49145,48635.8,48790,1177.78
1629477900000,48789.9,48789.9,48480,48751.5,587.02
1629478800000,48751.5,48873.2,48701.1,48760.2,353.97
1629479700000,48766.5,48844.8,48652.1,48686.3,208.74
1629480600000,48686.2,48753.1,48601.5,48619.2,197.88
1629481500000,48619.2,48769.3,48619.2,48674.1,126.73
1629482400000,48674,48752.9,48560,48610,194.75
1629483300000,48610.1,48653.6,48500,48500,183.89
1629484200000,48500,48584.7,48310,48429.2,467.14
1629485100000,48429.2,48534.6,48406.1,48471.4,287.63
1629486000000,48471.5,48559,48455,48460,139.29
1629486900000,48457.3,48658.5,48437.3,48564.1,131.69
1629487800000,48561.8,48724.7,48560,48715.3,103.7
1629488700000,48714.3,48726.6,48616.9,48684.9,96.87
1629489600000,48684.9,48777,48610.1,48776.9,77.93
1629490500000,48771.4,48829.9,48680.1,48808.7,121.96
1629491400000,48808.7,48839.1,48669.3,48680,102.49
1629492300000,48680,48728,48629.7,48650.1,99.76
1629493200000,48650.1,48779.9,48633.7,48710.9,75.3
1629494100000,48716.1,48739.6,48666.6,48725.2,53.67
1629495000000,48728.9,48912.5,48728.9,48912.5,110.3
1629495900000,48916.4,49570.3,48846.6,49359.9,1197.52
1629496800000,49359.9,49417,49060.1,49229.4,466.5
1629497700000,49229.4,49229.4,49070,49120,226.02
1629498600000,49120.1,49163.8,48977.3,48980.2,203.6
1629499500000,48980.3,49230,48950,49196.9,238.35
1629500400000,49196.9,49266.6,49093.9,49200,234.39
1629501300000,49195,49275.7,49166.6,49166.6,138.35
1629502200000,49162.7,49231.5,49111.6,49222.2,218.83
1629503100000,49222.1,49353,49000,49307,328.75
1629504000000,49319.6,49343.5,49038.3,49069.7,470.2
1629504900000,49069.6,49179.8,48790.7,48826.6,443.09
1629505800000,48826.6,49036.3,48718.5,48985.2,407.9
1629506700000,48985.2,49056.3,48880,48880,155.48
1629507600000,48880.1,48966.6,48793,48928.2,195.67
1629508500000,48928.2,49017,48855.3,48855.4,145.56
1629509400000,48855.4,48974.8,48822.3,48898.6,130.84
1629510300000,48898.7,49072,48898.6,49047.7,213.18
1629511200000,49047.7,49054.9,48967.3,48999.9,123.62
1629512100000,49000,49095.6,48960.7,49080,208.73
1629513000000,49080,49104.8,48982.1,48992.2,161.14
1629513900000,48992.3,49007.9,48849.6,48870,237.95
1629514800000,48870,48904.6,48700.5,48816.9,302.28
1629515700000,48816.8,48896.4,48802.4,48844.5,108.8
1629516600000,48844.6,48930,48824.6,48860,132.51
1629517500000,48860,48935,48776.3,48849.9,132.1
1629518400000,48850,48850,48701,48723.8,167.53
1629519300000,48723.7,48761.1,48600,48732.7,313.75
1629520200000,48732.8,48844.5,48680.3,48682.3,206.29
1629521100000,48682.3,48783.2,48660,48660.1,202.84
1629522000000,48660.1,48862.9,48603.3,48842.6,296.85
1629522900000,48842.7,48997.4,48842.6,48921.9,347.77
1629523800000,48921.8,48950,48805,48829.4,176.91
1629524700000,48829.3,48900,48766.6,48857.9,175.36
1629525600000,48858,48858,48745.9,48826.6,84.6
1629526500000,48827.5,48850.7,48708.8,48807.7,111.91
1629527400000,48817.5,48817.5,48673.7,48729.2,122.39
1629528300000,48721.8,48750.9,48640,48712,161.28
1629529200000,48712.1,48786,48655,48741.8,200.06
1629530100000,48741.8,48981.2,48726.6,48906.6,485.68
1629531000000,48906.6,48944.8,48836.5,48862.3,151.26
1629531900000,48862.4,49027.1,48862.3,48970.1,256.63
1629532800000,48970.1,49170,48926.6,49061.7,434.68
1629533700000,49056.5,49082.5,48884.7,48899.3,307.26
1629534600000,48899.3,48913.5,48840.6,48899.7,154.8
1629535500000,48899.8,48899.8,48800,48866.6,137.06
1629536400000,48872.8,48930.9,48774,48877.8,188.76
1629537300000,48877.7,48916.4,48818.1,48844.4,95.19
1629538200000,48844.3,48844.4,48780,48820.5,127.85
1629539100000,48839.9,48928.9,48788,48817.3,108.53
1629540000000,48817.4,48915,48779.9,48878.5,138.49
1629540900000,48890.9,48966,48867.2,48886.8,173.62
1629541800000,48886.9,48972.2,48850,48938,87.93
1629542700000,48938.1,49389.7,48938.1,49293.9,1123.5
1629543600000,49294,49462.7,48245.2,48483.3,3422.74
1629544500000,48483.3,48600,48312.4,48363.2,1185.47
1629545400000,48363.2,48581.1,48357,48513.3,463.28
1629546300000,48513.3,48589.1,48420.8,48516.8,294.27
1629547200000,48506.7,48619.9,48455.8,48583.4,235.38
1629548100000,48583.4,48715,48580,48674.2,312.87
1629549000000,48674.2,48716.8,48574.2,48711.4,296.44
1629549900000,48698.6,49361.7,48698.6,49229.3,1605.74
1629550800000,49229.4,49477.1,49051.3,49133.8,1234.01
1629551700000,49133.8,49330.3,49059,49268.5,570.7
1629552600000,49268.4,49300,49193.1,49292.2,396.27
1629553500000,49292.2,49292.2,49070,49140.6,314.32
1629554400000,49140.5,49166.5,48980.1,49019.6,449.49
1629555300000,49022,49125.9,48944.2,49030.8,585.2
1629556200000,49030.8,49095,48954,48981.9,289.49
1629557100000,48969.1,49044,48953.1,48986.6,136.19
1629558000000,48986.7,49183.7,48960.4,49158.5,463.1
1629558900000,49158.5,49235.1,49050,49102.2,334.04
1629559800000,49102.2,49197.6,49096,49191.9,202.54
1629560700000,49191.9,49266.2,49160,49180.4,281.52
1629561600000,49180.4,49333,49061.8,49327.7,463.69
1629562500000,49323.9,49797,49220.3,49597,1275.75
1629563400000,49597.1,49707,49430,49456.8,769.01
1629564300000,49460.9,49525,49409.8,49486.7,238.47
1629565200000,49486.8,49698.6,49377.4,49591.1,477.49
1629566100000,49591.1,49636.6,49471.5,49601.7,333.74
1629567000000,49601.7,49727.5,49526.1,49629.3,374.94
1629567900000,49629.2,49799,49452.4,49672.4,671.7
1629568800000,49672.5,49693.2,49311.7,49450.6,673.57
1629569700000,49450.6,49450.6,49350.1,49380,180.89
1629570600000,49380,49570.6,49281.2,49527.3,317.64
1629571500000,49527.2,49570,49468.9,49471.1,113.9
1629572400000,49470,49476.6,49155.4,49282,375.2
1629573300000,49282.1,49293.2,48743.7,49144.2,984.05
1629574200000,49144.1,49213.7,48934,48955.4,337.09
1629575100000,48955.4,49062.9,48858.7,48981.3,249.3
1629576000000,48981.3,49166.6,48855,48900,335.6
1629576900000,48900,49044.2,48873.4,48918.4,127.57
1629577800000,48918.4,49098.4,48918.4,49063.7,171.11
1629578700000,49063.7,49099.1,48917.5,49000.5,199.85
1629579600000,49000.5,49052.1,48908,49048.7,150.38
1629580500000,49055.3,49200,49050.1,49127.8,180.07
1629581400000,49127.8,49259.8,49073.1,49101.3,80.56
1629582300000,49106.3,49230.8,49106.3,49157.7,79.64
1629583200000,49157.7,49319.1,49157.7,49252,251.75
1629584100000,49252,49350,49251.9,49300.4,175.56
1629585000000,49300.5,49361.7,49159.6,49216.6,174.91
1629585900000,49226.6,49361,49226.6,49333.6,124.77
1629586800000,49333.7,49381.7,49287.9,49290,117.26
1629587700000,49286.7,49310,49111,49139.1,162.46
1629588600000,49139,49186.4,48904,48987.7,233.34
1629589500000,48987.7,49034,48785.3,48827.1,254.49
1629590400000,48827.1,49000,48666,48878.6,510.85
1629591300000,48878.5,48950,48735.2,48906.7,250.79
1629592200000,48906.7,49029.2,48893.5,48954.2,210.54
1629593100000,48954.1,49025.4,48817.7,48969.5,129.81
1629594000000,48969.4,48995.7,48871.5,48888.8,132.62
1629594900000,48888.8,49025.8,48882.5,49025.7,97.05
1629595800000,49025.7,49161.5,49015.9,49123.3,262.98
1629596700000,49123.3,49162.9,49045,49050,199.68
1629597600000,49041.3,49058.2,48941.2,48965.4,143.14
1629598500000,48965.4,49006.6,48860,48881.9,157.86
1629599400000,48876.1,48876.1,48751.1,48760,412.9
1629600300000,48753.6,48905.2,48740,48832.1,240.3
1629601200000,48832,48896,48777.2,48819.3,181.69
1629602100000,48819.3,48871.1,48653.2,48691.4,226.47
1629603000000,48691.3,48792.9,48606.8,48769.2,382.03
1629603900000,48777.9,48866.3,48721.6,48796.2,168.69
1629604800000,48789.9,48924.4,48787.9,48884.1,198.73
1629605700000,48884,48948,48858.2,48890.5,181.51
1629606600000,48890.6,48915.5,48826.6,48844.5,117.73
1629607500000,48844.5,49123.4,48807.3,49117,277.72
1629608400000,49112.8,49269.1,49052,49080,468.19
1629609300000,49080,49100,48960.6,48993,280.97
1629610200000,49003.3,49115.2,48981,49086.5,108.3
1629611100000,49086.6,49160,49049.7,49130.1,145.75
1629612000000,49145.7,49216,49057.7,49114.8,183.78
1629612900000,49114.8,49278.5,49114.8,49163,400.23
1629613800000,49155.8,49274,49146.7,49256.8,191.57
1629614700000,49256.9,49264.9,49166.6,49166.6,213.83
1629615600000,49166.6,49249.6,49146,49146,124.38
1629616500000,49139,49227.7,49105,49227.6,191.84
1629617400000,49227.6,49227.6,49143.2,49161.9,83.51
1629618300000,49161.9,49249.7,49132.5,49186.7,140.95
1629619200000,49198.1,49271.9,49162.9,49183.4,189.2
1629620100000,49181.5,49185.9,48885.7,48988.8,476.35
1629621000000,48988.8,49121,48950.1,49075.6,154.64
1629621900000,49075.7,49123,48979,48990,163.83
1629622800000,48990,49100,48989.9,49019.1,155.98
1629623700000,49019.1,49167.1,49019,49139.8,139.15
1629624600000,49139.7,49219.1,49080.1,49213.3,292.46
1629625500000,49213.3,49277.9,49180.2,49215.9,270.2
1629626400000,49216,49379.5,49140,49310.7,394.22
1629627300000,49310.7,49488,49286.6,49346.8,486.97
1629628200000,49346.9,49442.3,49253.8,49285.2,306.69
1629629100000,49285.2,49344,49088,49119,457.02
1629630000000,49117.7,49178.4,49080.1,49178.4,219.85
1629630900000,49178.3,49191.4,49101.1,49143.4,134.51
1629631800000,49143.5,49159.7,49030,49120.7,154.15
1629632700000,49120.8,49144.7,49060.3,49144.7,133.32
1629633600000,49144.7,49244.6,48914.2,49006.9,615.57
1629634500000,49000.7,49069.4,48972.3,48991.8,160.9
1629635400000,48991.8,49049.9,48866.1,48915.4,394.12
1629636300000,48915.4,49018.4,48868.5,48880.1,316.17
1629637200000,48880,48919.3,48788,48851.8,466.04
1629638100000,48851.9,48973.1,48684.4,48973,981.32
1629639000000,48973,49045,48780.7,48800.2,706.44
1629639900000,48800.2,48920,48720,48893.1,298.62
1629640800000,48893.1,48948,48792.8,48867.2,282.2
1629641700000,48867.2,48940,48720.8,48792.9,275.24
1629642600000,48793,48793,48418,48640,1157.64
1629643500000,48645.8,48645.8,48221.3,48277.9,1354.03
1629644400000,48277.9,48440.6,47949.7,48384.2,1392.21
1629645300000,48384.2,48461.8,48256.3,48406.4,623.38
1629646200000,48406.4,48515,48386.6,48500,463.02
1629647100000,48499.9,48525,48415.4,48524.9,256.4
1629648000000,48525,48547.9,48380,48491.6,494.05
1629648900000,48491.6,48713.2,48386.6,48702.4,530.61
1629649800000,48702.4,48860.9,48651.5,48739.9,747.93
1629650700000,48739.9,48759.8,48546,48635.7,503.36
1629651600000,48635.7,48748,48600,48730.6,172.75
1629652500000,48730.6,48765.9,48508.8,48617.8,252.78
1629653400000,48617.8,48697.2,48566.6,48602.8,121.24
1629654300000,48602.9,48699.9,48569.3,48693.3,130.15
1629655200000,48693.3,48693.3,48191.2,48281.5,723.83
1629656100000,48283.2,48387.4,48200,48346.9,358.99
1629657000000,48339.3,48480,48306.7,48468.3,148.63
1629657900000,48476.6,48523,48392,48392,170.22
1629658800000,48392.1,48575,48358,48528,195.64
1629659700000,48525.7,48699.6,48525.7,48653,157.8
1629660600000,48653,48686.4,48606.6,48630.4,90.19
1629661500000,48630.4,48672.3,48470,48664.1,90.15
1629662400000,48664.1,48664.2,48368.1,48407.8,247.69
1629663300000,48407.8,48478.6,48336.7,48392.6,176.32
1629664200000,48386.1,48387.9,48269,48378.9,187.93
1629665100000,48378.9,48458,48274.5,48396.9,156.88
1629666000000,48396.8,48426.6,48250.3,48300.8,120.8
1629666900000,48300.8,48434.4,48297.4,48366.6,88.84
1629667800000,48376.2,48543.1,48376.2,48520.4,172.76
1629668700000,48524.8,48765.7,48524.7,48695.8,163.38
1629669600000,48695.8,48849,48612.5,48841.1,337.29
1629670500000,48841.1,48995.4,48781.8,48831.9,350.97
1629671400000,48831.9,48999,48810,48924.5,273.81
1629672300000,48924.5,49317,48924.5,49279.1,783.45
1629673200000,49270.5,49455.7,49178.2,49357.6,1049.32
1629674100000,49360,49539.2,49322.1,49413,633.68
1629675000000,49413.1,49435.5,49301.6,49320.8,357.69
1629675900000,49320.8,49416.9,49216.5,49264.5,298.11
1629676800000,49264.6,49443.4,49242.9,49394.8,386.74
1629677700000,49394.7,49434.7,49312.7,49324.4,170.42
1629678600000,49324.5,49342.9,49067.3,49190.7,573.92
1629679500000,49190.7,49440.6,49190.7,49436.8,325.82
1629680400000,49436.7,49474.7,49353.4,49370.2,200.71
1629681300000,49370.3,49735,49370.3,49672.5,825.98
1629682200000,49672.6,49938,49672.6,49852.4,1156.9
1629683100000,49852.3,49929.6,49810,49827.4,367.26
1629684000000,49827.4,49900,49727.7,49782.8,357.5
1629684900000,49782.8,49874.1,49750.6,49794.3,171.17
1629685800000,49794.2,50188,49639.7,49836.3,1728.46
1629686700000,49846.6,50311.9,49846.6,50062.3,1343.65
1629687600000,50062.2,50173.8,50062.2,50110.4,484.74
1629688500000,50110.4,50138.2,49859,49928.9,1164.03
1629689400000,49928.9,50500,49928.9,50320.6,996.02
1629690300000,50320.3,50340.8,50155,50266.2,639.8
1629691200000,50266.2,50384,50190,50200.1,403.45
1629692100000,50200,50240,50110.6,50179.9,198.75
1629693000000,50179.9,50280,50154.8,50264.7,178.51
1629693900000,50268.6,50422,50227.9,50293.5,355.57
1629694800000,50293.6,50343.7,50240.3,50272,217.75
1629695700000,50270.1,50412.9,50270,50356,250.76
1629696600000,50356,50432.8,50223,50223,287.17
1629697500000,50223.1,50275,50190,50240.9,209.81
1629698400000,50240.9,50386,50207.3,50217.2,249.64
1629699300000,50217.2,50241.3,50029,50029,287.74
1629700200000,50029,50142.1,50029,50113.5,175.58
1629701100000,50113.5,50180,50113.4,50166,173.05
1629702000000,50160.1,50170,50035.1,50063.4,156.11
1629702900000,50063.5,50147.7,50045,50045,141.43
1629703800000,50045.1,50180.9,50045,50081.9,430.95
1629704700000,50081.9,50228.8,50081.8,50161.1,237.91
1629705600000,50161.1,50272.4,50109.9,50261.2,199.52
1629706500000,50261.2,50261.2,50180,50194.9,160.64
1629707400000,50194.9,50199.2,50129.8,50129.8,119.97
1629708300000,50126.6,50277.8,50125.7,50259.2,172.67
1629709200000,50259.1,50268,50168,50185.3,150.24
1629710100000,50185.3,50371.5,50185.3,50332.6,332.3
1629711000000,50332.6,50364.5,50265.8,50309.5,211.27
1629711900000,50306.3,50342.7,50249.1,50299.9,152.2
1629712800000,50300,50436.2,49945.1,50222.9,875.31
1629713700000,50221.8,50537.4,50146.8,50323,1048.83
1629714600000,50322.9,50383.5,50088.2,50199.2,380.94
1629715500000,50192,50275.1,50106.6,50233.9,130.35
1629716400000,50236.9,50300,50159.1,50159.2,140.8
1629717300000,50159.3,50240.6,50148.2,50198,111.88
1629718200000,50208.2,50326.2,50208.2,50322.1,140.68
1629719100000,50322,50466,50319,50399.9,418.37
1629720000000,50397,50457.8,50318.2,50339.8,198.32
1629720900000,50330,50385.3,50285.8,50385.3,125.18
1629721800000,50385.2,50409.9,50243.2,50256.4,209.46
1629722700000,50256.4,50306.5,50216.1,50291.4,120.4
1629723600000,50291.4,50291.7,50158,50222.9,189.41
1629724500000,50222.9,50246.2,50110.5,50216.3,316.63
1629725400000,50206.6,50284.1,50177,50229.9,158.81
1629726300000,50229.9,50266.5,50128.2,50181.2,188.23
1629727200000,50181.3,50248.2,50135.6,50248.1,222.06
1629728100000,50248.2,50374,50124,50124,383.59
1629729000000,50124.1,50124.1,49666,49824.9,2031.55
1629729900000,49829.5,49918.3,49715,49734.7,564.43
1629730800000,49734.7,49850,49559,49789.9,989.2
1629731700000,49789.9,49899,49727,49735.8,235.54
1629732600000,49735.9,49751.1,49322,49584.1,1389.67
1629733500000,49584.1,49686.5,49520,49548.4,454.68
1629734400000,49543.9,49638.8,49455.4,49517,523.79
1629735300000,49523.9,49616.3,49488,49612.3,375.5
1629736200000,49612.2,49617,49459.6,49486.4,501.56
1629737100000,49486.4,49732.6,49360.6,49706.9,792.94
1629738000000,49706.8,49830.4,49626.6,49650.6,399.3
1629738900000,49650.6,49660.3,49526.7,49538.3,193.04
1629739800000,49538.3,49589.1,49468.7,49515.8,187.48
1629740700000,49515.7,49581,49418,49426.9,233.26
1629741600000,49426.8,49547.1,49400,49439.9,254.83
1629742500000,49445.2,49604.4,49400,49588.3,216.55
1629743400000,49588.2,49595.1,49526.6,49550.2,94.09
1629744300000,49552.1,49615,49412.8,49461.6,148.88
1629745200000,49467,49467,49107.7,49121.2,928.54
1629746100000,49121.2,49315,49080,49251.1,355.14
1629747000000,49251.1,49303,49185.3,49225.1,131.36
1629747900000,49225.1,49310,49186.6,49250.1,111.43
1629748800000,49250.1,49250.1,49033.7,49232.4,328.83
1629749700000,49232.8,49343.9,49207.2,49301,170.82
1629750600000,49300.9,49395.6,49238.4,49376.9,117.09
1629751500000,49377,49520,49315.8,49512.1,311.75
1629752400000,49512,49611.3,49424.1,49436.4,206.97
1629753300000,49436.5,49475.1,49343.1,49425,70.09
1629754200000,49425,49606.6,49412.4,49519,76.71
1629755100000,49519.1,49570.6,49475.1,49570.6,53.52
1629756000000,49574.3,49662.5,49407.6,49660,189.43
1629756900000,49660,49688,49566.7,49567.9,80.4
1629757800000,49568,49647.7,49527.1,49625.5,91
1629758700000,49625.6,49669,49598.8,49663,62.65
1629759600000,49662.9,49662.9,49569.6,49618.6,130.68
1629760500000,49618.5,49730.8,49598.1,49704.6,242.97
1629761400000,49704.6,49736.8,49585,49601.6,160.47
1629762300000,49601.6,49601.6,49460,49500,187.94
1629763200000,49487.5,49695,49368.1,49664.6,511.04
1629764100000,49664.7,49690,49470.8,49497,322.27
1629765000000,49504.1,49504.1,49153,49153,682.16
1629765900000,49153.1,49284.6,49010.7,49217.3,693.8
1629766800000,49223.2,49258.6,48819.9,48935.3,945.02
1629767700000,48940,48960.3,48740.3,48960.3,549.86
1629768600000,48966.5,49099,48946.3,49098.9,258.28
1629769500000,49098.9,49098.9,48965.3,48965.3,203.19
1629770400000,48965.3,49148.9,48918.5,49138,337.82
1629771300000,49137.9,49208.9,49064.9,49200,139.43
1629772200000,49199.9,49200,49061,49125.3,135.68
1629773100000,49125.3,49200,49125.2,49190,131.96
1629774000000,49189.9,49344,49182,49220.6,365.46
1629774900000,49223,49284.4,49187.8,49249.2,120.09
1629775800000,49249.2,49353.2,49249.2,49286.9,222.66
1629776700000,49286.9,49370.4,49286.8,49326.8,152.21
1629777600000,49326.8,49455,49249,49299.8,373.45
1629778500000,49299.8,49337,49159.9,49239.9,276.32
1629779400000,49239.9,49544,49219.9,49538.4,679.86
1629780300000,49538.5,49566,49473.2,49476,379.66
1629781200000,49476.1,49515.5,49418.3,49449.7,281.72
1629782100000,49449.7,49564.3,49441.5,49448.3,255.21
1629783000000,49448.4,49610.6,49448.4,49572.2,237.73
1629783900000,49572.1,49638,49522.7,49558.1,218
1629784800000,49558,49642.4,49482.2,49642.4,237.81
1629785700000,49642.4,49674.9,49604.5,49654,380.57
1629786600000,49654.1,49762.6,49632.4,49671.3,406.55
1629787500000,49671.3,49813,49659.6,49794.7,355.39
1629788400000,49794.7,49861.5,49763.2,49777,411.92
1629789300000,49777,49811.5,49738.6,49798.4,230.65
1629790200000,49798.4,49826.6,49717.2,49730.6,201.72
1629791100000,49730.7,49787.9,49630.5,49766.7,325.57
1629792000000,49766.7,49834.1,49713.2,49713.2,268.42
1629792900000,49713.2,49727,49528.4,49586.7,459.26
1629793800000,49593.6,49774.9,49593.6,49705.3,214.44
1629794700000,49705.3,49751.5,49626,49688.8,290.74
1629795600000,49686.7,49719.2,49660.2,49660.2,95.75
1629796500000,49660.3,49680,49537.6,49562.8,222.02
1629797400000,49562.8,49741,49558.5,49660.1,217.77
1629798300000,49660.1,49673.7,49570,49605.3,147.77
1629799200000,49605.3,49820,49605.3,49820,274.72
1629800100000,49820.1,49886.3,49479.1,49523.1,668.02
1629801000000,49523.1,49553.6,49272.3,49398,704.31
1629801900000,49397.9,49432.9,49240,49300,370.57
1629802800000,49299.9,49359,49122,49161.4,467.31
1629803700000,49161.4,49257.5,49088.6,49249,430.86
1629804600000,49249,49348.2,49227.6,49336,429.57
1629805500000,49336,49462.9,49335.9,49423.8,461.91
1629806400000,49435.5,49458.8,49233.3,49264.4,271.2
1629807300000,49264.4,49453.5,49138,49160.3,548.23
1629808200000,49160.3,49250,49018.7,49243.7,619.18
1629809100000,49243.7,49343.8,49139.6,49343.8,255.1
1629810000000,49343.8,49391.8,49133.6,49133.7,557.37
1629810900000,49133.6,49180.6,48820,48831.4,909.42
1629811800000,48831.3,48831.4,48483.4,48585.8,2281.23
1629812700000,48577.2,48672.5,48405.1,48636.4,1352.94
1629813600000,48636.3,48636.3,48466.2,48466.3,642.55
1629814500000,48466.2,48653,48341.4,48600,858.84
1629815400000,48599.9,48728,48574.4,48712.7,558.62
1629816300000,48712.6,48712.6,48527.9,48557.6,335.65
1629817200000,48553.2,48628.9,48437.5,48522.9,424.99
1629818100000,48532.3,48586.6,48401.6,48586.5,419.05
1629819000000,48586.5,48586.5,48370,48519.9,484.87
1629819900000,48519.8,48519.8,48242,48359.3,742.98
1629820800000,48359.2,48472.1,48110,48150.1,1463.11
1629821700000,48150,48200,47727.6,48118.7,2470.02
1629822600000,48118.6,48267.3,48018,48077.1,581.44
1629823500000,48077.1,48118.2,47869.6,47967.4,547.16
1629824400000,47967.4,48218.4,47888,48139,509.5
1629825300000,48143.4,48325.9,48086.7,48208.7,433.43
1629826200000,48208.6,48241,48130.1,48137.2,190.72
1629827100000,48137.1,48137.1,47985.6,48013.4,228.2
1629828000000,48013.4,48110,47877.9,47937.6,232.84
1629828900000,47937.7,48193.9,47937.7,47979.4,264.47
1629829800000,47979.5,48139.9,47811,48093.6,354.51
1629830700000,48093.6,48188,47940.1,48185,247.36
1629831600000,48180,48270,48106.6,48124.5,256.48
1629832500000,48125,48125,47914,47956.4,149.8
1629833400000,47966.6,48132,47908,47978.2,204.98
1629834300000,47982.9,48400,47982.9,48224,756.5
1629835200000,48224,48293.5,48026.6,48293.5,241
1629836100000,48293.4,48350,48190.2,48329.3,97.67
1629837000000,48329.3,48374.5,48246.6,48286.5,118.95
1629837900000,48286.5,48357.8,48241.3,48322.5,80.86
1629838800000,48322.4,48379.6,48168.2,48226.6,109.81
1629839700000,48226.5,48313.9,48128,48266.5,104.28
1629840600000,48269.8,48303.2,48184.9,48212,51.82
1629841500000,48212,48212,47961.5,48197.5,142.29
1629842400000,48197.4,48300.1,48112.5,48251.3,114.79
1629843300000,48260,48360,48220.8,48259.9,136.06
1629844200000,48259.9,48279.8,48146.2,48201.5,84.98
1629845100000,48206.5,48330,48146.8,48329.9,97.77
1629846000000,48330,48375.1,48207,48245.3,136.69
1629846900000,48246.5,48246.6,48016,48055.2,221.33
1629847800000,48055.2,48143.5,47832.6,47846.3,294.1
1629848700000,47846.3,47895.8,47580.1,47680.3,704.99
1629849600000,47680.3,47976.5,47663.3,47960.5,637.62
1629850500000,47960.4,48139.2,47785,47824.8,503.64
1629851400000,47824.8,48096.7,47824.7,47970.8,459.71
1629852300000,47966.6,48106.5,47941,48021.9,176.75
1629853200000,48021.8,48021.9,47708.3,47824.1,399.39
1629854100000,47824.1,47943.2,47758,47843.2,338.07
1629855000000,47829.3,48045.6,47813.8,48036,206.81
1629855900000,48036,48180.5,48000,48171.9,300.66
1629856800000,48165.7,48250,48111,48198.8,352.45
1629857700000,48198.8,48198.8,48044,48102.9,192.91
1629858600000,48102.8,48266,48102.8,48235.5,243.42
1629859500000,48235.5,48280,48187,48208.9,172.01
1629860400000,48208.9,48242.2,48130,48139,146.33
1629861300000,48139.1,48282.1,48115.5,48259.3,180.6
1629862200000,48255.8,48283.5,48140,48190.7,154.11
1629863100000,48190.6,48248,47964.3,47978.1,362.19
1629864000000,47978,48250,47950,48164,305.46
1629864900000,48164.1,48225.6,47972.1,47974.4,183.13
1629865800000,47982.6,48091.9,47972,48056.5,156.45
1629866700000,48058.6,48143.2,47903,48017.9,348.2
1629867600000,48017.8,48151,48007,48144.8,193.23
1629868500000,48144.9,48232.4,48135.6,48198.2,215.46
1629869400000,48193.1,48350,48193.1,48342,851.53
1629870300000,48342,48565.9,48306.6,48522.5,1181.12
1629871200000,48522.5,48612.2,48391,48446.8,572.78
1629872100000,48446.9,48475.4,48326,48398.4,258.19
1629873000000,48398.3,48455,48340,48441.4,146.41
1629873900000,48441.4,48459,48302.2,48310,130.86
1629874800000,48310,48432.3,48310,48406.6,212.87
1629875700000,48399,48500,48350.6,48356.4,261.34
1629876600000,48356.4,48371.9,48037.8,48087.2,1026.79
1629877500000,48087.1,48173.5,48046.8,48136.8,334.74
1629878400000,48136.9,48161.1,47906.6,47975.5,466.47
1629879300000,47975.5,47982.1,47787.9,47889.8,587.83
1629880200000,47889.8,47946.6,47514.3,47571.6,1513.65
1629881100000,47571.6,47600,47256,47297.5,1764.23
1629882000000,47297.4,47528.7,47226,47457.1,1550.64
1629882900000,47457.2,47558,47330.1,47343.4,571.38
1629883800000,47343.4,47428,47133.7,47217.1,1180.61
1629884700000,47217.1,47333.3,47180,47270.1,292.07
1629885600000,47270.1,47384.5,47200,47348.6,425.12
1629886500000,47348.5,47511.6,47322.5,47486,428.24
1629887400000,47486.1,47593.1,47432,47568.9,414.44
1629888300000,47569,47576.3,47465,47477.4,158.44
1629889200000,47477.4,47525.6,47365.5,47371.5,265.8
1629890100000,47371.4,47500,47371.4,47462.9,161.16
1629891000000,47462.9,47571,47459.7,47570.9,291.29
1629891900000,47570.9,47679.8,47528.3,47574.5,410.38
1629892800000,47574.5,47690.6,47460,47621.9,348.06
1629893700000,47622,47745.6,47621.9,47711.2,222.83
1629894600000,47711.1,47741.5,47560,47641.5,294.76
1629895500000,47641.4,47820,47641.4,47777,376
1629896400000,47773.4,47886.6,47773.4,47799,413.25
1629897300000,47799.1,47846,47688.3,47826.6,379.38
1629898200000,47826.5,47850,47715.6,47739.4,170.55
1629899100000,47739.3,47817.3,47601.6,47672.1,390.39
1629900000000,47672,47672.1,47332,47442.2,1005.51
1629900900000,47442.2,48103.7,47442.1,47959.8,1845.57
1629901800000,47959.9,48423.8,47936,48293.7,1480.77
1629902700000,48293.7,48480.6,48230.5,48435.5,757.01
1629903600000,48435.5,48512.3,48344.5,48478.2,495.31
1629904500000,48478.2,48486.4,48282.6,48441.9,436.94
1629905400000,48442,48497.9,48328.9,48453,335.29
1629906300000,48453,48845.5,48453,48792.2,1183.26
1629907200000,48796.8,48839,48650.5,48690.2,554.28
1629908100000,48682.7,48771.4,48671.9,48674.3,191.75
1629909000000,48681.7,48726.6,48609.7,48609.7,234.46
1629909900000,48609.8,48732.6,48608.1,48702.4,226.59
1629910800000,48702.4,48720,48617,48640.8,121.96
1629911700000,48640.8,48681.3,48493.3,48648.4,375.17
1629912600000,48638.7,49122.3,48638.5,49010.7,1188.33
1629913500000,49010.7,49048.9,48784.9,48820.2,360.71
1629914400000,48820.2,49009.7,48745.6,48972.4,403.62
1629915300000,48957.3,48983.9,48888,48889,130.75
1629916200000,48889.1,48980.8,48889.1,48979.9,81.16
1629917100000,48980,49034.5,48869.1,48929.1,101.33
1629918000000,48929.1,49177.6,48929.1,48973.1,264.24
1629918900000,48973.1,48992.9,48788,48867.1,251.25
1629919800000,48867.1,48928.7,48810.7,48917.1,253.66
1629920700000,48917.2,48932.4,48535.9,48653.3,395.09
1629921600000,48653.4,48935,48653.4,48893.4,194.77
1629922500000,48893.4,49053.7,48804.3,48843.7,223.6
1629923400000,48846.6,48868.5,48706.6,48750.2,129.09
1629924300000,48749,48756.9,48606.7,48686.6,273.55
1629925200000,48685,48859.5,48677.7,48788,103
1629926100000,48788,48826.5,48706.6,48800.4,129.15
1629927000000,48800.4,48897.7,48780.5,48852.9,103.57
1629927900000,48853,49109.6,48826.6,49099,223.25
1629928800000,49091.8,49292.5,48889.1,49075.2,524.68
1629929700000,49075.3,49090.2,48858,48867.9,122.42
1629930600000,48867.8,49053,48844.8,48864.9,170.99
1629931500000,48842.8,48925.4,48836.6,48910.7,90.06
1629932400000,48910.7,49027.6,48825,49024.5,143.01
1629933300000,49024.5,49103,48927.4,49066.5,123.98
1629934200000,49066.5,49066.6,48972,49006.3,112.56
1629935100000,49006.3,49013.6,48933.8,48993.9,126.5
1629936000000,48993.9,49100,48829.5,49032.2,377.98
1629936900000,49032.1,49186,48856,49075.9,434.42
1629937800000,49076,49210.1,49000.5,49159.4,325.51
1629938700000,49159.4,49378.5,49159.4,49305.5,528.59
1629939600000,49305.6,49348.7,49031.5,49078.2,476.97
1629940500000,49078.2,49138,49010.4,49125,304.17
1629941400000,49125,49125.1,48831.5,48845,345.49
1629942300000,48845.1,48922,48740.2,48748,403.21
1629943200000,48748,48845.4,48733.1,48806.5,262.79
1629944100000,48806.5,48859.5,48717.8,48823.4,222.25
1629945000000,48823.4,48823.5,48653.5,48736,243.47
1629945900000,48733.4,48818,48706.6,48706.7,115.72
1629946800000,48707.2,48728.4,48212.1,48290.1,1204.65
1629947700000,48290.1,48316.1,48088.3,48119.5,1042.91
1629948600000,48119.5,48212.5,47929.8,48030.1,703.09
1629949500000,48030,48100.3,47817.1,47930.1,1081.73
1629950400000,47930.1,48022.8,47752.2,47756.5,752.77
1629951300000,47756.4,47938,47609,47892.3,987.8
1629952200000,47892.2,47892.2,47766,47779.1,342.24
1629953100000,47779,47921.8,47702,47900,501.4
1629954000000,47900,48071.7,47827.8,47837,649.95
1629954900000,47830,47870.6,47407,47410.9,1353.65
1629955800000,47410.9,47415,46900.1,47017.9,2602.41
1629956700000,47017.8,47125.3,46845,47043.6,1597.83
1629957600000,47040.1,47249.4,46994.2,47244.3,1125.31
1629958500000,47244.3,47244.4,46856.7,47100.6,1600.06
1629959400000,47100.6,47218,46740.8,46984.4,2372.12
1629960300000,46984.4,47070.4,46822.8,46874.5,880.38
1629961200000,46874.5,46874.5,46601.6,46762.9,1273.86
1629962100000,46762.8,46936.2,46580,46894.5,1444.42
1629963000000,46890.5,47045,46816.5,47019,823.27
1629963900000,47019,47019.1,46806.7,46899.9,519.31
1629964800000,46899.9,47103.2,46753,46911.7,716.03
1629965700000,46911.7,46980.5,46766.2,46877.9,462.24
1629966600000,46877.9,46974.1,46678,46930.8,572.53
1629967500000,46930.7,47091.5,46800,46905.2,538.38
1629968400000,46905.2,47005,46766.7,46826.2,377.34
1629969300000,46826.2,46976,46782.7,46976,220.5
1629970200000,46975.9,46975.9,46833.1,46858.8,376.79
1629971100000,46858.8,46935,46766,46792.4,410.8
1629972000000,46793.7,46978.5,46711.7,46824.9,527.91
1629972900000,46824.9,46926.6,46780,46907,282.49
1629973800000,46907.1,47031.6,46907.1,46986.5,436.04
1629974700000,46986.7,46986.8,46900,46965.9,134.04
1629975600000,46965.8,47145,46900.1,47101.9,401.73
1629976500000,47101.8,47188,47031.7,47119.2,569.05
1629977400000,47119.1,47119.1,46881.6,47046.6,402.5
1629978300000,47046.6,47046.6,46822.1,46829.9,536.97
1629979200000,46829.9,46860.9,46250,46559.9,2342.5
1629980100000,46559.9,47420,46559.9,47374.6,2708.07
1629981000000,47374.6,47376.1,47030,47145.5,884.11
1629981900000,47145.5,47145.5,46790,46931.9,1030.6
1629982800000,46932,47211.5,46850.3,46865,928.85
1629983700000,46864.9,47111.6,46864.9,47088.6,492.01
1629984600000,47088.7,47246.9,47008.5,47163.5,551.17
1629985500000,47163.6,47231.6,47053.5,47181.2,410.2
1629986400000,47181.1,47425,47167.7,47346.7,560.84
1629987300000,47346.8,47368.2,47069.5,47086.7,433.23
1629988200000,47101.9,47165,46909.1,46920.8,603.47
1629989100000,46916.1,47057,46830,46830,429.59
1629990000000,46830.1,47044.6,46738.6,46937,642.13
1629990900000,46943.7,47018.5,46824.1,46940,283.27
1629991800000,46936.6,46940,46680.5,46713.1,504.9
1629992700000,46713.1,46892.9,46631.6,46798.2,533.28
1629993600000,46799.9,46951,46686,46763.5,627.75
1629994500000,46763.6,46763.6,46545,46720.1,886.97
1629995400000,46720.1,47091.8,46627,46965.3,764.99
1629996300000,46965.2,46981.3,46868.5,46893.8,262.41
1629997200000,46893.8,47125.9,46893.7,47068.3,354.58
1629998100000,47068.3,47125.1,46955,46965.8,210.55
1629999000000,46965.8,47013.5,46898.2,46983.2,163.01
1629999900000,46966.7,47036.9,46915,46947.8,158.43
1630000800000,46947.8,47020.3,46768.7,46781.9,252.13
1630001700000,46781.8,46836.8,46732.4,46779.6,123.41
1630002600000,46779.7,46960.2,46777.2,46903.4,182.05
1630003500000,46891.6,47092.5,46876.7,47007.6,196.71
1630004400000,47007.7,47042,46847,46880.6,184.88
1630005300000,46880.5,46880.5,46756.7,46784.2,170.47
1630006200000,46779.5,46949,46779.5,46853.7,125.58
1630007100000,46853.7,47038.5,46853.7,46946.6,142.23
1630008000000,46936.3,47058.8,46906.1,46966.6,157.53
1630008900000,46952.2,46999.9,46851.6,46919,142.56
1630009800000,46919,46999.9,46919,46989.9,135.84
1630010700000,46990,47033,46946.7,47010.5,200.44
1630011600000,47010.5,47239.2,46990.8,47219.4,331.62
1630012500000,47212.8,47281,47138.8,47217.6,202.13
1630013400000,47217.7,47221.9,47130.5,47173.5,59.19
1630014300000,47173.5,47311.6,47173.5,47261.6,98.7
1630015200000,47261.7,47349,47158.1,47286.8,193.2
1630016100000,47286.8,47401.6,47194.8,47400,195.63
1630017000000,47400,47445.8,47289,47305,260.18
1630017900000,47304.9,47313.4,47124.4,47185.5,279.14
1630018800000,47186.6,47213.5,47022,47057.6,239.76
1630019700000,47057.6,47235.8,47046.5,47211.6,104.77
1630020600000,47211.7,47398,47211.7,47316.6,285.86
1630021500000,47316.7,47340,46820,46836.7,525.18
1630022400000,46836.8,47045,46608.5,46609,893.06
1630023300000,46609,46789,46344.7,46700.6,1292.74
1630024200000,46697.3,46784.6,46533.1,46753.5,367.45
1630025100000,46753.5,47304.9,46658,47251.9,913.94
1630026000000,47251.8,47605.7,47251.8,47527.1,1574.87
1630026900000,47527.2,47600,47398,47526.6,543.42
1630027800000,47516.5,47665.9,47400,47400,629.1
1630028700000,47399.7,47477.5,47161.4,47226.7,951.85
1630029600000,47234.3,47471.2,47234.3,47423.3,250.42
1630030500000,47412.8,47423.5,47275.3,47384.9,285.79
1630031400000,47384.8,47427.6,47255,47324.5,279.45
1630032300000,47324.5,47373.9,47199.5,47220,249.63
1630033200000,47220.1,47264.1,47003.1,47074.7,663.3
1630034100000,47074.7,47074.7,46752.8,46761.2,696.03
1630035000000,46761.2,46916,46717.5,46729.7,455.77
1630035900000,46734,46843.4,46673.4,46809.1,307.78
1630036800000,46809.1,46892.6,46617.9,46673.6,538.03
1630037700000,46673.6,46745.2,46600,46661,324.71
1630038600000,46661,46834.9,46580.6,46820,420.92
1630039500000,46819.9,47009,46780,46938.5,656.76
1630040400000,46938.6,47036.3,46870,46914.3,373.06
1630041300000,46914.2,47060.7,46861.9,47028.3,432.26
1630042200000,47026.6,47196,46971.5,47088,441.38
1630043100000,47088,47139.5,47001,47099.9,458.24
1630044000000,47099.9,47257,47053.8,47198.5,424.48
1630044900000,47198.5,47229,47100,47148,239.89
1630045800000,47138.4,47180,47024,47076.5,302.58
1630046700000,47076.4,47192.9,47068.1,47165.4,201.24
1630047600000,47165.5,47241,47075.9,47075.9,266.96
1630048500000,47074.4,47440,46833.9,47244.3,1355.19
1630049400000,47244.2,47429.1,47147.6,47299.8,690.07
1630050300000,47293.1,47532.2,47279.7,47467.5,516.99
1630051200000,47467.5,47544,47370,47387.1,535.54
1630052100000,47386.6,47387.7,47287.9,47325,358.38
1630053000000,47324.9,47443.9,47298,47302.1,251.68
1630053900000,47302,47317.7,47130,47183.6,360.35
1630054800000,47183.5,47223.1,47091.6,47157.3,477.21
1630055700000,47157.3,47249,46982,47086.3,430.54
1630056600000,47086.2,47189.9,47008,47189.9,258.15
1630057500000,47189.9,47323,47182,47196.8,305.3
1630058400000,47201.8,47366.8,47180.1,47356.3,302.31
1630059300000,47356.3,47361,47228.2,47265,126.48
1630060200000,47265,47436,47212.6,47377.8,302.72
1630061100000,47369.3,47484,47333.4,47408.5,519.53
1630062000000,47408.5,47565.1,47342.1,47406,435.49
1630062900000,47406,47556.8,47400.1,47511.2,397.55
1630063800000,47511.2,47771.8,47511.1,47678.6,884.2
1630064700000,47678.7,47739.9,47353.3,47450,890.22
1630065600000,47450,47532.4,47330,47433.1,571.15
1630066500000,47433.1,47520,47284.3,47286.1,392.63
1630067400000,47285.2,47416.6,47232.3,47416.6,375.72
1630068300000,47416.4,47457.6,47337.6,47337.7,218.94
1630069200000,47337.6,47337.7,47030.9,47151.8,1175.27
1630070100000,47152.7,47165.7,47065.3,47140,280.1
1630071000000,47139.9,47308.1,47113,47163.1,383.33
1630071900000,47163.1,47380.7,47110,47277.8,468.91
1630072800000,47277.8,47887.7,47203.5,47730.5,2189
1630073700000,47730.1,48053,47730,47969.9,1346.95
1630074600000,47969.9,48195,47969.9,48156.2,1509.32
1630075500000,48156.1,48252.8,48046.4,48130.8,677.08
1630076400000,48130.8,48437.9,48130.8,48369,1221.96
1630077300000,48369,48410,48220.6,48306.5,442.56
1630078200000,48306.6,48349.3,48157,48267.9,359.63
1630079100000,48268,48315.9,48157.2,48199.6,280.82
1630080000000,48195,48299,48114,48143.7,321.94
1630080900000,48143.7,48160.7,48000.2,48160.2,419.61
1630081800000,48160.1,48273.8,48149.9,48250,219.72
1630082700000,48249.9,48279,48184.8,48192.3,224.46
1630083600000,48192.3,48341.2,48192.2,48197.6,259.57
1630084500000,48202.9,48304.4,48197.6,48246.6,172.25
1630085400000,48246.6,48281,48192.1,48226.6,283.91
1630086300000,48226.6,48295.1,48156.6,48181,201.88
1630087200000,48181.1,48279,48136.1,48262.4,136.58
1630088100000,48262.4,48321.8,48229.1,48276.9,118.97
1630089000000,48277,48348.4,48265.3,48306.5,106.25
1630089900000,48306.6,48377.3,48295.1,48325,115.89
1630090800000,48325,48397.2,48278.2,48397.1,101.4
1630091700000,48397.1,48569.6,48326,48351.1,504.61
1630092600000,48351.1,48386,48299.8,48357,141.71
1630093500000,48350.4,48425.3,48310,48310,192.04
1630094400000,48310,48412.6,48172.5,48412.6,313.14
1630095300000,48412.6,48864.1,48328,48821.8,645.41
1630096200000,48821.8,49180,48791.1,48991.1,1221.86
1630097100000,48991.2,49039.1,48853.3,48899.4,309.29
1630098000000,48913.9,49074.8,48880.1,49000.9,127.36
1630098900000,49000.9,49021.9,48929.9,48980.1,90.93
1630099800000,48980.1,49050,48969.7,49050,157.13
1630100700000,49050,49061.4,48920,48980.3,83.23
1630101600000,48980.2,48980.3,48722.6,48731.1,203.45
1630102500000,48731.2,48936,48731.2,48919.2,257.27
1630103400000,48910.1,49050,48910.1,49045,262.19
1630104300000,49044.9,49044.9,48948,48997.6,129.87
1630105200000,48997.6,49070.4,48971.5,49060,110.45
1630106100000,49059.9,49064.4,48888,48941.6,203.22
1630107000000,48941.6,49139.2,48941.6,49046.6,322.23
1630107900000,49046.7,49122.5,49013.1,49091.3,487.26
1630108800000,49088.2,49234.6,49008.5,49031.8,960.62
1630109700000,49031.8,49031.9,48844,49026.5,459.17
1630110600000,49026.6,49274.1,49026.5,49135.7,597.21
1630111500000,49145.4,49291.3,49145.4,49240.1,476.43
1630112400000,49240.2,49288,49094.9,49095,548.74
1630113300000,49095,49156,49062.5,49089.7,355.33
1630114200000,49089.7,49140.5,49045,49132.4,173.57
1630115100000,49132.5,49182,49101,49147.8,116.03
1630116000000,49147.7,49147.7,49002,49050.6,153.57
1630116900000,49050.6,49099.8,48965.1,49050.7,443.24
1630117800000,49050.7,49050.8,48865.7,48951.7,295.69
1630118700000,48951.6,49010,48918.1,48950,167.46
1630119600000,48950.1,49004.3,48880,48937.3,127
1630120500000,48937.3,48993.9,48937.3,48982.3,113.37
1630121400000,48982.2,49050,48948.8,48956.7,187.32
1630122300000,48956.6,48956.7,48860.7,48860.7,190.27
1630123200000,48860.7,49065.6,48860.7,48957.5,496.19
1630124100000,48957.5,49082.7,48936.7,48985,239.03
1630125000000,48985.1,49010.9,48919.6,48971,245.93
1630125900000,48971,49030,48953.5,48958.7,123.77
1630126800000,48958.7,48973.6,48891.6,48967.1,216.11
1630127700000,48967.1,49030,48954.6,49000.8,127.17
1630128600000,49000.8,49018.9,48875.7,48893.1,277
1630129500000,48893,48942.9,48876,48879,193.74
1630130400000,48876.1,48876.1,48654,48759.8,950.55
1630131300000,48759.8,49100,48759.8,49095.3,485.85
1630132200000,49095.3,49095.4,48950.1,48950.1,376.82
1630133100000,48950.1,49065,48926.1,49000,162.3
1630134000000,48999.9,49000,48858.9,48886.6,235.62
1630134900000,48888.8,48976.5,48851,48946.7,121.11
1630135800000,48946.5,48991.7,48830,48830,152.07
1630136700000,48830,48946.5,48825,48946.4,151.05
1630137600000,48946.5,49079.8,48913.1,49056.1,195.62
1630138500000,49056.1,49059.9,48992.3,49025,187.52
1630139400000,49025,49063.5,48960,48960,139.77
1630140300000,48960,48971.8,48918.8,48922.5,99.88
1630141200000,48922.6,49026.6,48909,48970.6,118.53
1630142100000,48970.6,49010,48942.5,48966.6,149.69
1630143000000,48966.6,49098.4,48900.1,49036.6,292.67
1630143900000,49036.5,49036.5,48936.7,48946.6,132.17
1630144800000,48946.7,48973.4,48892.1,48973.4,131.19
1630145700000,48973.4,48973.4,48915.5,48958.3,56.3
1630146600000,48958.3,48960.7,48901,48920,57.31
1630147500000,48918.1,48946.6,48851.6,48851.7,99.07
1630148400000,48851.7,48904.9,48780,48814.3,228.16
1630149300000,48814.3,48885,48736.6,48768.8,268.51
1630150200000,48769.5,48864.2,48667.6,48719.9,514.6
1630151100000,48720,48823,48658,48700,301.59
1630152000000,48699,48893.7,48532.9,48801.1,540.64
1630152900000,48801.1,48884.3,48754.5,48754.6,225.74
1630153800000,48754.6,48880,48663,48841.2,706.5
1630154700000,48841.2,48964.7,48841.2,48882,311.28
1630155600000,48882,48919.8,48822.5,48846.6,113.64
1630156500000,48846.6,48852.2,48730,48740,165.08
1630157400000,48740,48820,48706.7,48763.6,166.22
1630158300000,48763.6,48839.9,48685.5,48746.9,270.47
1630159200000,48747,48747,48533.4,48609.5,481.24
1630160100000,48609.4,48725.3,48552,48590,281.24
1630161000000,48589.9,48638.2,48351.2,48547.5,726.54
1630161900000,48547.6,48673.3,48457.3,48648.2,449.73
1630162800000,48648.1,48727.3,48506.5,48650.8,368.37
1630163700000,48650.8,48685.3,48546.6,48552.5,129.57
1630164600000,48559.4,48700,48559.3,48651.3,161.55
1630165500000,48651.4,48824.9,48651.4,48824.9,253.8
1630166400000,48824.9,48899,48718.1,48898.9,357.96
1630167300000,48898.9,49054,48866.6,49043.2,467.11
1630168200000,49043.2,49190.1,48993.8,49041,545.58
1630169100000,49041,49048.7,48935.5,48961.7,202.02
1630170000000,48961.7,49035.3,48909.5,48999,224.83
1630170900000,48992.7,49031.6,48911,48970.7,231.84
1630171800000,48970.8,49007.4,48925.9,48996.8,70.91
1630172700000,48996.9,49032,48953.1,48998.6,108.59
1630173600000,48998.6,49080.2,48937.1,48952.7,141.76
1630174500000,48952.8,49000,48915,48930.1,101.55
1630175400000,48930,48946.3,48832,48864.1,149.53
1630176300000,48864.1,48883.4,48743,48784.9,164.28
1630177200000,48784.8,48784.9,48542,48638.3,453.98
1630178100000,48638.3,48693.3,48533,48568.7,263.77
1630179000000,48573,48644.5,48488,48516,219.57
1630179900000,48516,48689.3,48494.8,48637.6,212.59
1630180800000,48637.6,48697.3,48580,48653.1,121.21
1630181700000,48653.2,48662.5,48571.8,48621.6,119.85
1630182600000,48621.6,48711.1,48592.1,48711.1,118.92
1630183500000,48711.1,48727.7,48667.1,48714.1,63.82
1630184400000,48714.1,48760.7,48672,48672.1,101.32
1630185300000,48672,48857.7,48672,48857.7,106.58
1630186200000,48857.6,48891.7,48847.8,48891.6,64.27
1630187100000,48891.6,48945,48891.5,48915.7,149.94
1630188000000,48915.7,48964.9,48857.9,48907.9,128.94
1630188900000,48908,48939.2,48795.1,48869.9,108.5
1630189800000,48863.9,48872.3,48712.1,48729.5,166.16
1630190700000,48729.4,48778.3,48672.1,48693.1,72.78
1630191600000,48693.2,48766.6,48657,48750,89.17
1630192500000,48750,48791,48700.6,48712,60.69
1630193400000,48712,48819.9,48704.3,48806.6,125.92
1630194300000,48816.7,48890,48816.6,48890,135.03
1630195200000,48896,49098,48812.6,48926.5,500.58
1630196100000,48926.5,48979.9,48740,48955.2,422.33
1630197000000,48955.1,49080,48955.1,49035.1,515.72
1630197900000,49035.1,49696.8,49035.1,49609.2,2258.55
1630198800000,49609.3,49640.4,49500.3,49594.7,654.73
1630199700000,49594.7,49668.6,49472.6,49538.7,379.06
1630200600000,49538.6,49570.9,49291.3,49337,627.31
1630201500000,49334.9,49409.3,49281.6,49356.6,202.41
1630202400000,49356.6,49397.8,49238,49238,352.45
1630203300000,49244.7,49316.2,49236.6,49236.9,180.98
1630204200000,49237,49285,48968.7,48995.5,587.36
1630205100000,48995.5,49014.2,48370.9,48570.8,1657.16
1630206000000,48570.8,48678.5,48440,48566.7,1124.11
1630206900000,48566.6,48605.3,48222,48222.1,808.08
1630207800000,48222.1,48365.3,48054.7,48282.9,1527.46
1630208700000,48282.9,48340,48208.3,48225.1,417.33
1630209600000,48225,48290.8,47735.1,48052.3,1621.05
1630210500000,48052.2,48192.8,47970,48179.6,577.92
1630211400000,48179.6,48270,48142.5,48270,282.81
1630212300000,48269.9,48284.7,48135.7,48136.7,203.42
1630213200000,48136.6,48283.9,48075.9,48217.2,236.31
1630214100000,48217.1,48326.6,48202.6,48253.1,213.79
1630215000000,48253.1,48320,48188.1,48300,228.93
1630215900000,48300,48365,48281.7,48308.2,166.84
1630216800000,48308.2,48345.3,48230.6,48345.2,147.3
1630217700000,48345.3,48453.3,48293.3,48392.9,298.9
1630218600000,48392.9,48480,48380.6,48426.2,371.69
1630219500000,48426.3,48426.3,48323.2,48401.4,154.23
1630220400000,48401.4,48541.3,48401.3,48487.3,265.59
1630221300000,48487.4,48565.3,48438.8,48540.9,299.93
1630222200000,48541,48541,48327.1,48373.1,170.33
1630223100000,48373,48497.3,48373,48472.9,224.02
1630224000000,48472.9,48615.8,48392.1,48576.1,420.65
1630224900000,48569.7,48601,48522,48522,158.23
1630225800000,48522,48539.1,48432.5,48448.9,183.45
1630226700000,48449,48533.2,48266,48470.1,648.53
1630227600000,48470.2,48523.7,48273.3,48445.2,293.37
1630228500000,48445.5,48530.9,48398.8,48420,184.29
1630229400000,48420,48487.9,48326.7,48420.1,267.42
1630230300000,48420.1,48556.6,48420.1,48556.6,197.63
1630231200000,48556.6,48648.6,48385.4,48411,475.12
1630232100000,48411.1,48506.6,48411.1,48476.2,140.43
1630233000000,48476.3,48529.3,48449.6,48508.6,185.22
1630233900000,48508.7,48622,48508.7,48517.7,208.86
1630234800000,48517.7,48591.3,48450,48478.5,209.81
1630235700000,48478.5,48542.9,48411,48465,178.56
1630236600000,48465,48465,48277.4,48292.1,306.4
1630237500000,48292.1,48343,48150,48162.1,544.24
1630238400000,48162.1,48348.2,48102.2,48197.9,534.87
1630239300000,48208.3,48421.3,48160,48341.5,291.24
1630240200000,48341.5,48448.8,48285.3,48403.5,196.24
1630241100000,48391.2,48402.1,48348.9,48354,121.43
1630242000000,48354.1,48504.4,48317.3,48446.6,286.41
1630242900000,48446.5,48514.7,48421.5,48506.5,168.3
1630243800000,48506.6,48520,48443.6,48450.2,115.09
1630244700000,48447.6,48447.6,48282.4,48306.7,225.36
1630245600000,48306.7,48488,48278.6,48412.1,173.37
1630246500000,48417.5,48417.5,48256,48300,218.05
1630247400000,48305.9,48460,48277.2,48450.3,137.34
1630248300000,48450.3,48450.3,48206.6,48225.1,415.5
1630249200000,48226.1,48318,48146.3,48294.9,376.44
1630250100000,48295,48354.5,48237.3,48332.4,127.6
1630251000000,48332.4,48499,48332.4,48476.4,273.02
1630251900000,48472.8,48472.8,48390.1,48454.2,185.42
1630252800000,48460,48570,48402.5,48405.1,290.8
1630253700000,48405.1,48425,48337.4,48424.9,167.91
1630254600000,48416.8,48565.3,48353.8,48565.3,232.53
1630255500000,48565.2,48834,48565.2,48662.2,756.56
1630256400000,48662.3,48705.3,48550.8,48562.2,260.24
1630257300000,48560.1,48616.7,48494,48606.6,245.51
1630258200000,48614.9,48789.9,48614.9,48710.5,362.1
1630259100000,48718.3,48775.1,48668.3,48761.7,166.02
1630260000000,48775,48775.1,48677.1,48697.3,130.36
1630260900000,48697.3,48847.9,48636.9,48781.1,213.91
1630261800000,48781.1,48784.9,48700,48700.1,94.56
1630262700000,48700.1,48778.2,48686.6,48746.7,88.07
1630263600000,48746.7,48888,48746.7,48827.1,203.72
1630264500000,48827.2,48866.6,48775.1,48800,128.67
1630265400000,48800,48806.6,48713.5,48735.6,72.48
1630266300000,48735.6,48800.6,48701.9,48782.9,57.85
1630267200000,48786.6,48846.1,48746.6,48782.5,74.49
1630268100000,48782.6,48970,48782.5,48957.8,326.17
1630269000000,48957.8,49035.2,48748.5,48776.6,316.32
1630269900000,48776.6,48925.5,48776.5,48887.5,156.56
1630270800000,48887.5,48943.3,48849,48855,141.33
1630271700000,48848.2,48886.6,48786.7,48859.6,84.79
1630272600000,48859.7,48886.5,48703,48703,35.07
1630273500000,48703,48914.5,48357,48914.5,726.15
1630274400000,48914.5,49213,48914.5,49137.9,647.5
1630275300000,49138,49303.9,49138,49252.9,422.4
1630276200000,49246.9,49403.2,49116.9,49216,640.19
1630277100000,49216.1,49267.4,49034.1,49133.9,493.57
1630278000000,49133.9,49260,49052.6,49123.2,264.97
1630278900000,49123.1,49165.9,48967.2,48978.4,301.62
1630279800000,48980.3,48994.1,48859.2,48876.3,363.17
1630280700000,48865,48940.8,48744.4,48767.2,284.48
1630281600000,48767.2,48871.9,48588.5,48749.9,836.21
1630282500000,48749.9,48749.9,48558,48626.5,353.08
1630283400000,48626.5,48642.8,48532.8,48550,296.94
1630284300000,48550,48550,48330,48389,977.06
1630285200000,48388.9,48510.6,48352.6,48430,386.63
1630286100000,48435.3,48589.3,48433,48589.3,356.77
1630287000000,48593.3,48696.1,48526.7,48565.1,421.91
1630287900000,48565.1,48580.1,48475.1,48497.7,313.12
1630288800000,48490.1,48561,48461.3,48544.7,184.44
1630289700000,48544.6,48640.7,48525.7,48612,257.26
1630290600000,48612,48612,48508.7,48591.8,169.6
1630291500000,48591.9,48591.9,48390,48390,319.42
1630292400000,48390,48448,48288,48352.4,385.39
1630293300000,48352.3,48352.3,48025,48060.1,1033.84
1630294200000,48062.9,48138,47905.2,47983.2,1050.94
1630295100000,47983.2,48013.5,47800,47950.1,718.17
1630296000000,47954.9,48131,47819.3,48048.2,532.75
1630296900000,48048.3,48070.4,47870,47913.9,295.42
1630297800000,47918.6,47918.7,47725,47800,753.7
1630298700000,47792.2,47937,47751.8,47862.9,373.93
1630299600000,47862.8,47981,47755.1,47974.1,271.37
1630300500000,47974.2,48042.3,47916.8,47920.3,445.28
1630301400000,47920.2,48032,47890,47968,231.29
1630302300000,47961.1,48014.1,47917.8,48005.3,106.24
1630303200000,48003,48003,47853,47875.1,210.27
1630304100000,47875.1,47999,47830,47830,262.5
1630305000000,47826.7,48080,47615.2,47892.6,1074.18
1630305900000,47892.5,48066,47868.2,47955.6,354.64
1630306800000,47955.5,47955.5,47763.7,47825.4,413.95
1630307700000,47825.4,48010,47755,48001.1,586.46
1630308600000,48001.1,48021,47860,47870.7,265.55
1630309500000,47870.8,47972.3,47855,47954.8,306.9
1630310400000,47954.9,47992.9,47860.8,47904,344.51
1630311300000,47904,48054.9,47877.3,48041.7,246.31
1630312200000,48041.7,48232.3,47978,48191.6,542.8
1630313100000,48191.6,48217.7,48077.9,48082.1,309.05
1630314000000,48082.1,48114.4,47900,47960.1,506.88
1630314900000,47960,48126.6,47960,47986.7,294.94
1630315800000,47986.6,48057.5,47943.6,47960.1,265.15
1630316700000,47956,47993,47878.5,47922.6,206.46
1630317600000,47922.5,47922.5,47802,47908.9,408.89
1630318500000,47908.9,47952.8,47883.7,47902.9,268.1
1630319400000,47902.9,47977.3,47861.5,47924,145.51
1630320300000,47924,48076.3,47924,48024,277.89
1630321200000,48024,48034.9,47905.2,47905.3,223.26
1630322100000,47905.2,47905.2,47760,47764.6,404.15
1630323000000,47771.3,47960,47655.9,47960,898.76
1630323900000,47959.9,47972,47786.7,47908.9,381.61
1630324800000,47908.8,47908.9,47683.1,47701.2,336.01
1630325700000,47701.2,47749.3,47532,47561.8,1299.38
1630326600000,47561.7,47720,47515,47705.7,501.18
1630327500000,47705.7,47812.5,47570,47593.1,589.31
1630328400000,47593.1,47649.7,47363,47467.8,692.12
1630329300000,47467.9,47692.4,47433.3,47529,426.32
1630330200000,47528.9,47733,47493,47641.7,333.14
1630331100000,47653.1,47779.9,47644.7,47770,270.66
1630332000000,47769.9,47913.7,47726.6,47864.9,512.18
1630332900000,47864.8,47897.4,47803.8,47863.2,223.34
1630333800000,47863.1,47866.6,47732.6,47751.6,319.13
1630334700000,47751.7,47809.8,47659.2,47700.3,302.22
1630335600000,47699.1,47862.6,47672.6,47862.5,644.89
1630336500000,47862.6,47888,47825.9,47887.9,228.17
1630337400000,47887.9,48089.8,47887.9,47977.8,646.3
1630338300000,47977.8,48105.8,47977.8,48020.2,456.13
1630339200000,48020.2,48140,47969.5,48103.1,350.75
1630340100000,48103.1,48144.5,48010.2,48117.9,262.82
1630341000000,48117.8,48166,48018.1,48158.5,335.47
1630341900000,48158.4,48191.2,48117,48181.6,286.44
1630342800000,48181.7,48199.4,48066.6,48084.4,264.36
1630343700000,48079.4,48148.7,48079.4,48108.6,288.94
1630344600000,48108.6,48150.1,48089.9,48134.3,207.64
1630345500000,48134.3,48357.1,48092.6,48333.5,552.32
1630346400000,48333.5,48450.4,48244.9,48278.3,706.31
1630347300000,48278.3,48317.3,48175,48260.8,226.75
1630348200000,48260.8,48386.6,48260.8,48328.4,234.19
1630349100000,48328.5,48531.8,48319,48510.2,518.03
1630350000000,48510.2,48606.6,48396.3,48449.6,642.9
1630350900000,48455.5,48486,48365.4,48471.9,287.48
1630351800000,48471.9,48533.4,48433.3,48513.2,210.89
1630352700000,48513.2,48651,48505.6,48644.6,194.79
1630353600000,48644.7,48723.2,48543.6,48683.6,370.6
1630354500000,48683.6,48711.5,48589.4,48589.4,171.82
1630355400000,48589.4,48679.9,48546.4,48662.8,163.45
1630356300000,48662.8,48709.3,48593.4,48646.6,95.68
1630357200000,48646.7,48689.3,48339,48484.4,243.4
1630358100000,48484.5,48528,48182,48232.8,329.54
1630359000000,48232.9,48446.2,48219.7,48422.4,66.97
1630359900000,48422.5,48458,48382.9,48426.5,63.88
1630360800000,48426.5,48492,48183,48191.1,200.6
1630361700000,48193.7,48288.4,47727.7,47820.9,873.81
1630362600000,47820.9,47873.8,47563,47643,763.59
1630363500000,47643,47752.6,47548,47622.9,438.56
1630364400000,47622.8,47622.8,47260,47408.3,1099.58
1630365300000,47409.9,47454.8,47275.8,47378.6,448.01
1630366200000,47378.6,47378.7,47007.5,47012.9,1868.5
1630367100000,47012.9,47072.4,46850,46996.9,1318.71
1630368000000,46996.8,47126.6,46870,47095.6,759.54
1630368900000,47095.6,47095.6,46740.5,46750.1,1052.91
1630369800000,46750,46872.2,46688,46742.8,765.19
1630370700000,46747.9,46920.2,46720,46856.7,582.64
1630371600000,46856.6,46997.6,46766.6,46965.9,486.91
1630372500000,46965.8,47012.5,46907.7,46916.4,315.96
1630373400000,46916.5,46968,46853.5,46899.8,289.65
1630374300000,46899.8,46944.9,46800,46887.9,336.31
1630375200000,46887.9,46887.9,46760.1,46838.4,328.75
1630376100000,46838.4,47050,46824.3,47040.9,322.81
1630377000000,47040.9,47041,46938.3,46977,221.68
1630377900000,46977,47018.9,46923.7,47018.9,131.67
1630378800000,47018.9,47097.5,46990.3,47094.9,340.76
1630379700000,47092.5,47159,47050,47132,354.42
1630380600000,47132,47132.1,47046.7,47076.8,169.05
1630381500000,47076.9,47212.6,47076.9,47141.3,354.23
1630382400000,47141.3,47252,47075.2,47240,535.33
1630383300000,47240.1,47245.3,47183.2,47190.6,258.16
1630384200000,47190.7,47288.3,47183.2,47185.5,340.98
1630385100000,47185.6,47210,46985.8,47051.8,448.5
1630386000000,47051,47100,46998.1,47095.6,236.8
1630386900000,47095.5,47189.5,47083.3,47164.9,308.99
1630387800000,47164.9,47184.9,47079.9,47165.6,242.14
1630388700000,47165.7,47182,47109,47130.1,225.17
1630389600000,47130,47231.3,47119.6,47145.5,193.99
1630390500000,47145.4,47157.9,46967.7,47051.8,634.42
1630391400000,47051.7,47112.8,46990,47055.9,176.32
1630392300000,47055.9,47062,46951.4,46998.9,194.29
1630393200000,46998.9,47197.1,46808.8,47192,742.58
1630394100000,47191.9,47446.4,47120,47388.6,1074.62
1630395000000,47388.6,47638.4,47340.8,47610.8,1364.52
1630395900000,47610.9,47900,47610.9,47776.5,1506.15
1630396800000,47776.5,47856.1,47650.8,47773.1,607.59
1630397700000,47773,47983.2,47733.7,47952,703.88
1630398600000,47952,47992.3,47752.8,47810.6,686.71
1630399500000,47810.5,47810.6,47643.2,47742.8,598.41
1630400400000,47742.9,47771.5,47497.5,47514.3,621.1
1630401300000,47517.5,47615.1,47380,47464.3,747.43
1630402200000,47460,47554.2,47434.3,47532.8,363.34
1630403100000,47532.9,47576.7,47350.5,47408.9,428.08
1630404000000,47412,47412,47181.5,47247.4,903.24
1630404900000,47247.4,47394,47153.6,47366.6,837.55
1630405800000,47366.5,47526,47239,47521.8,562.27
1630406700000,47521.7,47748.6,47345.2,47427.1,1175.93
1630407600000,47427.1,47569,47336.2,47446.6,401.9
1630408500000,47446.6,47807.6,47435.8,47807.6,844.07
1630409400000,47807.9,48222,47777,48053.2,1499.48
1630410300000,48053.2,48092.9,47820.6,47993.3,858.28
1630411200000,47993.2,48178.9,47867.5,47990.4,1089.64
1630412100000,47990.5,48053.2,47852,47852,388.47
1630413000000,47852,47996.4,47745.8,47752.9,596.63
1630413900000,47753,47870.5,47750,47818.7,419.58
1630414800000,47818.8,48020,47818.8,47915.8,563.03
1630415700000,47915.8,48013.2,47656.2,47694.4,1056.9
1630416600000,47694.4,47837.2,47688.7,47733.7,247.59
1630417500000,47733.8,47893.5,47733.8,47893.5,269.38
1630418400000,47893.5,48280,47688,47734.3,1874.93
1630419300000,47734.2,47788.8,47438.1,47492.3,1427.31
1630420200000,47492.2,47612,47364.4,47548.1,926.56
1630421100000,47549.3,47609.8,47230,47286.7,1047.57
1630422000000,47285.6,47441.2,47200,47441.2,640.15
1630422900000,47441.1,47477.6,47293.3,47375,501.94
1630423800000,47375,47446.9,47250,47347,359.13
1630424700000,47349.9,47474,47280,47415.4,318.16
1630425600000,47415.4,47523.5,47310,47379.2,1030.72
1630426500000,47379.2,47474.3,47317.5,47470.8,401.48
1630427400000,47471.5,47592.1,47460.8,47544.8,259.79
1630428300000,47546.6,47566.6,47361.3,47382.4,366.23
1630429200000,47382.5,47462.8,47323.5,47368.2,324.23
1630430100000,47368.2,47442.5,47300,47312.2,314.95
1630431000000,47312.2,47330.1,46996.3,47175,868.71
1630431900000,47175,47242.7,47073.1,47118,221.8
1630432800000,47116.1,47247.7,47088,47099.6,207.47
1630433700000,47099.6,47206.1,47048.7,47206.1,273.21
1630434600000,47206.1,47365,47181.1,47335.5,336.82
1630435500000,47335.6,47410.9,47235,47316.8,321.88
1630436400000,47316.8,47412.6,47311.5,47329.1,130.7
1630437300000,47331.4,47364.4,47312.6,47318.5,74.24
1630438200000,47318.6,47402.7,47210,47347.9,203.84
1630439100000,47347.9,47348.1,47233,47320.4,174.15
1630440000000,47312.1,47326.6,47156.7,47286.5,421.61
1630440900000,47286.6,47339.1,47147.6,47220,157.48
1630441800000,47220.8,47291.7,47176,47176,187.32
1630442700000,47174.7,47174.7,46912.3,47013.8,531.96
1630443600000,47013.7,47033.1,46882.6,47021.2,296.96
1630444500000,47021.1,47121.9,46860,47026.8,287.47
1630445400000,47026.7,47222.8,46974.3,47198,135.29
1630446300000,47198,47231,46931.6,46931.6,246.54
1630447200000,46930,47017.9,46868.7,46962.8,215.82
1630448100000,46962.8,46973.5,46764.7,46886.6,479.96
1630449000000,46886.6,46934,46752.1,46916.7,260.47
1630449900000,46916.7,47126.6,46916.6,47117.8,239.98
1630450800000,47117.8,47287.6,47030.2,47225.4,348.18
1630451700000,47225.4,47241.9,47132.6,47226.5,190.51
1630452600000,47226.6,47381.8,47226.5,47285.5,298.76
1630453500000,47285.5,47318.7,47138.7,47145.5,338.72
