ts,open,high,low,close,volume
1664582400000,19424.5,19465.3,19410,19458.6,540.98
1664583300000,19458.7,19483.3,19434.5,19454.5,518.55
1664584200000,19454.4,19455,19355.6,19360.3,1372.39
1664585100000,19360.3,19404.2,19358,19404,717.31
1664586000000,19404,19404.7,19373.7,19390.1,515.89
1664586900000,19390.2,19404.6,19371,19381.4,521.15
1664587800000,19381.5,19417.4,19373.3,19390.1,618.46
1664588700000,19390.1,19435,19388,19423.6,417.28
1664589600000,19423.7,19423.9,19393.2,19399,445.43
1664590500000,19399,19427.6,19388,19414,404.72
1664591400000,19414,19435.5,19400.6,19403.4,435.9
1664592300000,19403.4,19433.2,19400.1,19415.9,445.74
1664593200000,19415.9,19443.3,19389.1,19393.1,975.23
1664594100000,19393.2,19416.3,19368,19368.4,415.59
1664595000000,19368.4,19406.8,19368.1,19405.9,420.8
1664595900000,19406,19422.7,19402.2,19421,374.96
1664596800000,19420.9,19424.6,19400,19423.1,387.62
1664597700000,19423.1,19424.4,19375.5,19383.2,368.56
1664598600000,19383.2,19417.6,19382.7,19415,490.55
1664599500000,19414.9,19428,19378,19411.5,666.09
1664600400000,19411.5,19421,19395,19398.8,325.01
1664601300000,19398.8,19407.8,19274.9,19300,2451.18
1664602200000,19300.1,19329.3,19287.2,19307.4,1241.59
1664603100000,19307.5,19333.9,19302,19324.1,743.81
1664604000000,19325,19326.7,19287.9,19307.6,908.17
1664604900000,19307.6,19310.5,19272.5,19297.6,820.16
1664605800000,19297.6,19331.3,19297.6,19314.5,738.19
1664606700000,19314.5,19320.7,19290.4,19297.6,451.69
1664607600000,19298.6,19308,19260.6,19308,975.14
1664608500000,19307.9,19324.1,19287.3,19291.5,600.55
1664609400000,19291.6,19323.9,19281,19310.6,556.91
1664610300000,19310.6,19358,19310.6,19316.8,952.02
1664611200000,19316.3,19327.6,19308.7,19324.6,388.81
1664612100000,19325,19358.9,19323,19344.2,954.16
1664613000000,19344.2,19355.8,19338.3,19343.1,392.26
1664613900000,19343,19348,19330,19341.4,376.22
1664614800000,19341.4,19370.5,19334,19339.7,591.41
1664615700000,19339.7,19347.2,19326.9,19331.8,356.23
1664616600000,19331.7,19339.5,19309.2,19336.1,430.06
1664617500000,19336.1,19355.6,19326.5,19335.8,276.85
1664618400000,19335.8,19350.1,19315.6,19325.7,764.9
1664619300000,19325.7,19349,19284.4,19330.6,704.43
1664620200000,19330.5,19380,19330.5,19355,815
1664621100000,19355,19366,19329.1,19333.1,339.85
1664622000000,19333.1,19350,19320.3,19330.9,584.24
1664622900000,19330.8,19337.1,19156,19209.6,3776.26
1664623800000,19209.7,19310,19193.9,19296.3,3165.12
1664624700000,19296.4,19336.4,19262.9,19315.1,1384.66
1664625600000,19315,19316.8,19277.3,19288.9,622.78
1664626500000,19288.9,19304.3,19250,19268.4,608.2
1664627400000,19268.5,19288,19238.5,19248.2,777.99
1664628300000,19248.2,19299,19248.1,19298.2,672.97
1664629200000,19298.1,19343.5,19281.4,19331.9,880.12
1664630100000,19331.9,19402.6,19331,19350.5,2621.35
1664631000000,19350.5,19370,19335.1,19343.5,563.8
1664631900000,19345.2,19349.8,19325.4,19333.5,361.53
1664632800000,19333.4,19348.5,19306.8,19338.4,555.64
1664633700000,19338.4,19340,19316.7,19331.2,685.29
1664634600000,19331.1,19343.6,19287.9,19309.1,897.96
1664635500000,19309.2,19339.9,19289.8,19322.9,503.45
1664636400000,19323,19334.9,19301.8,19332.6,373.67
1664637300000,19332.8,19365.8,19324.8,19348,596.39
1664638200000,19348,19348.2,19325.1,19328,282.73
1664639100000,19328,19346.6,19318.9,19329.9,514.4
1664640000000,19330,19353.7,19299.6,19310,847.74
1664640900000,19310,19310,19260.2,19299.8,1266.31
1664641800000,19299.8,19301.2,19242.3,19284.9,957.2
1664642700000,19284.8,19299.2,19244.6,19295.5,999.88
1664643600000,19294.4,19319.6,19285.6,19296.2,333.91
1664644500000,19296,19316.9,19255.5,19286.5,594.68
1664645400000,19284.8,19293.9,19280.1,19292,155.61
1664646300000,19293,19300,19250,19279.1,506.2
1664647200000,19279.1,19286.3,19207.7,19248.7,981.1
1664648100000,19248.6,19273.8,19240.1,19258,352.2
1664649000000,19257.9,19287,19245.9,19281.5,338.33
1664649900000,19282.2,19313.1,19268.2,19302.1,426.66
1664650800000,19302.2,19329.9,19295.9,19312.4,400.94
1664651700000,19312.3,19319.1,19305.4,19309.5,168.44
1664652600000,19309.4,19309.4,19216.3,19241.9,957.76
1664653500000,19241.9,19293.2,19233.4,19267.7,390.98
1664654400000,19266.1,19266.1,19200,19228.3,773.05
1664655300000,19228.5,19255.1,19220.4,19253.2,389.93
1664656200000,19252.9,19278.8,19233,19268.2,523.14
1664657100000,19268.2,19271.6,19244.9,19254.9,284.03
1664658000000,19252.8,19267.4,19244.1,19267.4,149.33
1664658900000,19267.3,19295.1,19260.2,19292.9,252.57
1664659800000,19292.9,19304.5,19290.6,19298.6,143.04
1664660700000,19299.1,19318.3,19283.1,19289.5,244.86
1664661600000,19289.5,19311.2,19272.9,19296,404.66
1664662500000,19296.1,19326.9,19284.9,19316.8,339.3
1664663400000,19316.9,19325.7,19308.2,19324.6,232.53
1664664300000,19324.6,19340.2,19317.5,19324,387.85
1664665200000,19324,19341,19300.1,19308,268.99
1664666100000,19308,19317,19290,19304.3,236.42
1664667000000,19304.9,19317.5,19303.6,19312.8,132.32
1664667900000,19312.9,19318.7,19303.7,19311.2,133.27
1664668800000,19311.2,19319.4,19294.7,19309.2,233.59
1664669700000,19309.2,19330,19280.2,19293.3,388.97
1664670600000,19292.9,19326.9,19289.2,19298.3,233.09
1664671500000,19298.3,19298.3,19235.8,19279.9,877.67
1664672400000,19279.9,19293.6,19258.3,19278.6,351.19
1664673300000,19278.5,19310,19265.4,19299.9,443.49
1664674200000,19299.9,19308.2,19288.8,19306.9,241.59
1664675100000,19306.4,19309.9,19294.8,19309,289.18
1664676000000,19309.7,19339,19304,19304,518.56
1664676900000,19304,19327.7,19304,19325.3,266.41
1664677800000,19325.2,19347.1,19320.3,19341.7,458.41
1664678700000,19341.7,19347.6,19315.7,19317.1,315.08
1664679600000,19317,19331.9,19305.1,19318.8,393.18
1664680500000,19318.8,19318.8,19288.1,19294.9,620.61
1664681400000,19294.8,19310.2,19285.8,19305.5,388.08
1664682300000,19305.5,19311.9,19299.2,19308.6,294.59
1664683200000,19308.5,19310.4,19296.6,19298.4,375.68
1664684100000,19298.3,19319.9,19295.2,19319.9,155.5
1664685000000,19319.8,19319.9,19310.6,19313.6,146.47
1664685900000,19313.7,19337.3,19301.9,19337.2,436.87
1664686800000,19337.3,19337.3,19321.4,19332.1,310.05
1664687700000,19332.2,19360,19326.8,19358.1,764.1
1664688600000,19358.1,19399,19324.5,19331.5,1684.16
1664689500000,19331.8,19367.3,19298.4,19331.5,1134.94
1664690400000,19331.4,19381.4,19328.3,19353.4,774.06
1664691300000,19353.4,19382.5,19325.6,19363.3,663.55
1664692200000,19363.7,19367,19308.9,19325.1,1219.19
1664693100000,19325.1,19332.1,19267,19277,1293.58
1664694000000,19277,19310,19228.4,19270.1,1740.62
1664694900000,19270.2,19295,19256.7,19288.9,584.56
1664695800000,19288.9,19303.1,19285.7,19294.1,320.79
1664696700000,19294.2,19304.9,19280.2,19290.6,314.97
1664697600000,19290.5,19302.7,19273.9,19285.8,450.13
1664698500000,19285.7,19292.7,19270,19288.6,531.25
1664699400000,19288.8,19290.4,19252.4,19268.5,384.98
1664700300000,19268.5,19286.5,19268.5,19286.5,237.79
1664701200000,19286.4,19287.1,19274.7,19285.7,165.57
1664702100000,19285.8,19293.5,19270.7,19276.4,270.31
1664703000000,19276.4,19276.5,19221.1,19255.6,1203.87
1664703900000,19255.7,19273.4,19249,19262.6,408.7
1664704800000,19262.6,19264.6,19175.3,19212.2,2092.49
1664705700000,19212.2,19217.9,19027.6,19105.1,6737.56
1664706600000,19105.1,19159.4,19086,19109,2095.61
1664707500000,19109,19127.5,19068.9,19103.6,1201.42
1664708400000,19103.6,19163.5,19077.4,19160.9,1141.07
1664709300000,19161,19271,19154.6,19264.1,2015.38
1664710200000,19264.1,19269.8,19192.8,19199.5,1585.51
1664711100000,19199.5,19209.9,19173.8,19191.3,678.22
1664712000000,19191.3,19246,19186.4,19220.6,1169.43
1664712900000,19220.7,19220.7,19131,19150.1,1265.95
1664713800000,19150,19179,19145.4,19172.6,640.8
1664714700000,19172.6,19188.8,19135.3,19160.8,565.32
1664715600000,19160.8,19168.9,19126.1,19142.6,733.79
1664716500000,19142.6,19167.5,19136,19150,426.32
1664717400000,19150,19200,19147.7,19180.4,893.84
1664718300000,19180.3,19188.8,19157.9,19162.5,670.25
1664719200000,19162.5,19184.3,19151.2,19151.2,493.84
1664720100000,19151.3,19173.6,19140,19149,718.39
1664721000000,19148,19156.3,19115,19138.1,911.47
1664721900000,19138.1,19148.8,19063.5,19102.5,1955.75
1664722800000,19102.4,19149,19097.5,19140.3,708.99
1664723700000,19140.2,19141.1,19106,19108,422.7
1664724600000,19108.2,19143.1,19107.9,19124.7,505.6
1664725500000,19126.1,19161.4,19114.4,19146.5,541.23
1664726400000,19146.6,19190,19135.4,19189.4,690.12
1664727300000,19188.6,19242.7,19182.5,19200.7,1896.26
1664728200000,19203.1,19205.8,19169.3,19190,560.28
1664729100000,19190,19221.6,19189.8,19203.2,921.27
1664730000000,19203.3,19213.3,19196.5,19200.1,262.37
1664730900000,19200.2,19204.9,19168.1,19191,345.9
1664731800000,19191,19226.4,19177.4,19213.4,290.7
1664732700000,19213.4,19221.5,19195.1,19201.6,351.39
1664733600000,19201.5,19212.7,19141,19179,627.77
1664734500000,19179.1,19179.1,19147.8,19171,377.15
1664735400000,19170.2,19209.9,19168.4,19190.8,490.45
1664736300000,19188.7,19220,19178.1,19217,322.96
1664737200000,19217.1,19341.9,19217,19307.1,2843.2
1664738100000,19307.1,19327.2,19235.2,19251.7,745.89
1664739000000,19251.8,19300.3,19226.9,19283,810.63
1664739900000,19283,19301.1,19258,19261.8,415.79
1664740800000,19262.6,19278.8,19259.8,19262.3,183.91
1664741700000,19262.7,19262.7,19240,19247,253.36
1664742600000,19246.3,19248.3,19226.3,19233.9,227.2
1664743500000,19234,19263.4,19230,19233.1,338.01
1664744400000,19233.1,19239.1,19160.8,19180.9,835.45
1664745300000,19180.9,19180.9,19102.6,19145.5,1599.99
1664746200000,19146.3,19173.5,19146.3,19154.1,386.19
1664747100000,19154,19213,19152,19199,549.47
1664748000000,19196.4,19232,19140.8,19218.2,1725.73
1664748900000,19218.1,19300,19204.5,19212.2,1911.48
1664749800000,19212.2,19222.1,19181,19193.8,1082.52
1664750700000,19193.7,19227.5,19142.7,19172.6,1894.42
1664751600000,19172.5,19182.3,18905,18973.9,8499.92
1664752500000,18973.8,19000,18915.5,18963.2,3629.89
1664753400000,18962.5,19079.7,18934.6,19073.3,1415.01
1664754300000,19073.8,19113,19008.1,19056.2,1920.64
1664755200000,19056.1,19085,18960,19079.2,2369.33
1664756100000,19079.1,19128.6,19020.1,19111.5,1799.15
1664757000000,19112.4,19112.5,19069.3,19075.5,874.8
1664757900000,19075.4,19104.3,19054,19092.6,748.78
1664758800000,19092.6,19206.3,19089.9,19191.1,2036.68
1664759700000,19191.1,19230.2,19168.6,19222.9,1338.58
1664760600000,19222.8,19228.5,19187.8,19208.9,754.33
1664761500000,19209,19259,19200.6,19222.7,1254.43
1664762400000,19222.6,19238.4,19161.5,19197,1339.25
1664763300000,19197.1,19197.1,19140.1,19158.5,930.31
1664764200000,19158.5,19212,19150,19195.2,805.91
1664765100000,19195.3,19209.7,19129.3,19138.1,999.19
1664766000000,19138.1,19179.1,19138.1,19179.1,648.67
1664766900000,19179.9,19208.6,19159,19159,518.28
1664767800000,19159.1,19205.5,19153.6,19188.7,885.64
1664768700000,19188.7,19196.2,19160,19166.5,327.68
1664769600000,19168.4,19177.3,19118.4,19130.3,1109.19
1664770500000,19130.3,19140.8,19104.4,19115.1,763.95
1664771400000,19115,19133.9,19088.7,19127.1,902.76
1664772300000,19127.5,19138.4,19096.5,19096.5,361.86
1664773200000,19096.5,19110.8,19063.1,19081.2,1227.19
1664774100000,19081.2,19123,19068,19107.6,513.81
1664775000000,19107.6,19172.9,19107.6,19166,1056.39
1664775900000,19165.7,19290.1,19162.9,19244.3,3978.77
1664776800000,19245.3,19318.5,19226.7,19238.3,2742.14
1664777700000,19238.3,19252,19195.2,19213,1357.34
1664778600000,19213,19225.1,19178,19178,1067.48
1664779500000,19178,19216.5,19158.6,19196.5,1209.29
1664780400000,19195.9,19238.9,19150,19193.8,1539.03
1664781300000,19196.2,19237.7,19188.1,19218.7,770.1
1664782200000,19221.2,19235.7,19175,19192.7,654.8
1664783100000,19193.2,19216.5,19176.2,19198.1,584.4
1664784000000,19200.4,19200.4,19162.6,19198.8,853.97
1664784900000,19198.9,19216.1,19179.4,19213.7,475.3
1664785800000,19213.6,19223.8,19190,19198.3,406.63
1664786700000,19198.2,19209.7,19186.9,19195,336.22
1664787600000,19195,19197.7,19144.7,19169,1123.16
1664788500000,19169.1,19184.9,19156.9,19180.8,461.58
1664789400000,19180.9,19197,19152.3,19156.7,488.45
1664790300000,19156.7,19181.7,19126.1,19180,1140.09
1664791200000,19179.9,19179.9,19135,19139.3,494.76
1664792100000,19139.2,19173.7,19132.6,19173.6,317.31
1664793000000,19173.6,19220.6,19171.1,19201.3,1285.57
1664793900000,19201.3,19234.9,19192.3,19233.3,851.98
1664794800000,19234.2,19248,19203.2,19219.9,847.77
1664795700000,19219.9,19223.5,19183.1,19205.7,544.87
1664796600000,19206,19233.3,19198.1,19211.5,486
1664797500000,19211.5,19255.5,19188.1,19248.7,640.2
1664798400000,19248.7,19258.8,19206.7,19219.9,706.1
1664799300000,19219.9,19236.5,19206.8,19217,398.27
1664800200000,19216.9,19239.8,19191.2,19203.1,1024.78
1664801100000,19203.2,19284.9,19200.6,19255,1628.78
1664802000000,19255.1,19338.3,19255.1,19299.8,2604.53
1664802900000,19299.8,19326.1,19231.7,19246,1987.45
1664803800000,19246,19308.4,19134.9,19193.9,4812.96
1664804700000,19195.8,19256,19160,19181.9,2211.04
1664805600000,19180.5,19324.9,19180.5,19247.7,5102.32
1664806500000,19247.6,19500,19228,19415.7,6937.08
1664807400000,19415.8,19464,19380.1,19408.5,3518.12
1664808300000,19409.1,19440.5,19390.8,19415.8,2312.49
1664809200000,19415.8,19493.6,19387.6,19438.1,2558.14
1664810100000,19438.1,19496.9,19402.3,19415.6,2191.81
1664811000000,19416.1,19434.5,19340.8,19354.4,2055.92
1664811900000,19354.4,19384.6,19322.8,19337.9,1368.06
1664812800000,19338.8,19415,19338.8,19371.4,1419.1
1664813700000,19371.8,19391,19310.8,19349.7,1307.5
1664814600000,19349.8,19400,19342.6,19379.6,1233.86
1664815500000,19379.7,19415.4,19366.3,19409.9,1261.27
1664816400000,19410,19478.6,19408.9,19454.4,1960.39
1664817300000,19454.4,19588,19427.6,19512,3888.79
1664818200000,19512,19579.2,19511.9,19569.5,1762.98
1664819100000,19569.6,19598,19528,19547.5,1470.53
1664820000000,19547.6,19633.3,19539.8,19593.8,2256.3
1664820900000,19593.8,19637.7,19580.1,19600.8,1411.68
1664821800000,19600.8,19633.3,19575.6,19617.1,1118.05
1664822700000,19617.1,19648,19585.5,19612.8,1186.84
1664823600000,19612.8,19630.8,19467.7,19515.6,3747.95
1664824500000,19515.5,19595.3,19433,19533.5,2213.82
1664825400000,19533.6,19564,19488.5,19506.5,1060.98
1664826300000,19506.4,19544.6,19491.1,19543,1077.65
1664827200000,19544.6,19583.4,19531.5,19551.1,762.14
1664828100000,19550.1,19564.5,19511.6,19530,589.02
1664829000000,19530.1,19550.3,19519.5,19536,320.02
1664829900000,19536,19603.4,19530.9,19593.4,881.96
1664830800000,19593.4,19596.4,19540,19543.1,543.91
1664831700000,19543,19584.8,19543,19569.7,314.93
1664832600000,19569.5,19591.5,19561.9,19577.4,239.38
1664833500000,19574.2,19574.2,19523.2,19551.6,329.51
1664834400000,19551.7,19600,19544,19571.5,465.1
1664835300000,19571.7,19577.8,19530.1,19549.6,687.23
1664836200000,19549.7,19555.7,19514.3,19526.8,893.38
1664837100000,19526.8,19537.9,19514.6,19519.6,376.89
1664838000000,19519.6,19636.8,19519.6,19619.4,1539.32
1664838900000,19619.4,19745.8,19596.8,19638.5,3937.84
1664839800000,19638.6,19661.3,19616.5,19624.2,761.77
1664840700000,19624.2,19641,19594.7,19626.1,960.9
1664841600000,19628.4,19685,19599.1,19685,1473.1
1664842500000,19684.9,19720.4,19617,19624.1,1949.21
1664843400000,19624.1,19633.5,19585.6,19588.3,867.52
1664844300000,19588.3,19606.1,19529.3,19562.6,1208.1
1664845200000,19562.5,19579.6,19545.1,19557.3,765.47
1664846100000,19557.3,19569.2,19539,19549.9,562.83
1664847000000,19549.8,19564.8,19540,19547.5,362.89
1664847900000,19547.5,19557.4,19504,19505.7,953.56
1664848800000,19505.7,19536.7,19491.6,19528.6,980.72
1664849700000,19528.6,19537.7,19510.7,19523.9,442.09
1664850600000,19524,19555,19521.9,19540.8,499.27
1664851500000,19540.8,19551.2,19522.7,19543.6,463.14
1664852400000,19543.7,19571.5,19538,19570,779.21
1664853300000,19570,19598,19558.9,19570.3,965.97
1664854200000,19570.4,19628.3,19564,19617,1262.9
1664855100000,19617,19617.2,19572,19595.4,725.22
1664856000000,19595.4,19606.7,19552.1,19558.4,694.26
1664856900000,19558.4,19597.6,19558.4,19569.3,446.07
1664857800000,19569.4,19640,19569.4,19597.6,1456.3
1664858700000,19597.6,19606.8,19588,19590.3,588.42
1664859600000,19590.3,19619.8,19582.1,19611.4,436.87
1664860500000,19611.5,19664.9,19611.5,19616,1751.5
1664861400000,19615.9,19628.4,19587.9,19613.1,704.17
1664862300000,19613.1,19635.3,19605.8,19607.2,326.38
1664863200000,19607.2,19635.4,19596.5,19625.8,732.75
1664864100000,19624.9,19721.8,19623.7,19718.3,2204.29
1664865000000,19718.4,19850,19718.4,19827,6317.68
1664865900000,19827,19888.4,19792.3,19837.7,3374.03
1664866800000,19837.8,19913.8,19835.9,19870.8,4194.72
1664867700000,19870.9,19940,19865,19881.3,3659.43
1664868600000,19881.4,19936.9,19881.3,19922.9,2738.86
1664869500000,19923,19977,19923,19964.4,2528.11
1664870400000,19964.4,20166,19957.6,20071,10343.49
1664871300000,20071.1,20109.4,19896.1,19935,5975.85
1664872200000,19935,19997,19928,19945.9,2524.69
1664873100000,19946,19951.9,19855.1,19889,2975.94
1664874000000,19886.5,19939.2,19812,19853.7,3009.7
1664874900000,19853.7,19918.1,19819.1,19915,2155.36
1664875800000,19915,19981,19896.7,19981,1922.18
1664876700000,19980.9,19981,19931.4,19939.3,1458.6
1664877600000,19939.3,19949.9,19901,19905.4,965.51
1664878500000,19905.5,20002.9,19905.4,19990.7,1760.97
1664879400000,19990.8,20000,19946.4,20000,977.61
1664880300000,20000,20050,19951,19961.9,2572.33
1664881200000,19961.9,19961.9,19938.1,19947.1,814.16
1664882100000,19946.8,19974,19906.7,19915.1,1032.19
1664883000000,19915.2,19951.9,19870,19944.5,1429
1664883900000,19944.4,19950,19929.3,19938.9,566.89
1664884800000,19938.8,19986.6,19919,19961.5,1536.08
1664885700000,19960.4,19969.6,19907.1,19953.4,1024.63
1664886600000,19950.3,19953.9,19915.9,19916.9,661.85
1664887500000,19915.3,19987.5,19908,19983.4,1349.64
1664888400000,19983.3,20042,19951.1,19994.4,2009.52
1664889300000,19993.7,20044,19966.4,20002.4,1481.93
1664890200000,20002.4,20156.9,20000,20050.7,5963.88
1664891100000,20050.7,20120.6,20003.9,20095.2,2829.18
1664892000000,20098.7,20300,20097.5,20178,10419.2
1664892900000,20178.8,20197.5,20058.9,20079.2,3388.79
1664893800000,20079.2,20127.9,20037.5,20109.4,2896.78
1664894700000,20109.4,20144,20083,20107.8,1667.03
1664895600000,20109.3,20128.3,20068,20121.4,1448.24
1664896500000,20121.3,20121.3,20051.4,20064.3,973.19
1664897400000,20064.3,20127.5,20047.2,20106,1419.45
1664898300000,20106,20108.3,20058.9,20099,945.24
1664899200000,20099.6,20112,19950.7,19995.9,2756.72
1664900100000,19996,20052.6,19966,20040.6,2061.83
1664901000000,20045,20075.1,20031,20033.5,1158.13
1664901900000,20033.6,20047,19971.5,19994.2,1396.56
1664902800000,19994.1,20005.6,19910.8,19927.9,1925.56
1664903700000,19928.7,19965.5,19870.5,19959.9,2413.13
1664904600000,19960,19977.5,19938.5,19950.6,693.64
1664905500000,19950.6,20039.7,19950.6,20024.9,1660.08
1664906400000,20024.9,20089.2,20019.5,20067.4,1237.95
1664907300000,20067.5,20080,20028,20029.2,569.75
1664908200000,20032.3,20069,20031.1,20068.1,392.86
1664909100000,20068.9,20183,20060.5,20123.2,2010.8
1664910000000,20124.2,20140.9,20041.6,20091.6,1246.93
1664910900000,20091.5,20137.5,20070.2,20122.6,752.5
1664911800000,20122.5,20122.5,20088.1,20103.9,531.31
1664912700000,20103.9,20276,20096.9,20222.3,4217.49
1664913600000,20222.2,20232.7,20146,20175.2,1278.22
1664914500000,20175.1,20385,20175.1,20381,3838.2
1664915400000,20381,20400,20270.9,20321.5,3003.64
1664916300000,20321.6,20479.3,20316.2,20330,3661.2
1664917200000,20330,20399.9,20326.8,20364.4,1199.29
1664918100000,20364.3,20369.1,20309.9,20323.9,850.15
1664919000000,20323.9,20329.3,20255.2,20287.2,1480.9
1664919900000,20287.3,20337.3,20282,20288.6,550.55
1664920800000,20288.7,20307.6,20277.2,20294.5,663.73
1664921700000,20294.5,20326.2,20252.2,20254,739.09
1664922600000,20254.8,20289.8,20244.2,20287.6,555.44
1664923500000,20287.6,20312.5,20236.4,20297.5,759.68
1664924400000,20297.4,20310.1,20271.3,20296.5,715.52
1664925300000,20296.5,20321.5,20287.6,20299.7,695.93
1664926200000,20299.8,20380,20298.3,20353.6,1629.87
1664927100000,20354.4,20354.4,20323.7,20332.1,808.64
1664928000000,20332,20360.2,20245.4,20248.8,1889.5
1664928900000,20248.8,20269.1,20148,20210.2,2760.37
1664929800000,20210.1,20229.2,20175,20196.4,739.68
1664930700000,20196.5,20212.5,20153.5,20188,886.76
1664931600000,20184.5,20224,20179,20224,768.44
1664932500000,20224,20276.7,20202.8,20250.3,1046.1
1664933400000,20248.7,20248.9,20200,20242.2,628.08
1664934300000,20242.6,20242.6,20210,20210.1,447.68
1664935200000,20212.7,20232.4,20194,20205.7,453.92
1664936100000,20203.8,20249.9,20198.7,20219.2,558.04
1664937000000,20219.2,20227.3,20200,20206.7,315.07
1664937900000,20206.7,20208.5,20183.6,20189.2,453.51
1664938800000,20190.5,20212.3,20158.8,20212.3,903.66
1664939700000,20212.2,20235.4,20206.1,20222.9,538.37
1664940600000,20222.9,20226.4,20180.8,20193.9,577.42
1664941500000,20193.9,20206.2,20181.8,20188.3,370.07
1664942400000,20188.3,20224.9,20175.2,20212.8,572.48
1664943300000,20212.8,20218.9,20073.2,20087.3,2471.16
1664944200000,20088.5,20148.9,20075,20146,1295.92
1664945100000,20146,20146.1,20117.6,20123.9,599.45
1664946000000,20124,20173.8,20110.1,20173.8,719.26
1664946900000,20173.9,20180,20137.1,20137.1,652.6
1664947800000,20137.9,20179.7,20137.9,20178.7,383.16
1664948700000,20178.6,20201,20153,20197.3,974.3
1664949600000,20197.2,20227.5,20171.6,20175,1048.68
1664950500000,20175,20189.2,20156,20184.4,405.26
1664951400000,20184.5,20215,20181.5,20206.5,681.15
1664952300000,20206.4,20299.9,20198.3,20250.3,2557.62
1664953200000,20250.3,20273.2,20216.7,20228.2,1167.67
1664954100000,20228.2,20236.5,20195.8,20207.1,1125.38
1664955000000,20207,20276,20207,20269.9,1112.55
1664955900000,20269.9,20280,20212.8,20225.1,806.47
1664956800000,20225.2,20243.1,20100.2,20113.2,2474.64
1664957700000,20113.2,20138.8,20001,20080.4,4714.8
1664958600000,20080.3,20175,20050.1,20126.6,2633.4
1664959500000,20126.6,20149.9,20109.8,20133.1,906.73
1664960400000,20133,20153.2,20103.2,20125.5,916.76
1664961300000,20125.6,20141,20080,20111,1022.79
1664962200000,20111,20125,20064,20088.2,1028.06
1664963100000,20088.1,20092.5,20058,20091.3,727.32
1664964000000,20091.4,20118,20077.5,20114,730.64
1664964900000,20114,20136.8,20085.3,20136,648.11
1664965800000,20135.9,20155.4,20088.5,20118.3,869.43
1664966700000,20118.1,20132.6,20093,20124.6,684.24
1664967600000,20124.6,20134.8,20091,20107,993.04
1664968500000,20106.9,20112.5,20080,20089.5,658.57
1664969400000,20089.9,20091.8,19955,19982.6,4444.67
1664970300000,19982.6,20028.6,19974.1,20028.4,2053.03
1664971200000,20028.5,20043.1,20003.3,20009.5,1353.65
1664972100000,20009.4,20033,19960,19997.1,2425.54
1664973000000,19997,20060,19975.8,20052.1,1618.86
1664973900000,20052.2,20070,20017.2,20022.5,1002.59
1664974800000,20022.5,20040.7,19850.1,19879,5389.8
1664975700000,19876.5,19931,19873.3,19905.9,2312.75
1664976600000,19906,19990,19821.5,19842.9,5670.97
1664977500000,19842.5,19923.1,19816.7,19920,2831.21
1664978400000,19921.2,19946,19830.5,19858.5,3402.64
1664979300000,19858.4,19858.4,19720,19812.9,5972.28
1664980200000,19812.8,19898.8,19756,19888.8,2762.31
1664981100000,19888.7,19932.7,19858.3,19876.3,2278.53
1664982000000,19878.5,19924.6,19864.8,19904.6,1857.31
1664982900000,19904.6,19973.7,19888.5,19933.1,1925.46
1664983800000,19933.1,20005.3,19911,19985.4,1725.96
1664984700000,19985.4,20027,19966.8,19999.1,1722.25
1664985600000,19999.2,20137.9,19952,20129.9,4274.2
1664986500000,20129.9,20209.1,20074.4,20088.9,4896.05
1664987400000,20088.9,20130,20066.2,20129.9,1267.36
1664988300000,20130,20295,20107.8,20235,5291.75
1664989200000,20235,20260.9,20176,20255.5,2163.94
1664990100000,20255.5,20330.3,20192.8,20206.2,3158.72
1664991000000,20205.6,20228.7,20157,20182.2,2290.39
1664991900000,20182.3,20219.3,20158.4,20163,855.45
1664992800000,20163,20193.2,20080.4,20147.1,1979.7
1664993700000,20147.1,20206.4,20135.4,20197.4,1146.48
1664994600000,20197.3,20205.2,20140,20191,906.46
1664995500000,20190.9,20269.9,20163.3,20265.4,1346.08
1664996400000,20265.4,20348.4,20204,20249.7,2703.05
1664997300000,20249.8,20269.9,20191.1,20199.7,1162.85
1664998200000,20199.8,20224.2,20172.3,20200.6,1024.09
1664999100000,20200.6,20215.4,20104,20121.9,1029.71
1665000000000,20121.9,20171.2,20117.5,20150.4,721.64
1665000900000,20150.5,20161.6,20069.3,20085.4,962.09
1665001800000,20085.4,20122,20075.7,20102.6,759.27
1665002700000,20101.7,20103.4,19973.3,19983.6,2009.46
1665003600000,19983.5,20048,19983.2,20009.4,937.6
1665004500000,20009.3,20046.5,19980.4,20027.7,471.15
1665005400000,20027.8,20089.6,20027.8,20068,578.69
1665006300000,20068,20073.9,20013.3,20052.5,375.76
1665007200000,20052.5,20074.1,20017.4,20036.5,549
1665008100000,20039,20155,20039,20136.8,1572.62
1665009000000,20136.8,20146.6,20094.4,20113.5,576.33
1665009900000,20112.5,20214,20112.5,20191.4,1137.03
1665010800000,20191.3,20199.5,20124.8,20153,837.04
1665011700000,20153,20187.6,20139.1,20147.3,498.68
1665012600000,20147.3,20151.9,20120.5,20150.6,512.38
1665013500000,20150.7,20188.2,20146,20160.1,516.64
1665014400000,20160.1,20274.8,20145,20245.4,2244.89
1665015300000,20245.3,20287,20225.3,20246.8,1189.15
1665016200000,20246.8,20307.7,20207.4,20249.8,1802.3
1665017100000,20249.8,20387,20246.7,20270.2,4854.57
1665018000000,20270.1,20339.9,20250.1,20292,2460.04
1665018900000,20291.6,20340,20267.5,20272.8,1306.18
1665019800000,20273,20295.3,20245.5,20277.9,1019.84
1665020700000,20277.3,20421.3,20275,20371.3,3038.76
1665021600000,20371.4,20447,20370.5,20394.7,3415.79
1665022500000,20394.7,20422.5,20311.5,20317,2192.64
1665023400000,20316.5,20356.2,20291.6,20319,1253.02
1665024300000,20319.1,20370,20313.8,20328.2,846.33
1665025200000,20328.3,20337.9,20279.4,20337.9,947.58
1665026100000,20337.9,20355.6,20310.5,20353,546.33
1665027000000,20353.1,20386.6,20328.2,20359,1154.27
1665027900000,20359.1,20374.6,20326.6,20356.1,688.59
1665028800000,20356,20431.8,20320.3,20395.4,1975.97
1665029700000,20395.5,20449.1,20355.7,20365.4,1980.54
1665030600000,20365.4,20408,20343.4,20374,1351.5
1665031500000,20373.9,20404.9,20343.7,20350,1139.72
1665032400000,20350,20367.1,20249.9,20303.6,2914.64
1665033300000,20303.6,20327.3,20286.4,20324.9,726.17
1665034200000,20324.9,20376.4,20314.1,20318.1,999.21
1665035100000,20318,20323.4,20289.4,20303.6,791.62
1665036000000,20303.3,20303.3,20238.6,20254.8,2310.02
1665036900000,20254.9,20263.8,20195.5,20212.5,2072.54
1665037800000,20210.5,20254.4,20205,20226.4,967.03
1665038700000,20227.3,20249.3,20166,20177,1580.86
1665039600000,20177,20232.9,20160.3,20229.1,2047.15
1665040500000,20229.1,20238.7,20188.3,20222,922.09
1665041400000,20222,20225,20186,20208.4,516.58
1665042300000,20206.8,20250,20163.1,20221.5,1265.46
1665043200000,20221.5,20250.1,20186,20201.5,875.95
1665044100000,20201.6,20220.7,20113,20161.5,2920.15
1665045000000,20161.4,20189,20105.3,20133.6,2347.67
1665045900000,20133.5,20157.2,20118.3,20143.4,1042.87
1665046800000,20143.3,20173.3,20122,20136.7,914.7
1665047700000,20137.4,20165,20128.7,20162.1,611.69
1665048600000,20162,20185.2,20153.4,20182.2,858.57
1665049500000,20182.7,20182.7,20087.6,20096.6,1422.27
1665050400000,20096.6,20133.1,20084.8,20131.9,1001.74
1665051300000,20131.9,20138.6,20088,20121.5,719.72
1665052200000,20121.6,20157.1,20118.2,20148.7,516.91
1665053100000,20148.6,20148.6,20112.5,20132.4,531.7
1665054000000,20132.3,20165.5,20130.4,20139.6,690.3
1665054900000,20139.6,20166,20126.4,20134.7,625.23
1665055800000,20134.6,20237.2,20131.5,20205.6,2157.17
1665056700000,20205.6,20257.2,20180,20243.6,1582.03
1665057600000,20243.7,20289.9,20193.3,20232.5,2243.2
1665058500000,20232.5,20232.5,20162.4,20206.3,1285.69
1665059400000,20205,20326.6,20205,20272.2,3074.55
1665060300000,20272.4,20289.3,20173.2,20191,2214.74
1665061200000,20191.1,20194.1,20089.2,20129.8,3110.29
1665062100000,20129.7,20137.6,20040,20079.5,2727.97
1665063000000,20079.6,20296.6,20072.4,20252.1,4455.19
1665063900000,20254.1,20265.3,20100.7,20109.8,3816.25
1665064800000,20110.9,20111,19890.5,19942.4,8476.22
1665065700000,19942.5,19990.3,19878,19882.2,3694.99
1665066600000,19881.9,20065.2,19878.5,20019.2,3912.18
1665067500000,20019.3,20121.9,19990,20102.3,3448.96
1665068400000,20104.9,20107.8,20000.1,20001.4,1884.42
1665069300000,20001.3,20119.8,19989.9,20098.8,2496.76
1665070200000,20097.6,20108.2,20049.3,20055.7,1174.17
1665071100000,20055.8,20118,20006.4,20010,1831.5
1665072000000,20008.3,20050,19942.4,19990.1,3148.54
1665072900000,19990.1,20065,19989.9,20064.9,1607.73
1665073800000,20065,20092.6,20020.1,20088.1,972.55
1665074700000,20088,20105,20056.4,20056.5,1042.79
1665075600000,20056.5,20099.5,20014.9,20099.5,1008.44
1665076500000,20099.1,20275.2,20069.1,20136.6,5524.69
1665077400000,20136.5,20136.6,20074.7,20103.5,760.91
1665078300000,20103.4,20140.6,20084.9,20117,705.01
1665079200000,20116.9,20116.9,20041.6,20081.5,886.82
1665080100000,20083,20098,20048,20074.7,880.74
1665081000000,20074.6,20101.9,20033,20055.4,686.08
1665081900000,20054.5,20056.9,19980,20018.9,1662.56
1665082800000,20018.8,20047.7,19993.7,20041.9,751.39
1665083700000,20041.9,20064.4,20018.4,20053,695.88
1665084600000,20053,20061,20031.1,20038.8,279.41
1665085500000,20036.9,20062.1,20004.4,20012.2,530.24
1665086400000,20012.2,20032.1,20000.3,20030.1,219.73
1665087300000,20030.1,20067,20023.5,20066.9,540.63
1665088200000,20066.9,20076.4,20036.7,20039.1,222.58
1665089100000,20039.1,20050.4,20024.4,20047,242.19
1665090000000,20049,20049,19964,19981.5,479.6
1665090900000,19981.5,20020,19906.5,19948.7,1139.44
1665091800000,19948.7,19950,19904,19939.7,673.66
1665092700000,19939.8,19980.1,19888,19910.2,1125.31
1665093600000,19910.1,19951.7,19855,19917.9,1988
1665094500000,19918.2,19944.2,19890.1,19924.1,521.95
1665095400000,19924.1,19942.2,19893.9,19936.2,528.94
1665096300000,19936.2,19937.1,19890,19900.1,542.71
1665097200000,19900.2,19953.3,19870.7,19944,919.45
1665098100000,19944,19965.5,19921.3,19962,719.85
1665099000000,19962,19973.8,19935,19950.4,504.5
1665099900000,19950.3,19964.7,19928.9,19961.4,300.92
1665100800000,19961.4,20025.6,19945.1,20010.9,796.85
1665101700000,20011.9,20049.4,19986.8,20038.6,1119.26
1665102600000,20038.6,20056.2,20000.4,20017.6,867.68
1665103500000,20017.5,20020,19990.3,19992.2,486.28
1665104400000,19992.3,19999.7,19961.7,19995.7,816.58
1665105300000,19995.7,20020.4,19973.1,20013.9,528.88
1665106200000,20013.8,20020.2,19977.8,20020,414.34
1665107100000,20017.1,20017.1,19982.5,19996.3,254.79
1665108000000,19996.3,20003.6,19970.1,19984.9,381.95
1665108900000,19984.9,20041.1,19984.9,20030.7,744.49
1665109800000,20028.6,20055,20019.7,20036.6,520.9
1665110700000,20036.7,20039.1,20004.1,20015.4,384.79
1665111600000,20015.5,20032.3,20008.4,20008.9,316.49
1665112500000,20008.8,20019,19980.2,19997,445.5
1665113400000,19997,20019.7,19989,20018.1,245.38
1665114300000,20018.1,20019.6,19981.2,19984.7,581.17
1665115200000,19984.6,20006.2,19975,20000.9,394.57
1665116100000,20001,20012.2,19990.4,20000.8,294.28
1665117000000,20000.8,20012.1,19970.5,19973,544.93
1665117900000,19973,19982.7,19940,19942.4,722.09
1665118800000,19942.5,19954,19911,19923.9,1294.57
1665119700000,19923.8,19956.7,19922.1,19948.9,580.85
1665120600000,19948.8,19990.2,19939,19982.4,741.88
1665121500000,19979.4,19995.7,19968,19969.5,340.31
1665122400000,19969.5,19979.6,19944.6,19961.8,448.16
1665123300000,19960.1,19960.1,19808,19830.5,3102.93
1665124200000,19830.4,19881.6,19820.2,19858.5,1999.21
1665125100000,19859.8,19875.7,19842.4,19855.5,840.94
1665126000000,19857.4,19924.9,19846.1,19908.4,1281.16
1665126900000,19908.4,19933,19893.9,19900.9,742.87
1665127800000,19900.9,19938,19892,19933.2,621.63
1665128700000,19933.1,19945,19923.1,19926.8,748.92
1665129600000,19926.8,19965,19913.2,19959.6,772.96
1665130500000,19959.6,19994.9,19956.5,19966.1,1002.09
1665131400000,19966.1,20024.5,19963.5,19992.9,2198.62
1665132300000,19993,19999.9,19968.3,19972.7,651.66
1665133200000,19972.7,20000,19970,19998.5,483.96
1665134100000,19998.4,20024.8,19975.5,19987,942.7
1665135000000,19986.3,20010.9,19976,19979.7,588.97
1665135900000,19979.5,19981.2,19960,19979,587.64
1665136800000,19979.3,19982.8,19935,19935,1073.19
1665137700000,19935.4,19955.8,19924.8,19946.9,561.62
1665138600000,19946.9,19974.7,19942.8,19954.1,501.17
1665139500000,19955.6,20008.6,19947.7,19997.9,637.98
1665140400000,19997.9,20005.4,19979.3,19979.6,629.38
1665141300000,19979.7,20001.8,19962.4,19986.9,528.37
1665142200000,19987,20009.4,19969.7,19978.7,995.21
1665143100000,19978.6,20013,19970,19997.1,618.26
1665144000000,19997.2,20019,19975,19995.4,1015.87
1665144900000,19995.5,20070.2,19741,20023,7528.33
1665145800000,20023,20050,19620,19780.8,20218.64
1665146700000,19780.9,19781.2,19465.7,19617.4,14083.85
1665147600000,19617.3,19645,19505,19639.9,4318.7
1665148500000,19639.9,19708,19600,19621.6,3450.55
1665149400000,19620,19663.7,19568.2,19591.5,3620.66
1665150300000,19590.3,19607.8,19544.6,19602.7,2457.47
1665151200000,19602.8,19655.9,19560,19642.3,2168.88
1665152100000,19642.4,19700,19626.4,19653,1984.15
1665153000000,19653,19659.9,19602.2,19655.2,1355.25
1665153900000,19654.3,19676.7,19634.3,19642.9,1288.03
1665154800000,19642.9,19651.8,19590,19600.7,1210.67
1665155700000,19600.2,19620.1,19551.1,19589.2,1529.55
1665156600000,19589.1,19613.3,19523.7,19555.6,1415.96
1665157500000,19554.4,19585,19544.9,19579.9,929.62
1665158400000,19579.9,19608,19530.4,19592.1,1301.24
1665159300000,19592,19600.2,19350,19392.3,8516.82
1665160200000,19392.3,19432.6,19320,19415.9,4589.82
1665161100000,19416,19418,19378,19407.2,1112.77
1665162000000,19406.3,19442.6,19372,19442.2,1158.7
1665162900000,19439.3,19460,19420.4,19445.9,1233.88
1665163800000,19445.8,19488,19424,19479.3,894
1665164700000,19479.3,19479.3,19400,19421.9,1302.92
1665165600000,19421.9,19460.7,19405.2,19448.5,1433.36
1665166500000,19448.6,19474,19415.7,19420,614.39
1665167400000,19420,19463,19374.7,19430.5,1036.82
1665168300000,19430.6,19462.9,19410.9,19458.5,910.07
1665169200000,19458.6,19485,19456,19456.9,730.07
1665170100000,19456.9,19460.5,19413.8,19433.3,818.4
1665171000000,19433.3,19455,19411,19446.7,616.31
1665171900000,19446.6,19470,19428.5,19462.3,599.68
1665172800000,19461.7,19475.5,19451.4,19462,346.82
1665173700000,19462,19547.6,19445.5,19547.5,1179.04
1665174600000,19547.5,19547.5,19513.9,19523.9,972.65
1665175500000,19523.9,19571,19513.1,19549.4,875.3
1665176400000,19549.5,19595.5,19529.1,19584.6,1157.17
1665177300000,19584.7,19641.2,19573.4,19603.3,1124.09
1665178200000,19603.4,19636.3,19573.3,19590.1,710.33
1665179100000,19590.1,19590.1,19551.5,19568.9,415.77
1665180000000,19568.8,19585,19551.6,19571.7,353.48
1665180900000,19571.8,19596.9,19557.7,19558.7,363.19
1665181800000,19557.8,19573.2,19539,19570.1,527.19
1665182700000,19570.2,19570.2,19550.6,19551,307.39
1665183600000,19551,19565.8,19532.7,19539.8,474.02
1665184500000,19539.9,19564.6,19539.9,19552.2,262.13
1665185400000,19552.2,19552.2,19511,19529.9,651.29
1665186300000,19529.9,19548.1,19516.1,19531.4,326.81
1665187200000,19531.4,19563,19516.3,19558.5,404.07
1665188100000,19558.5,19624.6,19556.9,19589.1,859.97
1665189000000,19589.2,19598,19547.4,19550.1,432.32
1665189900000,19550.1,19586.7,19540.1,19570.1,514.97
1665190800000,19570.1,19576.6,19543.8,19564.7,492.64
1665191700000,19564.7,19575,19558.1,19570.3,198.36
1665192600000,19570.3,19590,19560.8,19584.8,317.28
1665193500000,19584.8,19597,19577.5,19594.2,333.15
1665194400000,19592.5,19599.4,19584.4,19597.9,265.4
1665195300000,19598,19599.4,19570.5,19573.4,356.47
1665196200000,19573.4,19583,19570.8,19576.7,256.55
1665197100000,19576.6,19576.6,19540.4,19561.4,477.57
1665198000000,19561.5,19563.4,19520.5,19530,574.63
1665198900000,19529.9,19534.7,19516,19528.1,590.42
1665199800000,19528,19548,19527.2,19533.9,374.03
1665200700000,19534.9,19542.3,19500,19504.6,1178.88
1665201600000,19504.6,19520.8,19504.6,19510.2,388.05
1665202500000,19510.1,19521.9,19505.9,19506.9,288.04
1665203400000,19507.7,19512.3,19446.4,19477.6,2130.99
1665204300000,19477.3,19487.4,19426.3,19446.3,1110.59
1665205200000,19446.2,19468.2,19442.4,19464,590.76
1665206100000,19464.1,19486.8,19464.1,19469.4,386.84
1665207000000,19469.3,19505.5,19469.3,19503.8,611.22
1665207900000,19503.9,19526.3,19492.2,19508.9,676.98
1665208800000,19509,19520.2,19469.8,19480.8,545.53
1665209700000,19480.9,19509.9,19480.8,19508.8,323.82
1665210600000,19508.8,19511.9,19493.5,19494.5,333.59
1665211500000,19494.5,19550,19480.9,19514.6,985.62
1665212400000,19514.7,19523.3,19495.1,19497.2,403.81
1665213300000,19497.3,19519.9,19492.3,19519,368.19
1665214200000,19518.9,19529,19503,19517.8,367.69
1665215100000,19517.9,19517.9,19489.3,19498.4,348.82
1665216000000,19498.4,19514.4,19496.4,19497.5,288.01
1665216900000,19497.5,19505.8,19475,19475.3,548.73
1665217800000,19475.3,19499.4,19466.5,19483.6,576.04
1665218700000,19483.6,19497.6,19451.5,19466.1,740.31
1665219600000,19468.7,19506.3,19468.6,19494.6,396.17
1665220500000,19494.5,19506.6,19490,19491.6,357.58
1665221400000,19491.6,19507.6,19482.6,19504.7,202.91
1665222300000,19504.7,19513.9,19486.4,19501.1,234.59
1665223200000,19501.1,19521,19499.9,19516.7,330.02
1665224100000,19519.2,19525,19498,19501.1,221.28
1665225000000,19501,19504,19487.2,19500.8,316.75
1665225900000,19500.8,19508.9,19499.6,19503.3,208.92
1665226800000,19503.4,19508.5,19486.5,19504.5,180.44
1665227700000,19504.6,19526.4,19500,19526,299.78
1665228600000,19526,19546.1,19523.2,19541.6,680.84
1665229500000,19541.5,19541.9,19512.7,19534.6,360.16
1665230400000,19534.7,19538.9,19472.5,19487.1,894.21
1665231300000,19487.2,19511.2,19487,19504.2,592.91
1665232200000,19503.9,19510,19493.7,19509.9,219.76
1665233100000,19509.9,19516.9,19502.5,19513.9,202.57
1665234000000,19513.9,19515.7,19490,19494.2,313.77
1665234900000,19493.8,19505,19481.5,19504.4,268.51
1665235800000,19504.5,19505.6,19471.8,19487.5,336.41
1665236700000,19489.5,19495.3,19475.1,19484.1,366.23
1665237600000,19484.1,19487.9,19454,19474.8,441.64
1665238500000,19472.8,19478.5,19440,19447.4,919.54
1665239400000,19446.6,19491.6,19413.6,19482.7,1057.66
1665240300000,19482.7,19500,19480.9,19496.6,432.78
1665241200000,19497.4,19503.2,19482.8,19491.5,287.57
1665242100000,19491.1,19495.7,19470,19470,206.42
1665243000000,19470,19484.7,19462.9,19482,235.85
1665243900000,19482,19498.9,19480.9,19488.8,263.27
1665244800000,19488.8,19498,19470.2,19495,334.15
1665245700000,19495.1,19496.7,19477.6,19496.6,212.11
1665246600000,19496.6,19531.5,19491.1,19512.5,982.56
1665247500000,19512.5,19533.9,19512.5,19527.1,514.9
1665248400000,19527.1,19530.3,19485.9,19492.6,433.17
1665249300000,19492.5,19496,19483,19493.7,149.95
1665250200000,19493.8,19493.8,19473.9,19487.3,161.72
1665251100000,19487.7,19505.9,19487.4,19499,119.98
1665252000000,19498.9,19506.1,19483.3,19506.1,124.43
1665252900000,19506.1,19511.3,19495,19497.8,152.48
1665253800000,19499.1,19500,19487.6,19498.1,121.13
1665254700000,19498.1,19499.9,19462.2,19475.6,527.04
1665255600000,19475.5,19476.9,19454.5,19462.3,259.09
1665256500000,19462.2,19467.9,19457.3,19462.6,228.91
1665257400000,19462.6,19462.7,19439.6,19450.9,362.88
1665258300000,19450.9,19471.4,19450.9,19470.1,211.92
1665259200000,19470.1,19470.1,19431.2,19435.4,414.85
1665260100000,19435.4,19481,19423.9,19473.5,605.84
1665261000000,19473.6,19474.8,19446.7,19448,217.62
1665261900000,19447.9,19459.3,19420,19454.3,601.16
1665262800000,19454.4,19459.9,19439.4,19441.7,216.83
1665263700000,19442.6,19442.6,19427.7,19428,121.33
1665264600000,19428,19431.3,19222,19336.5,4141.54
1665265500000,19337.3,19339.2,19262,19319.9,1378.92
1665266400000,19320,19320,19269.3,19293.9,1177.15
1665267300000,19293.9,19360.8,19281.1,19358.7,1199.69
1665268200000,19358.7,19373.9,19343.9,19363.4,726.12
1665269100000,19363.4,19373.5,19340.1,19363,385.9
1665270000000,19363,19419.9,19358,19410,837.92
1665270900000,19410,19419.2,19390.5,19408.2,433.97
1665271800000,19408.2,19442,19402.3,19413.5,800.76
1665272700000,19413.5,19422.4,19390,19415.5,441.92
1665273600000,19415.6,19453.7,19397.2,19439.7,595.45
1665274500000,19439.8,19448.7,19396.8,19400.4,471.52
1665275400000,19400.4,19422.4,19383,19394.8,487.24
1665276300000,19394.9,19407,19387,19397.8,320.2
1665277200000,19397.8,19418,19385,19410,349.46
1665278100000,19410.1,19427.7,19404.6,19414.7,185.37
1665279000000,19414.4,19414.8,19370,19379.1,792.34
1665279900000,19379,19404.7,19375.5,19404.7,411.09
1665280800000,19404.6,19415,19383.3,19392.3,397.95
1665281700000,19392.2,19394.2,19376.9,19385.1,211.05
1665282600000,19385,19403.7,19365.6,19367.7,410.73
1665283500000,19367.7,19382.9,19365.6,19365.6,341.04
1665284400000,19365.5,19382.5,19361.2,19373.1,258.59
1665285300000,19373.2,19391,19368.7,19377.9,257.3
1665286200000,19378,19378,19342.4,19345,744.48
1665287100000,19345,19376.6,19330.5,19368.1,710.02
1665288000000,19366.6,19382.1,19346.1,19350.4,638.31
1665288900000,19350.4,19355.6,19320,19340.3,773.27
1665289800000,19340.6,19366.1,19337.4,19365,554.87
1665290700000,19365,19389.1,19347.8,19386.5,625.18
1665291600000,19386.5,19408.9,19385,19391.5,565.1
1665292500000,19391.9,19397,19383.3,19396.6,433.31
1665293400000,19397.1,19414.7,19392.1,19400.3,656.13
1665294300000,19400.2,19417.9,19400,19408.9,289.48
1665295200000,19408.9,19429.5,19408.9,19426,527.79
1665296100000,19425.9,19427.9,19396.7,19399,358.82
1665297000000,19399,19411.3,19382.2,19401.3,488.95
1665297900000,19401.2,19439.9,19401.2,19427.7,844.12
1665298800000,19427.7,19436.5,19410.2,19422.9,579.94
1665299700000,19422.9,19424.1,19402.5,19412.6,264.82
1665300600000,19412.6,19423.7,19406.6,19414.8,215.49
1665301500000,19414.9,19420.6,19406.8,19409,145.28
1665302400000,19409,19431.6,19409,19423.8,353.06
1665303300000,19423.9,19427.9,19390.1,19396.5,528.64
1665304200000,19396.6,19397.4,19374.9,19378.2,833.06
1665305100000,19378.1,19399.2,19372.5,19396.9,612.22
1665306000000,19396.9,19403.1,19383.5,19385.1,254.06
1665306900000,19386.6,19409.6,19386.6,19404.3,229.69
1665307800000,19404.3,19420,19396.9,19414.4,310.39
1665308700000,19414.5,19421.5,19405.4,19413.9,257.82
1665309600000,19414,19421.5,19404.3,19408.2,173.15
1665310500000,19407,19428,19407,19417.9,395.33
1665311400000,19417.9,19544.4,19417.9,19539.2,2968.26
1665312300000,19539.1,19548.8,19444.7,19489.8,2438.82
1665313200000,19489.9,19519.2,19489.9,19506.6,988.54
1665314100000,19505.5,19550,19505.5,19523.3,1223.33
1665315000000,19523.4,19529,19492.7,19503.3,732.15
1665315900000,19503.3,19511.5,19462.4,19468.9,828.3
1665316800000,19468.3,19488.6,19466.5,19482.1,473.46
1665317700000,19482.2,19527.9,19482.1,19509.2,1025.82
1665318600000,19509.1,19539,19505.9,19511.5,824.59
1665319500000,19511.5,19516.6,19495.2,19498.5,329.01
1665320400000,19498.5,19520,19491.3,19496.8,379.08
1665321300000,19496.7,19503,19485.5,19487.6,277.73
1665322200000,19487.5,19500,19469,19495.6,606.51
1665323100000,19495.5,19495.5,19463,19464.6,507.63
1665324000000,19464.6,19494.7,19462,19493,704.88
1665324900000,19493,19495,19475.4,19486.3,296.36
1665325800000,19486.4,19507.2,19486.4,19499.3,303.24
1665326700000,19499.2,19525,19496.4,19499,527.43
1665327600000,19499,19522,19499,19520.2,376.14
1665328500000,19520.7,19543,19508.4,19509.2,852.42
1665329400000,19509.2,19519.3,19499.1,19507.9,442.61
1665330300000,19507.9,19535.3,19507.9,19533.8,479.1
1665331200000,19533.8,19557.1,19484,19489.1,1901.46
1665332100000,19489.1,19512.1,19477.5,19512.1,681.44
1665333000000,19512,19512.2,19485.6,19497,317.36
1665333900000,19497.1,19513.6,19488.2,19505.5,314.5
1665334800000,19505.6,19511.5,19485.4,19486.3,357.82
1665335700000,19486.4,19498.3,19480,19493.2,291.09
1665336600000,19493.3,19505.1,19489.1,19501.8,128.84
1665337500000,19501.8,19501.9,19468.9,19482.7,344.49
1665338400000,19482.8,19494.7,19477,19482.3,213
1665339300000,19482.2,19488.4,19470.1,19470.1,113.57
1665340200000,19470.1,19493.3,19468.1,19491.6,263.82
1665341100000,19490,19527.7,19489.4,19521.9,340.17
1665342000000,19521.9,19537.3,19323.3,19440,3463.59
1665342900000,19439.9,19446,19387.9,19440.9,1122.92
1665343800000,19442.7,19479.1,19429.1,19467.1,621.49
1665344700000,19466.7,19492.2,19450.1,19471,362.04
1665345600000,19471,19471,19424.6,19444.3,406.69
1665346500000,19444.3,19452.4,19428,19431.9,173.84
1665347400000,19432,19460,19428.6,19460,345.94
1665348300000,19459.9,19493.1,19452.4,19484.8,320.94
1665349200000,19484.9,19484.9,19467.7,19470.8,283.45
1665350100000,19471,19471,19448.6,19462.4,212.67
1665351000000,19462.5,19462.7,19450.8,19462,75.14
1665351900000,19462,19500,19461.9,19479.3,242.95
1665352800000,19479.3,19479.3,19410.5,19436,1065.61
1665353700000,19435.9,19452.9,19369,19386.7,1344.02
1665354600000,19386.7,19415.5,19382.1,19403.6,530.2
1665355500000,19403.6,19418.5,19394.6,19400.2,302.89
1665356400000,19400.2,19419.2,19372.5,19407.7,561.01
1665357300000,19407.8,19418.2,19401.5,19412,197.36
1665358200000,19411.8,19454.8,19377.9,19443.8,822.45
1665359100000,19443.8,19451.3,19432.3,19442.4,366.34
1665360000000,19442.4,19442.4,19408.9,19426.5,629.5
1665360900000,19426.6,19459.7,19407.5,19415.1,857.52
1665361800000,19415,19473.7,19407.7,19469.5,627.47
1665362700000,19469.5,19523.5,19467.3,19494.6,1852.63
1665363600000,19494.5,19519.3,19494.5,19496,728.29
1665364500000,19495.3,19505,19467,19503.6,692.99
1665365400000,19503.6,19513.9,19488,19508.5,386.78
1665366300000,19509.7,19524.7,19496.2,19501.2,454.18
1665367200000,19501.2,19505.4,19470.4,19478.4,547.19
1665368100000,19477.4,19483.3,19450,19476.8,656.35
1665369000000,19477.6,19494.5,19471.6,19482.5,321.12
1665369900000,19482.6,19486.4,19462.5,19472.2,270.01
1665370800000,19472,19481.8,19463.2,19479,307.81
1665371700000,19478.5,19482.1,19449.6,19460.4,455.96
1665372600000,19460.4,19460.4,19426.1,19431.1,669.75
1665373500000,19431.1,19450.7,19429.6,19450.5,356.93
1665374400000,19450.4,19451.1,19440.8,19448.6,272.46
1665375300000,19448.5,19450.2,19420.3,19433.9,336.85
1665376200000,19433.9,19470,19425.1,19466.1,452.96
1665377100000,19466.1,19475.8,19459,19468.2,332.39
1665378000000,19468.1,19469.6,19443.7,19446.5,292.27
1665378900000,19446.5,19470,19443.1,19465.1,244.54
1665379800000,19465.1,19465.2,19382.5,19404.9,1871.45
1665380700000,19405,19416,19396.7,19409.9,592.89
1665381600000,19410,19434.6,19380.1,19428.1,1052.01
1665382500000,19428.1,19436,19419,19423.8,543.6
1665383400000,19423.9,19427.9,19390,19402.4,513.84
1665384300000,19402.4,19408,19370,19394.1,910.66
1665385200000,19392.6,19432.9,19389.5,19421.3,818.77
1665386100000,19421.3,19442.2,19406.2,19412.1,591.17
1665387000000,19413.9,19433.2,19406.2,19421.7,241.45
1665387900000,19421.6,19423.7,19405,19408.5,315.19
1665388800000,19409.3,19417.2,19250,19299,3670.46
1665389700000,19298.9,19325,19150.3,19199.1,6058.5
1665390600000,19199.1,19230,19130,19229.4,5282.58
1665391500000,19229.5,19253.9,19206.9,19236.5,1675.95
1665392400000,19236.5,19272.3,19226.6,19259.9,1394.06
1665393300000,19260,19293.5,19251.2,19275.3,1231.61
1665394200000,19275.3,19292,19254.3,19291,780.39
1665395100000,19290.1,19342,19286.4,19332.3,2140.2
1665396000000,19332.2,19354.2,19319.4,19335.1,1069.66
1665396900000,19335,19343.2,19286.9,19291.4,1127.89
1665397800000,19291.4,19325.9,19291.3,19309.1,803.73
1665398700000,19309.1,19322.1,19271.8,19276.4,651.97
1665399600000,19276.4,19321,19276.4,19315.4,569.9
1665400500000,19315.4,19365,19315.4,19355.9,1095.81
1665401400000,19355.9,19373.9,19328,19341.9,1361.56
1665402300000,19342.6,19349.5,19327.3,19331.1,416.39
1665403200000,19333.1,19357.8,19330,19330.1,601.23
1665404100000,19330,19366.3,19311.2,19365.5,713.13
1665405000000,19365.4,19400,19360.5,19373.6,1927.82
1665405900000,19373,19430,19370,19417.9,1739.95
1665406800000,19417.9,19440.2,19391.4,19398.6,1540.46
1665407700000,19398.7,19411.5,19382.2,19384,749.49
1665408600000,19384,19401.9,19329.3,19367.1,2481.32
1665409500000,19368.9,19383,19300.3,19315.5,1825.88
1665410400000,19315.5,19341.1,19291.2,19327.4,1348.45
1665411300000,19327.4,19380.6,19321.8,19366,1405.68
1665412200000,19364.1,19396.2,19240.3,19273,3533.38
1665413100000,19274.8,19306,19224.4,19260.8,1959.39
1665414000000,19260.3,19287,19230,19286.3,1584.16
1665414900000,19287.5,19318.5,19273,19287,990.33
1665415800000,19287.1,19312,19238.7,19251,850.47
1665416700000,19250.1,19305.4,19236,19273.6,936.11
1665417600000,19273.6,19291.6,19241.7,19252.5,690.39
1665418500000,19252.4,19262.1,19100,19200.1,4437.82
1665419400000,19200.1,19242.1,19187.5,19226.5,1331.49
1665420300000,19226.5,19234,19135,19143,1851.98
1665421200000,19143,19214.9,19122,19199.3,1801.62
1665422100000,19199.3,19216.9,19176,19207.6,817.26
1665423000000,19207.5,19270,19205.4,19231.6,1090.96
1665423900000,19231.5,19360,19220.4,19327.8,2561.62
1665424800000,19327.9,19334.8,19280.7,19286.3,868.27
1665425700000,19288.5,19309,19251.3,19274.4,848.98
1665426600000,19275.1,19313.4,19252.9,19254.7,627.63
1665427500000,19256.6,19259,19191.7,19222,1369.95
1665428400000,19222,19237,19193.9,19228,635.57
1665429300000,19229.8,19264.5,19208.6,19222.5,671.27
1665430200000,19223.8,19242.2,19198.4,19216.3,625.66
1665431100000,19217.9,19250,19208.7,19212.7,483.22
1665432000000,19212.7,19246.9,19212.6,19240.8,274.61
1665432900000,19240.7,19260.1,19234.6,19241,218.95
1665433800000,19240.9,19260,19224.7,19231.8,333.87
1665434700000,19231.7,19249.6,19230,19243.9,223.12
1665435600000,19244,19285,19244,19260.5,354.29
1665436500000,19260.5,19263.3,19242,19258.1,164.4
1665437400000,19258,19258.1,19225,19235.8,202.25
1665438300000,19235.9,19248.4,19230.8,19248.4,121.47
1665439200000,19248.3,19256.1,19010,19096.1,5098.78
1665440100000,19096.1,19168,19068.2,19160,1866.45
1665441000000,19160,19179.9,19110.6,19127,1110.62
1665441900000,19126.9,19156.4,19122.7,19130.4,641.52
1665442800000,19130.4,19175.3,19130,19169.3,690.82
1665443700000,19169.3,19203.5,19169.2,19186.7,612.23
1665444600000,19186.8,19190,19156.4,19165.1,509.86
1665445500000,19165.2,19165.2,19122.6,19132.2,907.93
1665446400000,19134.4,19134.4,18946.6,18988.1,6425.42
1665447300000,18988.1,19045,18966.6,19038.8,2399.73
1665448200000,19038.9,19069.6,19028.9,19044.9,1176
1665449100000,19044.8,19057.6,19003.4,19047.2,915.46
1665450000000,19045.6,19069.1,19015.4,19046.3,813.28
1665450900000,19048.4,19067,19035,19063,451.1
1665451800000,19063.3,19063.3,18957.6,19002.8,1911.77
1665452700000,19002.8,19043.6,18971.4,19033,1155.11
1665453600000,19032.9,19035,18964,18993.1,1310.52
1665454500000,18993,19042.9,18960,19030.1,1306.7
1665455400000,19030.1,19057,19029.4,19045.7,854.25
1665456300000,19045.7,19060,19041.6,19058.2,1398.52
1665457200000,19058.3,19077.8,19044.9,19067.6,852.13
1665458100000,19067.6,19097.6,19053,19060.2,688.58
1665459000000,19060.1,19080,19031.4,19041.4,485.54
1665459900000,19041.4,19066.4,19039.2,19045.3,468.69
1665460800000,19045.3,19080,19025,19078.5,806.38
1665461700000,19078.5,19079.8,19023.1,19029.6,543.1
1665462600000,19029.6,19035.6,19014,19029.6,480.8
1665463500000,19029.6,19045,19024,19044.1,364.78
1665464400000,19044.1,19068.4,19031.1,19067,427.18
1665465300000,19067,19074,19057.7,19061.4,421.09
1665466200000,19061.4,19061.5,19025,19039.3,573.33
1665467100000,19039.3,19048,19026.1,19030.6,262.95
1665468000000,19030.5,19055.8,19011.3,19034.8,941.06
1665468900000,19035,19059.3,19033.4,19054,597.39
1665469800000,19054.1,19113.8,19052.1,19089.8,1897.27
1665470700000,19090,19105,19037.9,19056.9,1219.09
1665471600000,19057.3,19063.9,19028.1,19053.8,1339.59
1665472500000,19053.6,19099.5,19050.9,19080.5,957.1
1665473400000,19080.5,19105.7,19079.5,19085.1,1010.66
1665474300000,19085.2,19090,19060,19081.6,571.73
1665475200000,19081.5,19145,19079,19130,1648.91
1665476100000,19129.5,19137,19110,19118.3,1917.08
1665477000000,19118.3,19126.7,19106.2,19121.8,1521.52
1665477900000,19121.9,19125.4,19093.2,19105.2,1122.79
1665478800000,19105.2,19115,19089.8,19099.4,663.16
1665479700000,19099.4,19101.1,19076.2,19088.2,855.76
1665480600000,19088.2,19088.2,19039.1,19052.5,2406.5
1665481500000,19052.5,19072.8,19032,19065.1,2562.51
1665482400000,19065,19085.5,19044.3,19079.9,1157.07
1665483300000,19079.9,19106.6,19056.7,19095.3,1775.82
1665484200000,19095.2,19098.3,19064.3,19085.5,1247.79
1665485100000,19085.6,19104.3,19085,19093.4,1031.25
1665486000000,19093.5,19123,19093.4,19111.5,720.76
1665486900000,19111.6,19118.6,19094.6,19106.6,330.93
1665487800000,19106.7,19114.6,19091.3,19100.8,470.94
1665488700000,19100.9,19164.5,19072.4,19155,1043.94
1665489600000,19155,19228,19137.1,19195.6,3427.89
1665490500000,19195.6,19266.2,19195.5,19245.1,2842.54
1665491400000,19244.6,19259,19176,19176,2022.28
1665492300000,19176,19200,19137,19148.5,2190.75
1665493200000,19148.4,19170,19123.6,19131.7,1607.82
1665494100000,19131.8,19147.9,19095.4,19117.6,1317.79
1665495000000,19117.6,19153.8,19050,19102.9,3172.57
1665495900000,19102.8,19163.3,18971.3,18989.5,5461.01
1665496800000,18989.4,19040.5,18850.3,19039.8,9475.39
1665497700000,19039.8,19063.6,18988.7,19012.8,2799.57
1665498600000,19012.8,19095.6,18990.8,19068.6,2195.49
1665499500000,19070.1,19085,19028.5,19033.6,1157.52
1665500400000,19033.9,19105.9,19033.9,19100.4,1516.22
1665501300000,19100.4,19120,19074,19109.1,1010.64
1665502200000,19109.2,19178.2,19096.4,19150.7,2134.75
1665503100000,19150.8,19196.3,19138.3,19147.1,1606.8
1665504000000,19147.2,19149,19086,19134,2233.75
1665504900000,19134.1,19147.1,19100.8,19109.6,1207.9
1665505800000,19109.7,19171.7,19107.5,19171.4,673.31
1665506700000,19171.3,19180,19141.8,19154.4,1306.64
1665507600000,19154.4,19160.5,19131.2,19135.9,505.74
1665508500000,19135.9,19158.1,19120.5,19130.6,539.66
1665509400000,19130.5,19140.8,19108,19113.6,463.34
1665510300000,19113.6,19147,19108.1,19131,399.13
1665511200000,19130.9,19136,19037.4,19077,1027.96
1665512100000,19077,19095.3,19043.9,19084.3,672
1665513000000,19084.5,19105,19033,19034.5,641.34
1665513900000,19034.5,19048.5,18940.5,18973.5,2457.89
1665514800000,18973.5,19008.3,18921.9,18963.6,2424.78
1665515700000,18963.6,19032,18936.4,19010.3,1325.75
1665516600000,19010.5,19037.5,18990,19017.9,1020.58
1665517500000,19017.9,19029.3,18980,18998.2,673.35
1665518400000,18998.1,19017.1,18990.2,19015.5,259.47
1665519300000,19015.5,19038.3,19015.5,19035.8,312.9
1665520200000,19035.9,19059,19008.5,19055.5,354.38
1665521100000,19055.5,19057.6,19017.3,19021,353.13
1665522000000,19021.1,19042,19019,19042,181.46
1665522900000,19041.9,19049.8,19016.8,19018,243.46
1665523800000,19018.4,19057,19000,19015.5,532.91
1665524700000,19015.4,19030.1,19004,19010.5,335.36
1665525600000,19010.5,19046.2,19000,19031.1,558.93
1665526500000,19030.9,19048.4,19020.5,19040,310.08
1665527400000,19040,19061.8,19035,19050.4,405.71
1665528300000,19050.5,19054.3,19040.2,19043.4,254.64
1665529200000,19043.3,19060.9,19031.6,19043.4,221.78
1665530100000,19041.1,19050,19007.4,19025.4,406.9
1665531000000,19025.4,19055.6,19009.8,19047.1,344.37
1665531900000,19047.1,19065.5,19039.5,19063.6,384.5
1665532800000,19063.6,19089.7,19028,19067,1012.8
1665533700000,19067,19125.9,19065,19083.3,1446.07
1665534600000,19083.3,19108.6,19056,19095.3,648.03
1665535500000,19095.5,19128.9,19084.8,19093.7,579.73
1665536400000,19093.7,19097.3,19068.1,19073,533.69
1665537300000,19073.1,19084.1,19050,19053.9,500.02
1665538200000,19053.8,19060.7,19032.9,19043.8,757.91
1665539100000,19043.7,19074,19040.1,19064.3,556.49
1665540000000,19064.2,19078.5,19048.6,19055.2,588.2
1665540900000,19055.2,19079,19033,19070,508.78
1665541800000,19070,19079.9,19042.1,19046.3,447.51
1665542700000,19045.9,19068.4,19045,19067.1,226.95
1665543600000,19067.1,19086,19067.1,19077.5,374.47
1665544500000,19076.8,19089.8,19060.9,19072,297.57
1665545400000,19072,19072,19050,19050.8,343.1
1665546300000,19050.8,19062.2,19043.8,19048.5,269.74
1665547200000,19048.5,19111,19044,19095.7,1128.54
1665548100000,19095.5,19120,19095,19104.5,1166.58
1665549000000,19104.6,19105,19085.4,19101.5,484.45
1665549900000,19101.5,19108,19093.2,19097.1,351.89
1665550800000,19097.1,19101.5,19076.9,19084.2,300.81
1665551700000,19083.7,19087.2,19070.7,19083.5,498.67
1665552600000,19083.5,19110,19073.5,19106.4,482.43
1665553500000,19106.4,19140.5,19106.1,19112.3,1177.38
1665554400000,19112.4,19131.3,19090,19121.7,683.24
1665555300000,19121.7,19150,19101.1,19144.5,1216.94
1665556200000,19144.5,19179.9,19128.4,19174,1355.06
1665557100000,19174.8,19199.9,19144.3,19152.2,1291.8
1665558000000,19152.2,19153.4,19127.4,19138.3,756.18
1665558900000,19137.4,19163.1,19094,19107.1,1102.74
1665559800000,19107,19118.6,19084.7,19104.7,1367.42
1665560700000,19104.7,19121.8,19102.6,19114.4,519.16
1665561600000,19114.3,19137.8,19090.8,19100,747.64
1665562500000,19100,19140,19098,19135.6,589.99
1665563400000,19135.6,19137,19121,19123.4,375.22
1665564300000,19123.4,19157.8,19121.3,19142.1,576.49
1665565200000,19142,19166,19135.8,19155.5,472.71
1665566100000,19155.6,19198.8,19155.5,19196.1,563.61
1665567000000,19196,19199,19163,19180,1060.15
1665567900000,19180,19190,19166.4,19173,637.69
1665568800000,19169.5,19187,19166,19169.5,424.44
1665569700000,19169.6,19187.8,19139,19143.9,855.46
1665570600000,19144,19146.9,19124.2,19143.4,610.14
1665571500000,19143.3,19160.6,19131.7,19155.1,402.72
1665572400000,19155,19160,19125,19148.9,348.16
1665573300000,19149,19168.3,19147.8,19164.7,296.25
1665574200000,19164.7,19166.8,19136,19136.1,373.89
1665575100000,19136,19140.3,19110,19118.1,627.9
1665576000000,19118.1,19137.5,19113,19128.8,614.39
1665576900000,19129.1,19155.9,19091,19114.6,1235.63
1665577800000,19114.5,19192.5,18946.2,19126.1,9014.73
1665578700000,19125.2,19125.2,19059.9,19077.4,2160.56
1665579600000,19077.4,19095,19033.4,19073.4,2037.44
1665580500000,19073.4,19103.9,19063.7,19074.5,894.6
1665581400000,19074.6,19144.9,19035.3,19141.6,3141.04
1665582300000,19143.4,19154.4,19096.6,19117.9,1383.68
1665583200000,19116.8,19138.9,19086.8,19093.5,1224.17
1665584100000,19092.8,19116.1,19063.7,19103.6,788.66
1665585000000,19103.5,19125,19080.1,19080.7,608.08
1665585900000,19080.6,19112.5,19063.2,19092.6,772.42
1665586800000,19091,19110,19088.4,19108,393.15
1665587700000,19108,19131.3,19102.7,19119.9,529.42
1665588600000,19119.9,19125,19094.5,19114,514.41
1665589500000,19114.1,19150,19114.1,19140.8,875.71
1665590400000,19140.5,19153,19110.7,19121,714.48
1665591300000,19121.4,19131.7,19103,19103.6,452.91
1665592200000,19103.7,19112.4,19079.2,19098.4,612.28
1665593100000,19098.4,19104.9,19093.3,19100.3,323.82
1665594000000,19100,19113.9,19093,19107.9,353.78
1665594900000,19108.6,19113.6,19097.3,19113.6,140.36
1665595800000,19113.6,19113.6,19075,19087.9,409.99
1665596700000,19087.9,19096.9,19066,19090.9,346.11
1665597600000,19092.9,19148,19038,19147.8,2639.85
1665598500000,19147.8,19150,19112.5,19146.9,746.72
1665599400000,19146.5,19160.2,19132,19143.1,395.35
1665600300000,19143,19153.5,19103.7,19116.2,491.49
1665601200000,19116.1,19128.4,19102.2,19118.8,289.45
1665602100000,19118.5,19137.5,19109.8,19122.7,253.37
1665603000000,19122.7,19156.1,19121.6,19154.8,269
1665603900000,19154.8,19176,19137.8,19141.5,715.05
1665604800000,19139.4,19146.3,19136.7,19142.3,494.12
1665605700000,19142,19152,19134,19135.3,194.23
1665606600000,19135.3,19152.8,19131.4,19141.8,148.83
1665607500000,19141.8,19169.2,19140,19169.1,215.47
1665608400000,19169.1,19190,19165.6,19188.3,450.18
1665609300000,19188.3,19189,19160,19167.1,335.67
1665610200000,19167.1,19189.9,19167.1,19174.9,281.79
1665611100000,19174,19183.2,19173,19176.9,175.51
1665612000000,19176.9,19236.5,19175.8,19202.5,1389.34
1665612900000,19202.5,19207.4,19176.6,19177.4,474.1
1665613800000,19177.3,19181.8,19157.2,19169.9,346.99
1665614700000,19169.9,19180,19153,19155.1,262.4
1665615600000,19155,19169.9,19140.5,19159.6,316.8
1665616500000,19159.5,19168.1,19152,19156.1,196.31
1665617400000,19156.1,19160.6,19152,19157,156.52
1665618300000,19157,19161.1,19145.2,19155.4,321.51
1665619200000,19155.4,19174.5,19138.7,19142.2,473.34
1665620100000,19142.2,19167.6,19128,19157.5,505.53
1665621000000,19156.5,19164,19138.3,19143.5,341.82
1665621900000,19143.4,19153.5,19130,19149.5,276.77
1665622800000,19149.4,19156.9,19140.1,19140.2,231.76
1665623700000,19140.1,19148.2,19131.7,19135.1,206.51
1665624600000,19135.1,19138.8,19089.5,19103.5,949.72
1665625500000,19103.5,19116,19095.2,19109.3,468.13
1665626400000,19109.2,19113.1,19083.5,19085,595.46
1665627300000,19085,19093,19052.1,19053.4,1237.35
1665628200000,19053.4,19079.8,19015,19074.8,1314.38
1665629100000,19074.8,19098.8,19060,19088.2,717.38
1665630000000,19088.2,19105.7,19078.4,19102.6,491.72
1665630900000,19102.6,19115,19096.1,19100.4,396.47
1665631800000,19100.4,19110.5,19091.1,19093.9,312.23
1665632700000,19094,19101.7,19083.2,19090.1,230.44
1665633600000,19090.1,19090.1,19072.5,19080,379.39
1665634500000,19080,19093.9,19078.6,19091.6,201.41
1665635400000,19091.6,19095.5,19076.7,19089.6,292.16
1665636300000,19089.6,19096.7,19071.1,19095.4,372.53
1665637200000,19095.3,19095.3,19040,19086.4,967.29
1665638100000,19086.4,19087.7,19066.1,19076.6,364.39
1665639000000,19076.7,19113.5,19075,19108.6,540
1665639900000,19108.5,19109.2,19087,19091.5,518.14
1665640800000,19091.6,19100,19083.6,19092.6,363.28
1665641700000,19092.1,19097.6,19081.9,19082.1,327.41
1665642600000,19082.1,19090.1,19054.1,19059.2,840.17
1665643500000,19059.2,19075.9,19046.7,19062,516.82
1665644400000,19062,19062,19002,19028.3,2190.54
1665645300000,19028.3,19058.1,19006.1,19053.5,1050.73
1665646200000,19053.2,19053.2,18955.3,18997.6,2501.93
1665647100000,18997.5,19018.3,18990,19010.7,799.57
1665648000000,19010.8,19014.3,18978.8,18983.1,885.2
1665648900000,18983.1,19013.9,18964.8,19013.2,764.54
1665649800000,19013.2,19047.7,19008.6,19013.8,1038.63
1665650700000,19013.7,19024.4,19006,19014,531.18
1665651600000,19014,19035.7,19006.2,19025.5,406
1665652500000,19025.5,19028.3,19005.1,19005.8,367.2
1665653400000,19008,19019.6,19003.5,19014,260.81
1665654300000,19014,19022.3,18979.7,18993.4,901.86
1665655200000,18993.4,19005.1,18966.9,18980.2,789.5
1665656100000,18980.3,18985.5,18744.4,18772.1,9435.57
1665657000000,18772.2,18772.2,18555,18677.1,9931.51
1665657900000,18677.1,18723,18640.3,18690.1,2974.9
1665658800000,18690.1,18719.3,18660,18717.5,1503.25
1665659700000,18717.5,18724.7,18689,18711.9,1167.68
1665660600000,18711.8,18832.4,18704.7,18822.5,3278.58
1665661500000,18822.5,18824.4,18733.3,18752.6,2776.56
1665662400000,18752.7,18777.7,18650.3,18734,2493.58
1665663300000,18735.3,19088,18658,18786.3,9154.94
1665664200000,18795.4,18799.8,18100,18324.8,39953.41
1665665100000,18324.8,18462.4,18266.6,18384.8,7410.19
1665666000000,18384.7,18386.4,18273.7,18309.4,3689.3
1665666900000,18310.2,18345,18273.2,18310.1,3051.29
1665667800000,18310.1,18399.7,18276.1,18375.2,4185.33
1665668700000,18375.3,18476,18363.1,18430.3,4870.52
1665669600000,18430.3,18492.9,18395.2,18488.5,2927.63
1665670500000,18488.4,18488.5,18391.1,18405.4,2171.06
1665671400000,18405.3,18449.4,18390,18417.9,1614.03
1665672300000,18417.9,18450,18402.8,18414.2,1247.46
1665673200000,18414.2,18591,18403.5,18589.9,3464.35
1665674100000,18591,18855,18567.7,18799.9,13505.81
1665675000000,18799.3,19046,18787.1,18945.5,11540.24
1665675900000,18945.5,18985.8,18890.5,18958.5,3914.01
1665676800000,18958.5,19039.6,18915.3,18933.4,4521.36
1665677700000,18935,18970.4,18905.1,18943.7,2326.11
1665678600000,18943.6,19203.1,18937.1,19173.9,6081.61
1665679500000,19174,19178.5,19070.3,19084.7,3657.63
1665680400000,19085.2,19138,19067.4,19090,1628.51
1665681300000,19091,19165,19090,19114.5,1997.67
1665682200000,19114.6,19231,19114.6,19156,3410.11
1665683100000,19155.9,19193.8,19126.7,19159.6,1089.4
1665684000000,19159.2,19188.6,19142.4,19172.1,1285.48
1665684900000,19172.2,19225.1,19165.9,19168.7,1458.15
1665685800000,19168.7,19210.1,19163.6,19208.9,926.77
1665686700000,19209,19516.9,19199.7,19424.9,10857.73
1665687600000,19425,19469.5,19390.4,19399.7,2777.11
1665688500000,19400.4,19415.5,19321.3,19344.5,3147.58
1665689400000,19344.4,19382.8,19320,19365.3,1285.51
1665690300000,19365.3,19395,19337.6,19372.4,915.23
1665691200000,19374.3,19497,19357,19450,1857.85
1665692100000,19449.5,19492,19383.4,19405.7,1536.67
1665693000000,19405.7,19424.5,19370.8,19384,745.49
1665693900000,19384,19402.2,19366,19385,540.99
1665694800000,19385.1,19422.4,19378.2,19405.4,557.06
1665695700000,19405.3,19412.5,19389.5,19392.8,234.97
1665696600000,19392.8,19395.5,19331,19390.5,635.58
1665697500000,19390.6,19433.6,19386.8,19405.9,315.18
1665698400000,19404.7,19446.1,19390.9,19398.4,647.37
1665699300000,19397,19456,19397,19426.3,778.21
1665700200000,19426.3,19444,19415.1,19441.2,554.07
1665701100000,19441.8,19445,19421.7,19431.2,552.63
1665702000000,19432.7,19444.6,19400.6,19404.6,577.14
1665702900000,19404.5,19417.7,19384.2,19395.4,855.15
1665703800000,19395.4,19406.4,19358.5,19365.7,810.63
1665704700000,19365.6,19399,19365.6,19376,815.51
1665705600000,19376,19412.5,19343.6,19346.3,1298.38
1665706500000,19348.4,19425,19340,19424,1158.03
1665707400000,19423.9,19444,19394.6,19402.9,922
1665708300000,19403,19420.7,19395.5,19408.6,418.47
1665709200000,19408.7,19429.9,19401,19402.1,471.67
1665710100000,19402.1,19459.6,19395,19447.7,1036.36
1665711000000,19447.7,19750,19447.7,19738,9574.66
1665711900000,19738,19950,19738,19863.6,8825.01
1665712800000,19863.6,19898,19787.4,19818.9,4034.06
1665713700000,19818.5,19858.3,19768.9,19773.4,1838.96
1665714600000,19773.4,19876,19773.4,19809.6,2304.47
1665715500000,19809.5,19848.2,19809.5,19827.4,765.25
1665716400000,19827.4,19845,19782.4,19785.1,861.33
1665717300000,19785.1,19852.1,19785,19852.1,922.68
1665718200000,19852.2,19870.6,19795.9,19825.7,1402.75
1665719100000,19825.7,19838,19798.2,19814.1,723.4
1665720000000,19814.2,19834.9,19793.6,19829.2,714.93
1665720900000,19829.3,19831,19805,19805.1,479.22
1665721800000,19805,19847.9,19804.1,19830.1,913.13
1665722700000,19830.1,19840.5,19795.3,19809.3,595.39
1665723600000,19809.4,19826.1,19802.1,19813.6,379.77
1665724500000,19813.6,19845.7,19800.5,19806,574.83
1665725400000,19806,19829.6,19725,19822,2640.16
1665726300000,19822.1,19850,19799.9,19804.1,983.59
1665727200000,19803.4,19815.8,19780.1,19784.7,784.56
1665728100000,19784.7,19829.1,19779,19821.9,677.78
1665729000000,19821.3,19822.8,19803.2,19821.8,386.88
1665729900000,19821.9,19830,19786.2,19792.6,499.06
1665730800000,19792.7,19805.6,19772.7,19776.5,600.81
1665731700000,19774.1,19777.8,19666.2,19700.1,3318.67
1665732600000,19700.1,19707.4,19567.4,19622.6,4466.71
1665733500000,19622.5,19663.6,19594.9,19644.5,1754
1665734400000,19644.6,19671.2,19612.5,19662.1,1081.05
1665735300000,19662.2,19672.4,19558.8,19572.5,2076.06
1665736200000,19572.4,19625,19561.5,19614,1324.5
1665737100000,19612.2,19621.6,19580.4,19619,1283.55
1665738000000,19619,19622.7,19592.1,19592.5,654.44
1665738900000,19592.4,19621.6,19525.1,19576.1,2325.05
1665739800000,19576.2,19607.4,19566.3,19597.8,682.41
1665740700000,19597.9,19666.3,19590.8,19649.9,1830.66
1665741600000,19650,19747.4,19631.9,19674,2913.53
1665742500000,19674,19726.4,19636.7,19716.5,1665.68
1665743400000,19716.3,19742.4,19656.9,19672.1,1040.27
1665744300000,19672.1,19697.5,19657.9,19687.1,654.59
1665745200000,19688.3,19724,19669,19710,525.75
1665746100000,19710,19745,19693.4,19697.4,933.6
1665747000000,19697.4,19697.4,19608.3,19611.9,1455.33
1665747900000,19611.8,19636.3,19587.5,19598,1459.74
1665748800000,19598,19654.3,19594.5,19611,1502.75
1665749700000,19611,19668,19596,19618.5,924.66
1665750600000,19622.2,19725.1,19552.3,19725.1,3959.21
1665751500000,19724.7,19852.9,19724.7,19800.5,5044.06
1665752400000,19800.4,19814.2,19755,19759.6,1708.07
1665753300000,19759.7,19768.6,19680.3,19712.5,1693.01
1665754200000,19712.5,19753.4,19660.3,19686.9,3471.74
1665755100000,19686.9,19686.9,19627.7,19667.6,2865.27
1665756000000,19666.8,19668.7,19430.1,19451.7,9464.74
1665756900000,19451.7,19480,19351.8,19459.8,8240.43
1665757800000,19459.8,19543.2,19381,19388,5042.81
1665758700000,19388,19475,19387.6,19466.8,2398.33
1665759600000,19467,19512.9,19390,19396.6,2738.73
1665760500000,19396.7,19419.6,19310,19400.8,3965.97
1665761400000,19400.7,19407.3,19350.5,19375.9,1295.72
1665762300000,19375.5,19395,19320,19362,1317.71
1665763200000,19361.9,19403.9,19230.8,19260,4900.3
1665764100000,19260.1,19335.6,19225,19330.9,2352.66
1665765000000,19331,19378.9,19316,19361.2,1793.19
1665765900000,19361.1,19369.4,19284.6,19305.3,1199.63
1665766800000,19305.5,19345.1,19291.1,19300.7,1261.14
1665767700000,19300.6,19347.4,19300.4,19347.3,468.1
1665768600000,19347.4,19376.6,19330.1,19345.7,897.27
1665769500000,19345.7,19369.7,19328.3,19364.7,332.38
1665770400000,19364.6,19364.6,19302.8,19303.8,646.27
1665771300000,19304.2,19314.9,19205,19274.2,2636.95
1665772200000,19274.1,19287.5,19130,19160.1,3586.86
1665773100000,19160.2,19218,19145.5,19217.9,1061.65
1665774000000,19217.8,19270.1,19212.8,19212.8,1615.28
1665774900000,19217.2,19224.4,19110.1,19217.9,2011.36
1665775800000,19217.8,19240.3,19194.4,19204.8,586.78
1665776700000,19204.9,19243.4,19131.9,19170.4,1514.19
1665777600000,19168.6,19190,19122.4,19166.2,958.84
1665778500000,19166.6,19201.6,19166.6,19191.3,502.32
1665779400000,19191.4,19218,19182.5,19205,514.88
1665780300000,19204.9,19204.9,19168,19175.6,415.61
1665781200000,19175.6,19204.1,19175.6,19201.9,419.28
1665782100000,19201.4,19209.6,19135.2,19157.2,607.71
1665783000000,19157.2,19183.9,19133,19178.1,450.86
1665783900000,19178,19178.1,19068.4,19106.9,1455.96
1665784800000,19106.9,19138.9,19088.8,19119,844.84
1665785700000,19119,19144.7,19114,19126.6,542.2
1665786600000,19126.6,19162,19126.5,19162,532.37
1665787500000,19162,19164.9,19144,19161.6,263.51
1665788400000,19161.6,19188.1,19140.8,19169.9,771.6
1665789300000,19170,19179.8,19150.1,19164.1,231.15
1665790200000,19164,19191.7,19157.9,19191.7,393.52
1665791100000,19191.7,19197,19175.9,19180,530.26
1665792000000,19179.2,19225,19179.1,19209.9,658.44
1665792900000,19210,19212.6,19193.2,19207.5,308.8
1665793800000,19207.6,19209.1,19176.1,19208,546.99
1665794700000,19208,19218.5,19200,19202.8,293.44
1665795600000,19202.8,19209.4,19183.4,19183.8,374.21
1665796500000,19183.8,19199.9,19179.2,19191.4,398.96
1665797400000,19191.5,19208,19174,19185.7,594.33
1665798300000,19185.6,19193.5,19174.2,19174.9,273.74
1665799200000,19174.9,19175,19135.9,19158.3,963.92
1665800100000,19158.4,19179.9,19151.5,19174.4,453.27
1665801000000,19174.5,19205,19174.4,19190,553.58
1665801900000,19189.9,19196.5,19177.4,19196.4,277.54
1665802800000,19196.4,19199,19180,19180.9,326.73
1665803700000,19180.8,19195.9,19180.5,19192,398.28
1665804600000,19192,19202.4,19188,19196.4,331.22
1665805500000,19196.5,19218.8,19188.6,19201.3,408.75
1665806400000,19201.4,19209.1,19191,19199.2,321.28
1665807300000,19199.3,19199.3,19175.4,19184.4,245.09
1665808200000,19184.4,19193.2,19180,19187.9,161.82
1665809100000,19188,19194.8,19181.8,19189.6,146.17
1665810000000,19189.3,19193.3,19153.3,19158.3,405
1665810900000,19158.4,19183.1,19158.4,19174.7,359.29
1665811800000,19174.8,19178,19162,19173.1,421.49
1665812700000,19173,19180,19166.4,19177.7,138.66
1665813600000,19177.7,19187.6,19162,19162.1,315.55
1665814500000,19162,19183.1,19158.7,19179.7,275.8
1665815400000,19179,19182,19169.5,19169.5,123.71
1665816300000,19169.5,19176.3,19162,19165.7,244.55
1665817200000,19165.8,19176.3,19162.4,19176.1,314.27
1665818100000,19175.9,19181,19132.7,19141.9,616.82
1665819000000,19142,19173.3,19142,19172.6,322.09
1665819900000,19172.6,19174.1,19164.6,19170,186.62
1665820800000,19169.9,19174.5,19151.2,19160.5,358.63
1665821700000,19160.5,19164.3,19144.5,19146.1,717.13
1665822600000,19146,19154.2,19085.4,19134.1,2314.94
1665823500000,19134.9,19135.4,19032.2,19071.1,3095.45
1665824400000,19071.1,19104,19064.8,19104,990.04
1665825300000,19104,19108.1,19088.1,19101.7,436.9
1665826200000,19101.7,19126.1,19101.5,19119.9,653.22
1665827100000,19119.9,19119.9,19090.1,19108,497.71
1665828000000,19108,19122,19096.1,19120.4,548.51
1665828900000,19120.7,19180,19111.3,19171.9,1209.77
1665829800000,19171.9,19173.9,19148.5,19153.8,687.24
1665830700000,19153.1,19158.3,19136.3,19157.2,292.4
1665831600000,19157.2,19167.6,19148.7,19158.4,314.38
1665832500000,19158.4,19158.4,19143.3,19145.1,391.28
1665833400000,19145,19159.6,19143.1,19159,235.42
1665834300000,19158.9,19171.6,19146.5,19171.5,460.55
1665835200000,19170.5,19173.1,19155.4,19157.1,235.64
1665836100000,19157,19200,19157,19194.8,990.44
1665837000000,19194.8,19194.8,19178,19181,415.39
1665837900000,19181.1,19189,19162.9,19167.6,610.65
1665838800000,19167.5,19167.5,19147.2,19154.7,646.75
1665839700000,19154.7,19160,19100,19121.5,1249.25
1665840600000,19121.5,19143,19106,19143,553.67
1665841500000,19142.9,19183.3,19131.3,19172.7,795.8
1665842400000,19172.7,19185.6,19153.9,19157.1,613.52
1665843300000,19157.1,19159.8,19120.8,19133.4,723.73
1665844200000,19133.4,19159.5,19130,19154.9,308.67
1665845100000,19155,19159.2,19137.6,19145.4,222.62
1665846000000,19145.4,19145.9,19132.3,19139.7,118.07
1665846900000,19139.7,19145.2,19125.3,19144.7,227.34
1665847800000,19144.8,19145.9,19127.1,19137.5,298.96
1665848700000,19137.5,19139.4,19120,19129.6,277.28
1665849600000,19129.6,19138,19122.3,19131.1,288.58
1665850500000,19131.1,19164.8,19131.1,19149.2,407.68
1665851400000,19149.2,19155.6,19116.6,19121.5,570.88
1665852300000,19121.6,19130.3,19110,19125,514.61
1665853200000,19125,19136.4,19113.8,19135.2,305.12
1665854100000,19135.2,19138.4,19113.4,19126.3,283.05
1665855000000,19126.3,19130.9,19093,19109.6,919.56
1665855900000,19109.5,19116.8,19095.3,19110.1,290.68
1665856800000,19110,19124.7,19104.7,19110.9,257.75
1665857700000,19110.9,19137.8,19110.9,19116.2,228.96
1665858600000,19116.1,19131.7,19116.1,19130.4,143.86
1665859500000,19130.4,19134,19115.9,19116,106.04
1665860400000,19116,19126.4,19102,19119.1,189.78
1665861300000,19119.1,19119.2,19059.3,19100.1,876.87
1665862200000,19100,19111.5,19084,19091,256.91
1665863100000,19091.1,19100.7,19091.1,19099.7,93.19
1665864000000,19099.7,19100,19084.6,19091.7,230.35
1665864900000,19091.7,19110,19084.7,19103.9,181.44
1665865800000,19103.9,19103.9,19086,19090.9,94.27
1665866700000,19091.4,19105,19087.2,19099.1,180.32
1665867600000,19099.1,19099.1,19051.5,19092.3,557.67
1665868500000,19092.3,19094.2,19084.2,19088.7,141.03
1665869400000,19088.8,19098.6,19088.8,19093.1,94.3
1665870300000,19093,19093.4,19068,19071.9,160.58
1665871200000,19071.1,19074.3,19043,19061.7,618.21
1665872100000,19061.7,19079.9,19043.6,19073.4,370.23
1665873000000,19073.3,19090,19063.3,19089.9,164.85
1665873900000,19089.9,19089.9,19057.4,19060.1,227.08
1665874800000,19061.4,19062.1,18961.6,19055.7,2570.63
1665875700000,19055.7,19128.7,19019.3,19115.5,1442.95
1665876600000,19115.4,19132.3,19075.1,19082.2,901.73
1665877500000,19082.3,19082.3,19051,19070.1,439.93
1665878400000,19070.1,19109.9,19068.2,19102.4,440.53
1665879300000,19102.5,19118.7,19095.8,19114.2,433.64
1665880200000,19114.2,19130,19095,19130,328.41
1665881100000,19129.9,19144.8,19115.1,19140,544.35
1665882000000,19140,19140,19113.7,19122.5,416.47
1665882900000,19122.5,19139,19108.3,19138,329.6
1665883800000,19138,19170,19137.4,19151.1,849.02
1665884700000,19151,19160.3,19140.2,19146.1,312.94
1665885600000,19146,19169.3,19145.5,19158.3,383.57
1665886500000,19158.2,19158.2,19128.5,19135,280.67
1665887400000,19135,19141.7,19110.7,19119.9,524.69
1665888300000,19120,19126.4,19105.2,19118.3,339.43
1665889200000,19118,19136,19111,19127.8,281.95
1665890100000,19127.9,19127.9,19107,19118,221.39
1665891000000,19118,19130.5,19111.6,19119,210.45
1665891900000,19119,19130,19117.4,19123,107.22
1665892800000,19123.1,19140.3,19111.5,19114.1,325.84
1665893700000,19114.2,19156.2,19111.7,19150,427.84
1665894600000,19150,19158,19133.3,19134,336.36
1665895500000,19134.1,19140.4,19128.3,19138.1,205.75
1665896400000,19138.1,19160,19138,19142,365.65
1665897300000,19141.9,19155,19123,19150.9,404.09
1665898200000,19151,19155.6,19141.6,19154.1,319.85
1665899100000,19152.4,19152.4,19139.6,19150,174.64
1665900000000,19149.9,19155.7,19138,19138,259.96
1665900900000,19138,19138,19124,19124.3,240.15
1665901800000,19124.4,19134.9,19117.3,19128.1,202.4
1665902700000,19128.1,19134.5,19123.1,19134.4,183.07
1665903600000,19134.4,19136.8,19126,19130.5,140.41
1665904500000,19130,19132.9,19118.3,19130.6,153.81
1665905400000,19130.6,19141.1,19129.8,19134.3,179.98
1665906300000,19134.3,19148.6,19130.7,19132.9,197.89
1665907200000,19133,19158.3,19132.9,19152.1,329.96
1665908100000,19152.1,19197.9,19152.1,19183.6,1737.65
1665909000000,19184.5,19191,19165.8,19177.8,466.57
1665909900000,19177.8,19184.9,19159.9,19168.8,540.51
1665910800000,19168.8,19169.5,19155.7,19165.6,414.05
1665911700000,19165.6,19165.6,19143,19147,634.86
1665912600000,19146.9,19150.8,19140,19143.3,391.07
1665913500000,19143.3,19151.1,19138,19141.1,271.57
1665914400000,19141.2,19148.1,19141.1,19146.5,153.69
1665915300000,19146.5,19151,19128,19131,461.04
1665916200000,19130.2,19139.1,19088.5,19138.3,1059.62
1665917100000,19138.4,19140.8,19122.2,19129.4,203.65
1665918000000,19129.3,19134.3,19118.9,19128,185.91
1665918900000,19127.9,19142.1,19127.9,19140,258.13
1665919800000,19140,19143.3,19129.1,19139.1,162.52
1665920700000,19139.1,19157.2,19132.8,19146.4,311.72
1665921600000,19146.3,19150.6,19122.1,19126.1,274.2
1665922500000,19127.5,19137.8,19118.9,19120,217.78
1665923400000,19119.9,19139.9,19119.1,19136.4,258.94
1665924300000,19136.3,19144.7,19126.6,19132.4,206.06
1665925200000,19132.3,19143.5,19131.3,19131.4,152.46
1665926100000,19131.4,19142.4,19127,19139.7,231.58
1665927000000,19139.8,19139.8,19120,19134.7,173.32
1665927900000,19134.7,19145.4,19128,19128,255.99
1665928800000,19128,19133.9,19122.3,19126.5,220.88
1665929700000,19126.4,19131.2,19116.9,19116.9,250.26
1665930600000,19117,19127.6,19106.6,19115.2,523.75
1665931500000,19115.2,19141.4,19112.6,19131.7,416.71
1665932400000,19131.8,19172,19127.7,19155.3,820.33
1665933300000,19155.3,19167.7,19136.4,19140.6,390.79
1665934200000,19140.6,19170,19140.5,19165.4,341.5
1665935100000,19165.3,19170,19152.4,19158,303.96
1665936000000,19158,19169.3,19141.7,19153.9,404.99
1665936900000,19154,19163.8,19130.7,19136.6,410.18
1665937800000,19136.7,19146.3,19126.2,19133.2,323.1
1665938700000,19133.2,19145.3,19129,19140.5,293.26
1665939600000,19140.4,19157.1,19138.3,19140.8,370.25
1665940500000,19140.8,19150,19140.6,19149.3,81.79
1665941400000,19149.2,19162.3,19149.2,19152.1,179.43
1665942300000,19152,19152,19132.4,19134.4,187.14
1665943200000,19134.5,19136,19128.9,19132,193.39
1665944100000,19131.9,19135.1,19125.1,19130,132.63
1665945000000,19129.9,19135.1,19129.9,19130,33.72
1665945900000,19130,19150,19121,19135,202.51
1665946800000,19135,19154,19132.3,19147.2,179.09
1665947700000,19147.9,19168,19146.3,19167.9,175.62
1665948600000,19167.9,19340,19167.9,19337.1,4846.75
1665949500000,19337.1,19384,19281.7,19377.9,2217.37
1665950400000,19377.9,19425.5,19321.2,19326.1,2240.38
1665951300000,19326,19335.5,19266,19290,1173.5
1665952200000,19290,19311.6,19272.7,19297.3,651.74
1665953100000,19297.3,19339.9,19297.3,19330.3,630.04
1665954000000,19330.3,19363.9,19319.8,19358.3,660.57
1665954900000,19358.2,19358.2,19283.7,19295.3,675.98
1665955800000,19295.2,19315.7,19265.4,19269.2,616.85
1665956700000,19269.3,19271.5,19100,19144.6,2484.58
1665957600000,19145.5,19369.6,19116.2,19328.6,4049.41
1665958500000,19328.7,19328.7,19277.1,19305.5,1366.33
1665959400000,19305.6,19320,19282,19287.4,416.17
1665960300000,19287,19348.8,19281.7,19298.8,710.98
1665961200000,19298.9,19314,19272.5,19289.2,422.92
1665962100000,19289.1,19301.3,19240,19254.4,750.08
1665963000000,19253,19267.2,19225,19243.5,745.51
1665963900000,19243.2,19290.8,19240.5,19261.3,906.31
1665964800000,19261.2,19305,19252.6,19280.1,739.49
1665965700000,19280,19280,19231.8,19237,821.25
1665966600000,19236.9,19253.6,19206.4,19239.2,809.92
1665967500000,19239.2,19252.9,19213.6,19229.6,537.84
1665968400000,19229.6,19233.8,19180.7,19186.6,1030.33
1665969300000,19186.5,19222.4,19185,19204.8,485.06
1665970200000,19204.8,19239.3,19201.7,19214.6,651.55
1665971100000,19214.6,19229.9,19170.1,19176.6,607.12
1665972000000,19176.6,19206.5,19170,19198.5,775.64
1665972900000,19198.4,19208.9,19193.8,19200.6,304.29
1665973800000,19200.7,19213,19181.9,19200.1,377.67
1665974700000,19200.1,19209.8,19196.6,19204,233.55
1665975600000,19203.9,19203.9,19160,19179.9,706.33
1665976500000,19179.9,19185.7,19166.5,19179,262.42
1665977400000,19178.9,19194.2,19171.4,19191.1,283.87
1665978300000,19191.2,19207.2,19175.4,19189.2,347.91
1665979200000,19188.2,19189.4,19164.4,19186.2,406.88
1665980100000,19186.2,19191.8,19176.6,19181.9,235.13
1665981000000,19182.1,19216,19182.1,19216,618.84
1665981900000,19215.9,19235.8,19215.9,19227.3,631.98
1665982800000,19227.3,19263,19227.3,19247,1046.45
1665983700000,19247.1,19253.8,19234,19243,342.78
1665984600000,19243,19252,19225.8,19248.5,535.06
1665985500000,19248.5,19284.3,19240,19274.2,870.47
1665986400000,19274.3,19318,19273.3,19298,1095.84
1665987300000,19297.9,19298,19253,19269.6,766.55
1665988200000,19269.6,19278.5,19235,19244.7,743.77
1665989100000,19244.6,19249.9,19223.9,19241.4,591.05
1665990000000,19241.5,19297.8,19240.5,19270.1,902.4
1665990900000,19270.1,19279.5,19232.2,19259.9,674.09
1665991800000,19259.9,19282.3,19246.6,19270.5,322.78
1665992700000,19270.4,19318,19270.4,19294.7,818.2
1665993600000,19294.4,19300,19280.5,19291.6,581.48
1665994500000,19291.7,19291.7,19264.8,19266.8,510.07
1665995400000,19266.8,19271.9,19253,19267,426.87
1665996300000,19267,19279.3,19244.3,19259.2,498.51
1665997200000,19259.2,19276.7,19252,19275.3,279.15
1665998100000,19274.8,19295,19273.3,19294.4,362.69
1665999000000,19294.4,19367,19294.4,19321,2309.46
1665999900000,19321,19347.8,19316,19337.7,616.71
1666000800000,19337.4,19396.1,19337.3,19367.9,2330.55
1666001700000,19368,19409,19345.2,19390,1221.92
1666002600000,19390,19420,19358.5,19359.7,1311.73
1666003500000,19359.6,19396.5,19358.6,19394,753.45
1666004400000,19393.9,19498.8,19370.1,19495.8,2840.71
1666005300000,19495.8,19547.9,19478.2,19485.7,3634.18
1666006200000,19485.8,19503,19452.2,19467.9,1509.21
1666007100000,19467.9,19482.4,19416,19458.7,1714.41
1666008000000,19458.6,19469.5,19422,19427.5,1061.22
1666008900000,19427.4,19478.5,19423,19471.1,1063.6
1666009800000,19471,19574.6,19464.7,19547.9,2645.75
1666010700000,19547.9,19585,19517.2,19520.4,2332.7
1666011600000,19520.4,19562,19520.4,19538,1250.66
1666012500000,19538.1,19598,19538,19576,1789.64
1666013400000,19578.2,19679.1,19563.7,19641.4,5719.03
1666014300000,19641.4,19659.8,19576,19583.9,3038.25
1666015200000,19583.8,19638.7,19567.6,19636.4,2465.66
1666016100000,19636.4,19647.2,19521.6,19549.9,2871.32
1666017000000,19549.9,19582.6,19520,19532.1,2173.58
1666017900000,19532.1,19547.5,19440.2,19471,3566.29
1666018800000,19470.9,19505.9,19451,19472,1493.54
1666019700000,19472,19557.8,19432.1,19543,2509.2
1666020600000,19543,19579,19513.5,19544.2,1842.92
1666021500000,19544.2,19569.4,19527.8,19536.5,963.08
1666022400000,19536.5,19592.5,19512.6,19548,1369.67
1666023300000,19546.7,19555.4,19506.1,19547.6,1243.99
1666024200000,19548.5,19560.8,19496.7,19515.3,856.26
1666025100000,19515.4,19532.5,19481.4,19510.7,836.15
1666026000000,19510.7,19532.4,19493.7,19513.8,553.04
1666026900000,19512.5,19541,19495.9,19510.5,729.91
1666027800000,19510.4,19517.2,19462,19466.1,1015.08
1666028700000,19466,19527.9,19460.6,19522.3,1002.37
1666029600000,19522.3,19547.1,19492.9,19496.1,920.41
1666030500000,19496.2,19501.6,19444.4,19484.3,903.07
1666031400000,19484.3,19512.9,19466.6,19504.4,606.53
1666032300000,19504.5,19536.7,19490.8,19521,507.6
1666033200000,19521,19528.8,19486.6,19517.7,699.21
1666034100000,19516,19520.5,19490.9,19515.7,450.69
1666035000000,19516,19549.4,19510.9,19544.3,545.1
1666035900000,19542.1,19554.4,19517,19528,581.13
1666036800000,19528.6,19559.9,19508.1,19508.2,1023.57
1666037700000,19508.2,19530.5,19508.2,19526.9,132.34
1666038600000,19526.9,19550.8,19515.2,19550.7,377.66
1666039500000,19550.6,19554.4,19526.2,19527.6,247.24
1666040400000,19527.1,19527.1,19492.6,19494.7,378.44
1666041300000,19494.6,19514.7,19489.9,19512.4,397.46
1666042200000,19512.4,19535,19512.3,19512.7,285.78
1666043100000,19512.7,19547.2,19503.4,19518,381.64
1666044000000,19518,19620,19515.8,19581.7,1865.36
1666044900000,19582.5,19625.8,19575.1,19585.5,795.16
1666045800000,19585.5,19585.5,19471.9,19508.1,1577.91
1666046700000,19508,19553.9,19496.6,19518.5,605.24
1666047600000,19516.3,19560.8,19507.1,19548.3,477.88
1666048500000,19550.1,19559.7,19541,19558.5,294.27
1666049400000,19558,19573,19547.6,19566.4,373.12
1666050300000,19566.5,19573.5,19541.1,19550,417.92
1666051200000,19550,19570,19507.9,19532,861.26
1666052100000,19532,19604.9,19524.4,19590.4,1114.27
1666053000000,19590.3,19612.4,19565.4,19573.3,750.95
1666053900000,19573.4,19595.7,19570,19595.7,297.83
1666054800000,19595.8,19620,19581.3,19609.2,460.09
1666055700000,19609.2,19613.5,19563.9,19564,621.18
1666056600000,19564,19576,19530,19541.8,880.89
1666057500000,19541.8,19548.6,19520,19535,576.61
1666058400000,19535,19543.8,19519.8,19527.2,569.64
1666059300000,19527.1,19527.1,19502.8,19514,613.1
1666060200000,19514.5,19534.5,19511.4,19517.1,339.35
1666061100000,19517.1,19526.9,19482.5,19493.4,745.38
1666062000000,19493.4,19507.7,19491.2,19499.5,345.35
1666062900000,19499.6,19523.3,19495.6,19511.8,424.29
1666063800000,19511.9,19574.4,19503.2,19569,1089.43
1666064700000,19568.9,19576.4,19535.9,19550.1,1105.79
1666065600000,19550,19573.9,19544,19568.9,623.57
1666066500000,19568.8,19612,19562.8,19598,1174.7
1666067400000,19598,19600,19567.8,19573,774.72
1666068300000,19572.9,19588,19572.9,19580.4,267.29
1666069200000,19581.4,19587.7,19555.6,19569.3,402.73
1666070100000,19569.3,19569.4,19538.4,19543.2,768.33
1666071000000,19543.1,19568.9,19537,19562,322.87
1666071900000,19562,19582.2,19551,19552.4,362.82
1666072800000,19552.4,19565.5,19537.8,19553.7,933.66
1666073700000,19553.7,19602.3,19546.7,19594.6,592.54
1666074600000,19595,19706,19581.4,19685.1,3977.94
1666075500000,19685.1,19685.1,19624.7,19642.2,1459.94
1666076400000,19642.1,19648,19577.1,19584.1,1958.53
1666077300000,19584.2,19615.9,19560.6,19609.9,1478
1666078200000,19609.9,19629.9,19580.6,19617.6,1158.66
1666079100000,19617.6,19686.3,19609.9,19662.5,1519.58
1666080000000,19662.5,19668,19601.5,19609.9,1719.23
1666080900000,19609.9,19627,19592.7,19620.8,807.05
1666081800000,19620.9,19627.4,19550.1,19567.6,1386.28
1666082700000,19567.7,19585.3,19520.5,19533.8,1623.02
1666083600000,19533.8,19546,19495.1,19529.8,2272.27
1666084500000,19529.8,19557,19527.1,19551.7,757.86
1666085400000,19551.8,19560,19473,19509.6,1922.82
1666086300000,19509.5,19540,19500.1,19531.4,999
1666087200000,19531.3,19543.9,19506.7,19539.3,637.02
1666088100000,19539.2,19567,19522.3,19549.6,734.66
1666089000000,19549.6,19584.4,19542.2,19557.6,856.79
1666089900000,19557.5,19563.9,19523.2,19531.2,525.9
1666090800000,19532.4,19555.4,19531,19531.1,598.66
1666091700000,19531,19565,19531,19560,370.16
1666092600000,19560,19593.8,19560,19573.8,969.26
1666093500000,19573.8,19603.9,19562.4,19564.1,758.43
1666094400000,19564.2,19611.3,19564.1,19598.8,662.5
1666095300000,19598.8,19608,19575.1,19603,576.31
1666096200000,19603,19619.6,19592.4,19602.3,765.55
1666097100000,19602.3,19650,19582.2,19630.1,1356.1
1666098000000,19630,19642,19598.5,19598.5,776.26
1666098900000,19598.5,19669.6,19591.1,19649.9,1477.32
1666099800000,19650,19680,19555.5,19593.8,3125.78
1666100700000,19593.9,19598.1,19533,19545,2116.06
1666101600000,19546.4,19575,19541.2,19554.2,1136.82
1666102500000,19554.1,19567.5,19443,19472.3,4096.55
1666103400000,19472.3,19475.7,19365.1,19437.4,5521.1
1666104300000,19437.8,19468.4,19413.9,19417.4,1628.01
1666105200000,19417.3,19453,19335.1,19378.7,2817.58
1666106100000,19378.6,19385.8,19328,19350.1,2952.3
1666107000000,19350.2,19363.1,19284.2,19326.9,3716.75
1666107900000,19326.9,19376.5,19318.3,19375,1831.9
1666108800000,19374.2,19409.9,19349,19399.2,1963.61
1666109700000,19399.1,19428.1,19365,19379.1,1862.66
1666110600000,19378.5,19424.3,19366,19406.1,816.38
1666111500000,19406.1,19442.8,19394.5,19413.6,687.77
1666112400000,19413.7,19417.9,19365.3,19402.9,791.31
1666113300000,19402.9,19411.4,19386,19404.9,394.43
1666114200000,19405.2,19435.3,19397.1,19413.6,749.65
1666115100000,19413.5,19415.8,19382.5,19407,373.42
1666116000000,19407.3,19410,19372.9,19406.5,266.23
1666116900000,19406.4,19406.4,19380,19397.4,270.47
1666117800000,19397.5,19401.3,19258.4,19274.6,2124.84
1666118700000,19274.5,19291.3,19174.2,19220,3688.19
1666119600000,19218.6,19218.6,19128,19130.5,2495.82
1666120500000,19130.7,19162,19089,19156.5,2360.43
1666121400000,19156.8,19208,19145.1,19203.9,1604.14
1666122300000,19203.8,19220,19178.9,19220,956.7
1666123200000,19219.9,19291,19196.7,19250.5,2045.49
1666124100000,19251.7,19305.4,19251.7,19289.8,755.17
1666125000000,19289.8,19430.9,19280.9,19390,1794.79
1666125900000,19390.1,19433.9,19358.6,19367.6,1512.61
1666126800000,19367.7,19377.4,19293.7,19329.2,740.56
1666127700000,19329.1,19343.6,19213.7,19278,819.3
1666128600000,19278.1,19312.4,19220.6,19296.5,613.88
1666129500000,19296.4,19320,19278.4,19300,357.88
1666130400000,19298.3,19307,19258.7,19284.2,423.93
1666131300000,19284,19306.1,19260,19302.5,330.5
1666132200000,19300.1,19313.8,19281.5,19304.3,416.17
1666133100000,19304.4,19332.6,19299.8,19322,464.72
1666134000000,19321.5,19368.9,19305.7,19368.2,574.8
1666134900000,19368.9,19369,19328.8,19332.6,381.13
1666135800000,19332.5,19362.5,19324.4,19337.1,346.67
1666136700000,19337.1,19359,19318.4,19328.9,326.15
1666137600000,19328.9,19358.2,19281.1,19281.1,834.33
1666138500000,19281.1,19295,19260.6,19295,758.49
1666139400000,19294.9,19301.9,19273.4,19274.6,309.19
1666140300000,19274.5,19275.1,19233.4,19236.8,1001.81
1666141200000,19236.8,19278.6,19221.9,19274.4,704.23
1666142100000,19274.3,19290,19262.7,19276.4,470.6
1666143000000,19278.2,19325.9,19278.1,19314.4,680.54
1666143900000,19314.4,19325.5,19310,19316.1,531.89
1666144800000,19316,19321.5,19276.5,19293.9,1037.7
1666145700000,19294,19300,19269.7,19278,391.56
1666146600000,19277.9,19280.2,19251.5,19259.3,477.55
1666147500000,19259.3,19303.7,19253.5,19292.9,476.31
1666148400000,19293,19299.2,19259,19268.3,274.51
1666149300000,19268.4,19302.4,19260.9,19275.8,340.07
1666150200000,19275.7,19308.1,19274,19300,288.19
1666151100000,19300.1,19307.4,19285.5,19285.9,333.04
1666152000000,19285.8,19298.4,19276.4,19277.6,278.18
1666152900000,19277.6,19308,19270.9,19282.4,372.32
1666153800000,19282.4,19282.5,19260.4,19276.3,447.89
1666154700000,19276.4,19286.9,19266.8,19276.9,229.59
1666155600000,19278,19305,19265.1,19289.3,402.95
1666156500000,19289.2,19305.8,19273.1,19299,516.64
1666157400000,19299,19299.7,19240,19246.9,813.49
1666158300000,19246.9,19268.4,19234.1,19256.2,576.84
1666159200000,19256.1,19278.6,19235.9,19270,464.81
1666160100000,19269.9,19278.4,19200.3,19226,904.52
1666161000000,19226,19226,19144,19179.1,2291.24
1666161900000,19179.1,19221.7,19179,19188.9,839.53
1666162800000,19188.9,19216.9,19169.6,19208,590.12
1666163700000,19208,19241.6,19203.1,19213.8,607.53
1666164600000,19213.8,19241.6,19196.5,19216.1,527.28
1666165500000,19217,19234.8,19189.2,19221.5,612.33
1666166400000,19221.5,19234.6,19170.5,19183.8,581.27
1666167300000,19182.9,19186.3,19151,19164.4,918.12
1666168200000,19164.4,19191,19160.9,19190,493
1666169100000,19189.9,19208.8,19179.6,19198.5,527.21
1666170000000,19198.5,19236.4,19195.7,19233.7,744.15
1666170900000,19234,19244.1,19205.5,19214,800.84
1666171800000,19213.7,19246.8,19213.6,19242.2,434.89
1666172700000,19242.2,19279.1,19235.3,19269,915.31
1666173600000,19269,19278.4,19243.1,19257.6,623.71
1666174500000,19257.5,19264.2,19225.6,19227,521.27
1666175400000,19227,19235.5,19180.1,19180.3,700.63
1666176300000,19180.7,19217.4,19180.7,19217.3,424.64
1666177200000,19217.4,19224.4,19162.9,19169.1,520.11
1666178100000,19170.6,19189,19150.2,19168,1087.63
1666179000000,19168.1,19190,19144.3,19182.6,1024.51
1666179900000,19182.6,19203.7,19173.6,19202.4,509.09
1666180800000,19202.4,19203.5,19150,19189.8,703.53
1666181700000,19189.9,19194,19155.3,19175.3,422.8
1666182600000,19175.4,19175.4,19103.7,19147.4,1674.8
1666183500000,19147.4,19179.3,19147.4,19166.1,481.98
1666184400000,19166.1,19168.9,19122.1,19145.6,623.6
1666185300000,19145.5,19180.8,19137.4,19175.5,547.55
1666186200000,19175.5,19240,19118,19155,2832.26
1666187100000,19155.1,19169.9,19061.2,19127.2,3503.69
1666188000000,19127.1,19199.9,19102.6,19198.3,1706.08
1666188900000,19198.3,19228,19182.4,19208.5,1600.04
1666189800000,19208.6,19220.8,19170.6,19187.7,1039.57
1666190700000,19187.7,19200.2,19146.4,19155.4,909.89
1666191600000,19155.4,19225.5,19140,19221.2,1313.78
1666192500000,19221.3,19227.7,19181.4,19188.2,860.79
1666193400000,19188.2,19230,19166,19221.5,736.79
1666194300000,19221.3,19306.8,19211.9,19268.4,2689.2
1666195200000,19268.5,19279.6,19220,19250.3,1029.01
1666196100000,19250.4,19250.4,19208.5,19214.9,430.39
1666197000000,19214.8,19237.8,19192.3,19205.9,771.47
1666197900000,19205.9,19212.8,19171.5,19180.1,821.26
1666198800000,19179.4,19186.6,19100,19146.7,2685.56
1666199700000,19146.2,19172.5,19125.4,19158,789.18
1666200600000,19158,19169.9,19141.2,19167.7,348.63
1666201500000,19167.6,19196.7,19154.9,19183.3,661.01
1666202400000,19183.4,19223,19174.9,19208,594.08
1666203300000,19207.4,19218.6,19180,19201.3,429.26
1666204200000,19201.2,19204.3,19166,19175.1,262.37
1666205100000,19175,19195.4,19170.9,19189.7,175.69
1666206000000,19188.9,19199.6,19154.6,19193.8,356.48
1666206900000,19193,19229.2,19181.1,19184,333.88
1666207800000,19183.9,19210.5,19167.6,19205.5,252.96
1666208700000,19206.8,19233,19189,19233,333.26
1666209600000,19233.3,19252.3,19135.3,19192.3,1477.81
1666210500000,19191,19199.8,19176.9,19196.1,268.14
1666211400000,19196.4,19224,19190,19192.9,346.66
1666212300000,19191.4,19201.7,19179.5,19195.9,211.04
1666213200000,19195.9,19208,19194.6,19208,192.73
1666214100000,19208.4,19208.6,19180.5,19185.7,135.38
1666215000000,19185.6,19187.4,19155.1,19175.7,108.48
1666215900000,19175.7,19205.8,19174.1,19198.3,131.44
1666216800000,19198.2,19200.5,19165,19178.9,282.55
1666217700000,19179.7,19197.5,19177,19183.7,167.41
1666218600000,19183.6,19188.8,19101.8,19132.3,1225.22
1666219500000,19131.1,19149.2,19110.1,19142.7,775.7
1666220400000,19142.6,19164,19133.5,19147.1,301.7
1666221300000,19147.1,19158.2,19130.4,19135.6,328.79
1666222200000,19135.5,19150.7,19123.1,19148.2,261.16
1666223100000,19148.2,19149.6,19087.5,19125.1,896.53
1666224000000,19125,19164,19115.2,19161.7,679.23
1666224900000,19161.8,19165.9,19129.7,19142.9,469.07
1666225800000,19142.8,19157.4,19080.8,19090.7,1049.18
1666226700000,19090.6,19091.1,18892,18972.5,7166.55
1666227600000,18972.4,19007.8,18931,19005.1,1979.32
1666228500000,19005,19053.7,18974.5,19006.5,2068.92
1666229400000,19006.5,19038.8,19000.3,19018.1,783.45
1666230300000,19018.2,19054.3,19018.2,19042.9,657.48
1666231200000,19045,19076.9,19014.9,19058.2,856.74
1666232100000,19058.3,19079.9,19053.1,19059.7,494.18
1666233000000,19059.8,19061.7,19045,19053.6,332.55
1666233900000,19053.1,19071.2,19030.1,19061.5,488.18
1666234800000,19061.5,19066.7,19030.4,19030.4,445.08
1666235700000,19030.4,19043.6,19028.6,19033.6,368.59
1666236600000,19033.6,19039.9,19010.8,19035,1536.19
1666237500000,19035.1,19054.8,19034.6,19045,577.9
1666238400000,19045,19062,19041.1,19048.9,352.96
1666239300000,19049,19169.9,19044.9,19147.6,3376.19
1666240200000,19147.7,19149.9,19112.3,19142.9,1117.57
1666241100000,19143,19206.9,19142.9,19180,1768.51
1666242000000,19180,19196,19142.3,19176.1,1172.16
1666242900000,19175.9,19176,19131,19140.4,781.79
1666243800000,19140.4,19140.4,19116.4,19134,653.65
1666244700000,19134.5,19156.1,19129.8,19141.2,441.85
1666245600000,19141.2,19143.9,19117.4,19127.5,318.19
1666246500000,19127.6,19130.7,19107.4,19125,645.35
1666247400000,19125.1,19126,19100.4,19105.4,835.79
1666248300000,19105.4,19133.9,19089.5,19132.9,987.38
1666249200000,19133,19149.8,19097.4,19122.5,836.18
1666250100000,19122.4,19155,19122.4,19138.9,376.2
1666251000000,19138.9,19149.3,19120.1,19145.5,399.21
1666251900000,19147.9,19166.7,19138.1,19145.8,602.92
1666252800000,19145.9,19166.3,19132,19132.1,455.65
1666253700000,19132,19147.6,19132,19134.8,286.69
1666254600000,19134.8,19146,19116.4,19144.6,389.82
1666255500000,19144.6,19145.4,19110,19115.9,602.68
1666256400000,19115.9,19131.2,19110,19129.7,511.52
1666257300000,19129.7,19143.5,19129.7,19141.9,452.29
1666258200000,19142,19160,19142,19153.3,596.05
1666259100000,19153.3,19195,19153.3,19186.7,1197.63
1666260000000,19186.8,19195.9,19136.1,19152.5,953.95
1666260900000,19152.5,19160,19140.6,19160,347.71
1666261800000,19160,19256,19159,19235.6,2601.47
1666262700000,19235.6,19240,19178.3,19201.9,2276.16
1666263600000,19201.9,19220,19188.3,19198.9,1108.17
1666264500000,19199,19229.3,19199,19207.9,483.27
1666265400000,19207.9,19219.5,19188.8,19188.8,518.32
1666266300000,19188.9,19219.4,19188.8,19208.5,429.83
1666267200000,19208.4,19244.4,19205.1,19219.9,1038.09
1666268100000,19219.9,19282.4,19219.9,19240.8,1593.86
1666269000000,19240.7,19274,19152.7,19165,4546.89
1666269900000,19165,19198,19135.5,19136.6,1841.72
1666270800000,19136.6,19159.1,19130.8,19152.4,1037.81
1666271700000,19152.4,19184.6,19151.4,19162,565.83
1666272600000,19162,19191.9,19140,19179,1102.97
1666273500000,19178.9,19220,19173.5,19173.5,1372.71
1666274400000,19173.6,19264,19172,19237.3,2523.47
1666275300000,19237.4,19349,19237.4,19302.2,4643.03
1666276200000,19304.5,19330.2,19266.1,19282.9,1407.2
1666277100000,19283,19336.9,19275.8,19324.9,1131.8
1666278000000,19324.9,19336.6,19296.5,19308.5,878.98
1666278900000,19307.9,19309.7,19250.1,19264.6,1093.27
1666279800000,19264.3,19287.6,19260.7,19277.3,417.63
1666280700000,19277.4,19282.3,19250.6,19255,659.08
1666281600000,19255.1,19255.1,19164,19170.4,3033.36
1666282500000,19170.3,19191.1,19144.5,19179.6,1576.29
1666283400000,19179.6,19192.6,19160.1,19191,687.4
1666284300000,19191.2,19191.2,19161.9,19183.3,675.13
1666285200000,19183.2,19187,19111,19146.3,1476.31
1666286100000,19146.3,19162,19132.3,19148.9,506.75
1666287000000,19148,19148,19081.6,19104.4,1282.06
1666287900000,19104.4,19116.1,19066.6,19099.3,1529.85
1666288800000,19099.3,19099.8,19012.5,19012.6,2032.51
1666289700000,19012.5,19078,18981.6,19013.5,2519.07
1666290600000,19013.5,19040.4,18959,19002.3,2114.44
1666291500000,19002.3,19087,18992.6,19063.4,1531.86
1666292400000,19063.4,19118.7,19055.6,19098.7,1237.91
1666293300000,19098.6,19098.7,19040.8,19065.8,805.75
1666294200000,19064.7,19064.7,19030.7,19060.6,665.04
1666295100000,19060.5,19085.1,19035.2,19065,596.02
1666296000000,19064.9,19088,19045,19067.5,579.4
1666296900000,19065.4,19065.4,18990,19015.4,700.63
1666297800000,19015.5,19048.4,18912.7,19047.5,2517.73
1666298700000,19048.5,19056.6,19020.5,19031.1,505.14
1666299600000,19032.9,19047.4,18996.6,19047.1,646.06
1666300500000,19047.1,19075.5,19046.6,19071.9,331.25
1666301400000,19071.8,19090.1,19053.4,19069.2,496.18
1666302300000,19069.1,19100,19064.4,19073.2,186.5
1666303200000,19073.4,19093.6,19030.1,19060.1,710.13
1666304100000,19060,19061.1,19031.6,19033,383.39
1666305000000,19033.1,19034.1,19004,19013.2,521.6
1666305900000,19013.3,19038.4,19010.6,19035.6,378.86
1666306800000,19035.6,19041.5,18980.2,18993.8,741.12
1666307700000,18994.6,19031.3,18994.5,19028.6,370.32
1666308600000,19028.6,19050.6,19025,19050.5,453.18
1666309500000,19050.6,19051.1,19032.3,19044.4,235.81
1666310400000,19044.5,19057.6,19016.3,19057.5,515.28
1666311300000,19057.6,19069.3,19003.2,19023.6,648.88
1666312200000,19022.4,19068.4,19002.3,19056.4,774.96
1666313100000,19058,19067.8,19044.9,19050.9,480.13
1666314000000,19050.8,19053.4,19030,19050.5,399.74
1666314900000,19050.5,19062.7,19031.5,19034.8,316.58
1666315800000,19034.8,19064.6,19026.2,19060.5,334.87
1666316700000,19060.6,19075,19051.1,19067.1,450.97
1666317600000,19067.1,19085.8,19061.1,19073.2,373.4
1666318500000,19073.2,19102.2,19073.2,19101.3,777.7
1666319400000,19101.4,19132,19083.7,19107.7,889.78
1666320300000,19108.7,19113,19091.8,19111.1,390.89
1666321200000,19111.2,19124.9,19104.3,19124.6,323.26
1666322100000,19124.5,19126,19092.9,19094,496.85
1666323000000,19094,19097.8,19066,19066.5,488.28
1666323900000,19066.6,19073,19048,19054.2,646.05
1666324800000,19054.2,19062.5,19043.8,19055.1,594.18
1666325700000,19055.1,19081.7,19051.6,19069,497.64
1666326600000,19068.2,19068.2,19040.1,19052.2,490.39
1666327500000,19052.2,19052.2,19025,19049,635.95
1666328400000,19049,19055.2,19040.7,19051.8,292.69
1666329300000,19051.8,19054.4,19045,19045,187.91
1666330200000,19045,19065.7,19030.1,19061,388.27
1666331100000,19061,19067.3,19038.5,19045.2,207.6
1666332000000,19045.1,19071.9,19039.9,19071.9,295.81
1666332900000,19071.9,19073,19033.1,19033.3,435.74
1666333800000,19033.4,19050.1,19030.6,19046,275.02
1666334700000,19046,19055.6,19032,19037.8,271.91
1666335600000,19037.8,19037.8,18995.6,19016.4,1436.11
1666336500000,19016.4,19086.7,19014.6,19066.8,1076.82
1666337400000,19066.6,19066.6,19038,19056.9,428.89
1666338300000,19057.1,19060.3,19030,19030,322.71
1666339200000,19030,19042.8,19021.3,19027.7,408.2
1666340100000,19027.7,19038.5,18984.1,19018,1170.75
1666341000000,19018,19018,18940,18975,2409.69
1666341900000,18974.9,19004.5,18962,18984.9,734.73
1666342800000,18983.9,19000.1,18947.8,18960,1145.56
1666343700000,18960.1,18989.3,18895,18989.1,2298.95
1666344600000,18989.2,19010,18952.5,18968.7,1279.37
1666345500000,18968.6,19035.6,18964,19013.3,1138.52
1666346400000,19013,19020.6,18984.6,18985.4,827.55
1666347300000,18985.3,18995,18960,18989.4,449.25
1666348200000,18989.3,18993.6,18965,18970.3,364.25
1666349100000,18970.4,19006.1,18965.2,19003.9,486.41
1666350000000,19003.9,19003.9,18968.1,18971,464.38
1666350900000,18971,19010.3,18968.1,18993,483.87
1666351800000,18993.1,19003.9,18974.6,18981.7,297.01
1666352700000,18983.1,18995.8,18938.6,18941.9,904.55
1666353600000,18941.9,18944.7,18636,18767.5,11137.4
1666354500000,18768.9,18785.4,18700,18772.3,4187.76
1666355400000,18772.2,18824.3,18730,18816.1,2226.8
1666356300000,18816.1,18897.9,18761.8,18876.4,2668.36
1666357200000,18877.1,19016.4,18857.8,18936.5,6078.61
1666358100000,18936.5,18958.7,18888,18950,1850.66
1666359000000,18950,18988.6,18894.4,18966.5,2878.08
1666359900000,18966.6,19080,18956.7,19063.4,4964.45
1666360800000,19063.4,19128,19041.9,19112,4466.92
1666361700000,19111.9,19119.6,18986.8,18998.6,3360.92
1666362600000,18998.6,19018.1,18937.4,18996.3,2971.09
1666363500000,18996.3,19036.3,18966.5,18975.1,1430.45
1666364400000,18975,19010.8,18950,18996.4,1204.88
1666365300000,18996.2,19057.5,18969.3,19042.1,1202.38
1666366200000,19043.7,19083.7,19012.9,19055.9,1162.32
1666367100000,19055.9,19171.9,19045.4,19166.8,3407.37
1666368000000,19166.9,19227.9,19137.5,19144.9,5590.91
1666368900000,19144.8,19181.9,19113.2,19118.5,2078.76
1666369800000,19118.4,19157.8,19108,19135.4,1052.16
1666370700000,19136.7,19171.1,19118,19130.5,711.84
1666371600000,19129.5,19142.5,19091.2,19111,1085.8
1666372500000,19111.1,19139.7,19101,19134.1,878.06
1666373400000,19134.1,19170.2,19110.1,19123.1,1323.26
1666374300000,19123,19161.5,19122.5,19151.5,484.85
1666375200000,19151.6,19205.9,19151.6,19160.3,1197.47
1666376100000,19160.3,19170.6,19120.8,19133,759.17
1666377000000,19133.1,19154.2,19121.4,19130,487.67
1666377900000,19128.5,19148.4,19125,19138.4,350.98
1666378800000,19138.5,19190,19137,19170,657.04
1666379700000,19170,19194,19163.4,19171.1,493.78
1666380600000,19171.1,19245,19167.8,19229.5,1169.1
1666381500000,19229.6,19250,19181.6,19191.8,1268.99
1666382400000,19190.3,19249.7,19188.7,19201.1,1162.33
1666383300000,19201.1,19208.2,19175.8,19198.9,620.88
1666384200000,19199.6,19199.6,19174,19174.5,284.93
1666385100000,19174.6,19183.2,19160,19180.9,438.01
1666386000000,19180.9,19180.9,19158.2,19160.5,213
1666386900000,19160.6,19166.8,19146.1,19158.3,259.2
1666387800000,19158.3,19161.7,19138,19142.1,210.16
1666388700000,19142.3,19161.5,19140.9,19153.3,357.07
1666389600000,19153.2,19192.5,19153.2,19173.6,772.46
1666390500000,19173.6,19186.3,19173.6,19182.9,163.58
1666391400000,19183,19186.9,19162.9,19173,285.31
1666392300000,19173.1,19191.3,19173.1,19191.3,159.28
1666393200000,19191.2,19192.5,19174.6,19182.1,174.04
1666394100000,19182.1,19187.8,19176.7,19184.1,199.44
1666395000000,19184.1,19189,19162.4,19162.4,450.22
1666395900000,19162.3,19169.9,19160.5,19162.1,166.32
1666396800000,19162.1,19171.5,19144.4,19144.4,576.5
1666397700000,19146.5,19165.3,19146.5,19165.1,227.21
1666398600000,19165.1,19181.2,19162,19170.5,276.58
1666399500000,19170.4,19170.5,19155.8,19165.7,234.25
1666400400000,19165.7,19185,19164.5,19164.5,230.6
1666401300000,19164,19168.1,19151.4,19155.1,231.28
1666402200000,19155.1,19159.8,19150,19159.5,262.34
1666403100000,19159.5,19159.7,19151.4,19156,127.39
1666404000000,19156.1,19165,19156,19162,212.19
1666404900000,19162,19166.5,19158.2,19160.3,264.33
1666405800000,19160.2,19162,19150.5,19152,200.39
1666406700000,19152.1,19154.8,19120,19128.8,901.69
1666407600000,19128.9,19130.6,19111.6,19130.6,442.17
1666408500000,19130.6,19144.1,19130.5,19137.4,313.44
1666409400000,19137.3,19140.4,19128,19132.2,163.08
1666410300000,19132.3,19165.8,19132.2,19152.8,527.8
1666411200000,19152.8,19162.6,19148.5,19154.7,468.32
1666412100000,19154.8,19154.9,19147,19152.1,142.27
1666413000000,19152.1,19161.3,19147.5,19155.8,203.88
1666413900000,19155.7,19159.2,19144.9,19146.3,128.31
1666414800000,19146.3,19156.1,19146.3,19150.2,132.5
1666415700000,19150.3,19150.3,19135.9,19137.9,332.8
1666416600000,19137.8,19150.2,19137.8,19149.9,142.59
1666417500000,19149.9,19150.4,19140.1,19140.2,98.34
1666418400000,19140.1,19141.8,19132.1,19136.2,212.68
1666419300000,19136.1,19140,19133.9,19136.4,188.85
1666420200000,19136.5,19142.7,19135,19135,116.09
1666421100000,19135.1,19149.2,19135,19142.8,162.02
1666422000000,19142.8,19160,19142.7,19160,260.17
1666422900000,19160,19163.6,19153.4,19156.9,188.05
1666423800000,19156.8,19162.7,19150.4,19150.5,161.84
1666424700000,19150.4,19174.6,19150.4,19162.2,368.06
1666425600000,19162.1,19177,19159.3,19163.7,396.79
1666426500000,19163.8,19171.9,19160.5,19164.5,160.51
1666427400000,19164.5,19164.5,19157.1,19161.4,133.55
1666428300000,19161.4,19161.4,19155,19156.5,166.45
1666429200000,19156.6,19159.7,19151.1,19153.6,138.15
1666430100000,19153.6,19158.5,19150,19153.5,161.54
1666431000000,19153.6,19169.5,19153.6,19165.7,231.56
1666431900000,19165.7,19173.7,19138.4,19141.5,531.51
1666432800000,19141.5,19151,19141.1,19150.6,188.98
1666433700000,19151.3,19151.3,19145.7,19148,78.42
1666434600000,19148,19162.1,19147.9,19160,169.33
1666435500000,19160,19172,19160,19168.8,306.34
1666436400000,19168.9,19181.9,19160,19160,518.48
1666437300000,19160,19170.7,19159.6,19165.6,204.93
1666438200000,19165.6,19188.1,19164.1,19181.4,384.67
1666439100000,19181.4,19187.9,19169.9,19178.2,357.57
1666440000000,19178.2,19180.5,19171.8,19173.6,150.41
1666440900000,19173.6,19197.2,19155,19158.4,596.13
1666441800000,19158.5,19170.2,19153.9,19167.3,274.53
1666442700000,19167.4,19199.5,19161.6,19179.7,1272.44
1666443600000,19179.7,19219.4,19179.6,19205.5,1051.26
1666444500000,19205.4,19261,19205.4,19228,1703.3
1666445400000,19228,19229.9,19193.1,19205,749.79
1666446300000,19205,19209.7,19190,19194.4,509.01
1666447200000,19194.6,19233.4,19194.6,19221.1,663.06
1666448100000,19221,19230,19215,19219.9,443.77
1666449000000,19219.9,19235.8,19219.9,19225.1,365.21
1666449900000,19225.1,19233.5,19215,19233.5,269.57
1666450800000,19233.5,19250,19221.8,19221.8,695.62
1666451700000,19221.8,19231.3,19219.3,19223.2,264.94
1666452600000,19223.4,19229.2,19206.5,19213.5,406.49
1666453500000,19213.6,19238,19213.5,19229.8,349.3
1666454400000,19229.8,19248.8,19211,19214.8,493.33
1666455300000,19213.5,19219.3,19183.3,19192.5,692.56
1666456200000,19190.9,19196.8,19175,19180,783.31
1666457100000,19180,19194.5,19180,19193.6,300.93
1666458000000,19193.6,19200.3,19182.3,19193.1,230.07
1666458900000,19193.1,19207,19184.5,19189.9,263.18
1666459800000,19190,19191.8,19160.4,19172,588.87
1666460700000,19172,19173.2,19150,19155.4,595.46
1666461600000,19155.3,19161,19134,19140.8,822.73
1666462500000,19140.8,19161.6,19140,19160.7,277.99
1666463400000,19160.7,19170.5,19157.4,19168.6,231.77
1666464300000,19168.6,19176,19168,19170.6,109.05
1666465200000,19170.5,19190,19165,19187.5,333.76
1666466100000,19187.4,19187.4,19180.6,19183.4,180.1
1666467000000,19183.3,19185,19173.9,19185,100.07
1666467900000,19185,19188.7,19177.7,19185.5,80.56
1666468800000,19185.9,19189.7,19182,19182.1,92.03
1666469700000,19182,19182.3,19176.9,19176.9,105.24
1666470600000,19176.9,19195.9,19176.9,19194.4,144.05
1666471500000,19194.4,19225,19192.4,19217.1,430.07
1666472400000,19217.1,19222.2,19190.5,19190.5,243.04
1666473300000,19190.5,19211.9,19190.5,19201.8,216.37
1666474200000,19201.8,19217.5,19201.7,19208.5,114.36
1666475100000,19208.4,19219,19203.5,19203.5,75.98
1666476000000,19203.5,19206.4,19187.5,19201,232.66
1666476900000,19201.1,19206.5,19192.5,19195.7,66.45
1666477800000,19195.7,19200.7,19195.5,19197.1,86.67
1666478700000,19197.1,19198.5,19187.5,19197.5,114.16
1666479600000,19196.1,19204.6,19193.9,19197.9,83.74
1666480500000,19197.9,19207.8,19196.6,19196.7,119.69
1666481400000,19196.7,19197.6,19194.5,19197.6,87.28
1666482300000,19197.6,19206.5,19197.5,19202.5,221.27
1666483200000,19202.5,19217.7,19201.4,19205.8,197.71
1666484100000,19205.7,19211.2,19199,19203.9,201.78
1666485000000,19204,19212,19192.1,19195.2,243.24
1666485900000,19195,19201.7,19190.9,19194.4,165.68
1666486800000,19194.4,19201.9,19181.8,19182.7,203.45
1666487700000,19182.6,19182.7,19171,19178.4,264.81
1666488600000,19178.3,19178.3,19165.6,19173.1,299.63
1666489500000,19171.1,19180,19164.9,19180,218.75
1666490400000,19180,19186.8,19178,19178.9,230.26
1666491300000,19178.9,19200.7,19178.3,19200.7,298.98
1666492200000,19200.7,19203.4,19196.9,19201.2,155.06
1666493100000,19201.1,19209.8,19195,19196.8,335.25
1666494000000,19196.7,19199.9,19196.2,19196.7,83.74
1666494900000,19196.7,19201.8,19188.5,19191,138.5
1666495800000,19191,19192.9,19187.3,19191.7,75.52
1666496700000,19192.1,19199.3,19192.1,19198.6,75.22
1666497600000,19198.5,19200,19196.2,19197.5,115.52
1666498500000,19198.8,19218,19198.8,19218,338.85
1666499400000,19217.9,19220,19213.2,19213.9,290.88
1666500300000,19214,19214,19172.9,19186,575.77
1666501200000,19185.9,19193.8,19179.1,19192.5,301.1
1666502100000,19192.5,19193.4,19182.6,19186.4,113.95
1666503000000,19186.4,19186.9,19182.4,19182.4,75.82
1666503900000,19182.4,19186.2,19167.2,19175,383.53
1666504800000,19174.9,19187.9,19168.4,19185.7,197.49
1666505700000,19185.7,19186.9,19160,19173.8,256.99
1666506600000,19173.9,19178,19162.3,19168.6,233.46
1666507500000,19168.6,19175,19167.9,19174.7,194.64
1666508400000,19174.6,19175.2,19165.3,19165.9,155.9
1666509300000,19165.9,19174,19150.1,19162.4,766.45
1666510200000,19162.4,19163.4,19152,19160,259.86
1666511100000,19160.5,19165.9,19160.5,19163.5,165.24
1666512000000,19164.4,19172.8,19152.3,19171.1,389.15
1666512900000,19171,19178,19170.1,19171.1,250.94
1666513800000,19171.1,19180.3,19169.3,19177,160.01
1666514700000,19176.9,19186.8,19176.9,19184.6,204.88
1666515600000,19184.6,19187.5,19182.9,19182.9,144.78
1666516500000,19182.9,19183,19180.8,19181,117.76
1666517400000,19181.1,19185.8,19181,19185.7,68.65
1666518300000,19185.8,19185.8,19180.7,19183.9,135.48
1666519200000,19183.9,19187.1,19167.8,19169.4,471.79
1666520100000,19169.5,19175.7,19169.4,19175.1,65.07
1666521000000,19175.1,19175.1,19163,19164.2,166.29
1666521900000,19164.3,19169.3,19164.2,19169.3,102.03
1666522800000,19169.3,19169.6,19125.4,19151.9,1102.23
1666523700000,19151.8,19151.8,19133.2,19144.2,468.21
1666524600000,19144.4,19151.6,19140,19147.5,440.66
1666525500000,19147.5,19158.6,19147.4,19154.2,211.65
1666526400000,19154.2,19157.8,19148,19148.8,249.84
1666527300000,19148.7,19148.8,19060,19127.9,1944.75
1666528200000,19127.9,19153.5,19104.7,19115,1222.18
1666529100000,19115,19163.6,19115,19155.6,852.59
1666530000000,19155.5,19178.4,19146,19177.3,787.9
1666530900000,19177.1,19182.7,19158.5,19159,442.33
1666531800000,19158.9,19161.4,19151.3,19159.6,175.81
1666532700000,19159.6,19184.7,19154.2,19178.8,348.31
1666533600000,19178.9,19209.8,19178.8,19189.9,984.24
1666534500000,19189.9,19207.9,19182.4,19185.4,575.92
1666535400000,19185.3,19191,19176.6,19187.8,216.72
1666536300000,19187.8,19196.5,19183.8,19188.7,219.18
1666537200000,19188.8,19213.8,19184.7,19184.7,433.6
1666538100000,19184.7,19192.7,19180.3,19184.9,239.21
1666539000000,19184.9,19196,19184.9,19192.9,146.96
1666539900000,19192.8,19194,19184,19192.3,122.41
1666540800000,19192.4,19206.4,19181.6,19183.6,332.13
1666541700000,19183.6,19185.7,19172.2,19172.3,243.65
1666542600000,19172,19192.4,19170.5,19190.5,190.76
1666543500000,19190.5,19192.6,19176.1,19177.8,162.97
1666544400000,19177.9,19216.7,19173.7,19215.1,351.87
1666545300000,19215.1,19220,19195.3,19200.9,471.96
1666546200000,19200.8,19250,19200.8,19240.6,1024.87
1666547100000,19240.6,19503,19237.5,19478.2,8579.66
1666548000000,19476.3,19530,19401.4,19479,3859.73
1666548900000,19479.1,19508.2,19443.5,19484.5,1565.34
1666549800000,19484.5,19507.8,19440.2,19445.9,948.05
1666550700000,19446,19460.5,19424.3,19440,571.42
1666551600000,19440,19471.7,19440,19461.1,467.27
1666552500000,19460.5,19503.5,19459.7,19500.1,470.06
1666553400000,19500.1,19500.1,19473.4,19481.7,336.86
1666554300000,19481.8,19524.6,19477.4,19500.3,522.86
1666555200000,19500.2,19518,19470.1,19475.9,437.82
1666556100000,19475.9,19480.3,19454.8,19464.4,312.8
1666557000000,19464.4,19469.9,19445.9,19458,226.99
1666557900000,19458,19520,19457.3,19497.4,962.74
1666558800000,19497.4,19508.6,19491.8,19492.3,425.11
1666559700000,19492.3,19618,19456.1,19485,2492.91
1666560600000,19485.1,19493.6,19446.3,19465.8,490.46
1666561500000,19467,19554.7,19459.4,19539.4,925.46
1666562400000,19539.5,19656,19539.4,19589,4037.51
1666563300000,19589,19629.8,19558.6,19619.4,1394.59
1666564200000,19617.7,19697,19607.1,19648.8,2549.47
1666565100000,19648.8,19649.8,19577.3,19591.4,909.05
1666566000000,19591.4,19606.8,19562.4,19587.9,1211.32
1666566900000,19588,19594.3,19519.5,19528.3,1064.68
1666567800000,19529.2,19585.7,19529.2,19578.9,1110.4
1666568700000,19578.9,19583.6,19546.4,19571.3,616.44
1666569600000,19569.2,19601.5,19550,19553,1104.12
1666570500000,19552.8,19584.9,19540,19576.4,455.82
1666571400000,19576.4,19588.8,19508.9,19522.7,999.14
1666572300000,19522.6,19531.3,19493.9,19520,999.85
1666573200000,19520,19527,19490.6,19513.1,500.53
1666574100000,19513.2,19513.2,19370.5,19442.7,4225.77
1666575000000,19443,19472.2,19434,19446.6,909.4
1666575900000,19446.6,19448,19363.2,19413.3,1860.36
1666576800000,19413.2,19441.9,19393.3,19439.9,628.67
1666577700000,19439.8,19446.5,19415.7,19444.9,916.57
1666578600000,19444.9,19467.7,19439.3,19440.7,707.38
1666579500000,19441.2,19459.1,19412.6,19412.7,640.77
1666580400000,19412.7,19434.2,19351,19352.7,1957.58
1666581300000,19352.7,19381.2,19343.2,19376.1,1180.47
1666582200000,19376.1,19393.7,19370.3,19383.3,426.42
1666583100000,19383.3,19397.3,19382.8,19392.5,428.36
1666584000000,19392.5,19392.5,19278,19300.4,2616.25
1666584900000,19300.3,19322,19280,19313,1336.47
1666585800000,19313,19340.4,19297.9,19304.6,697.24
1666586700000,19304.6,19337.8,19304.6,19337.8,724.28
1666587600000,19337.7,19337.7,19300,19310.5,548.3
1666588500000,19310.6,19337.8,19310.6,19335.9,539.56
1666589400000,19335.7,19337.6,19292.5,19327.2,550.27
1666590300000,19326.2,19352,19317.9,19336.5,634.89
1666591200000,19336.8,19351.2,19322.2,19323.7,292.91
1666592100000,19323.7,19365.5,19323.5,19364.5,557.21
1666593000000,19364.4,19364.5,19333.2,19348.1,352.43
1666593900000,19347.7,19347.9,19288,19297.1,1049.96
1666594800000,19297.1,19344.6,19244.3,19316.2,1945.94
1666595700000,19316.2,19322.9,19262.6,19296.5,1546.65
1666596600000,19296.5,19307,19271.5,19301.6,723.36
1666597500000,19301.5,19328.3,19281.5,19327.9,664.2
1666598400000,19327.8,19338.8,19309.5,19332.3,610.73
1666599300000,19332.4,19335,19294.4,19315.6,688.18
1666600200000,19315.5,19330,19310.1,19329.9,340.08
1666601100000,19329.9,19343.8,19329.9,19341,390.76
1666602000000,19341,19341,19319,19320.1,296.89
1666602900000,19320.1,19339.6,19314.6,19336.7,306.12
1666603800000,19338.2,19375.4,19324.7,19357.1,1129.95
1666604700000,19357.1,19406.4,19355,19383.1,1515.61
1666605600000,19383.1,19402.5,19368.9,19386.4,773.98
1666606500000,19386.5,19435,19386.5,19431.4,1234.87
1666607400000,19431.4,19443.6,19380.1,19383.3,1270.61
1666608300000,19383.2,19406,19368.8,19403.8,880.1
1666609200000,19403.8,19408.5,19378.9,19383.2,560.77
1666610100000,19383.2,19390.8,19363.2,19387.1,625.67
1666611000000,19387.1,19425,19380.3,19425,869.97
1666611900000,19423.9,19444,19411.4,19421.1,925.72
1666612800000,19421.2,19449.7,19392,19434.6,1384.75
1666613700000,19434.6,19436,19365.2,19374.7,1156.46
1666614600000,19374.7,19376.7,19321.1,19346.8,2079.09
1666615500000,19347.1,19382.2,19343,19375,795.95
1666616400000,19375,19377,19330,19340.2,745.22
1666617300000,19340.1,19357,19336,19343.7,475.93
1666618200000,19343.8,19399,19300,19325.1,3027.71
1666619100000,19325.1,19390,19316.2,19350.4,2932.95
1666620000000,19352.2,19353.3,19289.3,19320,2083.41
1666620900000,19320.1,19320.6,19150.3,19231,7445.34
1666621800000,19230.9,19268,19196,19244.1,2808.09
1666622700000,19244,19283.3,19224.4,19274.3,2040.36
1666623600000,19274.4,19284,19238.8,19278.5,1445.54
1666624500000,19278.5,19288.6,19248.5,19265.4,1158.88
1666625400000,19265.5,19290,19256,19270.3,808.95
1666626300000,19270.3,19312,19255.5,19302.4,901.42
1666627200000,19302.5,19317.6,19265,19296.8,846.65
1666628100000,19296.8,19310.1,19281.6,19287.9,532.39
1666629000000,19287.9,19293.1,19250.8,19276.5,716.51
1666629900000,19276.4,19288.4,19269.7,19272.1,399.56
1666630800000,19272.1,19275.5,19252.7,19261.7,358.13
1666631700000,19261.7,19261.7,19222.4,19235.5,735.97
1666632600000,19235.6,19296.3,19235.5,19291.2,431.3
1666633500000,19291.2,19298,19280.1,19285.7,227.31
1666634400000,19285.8,19305,19283,19304.4,276.37
1666635300000,19304.5,19342.7,19304.3,19322.1,712.54
1666636200000,19323.2,19345,19303.6,19331.7,288.99
1666637100000,19331.7,19345.4,19327.6,19332.1,514.54
1666638000000,19332.1,19397.8,19329.8,19385.4,1126.26
1666638900000,19385.5,19424.2,19371,19372.6,1023.44
1666639800000,19372.5,19375.1,19352.8,19369,577.74
1666640700000,19369,19374.4,19333.4,19344,620.54
1666641600000,19343.9,19344,19321.4,19338.9,286.93
1666642500000,19337.9,19346.4,19333.5,19338.4,244.91
1666643400000,19338.5,19351.7,19303.7,19348.1,327.32
1666644300000,19350.9,19376.5,19343,19376.4,481.32
1666645200000,19376.5,19412.7,19360,19360,865.96
1666646100000,19360,19360,19334.5,19343.6,275.07
1666647000000,19343.4,19361.9,19336.1,19360.4,239.16
1666647900000,19360.3,19370.4,19355,19362,222.28
1666648800000,19363.8,19370.7,19305.1,19329.6,486.48
1666649700000,19329.6,19333,19319.8,19324,150.2
1666650600000,19324,19357.6,19324,19353,358.5
1666651500000,19352.9,19364.2,19351.4,19358.4,208.2
1666652400000,19358.4,19363.1,19335.2,19335.4,291.39
1666653300000,19335.5,19342.4,19324.8,19340.6,258.72
1666654200000,19342.3,19356,19336.5,19337.6,322.96
1666655100000,19337.4,19337.4,19318.3,19328.5,219.75
1666656000000,19328.4,19335.5,19273,19316.5,952.1
1666656900000,19315.5,19321.2,19289.2,19317.8,463.98
1666657800000,19316.1,19335,19313.8,19328,338.33
1666658700000,19328,19330,19298.6,19309.9,274.81
1666659600000,19309.9,19317.7,19275,19293.6,608.36
1666660500000,19294.7,19294.7,19250,19268,786.37
1666661400000,19267.9,19292.7,19255,19292.7,537.34
1666662300000,19292.7,19306.2,19291.1,19298.6,400.94
1666663200000,19298.6,19305,19281,19281,314.79
1666664100000,19281.1,19294.6,19281,19293.5,165.96
1666665000000,19293.6,19302.4,19289.9,19300.5,142.67
1666665900000,19300.5,19317.9,19300.5,19314.7,271.02
1666666800000,19314.8,19329.4,19310.6,19327.4,349.18
1666667700000,19327.4,19363.1,19327,19358.7,1068.51
1666668600000,19358.6,19362.4,19340.7,19346.1,627.78
1666669500000,19346.1,19360,19338.6,19343.5,331.95
1666670400000,19343.5,19376.9,19343.4,19347.4,510.68
1666671300000,19347.5,19347.5,19333,19333,348.37
1666672200000,19333.1,19339.2,19333.1,19339.2,194.3
1666673100000,19339.2,19342.5,19339.1,19342.4,135.82
1666674000000,19342.4,19346.1,19312,19321.4,486.6
1666674900000,19321.3,19321.3,19298,19312.2,669.65
1666675800000,19312.2,19331.1,19311.2,19324.9,238.45
1666676700000,19325,19340.9,19324.9,19340.9,273.21
1666677600000,19340.8,19347.9,19336.3,19336.4,295.26
1666678500000,19336.3,19355,19336.3,19354.9,280.84
1666679400000,19354.9,19365.3,19342,19353.3,528.28
1666680300000,19353.4,19355.8,19324.4,19330,309.1
1666681200000,19330.1,19339.7,19287.3,19301.1,740.89
1666682100000,19301.1,19309.1,19276,19288.1,855.29
1666683000000,19286.7,19308.1,19286.5,19307,375.35
1666683900000,19307,19319,19303.3,19307.6,301.33
1666684800000,19307.7,19321.9,19306.7,19317.9,262.41
1666685700000,19317.8,19319.8,19269.4,19290,513.4
1666686600000,19290.1,19320.1,19290,19310,552.47
1666687500000,19310,19310.9,19290.1,19295.6,291.74
1666688400000,19295.6,19295.7,19270,19273.9,934.26
1666689300000,19274,19294.8,19265,19278,697.53
1666690200000,19278.1,19280.4,19256.7,19271.9,526.34
1666691100000,19271.8,19290.4,19265.4,19265.4,277.82
1666692000000,19265.5,19279.9,19234.1,19261.3,1376.43
1666692900000,19261.3,19280.2,19250,19280.1,458.9
1666693800000,19280.1,19288,19277.9,19284.5,351.77
1666694700000,19284.5,19297.5,19281.5,19296.3,402.56
1666695600000,19296.4,19296.5,19278.6,19286.5,229.08
1666696500000,19286.6,19308.8,19278.4,19307.4,370.25
1666697400000,19307.5,19328.5,19299.6,19309.6,907.89
1666698300000,19309.7,19317.6,19294.5,19299.7,310.04
1666699200000,19299.7,19309.7,19270.4,19286.9,595.03
1666700100000,19287,19291,19280,19284.5,279.26
1666701000000,19285.3,19290.5,19260.1,19280,524.97
1666701900000,19280,19342,19279.9,19326.2,1678.8
1666702800000,19326.2,19389,19326.2,19385.4,1857.37
1666703700000,19385.5,19417.8,19364.8,19375,3214.99
1666704600000,19376,19450,19375,19412.8,3158.81
1666705500000,19412.7,19521,19412.7,19479.6,5798.58
1666706400000,19479.8,19519.8,19443.9,19471.9,3257.59
1666707300000,19471.9,19509.1,19465.4,19503.5,1483.51
1666708200000,19503.4,19540,19455,19473.1,2133.13
1666709100000,19473.4,19509.6,19473.4,19487.4,936.48
1666710000000,19487.4,19628,19483.8,19574,4287.36
1666710900000,19574,19676,19574,19619.1,4338.71
1666711800000,19619.2,19684.9,19613.5,19662.2,2270.51
1666712700000,19662.3,19812,19640.1,19749.9,7770.36
1666713600000,19749.9,19841,19720,19758.6,3702.76
1666714500000,19758.6,19805.1,19758.5,19786.2,1893.83
1666715400000,19786.4,19821.6,19778.1,19797.2,1610.27
1666716300000,19797.3,19819.7,19725.9,19812.8,3264.77
1666717200000,19814.2,20199.7,19814.1,20099.8,22287.3
1666718100000,20099.8,20110.5,19930,20000.6,5641.16
1666719000000,20000.7,20053.5,19976.1,20004,2829.94
1666719900000,20003.9,20157.7,19986.2,20120.3,3028.57
1666720800000,20120.4,20155.1,20082.8,20125.6,1994.58
1666721700000,20125.6,20359.9,20120,20334.1,6325.03
1666722600000,20334,20416.9,20211.8,20244.1,6590.31
1666723500000,20244.9,20339,20244.9,20272.1,2149.98
1666724400000,20272,20364.3,20272,20346.5,1549.82
1666725300000,20346.6,20390.7,20316,20342.1,1696.64
1666726200000,20342.5,20415.8,20231.4,20235.8,2866.9
1666727100000,20235.8,20276,20209,20276,1272.52
1666728000000,20276.1,20297,20041.2,20059,4787.71
1666728900000,20060,20093.7,20031,20072.6,2346.46
1666729800000,20071.6,20173.8,20010,20158.5,2337.98
1666730700000,20157.5,20195.1,20135.9,20189.3,1278.04
1666731600000,20189.2,20202,20139.4,20161,789.87
1666732500000,20161.1,20161.1,20101.1,20129.5,833.66
1666733400000,20129.6,20157.6,20106,20133.3,404.57
1666734300000,20133.3,20270.8,20133.2,20230,1042.88
1666735200000,20230,20233.5,20080,20085.7,743.33
1666736100000,20085.7,20124.4,20060.7,20070,701.7
1666737000000,20070,20084.3,19982,20051.9,1460.96
1666737900000,20051.8,20075,20034,20061.4,454.8
1666738800000,20061.4,20103.6,20040,20066.8,476.54
1666739700000,20066.8,20129.4,20051.5,20090.7,1034.27
1666740600000,20090.7,20102.7,20059.9,20062.5,565.46
1666741500000,20064.3,20116.6,20064.3,20077.6,548.33
1666742400000,20077.6,20146.4,20050.1,20070,884.78
1666743300000,20070,20149.8,20070,20116.1,967.17
1666744200000,20116,20134.6,20086.8,20124.7,498.36
1666745100000,20124.8,20172.4,20087.8,20164.4,1025.23
1666746000000,20164.3,20191,20123.1,20132.5,758.44
1666746900000,20132.5,20163.2,20086.2,20116.6,821.77
1666747800000,20116.5,20252.4,20115.2,20237.4,2332.06
1666748700000,20237.4,20291.2,20216.5,20232.5,1863.96
1666749600000,20232.4,20250,20172.4,20222.6,1155.72
1666750500000,20222.6,20249,20190,20200.1,759.1
1666751400000,20200.1,20224.3,20177,20221.6,647.48
1666752300000,20220.2,20237.5,20179,20208.6,739.35
1666753200000,20208.6,20210.3,20181.7,20192.1,389.28
1666754100000,20192.9,20307,20186.9,20282.2,1163.98
1666755000000,20282.2,20304.8,20243.1,20254.7,1125.79
1666755900000,20254.7,20276.5,20246.4,20248.9,368.87
1666756800000,20248.9,20261.3,20228.3,20228.4,331.86
1666757700000,20228.3,20242.2,20211.6,20235.5,548.76
1666758600000,20235.6,20273.4,20235.6,20255.2,397.25
1666759500000,20255.2,20273.3,20182.2,20203.8,1040.18
1666760400000,20204.2,20229.2,20131.7,20147.6,1386.99
1666761300000,20147.5,20169,20145.6,20164.9,658.54
1666762200000,20165,20195.8,20160,20192.1,513.9
1666763100000,20192,20202.9,20174,20192,513.79
1666764000000,20192,20248.5,20177.6,20230.8,1192.39
1666764900000,20230.8,20245,20170.2,20174.7,832.76
1666765800000,20174.7,20241.6,20171.5,20231.8,990.92
1666766700000,20231.8,20238.5,20210,20217.5,505.99
1666767600000,20217.6,20278,20204.1,20220,1165.98
1666768500000,20220,20344.8,20212.6,20340.2,2197.09
1666769400000,20341.9,20345.5,20281,20316.6,1729.66
1666770300000,20316.5,20379.6,20308,20343.9,1620.37
1666771200000,20343.9,20400,20291,20304.6,2629.39
1666772100000,20304.5,20346.8,20285,20316.3,1308.55
1666773000000,20316.3,20800,20307.6,20671.1,15549.07
1666773900000,20670,20772.3,20641.3,20671.7,4299.43
1666774800000,20671.8,20718.2,20552.2,20595.9,3833
1666775700000,20595.9,20646.9,20576.3,20605.8,1811.82
1666776600000,20605.8,20678.2,20605.8,20652,1325.89
1666777500000,20651.9,20664.1,20593,20595,827.52
1666778400000,20595,20633,20538.1,20563.7,1355.55
1666779300000,20563,20645.8,20563,20636.3,745.65
1666780200000,20636.3,20681.6,20623.2,20669.4,1043.99
1666781100000,20669.4,20680,20647,20668.4,1098.31
1666782000000,20668.5,20754.8,20647.9,20665.8,2109.94
1666782900000,20665.8,20671.8,20632.4,20655.5,1514.55
1666783800000,20657,20660,20621.9,20628.1,819.38
1666784700000,20628.4,20629.9,20568.6,20607.6,1356.33
1666785600000,20607.6,20610,20540,20598.4,1570.58
1666786500000,20598.4,20622.6,20435.2,20534.5,3613.28
1666787400000,20534.4,20562.1,20514.1,20552.4,1319.67
1666788300000,20552.5,20561.8,20527.1,20554.3,562.86
1666789200000,20554.3,20572.9,20484,20556,1521.07
1666790100000,20556,20565,20403.5,20455.7,1979.67
1666791000000,20455.6,20557.5,20339.6,20475.1,5704.34
1666791900000,20475,20615.9,20469.9,20553.6,3321.8
1666792800000,20551.7,20791.9,20551.7,20760,7467.26
1666793700000,20760,20972.3,20752.4,20824.2,12134.58
1666794600000,20824.2,21023.8,20751.7,20944.6,6702.18
1666795500000,20944.6,21009.5,20804,20832.1,3899.67
1666796400000,20832.2,20911.8,20832.2,20886.2,2333.41
1666797300000,20887.4,20899.3,20840,20876.6,1229.42
1666798200000,20876.5,20938.6,20865.1,20929,1568.27
1666799100000,20928.9,20929,20791.1,20846.3,2529.81
1666800000000,20846.3,20996,20846.3,20916.2,3247.28
1666800900000,20917.4,20920.4,20810,20827.6,2324.91
1666801800000,20827.7,20873.4,20777,20788,1527.47
1666802700000,20788.1,20836.6,20710.6,20759.3,4018.15
1666803600000,20761.5,20796.1,20683.2,20789.4,2218.77
1666804500000,20789.5,20797.9,20683,20718.6,1491.58
1666805400000,20718.7,20758.5,20666.6,20748.7,1371.71
1666806300000,20748.7,20830,20722.3,20820.5,1565.69
1666807200000,20820.6,20866.2,20801.1,20814.5,1187.24
1666808100000,20814.6,20814.6,20757,20761.4,877.02
1666809000000,20761.5,20811.8,20713.6,20713.6,1022.26
1666809900000,20713.5,20751.8,20658,20695.9,1734.06
1666810800000,20694.7,20702.1,20641.1,20694.5,1506.77
1666811700000,20696.7,20739.9,20696.7,20736,957.48
1666812600000,20736,20784.8,20720.6,20767.9,546.67
1666813500000,20769.2,20788.3,20735.5,20764.9,502.55
1666814400000,20765,20852.2,20714.3,20770,5726.13
1666815300000,20770.1,20776.8,20691.8,20710.5,728.97
1666816200000,20710.5,20741.5,20693.4,20741.5,441.88
1666817100000,20742.4,20777.2,20734,20744.9,508.74
1666818000000,20744.9,20745,20694,20722.3,448.67
1666818900000,20722.3,20756.5,20719.3,20740,202.14
1666819800000,20740,20755.1,20715.3,20749.2,235.68
1666820700000,20749.2,20757,20740,20740.1,106.06
1666821600000,20740,20829.3,20694.8,20785.1,1155.49
1666822500000,20785.1,20870.5,20750,20856.4,2027.63
1666823400000,20857.4,20900,20788.5,20788.5,962.94
1666824300000,20788.1,20818.6,20761.5,20814.5,535.7
1666825200000,20814.4,20906.7,20797.1,20846.4,1411.16
1666826100000,20846.3,20846.3,20808.6,20824.8,457.84
1666827000000,20824.8,20824.8,20778.2,20785,487.36
1666827900000,20785,20793.5,20732.4,20763.5,870.17
1666828800000,20765.2,20802.7,20742.6,20801.2,590.72
1666829700000,20801.1,20846.2,20749,20759.6,1076.64
1666830600000,20759.7,20759.7,20720,20740.5,828.49
1666831500000,20740.5,20754,20730.1,20749,511.56
1666832400000,20749,20781,20748.9,20772,703.04
1666833300000,20772,20801.6,20715.5,20720.1,1166.48
1666834200000,20720.1,20755,20701,20735.2,846.26
1666835100000,20735.3,20745,20718,20725.5,454.6
1666836000000,20725.4,20771,20715.9,20769.4,546.55
1666836900000,20769.5,20795.7,20756,20767.5,1187.17
1666837800000,20767.6,20790.5,20758.7,20773.5,574.34
1666838700000,20773.6,20791.6,20679.4,20679.4,1163.76
1666839600000,20679.4,20755.8,20579,20711.1,3750.46
1666840500000,20711.2,20720.9,20667.4,20677.8,804.73
1666841400000,20677.9,20725,20665.5,20720.6,714.92
1666842300000,20720.5,20776,20715.5,20753.1,969.76
1666843200000,20752.9,20763.1,20746.8,20746.8,388.65
1666844100000,20747.3,20798.4,20735.9,20790.2,786.06
1666845000000,20790.1,20812.9,20770,20782.5,503.99
1666845900000,20782.6,20868,20782.6,20801,1250.71
1666846800000,20801,20827.8,20786.8,20827.7,791.16
1666847700000,20827.7,20848.7,20811.1,20820.7,478.72
1666848600000,20820.7,20872.5,20803,20861,948.58
1666849500000,20861,20865.2,20796.7,20799.1,757.13
1666850400000,20799.2,20833.1,20787,20799.1,546.04
1666851300000,20799.1,20828.9,20782.4,20804,505.46
1666852200000,20805.6,20805.7,20726.8,20730.8,1136.04
1666853100000,20730.7,20750.5,20703.2,20716.6,1303.22
1666854000000,20716.6,20749.5,20686,20743.2,794.42
1666854900000,20743.2,20767.6,20713.4,20717.4,605.77
1666855800000,20717.4,20733.9,20683.1,20691.6,870.5
1666856700000,20691.6,20738.2,20691.5,20710.4,602.86
1666857600000,20710.3,20738,20691,20738,740.42
1666858500000,20737.9,20740.3,20703.6,20728.4,789.87
1666859400000,20728.4,20738.7,20682.9,20696.8,621.25
1666860300000,20696.7,20750,20684,20710.5,840.79
1666861200000,20710.5,20710.5,20622.5,20650.2,1676.74
1666862100000,20650.1,20660,20608,20644.7,903.13
1666863000000,20644.7,20650,20522.6,20609.7,2291.15
1666863900000,20609.7,20644.4,20584.8,20612.3,844.13
1666864800000,20612.2,20612.7,20559.3,20588.9,1155.77
1666865700000,20588.9,20622.9,20574,20600,730.63
1666866600000,20600.4,20607.5,20458.6,20501,3762.84
1666867500000,20500.9,20557.3,20480.3,20550.8,1108.39
1666868400000,20550.8,20605.8,20533.7,20604,1373.46
1666869300000,20603.9,20629.7,20586.8,20608.5,1046.72
1666870200000,20608.6,20628.6,20559.5,20559.6,725.48
1666871100000,20559.6,20625.6,20541,20622,764.16
1666872000000,20622,20622,20573.1,20587.5,541.84
1666872900000,20585.5,20630,20564.4,20589.1,1326.99
1666873800000,20589.1,20777.2,20500,20649.7,11208.05
1666874700000,20649.8,20736.5,20638.3,20720.9,3027.31
1666875600000,20721,20737.9,20673.2,20701.5,1457.69
1666876500000,20701.4,20740.8,20679.7,20691.4,1702.66
1666877400000,20688.7,20729.9,20604.1,20636.4,2071.41
1666878300000,20636.4,20643.1,20427,20523,4680.08
1666879200000,20522.9,20732,20497.4,20685.6,3666.77
1666880100000,20687.9,20724.3,20641.6,20677.7,1615.08
1666881000000,20678.2,20698,20541.8,20564.2,1852.54
1666881900000,20565,20643.3,20551.6,20569.3,1374.96
1666882800000,20569.4,20633.3,20564.3,20609.4,841.36
1666883700000,20609.3,20635,20576.5,20620,1074.79
1666884600000,20620,20664.5,20566.6,20567.6,891.11
1666885500000,20567.6,20593.9,20540.6,20562.5,800.68
1666886400000,20562.5,20594.5,20560.2,20588,725.86
1666887300000,20588,20599.8,20500,20502.7,972.32
1666888200000,20502.6,20567,20502.5,20555.3,877.18
1666889100000,20553.7,20586,20538,20574.9,539.95
1666890000000,20574.9,20610,20551.3,20609.1,669.18
1666890900000,20609.1,20636.4,20591.7,20601.9,1113.63
1666891800000,20602,20645.6,20584,20620.1,829.6
1666892700000,20620.1,20626.8,20582.8,20582.8,296.19
1666893600000,20582.8,20597.4,20550.7,20577,279.99
1666894500000,20577,20588.4,20554.1,20579.2,239.26
1666895400000,20577.5,20590,20568,20577.5,366.75
1666896300000,20577.5,20589.5,20571,20581.6,145.07
1666897200000,20583.5,20653,20582.2,20645.3,533.59
1666898100000,20645.4,20677,20638.6,20652.5,606.08
1666899000000,20652.4,20680,20631.6,20639.2,586.45
1666899900000,20640,20650.1,20613.5,20630.3,363.51
1666900800000,20631.5,20636.3,20449.1,20498.7,3728.6
1666901700000,20497,20506.6,20241.5,20303.3,6530.42
1666902600000,20300.5,20474.8,20267.5,20389.9,4385.7
1666903500000,20390,20437.5,20389,20392.7,909.21
1666904400000,20395,20406.4,20344.1,20352.2,875.76
1666905300000,20352.2,20383.6,20321.7,20352.9,652.93
1666906200000,20352.9,20387.7,20347.1,20354.4,317.4
1666907100000,20354.3,20411.9,20349.9,20408.1,435.2
1666908000000,20408,20423.3,20382.8,20389.4,733.06
1666908900000,20389.4,20400.4,20350,20363.3,475.94
1666909800000,20364.4,20367.3,20192.9,20284.7,2782.89
1666910700000,20284.6,20310.3,20255.6,20269.8,832.02
1666911600000,20269.8,20297.6,20208.2,20245.1,1563.14
1666912500000,20245,20291.7,20229.6,20281.5,615.42
1666913400000,20284.1,20297.7,20250,20297.5,687.41
1666914300000,20297.6,20301.3,20270.8,20292.6,562.33
1666915200000,20293.5,20313.4,20236,20248,1006.84
1666916100000,20247.9,20298.9,20158.6,20275.4,2601.33
1666917000000,20275.4,20330,20275.3,20316.6,1034.04
1666917900000,20316.5,20335.7,20276.4,20285.9,1048.81
1666918800000,20286,20289.6,20234,20279.1,1211.93
1666919700000,20279,20280,20228.4,20258.8,892.58
1666920600000,20258.9,20298.6,20243.9,20285.1,619.24
1666921500000,20285.2,20326.2,20281.7,20324.5,648.06
1666922400000,20324.6,20324.6,20209,20250.4,1805.34
1666923300000,20250.5,20283.3,20242.8,20280.9,606.35
1666924200000,20280.9,20280.9,20243,20259.1,536.27
1666925100000,20259.1,20269.6,20188,20224.8,1947.41
1666926000000,20224.8,20262.3,20210.7,20256.9,652.26
1666926900000,20257,20275.5,20233.8,20271,599.33
1666927800000,20271.1,20288.1,20259.3,20269.3,400.68
1666928700000,20269.3,20295.1,20260,20293.9,620.09
1666929600000,20293.9,20300,20283.2,20299,460.59
1666930500000,20299,20307.4,20277.7,20287.5,821.62
1666931400000,20287.5,20293.9,20279.6,20286.9,176.48
1666932300000,20285.3,20290.5,20246.9,20253,969.34
1666933200000,20253,20260,20223.2,20235.1,677.5
1666934100000,20235,20269.2,20222.3,20256.2,461.54
1666935000000,20256.2,20277.1,20235.7,20240.2,485.21
1666935900000,20240.1,20296.5,20239.1,20293.4,940.27
1666936800000,20293.4,20310,20262,20269.5,639.31
1666937700000,20269.6,20282.7,20261.7,20282.2,273.73
1666938600000,20282.3,20288,20271,20286,198.64
1666939500000,20286,20295.7,20254.5,20256.1,443.72
1666940400000,20256.2,20268.9,20239.3,20245.4,417.83
1666941300000,20245,20256.3,20190.6,20199.2,1561.43
1666942200000,20199.2,20207.5,20105.6,20152.5,4042.6
1666943100000,20152.6,20152.6,20061.1,20082.9,4218.45
1666944000000,20082.9,20140,20058.4,20130,1677.12
1666944900000,20130,20130,20020,20107.9,2023.32
1666945800000,20108,20194.5,20095.5,20182.9,2237.97
1666946700000,20182.9,20208.7,20174.2,20180.1,1331.22
1666947600000,20180,20190,20153.8,20160.6,636.08
1666948500000,20160.5,20233.7,20156.3,20215.1,1077.4
1666949400000,20215.1,20227.4,20188.2,20195,518.06
1666950300000,20194.9,20203,20178.9,20203,366.69
1666951200000,20203.6,20206,20158.8,20183.9,435.38
1666952100000,20184.1,20245.6,20165.1,20220,972.34
1666953000000,20220,20239.4,20179.1,20180.1,638.74
1666953900000,20180,20193.9,20130.9,20176,996.73
1666954800000,20176,20180,20116,20144.1,1089.35
1666955700000,20144.1,20202.5,20131,20195,679.92
1666956600000,20195,20209.5,20174.4,20182.6,435.56
1666957500000,20182.5,20199.5,20164.4,20176.4,410.32
1666958400000,20176.5,20183.1,20136.9,20157.3,725.87
1666959300000,20156.6,20185.7,20123.4,20125.7,1007.31
1666960200000,20125.7,20500,19930.2,20209.9,15418.35
1666961100000,20209.9,20218.3,20165.8,20210.8,1203.98
1666962000000,20210.8,20286,20188.3,20274.2,2160.92
1666962900000,20274,20390,20260.2,20343.5,3264.86
1666963800000,20343.6,20588,20338.4,20547.6,6348.37
1666964700000,20547.6,20559.5,20463.1,20469.2,3035.37
1666965600000,20469.2,20530.6,20328,20390.5,4992.56
1666966500000,20390.5,20518.8,20386.3,20489.1,3428.91
1666967400000,20489.1,20552,20467,20523.9,1990.08
1666968300000,20523.9,20559.2,20486.6,20496.5,1455.78
1666969200000,20494.4,20537.2,20443,20488.6,1711.86
1666970100000,20488.7,20497.6,20439.8,20443.1,847.88
1666971000000,20443.2,20495.5,20411.4,20492.9,990.36
1666971900000,20493.2,20494.5,20457,20480,604.32
1666972800000,20480,20533,20446.4,20504.5,1712.2
1666973700000,20506.3,20715.6,20502.3,20642.7,5735.94
1666974600000,20642.8,20726.5,20642.8,20694.9,2906.21
1666975500000,20694.9,20749,20651.6,20700.9,2494.38
1666976400000,20701,20731.2,20674.9,20710.6,1447.85
1666977300000,20710.6,20724.7,20673.1,20683.6,1114.5
1666978200000,20683.7,20700,20652.8,20679.8,890.93
1666979100000,20679.9,20699.9,20630,20632,730.4
1666980000000,20632.1,20656.5,20596,20635.1,955.75
1666980900000,20635,20664.7,20629.1,20652.6,806.08
1666981800000,20652,20657.5,20632.5,20635,323.33
1666982700000,20636.7,20650.2,20583.5,20632,783.7
1666983600000,20631.9,20635.3,20562,20573.8,562.12
1666984500000,20574.8,20585.2,20542,20570,517.68
1666985400000,20570,20599.7,20560.6,20584.1,350.44
1666986300000,20585.3,20620,20576.3,20605.5,540.67
1666987200000,20607.7,20653.1,20605.9,20634.9,714.35
1666988100000,20634.9,20679.4,20631.5,20678.7,529.94
1666989000000,20678.6,20737.7,20654.3,20719.8,1196.29
1666989900000,20719.8,20722.1,20623.1,20628.3,644.86
1666990800000,20628.3,20661.5,20625.3,20660.1,457.1
1666991700000,20660,20660.2,20625.5,20625.6,281.22
1666992600000,20625.6,20630.6,20586.3,20592.3,401.57
1666993500000,20592.1,20606.9,20565.9,20593.6,246.43
1666994400000,20593.6,20629.6,20581,20618.6,499.81
1666995300000,20618.5,20619.1,20596.8,20604.4,258.69
1666996200000,20604.4,20634.8,20582.6,20622,285.22
1666997100000,20623.1,20634.7,20608.5,20630.8,262.63
1666998000000,20630.9,20635,20600.2,20608.1,319.93
1666998900000,20608.1,20616,20604,20616,120.93
1666999800000,20616,20616.1,20577.4,20581.4,420.91
1667000700000,20581.4,20608,20579.9,20594.2,191.3
1667001600000,20594.3,20601.1,20558.6,20601.1,687.74
1667002500000,20601.1,20601.1,20571,20590,268.11
1667003400000,20589.9,20598.4,20558,20569.6,308.54
1667004300000,20569.7,20629.2,20569.7,20624.7,554.13
1667005200000,20624.8,20637.5,20609.6,20619.1,413.98
1667006100000,20619,20641.7,20618.9,20626.5,315.91
1667007000000,20626.5,20626.9,20607.7,20624,258.26
1667007900000,20624,20629,20618.5,20628.9,254.62
1667008800000,20628.9,20651.9,20628.9,20643,407.65
1667009700000,20642.9,20719.9,20638,20705.5,1549.98
1667010600000,20705.4,20775.5,20674.4,20733.6,1744.09
1667011500000,20733.7,20782.7,20731.5,20734.8,1554.06
1667012400000,20732.8,20737.9,20691.5,20733.7,951.66
1667013300000,20733.6,20826.6,20726.6,20757.4,3081.71
1667014200000,20756.6,20766.4,20736.5,20738,567.7
1667015100000,20738,20759.8,20733.6,20754.6,524.98
1667016000000,20754.5,20770,20706,20710,927.56
1667016900000,20710,20717.4,20666,20677.8,1066.24
1667017800000,20677.8,20685.8,20661.1,20664.1,594.22
1667018700000,20664.1,20685,20664,20679.3,390.97
1667019600000,20679.4,20687.3,20668.9,20677.8,232.36
1667020500000,20677.8,20751.4,20652,20721.8,1871.62
1667021400000,20721.8,20721.9,20678.7,20682.9,962.03
1667022300000,20682.8,20692.1,20618,20659.6,1512.8
1667023200000,20659.5,20684.6,20650.1,20673.6,306.99
1667024100000,20673.5,20688.3,20663.6,20685,243.45
1667025000000,20685,20715.9,20684.9,20688,531.41
1667025900000,20688.1,20699.7,20684.4,20684.4,194.86
1667026800000,20684.4,20697.9,20666.8,20695.7,303.86
1667027700000,20695.8,20741,20695.7,20740.9,790.01
1667028600000,20741,20764.7,20711.3,20724.7,1052.8
1667029500000,20724.8,20784.8,20716,20775.3,955.91
1667030400000,20775.4,20812.6,20725,20793,1558.03
1667031300000,20793.1,20959.9,20785.6,20928,5905.79
1667032200000,20928,20993.6,20868.3,20887.6,3571.43
1667033100000,20887.6,20936.2,20854.1,20925,1922.77
1667034000000,20925,20946.3,20893.9,20907.2,1525.71
1667034900000,20907.1,20936,20877.1,20899.3,1240.69
1667035800000,20899.2,20932.1,20899.2,20914.8,576.97
1667036700000,20917,20971.9,20894.2,20957.1,1293.37
1667037600000,20957.1,20957.1,20911,20941,677.79
1667038500000,20941.1,21096.5,20841,20857.1,6511.03
1667039400000,20857.1,20887.8,20809.5,20856.6,2427.89
1667040300000,20856.7,20874,20725.4,20779.6,3312.78
1667041200000,20779.7,20809,20731.6,20777.2,1561.21
1667042100000,20777.2,20777.2,20727.1,20750.8,1151.64
1667043000000,20750.4,20750.5,20655.5,20690,2994.57
1667043900000,20690.8,20719.6,20684,20699.8,878.23
1667044800000,20699.9,20774.3,20681.8,20754.7,1864.26
1667045700000,20755,20774.2,20723.6,20739.9,849.25
1667046600000,20742.1,20756.9,20717.5,20746.5,517.7
1667047500000,20746.5,20779.3,20720,20771.1,1133.14
1667048400000,20771,20785.7,20730.1,20737,782.97
1667049300000,20737,20758.6,20685,20744,1389.74
1667050200000,20744,20760.8,20688.7,20710.8,645.02
1667051100000,20709.3,20781.6,20692.9,20781.6,834.56
1667052000000,20781.5,20877,20756.9,20847.8,3040.05
1667052900000,20847.7,20944.7,20812.1,20830.4,3133.21
1667053800000,20830,20841.1,20780.3,20819.4,1036.75
1667054700000,20819.5,20827.6,20779.1,20810.3,657.64
1667055600000,20810.2,20868.6,20795.3,20848.4,776.23
1667056500000,20848.4,20922,20823.7,20909.5,1599.24
1667057400000,20909.4,20950.1,20828.1,20882.8,2842.01
1667058300000,20882.8,20928.5,20853.2,20921.6,1231.3
1667059200000,20921.6,20966,20854.4,20926.1,2197.88
1667060100000,20926.2,20939.1,20865.2,20869.2,875.07
1667061000000,20869.2,20903,20849.9,20902.9,807.52
1667061900000,20902.9,20937.8,20857.1,20862.3,1091.55
1667062800000,20862.4,20891.4,20837.2,20877.5,518.19
1667063700000,20878.8,20894.5,20844.1,20862,469.47
1667064600000,20862.1,20920.6,20851,20912.4,711.65
1667065500000,20912.4,20983.2,20777.7,20808.2,4128.39
1667066400000,20808.2,20855,20761.1,20841.8,1444.79
1667067300000,20841.7,20873.1,20790.9,20827.7,889.23
1667068200000,20827.7,20864.9,20783.4,20847.5,873.28
1667069100000,20847,20858.3,20819.5,20850.4,470.85
1667070000000,20850.4,20858,20815.8,20826.9,197.57
1667070900000,20826.9,20852.6,20813.7,20847.6,276.22
1667071800000,20846.6,20847,20792,20808.7,531.83
1667072700000,20807.9,20842.1,20791.5,20836.8,477.69
1667073600000,20836.9,20848.5,20821.8,20841.2,289.38
1667074500000,20839.7,20871.9,20823.2,20848.9,345.16
1667075400000,20849,20864.7,20829.9,20848.7,291.84
1667076300000,20848.7,20877.5,20846.4,20849.3,252.17
1667077200000,20848.9,20898.5,20848.8,20893.7,376.97
1667078100000,20893.6,20898.5,20872.7,20875.3,263.42
1667079000000,20875.2,20890.5,20867.5,20887.2,131.11
1667079900000,20886.6,20886.7,20837.9,20845.1,191.4
1667080800000,20845.1,20860.8,20751.2,20785.8,1167.28
1667081700000,20785.9,20811.5,20715,20762.5,1265.97
1667082600000,20765.1,20784.6,20756.6,20762.4,269.14
1667083500000,20762.4,20776,20697.8,20757.3,1366.45
1667084400000,20757.3,20765,20729.8,20763.3,449.6
1667085300000,20763.2,20784.1,20763.2,20768.3,496.54
1667086200000,20768.3,20806.3,20768,20797.4,411.82
1667087100000,20797.5,20812.3,20797.4,20807.1,199.47
1667088000000,20807.2,20838,20783.8,20805.1,629.18
1667088900000,20805.1,20806.3,20735.1,20742.4,763.6
1667089800000,20740.9,20741,20715.3,20730.8,537.35
1667090700000,20730.8,20738.2,20703,20710.9,477.14
1667091600000,20710.9,20743.9,20703.3,20743.3,362.64
1667092500000,20743.3,20760.7,20738.6,20749.6,442.2
1667093400000,20749.5,20767.1,20738.4,20764.4,225.39
1667094300000,20764.4,20780,20743.6,20780,244.75
1667095200000,20780,20795.8,20762.5,20762.5,656.95
1667096100000,20762.6,20769.1,20743.1,20750.2,314.03
1667097000000,20750.1,20788.5,20741.7,20785,350.41
1667097900000,20785,20794.8,20748,20755.3,503.89
1667098800000,20755.3,20790.1,20755.3,20771,522.66
1667099700000,20770.9,20805,20770.9,20805,666.63
1667100600000,20805,20805,20762.7,20768.1,358.21
1667101500000,20769.3,20786.8,20763.5,20776.4,319.83
1667102400000,20776.5,20789.4,20767.7,20767.7,154.28
1667103300000,20767.7,20773.9,20745,20773.9,296.98
1667104200000,20774.7,20783.1,20758.2,20758.2,203.41
1667105100000,20758.1,20764.7,20742.1,20744.2,330.11
1667106000000,20744.2,20774.7,20744.2,20760.1,255.52
1667106900000,20760.1,20807.3,20754.4,20777.1,497.1
1667107800000,20777.1,20795.5,20762.3,20773.4,330.95
1667108700000,20773.4,20806.4,20772.5,20805,411.91
1667109600000,20805,20877.5,20790.6,20874.4,1428.88
1667110500000,20874.5,20885,20825.6,20834.2,983.83
1667111400000,20834.2,20894,20823.3,20881.2,756.74
1667112300000,20882.4,20910,20873.2,20892.5,1097.96
1667113200000,20892.5,20932.9,20879.2,20915.5,1182.98
1667114100000,20915.4,20917.8,20861.7,20871.4,752.31
1667115000000,20871.4,20871.4,20821.9,20852.7,874.52
1667115900000,20852.6,20861.1,20840.6,20851.6,474.08
1667116800000,20851.6,20880,20837.4,20878.6,487.51
1667117700000,20878.7,20884.1,20758.7,20760,1169.59
1667118600000,20760,20783.9,20718,20774.4,1854.43
1667119500000,20774.4,20785,20762.1,20783.8,561.83
1667120400000,20783.9,20818,20757.5,20816.5,535.99
1667121300000,20816.5,20827,20781.5,20781.5,544.36
1667122200000,20781.5,20784.6,20726.5,20732.6,1124.11
1667123100000,20732.7,20743.5,20633,20694,3637.12
1667124000000,20694,20717.8,20665.5,20686.5,915.24
1667124900000,20686.5,20690.6,20649.9,20687.6,882.49
1667125800000,20687.7,20706.9,20630.5,20685.4,1215.64
1667126700000,20685.4,20704.2,20678.1,20686.6,355.03
1667127600000,20686.5,20723.4,20683.8,20709,459.76
1667128500000,20709,20712,20683.6,20685.1,355.61
1667129400000,20685.1,20762.2,20663.6,20750,1287.58
1667130300000,20749.9,20785.7,20730,20770.7,1108.12
1667131200000,20770.7,20780.1,20728.6,20732,680.98
1667132100000,20732,20741,20683.5,20711,874.48
1667133000000,20710.9,20747.2,20673.7,20722.7,971.12
1667133900000,20722.7,20741.4,20722.7,20726.7,252.11
1667134800000,20726.6,20732.9,20685,20725,583.95
1667135700000,20725.5,20729.5,20668.8,20677.1,661.13
1667136600000,20677.1,20720.1,20600,20658.3,2458.27
1667137500000,20658.3,20703.7,20624.5,20648.9,1089.27
1667138400000,20648.9,20674.7,20625.5,20647.2,450.01
1667139300000,20647,20729.8,20646,20706.1,904.09
1667140200000,20706.1,20740,20700.4,20718.9,785.42
1667141100000,20719,20739.5,20717.6,20738,506.69
1667142000000,20738,20743.9,20698.9,20699,620.82
1667142900000,20699,20720,20671.7,20701.8,716.57
1667143800000,20701.9,20713.5,20672.1,20678.5,373.34
1667144700000,20678.4,20683.1,20639.7,20676.9,837.14
1667145600000,20676.9,20691.3,20625,20676,1765.87
1667146500000,20675,20704.2,20632,20657.5,1014.77
1667147400000,20659.1,20680,20628.9,20642.1,572.46
1667148300000,20642.2,20646.1,20533,20601,2406.33
1667149200000,20600.9,20621.5,20564.4,20607.4,967.58
1667150100000,20607.4,20627.2,20578.1,20615.8,692.16
1667151000000,20615.7,20658,20610.4,20652,805.5
1667151900000,20652,20668,20639.4,20661,495.93
1667152800000,20660.4,20663.7,20644.8,20647.5,319.79
1667153700000,20647.5,20670,20647.5,20654.9,262.25
1667154600000,20654.9,20700,20653.9,20685.6,631.15
1667155500000,20685.6,20688.1,20672.5,20678.2,216.38
1667156400000,20678.5,20690.2,20669.2,20669.2,168.44
1667157300000,20669.2,20675.3,20650.1,20675.3,216.8
1667158200000,20675.3,20698.2,20671.6,20679.1,152.49
1667159100000,20677.8,20686.6,20634.8,20647.6,681.18
1667160000000,20647.6,20662.7,20647.6,20651.6,119.27
1667160900000,20651.6,20739,20651.6,20728.5,746.2
1667161800000,20728.1,20730.1,20687.5,20688.6,379.8
1667162700000,20688.5,20706,20680.3,20680.3,146.89
1667163600000,20680.3,20706.8,20680.2,20687.5,222.52
1667164500000,20687.5,20705,20687.5,20702.5,113.93
1667165400000,20702.5,20702.5,20668.3,20668.4,93.1
1667166300000,20671.2,20690.2,20668,20687.8,119.11
1667167200000,20687.7,20693.8,20586.5,20606.6,948.47
1667168100000,20606.6,20617.6,20516,20528.9,1762.6
1667169000000,20529,20575.5,20510,20561.6,919.08
1667169900000,20561.6,20586,20540.4,20585.9,366.39
1667170800000,20585.9,20597,20550.3,20567.5,431.57
1667171700000,20567.4,20611.6,20562.3,20601.7,399.46
1667172600000,20601.8,20629.5,20598.6,20615.6,364.51
1667173500000,20615.6,20638.4,20600,20625.5,313.36
1667174400000,20625.4,20671.5,20623.2,20662.7,748.93
1667175300000,20662.7,20674.3,20611,20612.5,736.87
1667176200000,20612.6,20615.1,20538,20560.3,1358.85
1667177100000,20560.3,20565.4,20539.4,20542.8,657.46
1667178000000,20542.8,20573.4,20533.9,20549.6,416.38
1667178900000,20549.5,20569.7,20533.8,20568.8,463.1
1667179800000,20569,20570,20454,20476.5,2547.46
1667180700000,20476.4,20555,20471.7,20522.5,1058.61
1667181600000,20522,20536.8,20449.1,20457.3,981.6
1667182500000,20457.3,20481.8,20427.2,20450.1,1598.58
1667183400000,20450,20486.7,20444.5,20451.3,826.04
1667184300000,20451.3,20477.7,20440.4,20467.6,550.73
1667185200000,20467.6,20498,20465,20490,456.23
1667186100000,20490.1,20506.6,20473.4,20473.5,587.71
1667187000000,20473.4,20505.7,20461,20497.2,572.09
1667187900000,20497.1,20523.2,20490,20516.7,555.25
1667188800000,20516.7,20534.7,20513.4,20533.4,341.84
1667189700000,20533.4,20542.8,20512.9,20514.9,461.61
1667190600000,20514.9,20553.7,20508.8,20549,395.61
1667191500000,20549,20575.5,20541.4,20561.1,714.18
1667192400000,20561,20589,20548.7,20578.1,718.27
1667193300000,20578.1,20585,20560.7,20582.1,425.33
1667194200000,20582.2,20583.7,20551.2,20552.6,375.91
1667195100000,20552.5,20553.6,20526.6,20543.8,532.65
1667196000000,20543.9,20563,20490.7,20502.6,870
1667196900000,20502.6,20509.3,20476.6,20481.9,563.48
1667197800000,20481.9,20501.6,20456,20495,1154.3
1667198700000,20495,20526.1,20481.9,20515.6,578.19
1667199600000,20515.5,20525,20485.2,20494.7,534.39
1667200500000,20494.7,20494.7,20462.9,20494.4,445.55
1667201400000,20494.4,20532,20491.5,20530,609.52
1667202300000,20530.9,20548.8,20506.6,20544.4,431.22
1667203200000,20544.5,20544.9,20452,20487.5,1229.67
1667204100000,20485.2,20515.1,20471.1,20493.3,648.29
1667205000000,20493.3,20493.3,20460,20471.6,535.16
1667205900000,20471.5,20497.6,20452.2,20490,362.64
1667206800000,20490,20512.9,20469.1,20509.7,568.86
1667207700000,20509.6,20519.6,20500,20512,375.14
1667208600000,20512.1,20657,20512.1,20643.4,2419.9
1667209500000,20644.1,20735.7,20638.7,20716.1,3773.2
1667210400000,20717.2,20848.9,20717.2,20730.5,3969.73
1667211300000,20730.5,20792.4,20690,20772.3,1884.68
1667212200000,20772.4,20787,20725.8,20731.1,787.09
1667213100000,20731.1,20752.5,20710,20749.6,617.96
1667214000000,20749.6,20825.9,20749.6,20777.6,1951.58
1667214900000,20777.6,20820,20746.4,20747.7,1182.51
1667215800000,20747.8,20757.5,20713.2,20753.7,1281.3
1667216700000,20753.9,20768,20717,20730.6,828.58
1667217600000,20730.6,20741.8,20668.4,20668.4,1703.61
1667218500000,20668.4,20734.4,20644.9,20714.2,1435.56
1667219400000,20714.2,20749.5,20700.8,20726.9,714.87
1667220300000,20726.8,20726.8,20684.8,20700.1,654.88
1667221200000,20700.1,20753.1,20678.5,20752.1,693.31
1667222100000,20752.1,20753,20666.6,20678.8,721.37
1667223000000,20678.7,20718.6,20620.9,20668.6,2783.12
1667223900000,20668.5,20668.6,20291.4,20324,9750.38
1667224800000,20323.8,20422.9,20277.1,20348,6979.25
1667225700000,20349.4,20399.9,20317.6,20349.4,2547.06
1667226600000,20348.7,20366,20239.1,20364.6,4217.67
1667227500000,20364.7,20374.2,20303.7,20338,1500.47
1667228400000,20337.6,20370,20291.1,20356.8,1502.37
1667229300000,20357.9,20392.2,20322.7,20383,929.55
1667230200000,20381.9,20383.6,20339.1,20369.3,768.51
1667231100000,20369.4,20457.9,20360,20398.5,2167.48
1667232000000,20398.5,20420,20352.2,20385.4,1391.43
1667232900000,20385.4,20530,20379.3,20422,3286.96
1667233800000,20422.4,20430.5,20329.2,20359.6,1798.12
1667234700000,20359.6,20390.1,20350,20377.6,509.84
1667235600000,20377.5,20406.4,20347.7,20383.9,590.74
1667236500000,20384,20420.9,20372.4,20410.6,768.79
1667237400000,20412.4,20421.7,20395.3,20408.5,286.97
1667238300000,20408.5,20408.9,20348.5,20375.9,553.82
1667239200000,20375.9,20394.3,20357.2,20392.9,293.28
1667240100000,20392.5,20408.9,20383.2,20390,357.19
1667241000000,20390,20468.8,20386.1,20450.9,823.63
1667241900000,20450.8,20468.1,20426,20435,486.87
1667242800000,20435,20439.4,20370.9,20386.5,681.72
1667243700000,20387.1,20403.5,20366.8,20388.4,327.82
1667244600000,20385.7,20423.2,20382.4,20419.2,387.82
1667245500000,20419.2,20419.2,20363.5,20367,430.47
1667246400000,20369.7,20403,20354.9,20382.7,296.56
1667247300000,20382.8,20401.3,20366.7,20389.4,217.64
1667248200000,20390.6,20422.9,20385.4,20420.3,205.81
1667249100000,20418.6,20439.7,20405.5,20405.5,320.92
1667250000000,20405.4,20420.8,20393.3,20397.4,335.76
1667250900000,20397.5,20418.3,20396.7,20404,136.24
1667251800000,20404,20423.6,20401.6,20423.6,192.24
1667252700000,20424.9,20432.2,20402.9,20407.6,170.09
1667253600000,20407.6,20438.1,20375.6,20432.6,837.12
1667254500000,20432.5,20497.8,20420.6,20464.2,947.16
1667255400000,20464.3,20474.3,20433.5,20463.6,470.45
1667256300000,20463.6,20487.4,20459,20479,383.51
1667257200000,20479,20493.2,20471.2,20484.4,306.67
1667258100000,20484.4,20497,20463.2,20484.6,339.01
1667259000000,20484.6,20496.5,20469.5,20490.4,296.3
1667259900000,20490.4,20519,20489.7,20489.8,771.81
