ts,open,high,low,close,volume
1648771200000,45519,45646.6,45427.5,45622.7,1317.7
1648772100000,45622.7,45622.7,45537.6,45608.9,591.45
1648773000000,45608.8,45616.9,45348.6,45616.3,1282.29
1648773900000,45616.3,45639,45469.6,45540.6,1112.12
1648774800000,45540.7,45540.7,45317.7,45357.3,1571.47
1648775700000,45355.7,45433.3,45129.5,45150.1,2124.02
1648776600000,45150,45252.5,45036.2,45177.7,3334.81
1648777500000,45177.7,45185.3,44852.5,44929.9,4291.48
1648778400000,44930,45056,44802.7,44960.8,2759.58
1648779300000,44960.4,45048.3,44537,44657.9,4793.19
1648780200000,44657.9,44780,44532.6,44724.7,3096.99
1648781100000,44724.6,44724.6,44207.4,44399,5792.92
1648782000000,44399.3,44500,44275.6,44368.5,3742.7
1648782900000,44368.5,44489.2,44350,44413.6,1383.24
1648783800000,44413.5,44548.5,44413.5,44516,1246.33
1648784700000,44516,44597.7,44430,44597.7,1484.25
1648785600000,44598,44701,44544.5,44658.2,1466.43
1648786500000,44658.1,44693.6,44562.5,44656.9,649.81
1648787400000,44656.8,44748,44614.8,44728.5,929.94
1648788300000,44728.5,44763.3,44635.1,44635.2,507.76
1648789200000,44635.1,44746,44596.1,44707.5,626.33
1648790100000,44707.4,44721,44671.7,44717.2,533.09
1648791000000,44717.2,44788,44615.6,44652.1,1132.07
1648791900000,44652.2,44659,44570.5,44641.4,862.97
1648792800000,44641.4,44675.3,44566.2,44574.3,469.63
1648793700000,44574.3,44780,44574.3,44767.9,939.6
1648794600000,44767.9,44822.4,44721.5,44763.6,919.15
1648795500000,44765.3,44832.7,44760.7,44792.1,748.89
1648796400000,44792,44884.3,44788.3,44815.1,827.59
1648797300000,44815.1,44939.7,44790.6,44900.3,1476.77
1648798200000,44900.2,44924.5,44844.8,44923.3,762.79
1648799100000,44923.2,45090,44923.2,44998,1925.71
1648800000000,44998.1,45160,44998,45085.8,1404.35
1648800900000,45085.7,45323.2,45085.7,45320.2,2154.55
1648801800000,45320.2,45323.1,45143.4,45230.6,1875.65
1648802700000,45230.5,45239.1,45080,45125,955.56
1648803600000,45125,45204.9,45070.2,45150.9,799.93
1648804500000,45150.9,45235.2,45062,45214.8,958.08
1648805400000,45214.7,45233.8,45039.4,45057.2,726.73
1648806300000,45057.3,45161.5,44980,45078.2,1182.03
1648807200000,45078.1,45120.1,45030,45116.3,899.09
1648808100000,45116.2,45149,45045,45119.8,451.95
1648809000000,45119.9,45143.4,45060,45098.9,517.24
1648809900000,45098.9,45225,45090.5,45219.9,623.4
1648810800000,45215.1,45245.7,45127,45198.8,571.36
1648811700000,45198.8,45258.5,45198.7,45239.9,438.09
1648812600000,45240,45268,45077.8,45107.2,1857.05
1648813500000,45107.7,45138.3,45000,45059.4,1114.32
1648814400000,45059.5,45142.6,44887.5,44967.6,3090.95
1648815300000,44967.5,44994.1,44700.4,44863.1,2900.84
1648816200000,44863,45425.5,44792.4,45157.6,5762.86
1648817100000,45157.6,45288.7,45100,45230.4,1294.16
1648818000000,45230.5,45386.3,45230.4,45331.8,1245
1648818900000,45331.7,45494,45315.3,45401.7,1965.87
1648819800000,45401.7,45595,45393.6,45518.7,2335.99
1648820700000,45518.7,45566,45288,45433,2538.65
1648821600000,45432.9,45723.4,45425.4,45665.4,4981.63
1648822500000,45667.5,45695.8,45520.4,45613.3,1670.53
1648823400000,45613.3,45730.9,45570,45702.4,1607.01
1648824300000,45702.5,46189,45701.5,46126.9,4231.11
1648825200000,46126.8,46723.1,46118,46571.3,9105.85
1648826100000,46569.6,46725.2,46492.1,46515.9,3594.99
1648827000000,46516,46661.7,46347.8,46647.8,2924.59
1648827900000,46647.9,46647.9,46494.5,46533.2,1386.93
1648828800000,46534.9,46589,46472,46502,1330.05
1648829700000,46502.1,46526.1,46385.3,46510.5,1072.15
1648830600000,46510.5,46510.5,46233,46415.6,1469.99
1648831500000,46415.6,46415.6,46032.3,46039.8,1924.92
1648832400000,46039.9,46248.3,45908.8,46220,2434.84
1648833300000,46220,46345,46138.6,46294,1490.08
1648834200000,46293.9,46520.9,46204.3,46472.4,1787.45
1648835100000,46472.5,46553,46413,46473.5,1329.44
1648836000000,46473.4,46598,46356,46451.1,1611.61
1648836900000,46455.5,46524.6,46262,46363,1243.35
1648837800000,46364.8,46397.3,46270,46307.4,651.79
1648838700000,46307.4,46370.1,46252,46334,657.34
1648839600000,46339.7,46425,46256.9,46276.4,765.19
1648840500000,46274.4,46297.3,46146.4,46194.9,824.89
1648841400000,46194.9,46277.3,46155.8,46171.6,891.06
1648842300000,46171.6,46381.2,46150.1,46365.8,1185.3
1648843200000,46367.8,46375,46278.4,46278.4,546.64
1648844100000,46278.1,46386.6,46270.5,46303.8,340.53
1648845000000,46299.3,46378.1,46221.5,46228.9,435.73
1648845900000,46229,46291.2,46088.6,46155.4,755.2
1648846800000,46155.4,46298,46151.8,46267.5,353.83
1648847700000,46267.4,46448.5,46211,46430,280.87
1648848600000,46430.1,46439.9,46247.6,46269,222.34
1648849500000,46269,46345.3,46234.2,46313.4,255.66
1648850400000,46313.4,46404.7,46257.7,46362.8,712.55
1648851300000,46362.8,46372.1,46270.1,46327.7,574.6
1648852200000,46327.8,46399.3,46168.3,46196.4,906.82
1648853100000,46196.5,46375.5,46194.7,46375.5,538.9
1648854000000,46375.4,46375.4,46137.9,46246.8,593.37
1648854900000,46244.5,46298,46183.9,46186.1,660.01
1648855800000,46186,46242.8,46126.9,46220.2,711.47
1648856700000,46220.2,46295.9,46215,46287.6,623.19
1648857600000,46287.6,46287.6,46088,46180.2,1396.13
1648858500000,46182,46260,46155.2,46246.8,648.66
1648859400000,46246.7,46463.2,46232.3,46435.3,1736.4
1648860300000,46435.3,47259,46435.3,46906.6,5838.92
1648861200000,46906.6,47034.7,46814.5,46988.6,2405.57
1648862100000,46988.6,46988.6,46588,46628.3,2358.82
1648863000000,46628.3,46728.7,46506.5,46661,1708.69
1648863900000,46661.1,46788,46648.9,46754.1,650.76
1648864800000,46754,46810.3,46690.3,46794.8,701.87
1648865700000,46794.8,46853.1,46725,46725.1,488.38
1648866600000,46725,46768.8,46250,46347.7,2536.67
1648867500000,46347.7,46554.1,46347.6,46502,1732.54
1648868400000,46501.9,46559.8,46395.8,46418.9,638.16
1648869300000,46418.9,46458.7,46370.7,46430,513.5
1648870200000,46430,46543.5,46427.9,46530.2,586.85
1648871100000,46530.5,46602.3,46499.5,46600,448.91
1648872000000,46602.3,46670,46518,46584.9,642.4
1648872900000,46585,46585,46483,46500.3,393.3
1648873800000,46500.2,46585.6,46500.2,46576.1,423.88
1648874700000,46576,46618.8,46533.4,46539.9,277.48
1648875600000,46539.9,46539.9,46485.9,46514.9,347.01
1648876500000,46514.9,46620.8,46487.1,46575.3,566.79
1648877400000,46575.2,46587.6,46400.3,46466.7,1033.91
1648878300000,46466.6,46554,46428.1,46549.7,329.07
1648879200000,46549.6,46579.8,46516,46520.3,371.54
1648880100000,46520.3,46545.9,46478.8,46478.8,489.46
1648881000000,46478.9,46589.3,46471.8,46589.2,440.81
1648881900000,46589.2,46658.6,46583.6,46635.8,658.99
1648882800000,46635.8,46650.4,46534.4,46542.3,520.64
1648883700000,46542.3,46560,46441.9,46441.9,626.79
1648884600000,46441.9,46525.8,46440,46525.7,376.86
1648885500000,46525.7,46608.6,46525.7,46600.2,353.18
1648886400000,46600.3,46600.3,46525,46565,395.78
1648887300000,46565,46580.2,46517.3,46522.3,224.59
1648888200000,46522.2,46596.6,46507.7,46527.9,543.9
1648889100000,46527.9,46566.8,46487.4,46561,478.11
1648890000000,46561,46589.6,46525.1,46588,252.57
1648890900000,46587.9,46602.7,46553.6,46595.8,276.51
1648891800000,46595.7,46599.8,46530,46588.4,341.39
1648892700000,46588.3,46748,46586.8,46679.1,1320.67
1648893600000,46679.1,46695.1,46604.1,46639.7,393.85
1648894500000,46639.7,46681.3,46556.4,46563.8,588.19
1648895400000,46563.9,46633.7,46544.1,46633.7,435.56
1648896300000,46633.7,46735.4,46579.9,46735.3,692.87
1648897200000,46735.4,46768.9,46637,46652.9,613.99
1648898100000,46653.5,46688.2,46584.5,46617.5,444.54
1648899000000,46617.6,46670.6,46593.6,46660.8,245.43
1648899900000,46660.8,46660.8,46539.4,46539.4,405.72
1648900800000,46539.4,46830.8,46214.2,46566.4,4579.15
1648901700000,46563.2,46785,46558.1,46743,1739.79
1648902600000,46743,46917.7,46688.8,46859.9,2292.05
1648903500000,46860,46860,46692.5,46714.4,1143.23
1648904400000,46714.4,46800,46640.5,46788.8,1057.98
1648905300000,46788.7,46945.7,46763.2,46848.7,1355.47
1648906200000,46848.7,46969,46808.2,46810.7,934.86
1648907100000,46810.6,46817.8,46702.1,46732.2,630.63
1648908000000,46733.2,46806.3,46649.2,46690.3,912.16
1648908900000,46690.3,46743.1,46667,46718.8,597.35
1648909800000,46718.8,46718.8,46575.7,46623.2,667.59
1648910700000,46623.2,46654.4,46573.2,46616.6,424.13
1648911600000,46616.6,46616.6,46290,46379.6,1535.96
1648912500000,46377.9,46510,46263,46466.2,1538.25
1648913400000,46466.2,46496.5,46167,46255.5,1749.32
1648914300000,46255.6,46314.9,46123,46301.5,1263.61
1648915200000,46301.4,46391.9,46163.4,46343.5,1328.94
1648916100000,46343.5,46384.9,46268,46358.7,765.41
1648917000000,46358.6,46364,46245.9,46362.4,413.23
1648917900000,46362.5,46430,46318,46321.4,734.56
1648918800000,46321.3,46393.9,46252,46334.6,512.82
1648919700000,46334.5,46387.9,46334.5,46381.9,296.58
1648920600000,46385.5,46433.7,46367.6,46428.5,452.26
1648921500000,46428.6,46498.6,46356.5,46366.9,717.54
1648922400000,46366.8,46400.8,45601.4,45792.3,4949.96
1648923300000,45792.3,46143.5,45755.4,45870.7,3219.04
1648924200000,45870,45982,45801.8,45834.2,1038.06
1648925100000,45834.1,45945.8,45727.4,45838.3,1060.32
1648926000000,45838.4,45969,45816.3,45932.4,439.52
1648926900000,45932.5,46131.7,45932.4,46075.5,774.46
1648927800000,46075.5,46299,46064.1,46179.2,1121.46
1648928700000,46179.2,46188.8,46123.2,46124,224.63
1648929600000,46124,46360,46023.6,46242.3,2242.14
1648930500000,46246.5,46308,46221.6,46296.9,413.87
1648931400000,46292.1,46292.1,46194.3,46259.1,370.9
1648932300000,46259,46299.7,46158.5,46180.2,721.33
1648933200000,46180.2,46219.9,46089.3,46129,449.87
1648934100000,46129,46131.1,45927.1,45927.2,239.38
1648935000000,45927.1,46325,45917.2,46268.7,644.2
1648935900000,46268.7,46277.8,46228.6,46240,269.71
1648936800000,46240.1,46339.9,46240,46277.6,797.37
1648937700000,46277.6,46277.6,46116.3,46117.1,354.49
1648938600000,46117.1,46212.1,46072.1,46208.8,566.12
1648939500000,46211,46212.6,46041.5,46118.2,817.96
1648940400000,46118.1,46153.7,46043,46084.2,515.98
1648941300000,46080.7,46124.5,45998.4,46074.6,338.14
1648942200000,46074.6,46077.9,45880.7,45937,1107.47
1648943100000,45937,45962.1,45758.1,45816.3,1228.81
1648944000000,45816.3,45967.9,45770.5,45933,1366.5
1648944900000,45933,46047.2,45870,45927.1,722.9
1648945800000,45927,46025.4,45850,46006.9,431.83
1648946700000,46006.9,46071.5,46002.4,46071.5,294.66
1648947600000,46071.5,46071.6,45879.3,45918,508.99
1648948500000,45918,45928.9,45528.6,45611.2,2124.29
1648949400000,45611.3,45789.1,45543.8,45785,1426.51
1648950300000,45785,45879.6,45740.2,45848.6,863.63
1648951200000,45846.4,45905.9,45801.1,45894.8,510.31
1648952100000,45894.8,45938.7,45888,45893.4,358.84
1648953000000,45892.8,45962,45866,45869.4,472.45
1648953900000,45869.4,45869.4,45762.4,45778,489.16
1648954800000,45778,45880,45714.6,45859,787.8
1648955700000,45854.7,45929.9,45854.6,45907.3,452.73
1648956600000,45907.3,45969.1,45869,45881,493.36
1648957500000,45881.1,45948,45881,45945,379.21
1648958400000,45946.4,46173,45928,46168.4,1170.25
1648959300000,46168.4,46170.8,46111.7,46148.8,418.41
1648960200000,46148.7,46174.4,46103.5,46129.3,384.28
1648961100000,46129.4,46371.5,46129.3,46371.4,825.62
1648962000000,46371.5,46382,46237.8,46268,703.09
1648962900000,46268,46299,46225.4,46278.9,336.91
1648963800000,46279,46354.1,46278.9,46313.7,399.85
1648964700000,46313.7,46361.1,46275.6,46357.2,352.97
1648965600000,46357.3,46586.5,46314.3,46437.5,1948.58
1648966500000,46427.9,46428.6,46314.9,46378,696.63
1648967400000,46378,46462.7,46343.3,46384.7,611.76
1648968300000,46384.6,46459.6,46377.8,46433.3,396.51
1648969200000,46432.1,46471,46335.8,46373.9,672.26
1648970100000,46373.9,46393.2,46294,46301.8,681.99
1648971000000,46301.8,46459.4,46292.9,46355,731.91
1648971900000,46355,46398.1,46332.3,46365,422.5
1648972800000,46370.2,46428,46370.2,46384.1,284.31
1648973700000,46384.2,46384.2,46319.3,46346.9,266.66
1648974600000,46346.9,46364.8,46306.1,46344,184.4
1648975500000,46344,46344,46228.4,46284.6,597.57
1648976400000,46284.6,46336.1,46188,46210.9,821.42
1648977300000,46211,46380.3,46210.9,46376.9,764.16
1648978200000,46377,46428.6,46322,46415.3,673.97
1648979100000,46415.4,46456,46360.1,46370,710.22
1648980000000,46370.1,46408.3,46268,46281,491.87
1648980900000,46280.6,46304.6,46203,46228.4,702.73
1648981800000,46228.3,46260.2,46142.4,46143.9,791.25
1648982700000,46143.8,46226.8,46130.5,46193.3,482.53
1648983600000,46193.3,46198,46067,46152.3,750.25
1648984500000,46152.3,46230.5,46124.8,46227.5,583.83
1648985400000,46227.5,46332.2,46191.3,46330,740.31
1648986300000,46330,46341,46246.6,46261.7,404.05
1648987200000,46261.6,46265.5,46192.8,46261.4,342.29
1648988100000,46261.4,46383.7,46261.4,46321.4,582.52
1648989000000,46321.5,46399.7,46321.5,46392.6,390.52
1648989900000,46395.7,46442.6,46384.6,46386.9,539.47
1648990800000,46386.9,46416.7,46290.1,46307.8,537.28
1648991700000,46307.8,46697,46293,46578.4,2025.29
1648992600000,46578.5,46599.6,46439.1,46482.4,1267.37
1648993500000,46480.5,46519.8,46394,46445,987.4
1648994400000,46445.1,46471.7,46376.9,46402.4,479.41
1648995300000,46402.3,46426.6,46361.2,46382.1,301.11
1648996200000,46382.1,46382.1,46301.1,46378,560.87
1648997100000,46378,46647.3,46377.9,46647.3,933.54
1648998000000,46647.3,46740.4,46540.5,46588.1,1785.33
1648998900000,46588.2,46664.7,46488,46490.5,1041.45
1648999800000,46490.4,46502.8,46382.1,46383.1,737.73
1649000700000,46383.2,46487.4,46383.2,46419.4,487.83
1649001600000,46419.4,46521.5,46390.1,46511.2,737.91
1649002500000,46511.2,46511.2,46191.2,46317.4,1745.37
1649003400000,46320.3,46341.3,46222.2,46307.3,808.25
1649004300000,46307.3,46339.9,46261.5,46295.8,651.81
1649005200000,46295.1,46358.6,46292.4,46344.4,427.4
1649006100000,46344.5,46350,46234.1,46242.8,549
1649007000000,46242.9,46414.2,46242.9,46392.4,497.18
1649007900000,46392.4,46412.2,46312.5,46397.3,396.9
1649008800000,46401.9,46447.8,46390,46429.7,248.55
1649009700000,46429.6,46442.7,46382.6,46393.2,292.42
1649010600000,46393.1,46402.2,46353.3,46363.2,277.17
1649011500000,46363.3,46779,46363.2,46592.9,2234.87
1649012400000,46593,46706.4,46481.6,46607.2,1099.62
1649013300000,46607.2,46607.2,46439.4,46475.5,1089.72
1649014200000,46475.6,46537.9,46417.8,46476.6,1005.17
1649015100000,46476.7,46512.4,46396.3,46404.1,723.96
1649016000000,46404,46442.3,46374.1,46418.3,478.06
1649016900000,46418.3,46469,46395.8,46469,257.12
1649017800000,46469,46478.3,46433.1,46447.8,257.24
1649018700000,46444.3,46449.7,46368,46368.8,255.58
1649019600000,46368,46581.6,46312.9,46550.7,583.73
1649020500000,46550.7,46742.2,46550.7,46700.5,496.23
1649021400000,46700.5,46768,46538.9,46701.5,716.08
1649022300000,46701.5,46995.1,46671.8,46995.1,1060.24
1649023200000,46995.1,47113,46748.7,46815.1,3739.69
1649024100000,46809.4,47464.5,46790.5,47291.2,4164.04
1649025000000,47291.3,47386.6,47227.8,47300.5,1859.41
1649025900000,47300.4,47388.7,46582.2,46705,6566.52
1649026800000,46706.2,46716.6,46426.7,46575.7,2524.15
1649027700000,46575.7,46575.7,46482,46502,761.52
1649028600000,46502,46548.8,46338.7,46346,1606.11
1649029500000,46346,46456.2,46250.8,46406.2,1650.1
1649030400000,46406.2,46453.8,46110,46333.3,3073.91
1649031300000,46333.3,46339.9,45759,45989.4,4910.37
1649032200000,45986.6,46102.4,45899,46031.4,1531.27
1649033100000,46031.3,46087.9,45830,45858.7,1558.91
1649034000000,45858,45989.3,45800,45987,1521.7
1649034900000,45987,46053.9,45819.4,45870.2,1204.59
1649035800000,45870.2,45913.5,45758.1,45821.9,1176.04
1649036700000,45821.9,45956.5,45819.3,45863.7,1074
1649037600000,45863.2,45904.1,45760,45866.5,869.44
1649038500000,45866.5,45952.8,45844.4,45934.1,573.17
1649039400000,45934,45986.4,45873,45960.1,648.23
1649040300000,45960,46073.8,45920.1,46038.3,1030.12
1649041200000,46038.3,46159,46001.4,46124.2,706.96
1649042100000,46124.2,46146.9,46100,46140,478.39
1649043000000,46140,46174.7,46090.1,46102.5,524.71
1649043900000,46103.9,46111.3,45999.4,46000,531.87
1649044800000,46000,46028.7,45823.9,46000,1367.6
1649045700000,45999.9,46131.6,45966.4,46115.2,747.76
1649046600000,46115.3,46159.6,46076.3,46154.7,855.56
1649047500000,46154.7,46154.7,46056.8,46077.3,641.42
1649048400000,46077.2,46194.5,46028.9,46183.4,598.58
1649049300000,46183.4,46224.5,46137.6,46167.6,787.43
1649050200000,46167.6,46215.6,46154.1,46212.1,418.01
1649051100000,46212.1,46241.1,46181.7,46226.7,652.05
1649052000000,46226.8,46270.4,46168.4,46170.7,621.52
1649052900000,46171,46228,46158.8,46221,333.15
1649053800000,46221,46247.4,46199.7,46243.7,306.52
1649054700000,46242.7,46311.2,46174.2,46193.4,659.95
1649055600000,46193.5,46211.9,46076.9,46107.7,969.36
1649056500000,46107.8,46163.5,46090.2,46158.8,368.19
1649057400000,46158.9,46190.6,46099,46177,452.48
1649058300000,46177.3,46225.6,46095,46173.5,763.02
1649059200000,46176.2,46188.5,46072.7,46110.4,486
1649060100000,46110.5,46178,46107.5,46165.8,399.55
1649061000000,46166.7,46282.1,46010.1,46016.8,1410.24
1649061900000,46017.8,46188,45955,46159.3,1444.63
1649062800000,46159.3,46159.3,45944.7,46006.2,1204.23
1649063700000,46009.6,46074.4,45908.8,46069,803.05
1649064600000,46068.9,46107.1,46032.3,46052.6,405.74
1649065500000,46052,46052,45866,45904.8,1142.36
1649066400000,45904.9,45959.9,45832.3,45947.2,1104.02
1649067300000,45947.1,46029.4,45892.9,45942.4,869.64
1649068200000,45942.4,45942.4,45793.8,45863.9,1269.79
1649069100000,45863.5,46072.4,45841.3,45999.8,1386.7
1649070000000,45999.8,46210,45915.6,46197.8,1283.19
1649070900000,46197.9,46197.9,46140,46181,905.54
1649071800000,46179.1,46179.1,46096.5,46110.7,716.86
1649072700000,46110.8,46213.4,46098.7,46169.2,629.42
1649073600000,46169.3,46260,46120.3,46221.6,563.66
1649074500000,46221.6,46257.1,46160.5,46197.2,690.97
1649075400000,46198,46198.1,46011.1,46024.9,978.76
1649076300000,46024.8,46024.9,45907.8,46017.4,1169.81
1649077200000,46017.5,46085.5,45966.9,46056.6,514.06
1649078100000,46056.6,46079.3,45981.6,45999.9,549.57
1649079000000,45999.9,46241.7,45868.5,46159.2,2433.54
1649079900000,46156.3,46248.5,46060,46183.3,1826.88
1649080800000,46180,46367.7,46133.8,46187.6,2246.31
1649081700000,46187.6,46197.9,46084.8,46119.9,1238.92
1649082600000,46120,46143.6,45958.7,45959.9,922.28
1649083500000,45960,46009.7,45873.7,45904.3,1140.87
1649084400000,45904.2,45964.4,45550,45640,4532.96
1649085300000,45640,45730,45582.8,45680,1457.13
1649086200000,45680.1,45748.8,45646.1,45669.3,965.94
1649087100000,45669.3,45729,45595.5,45643,872.41
1649088000000,45644.9,45776.8,45569.7,45765.4,1150.17
1649088900000,45765.4,45820.4,45732,45742.7,656.57
1649089800000,45742.8,45773.1,45645.7,45675.4,641.01
1649090700000,45671.3,45806.7,45658.1,45708.4,541.11
1649091600000,45705.3,45748.9,45671.5,45740.2,420.86
1649092500000,45740.1,45772.6,45682.5,45736.3,484.94
1649093400000,45736.2,45736.3,45159,45335.4,3285.28
1649094300000,45335.3,45431.6,45251,45383.2,2163.37
1649095200000,45384.3,45388.1,45074.2,45247.1,2158.92
1649096100000,45250.6,45312,45193.9,45276.5,1187.54
1649097000000,45276.5,45410,45236,45407.1,998.92
1649097900000,45407.2,45540,45407.2,45517.7,1079.38
1649098800000,45517.7,45765.9,45517.7,45707.3,1231.24
1649099700000,45707.4,45755.1,45649.9,45749.3,719.82
1649100600000,45749.2,45925,45720.4,45856,1227.78
1649101500000,45856,45947.6,45837.3,45928.5,984.57
1649102400000,45932.8,45940,45713.5,45872.6,1492.67
1649103300000,45872.6,46311.2,45872.6,46198.4,2948.54
1649104200000,46202.7,46394.5,46110,46353.8,1758.14
1649105100000,46352.3,46368.6,46232.5,46308.1,940.5
1649106000000,46308.2,46550,46167.8,46492.8,2457.19
1649106900000,46492.7,46581.7,46445.3,46528.4,799.55
1649107800000,46525.4,46592.1,46377.4,46530.8,484.81
1649108700000,46530.5,46557,46372.7,46464,709.94
1649109600000,46464,46513.2,46391.3,46433,941.5
1649110500000,46433,46460,46384.9,46415.8,649.75
1649111400000,46415.9,46729.1,46415.8,46631.9,1374.4
1649112300000,46631.9,46857,46631.8,46679,1656.87
1649113200000,46676,46733.3,46633,46677.3,666.74
1649114100000,46677.4,46862.4,46629,46804.7,1500.51
1649115000000,46804.7,46894,46544.8,46631,2436.74
1649115900000,46631.1,46631.1,46565.4,46594.9,639.44
1649116800000,46594.9,46650,46513,46617.7,1314.12
1649117700000,46617.7,46633,46571.8,46578,492.49
1649118600000,46578.1,46600,46426.9,46505.1,883.87
1649119500000,46505.1,46542.9,46493.3,46522.9,476.18
1649120400000,46522.9,46567.6,46462.9,46481.1,450.53
1649121300000,46481.1,46552.1,46481,46532.4,252.72
1649122200000,46532.5,46598,46531.5,46598,367.17
1649123100000,46598,46705,46596.7,46629.9,693.42
1649124000000,46630,46728,46621.8,46709.3,460.28
1649124900000,46709.4,46734,46573,46589.9,605.43
1649125800000,46589.8,46619.6,46550.3,46619.6,475.26
1649126700000,46619.6,46645,46578.1,46628.8,344.63
1649127600000,46627,46777,46623.5,46707.1,792.92
1649128500000,46707.2,46725.3,46590.1,46641.2,844.67
1649129400000,46643.2,46709,46613.6,46614.9,487.38
1649130300000,46614.9,46648,46596.5,46646,278.27
1649131200000,46646.1,46764.6,46617.7,46724.9,1032.54
1649132100000,46724.9,46734,46665.4,46685,377.7
1649133000000,46684.9,46893.4,46684.9,46832.5,1086.27
1649133900000,46832.5,46870,46764.8,46764.8,721.56
1649134800000,46764.9,46824.9,46712.5,46718.5,560.32
1649135700000,46718.5,46772.1,46702.2,46760,402
1649136600000,46760,46787.3,46731.2,46732.7,295.83
1649137500000,46731.8,46735.6,46701.6,46708.5,246.44
1649138400000,46708.6,46747.5,46682,46747.4,383.99
1649139300000,46747.5,46754.4,46666,46666,460.02
1649140200000,46666.1,46680.6,46651.1,46653.6,239.7
1649141100000,46652.2,46661.7,46570.8,46623,916.6
1649142000000,46623.4,46677.9,46581,46592.5,642.57
1649142900000,46594.5,46671.6,46571.3,46671.6,306.4
1649143800000,46671.6,46743.5,46664.7,46743.4,515.45
1649144700000,46743.5,46743.5,46696.3,46710.1,386.76
1649145600000,46710.1,46730.7,46625,46647.7,492.76
1649146500000,46647.7,46667.8,46597.6,46609.2,533.51
1649147400000,46609.2,46649.9,46577,46623.4,432.3
1649148300000,46623.4,46681.2,46601,46673.6,306.22
1649149200000,46673.7,46678,46613.4,46637.1,227.41
1649150100000,46639.6,46695.6,46625.1,46695.5,320.89
1649151000000,46695.6,46716.9,46602.3,46614.9,472.76
1649151900000,46615,46615,46565.1,46573.1,558.85
1649152800000,46573.2,46663.6,46523.1,46655.9,1103.01
1649153700000,46655.9,46693,46615,46623.7,479
1649154600000,46621,46670.7,46604.6,46669.2,239.09
1649155500000,46669.2,46688,46649,46660,261.06
1649156400000,46660,46744.9,46572,46736.9,663.65
1649157300000,46737,46749.3,46621.2,46621.3,321.97
1649158200000,46621.3,46709.5,46590,46673.3,554.61
1649159100000,46673.3,46707.5,46625.8,46703.5,293.68
1649160000000,46703.6,46771.4,46681.7,46753.3,980.59
1649160900000,46753.3,47200,46747.6,47139.8,4508.87
1649161800000,47139.9,47187.1,46827,46893.2,2731.03
1649162700000,46892.2,46974.9,46761,46761,2228.99
1649163600000,46761,46861.7,46388,46401.7,2853.84
1649164500000,46401.7,46595.8,46283.2,46405.9,4533.4
1649165400000,46406.5,46539.3,46371.9,46504.5,3470.85
1649166300000,46504.4,46587.3,46321,46411.9,2771.6
1649167200000,46411.9,46450,45968,46031.1,9001.06
1649168100000,46031,46065,45845.4,45930.2,4373.46
1649169000000,45930.2,45973.9,45713,45801.3,3288.1
1649169900000,45801.2,45912.6,45763.9,45814.8,2480.96
1649170800000,45816.6,45904.8,45650,45845.5,2417.16
1649171700000,45845.5,45883.8,45717.2,45759.5,1401.83
1649172600000,45759.5,45820.6,45693.5,45745.6,1133.7
1649173500000,45745.6,45790.1,45700,45755,1092.72
1649174400000,45755,46009.4,45588,46003.1,3166.05
1649175300000,46003,46020.4,45836.4,45853.5,1760.45
1649176200000,45853.5,45871.5,45763.3,45788.5,1054.5
1649177100000,45788.9,45916.7,45727.4,45916.6,1325.38
1649178000000,45918.8,46048,45892.3,45980.7,1495.38
1649178900000,45980.7,46030.2,45947.1,46014.8,1056.36
1649179800000,46014.7,46188,45983.8,46104.4,1602.8
1649180700000,46104.4,46123.9,45891.5,45960.1,975.13
1649181600000,45960,45979.5,45861.3,45916.9,771.15
1649182500000,45916.8,45977.9,45881.8,45953.8,458.04
1649183400000,45953.8,45972.6,45866.7,45942.1,575.79
1649184300000,45942.1,45969.4,45882.5,45886.2,529.44
1649185200000,45887,45918.5,45534.1,45636.6,1780.18
1649186100000,45636.7,46056.3,45462.8,45993.5,4055.69
1649187000000,45993.5,45993.5,45895.7,45967.7,1277.26
1649187900000,45970.4,46046.9,45932.2,46038.2,1200.76
1649188800000,46037.9,46121.6,45877.7,46006,1477.92
1649189700000,46006.1,46006.1,45826.1,45864.6,667.95
1649190600000,45860.4,45860.4,45625.5,45675.5,1239.11
1649191500000,45667.5,45882,45643.3,45881.9,1048.37
1649192400000,45881.9,45926.9,45790.4,45904.1,1609.24
1649193300000,45898.1,45920,45742.9,45846.5,395.56
1649194200000,45846.6,45890.7,45846.5,45874.6,116.11
1649195100000,45875,45952.9,45810.8,45947.4,543.2
1649196000000,45950.5,45971.3,45854.7,45956.5,1101.81
1649196900000,45956.4,45956.5,45862.6,45865,355.98
1649197800000,45865.1,46019.7,45865.1,46010.4,558.99
1649198700000,46008.3,46048,45792.6,45851,848.05
1649199600000,45852.3,45867.5,45794.1,45850.6,546.43
1649200500000,45850.5,45886.2,45711,45749.4,687.63
1649201400000,45744.8,45887.8,45730.6,45760.9,513.92
1649202300000,45760.9,45763,45338.3,45501.5,3467.17
1649203200000,45501.4,45507.4,44962.4,45070.6,6851.9
1649204100000,45070.7,45266,44388,44932,9246.95
1649205000000,44932.1,45075.2,44754,44943.1,2805.35
1649205900000,44944,45109.9,44896.3,45000.1,677
1649206800000,45000.2,45263.6,44952.6,45115.5,1489.89
1649207700000,45115.2,45355.9,45110.7,45237.7,1759.26
1649208600000,45237.7,45237.7,45123.8,45157.5,1867.84
1649209500000,45157.6,45191.4,45126.4,45182,415.09
1649210400000,45181.9,45304.2,45150.4,45240.2,648.88
1649211300000,45240.2,45368,45218.2,45285.8,403.02
1649212200000,45285.9,45349.6,45259.6,45291.6,474.36
1649213100000,45291.5,45298.5,45202.7,45216.2,414.79
1649214000000,45216.2,45232.9,45136,45168.7,434.94
1649214900000,45168.7,45278,45151.8,45227.4,506.49
1649215800000,45227.4,45286.9,45224.6,45255.6,298.55
1649216700000,45255.6,45277.9,45160.7,45208.6,360.08
1649217600000,45211.5,45286,45116.4,45275,686
1649218500000,45275,45347.2,45275,45287.7,499.95
1649219400000,45287.7,45340,45232.1,45337.4,348.79
1649220300000,45337.4,45381.7,45304.2,45324.6,360.36
1649221200000,45324.7,45415,45305.1,45412.6,365.91
1649222100000,45412.5,45438.2,45305,45330.3,490.72
1649223000000,45330.4,45381.3,45282.7,45350.3,353.56
1649223900000,45350.4,45394.6,45327.1,45361.8,495.01
1649224800000,45361.8,45372.7,45282.8,45299.4,540.05
1649225700000,45299.4,45391.1,45250,45346.4,832.06
1649226600000,45346,45486,45346,45410.2,936.8
1649227500000,45410.2,45479.8,45397.1,45464.1,546.54
1649228400000,45464,45495,45423.9,45457.3,569.6
1649229300000,45457.4,45472.6,45410,45441.1,374.1
1649230200000,45441,45441.1,45308.1,45353.5,638.78
1649231100000,45353.5,45354.5,45240.2,45274.5,472.15
1649232000000,45274.6,45315,45175,45211.4,719.38
1649232900000,45211.5,45290,45177.8,45264.6,643.97
1649233800000,45264.5,45359,45240,45310.2,644.79
1649234700000,45310.3,45395.8,45293.2,45375.7,902
1649235600000,45373.8,45397,45309.3,45322.8,400.91
1649236500000,45322.7,45331,45247.5,45247.7,418.04
1649237400000,45247.6,45320.7,45247.6,45311.7,296.29
1649238300000,45311.6,45339,45213.1,45330,378.19
1649239200000,45330,45341.3,45182.1,45187.3,468.27
1649240100000,45187.3,45458,44958.5,45436,2509.7
1649241000000,45436.1,45440.4,45130,45229.1,1211.09
1649241900000,45229.1,45249.6,45076,45078.6,1042.21
1649242800000,45079.3,45125,44770,44807.6,2868.46
1649243700000,44807.6,44913.2,44655,44710.4,2345.86
1649244600000,44710.4,44978.9,44695.8,44902,2045.98
1649245500000,44902,45071.2,44775,44816.4,1308.58
1649246400000,44817.2,44929.9,44674,44928.5,1713.16
1649247300000,44928.5,44999.1,44800,44925.1,1140.98
1649248200000,44925,44925,44774.9,44897.8,658.06
1649249100000,44897.9,44905.6,44759.4,44763.9,543.17
1649250000000,44761.1,44950,44731.3,44900.9,563.89
1649250900000,44900.9,44958.7,44785.8,44906.6,652.31
1649251800000,44906.7,44975.7,44550,44586.7,2311.06
1649252700000,44586.6,44715.2,44088,44178,7296.46
1649253600000,44178,44262.2,43708.2,43975.6,6569.78
1649254500000,43975.5,44172.9,43971.3,44154.2,1574.52
1649255400000,44154.3,44473.6,44122.9,44309,2373.34
1649256300000,44308.9,44387.9,44224.8,44263.1,1050.03
1649257200000,44263,44312.6,44053.4,44088.1,1862.86
1649258100000,44088.1,44158.8,43850,43898.2,2151.81
1649259000000,43899.9,44147,43710,44147,3033.21
1649259900000,44147.3,44284,44112.2,44178.7,1262.39
1649260800000,44178.7,44275,44073.8,44093,1651.84
1649261700000,44088.1,44136.9,43853,43863.3,1777.08
1649262600000,43863.4,43941.5,43557,43786.4,3643.63
1649263500000,43786.4,43842.3,43599.5,43786.4,1147.81
1649264400000,43786.3,43786.3,43370,43572.5,3732.54
1649265300000,43569.4,43770,43547.1,43720.2,1089.01
1649266200000,43723.2,43890,43640,43834.2,911.14
1649267100000,43834.2,43948.8,43820,43820,884.6
1649268000000,43820.1,44288,43653.8,43688.4,5937.03
1649268900000,43689.1,43693.2,43125,43440.7,5255.12
1649269800000,43440.7,43795.8,43399.7,43738.7,2590.05
1649270700000,43737.2,43971.8,43533.7,43824.3,4061.72
1649271600000,43824.6,43958.9,43652.3,43786.8,2364.79
1649272500000,43786.9,43827.1,43629.4,43677.6,2669.45
1649273400000,43681,43725.2,43535.2,43716,798.47
1649274300000,43715.6,43864.2,43704.7,43764.8,700.54
1649275200000,43764.8,44065,43730.2,43801.3,1151.9
1649276100000,43803.4,43936.3,43762.1,43936.3,342.06
1649277000000,43936.3,43955.5,43785.8,43785.8,210.91
1649277900000,43785.9,43969.1,43785.9,43883.4,337.9
1649278800000,43882.6,43996.2,43822.5,43876.5,174.45
1649279700000,43876.5,43990.5,43856.3,43990.5,181.12
1649280600000,43990.5,43991.5,43813.3,43820.1,236.36
1649281500000,43820,43919.9,43798.8,43844.7,220.02
1649282400000,43842.5,43860,43793.7,43854.3,267.07
1649283300000,43854.3,43854.3,43660.1,43717.5,478.33
1649284200000,43717.4,43750.1,43580.1,43610.9,446.08
1649285100000,43610.3,43657.4,43478.4,43507.9,566.72
1649286000000,43507.9,43612.1,43255,43382.4,1473.93
1649286900000,43382.4,43566.8,43382.3,43480.6,697.27
1649287800000,43480.6,43513.7,43232.3,43365.3,796.07
1649288700000,43365.3,43376,43110.1,43176,1470.45
1649289600000,43176,43389,43106.8,43380,1664.49
1649290500000,43380.1,43498,43365.7,43461.5,769.3
1649291400000,43454.3,43557.2,43398.4,43404.3,491.06
1649292300000,43404.3,43404.3,42716.6,42899,5427.64
1649293200000,42899,43224.3,42879.2,43158.4,2439.77
1649294100000,43158.4,43224.3,42962.6,43186.9,1017.99
1649295000000,43189.4,43328.2,43117.1,43319.5,835.17
1649295900000,43319.2,43416.7,43239.9,43373.4,861.01
1649296800000,43373.3,43430.4,43268.1,43274,474.3
1649297700000,43273.9,43313.6,43130.5,43153.7,378.95
1649298600000,43153.7,43369.2,43130.1,43195.4,473.18
1649299500000,43196.7,43402,43161.9,43357.7,486.39
1649300400000,43357.8,43415.3,43246.3,43280.1,438.81
1649301300000,43280.1,43338.3,43201,43205.4,387
1649302200000,43205.4,43329.7,43159.2,43303.3,426.68
1649303100000,43303.2,43388,43221.1,43298.4,425.81
1649304000000,43298.5,43360,43237.6,43237.6,534.75
1649304900000,43237.5,43361,43209.1,43358,481.05
1649305800000,43357.9,43389.9,43279.6,43287.4,365.32
1649306700000,43287.4,43485,43263.9,43392.4,771.02
1649307600000,43391.1,43456.4,43281.2,43315.2,864.54
1649308500000,43316.6,43360.4,43292.4,43303.4,322.15
1649309400000,43303.4,43322.2,43216.8,43226.9,590.9
1649310300000,43227,43407.9,43226.3,43386.1,457.22
1649311200000,43386.1,43423,43305.7,43356.8,620.39
1649312100000,43356.8,43435,43347.4,43416.3,290.78
1649313000000,43416.3,43488.1,43391.6,43469.1,354.12
1649313900000,43469,43470,43373.5,43377.6,325.1
1649314800000,43377.6,43480,43367.1,43472.9,426.64
1649315700000,43473,43512.7,43434.7,43475,453.29
1649316600000,43473.5,43528.9,43442.4,43442.4,375.64
1649317500000,43442.4,43498.9,43422.7,43422.7,232.38
1649318400000,43422.7,43476.4,43412,43451.4,321.67
1649319300000,43451.4,43508.6,43408.1,43508.6,334.44
1649320200000,43509.6,43543,43435.8,43442.4,410.1
1649321100000,43440.4,43515,43420.5,43512.5,339.44
1649322000000,43512.5,43512.5,43335.1,43367.8,669.84
1649322900000,43367.8,43387.4,43262.5,43321.7,456.38
1649323800000,43321.8,43483,43321.2,43444.3,352.41
1649324700000,43444.4,43466.7,43347.4,43460.8,430.93
1649325600000,43460.6,43482.1,43398.3,43445.4,323.04
1649326500000,43445.4,43462,43385,43391.9,268.64
1649327400000,43400.9,43415.8,43325.2,43361.6,388.65
1649328300000,43361.6,43450,43358.1,43411.4,210.76
1649329200000,43411.4,43737.9,43303,43553.4,2668.3
1649330100000,43553.4,43612.2,43468.1,43549.2,590.41
1649331000000,43549.2,43835,43536.8,43828.8,1765.5
1649331900000,43828.9,43828.9,43680,43754.3,1646.88
1649332800000,43754.4,43916.5,43733.4,43775.9,1117.81
1649333700000,43776,43835.3,43772.4,43788.6,746.76
1649334600000,43788,43788,43601.8,43639.8,1273.83
1649335500000,43642.1,43687.5,43553.8,43553.8,1003.93
1649336400000,43553.9,43614.6,43350,43416.4,1423.86
1649337300000,43416.4,43538,43360,43400.1,789.77
1649338200000,43400.1,43668.2,43331.6,43493.1,2270.89
1649339100000,43493.1,43687.7,43481.5,43655.5,1510.07
1649340000000,43655.5,43780,43543.7,43620.2,1400.81
1649340900000,43620.1,43620.1,43470,43500,912.88
1649341800000,43500,43594,43372,43402.7,1200.24
1649342700000,43402.7,43493.3,43346.3,43415.9,1026.7
1649343600000,43415.9,43578.9,43068.5,43250.3,2931.28
1649344500000,43251.5,43355,43162.7,43162.7,1525.09
1649345400000,43161.6,43293.3,43004.6,43229.9,1729.69
1649346300000,43235,43365.7,43235,43334.3,848.74
1649347200000,43333,43494.4,43312.1,43480.6,1128.01
1649348100000,43480.6,43480.7,43370,43399.4,552.63
1649349000000,43399.4,43484,43344.1,43356,678.59
1649349900000,43357.8,43497.6,43276,43496.9,655.11
1649350800000,43499.3,43691.7,43474.6,43630.5,1114.05
1649351700000,43628.8,43694.9,43579.1,43649.6,655.87
1649352600000,43649.7,43683.7,43573.3,43583.7,553.36
1649353500000,43583.6,43687.8,43516,43661.5,723.66
1649354400000,43660.4,43694.9,43627.5,43667.5,516.8
1649355300000,43669.3,43829.8,43640,43666.8,1027.3
1649356200000,43666.8,43669.1,43512.1,43611.8,811.69
1649357100000,43611.8,43721.6,43580.8,43698.2,765.17
1649358000000,43697.9,43767.6,43682.6,43697.9,509.66
1649358900000,43698,43714.8,43490.1,43502.9,585.22
1649359800000,43499.7,43543.8,43470.5,43495.1,420.48
1649360700000,43495.1,43534.9,43375.9,43388.3,986.62
1649361600000,43390,43449.6,43376.5,43429.1,271.11
1649362500000,43432.2,43465,43390.1,43459.1,293.12
1649363400000,43459.1,43566.2,43453.5,43542.4,237.84
1649364300000,43542.5,43595.2,43542.5,43565.4,210.87
1649365200000,43565.5,43590.6,43480,43550.6,284.44
1649366100000,43549.6,43549.6,43199.4,43306.6,841.55
1649367000000,43309.2,43533.9,43309.1,43401.5,409.78
1649367900000,43401.6,43565.4,43388,43521.6,430.43
1649368800000,43521.7,43565.9,43475,43527.1,525.89
1649369700000,43527.1,43585,43486.9,43526.3,345.52
1649370600000,43526.4,43584.1,43502.4,43531.7,249.82
1649371500000,43534.3,43635.6,43528,43631.8,464.64
1649372400000,43631.7,43680,43600,43665.9,359.98
1649373300000,43665.9,43746.2,43577.6,43595.1,563.4
1649374200000,43595.1,43641.4,43543,43549.8,239.23
1649375100000,43549.7,43568.2,43410.3,43444.3,524.57
1649376000000,43440,43519.2,43318.3,43517.8,743.71
1649376900000,43515.4,43519.2,43377.9,43385,363.04
1649377800000,43385,43450.2,43350,43422.9,358.98
1649378700000,43422.8,43443,43287.7,43327.4,638.89
1649379600000,43330,43600,43310,43585.2,1342.32
1649380500000,43585.2,43585.3,43497.6,43540.7,268.51
1649381400000,43540.6,43622.8,43512.3,43581,430.48
1649382300000,43581,43642.2,43564.8,43608.6,335.72
1649383200000,43608.7,43662.1,43584.2,43604.9,365.28
1649384100000,43606.6,43648,43562.1,43602.6,367.22
1649385000000,43602.6,43673,43570.1,43649.7,586.33
1649385900000,43649.6,43687,43583.9,43599,466.66
1649386800000,43599,43679.5,43588.6,43653.3,297.5
1649387700000,43653.3,43664.3,43604.8,43635.1,252.31
1649388600000,43635.1,43635.2,43558.5,43564.3,273.04
1649389500000,43564.3,43630.5,43537,43603.5,356.95
1649390400000,43603.5,43658.3,43577.6,43629.9,364.96
1649391300000,43631.2,43631.3,43564.8,43590.1,413.12
1649392200000,43590,43620,43519.3,43519.3,320.86
1649393100000,43519.4,43550,43488.3,43542.3,394.26
1649394000000,43542.3,43590.5,43481.9,43583.6,374.69
1649394900000,43583.7,43603.4,43572.6,43603.4,231.12
1649395800000,43603.4,43661.5,43577.8,43655,363.68
1649396700000,43655,43676.9,43631.8,43651.4,378.39
1649397600000,43651.5,43675.3,43601.9,43612.3,1072.52
1649398500000,43612.3,43647.4,43530.3,43550.6,610.89
1649399400000,43550.5,43558.4,43492.4,43505.9,536.5
1649400300000,43505.9,43634.5,43505.8,43579,1057.88
1649401200000,43579,43650.2,43560,43634.8,512.81
1649402100000,43634.9,43637,43427.2,43439.5,832.66
1649403000000,43439.4,43497.1,43417.4,43463.6,823.9
1649403900000,43463.7,43788,43445.3,43761.2,1528.32
1649404800000,43761.1,43871.7,43682.3,43835.1,1869.61
1649405700000,43835.1,43891.8,43788.8,43797.4,1026.5
1649406600000,43797.3,43797.8,43646.8,43781.7,1227.78
1649407500000,43781.6,43985.4,43694.3,43698.5,1731.79
1649408400000,43698.5,43759,43673.3,43721.6,818.81
1649409300000,43721.6,43778.6,43697.6,43747.6,617.1
1649410200000,43748.3,43749.8,43569.3,43591.6,935.64
1649411100000,43591.5,43637.4,43525,43594.2,1148.76
1649412000000,43594.2,43628,43515.6,43540.1,782.17
1649412900000,43540.1,43569.8,43513.6,43539.9,440.23
1649413800000,43540,43613.2,43540,43565.9,368.19
1649414700000,43565.8,43596.1,43552.1,43559.1,319.54
1649415600000,43559.1,43561.7,43341,43500,1772.14
1649416500000,43500,43513.6,43348,43384.2,834.09
1649417400000,43384.1,43417,43265,43390.4,1335.14
1649418300000,43390.3,43409.6,43266.6,43312.1,924.27
1649419200000,43312,43430.8,43284.7,43366.1,814.87
1649420100000,43366.1,43390.7,43288.6,43387.8,478.98
1649421000000,43387.9,43417.4,43221.6,43284.7,1063.77
1649421900000,43284.7,43300,43101.3,43167.1,2227.91
1649422800000,43167.2,43213.2,42930,43005,3123.17
1649423700000,43005,43101,42863.3,42902.2,2288.63
1649424600000,42902.3,43009,42733.4,42859.6,3586.04
1649425500000,42859.5,42994,42836.8,42924,1543.44
1649426400000,42920,43395,42907.1,43284.9,3834.25
1649427300000,43285,43571,43202.3,43551.5,2715.85
1649428200000,43551.5,43672.6,43340,43340.1,2369.42
1649429100000,43340,43860,43321.6,43766.1,4197.98
1649430000000,43765.1,43973.4,43747.5,43855.7,2760.73
1649430900000,43855.7,43885.9,43772.8,43863.9,1209.48
1649431800000,43863.9,43936.1,43654,43660.4,2083.5
1649432700000,43660.7,43774.3,43595.4,43658.1,1262.99
1649433600000,43658.1,43725.2,43572.1,43588.9,784.21
1649434500000,43591.5,43695.4,43580,43665.3,549.87
1649435400000,43665.3,43665.3,43578.4,43578.4,469.66
1649436300000,43578.1,43591.6,43409.3,43442.4,1346.13
1649437200000,43442.4,43469,43017.8,43078.1,2112.16
1649438100000,43078.1,43145.1,42851.6,42861.3,3114
1649439000000,42861.2,43034.4,42810,42900,1965.46
1649439900000,42901.5,43011.3,42890.2,43006.9,1341.34
1649440800000,43006.8,43024.8,42294.2,42606.2,5626.52
1649441700000,42606.3,42812.4,42528.2,42700,4059.76
1649442600000,42700.1,42872.1,42641.4,42841.4,2659.54
1649443500000,42841.4,43343.5,42800,42938,6035.63
1649444400000,42938,43170,42897.8,43117.4,1203.34
1649445300000,43117.3,43181.8,43018.2,43071.1,703.35
1649446200000,43076.1,43120,42680.1,42873.2,1472.92
1649447100000,42873.2,42931.8,42655.2,42730.1,1541.71
1649448000000,42730.2,42861.9,42681.2,42823.2,648.49
1649448900000,42816.4,42822.1,42526.2,42649.7,1225.92
1649449800000,42649.7,42847.7,42602.7,42740.4,809.5
1649450700000,42740.3,42819.2,42719.3,42804.3,698.63
1649451600000,42804.3,42860.3,42730.1,42804.4,470.5
1649452500000,42804.3,42848.4,42739.3,42769.8,431.36
1649453400000,42769.7,42775.2,42560,42594.8,429.93
1649454300000,42594.8,42749.7,42438,42559.5,844.74
1649455200000,42559.5,42667.5,42445,42476.4,953.2
1649456100000,42476.4,42540.3,42222,42280.6,2228.91
1649457000000,42280,42449.9,42252.5,42375.1,728.15
1649457900000,42372.3,42466,42296.6,42303.4,503.07
1649458800000,42304.2,42361.2,42100.9,42207.2,2059.75
1649459700000,42207.1,42302.4,42122.5,42154.8,615.71
1649460600000,42154.8,42259.7,42109,42135.4,639.22
1649461500000,42135.4,42325.4,42133.7,42255,548.52
1649462400000,42250.9,42393.9,42216,42371.9,807.58
1649463300000,42371.9,42375.6,42160.7,42337.6,1310.18
1649464200000,42337.6,42373.5,42299.9,42322.5,296.16
1649465100000,42322.6,42458.5,42275,42441.4,702.29
1649466000000,42441.4,42472,42337.9,42397.8,584.64
1649466900000,42386.1,42449.9,42338.6,42364.8,419.95
1649467800000,42364.9,42423.1,42301.8,42340.3,334.23
1649468700000,42340.6,42446,42322.4,42446,308.12
1649469600000,42446,42450,42330,42334.8,301.55
1649470500000,42334.8,42389.8,42288,42373.1,296.35
1649471400000,42373.1,42374.2,42206,42282.1,568.53
1649472300000,42282.5,42329.9,42166.1,42180,768.99
1649473200000,42180,42387.1,42122,42370.8,1804.16
1649474100000,42370.7,42382.7,42260,42338.8,643.89
1649475000000,42338.8,42413.9,42338.8,42348.6,393.11
1649475900000,42348.5,42439,42342.7,42379.2,521.24
1649476800000,42379.3,42430,42342.8,42400,742.08
1649477700000,42399.9,42485,42399.9,42448.4,637.24
1649478600000,42448.4,42496.6,42435.2,42496.6,294.36
1649479500000,42496.6,42568.6,42391.3,42395.1,788.85
1649480400000,42395.2,42527.6,42395.2,42516.6,487.07
1649481300000,42516.6,42548.4,42472.5,42477.5,435.42
1649482200000,42477.4,42524.4,42465,42503.6,285.87
1649483100000,42503.6,42647,42495.2,42579.4,534.65
1649484000000,42579.4,42594.3,42457.7,42457.7,621.1
1649484900000,42457.8,42489.8,42445.7,42479.9,310.95
1649485800000,42479.9,42506,42412,42460.1,399.76
1649486700000,42460.1,42498.2,42436.5,42436.5,228.24
1649487600000,42436.4,42477.3,42410.2,42413.2,325.12
1649488500000,42413.2,42482.2,42381,42381.1,362.06
1649489400000,42381.1,42432,42356.6,42396.5,485.52
1649490300000,42396.6,42514.5,42396.6,42481.6,452.44
1649491200000,42481.6,42500,42418.5,42444.1,236.6
1649492100000,42444.1,42469.6,42375.3,42376.6,354.11
1649493000000,42376.6,42511.5,42376.6,42472.3,508.71
1649493900000,42472.3,42484.3,42393.4,42463.9,306.3
1649494800000,42466,42483.6,42442.5,42467.1,108.01
1649495700000,42467,42467,42411.5,42422.3,197.43
1649496600000,42422.4,42450.4,42403,42408.7,201.44
1649497500000,42408.7,42486.9,42400.7,42446.5,266.96
1649498400000,42446.6,42458,42399,42417.7,329.64
1649499300000,42417.7,42466.1,42375.8,42375.8,317.1
1649500200000,42375.9,42486,42325.8,42473.1,721.86
1649501100000,42473.2,42480,42400.6,42480,338.68
1649502000000,42480,42493.5,42443.5,42489.9,415.7
1649502900000,42490,42551.7,42441,42490.8,566.22
1649503800000,42490.9,42503.3,42448.5,42479.4,237.38
1649504700000,42479.4,42479.8,42442,42450.1,133.53
1649505600000,42450.2,42474.2,42410,42449.1,422.97
1649506500000,42449.1,42467.8,42403.6,42464.4,274.58
1649507400000,42464.4,42520.8,42463.5,42493.9,463.76
1649508300000,42493.9,42512.7,42455.3,42504.1,344.16
1649509200000,42505,42516.5,42470.6,42470.7,309.11
1649510100000,42470.7,42496.4,42460.4,42493.8,276.45
1649511000000,42493.8,42510.3,42475.4,42504.7,224.74
1649511900000,42504.7,42511,42445.2,42453.6,256.75
1649512800000,42453.5,42500,42376,42388.9,447.61
1649513700000,42391.4,42446.7,42368,42426.2,621.46
1649514600000,42426.2,42440,42374.6,42438.7,448.55
1649515500000,42438.7,42460.7,42385.5,42460.7,296.96
1649516400000,42460.7,42474.9,42422.3,42457.8,280.89
1649517300000,42457.7,42457.7,42262,42368.7,1228.25
1649518200000,42368.7,42371.3,42259,42316.7,807.87
1649519100000,42316.7,42402.7,42178.3,42377.3,1215.32
1649520000000,42357.3,42445,42178.1,42293.1,1197.45
1649520900000,42290.6,42439.2,42284.6,42422.4,749.21
1649521800000,42422.4,42468.9,42413.4,42438.1,435.24
1649522700000,42440.5,42550,42424.9,42447,743.45
1649523600000,42447,42531.7,42412.1,42508.1,282.67
1649524500000,42508.1,42520,42474,42487,293.34
1649525400000,42487,42618,42487,42568.6,993.22
1649526300000,42568.5,42579.6,42540.2,42569.6,271.01
1649527200000,42569.6,42635.4,42525,42537.1,421.2
1649528100000,42537.1,42537.2,42459.3,42481.1,368.18
1649529000000,42481.2,42512.2,42453.7,42460.8,150.79
1649529900000,42460.8,42476.3,42448.6,42464.9,152.14
1649530800000,42464.8,42583,42445.7,42544.3,703.77
1649531700000,42544.3,42544.4,42476.2,42476.2,172.75
1649532600000,42476.2,42489.2,42466.3,42486,106.42
1649533500000,42486,42556.4,42485.9,42512.4,213.83
1649534400000,42512.4,42625,42510.4,42610.2,224.92
1649535300000,42609.5,42635.8,42553.1,42553.2,359.26
1649536200000,42553.2,42560,42502.8,42502.8,82.09
1649537100000,42502.8,42502.8,42422.8,42423.3,303.61
1649538000000,42423.3,42457.3,42379.4,42457.3,413.14
1649538900000,42457.3,42475.2,42421.8,42451.9,161.11
1649539800000,42451.9,42564.2,42451.9,42558.9,171.51
1649540700000,42559.9,42573.8,42533.3,42553.9,158.92
1649541600000,42553.9,42598.5,42543.8,42568.5,436.89
1649542500000,42568.5,42628.9,42568.4,42573.8,291.22
1649543400000,42573.9,42592.2,42530,42530.3,275.3
1649544300000,42530.2,42540.8,42500,42540.7,184.16
1649545200000,42540.7,42556.2,42483.2,42494.7,310.41
1649546100000,42494.7,42507,42481.1,42507,107.02
1649547000000,42507,42788,42507,42684,1429.97
1649547900000,42684.1,42798.2,42640.1,42738.4,1077.19
1649548800000,42738.5,42766,42687.1,42716.1,691.7
1649549700000,42716.1,42717.5,42660.4,42709.9,286.64
1649550600000,42710,42720,42660.4,42662.7,203.09
1649551500000,42662.7,42705.5,42583.3,42629,546.6
1649552400000,42629,42652.1,42591.3,42652.1,282.9
1649553300000,42652,42727.3,42652,42726.2,301.96
1649554200000,42726.1,42773,42706,42756,371.13
1649555100000,42756.1,42779,42743.6,42759,304.84
1649556000000,42759,42794.6,42751.6,42762.4,430.28
1649556900000,42762.5,42762.5,42722.5,42751.3,332.66
1649557800000,42751.4,42757.8,42729.3,42745.7,201.38
1649558700000,42745.7,42888,42745.7,42822.4,862.07
1649559600000,42822.5,42882,42765.7,42849.8,417.17
1649560500000,42849.1,42852.9,42800,42800,256.02
1649561400000,42800,42800,42766,42799,271.39
1649562300000,42799,42805.8,42776.5,42776.5,142.08
1649563200000,42775.5,42778.4,42730.1,42737.9,353.79
1649564100000,42737.8,42781.4,42737.8,42772.1,169.75
1649565000000,42772.2,42791.4,42735.3,42735.3,303.61
1649565900000,42735.3,42748.2,42705,42733.9,330.08
1649566800000,42733.9,42774.1,42731,42752.2,189.88
1649567700000,42752.2,42800,42678.7,42684.7,688.95
1649568600000,42684.7,42720,42684.7,42717.5,258.16
1649569500000,42717.5,42717.6,42652,42663.9,328.52
1649570400000,42663.9,42693,42654.2,42654.3,253.8
1649571300000,42654.2,42706.1,42653.8,42697.1,223.45
1649572200000,42697.2,42794,42697.1,42753.4,364.01
1649573100000,42753.4,42793.1,42753.4,42787.9,383.18
1649574000000,42787.8,42792.9,42615.6,42660.8,575.16
1649574900000,42660.8,42662,42614,42621,316.29
1649575800000,42621,42635.7,42585,42630.4,412.89
1649576700000,42630.4,42665,42630.3,42642.3,212.86
1649577600000,42642.3,42692.9,42564.9,42692.9,478.58
1649578500000,42692.9,42716.1,42658.8,42692.5,408.6
1649579400000,42692.5,42721.7,42616.1,42622.3,380.57
1649580300000,42622.3,42650,42610.6,42650,234.9
1649581200000,42650,42661.4,42550,42563.3,432.42
1649582100000,42563.2,42585.5,42505.3,42556.8,500.26
1649583000000,42556.8,42588.5,42536.9,42581.8,365.87
1649583900000,42582.7,42582.7,42495,42528.7,591.24
1649584800000,42528.7,42569.2,42449,42530.5,728.28
1649585700000,42530.5,42555.5,42481.6,42484.2,180.49
1649586600000,42484.2,42522.5,42456,42504.3,384.44
1649587500000,42507.8,42540,42491.2,42539,198.57
1649588400000,42538.9,42566,42530.3,42566,217.93
1649589300000,42565.9,42591.4,42554.3,42554.3,253.4
1649590200000,42554.2,42554.9,42520.2,42529.4,149.32
1649591100000,42529.4,42727.8,42529.3,42685.6,1203.82
1649592000000,42685.7,42850,42659.4,42779.2,1444.23
1649592900000,42777.7,42777.7,42583.5,42603.4,1282.09
1649593800000,42603.4,42672.5,42570,42670.1,651.09
1649594700000,42670.1,42670.1,42521.8,42586.1,772.46
1649595600000,42586,42662.2,42532.5,42638.5,435.87
1649596500000,42638.4,42660.7,42546.5,42593.7,412.03
1649597400000,42593.7,42614.8,42535.1,42614.8,306.46
1649598300000,42614.8,42653.1,42560.1,42574.5,467.34
1649599200000,42574.4,42623.7,42548.2,42621.7,191.24
1649600100000,42621.6,42648.5,42596.8,42646,430.61
1649601000000,42646,42736.4,42641.6,42691.5,960.83
1649601900000,42695.7,42750,42669.3,42691.1,309.51
1649602800000,42691.1,42758.7,42662,42676,573.55
1649603700000,42676,42750.5,42646.1,42721.2,464.97
1649604600000,42721.2,42780.1,42720.3,42749.8,447.59
1649605500000,42749.9,42759,42720.9,42745,194.09
1649606400000,42745,42790,42672,42690.6,683.19
1649607300000,42692.4,42692.5,42656,42670.4,348.33
1649608200000,42670.5,42788,42670.4,42768.8,652.07
1649609100000,42768.9,42790.7,42745.7,42784.7,460.59
1649610000000,42783.8,42980,42783.8,42831.6,1843.61
1649610900000,42831.6,43180,42798.9,43041.8,2357.54
1649611800000,43041.1,43347,42974.2,43188.5,2190.96
1649612700000,43185.5,43203.6,42980.7,43100.2,1000.7
1649613600000,43100.2,43240,43075,43225.5,813.66
1649614500000,43225.6,43230.3,43159.4,43197.4,577.48
1649615400000,43197.4,43265.6,43125.4,43156.8,469.15
1649616300000,43156.9,43180,43092.7,43092.7,298.15
1649617200000,43092.7,43146,43064,43146,499.92
1649618100000,43145.9,43228.7,43136,43206.5,342.06
1649619000000,43206.5,43276.3,43202.3,43266.1,306.65
1649619900000,43266.5,43310.4,43183.3,43230.9,411.49
1649620800000,43228.9,43439.9,43228.9,43371.5,1172.5
1649621700000,43371.6,43371.6,43294.2,43334.1,352.42
1649622600000,43334.1,43373.3,43295.7,43295.8,320.36
1649623500000,43295.8,43299.2,43092.4,43093.7,694.97
1649624400000,43093.6,43185.9,43069.7,43166.7,407.37
1649625300000,43166.7,43189.5,43123,43125.5,160.05
1649626200000,43125.6,43158.4,43017.7,43100.3,409.94
1649627100000,43100.4,43115.9,42666,42706.7,1504.23
1649628000000,42704.3,42738.2,42555,42590.9,1788.25
1649628900000,42590.8,42618.4,42353.8,42385.2,3158.01
1649629800000,42385.2,42417.5,42135,42159.3,2883.48
1649630700000,42160.3,42190.7,41848.4,42113.2,6447.88
1649631600000,42113.2,42310.2,41968.1,42222,2592.87
1649632500000,42222,42369.5,42209.5,42329.6,1454.34
1649633400000,42329.7,42397.7,42206.6,42326.1,1888.93
1649634300000,42326.1,42360,42057.8,42147.3,887.82
1649635200000,42147.8,42231.1,41920,42030.4,2139.03
1649636100000,42030.3,42274.8,41725.9,42268,4180.45
1649637000000,42267.2,42383,42145.5,42247.9,2058.94
1649637900000,42247.9,42370,42180,42297.7,1483.88
1649638800000,42297.8,42356.4,42266.2,42347.2,774.28
1649639700000,42347.1,42415.2,42315.2,42332.1,949.38
1649640600000,42329.2,42340.9,42229.5,42279.7,600.4
1649641500000,42281.4,42281.4,42152.5,42156.5,752.26
1649642400000,42156.5,42220,42025.8,42177.8,1283.36
1649643300000,42177.8,42212.9,41906,42025.8,1789.26
1649644200000,42025.8,42096,41928,42040,785.43
1649645100000,42039.9,42054.9,41806.3,41936.2,1389.95
1649646000000,41938.8,42097.1,41847.7,42007.5,1408.03
1649646900000,42003.8,42072.9,42000,42027,375.8
1649647800000,42022.2,42105,41934.4,42080,819.23
1649648700000,42080,42155,42066.1,42126.4,620.37
1649649600000,42126.4,42206.3,42105.1,42105.6,1477.28
1649650500000,42105.6,42220.3,42102.4,42190,644.29
1649651400000,42190.1,42224.2,42147,42224.2,315.65
1649652300000,42224.2,42294.8,42202.8,42269.2,545.44
1649653200000,42269.2,42299.4,42211.4,42211.7,502.31
1649654100000,42211.7,42300,42204,42281.4,471.78
1649655000000,42281.3,42318.8,42250.7,42250.7,351.68
1649655900000,42250.7,42305.9,42247.4,42293.9,466.73
1649656800000,42294,42296.4,42227.8,42279.9,390.3
1649657700000,42279.9,42285.1,42174.1,42196.7,482.34
1649658600000,42196.7,42263.5,42188,42263.4,271.25
1649659500000,42263.5,42355,42231.9,42257,698.81
1649660400000,42257,42300.8,42173.9,42220.7,799.22
1649661300000,42219.7,42345.9,42182.2,42333.4,515.98
1649662200000,42333.4,42350,42262.8,42270,370.19
1649663100000,42270,42367.8,42264.1,42312,404.48
1649664000000,42312,42352,42255.2,42278.6,525.62
1649664900000,42276.8,42282.6,42184.7,42198.4,956.44
1649665800000,42198.4,42216.1,42084.8,42158.5,962.4
1649666700000,42158.4,42240,42136.9,42206.1,337.08
1649667600000,42203.1,42203.1,42102,42129.6,472.59
1649668500000,42129.6,42147.2,41957,42037.1,1558.21
1649669400000,42037,42037.1,41844.3,41870,2248.92
1649670300000,41870.8,41966,41388,41410.3,4668.09
1649671200000,41410.4,41546.5,40888,41472.7,11059.16
1649672100000,41472.7,41639,41458.4,41462.2,1873.59
1649673000000,41462.3,41537.3,41358,41489.1,1640.71
1649673900000,41489.1,41600,41470,41596.5,773.87
1649674800000,41595.7,41595.7,41429.9,41460,746.14
1649675700000,41460,41462.3,41090.6,41154.5,2509.31
1649676600000,41154.3,41289.7,40937,41199.4,4152.44
1649677500000,41199.5,41214.2,40977,41056.9,1500.04
1649678400000,41061.1,41168.9,40888,41136.1,2058.32
1649679300000,41136.1,41200,41077,41117.4,861.76
1649680200000,41117.4,41230,41025.8,41200,669.14
1649681100000,41201.8,41244.7,41103.9,41138.9,624.95
1649682000000,41136.8,41179.6,40968.6,41067.2,784.85
1649682900000,41063.7,41129.8,40938.2,40987.9,820.5
1649683800000,40987.8,41060.1,40650,41037.9,4750.73
1649684700000,41037.9,41170,40963,41128.4,2178.8
1649685600000,41128.4,41207.9,40987.7,41032.3,1223.68
1649686500000,41032.3,41035.1,40761.4,40830.1,2219.46
1649687400000,40830.1,40929,40774.8,40793.9,899.94
1649688300000,40793.9,40859.4,40685.4,40792.1,1521.1
1649689200000,40792,40942.2,40761.4,40942.1,704.92
1649690100000,40942.2,40969,40751,40779.5,752.32
1649691000000,40779.5,40881,40769.1,40881,557.16
1649691900000,40881,40896.6,40538.9,40566.3,2281.99
1649692800000,40566.4,40770.7,40300,40677.9,3881.14
1649693700000,40677.9,40816.8,40478.7,40525.7,2379.57
1649694600000,40525.7,40737.9,40503,40639.5,3009.99
1649695500000,40638.4,40837.1,40634.1,40767.1,1180.35
1649696400000,40771.1,40899,40678.9,40763.8,1588.27
1649697300000,40762.4,40778,40244,40499.2,4589.38
1649698200000,40499.2,40567.8,40304.4,40323.1,1063.8
1649699100000,40323.1,40466,40314,40461.8,534.1
1649700000000,40461.8,40461.8,40346.6,40350.1,660.9
1649700900000,40350,40416,40223.3,40416,1509.88
1649701800000,40416,40455,40351,40394.4,978.93
1649702700000,40393.8,40519.2,40389.2,40509,522.21
1649703600000,40510.4,40610.4,40377.5,40390.2,1154.41
1649704500000,40390.3,40414.4,39680,39910.6,4491.35
1649705400000,39910.6,39999,39750,39977.8,4063.1
1649706300000,39976.4,40065,39906.6,39977.4,1517.71
1649707200000,39976.7,40080.1,39427,39681.8,4561.3
1649708100000,39679.9,40144.1,39679.9,40086.2,2417.26
1649709000000,40087,40266,39837.9,39846.3,1899.63
1649709900000,39846,39999.4,39813.7,39824.2,1149.74
1649710800000,39824.2,39902.9,39690.9,39805.2,1213.42
1649711700000,39805.2,39862.8,39669.4,39698.8,1045.89
1649712600000,39698.7,39757.8,39261.3,39610.8,2175.86
1649713500000,39608.5,39655.3,39368.4,39385,2351.37
1649714400000,39385,39513,39145,39512.9,5078.06
1649715300000,39513,39846.1,39502.6,39808.9,4125.47
1649716200000,39808.9,39978.8,39790.9,39935.7,1549.92
1649717100000,39935.3,39945.9,39687.3,39757.1,2768.19
1649718000000,39762,39840.4,39580,39707.9,1179.93
1649718900000,39706.8,39732,39580.5,39636.4,1051.41
1649719800000,39636.3,39688.5,39449,39473.9,852.62
1649720700000,39475.1,39536,39378.1,39529.3,975.75
1649721600000,39530.8,39685.3,39351.1,39537.4,1743.55
1649722500000,39537.5,39718.1,39537.4,39663.4,884.46
1649723400000,39663.3,39840,39620,39762,860.71
1649724300000,39762,39790.5,39529.5,39543.6,795.11
1649725200000,39543.7,39675.2,39405,39651.1,709.14
1649726100000,39651.1,39719.3,39551,39706,624.32
1649727000000,39706.1,39724,39501,39596.5,737.12
1649727900000,39596.6,39610.9,39461.6,39508.6,821.32
1649728800000,39508.6,39551.2,39494.5,39528.3,490.5
1649729700000,39528.3,39537.9,39290.1,39327.3,1572.89
1649730600000,39328.3,39454.6,39291.7,39376.9,1272.24
1649731500000,39376.9,39490,39375,39485.3,429.44
1649732400000,39487.2,39617.2,39479.2,39590.2,702.12
1649733300000,39590.1,39603.7,39499.9,39558.5,600.46
1649734200000,39556.7,39739,39538.3,39690.2,1124.18
1649735100000,39690.2,39767,39664.1,39742.3,968.21
1649736000000,39742.3,39772.4,39628.3,39651.9,605.53
1649736900000,39652.9,39933.4,39640.9,39845.8,1112.3
1649737800000,39848.1,39863.1,39769.4,39795,778.36
1649738700000,39794.5,39938.6,39732.8,39907.5,1527.46
1649739600000,39907.6,39967.3,39859.9,39913.8,1071.51
1649740500000,39913.8,40150,39913.8,40039.1,2012.95
1649741400000,40039.2,40048.5,39952.7,40033.2,774.24
1649742300000,40033.2,40130,40024.7,40091.6,769.4
1649743200000,40091.7,40139.8,40023.1,40128.3,617.27
1649744100000,40128.3,40174,39951,39977.8,1371.56
1649745000000,39977.9,39983.3,39844.1,39849.2,1429.17
1649745900000,39849.2,39928.8,39820,39924.3,766.22
1649746800000,39924.2,40039.4,39857.8,40012.5,3892.09
1649747700000,40012.4,40200,39970.7,40160.5,2994.53
1649748600000,40160.5,40165.2,40089,40105,499.07
1649749500000,40105,40180,40089,40179.9,679.25
1649750400000,40180,40364.8,40108.3,40284.5,1837.26
1649751300000,40285.2,40299,40101,40120,1063.62
1649752200000,40113.5,40279.9,40107.3,40256.2,897.74
1649753100000,40256.6,40260,40170.9,40173.5,393.07
1649754000000,40172.7,40203.9,40052,40087.1,1010.57
1649754900000,40087,40160.4,40040,40149.2,566.97
1649755800000,40149.2,40218.4,40115.3,40191.9,334.72
1649756700000,40194.3,40239.4,40136.5,40212.1,425.65
1649757600000,40212,40245.3,40144.8,40165.5,355.11
1649758500000,40165.4,40175.5,40088.1,40129.3,425.51
1649759400000,40129.4,40275.1,40128,40201.4,758.92
1649760300000,40204.3,40257.4,40123.1,40147.6,407.98
1649761200000,40147.7,40152.6,40104,40146.5,283.65
1649762100000,40146.7,40297,40146.6,40294.5,579.28
1649763000000,40294.1,40478.7,40268.8,40339.8,1651.07
1649763900000,40334.5,40440.6,40308.6,40370.4,1764.11
1649764800000,40370.4,40413.1,40296.2,40298.2,1829.7
1649765700000,40298.2,40334.7,40189.4,40308.8,1121.35
1649766600000,40308.3,40696.8,40254.5,40509.6,9410.66
1649767500000,40509.6,40634.2,40450.7,40597.1,3835.71
1649768400000,40597.1,40607.6,40442.8,40504.1,2417.35
1649769300000,40501.7,40577.1,40435,40530.1,1522.92
1649770200000,40530.1,40539.9,40155.7,40351.7,3370.95
1649771100000,40358,40508.8,40314.6,40390.6,1689.83
1649772000000,40390.4,40432,40122.1,40202.7,1747.81
1649772900000,40205.1,40211.4,39782.3,39845.8,3084.18
1649773800000,39845.8,40057.4,39845.8,39963,2241.36
1649774700000,39963.1,40042.2,39915.7,39997.4,1034.94
1649775600000,39996.6,40150,39950,40143,1576.77
1649776500000,40142.9,40337.8,40117.6,40314.2,1835.47
1649777400000,40314.2,40376.6,40202.5,40351.6,1367.55
1649778300000,40351.6,40364.2,40159.3,40189.2,838.14
1649779200000,40189.1,40245.8,40062.1,40195.2,1080.45
1649780100000,40198.9,40388.8,39929.7,40023.3,1392.25
1649781000000,40023.3,40116,39928,39990,1410.23
1649781900000,39990,40148.8,39957.2,40097.6,753.04
1649782800000,40097.6,40215,40002,40167.5,867.26
1649783700000,40167.5,40225.2,40095.2,40107.7,744.57
1649784600000,40107.6,40155.3,40000.1,40014.7,671.15
1649785500000,40014.6,40032.6,39942,40022,538.81
1649786400000,40016,40063.7,39822.4,39833.2,796.84
1649787300000,39833.1,39852.9,39707.7,39774.1,1473.25
1649788200000,39774.1,39806.9,39635.7,39683.1,1134.87
1649789100000,39683.1,39784.3,39670,39671.7,822.27
1649790000000,39674,39728.1,39477.9,39513.8,1668.14
1649790900000,39513.8,39556.5,39400,39437.9,1545.17
1649791800000,39437.9,39630.9,39401.8,39557.7,958.02
1649792700000,39555.4,39609,39252.7,39304.1,1526.37
1649793600000,39304.1,39478,39251.2,39418.3,1076.42
1649794500000,39418.4,39570.1,39391.2,39501.8,830.85
1649795400000,39501.8,39597.9,39264.4,39436.1,1162.86
1649796300000,39436.1,39574.2,39360.9,39520.8,579.94
1649797200000,39520.8,39735.5,39481.1,39727.9,612.69
1649798100000,39727.9,39735.5,39585.4,39710,573.21
1649799000000,39710,39710,39600,39707.9,136.09
1649799900000,39705.7,39735.5,39609.2,39694.9,375.04
1649800800000,39692.6,39699.9,39569.1,39692.6,636.94
1649801700000,39692.6,39699.9,39590,39624.3,370.5
1649802600000,39624.3,39846.4,39580.2,39609.7,1475.47
1649803500000,39612.9,39939,39563.5,39828.5,1413.15
1649804400000,39828.5,39967.6,39817.6,39900.1,1037.31
1649805300000,39900,40291,39883.7,40101.6,2173.55
1649806200000,40101.5,40192.9,39954.7,40062.2,937.99
1649807100000,40062.2,40173.1,40028.2,40070.3,635.11
1649808000000,40070.3,40186,40006.6,40166.4,960.88
1649808900000,40166.4,40171.7,40071.2,40071.2,296.15
1649809800000,40068,40089.9,40029.4,40060.9,617.05
1649810700000,40062.8,40076.8,39887.6,39932.9,711.33
1649811600000,39934.6,39934.7,39723.5,39787.2,922.75
1649812500000,39787.1,39801.8,39586,39626.4,1309.56
1649813400000,39628.9,39838,39595.5,39778.5,726.45
1649814300000,39778.4,39885.3,39714.6,39878.4,449.53
1649815200000,39878.5,39931.8,39795.8,39801.6,603.73
1649816100000,39801.6,39814.5,39705.1,39772.2,430.48
1649817000000,39772.3,40180,39772.2,40075,1760.01
1649817900000,40075,40126.3,39988.7,40047.4,481.02
1649818800000,40047.3,40171.2,40010.4,40142.2,720.38
1649819700000,40142.2,40278,40142.2,40172.8,1267.02
1649820600000,40176.5,40196.5,40096.8,40169.5,466.76
1649821500000,40168.3,40178.2,40073.6,40076.5,495.75
1649822400000,40076.5,40103.4,39972.4,39990.5,577.11
1649823300000,39990.5,40042.3,39921,39982.6,454.72
1649824200000,39982.6,40025,39931,39981,240.27
1649825100000,39980.9,40131.9,39972,40129.3,415.09
1649826000000,40129.3,40150.1,40064.2,40075.3,322.03
1649826900000,40075.3,40116.9,40050,40082.8,246.69
1649827800000,40082.8,40180,40067.3,40105.3,319.86
1649828700000,40105.3,40200,40080.3,40174.1,246.48
1649829600000,40174,40220.1,40105.1,40121.4,347.09
1649830500000,40118.8,40127.6,40055.8,40067.8,302.26
1649831400000,40067.8,40130,40041.2,40067.3,282.29
1649832300000,40067.3,40125.5,39840.8,39950.4,1064.1
1649833200000,39950.5,40080.5,39890.1,39990.5,880.75
1649834100000,39990.5,40249.8,39986.7,40164.2,1066.89
1649835000000,40164.3,40184.8,40079,40113.8,679.45
1649835900000,40113.8,40189.9,40078.4,40127.2,520.95
1649836800000,40127.3,40188.8,40114.1,40142.4,497.55
1649837700000,40142.4,40156.8,40022.2,40052.9,581.63
1649838600000,40052.9,40162.4,40042.3,40128.8,288.48
1649839500000,40128.7,40199.1,40124,40156.8,584.84
1649840400000,40156.9,40209.8,40101.9,40149,501.69
1649841300000,40149,40180,40085,40110.6,279.69
1649842200000,40110.6,40117.7,40040,40040,593.74
1649843100000,40040,40207,40015.7,40073.5,1621.31
1649844000000,40073.5,40135,40037.7,40045.6,693.67
1649844900000,40045.6,40062.9,39790,39855.1,1747.35
1649845800000,39855.2,39922,39813.4,39856.3,786.74
1649846700000,39856.3,39920,39736.6,39815,761.39
1649847600000,39813.5,39907.8,39808,39840.7,438.2
1649848500000,39840.7,39980,39840.7,39971,498.53
1649849400000,39971,39994.8,39776.6,39827.4,1151.07
1649850300000,39827.9,39922,39676.3,39712.9,980.33
1649851200000,39714.2,39961.6,39636,39855.7,4186.56
1649852100000,39855.8,39900,39712.1,39715.1,581.12
1649853000000,39715,39840,39650.8,39820.7,831.2
1649853900000,39820.8,39842.3,39708.7,39710,272.01
1649854800000,39710.1,39765.9,39622,39765.9,589.12
1649855700000,39765.9,39869.9,39717,39840,581.02
1649856600000,39841,40367,39791.2,40323.2,3203.32
1649857500000,40323.2,40588,40245.3,40516.8,3859.68
1649858400000,40516.8,40670,40445.3,40644.4,1893.85
1649859300000,40644.5,40975,40570,40585.3,4445.1
1649860200000,40585.3,40735,40380,40717.6,2317.78
1649861100000,40716.9,40746.4,40580.3,40650.2,835.22
1649862000000,40650,40988,40644.2,40913.9,1727.54
1649862900000,40912.9,41388,40860,41293.2,4821.63
1649863800000,41293.2,41419.1,41100,41159.6,2044.95
1649864700000,41159.6,41273,41116.3,41149.4,872.04
1649865600000,41156.9,41300,41084.6,41289,909.31
1649866500000,41289,41339.9,41123,41130,824.14
1649867400000,41130,41190,41030.8,41127.3,726.53
1649868300000,41127.4,41241,40933,41006.5,2708
1649869200000,41006.5,41088,40815,41010,2651.68
1649870100000,41010,41139,41002.1,41114.1,524.3
1649871000000,41114.2,41119.9,40875.7,40884.3,1646.43
1649871900000,40884.3,41080,40867.5,41038.8,1642.07
1649872800000,41038.8,41110,40988.7,41101.2,356.24
1649873700000,41101.3,41235,41057.5,41182.2,677.49
1649874600000,41182.2,41277,41151.8,41270.6,271.36
1649875500000,41270.5,41388.7,41226.9,41352.9,558.55
1649876400000,41361.7,41570.7,41231.2,41233.2,1295.44
1649877300000,41233.3,41352.2,41227.9,41322.9,226.7
1649878200000,41322.9,41323,41130.7,41187.5,370.41
1649879100000,41187.5,41210.9,41032.4,41055.7,688.41
1649880000000,41059.3,41137.5,40981.2,41085.6,367
1649880900000,41085.5,41247.8,41081.6,41142.5,454.04
1649881800000,41142.6,41262.6,41135.6,41168.6,112.13
1649882700000,41168.6,41325.8,41146.4,41236,259.79
1649883600000,41232.8,41255.1,41190,41198.3,113.07
1649884500000,41198.3,41318.9,41184,41184,148.2
1649885400000,41183.6,41281,41155.5,41165.6,132.85
1649886300000,41163.7,41220.7,41081.6,41220.6,206.84
1649887200000,41220.5,41258.5,41153.4,41222.5,128.53
1649888100000,41222.5,41302.6,41163.3,41260.5,386.74
1649889000000,41260.5,41390,41257.5,41257.5,312.64
1649889900000,41257.6,41327.1,41199.9,41272.6,342.23
1649890800000,41272.6,41330.2,41074.6,41187.4,731.65
1649891700000,41186.6,41200,41130,41156.6,159.84
1649892600000,41156.6,41190.2,41127.8,41148.9,141.25
1649893500000,41148.9,41169,41085,41149.3,163.16
1649894400000,41149.4,41183.7,41061.7,41177.6,262.62
1649895300000,41177.5,41230,41094.8,41226.8,307.06
1649896200000,41226.8,41274.8,41141.2,41161,236.62
1649897100000,41156.1,41245.1,41107.1,41188.2,302.17
1649898000000,41188.2,41251,41183.1,41226.2,196.21
1649898900000,41226.2,41359.3,41226.2,41351.7,469.58
1649899800000,41353.1,41380,41290.2,41340.7,536.12
1649900700000,41340.8,41479,41320.1,41455.8,692.28
1649901600000,41455.7,41468.7,41381,41387,587.8
1649902500000,41387,41396,41328.8,41376.1,415.25
1649903400000,41376,41451.2,41341.6,41411.1,315.06
1649904300000,41411.2,41441.8,41345.3,41403.9,467.24
1649905200000,41409.1,41447.9,41281,41322,605.22
1649906100000,41324.7,41353.3,41270.4,41283,436.69
1649907000000,41284.1,41330,41269.8,41302.3,314.13
1649907900000,41302.3,41360,41281.8,41320.4,270.1
1649908800000,41320.4,41408.3,41314.7,41408.3,375.37
1649909700000,41408.2,41408.3,41350.7,41366.3,230.43
1649910600000,41366.3,41403.7,41273,41283.6,380.18
1649911500000,41283.6,41295.9,41230,41295,504.5
1649912400000,41295.1,41349.1,41283.2,41336.9,226.61
1649913300000,41336.8,41336.8,41272.3,41277.5,212.81
1649914200000,41277.5,41297.4,41236.6,41283.4,221.68
1649915100000,41286.4,41328.8,41249.3,41317.3,271.29
1649916000000,41317.4,41338.1,41209,41209.4,391.65
1649916900000,41209.4,41263.1,41209.4,41259.9,280.68
1649917800000,41259.9,41259.9,41139.2,41193.3,1530.72
1649918700000,41193.2,41200,41157.1,41194.5,423.63
1649919600000,41194.4,41200,41156,41189,352.31
1649920500000,41189,41283.6,41180.7,41261.6,1059.91
1649921400000,41261.6,41319,41232.2,41315.1,314.34
1649922300000,41315,41354.5,41263.1,41268.8,462.17
1649923200000,41267.7,41323.2,41243,41296.9,458.69
1649924100000,41296.8,41324,41203.2,41218.7,277.21
1649925000000,41218.7,41280,41189.6,41217.8,643.38
1649925900000,41217.8,41224.9,41155.3,41169.5,539.54
1649926800000,41169.5,41180,41156.8,41160.1,465.07
1649927700000,41158.7,41169.1,40940.4,41056.8,837.76
1649928600000,41056.8,41194.7,41006.9,41150,589.38
1649929500000,41150,41219.8,41072.1,41183.4,396.71
1649930400000,41183.5,41219.9,41153.9,41183.7,538.87
1649931300000,41183.7,41225.1,41106.4,41150.1,669.55
1649932200000,41150.1,41156.7,41022.6,41077.6,417.77
1649933100000,41077.6,41077.6,40934,40944.9,1101.51
1649934000000,40945,41078.1,40944.9,41056.9,945.72
1649934900000,41057,41064.5,40950,41001.8,343.37
1649935800000,41004.5,41048.8,40972.4,40981.5,358.58
1649936700000,40981.5,41055,40852.8,40923,1187.03
1649937600000,40923,41003.3,40877,41000,895.77
1649938500000,41000,41105.6,40992.9,41028.3,850.88
1649939400000,41024.3,41082,40980,41033.7,337.82
1649940300000,41033.7,41194.1,41010.8,41157.2,1257.13
1649941200000,41157.2,41294.1,41152,41169.3,1356.54
1649942100000,41169.4,41218.9,41068.3,41206.8,826.56
1649943000000,41206.9,41300,40650,40742.3,5067.25
1649943900000,40742.4,40838.6,40521,40621,5067.17
1649944800000,40621,40667.6,40316.8,40452.6,4213.71
1649945700000,40452.6,40520.4,40328.8,40492,1787.76
1649946600000,40491.9,40677.3,40388,40439.5,2909.96
1649947500000,40439.5,40490.6,40370.2,40446.8,801.61
1649948400000,40441.1,40498,40403.6,40433.9,600.45
1649949300000,40434,40485.7,40360.4,40434.5,858.88
1649950200000,40434.5,40444,39950,39986.5,4225.98
1649951100000,39986.5,40053.8,39941.3,39985.3,2626.5
1649952000000,39983.9,40072.2,39852.7,39994.3,2627.88
1649952900000,39994.3,40022.6,39893.6,39955.7,1806.18
1649953800000,39955.7,39990.5,39757.7,39872.2,2024.33
1649954700000,39872.1,39962.1,39783.9,39960.2,822.51
1649955600000,39959.9,39987.3,39866,39882.2,620.59
1649956500000,39882.2,39946.3,39860.5,39938.1,488
1649957400000,39938.1,40053.4,39885.3,39885.3,763.34
1649958300000,39885.4,39982.5,39834.5,39982.5,751.36
1649959200000,39981.7,40022.9,39917.9,39949.6,654.35
1649960100000,39949.6,39973.7,39840,39928.5,529.69
1649961000000,39927.1,39968.7,39829.2,39897.4,423.7
1649961900000,39897.5,39930.2,39625.8,39660.5,1501.71
1649962800000,39660.5,39780,39546,39739.8,1310.75
1649963700000,39740.7,39799,39700.4,39750.6,509.05
1649964600000,39754.6,39796.1,39710.1,39778.5,371.64
1649965500000,39779.7,39844,39734.4,39772.6,510.42
1649966400000,39776.5,39799.3,39663.9,39706,854.27
1649967300000,39702.9,39783.8,39668.6,39768.9,316.1
1649968200000,39768.9,39900.9,39768.8,39837.4,491.69
1649969100000,39837.4,39908,39795.2,39906.5,300.56
1649970000000,39903.4,39934.2,39858.9,39858.9,277.22
1649970900000,39858.1,39906.1,39857.6,39898.3,90.17
1649971800000,39898.4,39993.8,39892.2,39892.6,238.19
1649972700000,39892.7,39976,39892,39952.4,166.7
1649973600000,39953.5,40037,39936.2,39997.7,408.8
1649974500000,39997.7,39997.8,39950,39972,199.64
1649975400000,39972.3,39979.6,39825.3,39873.5,503.05
1649976300000,39873.5,39911.8,39800,39840,369.93
1649977200000,39840,39919.3,39823,39900,259.66
1649978100000,39900,39907.8,39846.5,39895.2,235.95
1649979000000,39895.3,39939,39851.9,39932,255.11
1649979900000,39932.1,39938.9,39884.2,39938.8,196.06
1649980800000,39938.9,40011,39901,39958.9,788.14
1649981700000,39958.9,40197,39934.7,40099.8,1261.59
1649982600000,40098.9,40103.2,39824,39847.9,886.13
1649983500000,39847.9,39906.1,39761.8,39859.2,945.54
1649984400000,39859.2,39922.4,39836.6,39887.2,398.44
1649985300000,39887.9,39957.4,39879.1,39944.6,382.02
1649986200000,39944.5,39976.5,39876.1,39976.4,397.13
1649987100000,39976.5,39976.5,39931,39939,236.44
1649988000000,39938.9,39960.4,39905.9,39941.1,197.44
1649988900000,39941.1,40079.4,39923.4,40023.8,801.2
1649989800000,40023.7,40063,39984.7,40028.2,359.91
1649990700000,40028.2,40051.5,39973.7,40013,236.42
1649991600000,40013,40106.2,39999.3,40077.2,507.88
1649992500000,40077.2,40174.7,40040.9,40125.8,501.49
1649993400000,40125.8,40184.3,40090,40108.6,709.07
1649994300000,40105.7,40216.6,40105.6,40199.2,424.88
1649995200000,40199.2,40205,40152.3,40193,437.69
1649996100000,40193,40258,40145.2,40153.7,560.87
1649997000000,40153.7,40153.8,40108.9,40144,318.32
1649997900000,40144,40149.9,40063.1,40100.5,426.55
1649998800000,40100.5,40141.9,40076.9,40102.4,208.39
1649999700000,40102.5,40193.5,40100.1,40171.5,500.43
1650000600000,40171.5,40208.4,40124.2,40184.9,298.91
1650001500000,40184.9,40184.9,40111.4,40124.2,281.52
1650002400000,40124.3,40165.7,40082.7,40146.8,251.08
1650003300000,40146.8,40146.8,40087.2,40100,210.17
1650004200000,40100,40108,39955.1,39991.5,767.69
1650005100000,39991.5,40071.1,39968.3,40042.3,383.15
1650006000000,40042.2,40055.8,39975.9,40003.8,368.19
1650006900000,40003.8,40035.1,39956.2,39973.2,264.55
1650007800000,39973.2,40144,39973.2,40121.8,957.71
1650008700000,40121.9,40450,40103.1,40240.7,3802
1650009600000,40244.2,40346,40132.1,40344.1,963.3
1650010500000,40344.1,40388,40113,40116.8,1344.58
1650011400000,40116.8,40193.6,40102,40167.9,1042.58
1650012300000,40167.9,40212.3,40122,40157.8,326.38
1650013200000,40157.8,40198.9,40129,40195.2,220.03
1650014100000,40195.2,40195.2,40090.3,40155.2,426.26
1650015000000,40155.1,40165.8,40091,40117,399.01
1650015900000,40117.1,40196,40040.8,40121.5,447.48
1650016800000,40121.5,40204.8,40100,40175,1044.45
1650017700000,40175.1,40275.3,40123.8,40255.9,428.22
1650018600000,40255.9,40262,40160.5,40228,325.07
1650019500000,40228.1,40400,40228.1,40270.1,1349.34
1650020400000,40270.2,40368.9,40245.9,40322.4,457.24
1650021300000,40322.4,40354.7,40221.2,40221.2,505.32
1650022200000,40221,40225.3,40103.2,40165.9,602.26
1650023100000,40165.9,40249,40147.1,40228.3,331.08
1650024000000,40231.5,40262.5,40158.1,40211.5,321.7
1650024900000,40211.4,40267,40195,40209.5,224.5
1650025800000,40203.2,40214.6,40140.1,40213.2,630.38
1650026700000,40213.2,40213.2,40124.8,40165.7,470.67
1650027600000,40171.4,40191,40080.4,40108.1,488.21
1650028500000,40108.1,40245.5,40100,40204.9,523.84
1650029400000,40204.9,40240,40163.2,40183.8,372.09
1650030300000,40183.9,40207.9,40000,40047.3,1267.91
1650031200000,40047.3,40138.6,40030.2,40100.5,505.89
1650032100000,40100.6,40130,39910,39999.9,782.17
1650033000000,40000,40135.8,39989.9,40102.7,541.02
1650033900000,40102.7,40890.7,40102.6,40454.8,6004.6
1650034800000,40454.9,40577,40364.6,40421.9,1542.8
1650035700000,40421.8,40543.7,40355,40512.6,842.64
1650036600000,40512.7,40529.2,40434,40496.9,388.34
1650037500000,40496.9,40518,40405.1,40413.7,407.94
1650038400000,40413.6,40439,40228,40285.6,1072.25
1650039300000,40285.6,40339.4,40238,40279.3,608.86
1650040200000,40279.2,40358,40260.2,40329.6,424.62
1650041100000,40329.6,40450,40319.6,40382.7,503
1650042000000,40382.8,40666,40358.4,40501.8,1640.85
1650042900000,40501.8,40538.1,40450,40467.7,456.96
1650043800000,40467.7,40548.2,40373.7,40407.1,1460.54
1650044700000,40407.1,40452.7,40390,40429.4,264.53
1650045600000,40429.4,40465,40350.7,40456.5,222.69
1650046500000,40461.4,40462.2,40361.4,40410.1,462.37
1650047400000,40410,40437.8,40375,40390.8,250.04
1650048300000,40391.9,40429.5,40360.1,40384.1,228.62
1650049200000,40384,40393.2,40265,40332,589.16
1650050100000,40333,40333.3,40291.8,40329.1,287.99
1650051000000,40329.1,40337.7,40288.2,40310.7,168.63
1650051900000,40310.7,40359.9,40295.2,40312.5,183.55
1650052800000,40312.5,40355.6,40297.4,40307.3,148.74
1650053700000,40307.3,40307.3,40273.7,40288.8,139.56
1650054600000,40288.9,40343.6,40274,40343.6,77.25
1650055500000,40343.5,40401.8,40319.7,40397.2,229.59
1650056400000,40397.2,40443.2,40386.3,40430.3,125.95
1650057300000,40429.4,40430.1,40362.3,40425.8,62.63
1650058200000,40427.1,40430,40401.7,40430,63.1
1650059100000,40430,40460.3,40389.2,40418.5,135.93
1650060000000,40418.6,40430,40338.3,40394,187.34
1650060900000,40394,40442,40355,40402.5,121.39
1650061800000,40406.3,40448,40393.3,40423.1,96.3
1650062700000,40426.1,40495.6,40400.8,40460.5,200.3
1650063600000,40460.5,40489.9,40435.8,40466.6,127.08
1650064500000,40466.1,40466.1,40412.6,40457.4,42.9
1650065400000,40457.4,40597.9,40440.8,40563.8,352.69
1650066300000,40563.7,40595.4,40511.6,40541,219.46
1650067200000,40541,40564.6,40465.8,40467.9,304.01
1650068100000,40467.9,40503.4,40458.2,40491.9,201.52
1650069000000,40491.9,40530.3,40472.2,40513.8,170.08
1650069900000,40515.3,40585.5,40515.2,40557.3,259.27
1650070800000,40557.4,40580.1,40513.6,40549.3,258.09
1650071700000,40549.3,40734.9,40549.3,40577.9,831.31
1650072600000,40577.8,40596.9,40551.2,40567.7,294.17
1650073500000,40567.5,40607.7,40553.1,40566.9,200.66
1650074400000,40566.9,40584.7,40504,40541.3,243.13
1650075300000,40541.2,40595,40523.5,40575.9,122
1650076200000,40575.9,40584.4,40540.9,40546.9,180.22
1650077100000,40546.9,40598,40521,40521,266.74
1650078000000,40520.9,40520.9,40423.6,40455.1,672.57
1650078900000,40455.1,40476.2,40420,40438.6,346.8
1650079800000,40438.5,40491.3,40438.5,40491.2,138.37
1650080700000,40491.2,40502.3,40420,40442.1,226.86
1650081600000,40441.2,40447.1,40428,40432.9,126.05
1650082500000,40434.6,40484.9,40432.7,40480.4,144.14
1650083400000,40480.4,40559.9,40472.7,40534.1,432.65
1650084300000,40534.1,40541.8,40508.7,40531.6,157.54
1650085200000,40531.6,40532.1,40500,40506.1,88.05
1650086100000,40506.1,40513.8,40440,40505,200.91
1650087000000,40505.1,40505.3,40405,40443.7,270.39
1650087900000,40443.7,40477.9,40371,40455.7,471.35
1650088800000,40455.7,40455.7,40424.4,40449.9,158.88
1650089700000,40445.6,40458,40410.4,40410.5,103.47
1650090600000,40410.4,40426,40378.4,40385.5,276.84
1650091500000,40385.5,40425.3,40382.6,40425.2,110.48
1650092400000,40425.2,40452.5,40403.1,40419.9,170.74
1650093300000,40419.9,40427.1,40385,40421.5,103.98
1650094200000,40421.4,40425.6,40364.6,40396.2,152.43
1650095100000,40396.2,40427.1,40380.8,40399.8,131.42
1650096000000,40399.8,40422.1,40355,40421.1,217.68
1650096900000,40421.1,40457.8,40404.4,40404.5,261.97
1650097800000,40408.5,40408.6,40342.6,40380,362.95
1650098700000,40379.9,40390.9,40351,40378.6,145.64
1650099600000,40378.6,40420,40345.8,40409.8,201.66
1650100500000,40409.8,40419.3,40376.8,40392.4,110.03
1650101400000,40392.3,40397.3,40270,40354.7,745.03
1650102300000,40354.7,40372.7,40287.9,40329.4,498.16
1650103200000,40329.4,40349.9,40312.9,40349.4,201.29
1650104100000,40349.3,40501.3,40322.2,40416.4,1306.07
1650105000000,40420.2,40420.2,40377,40398.5,119.06
1650105900000,40398.4,40456,40390.1,40414.6,222.46
1650106800000,40414.6,40503.8,40406.4,40406.5,394.33
1650107700000,40406.4,40468.6,40394,40436.2,231.83
1650108600000,40436.2,40482.6,40436.1,40453.9,296.87
1650109500000,40453.9,40465,40396,40427.1,612.56
1650110400000,40427.1,40459.2,40394,40398.8,230.73
1650111300000,40398.9,40477.9,40342,40466.2,870.64
1650112200000,40466.2,40490,40410.1,40417.7,296.34
1650113100000,40417.8,40468.1,40406.2,40458.1,239.01
1650114000000,40458.2,40466.5,40439.7,40447.1,129.07
1650114900000,40447.2,40465,40410.8,40410.8,197.68
1650115800000,40410.9,40429.6,40379,40408,403.15
1650116700000,40408,40459.5,40380,40447.7,386.35
1650117600000,40447.7,40465,40415.5,40415.6,192.13
1650118500000,40415.5,40520.7,40404,40491.2,338.39
1650119400000,40491.2,40497.2,40433.2,40476.7,205.48
1650120300000,40476.8,40500.7,40460.5,40499.4,196.36
1650121200000,40499.4,40585,40140,40175.5,3194.2
1650122100000,40175.6,40332.7,40110.4,40210.1,3077.41
1650123000000,40210,40247.3,39977.8,40137,1748.38
1650123900000,40137,40165.3,40000.6,40073.3,878.73
1650124800000,40073.3,40173.6,40010,40143,846.89
1650125700000,40142.9,40173,40127.8,40142.4,348.29
1650126600000,40142.4,40180,40131,40171.2,158.72
1650127500000,40171.3,40234,40120.7,40207.9,422.57
1650128400000,40205.1,40235,40165.7,40176.8,348.95
1650129300000,40176.7,40194.9,40142.8,40154.5,136.26
1650130200000,40154.5,40189.3,40135.9,40138.5,145.23
1650131100000,40140,40159.9,40104,40156.8,196.45
1650132000000,40156.8,40203.8,40145.3,40157.3,87.81
1650132900000,40157.4,40168.7,40106.1,40158.9,127.07
1650133800000,40158.8,40162.1,40123.7,40137.1,89.21
1650134700000,40141.7,40195,40141.7,40193.1,243.21
1650135600000,40193.1,40272.8,40171.3,40240.6,389
1650136500000,40240.6,40255.4,40195.6,40204.2,97.95
1650137400000,40205.3,40239.2,40189.9,40213.3,77.58
1650138300000,40213.3,40234.7,40188,40214.2,120.44
1650139200000,40214.2,40232.3,40180,40191.7,107.13
1650140100000,40191.6,40218.6,40187.4,40215.5,101.76
1650141000000,40215.4,40235.3,40201.7,40203.8,70.84
1650141900000,40203.8,40499.7,40201.1,40283.9,944.14
1650142800000,40283.8,40341.8,40283.8,40311.3,262.94
1650143700000,40306,40393.1,40300,40393.1,159.19
1650144600000,40393.1,40464,40350,40417.9,233.8
1650145500000,40417.7,40616.6,40410.8,40490,1193.82
1650146400000,40490.1,40699,40490.1,40583.3,1319.57
1650147300000,40583.3,40597.5,40453,40521,512.6
1650148200000,40521.2,40537.1,40442.6,40471.6,197.47
1650149100000,40471.6,40483.8,40392.2,40408.9,254.3
1650150000000,40409,40444,40393.3,40398.8,159.32
1650150900000,40398.8,40492.2,40398.3,40479.2,326.16
1650151800000,40479.2,40502,40437,40486.9,184
1650152700000,40486.9,40486.9,40370.7,40380.2,252.88
1650153600000,40380.1,40422.8,40362.3,40375.7,255.64
1650154500000,40375.7,40408.8,40315,40340.5,293.69
1650155400000,40340.6,40390.3,40330.2,40351.1,143.06
1650156300000,40351.2,40411,40351.2,40382.2,136.65
1650157200000,40382.2,40396.4,40350.2,40369.6,130.89
1650158100000,40369.5,40413.4,40332.7,40400.2,168.97
1650159000000,40400.2,40410.3,40365.3,40410.3,195.97
1650159900000,40410.3,40432.8,40384.4,40393,208.23
1650160800000,40393,40393,40353,40376.5,157.9
1650161700000,40376.5,40376.6,40245.6,40253.2,303.21
1650162600000,40253.1,40288,40157.2,40219.7,1159.72
1650163500000,40213.5,40230.5,40122.8,40171,751.82
1650164400000,40170.9,40193.7,40134.4,40193.7,320.03
1650165300000,40193.7,40250,40193.6,40240,247.61
1650166200000,40240,40296.2,40233.6,40275.2,291.61
1650167100000,40275.2,40300,40236,40236,164.47
1650168000000,40234.8,40293,40231.9,40292.9,167.37
1650168900000,40292.9,40348,40280.9,40320.1,330.83
1650169800000,40320.1,40323.6,40292.8,40320.1,157.88
1650170700000,40320.2,40327.5,40276.6,40285.1,132.38
1650171600000,40285.1,40298.5,40254.7,40298.4,228.36
1650172500000,40298.4,40328.8,40287.8,40320.4,213.89
1650173400000,40320.3,40359.2,40308.3,40315.4,244.26
1650174300000,40315.3,40450,40315.3,40362.7,630.19
1650175200000,40362.6,40386.9,40319.9,40348.7,293.01
1650176100000,40348.7,40348.7,40315,40335.6,114.42
1650177000000,40335.6,40395.3,40330,40331.1,212.46
1650177900000,40331,40370,40323.4,40323.4,73.65
1650178800000,40323.5,40338.8,40315,40336,129.39
1650179700000,40335.9,40364,40290.1,40304.4,146.24
1650180600000,40304.3,40304.4,40244,40277.7,343.22
1650181500000,40277.7,40300,40271.3,40292.8,93.91
1650182400000,40292.8,40382,40288.3,40362.7,450.97
1650183300000,40362.8,40426,40362.8,40370,475.73
1650184200000,40369.9,40375.3,40347.9,40348.1,132.26
1650185100000,40347.8,40417.3,40343.8,40392.6,208.92
1650186000000,40392.6,40532.2,40392.6,40488.7,1001.95
1650186900000,40488.8,40520,40455.2,40469.3,381.49
1650187800000,40469.2,40469.3,40424.5,40426,176.85
1650188700000,40426,40437.4,40413.7,40419.2,127.24
1650189600000,40419.1,40469.9,40419.1,40433.6,199.82
1650190500000,40433.6,40458,40417.2,40419.7,116.03
1650191400000,40419.7,40437,40394.3,40394.3,116.98
1650192300000,40393.2,40425.8,40379.8,40422,148.95
1650193200000,40422.1,40432.3,40384.8,40400.9,165.78
1650194100000,40401,40412,40360.7,40407.8,335.59
1650195000000,40407.8,40467.8,40392.1,40448.7,212.56
1650195900000,40448.8,40468,40402.4,40467.1,214.7
1650196800000,40467.1,40493.6,40398.7,40415.3,281.6
1650197700000,40415.3,40418.2,40365.9,40399.8,264.92
1650198600000,40399.8,40460,40399.8,40454.7,179.08
1650199500000,40454.7,40460,40413.9,40426.3,111.98
1650200400000,40426.4,40446.3,40400,40446.3,185.13
1650201300000,40446.3,40557.9,40389.9,40400,1125.38
1650202200000,40400,40588,40330.1,40554.5,1384.43
1650203100000,40554.5,40580,40235,40299.4,3436.85
1650204000000,40299.4,40375,40181,40347.9,1778.97
1650204900000,40349,40385,40306,40382.7,320.39
1650205800000,40382.7,40429.5,40361.5,40361.5,428.07
1650206700000,40361,40414.1,40333,40353.6,406.53
1650207600000,40353.6,40384.9,40320,40320.8,220.58
1650208500000,40320.8,40414.3,40315,40391.8,356.8
1650209400000,40391.9,40466.8,40384.9,40442.1,456.75
1650210300000,40442,40479.4,40418,40439.2,218.91
1650211200000,40439.2,40470.9,40420.6,40465.6,216.08
1650212100000,40465.6,40465.6,40428.3,40428.3,110.95
1650213000000,40428.2,40438.4,40379.6,40405,148.44
1650213900000,40405.1,40405.1,40088,40191.1,1632
1650214800000,40191,40238.3,40166,40238.2,479.22
1650215700000,40238.3,40271.6,40171.4,40180.1,375.13
1650216600000,40175.9,40220.8,40170.1,40211,181.72
1650217500000,40211.1,40211.1,40030,40108.6,801.59
1650218400000,40108.6,40168,39785.1,39951.5,2676.98
1650219300000,39951.5,40099,39906.7,40076.8,743.83
1650220200000,40074.3,40138.9,40050.3,40113.3,328.03
1650221100000,40112.3,40138.9,40072.6,40125.3,254.05
1650222000000,40126.2,40164.5,40089.9,40090.1,223.24
1650222900000,40091.4,40142.7,40091.4,40122.1,88.24
1650223800000,40122,40212.3,40117,40169.2,303.93
1650224700000,40169.2,40450,40166.3,40377.7,1391.8
1650225600000,40377.7,40447.8,40341.1,40341.1,270.18
1650226500000,40339.3,40399.9,40339.3,40359.9,146.92
1650227400000,40359.8,40433.4,40347.9,40370.2,156.63
1650228300000,40370.1,40385.1,40250.8,40264.4,303.29
1650229200000,40264.4,40284.9,40176.1,40177.3,256.92
1650230100000,40177.4,40210.1,40130.1,40189.8,199.43
1650231000000,40189.6,40274.3,40147,40206.8,158.09
1650231900000,40206.7,40225.6,40159.6,40211.1,170.47
1650232800000,40211.1,40280.7,40029.2,40267.6,999.22
1650233700000,40267.7,40330,40226.8,40282.5,508.95
1650234600000,40277.4,40303.2,40120.4,40149.5,869.51
1650235500000,40154,40154,39918.6,40000.7,966.26
1650236400000,40000.9,40004.7,39846.5,39921.6,1111.21
1650237300000,39921.6,39987,39618,39647.6,2296.41
1650238200000,39647.5,39719.6,39528,39604.5,1718.12
1650239100000,39604.4,39750,39542.1,39673.2,1087.11
1650240000000,39672.4,39731.1,39573.5,39731.1,939.36
1650240900000,39731.1,39765.6,39704,39749.9,518.85
1650241800000,39749.9,39749.9,39631.6,39709.6,406.08
1650242700000,39709.6,39750,39660.1,39721.5,299.83
1650243600000,39721.4,39825.3,39707.7,39778.4,448.14
1650244500000,39778.5,39778.5,39656,39707.4,469.35
1650245400000,39711.9,39769,39660.8,39734.6,397
1650246300000,39734.5,39760,39697.1,39735.6,283.44
1650247200000,39735.5,39844.2,39715.3,39755,521.03
1650248100000,39755,39783.2,39733.6,39783.1,179.11
1650249000000,39783.2,39819.7,39769.6,39792.3,286.59
1650249900000,39792.3,39799.8,39754.4,39781.3,331.29
1650250800000,39781.2,39911.7,39781.2,39807.9,532.91
1650251700000,39808,39825.3,39740,39815.7,347.85
1650252600000,39819,39835.5,39733.2,39821.1,345.36
1650253500000,39820.3,39855,39801.3,39807.1,312.62
1650254400000,39807.1,39833.2,39568.1,39639.1,1096.61
1650255300000,39639.1,39660.5,38641.3,38907.5,12232.1
1650256200000,38907.2,39020.3,38804.5,38899.6,1542.43
1650257100000,38899.6,38928.7,38777,38830.5,963.82
1650258000000,38830.5,38855.9,38496,38797.9,2932.76
1650258900000,38797.9,38959,38796.7,38959,942.41
1650259800000,38959,38978,38888,38922.1,657.47
1650260700000,38922.2,38963.3,38890,38916.6,507.83
1650261600000,38916.6,38964.7,38875.2,38907.1,455.21
1650262500000,38907,38953.5,38899,38953.5,162.23
1650263400000,38953.6,39058,38912.2,39003.6,789.36
1650264300000,39003.5,39029.4,38966.5,38966.6,376.61
1650265200000,38966.6,39050,38966.5,39018.3,701.49
1650266100000,39018.3,39024.8,38880.3,38934.1,740.4
1650267000000,38934.1,39002.9,38906.1,38943,465.11
1650267900000,38943,38949.3,38795.1,38910.2,1045.7
1650268800000,38919.9,39022,38910.2,38989.6,799.72
1650269700000,38989.6,39058,38933,38966.6,716.91
1650270600000,38966.6,39007.3,38958,39004.3,229.25
1650271500000,39004.3,39004.9,38850,38875,729.39
1650272400000,38875,38918.5,38802,38899,634.45
1650273300000,38898.9,38904,38821.2,38867.1,301.19
1650274200000,38860.2,38997,38854.8,38936,782.25
1650275100000,38936.1,38985.8,38920,38976.8,298.21
1650276000000,38976.8,39012,38942.7,38991,331.46
1650276900000,38990.9,39055.9,38950.1,39031.7,417.69
1650277800000,39036.5,39146.4,38973.2,38983.5,915.49
1650278700000,38983.5,39004.7,38916.6,38918,404.99
1650279600000,38922,39025.9,38922,39025.8,294.42
1650280500000,39025.8,39118.9,39016.8,39039,580.88
1650281400000,39039.1,39082.6,39024.9,39058,218.96
1650282300000,39058,39069.6,38985,39000,276.69
1650283200000,39000,39098,39000,39097.9,459.92
1650284100000,39098,39347.5,39084.7,39217.1,2107.48
1650285000000,39217.1,39389.9,39184.3,39281.4,1169.65
1650285900000,39281.4,39488,39256,39401,1896.77
1650286800000,39400,39519,39324.7,39375.6,1221.44
1650287700000,39372.3,39399.9,39300.3,39341.3,611.1
1650288600000,39341.4,39663,39310.7,39393.9,3682.06
1650289500000,39396.2,39404.1,39243.8,39330.5,1334.11
1650290400000,39331.3,39485,39321.6,39447.5,852.9
1650291300000,39447.6,39589.8,39391.1,39399.9,5138.14
1650292200000,39399.9,39450.6,39325.4,39430.8,1764.9
1650293100000,39430.7,39434.3,39300,39340.4,1069.61
1650294000000,39340.3,39369.9,39298.6,39327.7,482.69
1650294900000,39327.6,39329.4,39123.1,39203.6,1153.15
1650295800000,39203.6,39264.6,39160,39220,550.95
1650296700000,39220,39277.3,39187,39256.2,472.16
1650297600000,39256.2,39270.6,39019.7,39090.6,1267.89
1650298500000,39085.1,39239.2,39071,39202.2,1068.86
1650299400000,39202.1,39343.4,39175.1,39313.7,931.31
1650300300000,39313.7,39629.3,39313.7,39457.8,2261.99
1650301200000,39457.9,40449.9,39457.9,40146.8,6975.94
1650302100000,40144.9,40203.9,39771.6,39873.5,3949.78
1650303000000,39873.5,40110.6,39846.9,40058.1,1362.21
1650303900000,40058.1,40359.9,40019.1,40205.4,1674.49
1650304800000,40205.4,40448.7,40205.4,40394.9,1866.02
1650305700000,40394.9,41177,40394.9,40768,6959
1650306600000,40767.9,40874.3,40672.3,40687.2,1290.04
1650307500000,40687.2,40754.1,40581.4,40656.7,1483.54
1650308400000,40656.7,40756.9,40468.5,40523.5,1009.21
1650309300000,40524.1,40762,40516.2,40613.3,1088.65
1650310200000,40612.3,40612.3,40463,40514.6,533.53
1650311100000,40514.6,40716.6,40428,40684.7,822.46
1650312000000,40686,40927.1,40684.6,40809.7,1464.85
1650312900000,40811.1,40845.3,40634.6,40701.5,681.38
1650313800000,40701.5,40777.1,40683.7,40703.6,256.77
1650314700000,40703.6,40766.4,40648.8,40666,278.86
1650315600000,40666,40847.7,40666,40787.3,793.71
1650316500000,40787.3,41107.4,40764.9,40908.9,1118.15
1650317400000,40908.9,40990,40798.3,40798.4,481.71
1650318300000,40798.4,40834.2,40743.3,40808.2,314.7
1650319200000,40808.2,40849.9,40768.1,40781.5,301
1650320100000,40781.4,40889.9,40781.4,40807.7,294.28
1650321000000,40807.8,40830.5,40701.7,40775,445.36
1650321900000,40775,40939.7,40767,40916.3,372.41
1650322800000,40916.3,40969.2,40835,40835,405.45
1650323700000,40835.1,40935,40822.2,40823.5,394.88
1650324600000,40823.5,40851.5,40706.7,40753.6,969.55
1650325500000,40753.3,40820.4,40753.3,40785.4,878.08
1650326400000,40789.2,41080.2,40781.7,41041.9,1677.3
1650327300000,41042,41052.1,40877,40954.9,1025.49
1650328200000,40955,41268,40942.2,40990.9,2100.44
1650329100000,40990,41010,40860.3,40871.9,796.85
1650330000000,40872,40921.1,40860,40912.4,383.84
1650330900000,40912.4,40928.6,40826.9,40860.6,288.04
1650331800000,40860.7,40869.8,40777.8,40819.4,423.7
1650332700000,40819.4,40829.5,40706.1,40750,542.06
1650333600000,40750.1,40767.2,40706,40714.2,344.3
1650334500000,40718.4,40734,40680,40711.9,424.82
1650335400000,40709.8,40731.5,40674.7,40678.6,793.26
1650336300000,40678.6,40703,40584.1,40600.3,829.7
1650337200000,40600.3,40797,40600.2,40736.2,1240.75
1650338100000,40736.1,40750,40706,40722.6,554.89
1650339000000,40722.6,40746.4,40633.6,40708.5,643.88
1650339900000,40708.5,40741.1,40665.1,40688.1,331.28
1650340800000,40688.1,40747.6,40650.1,40747.6,723.4
1650341700000,40747.6,40789.9,40730.4,40737,357.52
1650342600000,40734.5,40770.7,40730.4,40769,237.16
1650343500000,40768.9,40868,40756.1,40854,579.21
1650344400000,40854,40860.9,40777,40788.8,280.81
1650345300000,40788.7,40804.1,40640,40732.2,666.29
1650346200000,40732.3,40732.3,40692.2,40714.9,214.68
1650347100000,40715,40720,40668.8,40668.8,155.16
1650348000000,40668.8,40736.9,40663,40721.9,239.01
1650348900000,40721.8,40777,40721.8,40767.3,271.15
1650349800000,40767.2,40770,40719,40730,166.73
1650350700000,40731.3,40798.9,40705,40705,338.78
1650351600000,40705,40747.6,40661.4,40661.5,425.62
1650352500000,40661.4,40743.1,40565.9,40737.4,736.19
1650353400000,40738.4,40738.6,40643.5,40643.5,280.96
1650354300000,40643.6,40698.6,40640,40681.4,317.72
1650355200000,40681.3,40770.5,40662.4,40718.1,546.08
1650356100000,40718,40820,40715.5,40794.7,593.82
1650357000000,40794.7,40850,40755.8,40761.6,407.59
1650357900000,40761.6,40771.5,40702.9,40721.3,315.45
1650358800000,40721.3,40763.5,40610,40610,378.53
1650359700000,40610.2,40699.9,40567,40631.3,507.49
1650360600000,40630,40703,40610,40659.5,417.78
1650361500000,40659.4,40711.5,40606,40663,408.55
1650362400000,40659.7,40736.1,40639.1,40707.7,321.1
1650363300000,40707.6,40750,40680.9,40723.3,210.55
1650364200000,40722.5,40790,40722.5,40779.5,371.82
1650365100000,40779.4,40814.8,40732.9,40789,294.25
1650366000000,40788.9,40801.2,40750,40777.1,306.16
1650366900000,40777.1,40840,40777.1,40789.2,381.39
1650367800000,40786.9,40797,40738.2,40775.7,232.32
1650368700000,40775.8,41076,40666,40690.1,1912.17
1650369600000,40689.9,40958.2,40650,40890.9,1072.84
1650370500000,40891,40945.2,40830.8,40900,696.64
1650371400000,40900,41120.2,40885,40995,1713.76
1650372300000,40995,41015.1,40910.5,40977.4,544.83
1650373200000,40977.5,41023.3,40850,40916.4,780.56
1650374100000,40916.3,41006.5,40885.7,40987.9,480.67
1650375000000,40987.8,41176,40862,41157.6,1662.3
1650375900000,41155.6,41477.5,41111.3,41450.9,4244.5
1650376800000,41450.9,41689,41364,41531.3,5282.02
1650377700000,41531.3,41582.2,41475.4,41523.6,1030.51
1650378600000,41523.7,41615.8,41493.1,41537.6,724.94
1650379500000,41537.6,41623,41537.6,41570.4,671.71
1650380400000,41570.3,41767.9,41540,41623.2,1349.45
1650381300000,41623.1,41668,41485,41512.4,985.33
1650382200000,41512.4,41550,41388.1,41480.5,1000.16
1650383100000,41480.5,41524.9,41435,41462.8,295.85
1650384000000,41460.3,41527.9,41420.2,41489,576.11
1650384900000,41485.6,41555.1,41425.2,41492.2,472.98
1650385800000,41494.2,41523.9,41245.7,41311.5,1144.91
1650386700000,41311.5,41410,41273.4,41347.6,692.99
1650387600000,41347.6,41364,41259.1,41275.1,462.41
1650388500000,41275.3,41337.6,41178.3,41230.4,636.57
1650389400000,41230.4,41312.5,41230.3,41288.2,323.54
1650390300000,41288.2,41378.1,41269.1,41355,365.31
1650391200000,41354.9,41395.3,41314.9,41379.2,239.5
1650392100000,41379.3,41460,41330.5,41459.9,263.93
1650393000000,41460,41522.5,41392.8,41423.1,452.53
1650393900000,41423.1,41440.7,41370.3,41401.4,169.71
1650394800000,41401.4,41498.9,41366.2,41480.6,323.22
1650395700000,41478.2,41553.3,41460,41478.3,399.33
1650396600000,41475.2,41488.1,41386.3,41421,394.09
1650397500000,41420.8,41500.9,41377.8,41423.5,300.03
1650398400000,41420.4,41420.4,41264.4,41278.2,598.94
1650399300000,41278.2,41332.3,41255,41303.8,172.45
1650400200000,41303.7,41322.8,41218.7,41244.1,257.52
1650401100000,41244.1,41300,41221.1,41297.1,211.64
1650402000000,41297.2,41309.1,41262,41309.1,117.52
1650402900000,41312,41336.2,41270.5,41336.2,103.5
1650403800000,41336.2,41390.1,41254.7,41266.1,157.09
1650404700000,41266.2,41343.6,41266.2,41318.6,194.63
1650405600000,41318.6,41424,41267,41382.4,287.56
1650406500000,41382.4,41383,41326.1,41383,91.38
1650407400000,41382.9,41466.2,41358.4,41430.8,277.96
1650408300000,41430.8,41430.9,41364.6,41400,146.71
1650409200000,41400,41449,41400,41429.1,127.86
1650410100000,41429.1,41499.9,41404.1,41441.2,277.19
1650411000000,41441.2,41499.7,41437.6,41467.5,182.3
1650411900000,41467.5,41542.2,41442.7,41491.4,307.14
1650412800000,41491.5,41540,41418.3,41513.9,305.86
1650413700000,41513.9,41513.9,41253.6,41267.9,757.46
1650414600000,41267.9,41400,41267.8,41338.7,326.8
1650415500000,41338.7,41385.1,41289.1,41290.7,208.98
1650416400000,41290.8,41326.9,41258.6,41274.5,279.99
1650417300000,41274.4,41333.8,41222.4,41315.4,277.43
1650418200000,41315.4,41349.9,41315.4,41348.4,135.61
1650419100000,41348.3,41384.6,41307.1,41353.3,270.3
1650420000000,41353.2,41397.5,41311,41370.2,233.59
1650420900000,41370.3,41388.5,41318.8,41347,167.18
1650421800000,41346.6,41380,41330,41335,138.47
1650422700000,41335,41389.2,41319.5,41369.4,191.19
1650423600000,41369.4,41391.5,41349.1,41374.1,189.01
1650424500000,41371,41394.6,41362,41369.4,143.01
1650425400000,41369.5,41390.7,41297.1,41341.4,212.82
1650426300000,41341.4,41395.7,41334.3,41391.8,236.36
1650427200000,41391.8,41403.1,41335.1,41380.9,250.48
1650428100000,41380.9,41385,41285.6,41297.2,484.78
1650429000000,41297.2,41306.7,41259.9,41306.6,577.46
1650429900000,41306.6,41333,41281.8,41332.9,271.56
1650430800000,41333,41343.5,41287.6,41314.7,183.97
1650431700000,41314.7,41411.7,41293.8,41400,397.62
1650432600000,41400,41444.4,41373.6,41427.4,532.3
1650433500000,41427.9,41442.9,41401.7,41437.8,255.24
1650434400000,41437.7,41460,41402.7,41407.4,230.7
1650435300000,41407,41423.2,41371.7,41397.4,334.2
1650436200000,41397.3,41426.6,41390.4,41390.5,174
1650437100000,41390.4,41476.7,41390.4,41476.7,408.33
1650438000000,41473.5,41650,41420,41464.3,1540.33
1650438900000,41464.3,41467.2,41300,41322.4,818.88
1650439800000,41323.7,41359.9,41298,41314.1,645.52
1650440700000,41314.1,41360,41283.4,41329.8,564.08
1650441600000,41329.7,41376.3,41301,41369.7,352.22
1650442500000,41369.6,41434.1,41346.3,41418,328.17
1650443400000,41418,41520,41402.6,41470,420.07
1650444300000,41470,41482.5,41432.7,41469.7,280.86
1650445200000,41469.7,41550,41446.3,41490.4,493.26
1650446100000,41490.4,41555,41466.4,41533,491.98
1650447000000,41533,41600,41513.7,41600,504
1650447900000,41600,41747.6,41450,41539.9,1170.27
1650448800000,41539.9,41539.9,41439.9,41491,582.52
1650449700000,41491,41930,41491,41816.8,2736.01
1650450600000,41816.9,41906.1,41659.2,41847.9,2044.89
1650451500000,41848,41870.1,41719.7,41820,881.27
1650452400000,41819.9,41826.3,41707.7,41774.8,598.37
1650453300000,41774.7,41887.4,41765.7,41849.1,586.71
1650454200000,41849.1,42139,41788.7,42114.6,6051.89
1650455100000,42114.7,42216.8,42000,42093.7,3595.29
1650456000000,42093.6,42150,41958.2,41978.4,1849.46
1650456900000,41978.5,42080,41952.2,42057.8,797.38
1650457800000,42057.7,42160,42024.3,42032.1,887.45
1650458700000,42032.2,42188,42032.1,42106.2,870.1
1650459600000,42106.2,42113.6,41988,42005.2,877.77
1650460500000,42005.2,42060,41981,42028.2,588.85
1650461400000,42028.3,42074.9,41648.1,41714.9,3807.03
1650462300000,41723.2,41775,41300,41610,5448.18
1650463200000,41609.9,41741.6,41536.3,41734.9,1526.95
1650464100000,41734.9,41760,41506.2,41622.5,1484.79
1650465000000,41622.5,41680,41576.2,41634.3,541.42
1650465900000,41634.3,41655.7,41533.6,41569.3,758.6
1650466800000,41569.3,41581.3,41266,41355.8,2961.73
1650467700000,41355.7,41356.2,41067,41197.8,3004.89
1650468600000,41197.9,41282.3,41165.2,41266.9,877.03
1650469500000,41266.9,41319.5,41217.3,41274.2,655.11
1650470400000,41273.8,41327.5,41127.1,41191.2,925.09
1650471300000,41191.2,41215.5,41036.3,41202.3,1291.56
1650472200000,41202.3,41416.7,41159.6,41361.4,1255.48
1650473100000,41355.3,41401.4,41293.6,41376.3,611.24
1650474000000,41377.3,41468,41308,41377.8,782.74
1650474900000,41377.8,41418.8,41307.1,41343.5,422.73
1650475800000,41343.4,41379.3,41283.6,41351.9,279.62
1650476700000,41351.9,41449.8,41316,41379.3,616.5
1650477600000,41379.2,41379.2,41285,41304.6,305.38
1650478500000,41304.6,41324.7,41169.2,41180,666.51
1650479400000,41180.1,41245.7,40850,40915,2132.69
1650480300000,40914.9,41078.5,40899.8,40970.3,890.64
1650481200000,40973,41178.3,40947.8,41145.9,686.58
1650482100000,41146.5,41221.3,41116.6,41207.8,408.65
1650483000000,41207.9,41249.1,41133.9,41219.7,311.27
1650483900000,41219.7,41271.9,41160,41196.5,500.4
1650484800000,41200.4,41349.8,41167.3,41217,828.13
1650485700000,41220.3,41260,41144.2,41235.8,213.16
1650486600000,41235.8,41358,41235.8,41303.3,273.56
1650487500000,41303.3,41450,41303.2,41421.7,313.53
1650488400000,41421.8,41444,41374.3,41425.2,250.88
1650489300000,41425.1,41686.1,41400,41582.4,808.5
1650490200000,41582.3,41621.5,41402.3,41425.7,373.75
1650491100000,41425.6,41517,41411.3,41494.9,215.13
1650492000000,41495,41524.2,41438.1,41521.5,417.67
1650492900000,41521.6,41616.8,41460,41494.2,277.08
1650493800000,41498.6,41560,41450.2,41513.6,213.49
1650494700000,41510.6,41549,41469.6,41470.1,134.85
1650495600000,41470.1,41479.4,41327,41379,390.48
1650496500000,41379,41424,41345.4,41424,182.65
1650497400000,41424,41424,41274.3,41367.6,324.94
1650498300000,41368,41408.7,41327.7,41358.7,160.83
1650499200000,41361.6,41537.3,41322.4,41458,701.64
1650500100000,41458,41522.8,41400,41511.6,318.18
1650501000000,41511.5,41541,41471.4,41535.7,377.72
1650501900000,41535.6,41566.6,41479.3,41514.4,422.07
1650502800000,41514.4,41554.8,41466.9,41471.5,348.6
1650503700000,41471.5,41660,41461.2,41626.7,641.17
1650504600000,41626.7,41790.4,41600.9,41736.4,985.98
1650505500000,41736.4,41736.4,41613,41669.8,466.71
1650506400000,41669.8,41717.8,41591,41679.8,543.75
1650507300000,41679.9,41716.4,41637,41671,348.02
1650508200000,41671.1,41685.2,41555,41587.4,391.07
1650509100000,41587.4,41624.4,41563.7,41610,345.89
1650510000000,41610,41634.9,41545.8,41599.2,227.85
1650510900000,41599.1,41668.5,41569,41644.9,302.3
1650511800000,41644.9,41648.9,41581.8,41640.9,292.38
1650512700000,41640.9,41707.4,41621,41688.4,338.87
1650513600000,41688.4,41739.9,41632.9,41718.5,540.42
1650514500000,41717.5,41743.3,41614.9,41618,332.04
1650515400000,41617.9,41648.9,41518.6,41575.7,682.34
1650516300000,41575.7,41611,41556.8,41602.6,231.38
1650517200000,41602.5,41679.7,41570.7,41662.5,291.12
1650518100000,41662.5,41695,41562.5,41588.9,371.08
1650519000000,41588.9,41589.9,41448.6,41496.8,664.68
1650519900000,41496.7,41521.2,41433,41464.7,613.69
1650520800000,41464.8,41510.6,41409.5,41478,466.64
1650521700000,41478,41513.5,41450.4,41500,289.07
1650522600000,41500,41600.1,41480.4,41600.1,465.4
1650523500000,41600.1,41608.5,41499.1,41521.7,256.95
1650524400000,41521.7,41549.5,41450,41487.5,298.09
1650525300000,41487.6,41650,41482.9,41615.2,591.54
1650526200000,41615.1,41672.4,41599.5,41642.6,508.42
1650527100000,41642.6,41941.2,41640,41843.6,2312.69
1650528000000,41846.7,41988,41768,41803.4,1569.1
1650528900000,41803.3,41888,41743.3,41880,1073
1650529800000,41880,41938,41823.8,41907.8,673.77
1650530700000,41907.9,42052,41907.9,41920.2,1780.45
1650531600000,41920.2,41944.5,41854.3,41870.5,431.39
1650532500000,41870.5,41950,41841.2,41930.8,347.46
1650533400000,41930.7,41973.7,41750,41759.6,911.74
1650534300000,41759.7,41821.5,41750,41803.1,724.06
1650535200000,41801.9,41970,41780.8,41942.4,698.39
1650536100000,41942.5,42437,41942.5,42200.9,6628.25
1650537000000,42200.1,42349,42108.4,42278.6,1762.48
1650537900000,42278.6,42488,42230,42248.9,2472.1
1650538800000,42248.9,42399.5,42226.2,42323.6,900.56
1650539700000,42323.5,42434.5,42323.5,42412.6,946.08
1650540600000,42412.6,42710.8,42411.8,42455,3653.41
1650541500000,42455.1,42500,42370,42439.2,1231.52
1650542400000,42439.1,42600,42375.3,42392.5,1551.87
1650543300000,42392.4,42555.9,42348.7,42522.8,1191.71
1650544200000,42522.8,42690,42503.4,42644.3,1524.47
1650545100000,42642.5,42794,42631.1,42668.5,2379.36
1650546000000,42668.6,42721.5,42606.3,42703,1092.5
1650546900000,42703,42920,42700,42813,2803.69
1650547800000,42820,42984.9,42727.1,42742.8,2727.24
1650548700000,42742.7,42775.2,42613.4,42689.7,1649.23
1650549600000,42689.8,42707.4,42524.5,42580.8,1703.88
1650550500000,42577.3,42678.3,42541.6,42617,871.94
1650551400000,42617,42651.9,42444,42535.6,1316.63
1650552300000,42535.6,42550,42430,42513.1,1146.38
1650553200000,42513,42594.6,42447.3,42560.4,978.69
1650554100000,42560.4,42584.2,42449.9,42485,838.77
1650555000000,42482.4,42517.6,42243,42295,2362.32
1650555900000,42295,42308.6,42136.4,42150.1,1774.3
1650556800000,42153.3,42192.6,42008.3,42107.8,1950.57
1650557700000,42107.8,42142.7,41900,41904.8,1558.89
1650558600000,41904.8,42010,41892,41994,1076.74
1650559500000,41994.5,42060,41811.3,41817,1175.51
1650560400000,41816.9,41854.5,41650,41734.2,3565.57
1650561300000,41733.2,41910,41588,41910,2681.63
1650562200000,41910,41935.3,41519,41618.4,2423.57
1650563100000,41620.1,41694.4,41482,41557.1,1033.58
1650564000000,41557,41557,41385.4,41475.2,1288.6
1650564900000,41470.7,41652.8,41454.9,41578.2,1188.71
1650565800000,41578.2,41673.3,41498.3,41581.8,706.9
1650566700000,41581.8,41588.7,41392.4,41460.8,1031.66
1650567600000,41460.8,41471.5,41326.4,41463.8,819.1
1650568500000,41456.8,41545,41391.6,41516.7,629.03
1650569400000,41511.1,41561,41368,41446.3,670.7
1650570300000,41446.2,41446.2,41212.6,41230,1536.88
1650571200000,41230.1,41322.3,41122.5,41196,1474.45
1650572100000,41196,41219.2,41070.4,41157.8,946.03
1650573000000,41157.7,41157.7,40611.7,40700.1,3248.38
1650573900000,40700,40824.9,40520,40597.2,1500.89
1650574800000,40604,40848.1,40563.5,40742.7,789.49
1650575700000,40742.7,40800,40654.9,40760.2,445.61
1650576600000,40760.2,40824.8,40755.2,40804.3,320.19
1650577500000,40804.4,40804.4,40667.9,40722.1,363.69
1650578400000,40722,40772.7,40565.1,40755.5,914.39
1650579300000,40755.6,40800,40224.1,40266.4,2200.97
1650580200000,40266.3,40412.9,39704.5,40348,6573.67
1650581100000,40348,40463.8,40278.8,40405.8,2868.07
1650582000000,40404.8,40488,40330.8,40409.2,2090.66
1650582900000,40409.2,40439,40318.8,40410.7,827.34
1650583800000,40410.8,40480.9,40408.1,40465.2,601.25
1650584700000,40465.1,40568.1,40415.4,40476.5,1103.46
1650585600000,40476.5,40490.8,40227.2,40439.8,1593.06
1650586500000,40434.2,40491.2,40370,40475,454.29
1650587400000,40475.7,40668,40371.9,40400.6,1141.14
1650588300000,40399.8,40459.2,40238.4,40426.9,1056.27
1650589200000,40426.9,40475,40334.3,40445.6,639.81
1650590100000,40445.5,40473.1,40310,40416.7,581.26
1650591000000,40416.7,40449.9,40370.3,40420,366.02
1650591900000,40420,40554.5,40388.1,40493.4,797.13
1650592800000,40493.3,40555,40489.1,40555,589.97
1650593700000,40555,40580,40500,40579.9,714.14
1650594600000,40579.9,40645,40522.3,40547.7,755.19
1650595500000,40547.6,40548.7,40416.8,40478.8,438.63
1650596400000,40479.3,40538.2,40442.1,40538,389.27
1650597300000,40538,40568.4,40500.3,40500.3,410.56
1650598200000,40500.1,40607.6,40426.4,40550,523.32
1650599100000,40550.1,40560,40467.7,40490,403.25
1650600000000,40489.9,40583,40453.8,40541.7,337.9
1650600900000,40541.6,40617.5,40541.6,40585.8,284.1
1650601800000,40585.5,40611.5,40559.8,40595.1,214.89
1650602700000,40595.1,40620,40554.8,40614.6,327.58
1650603600000,40614.6,40682.6,40588,40653.7,717.04
1650604500000,40655.2,40705.3,40644.3,40671.9,609.16
1650605400000,40672,40700,40632.7,40684.9,332.84
1650606300000,40684.9,40723.8,40621.9,40660,417.26
1650607200000,40659.9,40750,40646.1,40716.1,481.01
1650608100000,40712.7,40778.7,40704.3,40704.3,483.32
1650609000000,40704.3,40715.8,40605,40624,869.36
1650609900000,40624,40680.1,40609.8,40670,508.54
1650610800000,40670,40733.8,40650,40717.8,291.24
1650611700000,40717.8,40735.5,40360,40424.5,1633.1
1650612600000,40424.4,40798.4,40272.1,40705.7,2195.63
1650613500000,40705.6,40800,40616.6,40700.6,1370.74
1650614400000,40700.6,40780,40616.6,40630.8,736.31
1650615300000,40630.7,40632.5,40420,40469.1,1071.9
1650616200000,40469.1,40584.5,40424.4,40484.7,753.41
1650617100000,40484.6,40486.6,40360,40403.5,808.47
1650618000000,40403.4,40433.4,40330,40371,634.7
1650618900000,40371,40488,40335,40443.4,1072.85
1650619800000,40443.4,40470,40336,40360,447.97
1650620700000,40360.1,40413.4,40195.5,40304.2,1311.94
1650621600000,40302.3,40360,40150,40321.5,1222.58
1650622500000,40320,40440,40320,40394.7,583.73
1650623400000,40394.7,40464,40320.6,40445,440.29
1650624300000,40445.1,40500,40410.1,40468.3,386.88
1650625200000,40468.4,40588.4,40432,40586,601.89
1650626100000,40586,40592.8,40516.4,40551.6,476.53
1650627000000,40551.5,40573.7,40450,40513,362.97
1650627900000,40513,40588,40483.9,40588,459.29
1650628800000,40587.9,40631.1,40500,40539.5,897.69
1650629700000,40539.4,40550,40462.5,40521.6,439.22
1650630600000,40521.7,40552.9,40360,40456.8,582.82
1650631500000,40456.8,40466.2,40384.3,40414.3,312.4
1650632400000,40413.6,40457.5,40361.4,40381.9,428.29
1650633300000,40381.9,40500,40303,40482.5,686.76
1650634200000,40482.5,40656.7,40042.1,40095.7,4394.15
1650635100000,40094.5,40422,40067.1,40258.4,2942.1
1650636000000,40258.3,40480,40250.2,40305.9,1676.02
1650636900000,40305.9,40340.4,39850,39902.6,3439.82
1650637800000,39902.6,40096.5,39809.8,39879,3414.37
1650638700000,39879.1,39963.9,39847.1,39870,1599.01
1650639600000,39870.1,40024.4,39510.1,39908.8,5021.55
1650640500000,39908.8,39959.8,39738.3,39801.6,1304.15
1650641400000,39796.1,39842.4,39455,39507.1,2306.82
1650642300000,39507,39570,39322.3,39437.1,2738.69
1650643200000,39437.1,39483.3,39131.6,39382.9,4026.14
1650644100000,39382.9,39525.6,39243.8,39447.4,2418.88
1650645000000,39447.4,39520,39400,39454.6,1185.38
1650645900000,39454.8,39506.5,39320,39370.8,1023.6
1650646800000,39370.7,39480,39259.8,39460.2,910.28
1650647700000,39456.6,39522.6,39370,39408.1,843.89
1650648600000,39408.1,39480,39370,39431.8,714.43
1650649500000,39431.7,39454.9,39318,39324.1,676.05
1650650400000,39324.1,39431,39200,39408.5,1125.58
1650651300000,39409.9,39651,39312.3,39379.7,1649.76
1650652200000,39382.9,39496.4,39345.5,39463.7,701.81
1650653100000,39463.8,39513,39402.2,39507.9,421.11
1650654000000,39510.1,39594.6,39400,39566,509.54
1650654900000,39566,39638,39532.3,39603.5,587.22
1650655800000,39607.7,39764.4,39578.3,39610.3,1178.8
1650656700000,39610.2,39617.5,39408,39490.9,733.27
1650657600000,39489.7,39522.3,39438.7,39480.6,358.46
1650658500000,39480.6,39522.6,39374.1,39411.1,290.85
1650659400000,39411.1,39515.4,39411.1,39511.9,275.62
1650660300000,39511.9,39607.5,39465.3,39605,436.69
1650661200000,39604.9,39623.1,39554.2,39596.7,249.51
1650662100000,39596.7,39677,39513.3,39665.9,303.19
1650663000000,39665.9,39684.5,39560.6,39613,137.59
1650663900000,39612.3,39625,39540,39598.7,110.85
1650664800000,39598.7,39735.8,39416,39684,596.9
1650665700000,39682.6,39719.9,39570.8,39668.3,354.06
1650666600000,39667.5,39720,39580.3,39707.9,401.23
1650667500000,39708,39711,39652.6,39688.9,226.22
1650668400000,39689,39808,39653.8,39706.9,475.49
1650669300000,39706.9,39738.7,39672.7,39718.9,168.09
1650670200000,39718.6,39750,39643.7,39726.8,231.05
1650671100000,39726.8,39779.1,39681.8,39692.5,184.76
1650672000000,39692.1,39875,39662,39710,1057.5
1650672900000,39709.9,39756.8,39659.5,39665.4,206.94
1650673800000,39665.4,39680,39601.9,39651.1,510.55
1650674700000,39651.1,39651.1,39560,39572.9,327.26
1650675600000,39572.9,39620,39572.8,39606.5,212.78
1650676500000,39606.6,39641.7,39580.6,39615.5,245.71
1650677400000,39615.6,39672.2,39580,39647.9,286.3
1650678300000,39648.1,39711,39585.8,39613.8,303.08
1650679200000,39613.8,39613.9,39472.1,39496.1,683.3
1650680100000,39496.1,39542.5,39481.7,39526.1,268.89
1650681000000,39526,39562.9,39509.5,39534.4,198.79
1650681900000,39534.3,39549.6,39434.4,39501.1,429.91
1650682800000,39501.1,39523.7,39450,39507.1,351.68
1650683700000,39507,39554.4,39456,39464.4,288.89
1650684600000,39464.4,39533.9,39440.1,39450,351.43
1650685500000,39449.9,39495,39407.6,39469.9,341.47
1650686400000,39469.7,39555,39459.2,39513.6,390.94
1650687300000,39513.6,39532.5,39288,39389.1,1428.03
1650688200000,39389.1,39515.5,39372,39494,890.23
1650689100000,39493.9,39550,39451.3,39529.4,556.49
1650690000000,39529.4,39585.7,39505,39513.8,345.36
1650690900000,39513.8,39590,39513.8,39569.2,316.36
1650691800000,39569.2,39613.4,39538,39598.3,436.27
1650692700000,39598.2,39626,39550.5,39563.7,292.94
1650693600000,39563.7,39665.6,39545.5,39659.8,497.76
1650694500000,39659.8,39670,39591.5,39600.5,550.61
1650695400000,39600.5,39608.4,39576.3,39582.4,276.67
1650696300000,39582.3,39608,39573.1,39589,168.76
1650697200000,39588.9,39619,39581.1,39617.2,180.89
1650698100000,39617.1,39650.1,39571.7,39629.1,243.09
1650699000000,39628.3,39628.3,39566.1,39570.1,178.69
1650699900000,39570,39611,39542.8,39601,263.93
1650700800000,39601,39607.1,39531,39549.9,241.34
1650701700000,39549.1,39623.4,39547,39620.2,268.64
1650702600000,39620.3,39650,39596.8,39646.9,466.04
1650703500000,39646.9,39684.6,39586,39621.7,487.69
1650704400000,39622.9,39644.1,39533.5,39550.2,905.61
1650705300000,39549.7,39581.8,39549.1,39549.1,184.45
1650706200000,39549,39580.4,39488,39505.4,370.5
1650707100000,39505.3,39540,39490,39503.6,395.18
1650708000000,39503.7,39557.8,39503.6,39551.1,191.72
1650708900000,39551.1,39597.2,39538.2,39556.3,245.68
1650709800000,39556.3,39607.5,39556.2,39576.5,357.47
1650710700000,39576.4,39644,39576.4,39581.3,226.53
1650711600000,39581.3,39657.4,39580,39649.5,310.5
1650712500000,39649.5,39665,39610.5,39639.8,292.5
1650713400000,39639.8,39639.8,39591.2,39612.6,306.91
1650714300000,39612.6,39628.5,39572.3,39593.4,199.29
1650715200000,39593.3,39619.9,39519.4,39547.3,395.76
1650716100000,39547.3,39730,39540,39722.7,874.8
1650717000000,39723,39760,39644.6,39697,816.42
1650717900000,39697,39731.1,39655.2,39674.8,394
1650718800000,39674.9,39785,39671.6,39746.8,629.44
1650719700000,39746.8,39748.4,39682,39732.3,334.71
1650720600000,39732.4,39745,39628.3,39671.1,391.08
1650721500000,39671.3,39708.5,39632.4,39696.7,254.45
1650722400000,39696.7,39746.9,39696.7,39712.8,417.45
1650723300000,39712.8,39730,39635,39657.3,476.95
1650724200000,39657.4,39670,39638,39642.3,266.67
1650725100000,39642.3,39706.7,39640.1,39706.7,173.93
1650726000000,39706.8,39729.7,39672.4,39692.4,246.2
1650726900000,39692.3,39789.3,39650,39777.8,601.09
1650727800000,39777.8,39799,39701.3,39754.5,457.38
1650728700000,39754.5,39810.6,39717.1,39768.3,393.97
1650729600000,39768.3,39974.6,39700.3,39929.9,1813.2
1650730500000,39929.9,39960.6,39818,39874.4,1026.14
1650731400000,39874.4,39914.6,39847,39878.8,358.64
1650732300000,39878.8,39925,39814.4,39814.4,545.96
1650733200000,39814.3,39822.1,39712.5,39751.4,607.29
1650734100000,39751.3,39765.3,39701.3,39739.5,375.55
1650735000000,39739.4,39788.4,39739.4,39779.8,212.41
1650735900000,39779.9,39811.7,39761.1,39811.6,162.95
1650736800000,39811.6,39817.8,39790.1,39817.8,77.84
1650737700000,39817.7,39839.4,39789.9,39792.7,111.74
1650738600000,39792.6,39830.4,39708.2,39722.9,228.53
1650739500000,39723,39727.2,39659.8,39687.4,456.68
1650740400000,39687.3,39739.3,39671.8,39724.5,386.47
1650741300000,39724.5,39747.9,39693.2,39709.2,217.53
1650742200000,39709.2,39744.9,39702.6,39739.7,223.13
1650743100000,39739.7,39775.2,39713.1,39753.4,142.44
1650744000000,39753.3,39838.2,39753.3,39772.8,172.7
1650744900000,39772.8,39795.8,39762.5,39771.6,140.32
1650745800000,39771.6,39809.3,39770.5,39783.8,155.88
1650746700000,39783.8,39791.1,39763.1,39791.1,94.68
1650747600000,39792.8,39812.9,39787.2,39805,105.65
1650748500000,39805.1,39879.7,39763.6,39856.8,483.12
1650749400000,39857.5,39897,39838.5,39876.2,176.58
1650750300000,39876,39956,39828,39898.9,458.4
1650751200000,39896.3,39904.5,39829,39858.7,268.29
1650752100000,39858.8,39895.9,39844.6,39869,189.07
1650753000000,39867.3,39929.9,39867.3,39890.7,156.48
1650753900000,39890.7,39921,39783.1,39806.9,202.48
1650754800000,39806.9,39820.6,39765.7,39781.9,365.38
1650755700000,39781.8,39812,39781,39789.2,102.45
1650756600000,39789.2,39792.6,39331.2,39531.8,3060.1
1650757500000,39531.9,39540.5,39413,39443.9,691.7
1650758400000,39444,39579.2,39417,39546.3,662.06
1650759300000,39546.3,39644,39515.3,39640.7,701.1
1650760200000,39640.7,39660.3,39589.3,39616.7,326.63
1650761100000,39616.7,39623.2,39547.8,39560.1,177.7
1650762000000,39560,39628.5,39518,39606.5,261.98
1650762900000,39606.6,39641.9,39555,39583,358.5
1650763800000,39585.4,39604.9,39550,39564.9,306.47
1650764700000,39564.8,39590.8,39477.5,39477.5,441.68
1650765600000,39477.5,39574.8,39417.4,39551,611.5
1650766500000,39550.9,39595.8,39550.9,39567.5,285.71
1650767400000,39567.4,39612.8,39563.5,39607.7,217.35
1650768300000,39607.8,39607.8,39523.1,39539.3,247.8
1650769200000,39539.2,39750,39512.8,39683.5,1151.31
1650770100000,39683.5,39789.8,39673,39789.7,633.05
1650771000000,39788.4,39829,39756.5,39785.4,596.48
1650771900000,39785.3,39827.2,39738.8,39777,504.87
1650772800000,39777,39812.5,39768.2,39805,222.22
1650773700000,39804.9,39804.9,39715.3,39748.8,578.79
1650774600000,39748.8,39748.8,39650,39703.3,400.88
1650775500000,39703.2,39725.2,39688.1,39703.6,182.35
1650776400000,39700.7,39717.8,39604.5,39673.2,402.32
1650777300000,39673.1,39684.7,39653.7,39653.7,226.65
1650778200000,39653.7,39669.1,39642.8,39667.3,225.76
1650779100000,39667.2,39678.4,39660,39660,106.06
1650780000000,39660,39700,39634.8,39684.2,167.89
1650780900000,39684.3,39790.7,39682.8,39787.4,375.17
1650781800000,39787.4,39790,39719.9,39727.2,299.28
1650782700000,39727.1,39753.9,39691.7,39738.3,281.78
1650783600000,39738.3,39786,39723.1,39773.1,343.07
1650784500000,39773.1,39778.6,39724.2,39744.3,190.9
1650785400000,39744.2,39800,39729.5,39761.5,278.76
1650786300000,39761.4,39766.9,39707.7,39735,272.18
1650787200000,39735,39800,39735,39785.7,258.6
1650788100000,39785.7,39785.8,39720.6,39754.5,245.94
1650789000000,39754.5,39759.6,39720,39733.9,119.6
1650789900000,39734,39773.1,39703,39710.2,181.36
1650790800000,39710.2,39745.1,39651,39729.9,519.88
1650791700000,39729.8,39777,39729.8,39760,247.07
1650792600000,39760,39768.7,39723.6,39750.1,159.46
1650793500000,39750.2,39770,39750.1,39750.1,92.99
1650794400000,39750.1,39779,39741.8,39762.7,208.45
1650795300000,39762.6,39762.6,39666,39674.2,404.95
1650796200000,39674.1,39732.5,39633,39687.4,397.72
1650797100000,39687.4,39707.4,39639.5,39707.3,262.69
1650798000000,39702.1,39726.4,39691.2,39714.2,123.78
1650798900000,39714.1,39716.5,39551,39590.2,719.71
1650799800000,39590.5,39644.2,39575.7,39601.8,334.47
1650800700000,39601.7,39643.3,39570.8,39615,289.2
1650801600000,39615.1,39664.2,39575,39644.3,271.99
1650802500000,39644.3,39659.9,39547.8,39569.7,291.03
1650803400000,39569.7,39620.2,39530,39595.2,390.7
1650804300000,39595.1,39610.9,39559.5,39592.4,204.44
1650805200000,39592.4,39592.4,39437.2,39504.4,970.45
1650806100000,39504.4,39557.1,39480.7,39505.8,327.09
1650807000000,39505.9,39622,39360,39588.8,2688.39
1650807900000,39588.7,39658.8,39536.6,39593.1,914
1650808800000,39595.2,39688,39578.5,39578.5,478.23
1650809700000,39578.6,39591.6,39464.2,39481.2,470.68
1650810600000,39481.3,39810,39366.2,39729.2,3109.27
1650811500000,39730,39970,39671.5,39753.4,2922.15
1650812400000,39753.4,39848.2,39680,39690.9,787.05
1650813300000,39690.9,39757.9,39630.1,39695.9,668.2
1650814200000,39696,39716.3,39646.3,39650,337.72
1650815100000,39650,39672.1,39641.4,39656.6,255.97
1650816000000,39660,39710.5,39638,39660.5,844.46
1650816900000,39660.4,39714.7,39540.8,39588.1,822.14
1650817800000,39588.1,39592.9,39406.7,39443,1164.05
1650818700000,39443,39800,38903.8,39488.3,7294.85
1650819600000,39487.8,39526.9,39306.5,39314.1,1583.83
1650820500000,39314.1,39359.1,39111.4,39296.3,1702.88
1650821400000,39296.4,39423.5,39267.1,39421.3,1193.8
1650822300000,39422.4,39443.9,39359,39420.2,571.16
1650823200000,39420.2,39500,39410,39489.3,488.33
1650824100000,39493.5,39680,39493.4,39617.3,679.38
1650825000000,39614,39616.3,39580.2,39598.8,270.32
1650825900000,39598.5,39699,39586,39662.4,425.56
1650826800000,39662.5,39800,39622.4,39688.1,1126.67
1650827700000,39683.8,39749.4,39682.4,39736.1,184.9
1650828600000,39736.1,39736.1,39657.1,39694.9,166.29
1650829500000,39695,39718.9,39657.2,39700.8,115.86
1650830400000,39700.8,39728.9,39566.4,39570,409.24
1650831300000,39570.1,39585.4,39468.4,39513.4,357.39
1650832200000,39508.7,39545.5,39492.5,39524,110.96
1650833100000,39524.1,39557.7,39473.7,39495.7,104.75
1650834000000,39501.5,39519.9,39450.1,39516.4,188.88
1650834900000,39516.5,39590.7,39476.7,39575.3,149.97
1650835800000,39575.4,39587.9,39529.8,39580,91.06
1650836700000,39577.5,39644.4,39573.1,39630.4,183.96
1650837600000,39629.9,39774,39554.4,39747.4,743.82
1650838500000,39747.3,39753.9,39680.9,39686.4,194.68
1650839400000,39683,39745,39560.7,39590.3,318.43
1650840300000,39591.7,39595.8,39521.5,39548.5,266.04
1650841200000,39546.1,39578.6,39472.4,39557.8,380.61
1650842100000,39555.2,39566,39469,39543.6,314.01
1650843000000,39543.6,39561.4,39448,39517,379.78
1650843900000,39516.3,39532.3,39433,39454.3,316.87
1650844800000,39452.6,39504.6,39208.5,39287.2,1432.28
1650845700000,39281.8,39305,38771.4,39021,4815.86
1650846600000,39021,39084.3,38914.2,39042.5,1387.22
1650847500000,39042.4,39050.5,38668.8,38862.5,2583.21
1650848400000,38864.8,39023.5,38763.4,38910.1,1951.1
1650849300000,38910,38977.2,38868.5,38933.8,731.88
1650850200000,38936.4,39124,38925.6,39086.2,1027.94
1650851100000,39091.8,39190.2,38980,39102.9,2119.95
1650852000000,39104.2,39158.5,39025.6,39084.3,665.14
1650852900000,39084.3,39111,38956.3,39005.6,522.89
1650853800000,39005.5,39045.9,38980.8,38996.1,442.31
1650854700000,38996,39105,38987,39091.4,467.87
1650855600000,39091.3,39231.2,39087.2,39157.7,1125.65
1650856500000,39157.6,39296.1,39136,39217.9,969.34
1650857400000,39217.8,39290,39184.5,39220.6,881.16
1650858300000,39220.6,39265.6,39190.9,39243.1,876.2
1650859200000,39243.1,39244.8,39142.5,39178,632.51
1650860100000,39178,39178.5,39050.7,39103.9,1694.17
1650861000000,39103.9,39149.1,39091.4,39131.8,275.7
1650861900000,39131.9,39190.6,39117.7,39130,260.78
1650862800000,39130.1,39168,39055,39167.9,356.82
1650863700000,39167.9,39227.7,39148.9,39167.7,428.79
1650864600000,39163.1,39163.2,38995,39049.9,822.25
1650865500000,39040.1,39061.4,38940.8,38974,699.71
1650866400000,38974,39030,38879,38912.5,1207.12
1650867300000,38912.5,39068.6,38875,38988.5,1180.75
1650868200000,38988.5,39057.2,38783.4,38889.1,2184.72
1650869100000,38889,38911.8,38576.2,38631.5,4531.07
1650870000000,38631.5,38684.2,38166,38452.7,8385.77
1650870900000,38452.8,38567,38412.8,38475.8,2014.97
1650871800000,38475.8,38520,38356.7,38482.9,1562.39
1650872700000,38482.9,38550,38430.5,38446.4,751.65
1650873600000,38445.5,38547.6,38375,38509,1237.83
1650874500000,38504.9,38560.3,38465.1,38475.2,621.69
1650875400000,38472.5,38580,38468.5,38537.2,755.06
1650876300000,38532.2,38542,38400,38426.1,634.36
1650877200000,38426.1,38488,38388,38395.5,669.14
1650878100000,38395.6,38420.9,38200.1,38367,1762.52
1650879000000,38367,38643,38366.9,38597.6,1803.35
1650879900000,38597.6,38621.6,38540.4,38590.1,611.78
1650880800000,38590.1,38655.6,38467.5,38494.5,1111.59
1650881700000,38494.6,38557.7,38476.6,38509.1,289.4
1650882600000,38507.2,38515.8,38452.1,38472.3,340.08
1650883500000,38472.4,38519.6,38377,38427.7,547.99
1650884400000,38427.7,38476,38377.4,38396.7,487.84
1650885300000,38396.6,38950,38337.3,38686.9,4426.03
1650886200000,38685.6,38816.3,38670.3,38783.9,1811.94
1650887100000,38783.9,38935,38727.7,38836.4,1601.6
1650888000000,38837.6,38844.4,38746.1,38795.2,962.13
1650888900000,38795.1,39045.3,38787.4,38973.9,1617.38
1650889800000,38975.9,38999.8,38869.8,38869.8,1084.02
1650890700000,38869.8,38878.4,38794.6,38815.1,793.53
1650891600000,38815.1,38829.4,38700,38820.5,705.5
1650892500000,38820.6,38848.8,38776,38801.5,410.71
1650893400000,38801.4,39316.7,38621.4,38950.9,5823.21
1650894300000,38951.4,38995.7,38711.8,38724.9,6311.59
1650895200000,38732.5,38910,38668.1,38760.7,2352.08
1650896100000,38760.6,39036,38648,38985.8,1964.81
1650897000000,38985.9,39439,38985.9,39160.5,4593.07
1650897900000,39156.1,39237.3,38973.4,39073.4,1992.13
1650898800000,39065.8,39384.7,39042.1,39234.2,1646.57
1650899700000,39234.2,39319.1,39082,39227.2,1487.84
1650900600000,39227.2,39291.2,39111.3,39115.6,1163.63
1650901500000,39112.8,39131,38933,38986.5,1566.58
1650902400000,38986.6,39348.8,38901.3,39334.4,1891.94
1650903300000,39334.5,39512.4,39318.8,39353.1,3001.37
1650904200000,39353.2,39696.5,39298.4,39523.3,2346.22
1650905100000,39523.4,39666,39461.5,39469,1326.08
1650906000000,39469,39530,39387.2,39485.8,1257.32
1650906900000,39485.9,39582.2,39466,39505.4,832.23
1650907800000,39505.4,39548.3,39380,39405.6,879.83
1650908700000,39405.7,39440,39360.2,39402.7,371.25
1650909600000,39402.7,39452.9,39309.5,39420.9,484.51
1650910500000,39417,39540,39412.2,39513.8,449.43
1650911400000,39513.9,39616.8,39475.2,39575.5,414.73
1650912300000,39575.4,40509.6,39558.6,39888.9,6825.13
1650913200000,39889.7,39978.7,39778,39819.8,1351.15
1650914100000,39819.9,40250,39819.9,40219.2,2500.68
1650915000000,40218.9,40438.5,40139.4,40271.9,5034.19
1650915900000,40271.9,40297.1,40104.8,40238.4,855.3
1650916800000,40233.6,40337.5,40144.6,40145.3,825.3
1650917700000,40149.6,40231.8,40084.8,40120.3,531.83
1650918600000,40120.2,40194.3,40055.1,40176.8,291.95
1650919500000,40176.4,40194.6,40096,40194.5,276.18
1650920400000,40194.6,40213.5,40123.8,40208,129.08
1650921300000,40208,40209.4,40078,40087,150.4
1650922200000,40087,40199,40082.2,40196.7,169.75
1650923100000,40196.7,40263.4,40149.5,40233.4,178.96
1650924000000,40233.4,40287.3,40150.1,40210,315.87
1650924900000,40210,40270.9,40177.6,40254.8,275.32
1650925800000,40254.8,40368,40242,40366.9,447.67
1650926700000,40367,40663.9,40281.8,40343,2270.67
1650927600000,40347.3,40418.2,40245.2,40358.2,543.95
1650928500000,40360.2,40605.8,40352.3,40440.1,1692.93
1650929400000,40443.5,40536.6,40443.5,40448.1,403.81
1650930300000,40448.2,40508.8,40415.4,40432.4,285.66
1650931200000,40432.4,40593,40415,40474,930.27
1650932100000,40474,40582.9,40398.8,40558.4,679
1650933000000,40558.4,40830.3,40523.3,40607.7,1630.8
1650933900000,40607.6,40664,40550.7,40555.6,444.62
1650934800000,40555.7,40590,40518.4,40533.4,375.99
1650935700000,40533.3,40635.5,40524.7,40539.4,426.7
1650936600000,40539.5,40578.4,40450,40541,640.94
1650937500000,40541,40566,40462.1,40482.8,428.61
1650938400000,40483,40510.1,40459.8,40500,352.35
1650939300000,40500,40564.6,40499.9,40564.6,276.13
1650940200000,40564.5,40610,40386.1,40471.3,859.21
1650941100000,40471.3,40542,40446,40539.2,331.71
1650942000000,40539.2,40592.4,40519.9,40574.8,557.69
1650942900000,40574.8,40663.9,40558.6,40644.1,503.04
1650943800000,40644.1,40644.2,40499.9,40515.6,525.92
1650944700000,40515.7,40552,40489.8,40546,348.24
1650945600000,40546.1,40619,40495.7,40495.7,377.36
1650946500000,40495.7,40600,40495.7,40576,331.36
1650947400000,40576.1,40635.6,40576,40597.4,482.49
1650948300000,40597.4,40614,40556.4,40565.9,378.56
1650949200000,40565.9,40620,40561.9,40581.1,309.59
1650950100000,40581.1,40648,40550,40623,445.51
1650951000000,40621.1,40639.9,40525.4,40639.9,378.19
1650951900000,40640,40713.5,40589.2,40590,399.25
1650952800000,40590,40614.9,40525.8,40560,485.5
1650953700000,40560,40560,40474.9,40496.5,590.68
1650954600000,40496.5,40542.8,40451.1,40502.6,544.59
1650955500000,40502.7,40580,40495,40524.2,415.39
1650956400000,40524.2,40659.5,40390,40610.6,1420.18
1650957300000,40610.6,40635,40560,40580.6,642.18
1650958200000,40580.5,40636.6,40569.6,40619.9,564.93
1650959100000,40620,40667.7,40578.7,40585.7,485.86
1650960000000,40585.7,40680.2,40583.6,40662.5,421.19
1650960900000,40662.4,40827.8,40600.7,40606.8,1292.81
1650961800000,40606.8,40606.8,40483.2,40514.8,1175.81
1650962700000,40514.7,40548,40445,40515.3,774.89
1650963600000,40519.5,40530,40466,40487.9,346.52
1650964500000,40488,40511.6,40434.6,40492.6,339.77
1650965400000,40492.7,40544,40421.6,40445.3,526.49
1650966300000,40445.3,40445.3,40333,40402,1096.69
1650967200000,40397.9,40471.6,40350,40417.7,527.45
1650968100000,40415,40443.6,40363,40443.3,326.24
1650969000000,40443.2,40453.9,40382.3,40386.4,210.11
1650969900000,40386.4,40402.6,40356,40390,261.12
1650970800000,40390,40518.2,40225,40450.1,1619.99
1650971700000,40450.2,40595.1,40423.8,40545.9,970.76
1650972600000,40545.9,40546,40455,40506,274.21
1650973500000,40506,40538.2,40466.4,40473.8,271.56
1650974400000,40473.8,40560,40433.5,40523.9,410.22
1650975300000,40521.7,40560,40471.1,40529.2,391.94
1650976200000,40529.7,40638.1,40410,40433.9,1128.32
1650977100000,40433.9,40433.9,40179,40297.6,2456.1
1650978000000,40295.7,40361,40220,40316.8,1653.87
1650978900000,40316.8,40329,40100,40210.9,2239.54
1650979800000,40211,40267.4,39945.4,39967.6,3587.56
1650980700000,39967.6,40066.8,39785,39820.2,2316.41
1650981600000,39820.2,39830,39650,39791.8,3854.95
1650982500000,39791.8,39800,39533.8,39691.3,3322.1
1650983400000,39692.8,39700,39310,39447.7,2858.91
1650984300000,39447.8,39540.1,39225.3,39281.5,3253.02
1650985200000,39280.5,39366,39070,39334,4045.87
1650986100000,39334,39334,39039.7,39150.3,3075.83
1650987000000,39150.3,39229.3,38802.7,38978,4201.5
1650987900000,38978,38978,38499.9,38550.2,5854.47
1650988800000,38550.2,38796.1,38345,38696.2,4817.31
1650989700000,38696.1,38889,38574.5,38743.6,4658.88
1650990600000,38743.7,38757.6,38362,38501.2,3760.37
1650991500000,38501.1,38738.7,38453.8,38639.4,2175.48
1650992400000,38642.1,38655.3,38304.6,38350,2382.63
1650993300000,38350,38415.5,37900,38240.5,5308.94
1650994200000,38240.4,38470,38170.1,38405.2,1875.26
1650995100000,38405.2,38460,38310.9,38387.4,1060.18
1650996000000,38387.4,38447,38203.9,38435.5,1108.41
1650996900000,38435.5,38467,38313.1,38374.2,1038.17
1650997800000,38363.6,38420,38257.1,38265.9,726.46
1650998700000,38266,38405.8,38263,38396.7,445.8
1650999600000,38396.7,38555,38318.6,38417,1114.21
1651000500000,38417.1,38417.1,38088,38114.4,1786.4
1651001400000,38114.3,38324.1,37810.9,38278.3,3582.74
1651002300000,38273.6,38465.8,38212,38268,1382.32
1651003200000,38263,38413,37682.8,37757.8,3610.25
1651004100000,37757.9,38090,37745.8,38022.9,1742.05
1651005000000,38023,38154.6,37997.7,38083.9,937.52
1651005900000,38084,38133,37911.7,38105.8,852.58
1651006800000,38107.9,38387.5,38009.6,38327.9,1030.2
1651007700000,38327.9,38347.1,38233.5,38313.2,322.25
1651008600000,38313.2,38356.9,38234.1,38356.9,179.43
1651009500000,38356.8,38429.9,38305.3,38313.3,406.49
1651010400000,38313.3,38439.9,38286.9,38383.2,421.22
1651011300000,38383.1,38421.6,38339.5,38399.8,367.18
1651012200000,38399.9,38419.3,38137.4,38213.3,577.9
1651013100000,38213.3,38309.9,38175,38212.1,333.05
1651014000000,38212.1,38261.4,37888.1,37994.7,1189.86
1651014900000,37994.6,38098,37690,37954.5,3268.39
1651015800000,37953.7,38176.2,37915.1,38096.7,1086.48
1651016700000,38096.7,38120.2,38002.1,38107,1089.33
1651017600000,38104.2,38264.8,38050,38137.5,1306.75
1651018500000,38137.5,38200,38099.3,38187.4,405.44
1651019400000,38187.4,38211.5,37981,38006,538.83
1651020300000,38005.9,38232.5,37872,38180,1218.91
1651021200000,38179.9,38244.7,38165.3,38219.9,712.08
1651022100000,38219.8,38328.1,38180,38212.3,613.61
1651023000000,38212.2,38302.4,38172,38261.5,493.72
1651023900000,38261.5,38317.8,38213.5,38308.9,417.57
1651024800000,38308.8,38354.2,38265.2,38346.9,490.61
1651025700000,38347,38386.9,38288.9,38378.6,375.05
1651026600000,38378.7,38411,38347.2,38394.3,323.99
1651027500000,38394.3,38422,38357.9,38414.5,368.97
1651028400000,38414.4,38475.8,38322.9,38441.2,665.54
1651029300000,38441.2,38475,38381.9,38397.3,451.23
1651030200000,38397.4,38428.3,38352.8,38366.3,299.26
1651031100000,38366.3,38400,38322.2,38341.6,296.97
1651032000000,38341.6,38448.1,38312,38395.8,564.11
1651032900000,38395.8,38422.7,38366.1,38408.7,245.71
1651033800000,38408.7,38456.4,38390.3,38410,341.85
1651034700000,38409.9,38425.4,38365.7,38410.3,222.21
1651035600000,38410.4,38450,38370.8,38443.4,363.3
1651036500000,38443.3,38493.7,38387.4,38427.8,518.54
1651037400000,38427.9,38492.5,38409.1,38489.1,500.9
1651038300000,38489.1,38583.2,38402.6,38410,888.8
1651039200000,38410,38464,38395.1,38432,305.61
1651040100000,38432.9,38490.8,38426.1,38490.8,302.67
1651041000000,38490.8,38549.3,38478.1,38525.5,603.18
1651041900000,38525.3,38700,38515,38648.3,1893.01
1651042800000,38648.4,38796.6,38648.3,38672.2,1645.32
1651043700000,38672.2,38705,38599.9,38670.3,739.61
1651044600000,38670.3,38869,38652.4,38808.5,1264.72
1651045500000,38808.5,39186.1,38738.4,39171.8,2786.32
1651046400000,39171.8,39301,38998.3,39095.6,5466.22
1651047300000,39095.6,39237.5,39019.3,39032.8,2222.9
1651048200000,39034.4,39037.8,38823,38936.1,2067.72
1651049100000,38936.1,39050,38680,38982.5,2984.09
1651050000000,38982.4,39097.7,38808.3,38860,1911.79
1651050900000,38860.1,39052.7,38860.1,39015.6,1076.82
1651051800000,39015.5,39043.7,38923,39010.2,605.37
1651052700000,39010.1,39120,38996.5,39059.4,695.96
1651053600000,39059.4,39080,38971.9,38988.4,576.49
1651054500000,38988.5,39078.5,38955.7,39078.5,346.97
1651055400000,39078.4,39175.5,39014.8,39106.4,634.65
1651056300000,39106.4,39138.3,38968,39108.1,1237.22
1651057200000,39110,39124.6,38894,38918,809.85
1651058100000,38918,38940.4,38640,38787.7,2411.86
1651059000000,38787.8,38969.2,38787.7,38886.9,1511.43
1651059900000,38886.9,39095.9,38886.9,39023,976.75
1651060800000,39022.9,39150,38990.3,39070.7,1102.93
1651061700000,39070.6,39100,38890,39070.9,1230.54
1651062600000,39067.2,39095.7,38881,38956,1273.26
1651063500000,38956,38980,38880.7,38900.6,1086.1
1651064400000,38900.7,38992.5,38779.1,38789,1295.72
1651065300000,38784.6,39018,38784.6,38995.8,946.26
1651066200000,38995.3,39469,38984,39254.4,5932.92
1651067100000,39255,39487.4,39231.8,39341.6,3495.09
1651068000000,39341.7,39400,38578,38628.5,6965.16
1651068900000,38628.5,38827,38520,38586.2,4712.51
1651069800000,38581,38815.5,38417.3,38745.6,3861.78
1651070700000,38746.9,38927.4,38658,38677.9,2398.81
1651071600000,38677.9,38834.5,38635.8,38693.6,1600.37
1651072500000,38695.4,38858.9,38673.4,38792.4,1546.2
1651073400000,38788.4,39150.4,38788.4,38955.2,3509.96
1651074300000,38955.2,39077.3,38902.1,39018.9,1225.84
1651075200000,39018.9,39200,38919.9,39126.7,1739.29
1651076100000,39126.7,39305,39068.1,39282.9,2363.7
1651077000000,39279.2,39305,39191.8,39276.2,1463.47
1651077900000,39276.3,39280,39105,39195,1016.03
1651078800000,39194.9,39257.1,38971.9,39052.5,1979.27
1651079700000,39048.8,39118.2,38962.8,39081.6,1015.57
1651080600000,39083.1,39156.1,39054.7,39090.7,662.76
1651081500000,39080.4,39150,39013.7,39107.9,487.16
1651082400000,39107.9,39195.1,39093.6,39155.6,336.62
1651083300000,39155.6,39156.4,38964,38989.9,416.2
1651084200000,38983.1,39051.4,38858,39025.4,688.11
1651085100000,39028.3,39059.8,38744.7,38782.8,902.19
1651086000000,38782.8,38798.4,38684.3,38753.1,921.16
1651086900000,38753.1,38786.8,38667.3,38748.7,758.45
1651087800000,38748.7,38861.1,38671.2,38818.1,612.5
1651088700000,38818.2,38911.9,38771.5,38858.3,1129.13
1651089600000,38857.4,39185.9,38830,39018.1,1617.72
1651090500000,39018,39277.7,39004.9,39154.7,997.44
1651091400000,39154.8,39229.1,39124.4,39131.4,287.94
1651092300000,39131.4,39184.9,39075,39092.9,390.05
1651093200000,39092.9,39160.6,39075.1,39156.2,193.04
1651094100000,39156.2,39165.2,39087.8,39106.9,244.96
1651095000000,39106.9,39388.6,39097.5,39319.9,945.6
1651095900000,39319.9,39319.9,39166,39229.5,489.03
1651096800000,39230,39270.5,39168.6,39247,246
1651097700000,39247,39247,39140.4,39209,191.29
1651098600000,39209,39220.2,38974,39078.5,668.82
1651099500000,39078.5,39114.1,39056.3,39067.5,209.85
1651100400000,39074.9,39144.4,39055.8,39141.9,144.71
1651101300000,39142,39185,39126.4,39162.6,188.42
1651102200000,39162.6,39311,39131.3,39197.1,488.33
1651103100000,39199.6,39238,39172.4,39220.4,330.79
1651104000000,39220.4,39268,39156.4,39252.4,381.76
1651104900000,39252.4,39270.2,39151.1,39260.3,293.77
1651105800000,39260.4,39374,39235.4,39320,728.06
1651106700000,39320,39484.5,39311.7,39388,713.39
1651107600000,39387.9,39700,39383.4,39541.6,2593.01
1651108500000,39544.1,39565.9,39330.4,39486.1,1183.6
1651109400000,39486.1,39488,39367.2,39367.2,531.72
1651110300000,39366.5,39383.1,39180,39231.5,973.05
1651111200000,39231.4,39298,39166,39245.3,743.3
1651112100000,39245.3,39420,39245.3,39396.9,674.48
1651113000000,39396.9,39460,39391.9,39451.8,529.48
1651113900000,39452,39477,39410.6,39429.9,298.92
1651114800000,39430,39529.9,39353,39529.9,939.22
1651115700000,39529.9,39530,39374.8,39460.5,434.27
1651116600000,39460.6,39471.1,39381,39381.1,417.95
1651117500000,39381,39418.8,39331.7,39342.5,551.04
1651118400000,39342.5,39372.1,39305.5,39350.8,450.51
1651119300000,39350.8,39377.4,39262.7,39308.6,560.53
1651120200000,39308.7,39358.6,39308.6,39355.2,195.43
1651121100000,39355.2,39412.5,39304.9,39394.7,359.77
1651122000000,39390.7,39444.7,39328.3,39328.3,335.14
1651122900000,39328.3,39374.7,39241,39267.3,634.01
1651123800000,39267.4,39300,39241,39249.9,369.65
1651124700000,39249.9,39348.9,39224.2,39321.7,353.46
1651125600000,39321.6,39340.3,39276.9,39305.6,246.48
1651126500000,39305.6,39423.4,39305.6,39384.1,560.69
1651127400000,39384.2,39410.9,39377.5,39404.1,281.1
1651128300000,39404,39437.9,39344.3,39418.2,354.27
1651129200000,39418.2,39471.7,39383.7,39437.5,403.06
1651130100000,39437.6,39562.2,39408,39511.5,1077.85
1651131000000,39511.4,39565.2,39454.7,39523.6,985.47
1651131900000,39523.6,39666,39375.1,39375.4,1899.09
1651132800000,39379.9,39513.5,39358.8,39509.6,626.12
1651133700000,39509.6,39600,39488.3,39585.5,1044.98
1651134600000,39582.8,39650,39567.1,39632.1,1325.13
1651135500000,39632.1,39800,39586.7,39628.3,1804.13
1651136400000,39628.4,39855,39628.3,39730.1,1206.61
1651137300000,39730.1,39805.2,39666,39682.3,564.35
1651138200000,39682.3,39915.6,39682.1,39800,1100.42
1651139100000,39800.1,39826.9,39750,39782,498.9
1651140000000,39781.9,39844.7,39705,39722.7,708.79
1651140900000,39722.7,39775,39613,39713.1,856.04
1651141800000,39713,39737,39642.4,39654.7,367.05
1651142700000,39654.6,39723.4,39649.3,39722.9,299.92
1651143600000,39722.9,39777,39716.3,39743.7,452.5
1651144500000,39743.7,39744,39628.9,39646.4,563.68
1651145400000,39646.4,39687.9,39625,39667.2,323.01
1651146300000,39667.2,39714,39661.1,39694.7,257.93
1651147200000,39694.7,39837.4,39588,39591.4,986.53
1651148100000,39591.3,39763.1,39535.5,39726.2,1082.83
1651149000000,39726.3,39866.9,39644.1,39774.7,1457.4
1651149900000,39774.7,39774.7,39529.1,39575,1814.47
1651150800000,39575.1,39580,39350,39414.8,2483.84
1651151700000,39412.7,39506.3,39240,39448.9,3361.69
1651152600000,39445.3,39546.7,39263.7,39268.6,2935.73
1651153500000,39268.7,39355.9,39054.4,39110,3116.46
1651154400000,39105.1,39158.3,38879.8,39004.3,3478.43
1651155300000,38998.2,39256.2,38940,38981.2,2332.15
1651156200000,38981.2,39041.3,38925.5,39021.6,1103.1
1651157100000,39021.5,39425.9,39017.2,39288.9,2033.18
1651158000000,39292.8,40437.6,39229.3,40120.9,10061.13
1651158900000,40121,40169.2,39514.8,39717.9,5157.43
1651159800000,39717.9,39790.9,39536.3,39536.6,1308.7
1651160700000,39536.3,39566.3,39068.6,39452.9,4675.84
1651161600000,39449,39547.5,39313.9,39510.1,1564.82
1651162500000,39510,39782,39438.7,39706.8,2090.36
1651163400000,39706.8,40139.9,39603.7,40117.3,2507.76
1651164300000,40113.1,40117.2,39761.9,39903.3,2671.06
1651165200000,39903.3,40025,39860.1,39977.7,1264.99
1651166100000,39974.4,40242.6,39868.1,40109.4,1859.63
1651167000000,40109.5,40189.6,39991.1,40095.4,1239.7
1651167900000,40095.4,40300,40069.5,40284.4,1257
1651168800000,40284.5,40378,40160,40206.3,1426.95
1651169700000,40206.3,40296,40052.2,40281,872.73
1651170600000,40283.6,40329.9,40180.6,40217.6,354.93
1651171500000,40215.9,40235.9,40080,40092.3,616.71
1651172400000,40084,40233.1,39970,40152.3,1762.94
1651173300000,40152.2,40218.4,40097,40125.3,414.56
1651174200000,40125.9,40153.5,39990.4,40019.7,478.95
1651175100000,40022.4,40067.6,39920.5,39987.3,724.4
1651176000000,39982.2,39988.1,39733.3,39741.5,1401.04
1651176900000,39741.4,40025.3,39737.2,39994.1,701.16
1651177800000,39994.1,40231.2,39989.1,40047.3,1699.71
1651178700000,40045.6,40045.6,39850,39874.7,556.23
1651179600000,39874.3,39967.2,39827.7,39965.2,353.07
1651180500000,39963.3,39996.1,39827.4,39875.9,414.46
1651181400000,39872.8,39903.3,39778,39808,251.3
1651182300000,39810.2,39872.2,39763.6,39851.6,228.88
1651183200000,39858.8,39880,39734.9,39734.9,705.64
1651184100000,39734.9,39804.2,39601.7,39700,638.13
1651185000000,39700,39734.4,39656,39703.2,246.47
1651185900000,39703.2,39809.3,39680.6,39799.4,411.35
1651186800000,39799.3,39820,39723.6,39799.8,247.98
1651187700000,39796.9,39863.8,39750,39784,282.22
1651188600000,39784.1,39811.8,39668,39698.6,389.24
1651189500000,39698.6,39789.7,39686.6,39751.1,238.36
1651190400000,39751.1,39850.1,39723.5,39821,367.67
1651191300000,39821.1,39875.9,39743.6,39743.6,361.29
1651192200000,39743.7,39796.3,39685.4,39686.1,428.49
1651193100000,39690.4,39849,39680,39847.7,455.01
1651194000000,39847.7,39867.4,39799.9,39848.9,368.81
1651194900000,39848.9,39932,39813.8,39904.9,603.13
1651195800000,39904.9,39906.8,39820.8,39848.9,460.75
1651196700000,39848.9,39849,39762.1,39825.5,384.53
1651197600000,39825.4,39832.9,39729.7,39729.8,418.68
1651198500000,39726.2,39749.1,39640.2,39691.4,661.92
1651199400000,39691.3,39727.1,39662.1,39711.3,310.93
1651200300000,39707.8,39742.1,39453.2,39525.8,1150.55
1651201200000,39525.8,39566.5,39285,39389,2012.62
1651202100000,39389.1,39462,39352.4,39457.6,775.28
1651203000000,39457.5,39552.6,39388,39529.5,767.81
1651203900000,39532.6,39542,39456.8,39536.5,563.17
1651204800000,39536.5,39550,39386,39457.2,816.2
1651205700000,39453.9,39510.4,39366.9,39485.2,703
1651206600000,39485.1,39567.5,39472,39539,556.5
1651207500000,39539.1,39603,39526.5,39553.3,494.44
1651208400000,39553.3,39637,39537.5,39550.5,561.47
1651209300000,39550.5,39648,39550.5,39599.9,908.98
1651210200000,39599.9,39611.6,39557,39573,490.25
1651211100000,39573,39580,39474.4,39509.4,505.83
1651212000000,39509.3,39545.6,39373.2,39457.9,658.67
1651212900000,39457.8,39536.2,39435.3,39519,356.75
1651213800000,39519,39583.7,39493.1,39564.9,373.95
1651214700000,39561.9,39561.9,39458,39462,350.88
1651215600000,39462.1,39506.1,39402.9,39458.7,651.09
1651216500000,39458.7,39537.6,39439.4,39537.5,237.31
1651217400000,39537.6,39580,39513.5,39564.4,542.15
1651218300000,39564.4,39611,39544.7,39602.7,421.07
1651219200000,39602.7,39624.3,39534.4,39574.9,435.86
1651220100000,39575,39578.8,39480,39528.4,533.82
1651221000000,39528.4,39528.4,39386,39453.5,935.52
1651221900000,39453.4,39483.1,39403,39417.6,461.05
1651222800000,39417.5,39417.5,39124.9,39215.2,2603.95
1651223700000,39215.2,39278.4,39066,39232.5,1949.41
1651224600000,39232.4,39288,39163,39225.8,673.12
1651225500000,39225.9,39246.8,39111,39155.3,773.87
1651226400000,39155.3,39231.2,39127.8,39164.8,812.23
1651227300000,39164.8,39253.2,39117.5,39117.5,1190.86
1651228200000,39117.5,39192.3,38903.4,38966.9,2264.37
1651229100000,38966.9,39029.4,38659.1,38808.2,3919.49
1651230000000,38808.1,38955,38766.4,38800.1,2008.77
1651230900000,38800,38859.2,38762.8,38784.6,1010.61
1651231800000,38784.6,38831,38618.5,38744.7,2283.79
1651232700000,38744.7,38861,38718.1,38752,896.75
1651233600000,38752,38879,38635.3,38866,990.07
1651234500000,38870,39058,38833.5,38979,2018.16
1651235400000,38978.9,39142.2,38860.2,39116.4,1979.33
1651236300000,39116.5,39120,38900,38912.1,1538.65
1651237200000,38912,38984.1,38790.3,38879.9,1123.24
1651238100000,38879.9,39192.1,38874.6,39049.4,1875.44
1651239000000,39049.5,39315,38922.9,39016.8,4075.55
1651239900000,39016.9,39398.7,38905.4,39267.2,3741.04
1651240800000,39267.2,39327.9,39116.1,39158.4,2250.61
1651241700000,39158.4,39207,38860.3,38941.3,2617.32
1651242600000,38941.2,39016.6,38853.3,38949.6,1114.33
1651243500000,38949.5,38972,38800,38959.1,1443.09
1651244400000,38959,39114.9,38850,38903,1446.17
1651245300000,38912.2,39023.6,38879.4,38955.3,886.3
1651246200000,38956.8,39110,38931.4,39075.4,1230.22
1651247100000,39079,39151.7,38935.9,39006.6,1219.76
1651248000000,39006.6,39019.1,38868.1,38927.1,861.02
1651248900000,38927,39028,38888,38981.7,971.74
1651249800000,38969.8,39072.1,38461.9,38515.3,3695.82
1651250700000,38516.4,38668.9,38439.2,38521,2499.44
1651251600000,38525.2,38658.5,38508.7,38599.1,1043.32
1651252500000,38600,38684.4,38573.6,38632.1,756.16
1651253400000,38627.8,38687.6,38593,38619.2,467.54
1651254300000,38618.8,38734.4,38463.7,38643.9,1230.75
1651255200000,38643.9,38672.9,38536.2,38590,968.03
1651256100000,38590,38649.9,38480,38617.8,1261.66
1651257000000,38617.9,38656.1,38470.2,38507,541.37
1651257900000,38509.9,38566.5,38301,38546.6,1467.16
1651258800000,38546.6,38611.6,38388.6,38400.1,603.15
1651259700000,38400.1,38588,38232,38324.6,2278.95
1651260600000,38324.5,38423,38250,38381.4,1124.27
1651261500000,38381.4,38408,38180,38334.8,1762.06
1651262400000,38334.9,38465.6,38310.4,38424.6,761.51
1651263300000,38429,38580,38379.5,38523.9,863.05
1651264200000,38524,38543.2,38473.4,38506.4,234.47
1651265100000,38514.1,38571.4,38505.3,38554.8,186.76
1651266000000,38556.6,38642.2,38513.2,38597.8,450.78
1651266900000,38595.3,38606.4,38538.2,38601.8,149.96
1651267800000,38603.1,38614.6,38521.8,38555.4,244.36
1651268700000,38555.3,38555.3,38444.6,38551.6,380.87
1651269600000,38551.6,38553.1,38476.1,38483.4,172.96
1651270500000,38483.4,38605,38421.3,38583.2,303.02
1651271400000,38583.3,38627.4,38522.7,38534.4,254.84
1651272300000,38534.3,38613.2,38534.3,38599,153.23
1651273200000,38598.9,38628.4,38575.5,38628.3,185.9
1651274100000,38628.3,38641.2,38553.3,38583.6,249.25
1651275000000,38576.7,38655,38568.1,38648.4,231.33
1651275900000,38648.5,38653.9,38562.4,38583.9,356.85
1651276800000,38583.9,38650,38558.8,38612.7,331.58
1651277700000,38612.1,38788.3,38601.1,38727.5,723.87
1651278600000,38724.5,38724.5,38547.2,38570.4,534.32
1651279500000,38570.4,38630,38559.9,38630,195.12
1651280400000,38630,38711.9,38624.6,38687,381.57
1651281300000,38687,38699,38631,38698.9,203.04
1651282200000,38698.9,38742.1,38661.1,38698.1,401.3
1651283100000,38698.1,38754.3,38685.9,38694.4,235.36
1651284000000,38694.4,38766,38694.4,38720.1,380.31
1651284900000,38720.1,38730.9,38682.7,38704.2,182.68
1651285800000,38704.2,38731.9,38665.4,38672.5,235.67
1651286700000,38672.6,38703.6,38650,38689.6,206.5
1651287600000,38689.6,38696.8,38601,38632.9,566.99
1651288500000,38632.9,38649.5,38594.2,38624.7,230.15
1651289400000,38624.7,38643.3,38586.5,38628,311.7
1651290300000,38628,38674.4,38627.9,38652.2,240.52
1651291200000,38652.3,38690.8,38644.3,38680.4,197.51
1651292100000,38680.4,38680.5,38592.3,38594.3,356.58
1651293000000,38594.4,38604.4,38490.8,38557.9,535.6
1651293900000,38557.8,38557.8,38523.1,38555,197.59
1651294800000,38555,38607.8,38527.6,38570.2,272.47
1651295700000,38570.2,38633.3,38558.7,38619.9,108.98
1651296600000,38620,38713.8,38587.1,38710.5,296.15
1651297500000,38710.4,38779.1,38680.1,38701.3,663.21
1651298400000,38701.3,38728,38660.4,38680.1,432.4
1651299300000,38680.1,38700,38663.6,38663.7,171.81
1651300200000,38663.7,38734.4,38650.1,38727.2,233.08
1651301100000,38727.3,38728.9,38655.1,38700.1,124.71
1651302000000,38700.1,38720,38650,38663.2,165.71
1651302900000,38662,38706.4,38660.4,38673.2,140.22
1651303800000,38673.2,38749.3,38663.5,38690.3,295.14
1651304700000,38690.3,38703.6,38639.4,38657.1,188.6
1651305600000,38657.2,38699.3,38622.1,38694.8,290.7
1651306500000,38694.9,38699.8,38580,38585.5,384.43
1651307400000,38585.6,38618.9,38542,38600.9,318.62
1651308300000,38600.8,38651,38573.6,38596,546.08
1651309200000,38593.8,38638.8,38565.8,38631.5,252.17
1651310100000,38632.2,38647.9,38574.2,38598.2,237.25
1651311000000,38595.5,38619.3,38542.2,38551,432.44
1651311900000,38551,38647.8,38544.2,38629.1,294.96
1651312800000,38629,38633.8,38598.7,38610.2,159.97
1651313700000,38610.3,38630.3,38572.6,38630.3,175.04
1651314600000,38630.3,38667.4,38601.3,38613,352.31
1651315500000,38613,38624.9,38560.4,38566.1,364.08
1651316400000,38566,38613,38561.9,38602.6,180.91
1651317300000,38602.5,38622,38580.1,38620.2,125.04
1651318200000,38620.2,38641.5,38572.9,38588.1,268.98
1651319100000,38588,38593,38570.8,38578.6,145.95
1651320000000,38578.6,38593,38565,38566,420.92
1651320900000,38568.4,38593,38560,38589.8,275
1651321800000,38589.9,38593,38552,38552,536.88
1651322700000,38552.1,38569.7,38535.7,38540,409.36
1651323600000,38539.9,38625,38506.2,38603.8,512.2
1651324500000,38603.9,38630,38597.1,38610.1,602.61
1651325400000,38610.1,38625,38513.5,38524.9,1059.97
1651326300000,38524.8,38545.2,38500,38512.7,755.41
1651327200000,38512.7,38650,38387.7,38536.1,1820.09
1651328100000,38536,38536,38260.7,38394,2045.76
1651329000000,38394.1,38442.5,38322,38382.3,684.73
1651329900000,38382.3,38396.6,38202,38244.8,1798.05
1651330800000,38244.8,38500,38140.5,38385.6,2722.8
1651331700000,38385.5,38476.2,38263.4,38469.9,1497.54
1651332600000,38470,38538,38417.4,38461.2,901.43
1651333500000,38461.2,38531.4,38424.2,38464.4,556.45
1651334400000,38464.4,38580,38441,38498.8,797.04
1651335300000,38498.9,38590,38481.9,38549.6,470.59
1651336200000,38549.6,38605.2,38513.1,38521,470.67
1651337100000,38521,38532.9,38385.1,38420.7,480.94
1651338000000,38420.7,38435.8,38256.9,38325.8,989.25
1651338900000,38325.8,38338.2,38250,38284.9,778.85
1651339800000,38284.9,38420.1,38236.5,38317.2,727.49
1651340700000,38317.3,38338.9,38200,38289.7,549.34
1651341600000,38289.6,38357.4,38263.4,38285.8,311.69
1651342500000,38281.2,38333.7,38246.1,38315.2,238.52
1651343400000,38315.3,38315.3,38216,38271.8,229
1651344300000,38270.2,38359.3,38204.1,38343.4,386.62
1651345200000,38343.4,38385,38332.9,38358.5,291
1651346100000,38358.5,38390.8,38309,38358.5,199.71
1651347000000,38358.4,38358.4,38312.8,38345.2,99.94
1651347900000,38351.6,38503.7,38305.7,38474.6,529.19
1651348800000,38474.6,38474.6,38384,38406.8,191.82
1651349700000,38406.8,38464.4,38332.7,38364,291.21
1651350600000,38363.9,38365.1,38318.9,38340.3,156.04
1651351500000,38340.3,38352.3,38282.9,38322.2,183.16
1651352400000,38322.2,38363,38260.7,38280,279.48
1651353300000,38280.1,38334.8,38280.1,38326.8,122.66
1651354200000,38326.9,38356.1,38311.8,38349.9,50.5
1651355100000,38352.9,38379.6,38302.3,38306.7,168.81
1651356000000,38304.5,38304.5,38205.8,38234.5,384.35
1651356900000,38237.6,38323.3,38153.4,38318,554.22
1651357800000,38320,38370.2,38274.4,38370.2,314.55
1651358700000,38370.3,38370.3,38240,38253.2,215.8
1651359600000,38253.2,38276.6,37565,37816,6649.32
1651360500000,37816,37838.2,37661,37737.3,1725.75
1651361400000,37737.4,37866.1,37641,37685.3,1154.83
1651362300000,37685.3,37767.9,37579,37633.6,1075.61
