ts,open,high,low,close,volume
1656633600000,19940.9,19966.1,19659.6,19719,5485.83
1656634500000,19718,20719.5,19692.4,20488,13182.87
1656635400000,20488.1,20979,20368.2,20409.8,13601.62
1656636300000,20407.3,20507,20255,20295.8,3875.36
1656637200000,20295.8,20447,20253.7,20295.7,3753.88
1656638100000,20297.4,20391.3,20260,20388,2563.82
1656639000000,20388.7,20480,20281.5,20420.1,2520.65
1656639900000,20420.1,20438,20372.5,20413.4,1302.41
1656640800000,20414.3,20560,20346.1,20492.6,2466.38
1656641700000,20492.6,20496.9,20380,20390.5,1565.92
1656642600000,20389.7,20396.9,20310.6,20335.6,1214.5
1656643500000,20335,20356,20265,20300.5,1815.44
1656644400000,20300.5,20309.5,20127.6,20201.7,3157.89
1656645300000,20201.6,20218,20082.9,20134.7,2529.87
1656646200000,20135.1,20187.9,20058.5,20103.8,2107.42
1656647100000,20103.9,20145.5,19688,19731.6,8365.82
1656648000000,19733.2,19752.1,19521.1,19590.1,5490.14
1656648900000,19590,19612.5,19544.5,19564.2,2506.4
1656649800000,19564.1,19777,19556.8,19607.8,3996.42
1656650700000,19607.9,19620.1,19368,19407.9,4608.56
1656651600000,19408.1,19441.5,19330,19426.3,2277.77
1656652500000,19424.2,19604.1,19309,19467.8,4279.82
1656653400000,19468,19500.3,19372.8,19475.6,1938.84
1656654300000,19477,19529.7,19435.9,19467.9,1396.62
1656655200000,19466.2,19493.9,19409.3,19426.6,1074.24
1656656100000,19429.7,19440.5,19362,19436.1,1319.08
1656657000000,19433.9,19461.6,19393.8,19450.5,979.07
1656657900000,19450.5,19493.7,19363.1,19401.9,1246.54
1656658800000,19401.8,19426.9,19334,19403.7,1494.08
1656659700000,19404.1,19557,19384.9,19508.3,2030.45
1656660600000,19508.2,19669.9,19505.2,19545.7,3599.09
1656661500000,19542.6,19644.9,19536.9,19578.3,1808.12
1656662400000,19576.6,19826.4,19469.2,19753.9,3891.51
1656663300000,19754.2,19767.9,19628.1,19657.3,3515.26
1656664200000,19655.1,19689.3,19567.7,19570.2,1819.1
1656665100000,19571,19643.2,19496,19522.5,1648.01
1656666000000,19522.5,19560.2,19422,19474.9,1720.36
1656666900000,19474.9,19562.8,19460,19485.3,1563.3
1656667800000,19486.4,19500.5,19387,19446.4,1908.23
1656668700000,19445.9,19500,19366,19425,1749.57
1656669600000,19426.3,19476.9,19344.3,19453.7,1541.11
1656670500000,19453.7,19507.7,19407.7,19428.8,966.06
1656671400000,19428.8,19449.9,19100,19149.1,5921.31
1656672300000,19149.9,19180,18952,19070.8,4682.35
1656673200000,19070,19193.1,18971.5,19139.4,3540.51
1656674100000,19139.5,19208,19091,19179.1,1659.36
1656675000000,19179.2,19224.9,19138.1,19164.4,1236.8
1656675900000,19164.4,19210,19135,19190.2,1233.91
1656676800000,19190.1,19226.5,19177.3,19212.1,1057.76
1656677700000,19210.9,19296,19124.3,19226.9,2245.75
1656678600000,19227,19335,19219.7,19314.9,1777.84
1656679500000,19314.8,19348.7,19259.7,19286.6,1145.28
1656680400000,19285.4,19379.2,19258.8,19318.5,1414.05
1656681300000,19319.5,19392.4,19300.8,19302.3,1479.29
1656682200000,19302.4,19499,19200.5,19471.4,5113.5
1656683100000,19470.2,19676.7,19435,19450,6813.48
1656684000000,19450,19536.3,19325,19355,4324.02
1656684900000,19355,19435.3,19314.3,19338.8,1648.18
1656685800000,19338.8,19412.2,19286.6,19384.6,2131.61
1656686700000,19384.6,19460,19367.3,19409.3,1931.89
1656687600000,19409.4,19471,19318.4,19419,2080.7
1656688500000,19418.9,19483.5,19380,19399.7,1350.44
1656689400000,19399.7,19438.8,19355.4,19384,1191.83
1656690300000,19383.3,19395.7,19207,19289,3122.37
1656691200000,19290.3,19358.1,19251.5,19327.1,1548.17
1656692100000,19327.1,19440,19315.1,19406.8,1481.67
1656693000000,19404.7,19431.8,19351,19373.6,913.52
1656693900000,19372.4,19472.1,19337.4,19347.3,1204.91
1656694800000,19346.7,19412.5,19324.2,19412.4,555.67
1656695700000,19409.1,19442.9,19361.6,19391.6,694.42
1656696600000,19392.1,19530.4,19351.3,19463.9,1780.89
1656697500000,19463.9,19507.5,19446.2,19485.1,715.64
1656698400000,19486.2,19509,19450,19478.4,587.04
1656699300000,19479.8,19544.3,19454.9,19485.3,653.46
1656700200000,19485.4,19537.1,19456,19471.3,545.86
1656701100000,19473.9,19494.8,19385.4,19437.3,862.69
1656702000000,19438.5,19442.7,19387.4,19404.9,444.45
1656702900000,19404.5,19415,19273.1,19312.5,1324.55
1656703800000,19312.5,19374.3,19278.8,19326,810.92
1656704700000,19323.4,19393.3,19321.8,19390.1,703.19
1656705600000,19388.4,19486.1,19348.5,19446.9,911.71
1656706500000,19444.2,19700,19422.9,19600.8,3131.26
1656707400000,19599,19605.3,19468,19480,904.52
1656708300000,19479.5,19578.2,19411.2,19432.1,1127.68
1656709200000,19433.5,19521.4,19432.2,19513.1,405.63
1656710100000,19513,19517.5,19430.6,19446.5,365.8
1656711000000,19446.5,19497.9,19433.5,19481.7,217.47
1656711900000,19481.6,19481.6,19336.3,19396.4,743
1656712800000,19396.4,19416.4,19343.2,19358.6,549.45
1656713700000,19359.5,19390,19341.1,19374.1,493.41
1656714600000,19374.2,19419.4,19342.3,19414.6,624.72
1656715500000,19414.5,19419.2,19285.5,19297.1,955.84
1656716400000,19296.2,19363,19286.4,19356.7,857.99
1656717300000,19356.7,19480.5,19342.4,19417.6,1137.9
1656718200000,19416.7,19439,19409,19422.3,335.53
1656719100000,19422.3,19449.1,19215.5,19281.3,2034.28
1656720000000,19282,19363.8,19209,19344.7,1764.07
1656720900000,19346.5,19392.2,19266.7,19312.7,1157.52
1656721800000,19312.8,19339.9,19239.3,19327.2,879.95
1656722700000,19327.6,19340,19160,19177.5,1488.8
1656723600000,19177.6,19237,19136.8,19189,1595.79
1656724500000,19189,19277,19180,19262.8,960.26
1656725400000,19267.3,19298.5,19230.3,19254.1,718.24
1656726300000,19256.1,19287.9,19219.8,19235.1,402.98
1656727200000,19231.6,19284.7,19200.7,19270.6,873.03
1656728100000,19270.5,19294.4,19213.4,19222.1,711.16
1656729000000,19222.7,19230.8,19137,19149.1,2214.86
1656729900000,19145.3,19214.5,19105,19198.1,1474.2
1656730800000,19197.2,19228.8,19168.3,19185.8,702.24
1656731700000,19185.8,19218.4,19146.5,19152.9,890.38
1656732600000,19152.8,19158.9,19066,19107,1996.73
1656733500000,19106.6,19145,19080.3,19132.5,991.32
1656734400000,19132.5,19168.3,19110.3,19143.2,919.39
1656735300000,19143.2,19211.2,19143.2,19189.1,860.05
1656736200000,19189,19244.4,19184.1,19199.9,979.98
1656737100000,19199.8,19220.5,19190.3,19198.5,498.25
1656738000000,19198.5,19237.2,19180.7,19234.3,701.14
1656738900000,19234.4,19311.9,19219.1,19252.9,1289.25
1656739800000,19252.9,19277.9,19204.4,19238.5,609.95
1656740700000,19238.5,19268,19218.5,19239.3,416.38
1656741600000,19239.2,19283.8,19232.9,19257.9,438.73
1656742500000,19257.9,19282.9,19237,19237,358.09
1656743400000,19237,19238.9,19192.1,19195.1,585.53
1656744300000,19195,19265.8,19186,19217.9,600.11
1656745200000,19217.9,19244.1,19214.8,19220,277.44
1656746100000,19220.1,19277.4,19211.8,19226.9,516.52
1656747000000,19227,19242.6,19188.1,19195.1,689.25
1656747900000,19195.1,19208,19112.1,19127.8,1843.36
1656748800000,19129.7,19187.2,19124.2,19179.5,782.58
1656749700000,19179.5,19197.6,19151.7,19188.6,569.79
1656750600000,19188.6,19191.4,19112,19119.1,737.08
1656751500000,19119.2,19155.8,19084.9,19117,1059.82
1656752400000,19117,19168.8,19100.2,19159,742.52
1656753300000,19159,19162.3,18976.6,19039.4,2964.55
1656754200000,19039.4,19098.7,19031.1,19068.7,1105.98
1656755100000,19068.8,19192.8,19068.8,19174,1673.36
1656756000000,19175,19205.3,19151.8,19185,1309.66
1656756900000,19185,19202.5,19134.2,19157.2,1129.51
1656757800000,19157,19284.5,19135.7,19228,2368.59
1656758700000,19228,19288,19213,19244.7,1058.7
1656759600000,19244.6,19251.8,19216.3,19231.1,656.19
1656760500000,19231,19276.6,19211.1,19241.9,1070.31
1656761400000,19241.7,19266,19196,19212.8,776.65
1656762300000,19212.7,19222.4,19161.2,19196.5,1154.28
1656763200000,19196.5,19273.8,19150,19255.9,2942.1
1656764100000,19255.9,19286.9,19207.6,19230.6,1610.96
1656765000000,19229.1,19456.4,19190.6,19392.2,4412.24
1656765900000,19390.8,19411.7,19305,19343.7,2118.94
1656766800000,19342.9,19346.6,19238,19246.8,1823.55
1656767700000,19246.8,19270.4,19223.6,19249.8,922.07
1656768600000,19250.9,19269.5,19222.2,19249.8,791.81
1656769500000,19249.7,19272.9,19235.7,19268,367
1656770400000,19269.2,19287.8,19255.9,19276.1,490.02
1656771300000,19276.2,19336.9,19272.3,19313,1031.91
1656772200000,19312.8,19363.1,19305,19336.4,1152.29
1656773100000,19336.4,19347.4,19269.8,19281.7,763.02
1656774000000,19281.6,19300,19260.6,19279.9,548.01
1656774900000,19279.9,19280,19183.1,19194.4,1564.22
1656775800000,19194.5,19226,19168.1,19203,1089.4
1656776700000,19203,19250.6,19189.5,19231.7,878.12
1656777600000,19231.7,19266.5,19211.6,19216.5,738.85
1656778500000,19216.5,19329,19187,19306.7,1073.98
1656779400000,19305.5,19325.7,19259.8,19294.4,860.7
1656780300000,19294.3,19337,19269.7,19293.8,905.8
1656781200000,19294.4,19329.7,19286.1,19296,918.87
1656782100000,19296.1,19330.1,19283.2,19330.1,515.85
1656783000000,19331.3,19350,19298.4,19302.6,337.8
1656783900000,19302.7,19321.8,19286.2,19300.9,312.91
1656784800000,19301,19315,19280,19294.3,499.09
1656785700000,19294.3,19300.5,19268.4,19279.6,227.03
1656786600000,19279.2,19287.6,19263.7,19273.8,186.96
1656787500000,19273.3,19409.9,19260,19319.2,1882.41
1656788400000,19319.3,19422.8,19318.5,19343.6,895.23
1656789300000,19343.5,19377.1,19237.5,19246.8,1549.23
1656790200000,19246.8,19267,19196.3,19240.9,1236.49
1656791100000,19241,19287.7,19231.5,19272.2,397.64
1656792000000,19272.1,19289.6,19237,19249.1,321.56
1656792900000,19249.1,19266.5,19200,19251.6,694.84
1656793800000,19251.7,19272.6,19251.7,19255,210.15
1656794700000,19255,19279.3,19239.4,19261,388.65
1656795600000,19260.9,19328.1,19248.8,19315.1,986.39
1656796500000,19315.1,19335.5,19292.7,19296.6,576.39
1656797400000,19296.6,19324.6,19292.7,19306.2,164.99
1656798300000,19305.6,19383.3,19305.5,19353.7,393.64
1656799200000,19355.3,19369.2,19329,19348.7,598.68
1656800100000,19348.8,19364.7,19327.3,19351.7,222.17
1656801000000,19351.6,19377.8,19322,19349.9,355.43
1656801900000,19347.7,19351.6,19310.9,19329.7,249.91
1656802800000,19329.7,19343,19307,19317.5,212.02
1656803700000,19317.5,19319,19220,19250,1108.87
1656804600000,19250.9,19269.8,19200,19261.6,845.9
1656805500000,19260.2,19263.6,19232.9,19248.5,339.66
1656806400000,19248.5,19278.6,19236.8,19263,336.07
1656807300000,19263,19290.6,19201.9,19216.2,846.95
1656808200000,19216.1,19246,19160,19220.7,921.85
1656809100000,19221,19250,19218.5,19245,423.85
1656810000000,19245,19258,19211.4,19216.7,474.14
1656810900000,19216.2,19238.2,19201.7,19225.6,307.57
1656811800000,19225.5,19230,19174,19199.9,534.37
1656812700000,19199.9,19209.8,19175.1,19190.1,756.42
1656813600000,19190,19224,19181.7,19215.2,311.47
1656814500000,19216,19250,19209.8,19242.8,485.8
1656815400000,19240.7,19288.5,19238.2,19258.9,955.68
1656816300000,19258.9,19284,19250.9,19260.6,571.96
1656817200000,19260.6,19280,19236.4,19245.8,444.01
1656818100000,19245.7,19272.9,19235.3,19261.2,417.94
1656819000000,19263.6,19306.4,19249.2,19300,640.69
1656819900000,19300,19302.4,19260.3,19262.7,475.11
1656820800000,19262.7,19320,19262.7,19298.6,603.54
1656821700000,19299.4,19306,19268,19282.1,382.61
1656822600000,19280.9,19281,19255,19262,373.9
1656823500000,19262,19300,18777,19265,13688.94
1656824400000,19265.4,19399,19155,19194.9,6735.13
1656825300000,19193.8,19220,19060,19091.1,4187.27
1656826200000,19091.5,19118.6,19041,19097,2422.26
1656827100000,19096.9,19164.7,19026.4,19044.2,1739.89
1656828000000,19044.2,19090.4,19031,19088.1,857.17
1656828900000,19088.1,19189,19078.3,19138.1,1564.71
1656829800000,19138,19169.9,19127.2,19129.5,571.38
1656830700000,19129.4,19177.9,19083.2,19152,1053.4
1656831600000,19152.1,19161.8,19114,19118.4,363.91
1656832500000,19118.4,19162.8,19089,19116.9,874.84
1656833400000,19116.9,19142.8,19091.6,19134,475.24
1656834300000,19134.1,19152,19100,19137.6,462.38
1656835200000,19137.6,19154.6,19066.5,19080.5,641.67
1656836100000,19080.5,19100.3,19040.1,19060.4,1266
1656837000000,19060.3,19078.9,19042.3,19061,626.32
1656837900000,19061.1,19076,18923,19021.5,2471.77
1656838800000,19021.4,19024.6,18953.1,18981.7,1148.33
1656839700000,18981.5,19036.1,18962,18995.5,833.59
1656840600000,18995.4,19013.6,18967.3,18993.9,723.43
1656841500000,18995.1,19088,18984.3,19041.1,891.77
1656842400000,19043.3,19081.6,19028,19060.7,792.86
1656843300000,19062,19107.2,19056.3,19078.6,857.68
1656844200000,19078.6,19119.3,19060,19082.4,798.57
1656845100000,19082.5,19098,19065.7,19073.2,350.77
1656846000000,19073.9,19118.2,19065.4,19109.2,607.98
1656846900000,19109.3,19149.5,19107.2,19132.5,759.4
1656847800000,19132.5,19132.6,19097,19105.6,392.47
1656848700000,19104,19116.9,19088,19090.1,287.11
1656849600000,19090.1,19130,19083.4,19104.8,359.36
1656850500000,19104.8,19112.2,19081,19106,382.54
1656851400000,19106,19108.2,19035,19041.7,803.73
1656852300000,19040.9,19074,18984,19068.8,1801.12
1656853200000,19068.9,19087.6,19022,19047.6,740.33
1656854100000,19047.6,19058.8,19029.1,19051.9,521.28
1656855000000,19051.9,19064.1,18970,19006.5,1681.63
1656855900000,19006.6,19020.2,18977.2,18981.5,723.96
1656856800000,18981.5,19043.2,18968.3,19023.3,845.92
1656857700000,19023.4,19071.2,19012.2,19053.4,664.94
1656858600000,19053.4,19089.4,19050,19071.5,518.68
1656859500000,19071.5,19105,19052,19083.5,518.83
1656860400000,19083,19122,19066.6,19086.3,863.23
1656861300000,19086.3,19095.9,19054.3,19078.4,561.07
1656862200000,19078.5,19093.3,19043.1,19078,694.69
1656863100000,19078.1,19081.9,19033,19046.3,548.09
1656864000000,19046.4,19057.4,19014.1,19051.5,595.35
1656864900000,19052.3,19100,19050,19093.1,817.34
1656865800000,19093.3,19232.2,19083.3,19140.9,2738.42
1656866700000,19141,19178.8,19138.5,19157.9,824.01
1656867600000,19158,19170.3,19141.3,19145.9,519.9
1656868500000,19145.9,19158.4,19125,19138.2,453.76
1656869400000,19138.2,19150.4,19114.7,19123,406.5
1656870300000,19123.1,19258.1,19112.8,19220.2,886.21
1656871200000,19221.2,19254.6,19180,19247.3,1231.36
1656872100000,19244.3,19325.9,19195.2,19201,1723.54
1656873000000,19201.1,19243,19195.8,19224.4,453.76
1656873900000,19222.2,19242.5,19204.3,19235.6,261.45
1656874800000,19235.6,19256.7,19222.2,19223.4,333.92
1656875700000,19223.5,19280.9,19223.4,19256.9,365.04
1656876600000,19256.8,19386,19256.8,19365.4,1633.73
1656877500000,19365.4,19577,19360.7,19489.8,4224.82
1656878400000,19492.4,19659.3,19492.4,19531.5,3919.61
1656879300000,19531.6,19560.2,19442.2,19543.8,1711.17
1656880200000,19543.8,19557,19429.8,19442.6,1358.72
1656881100000,19442.6,19465.8,19405.8,19439.1,695.42
1656882000000,19439,19469.1,19336.4,19346.6,1034.6
1656882900000,19348.5,19378.1,19280.8,19305.6,1576.85
1656883800000,19305.6,19325,19288.7,19304.4,295.06
1656884700000,19304.5,19328.2,19263.2,19300.6,527.22
1656885600000,19300.6,19394.9,19276.1,19333,1100.12
1656886500000,19331.6,19367.3,19308.7,19319.1,442.98
1656887400000,19319.9,19322.5,19228,19284.9,796.14
1656888300000,19285,19319.8,19266.7,19302.5,384.75
1656889200000,19302.6,19331.5,19289.1,19310.2,476.38
1656890100000,19310.7,19324.3,19205.3,19249.9,789.28
1656891000000,19249.8,19318.9,19230.7,19307.7,699.84
1656891900000,19307.7,19339.9,19290.9,19315.7,473.61
1656892800000,19315.6,19344,19214.6,19324.1,1652.51
1656893700000,19324.4,19330,19254.2,19307.4,972.06
1656894600000,19307.5,19327.6,19240,19259.9,703.16
1656895500000,19260,19289.2,19235.2,19267.6,586.86
1656896400000,19265.1,19273.2,19135.3,19190.1,2067.88
1656897300000,19190.1,19210,19158.4,19181.8,858.37
1656898200000,19181.8,19201.2,19148.3,19187,527.85
1656899100000,19188.7,19231,19178.3,19227.3,618.25
1656900000000,19227.4,19236.9,19212.4,19228.7,540.08
1656900900000,19229.7,19235.1,19164.3,19205.1,645.38
1656901800000,19205.1,19224.4,19123.5,19141.5,870.08
1656902700000,19141.5,19141.5,19060.3,19075,2326.06
1656903600000,19075.1,19116.1,19051.1,19113.7,1087.5
1656904500000,19113.6,19120,19083.7,19111.7,512.1
1656905400000,19111.6,19128.7,19095.8,19121.1,459.35
1656906300000,19121.2,19132.9,19103,19106,404.13
1656907200000,19106.1,19124.1,19083.1,19091.2,547.32
1656908100000,19091.2,19147,19083.1,19105.6,536.66
1656909000000,19105.5,19135.7,19102.1,19127.9,308.65
1656909900000,19127.9,19137.8,19120,19126.2,218.05
1656910800000,19127,19144.5,19114,19135.9,341.32
1656911700000,19134.9,19151.8,19119.4,19121.5,220.4
1656912600000,19121.4,19140,19120.9,19129.5,207.93
1656913500000,19128.1,19147.5,19124,19137.4,349.26
1656914400000,19137.4,19180.4,19127.4,19160.9,568.12
1656915300000,19160.9,19181.1,19151.5,19166.6,609.68
1656916200000,19166.6,19192.2,19162,19171.2,482
1656917100000,19172.2,19174.5,19080.8,19103.1,1114.27
1656918000000,19101.9,19140,19085,19104.1,1026.67
1656918900000,19104,19126.4,19085.1,19115,509.4
1656919800000,19117.5,19131.8,19102.3,19131.8,392.13
1656920700000,19131.9,19147.4,19103.6,19123.1,371.98
1656921600000,19122.8,19152,19109.6,19132.5,495.31
1656922500000,19135.1,19170.9,19128.4,19151.7,399.69
1656923400000,19151.7,19174.4,19143.5,19160,493.59
1656924300000,19160,19175,19144.2,19145.2,369.38
1656925200000,19145.2,19157.4,19137.1,19155,325.48
1656926100000,19155.1,19272,19152.5,19232.9,2448.08
1656927000000,19233,19280,19205.1,19253.5,1677.83
1656927900000,19253.4,19444,19253.4,19367.6,6787.82
1656928800000,19367.7,19485,19367.7,19425.4,3069.43
1656929700000,19425.5,19518.9,19425.5,19475,2530.18
1656930600000,19475.1,19558,19425.9,19491.4,2310.05
1656931500000,19491.5,19510,19455,19468.5,1266.49
1656932400000,19468.9,19547,19468.9,19515.1,1595.65
1656933300000,19515,19580,19460,19526.6,2563.8
1656934200000,19527.4,19640.4,19524.2,19636,3697.69
1656935100000,19636.1,19848,19580,19803.9,7750
1656936000000,19804,19884,19688.5,19717,4411.06
1656936900000,19716.6,19803.4,19690.1,19708.5,2538.93
1656937800000,19708.5,19736.9,19633.8,19679.5,2497.67
1656938700000,19679.8,19733.3,19647.5,19707.7,1659.96
1656939600000,19707.6,19750,19695,19734.5,925.56
1656940500000,19734.4,19739.7,19672.9,19694.8,785.54
1656941400000,19694.8,19694.8,19531,19539.3,3711.35
1656942300000,19541.6,19588.2,19523.5,19527,1701.47
1656943200000,19529.1,19568.9,19497.3,19547.4,1717.71
1656944100000,19547.4,19620,19521.8,19585.8,1522.63
1656945000000,19585.8,19597.2,19531.8,19562.1,920.52
1656945900000,19562,19640.9,19535.9,19607.6,1039.91
1656946800000,19607.5,20138,19606.8,19880.1,11338.15
1656947700000,19880.1,19960,19746.5,19777.4,3909.8
1656948600000,19778.3,19872.3,19721.5,19793,2570.32
1656949500000,19795.3,19840,19781.1,19800.1,1277.59
1656950400000,19800.2,19830,19734.3,19814,1642.49
1656951300000,19812.6,19829,19670,19728.3,2044
1656952200000,19728.2,19728.3,19678.5,19698.7,676.68
1656953100000,19698.8,19772,19698.8,19740.4,898.4
1656954000000,19740.4,19834.5,19713.7,19791.8,1222.02
1656954900000,19791.7,20070,19790.5,19981.7,3680.49
1656955800000,19982.1,20018,19890.7,20007.1,2377.64
1656956700000,20007.2,20024.4,19883.1,19900.7,1306.19
1656957600000,19900,19920.1,19862.2,19886.7,1535.24
1656958500000,19886.6,19942.1,19829,19871.1,920.03
1656959400000,19871.1,19891.9,19825.3,19851.1,857.13
1656960300000,19851.1,19979,19851,19929.1,1551.76
1656961200000,19929.1,19966.4,19833.3,19835.9,1107.87
1656962100000,19835.8,19844.4,19763.7,19776.1,1751.62
1656963000000,19776.4,19799.9,19769.5,19780,378.06
1656963900000,19780.8,19858.8,19780.8,19829.5,700.77
1656964800000,19829.5,19875.8,19792.7,19857.2,515.24
1656965700000,19857.5,19863.1,19734.4,19782.8,840.48
1656966600000,19782.7,19782.7,19745.1,19766.4,454.07
1656967500000,19766.4,19815.2,19755.7,19781.5,470.33
1656968400000,19780.3,19803.3,19746.9,19801.4,559.46
1656969300000,19801.9,19825,19777.7,19777.7,294.86
1656970200000,19779,19977.7,19774.4,19879.8,1015.12
1656971100000,19879.9,20052.1,19879.9,19958.3,980.2
1656972000000,19958.4,19972.5,19876,19885,1221.16
1656972900000,19885,19984.6,19875.1,19953.6,852.66
1656973800000,19953.7,20108,19939,20026,2240.54
1656974700000,20025.9,20272.2,19992.5,20165.8,4534.44
1656975600000,20165.9,20232.4,20115.8,20144.7,1993.54
1656976500000,20145.6,20321,20140.1,20279.7,3526.9
1656977400000,20279.6,20363,20217.3,20265.6,2341.85
1656978300000,20265.6,20302.9,20214,20235.2,1214.85
1656979200000,20235.2,20400,20180.8,20348.7,3786.86
1656980100000,20348.7,20380.7,20251.1,20324.6,3153.85
1656981000000,20324.6,20451.5,20294.9,20358,2631.7
1656981900000,20358,20488.3,20352.9,20390,2598.89
1656982800000,20390.1,20425.4,20326.1,20331.9,1254.25
1656983700000,20332,20371.7,20247.9,20280.7,1833.03
1656984600000,20280.8,20316.8,20253.4,20264.1,949.88
1656985500000,20264,20311.1,20253.3,20292.8,822.22
1656986400000,20293.4,20298.9,20226,20265.5,897.57
1656987300000,20265.4,20265.5,20189.1,20227.4,1086.3
1656988200000,20227.5,20235.1,20170.4,20191.9,1208.69
1656989100000,20191.9,20217.2,20152.8,20169.5,914.76
1656990000000,20172,20262.8,20172,20229,954.73
1656990900000,20229,20238.4,20200,20207,442.57
1656991800000,20207.1,20296.2,20207.1,20268.5,941.12
1656992700000,20268.6,20321.7,20249,20307.9,842.3
1656993600000,20307.8,20314.1,20223.3,20243.1,1117.88
1656994500000,20243,20243.1,20178.8,20234,913.1
1656995400000,20232.8,20241.4,20206.5,20235,448.57
1656996300000,20236.1,20280,20230.5,20271,425.97
1656997200000,20272.4,20336.6,20231.9,20239,938.08
1656998100000,20241,20467,20228.9,20360,3214.33
1656999000000,20359.9,20408.7,20328.5,20366.5,1080.38
1656999900000,20366.4,20385.8,20264.2,20292.2,1320.86
1657000800000,20292.1,20412,20285.7,20388.6,995.69
1657001700000,20388.6,20430.5,20350.1,20380.5,1323.68
1657002600000,20380.5,20391.7,20338.2,20343.3,583.79
1657003500000,20342.8,20413.6,20329.7,20384,959.1
1657004400000,20383.1,20397.1,20235.1,20283.9,1911
1657005300000,20284,20311.9,20188,20234,1769.55
1657006200000,20234,20240.8,20169,20226.1,1205.71
1657007100000,20226.1,20268.3,20192.7,20217.7,995.16
1657008000000,20217.5,20217.5,20060,20111.3,3266.5
1657008900000,20111.3,20123.4,19950.1,20017.4,3582.89
1657009800000,20017.3,20017.3,19850.8,19864.6,4370.1
1657010700000,19864.6,19919.8,19811,19893.2,3560.28
1657011600000,19893.2,19938.8,19829.2,19895.5,1794.51
1657012500000,19895.5,19929.3,19842.1,19858.2,1370
1657013400000,19858.3,19872.3,19707,19739.4,3877.52
1657014300000,19737.4,19788,19627.1,19765.5,4328.64
1657015200000,19765.5,19792.8,19722.3,19771.4,1490.04
1657016100000,19771.4,19781.8,19700.2,19766.5,1204.94
1657017000000,19766.5,19825,19704.6,19734,1655.36
1657017900000,19735.2,19774.9,19713,19740.7,674.12
1657018800000,19740.7,19794.6,19724.9,19773.2,724.42
1657019700000,19772.3,19809.9,19750,19769.7,852.04
1657020600000,19769.7,19776.9,19665.4,19696.6,1672.03
1657021500000,19696.5,19702.4,19462.8,19524.9,6264.35
1657022400000,19525.3,19552.7,19413,19483.5,3556.84
1657023300000,19483.7,19521.4,19420,19498.7,2263.34
1657024200000,19498.7,19509.2,19375.1,19464.5,3195.93
1657025100000,19464.4,19480,19360,19377.5,1879.17
1657026000000,19374.9,19421.8,19285,19400.1,2719.16
1657026900000,19400,19446,19347,19381.6,1692.4
1657027800000,19381.7,19481,19305,19453.7,3702.14
1657028700000,19453.7,19537.4,19376.8,19406,3098.01
1657029600000,19405.6,19510,19376.4,19504.7,2353.66
1657030500000,19504.6,19539.3,19440,19507.7,1444.28
1657031400000,19509.8,19597.4,19484.6,19524,2865.42
1657032300000,19523.5,19523.5,19415.4,19467.2,2071.09
1657033200000,19467.1,19484.9,19328.9,19378.5,2965.72
1657034100000,19378.5,19453.8,19368.7,19439.3,1286.65
1657035000000,19439.9,19481.4,19402.9,19473,1569.43
1657035900000,19473,19543.7,19453.7,19523.4,1593.61
1657036800000,19522.6,19598.2,19484.6,19553,2068.31
1657037700000,19553.5,19700.2,19528.5,19622.5,4540.05
1657038600000,19622.4,19641.2,19545.9,19568.3,1436.74
1657039500000,19568.3,19589.8,19535.4,19553,976.41
1657040400000,19553,19627,19543.1,19621.8,1080.29
1657041300000,19621.9,19748,19618.4,19681.9,2405.42
1657042200000,19681.8,19764.2,19679.5,19701.7,1581.08
1657043100000,19701.9,19800,19666.6,19704.4,1807.76
1657044000000,19705,19775.4,19670,19726.2,1707.83
1657044900000,19726.1,19795,19703.6,19762.5,1185.52
1657045800000,19763.5,19950,19763.5,19919.8,4086.97
1657046700000,19920,20136.6,19914.7,20119.7,5460.26
1657047600000,20119.6,20287.8,20060.9,20260.1,5217.81
1657048500000,20260.1,20268.9,20170.8,20239.6,1809.31
1657049400000,20235.1,20450,20235.1,20406.6,4632.92
1657050300000,20406.6,20534.4,20355,20401.9,4536.73
1657051200000,20400.9,20755,20360.7,20689.9,7060.53
1657052100000,20689.9,20709.3,20549.9,20597.2,3697.71
1657053000000,20597.1,20672.5,20480,20518,2056.85
1657053900000,20518,20535.9,20445.9,20457.6,1796.41
1657054800000,20457.6,20497.2,20243.3,20285.2,2603.26
1657055700000,20284.8,20340,20172.6,20297,2061.76
1657056600000,20297,20406.2,20233,20387.5,1413.77
1657057500000,20387.6,20482.5,20314.6,20372.5,972.46
1657058400000,20372.6,20418.6,20300,20365.4,1345.72
1657059300000,20365.9,20373.4,20255.3,20275.9,1277.28
1657060200000,20273.7,20363.8,20270.1,20342.7,861.04
1657061100000,20342.8,20436.9,20339.7,20433.5,1183.83
1657062000000,20435.7,20436.1,20270,20282.8,1338.87
1657062900000,20282.8,20333.2,20174.4,20177.8,1491.23
1657063800000,20177.8,20224.8,20099,20184.2,2119.09
1657064700000,20184.7,20226,20169.2,20178.5,688.31
1657065600000,20178.5,20264.1,20175.3,20180,1273.1
1657066500000,20179.9,20230.1,20103.1,20157.4,1424.39
1657067400000,20158.6,20368.7,20158.6,20336.8,2661.8
1657068300000,20336.7,20393.7,20247.7,20261.2,2269.21
1657069200000,20261.3,20317.8,20188,20201.7,1596.89
1657070100000,20203.5,20248.8,20164.3,20218.5,991.67
1657071000000,20218.6,20220,19911,19956,3977.5
1657071900000,19956.2,19989.2,19822,19876.4,5075.34
1657072800000,19876.4,19907.7,19786.8,19855,2315.43
1657073700000,19856.6,19987.4,19854.1,19919.2,1555.35
1657074600000,19919.1,19945.6,19830.8,19849.9,1192.08
1657075500000,19849.9,19891.4,19844,19864.9,1042.29
1657076400000,19864.8,19915,19765.1,19842.7,1739.37
1657077300000,19842.6,19888,19806.4,19861.5,1001.45
1657078200000,19861.6,19938.7,19861.5,19899.6,1087.01
1657079100000,19900,19984.9,19869.8,19951.8,1407.8
1657080000000,19951.5,20300,19902.8,20255.7,6434.03
1657080900000,20255.7,20326.4,20131,20205.5,3619.83
1657081800000,20204.7,20210,20080,20096.2,1963.78
1657082700000,20098.2,20161,20057.4,20100.7,1180.78
1657083600000,20100.6,20184.9,20066.4,20171,1139.35
1657084500000,20169.9,20205,19966,19987.1,2632.89
1657085400000,19987.1,20072.3,19895,20063.6,2832.04
1657086300000,20063.6,20138.2,19999.8,20046.6,1777.86
1657087200000,20046.8,20053,19963.6,20050.9,1205
1657088100000,20050.9,20062.9,19850,19910.2,1896.18
1657089000000,19910.3,19975.8,19887.7,19973.7,1280.95
1657089900000,19973.9,20100.2,19938.4,20091,1807.96
1657090800000,20092.7,20192.2,20079.5,20139.9,2428.55
1657091700000,20139.9,20241.9,20125,20187.2,1818.67
1657092600000,20187.5,20229.8,20141,20203.8,1336.43
1657093500000,20203.8,20217.8,20133.8,20160.8,1010.9
1657094400000,20160.8,20295,20082.2,20230.2,2957.21
1657095300000,20230.2,20277.9,20185.2,20212.5,1324.39
1657096200000,20212,20272.9,20160.1,20220.3,1881.79
1657097100000,20220.4,20232.2,20132.3,20185.1,1229.75
1657098000000,20185.1,20217.8,20120,20161.9,1306.83
1657098900000,20161.9,20290,20126.7,20240,1861.8
1657099800000,20240.6,20248.3,20183.6,20215.6,727.77
1657100700000,20215.6,20217.6,20160,20204.5,552.78
1657101600000,20204.5,20218.9,20140,20151.5,1139.45
1657102500000,20153,20182.4,20042.2,20180.8,1887.95
1657103400000,20180.7,20230.7,20064.6,20133.4,1834.45
1657104300000,20133.2,20145.8,20081,20136.6,616.82
1657105200000,20136.6,20174.7,20076.8,20094.9,1141.17
1657106100000,20094.4,20098.3,20038.2,20085,1649.37
1657107000000,20085,20148.5,20054,20136.5,873.18
1657107900000,20136.4,20136.4,20078,20107.6,609.61
1657108800000,20109,20118,19957.6,20000,2372.36
1657109700000,20001.2,20193.8,19977,20069.4,2752.28
1657110600000,20069.5,20175,20069.5,20162.6,1071.57
1657111500000,20163.4,20169.4,20117,20156.3,585.19
1657112400000,20156.4,20250,20112,20245.5,1542.33
1657113300000,20243.5,20256,20180.6,20202.4,1529.38
1657114200000,20202.1,20385,20058.2,20140.1,6125.15
1657115100000,20140.1,20233.7,20040.5,20224.6,2695.72
1657116000000,20228.1,20300,20120,20164,2900.44
1657116900000,20164,20210.4,20101.3,20187,1937.57
1657117800000,20187.5,20240.8,20143.4,20227.2,1144.63
1657118700000,20227.2,20237.8,20165,20197.4,919.68
1657119600000,20198.3,20200.4,20103.1,20126.4,968.88
1657120500000,20126.4,20168.9,20079.6,20106,995.55
1657121400000,20106.1,20127.7,20060.4,20095.2,1024.02
1657122300000,20095,20171.4,20086.5,20147.8,864.01
1657123200000,20147.3,20180,20128.3,20175.9,858.57
1657124100000,20176.5,20211,20143.6,20186.1,1048.95
1657125000000,20186.2,20244.5,20170.7,20220.8,1087.5
1657125900000,20220.9,20340,20220.9,20299.7,2805.1
1657126800000,20300,20400,20286.9,20297.6,2300.36
1657127700000,20295.8,20315.2,20260,20273.1,1387.53
1657128600000,20273,20295,20235,20259,969.11
1657129500000,20259,20307.2,20244.5,20266.7,597.88
1657130400000,20265.9,20362.4,20182.7,20253.6,4934.56
1657131300000,20253.7,20345.1,20185,20341.3,2388.53
1657132200000,20342.4,20448.8,20316.7,20420.5,3339.26
1657133100000,20419.2,20450,20346,20383,1800.74
1657134000000,20383.1,20484.9,20338,20447.3,1848.09
1657134900000,20447.2,20473,20407,20414.8,733.52
1657135800000,20415.8,20435.8,20318.6,20337,867.99
1657136700000,20337.1,20344.3,20273.6,20327.5,1539.11
1657137600000,20329.5,20350.6,20285.7,20294.3,758.48
1657138500000,20295,20328.8,20273.9,20299.3,446.54
1657139400000,20299.3,20341.8,20284.1,20301.5,525.43
1657140300000,20301.5,20440.4,20289.8,20397.1,1468.2
1657141200000,20397,20430,20355.7,20405.5,558.71
1657142100000,20405.4,20417.6,20370,20380.7,472.93
1657143000000,20380.6,20423.1,20307.6,20331.7,516.75
1657143900000,20331.7,20369.5,20311.7,20356,291.43
1657144800000,20354.3,20620,20343.6,20492.3,4530.01
1657145700000,20493.3,20547.2,20460,20466,1113.31
1657146600000,20466.1,20543.1,20444.5,20516.5,1139.62
1657147500000,20516.6,20533.9,20456.2,20513,1242.38
1657148400000,20513.1,20675,20489.3,20596.4,3532.08
1657149300000,20596.3,20642.1,20550.2,20592,915.68
1657150200000,20592,20644.9,20541.1,20546.1,718.62
1657151100000,20544.3,20600,20540,20567.4,887.41
1657152000000,20560.8,20594.3,20471,20541.1,1598.3
1657152900000,20541.2,20578.4,20507.4,20508.3,1261.67
1657153800000,20513.8,20570.4,20507.1,20555.6,721.51
1657154700000,20555.5,20589.7,20519.4,20530,616.66
1657155600000,20529.9,20533,20467,20496.3,1196.73
1657156500000,20496.3,20528.8,20483.3,20518.7,750.64
1657157400000,20518.7,20535.9,20476.9,20502.6,546.41
1657158300000,20502.6,20564.9,20494.7,20510.2,884.9
1657159200000,20510.2,20544,20480,20503.1,752.53
1657160100000,20502.8,20521.6,20380,20440.5,2177.56
1657161000000,20440.9,20450,20382,20410,1131.48
1657161900000,20410.1,20435.5,20392.4,20421.2,610.61
1657162800000,20421.4,20435.5,20389.9,20430.4,1047.41
1657163700000,20430.4,20434.2,20400,20427.2,583.09
1657164600000,20427.2,20485.1,20393.6,20465.7,782.05
1657165500000,20466.5,20499,20443.4,20483.8,749.06
1657166400000,20483.9,20495,20449.3,20457.7,754.95
1657167300000,20457.8,20469.2,20397,20404,961.6
1657168200000,20403.1,20404.7,20358,20394.9,1572.56
1657169100000,20395,20421.9,20370.1,20417.2,757.3
1657170000000,20417.6,20444.6,20405.2,20441.3,458.96
1657170900000,20441.2,20446,20380.7,20388.9,556.72
1657171800000,20390.2,20420.6,20364,20377.5,666.99
1657172700000,20377.6,20398.3,20255.7,20309.9,3014.69
1657173600000,20310,20320.8,20285.3,20308.2,879.39
1657174500000,20308.3,20350,20304.4,20348.4,613.95
1657175400000,20349.3,20375.1,20320.7,20331.4,744.05
1657176300000,20331.4,20348,20301,20341,499.14
1657177200000,20341,20383,20333,20350.2,633.22
1657178100000,20350.2,20372.4,20328,20358.8,560.54
1657179000000,20360,20440,20360,20413.7,1394.93
1657179900000,20413.7,20471.9,20412.8,20444.3,952.92
1657180800000,20444.5,20463.7,20430.9,20447.7,688.81
1657181700000,20448,20458.3,20394.4,20423.3,965.7
1657182600000,20423.2,20449,20395,20430.4,518.55
1657183500000,20430.3,20583.8,20428.9,20527.3,3806.84
1657184400000,20526.9,20579.7,20463.6,20543.9,1531.97
1657185300000,20543.9,20543.9,20543.9,20543.9,0
1657186200000,20543.9,20543.9,20543.9,20543.9,0
1657187100000,20544,20613.4,20542.1,20547,1384.43
1657188000000,20547,20547,20547,20547,0
1657188900000,20547,20547,20547,20547,0
1657189800000,20547,20547,20547,20547,0
1657190700000,20547.1,20547.1,20450,20502.6,1809.96
1657191600000,20502.7,20509.6,20465,20508.4,710.25
1657192500000,20508.5,20508.5,20445.1,20450.1,661.26
1657193400000,20450.1,20464.2,20430,20463.1,776.8
1657194300000,20463.2,20512.2,20449.3,20510.4,905.96
1657195200000,20510.3,20510.5,20458,20488.5,699.81
1657196100000,20486.4,20515,20402,20429.8,2162.92
1657197000000,20429.9,20460,20383.4,20448.1,1269.12
1657197900000,20448,20460.3,20411.2,20429.5,445.13
1657198800000,20429.6,20448.1,20392.5,20444,737.56
1657199700000,20444.9,20448.2,20380,20397.8,669.68
1657200600000,20398,20501.9,20380,20498.5,2311.1
1657201500000,20498.5,20549.6,20486.7,20538,2635.86
1657202400000,20538.1,20641.1,20498.4,20597.2,4761.6
1657203300000,20597.3,20739,20597.3,20720.9,4992.27
1657204200000,20720,20956,20711.8,20895.3,8308.43
1657205100000,20895.3,20966,20828.6,20914.8,3315.15
1657206000000,20914.8,21033,20855,20878.9,5197.56
1657206900000,20879,20931.9,20844,20894.7,1916.32
1657207800000,20894.6,20916.9,20830.5,20868.3,1313.29
1657208700000,20868.3,20894.4,20853.2,20888,600.9
1657209600000,20887.9,20959.8,20863.6,20864.6,1957.26
1657210500000,20864.5,20932.1,20861.4,20925.8,820.12
1657211400000,20925.9,21188,20919,21151.2,5560.11
1657212300000,21149.7,21200,21036.4,21089.8,2975.75
1657213200000,21090,21105,20925.3,20947,2641.89
1657214100000,20947,20948.5,20847,20856.4,1916.32
1657215000000,20855,20889,20836,20875.5,1370.27
1657215900000,20875.6,20934.9,20875,20907.5,1309.74
1657216800000,20908.6,20968.2,20889.1,20958,749.47
1657217700000,20958,21107.3,20958,21097.4,1813.61
1657218600000,21097.4,21333,21088,21256.5,5792.36
1657219500000,21256.6,21408,21232.2,21352.4,4890.12
1657220400000,21352.2,21459.9,21319.7,21382.4,3582.34
1657221300000,21382.3,21496.3,21326.9,21487.1,3432.68
1657222200000,21487.2,21734,21425.7,21649.8,9202.06
1657223100000,21649.7,21839.1,21642.9,21807.3,5747.01
1657224000000,21807.3,21834.7,21556.3,21687.4,5654.18
1657224900000,21687.5,21720,21522,21638.2,2903.8
1657225800000,21638.2,21654,21552.3,21619,1662.96
1657226700000,21618.8,21623.1,21538,21614.9,1360.29
1657227600000,21614.8,21718,21557,21702.3,1827.08
1657228500000,21701.9,21704.2,21594.9,21611.8,1047.42
1657229400000,21611.8,21654.5,21561.1,21600.6,556.09
1657230300000,21600.5,21692,21600,21661,481.1
1657231200000,21661,21714.3,21607,21696.7,990.78
1657232100000,21696.6,21756,21599.9,21621.5,1583.37
1657233000000,21621.5,21665.4,21588.8,21589.2,1201.38
1657233900000,21590.8,21634.6,21585,21622.5,834.15
1657234800000,21622.5,21650.9,21560,21576.5,1189.89
1657235700000,21576.5,21688,21565.2,21668.3,1259.79
1657236600000,21668.3,21716.9,21645,21673.8,1214.48
1657237500000,21673.9,21700,21607,21614.8,805.64
1657238400000,21615.7,21660,21574.9,21611.2,1578.95
1657239300000,21610.9,21645.5,21580.4,21618.6,850.51
1657240200000,21618.6,21676.7,21578,21657.9,1148.05
1657241100000,21657.9,21733.6,21629.6,21715.9,1560.94
1657242000000,21715.9,21730,21666,21696.3,1160.78
1657242900000,21695.7,22549.8,21637,22433,16679.88
1657243800000,22432.9,22447.3,22091.8,22145.6,6169.96
1657244700000,22145,22150,22053.4,22140.5,1988.59
1657245600000,22140.5,22166.2,22061.6,22133.8,1925.13
1657246500000,22133.9,22146.2,21878,21922.1,3565.21
1657247400000,21922.1,22026.4,21907.4,21994.8,2403.37
1657248300000,21994.8,22022.7,21934.7,21993,1238.2
1657249200000,21992.9,22009.7,21939,21982.3,802.91
1657250100000,21982.3,22073,21956.9,22027,1547.28
1657251000000,22026.4,22134.1,22026.4,22098.9,1887.32
1657251900000,22098.9,22131.3,22076,22126.9,845.42
1657252800000,22126.9,22188,22067.6,22172,1860.04
1657253700000,22170.4,22250,22090,22094.3,2696.05
1657254600000,22094.3,22109.9,21988,22046.2,1876.55
1657255500000,22046.1,22056.4,21965,21985,1135.06
1657256400000,21985,21999.8,21950,21986.2,1135.08
1657257300000,21988.7,22037.3,21985.1,22007.1,1424.04
1657258200000,22007.1,22075.4,21963.4,22050.6,1303.67
1657259100000,22050.6,22056.7,21750,21841.9,5550.95
1657260000000,21841.9,21875.4,21782.7,21828.6,1628.5
1657260900000,21828.6,21878,21777,21787.7,1172.4
1657261800000,21787.8,21833,21781.7,21815.2,880.73
1657262700000,21815.1,21861.9,21768.6,21828.7,1407.82
1657263600000,21829.2,21835.7,21760,21789.8,1025.54
1657264500000,21789.7,21836,21716.6,21820,1970.71
1657265400000,21820.9,21860.4,21800,21817.9,1067.59
1657266300000,21817.8,21826.1,21782.1,21801.7,838.9
1657267200000,21801.6,21829.4,21773.5,21813,773.68
1657268100000,21813,21820,21729.9,21781,1174.32
1657269000000,21781,21781.5,21555,21662.6,3715.68
1657269900000,21662.6,21698.5,21420.2,21432.9,4762.52
1657270800000,21432.8,21494.3,21315,21337.1,5981.26
1657271700000,21336.9,21550,21330.9,21545.4,3766.66
1657272600000,21545,21545.9,21425.1,21494.2,2343.83
1657273500000,21494.2,21579.9,21453.5,21566.2,2205.52
1657274400000,21566.5,21598,21489,21528.5,1785.43
1657275300000,21528.6,21747.7,21506.1,21687.8,4171
1657276200000,21691.8,21691.8,21632.4,21643.4,1137.55
1657277100000,21643.4,21643.5,21507,21537.1,1897.88
1657278000000,21537.1,21560.8,21460,21521.7,1870.45
1657278900000,21521.6,21640.3,21489.7,21608.8,2134.32
1657279800000,21608.9,21665.7,21583.5,21611.3,986.28
1657280700000,21611.4,21645,21555.8,21583.4,757.76
1657281600000,21583.4,21699.5,21514.1,21649.4,1962.57
1657282500000,21648.6,21715.4,21588,21614.4,1960.79
1657283400000,21617.3,21617.3,21250,21283.9,8365.27
1657284300000,21282.2,21430.6,21183.7,21378.6,5046.55
1657285200000,21376.3,21423.9,21345,21366.9,1795.34
1657286100000,21367.2,21440,21295,21381.7,1849.72
1657287000000,21380.6,21485,21263.9,21432.2,3616.59
1657287900000,21429.2,21451.4,21208.3,21273.6,3497.27
1657288800000,21271.2,21380,21195.6,21330.9,2562.38
1657289700000,21330.9,21470.9,21318.8,21464.1,1978.39
1657290600000,21463.3,21693.1,21450.8,21649.7,6644.27
1657291500000,21651.9,21850,21614.5,21764.8,7647.75
1657292400000,21760,21995,21700,21930.5,7664.65
1657293300000,21932.8,22028.7,21821.3,21921.7,5430.41
1657294200000,21924.3,22132.1,21875.3,21985.9,5806.08
1657295100000,21990.1,22020,21852.6,21957.6,3646.52
1657296000000,21955.4,21969.8,21745,21794.3,3610.64
1657296900000,21794.3,21854.3,21627.4,21687,3452.42
1657297800000,21683.7,21727,21527,21634.7,3213.23
1657298700000,21634,21745,21608,21694.3,2258.48
1657299600000,21692.5,21839,21631.4,21817.5,2575.2
1657300500000,21818,21821.9,21649.1,21804.4,2342.83
1657301400000,21802.5,21808.7,21694.1,21765.6,1327.14
1657302300000,21766.7,21840,21737.3,21753.3,1351.44
1657303200000,21753.1,21801.6,21660,21728.7,1435.72
1657304100000,21730.1,21869.9,21701.8,21822.7,1962.61
1657305000000,21823.6,21888.8,21800,21837.5,1161.24
1657305900000,21832.9,21848.4,21662.1,21739.9,1991.32
1657306800000,21737.1,21788.8,21662,21765.8,1549.34
1657307700000,21765.8,21827.8,21723.1,21770.8,1142.21
1657308600000,21770.7,21879.2,21722.4,21867.4,1246.84
1657309500000,21869.4,21880,21788.5,21814.9,943.51
1657310400000,21815.4,21841.9,21769.8,21792.1,735.31
1657311300000,21792.1,21954.5,21772.9,21954.5,1401.4
1657312200000,21950.2,22046.8,21815.8,21895.1,2696.05
1657313100000,21896.9,21896.9,21824.6,21859.7,996.18
1657314000000,21860.7,21940.6,21840.8,21927.2,971.53
1657314900000,21927.5,22000,21920.3,21982.7,1123.56
1657315800000,21982.7,22020.1,21817.8,21823,1407.87
1657316700000,21823.1,21855.8,21683.4,21704,1476.58
1657317600000,21704,21800,21687.4,21770.4,1375.06
1657318500000,21769.3,21811.9,21745.3,21795.8,587.89
1657319400000,21795.5,21836.4,21777.4,21829.5,637.42
1657320300000,21827,21847.1,21750.2,21774.5,716.01
1657321200000,21774.6,21842.5,21739.2,21817.5,815.7
1657322100000,21814.9,21962.6,21814.3,21898.1,1975.38
1657323000000,21898.1,21913.8,21871,21884.8,802.54
1657323900000,21889.2,21893.5,21581,21595.7,3663.48
1657324800000,21595.7,21669.6,21431.4,21493,4537.09
1657325700000,21492.1,21690,21458.1,21654.1,2108.7
1657326600000,21654.1,21685,21633,21668.4,693.24
1657327500000,21668.4,21699.1,21477.2,21548.1,1748.42
1657328400000,21548,21576.7,21499.2,21520,1437.02
1657329300000,21519.9,21593,21455,21468.9,1425.4
1657330200000,21468.9,21518,21405,21483.2,1629.93
1657331100000,21483.3,21530.4,21477,21507.4,757.52
1657332000000,21507.4,21568.9,21497.8,21525.1,745.18
1657332900000,21528.4,21602.1,21515.1,21591.3,1048.75
1657333800000,21591.3,21642.2,21549,21563.6,926.48
1657334700000,21563.6,21605.3,21530,21579.8,725.16
1657335600000,21579.9,21596.6,21507.1,21519.3,605.8
1657336500000,21520,21568,21467,21493.1,948.54
1657337400000,21492.8,21606.6,21480,21580.9,1054.01
1657338300000,21580.9,21628.2,21566.5,21608.6,1216.93
1657339200000,21608.3,21630,21580,21591.7,780.15
1657340100000,21591.7,21606.7,21543.2,21556.5,1354.97
1657341000000,21556.5,21574.6,21508.1,21536.6,909.62
1657341900000,21537.3,21570.6,21521.2,21553.6,308.7
1657342800000,21553.5,21608.7,21519,21527,971.26
1657343700000,21527.1,21553,21504.2,21539.3,621.96
1657344600000,21539.3,21556.9,21503,21520.5,631.6
1657345500000,21520.4,21542.6,21482.2,21517.4,692.13
1657346400000,21517.4,21532.2,21490.6,21517.3,597.31
1657347300000,21517.3,21541.8,21495,21514.8,440.84
1657348200000,21514,21562.5,21511.7,21550.7,456.52
1657349100000,21550.8,21575.6,21543.9,21558.4,566.82
1657350000000,21558.5,21728,21553.1,21648,2807.38
1657350900000,21648.8,21693.1,21646.8,21658,1213.41
1657351800000,21658.4,21698.2,21590.4,21611,1364
1657352700000,21612.4,21698.3,21584,21650.5,1250.35
1657353600000,21650.5,21664.5,21630.7,21661.7,552.47
1657354500000,21663.4,21683.3,21600,21672.8,773.88
1657355400000,21672.9,21689.6,21621.1,21682,948.73
1657356300000,21681.9,21730,21665,21720.8,1425.68
1657357200000,21720.8,21720.9,21670.4,21682.4,1033.26
1657358100000,21682.3,21682.4,21601,21620.9,1159.66
1657359000000,21620.9,21656.3,21620.5,21646.3,447.1
1657359900000,21646.4,21658.5,21605,21649.9,515.89
1657360800000,21649.9,21697,21621.7,21671.8,595.97
1657361700000,21671.8,21700,21646.5,21669.8,606.86
1657362600000,21669.7,21719.7,21664.9,21715,875.03
1657363500000,21714.9,21748,21680.5,21732.9,1111.13
1657364400000,21733,21777,21704.3,21706.6,1091.44
1657365300000,21706.6,21758.1,21677.7,21735.3,1441.94
1657366200000,21734.2,21736.6,21681.8,21699.9,820.33
1657367100000,21699.3,21700.9,21320.2,21446.1,5180.77
1657368000000,21448.8,21518.4,21386,21497,3163.1
1657368900000,21498.7,21555,21484.2,21489.1,1628.36
1657369800000,21489.2,21554.4,21485.2,21530.2,922.5
1657370700000,21530.3,21551.7,21472.5,21514.5,927.7
1657371600000,21514.6,21617.9,21500.7,21574.8,1254.24
1657372500000,21574.9,21630,21563,21599.3,1532.17
1657373400000,21599.4,21610.9,21555,21577.5,1054.04
1657374300000,21577.6,21587.2,21515.2,21559.4,1102.49
1657375200000,21555.9,21718.8,21534.2,21704.7,2214.11
1657376100000,21706,21717.6,21621.5,21645.2,1426.09
1657377000000,21650,21654.6,21585,21606.7,978.66
1657377900000,21606.7,21670,21564.3,21594.4,1078.49
1657378800000,21594.4,21625,21566.2,21623.7,575.36
1657379700000,21623.7,21646.3,21595.9,21640.6,438.5
1657380600000,21640.5,21646.4,21580.1,21587,356.73
1657381500000,21586.2,21602.2,21537.5,21549.7,1080.3
1657382400000,21548.8,21579.7,21530.9,21566.8,710.48
1657383300000,21566.8,21611.9,21560,21578.6,548.09
1657384200000,21578.6,21648.2,21573.9,21625.3,474.84
1657385100000,21625.3,21714.6,21608.5,21691.3,1178.21
1657386000000,21691.4,21743.4,21664.8,21717.1,1019.88
1657386900000,21717,21724.3,21679,21697.6,839.45
1657387800000,21697.7,21977,21694.9,21869.9,5585.97
1657388700000,21869.9,21890,21822.2,21877,1271.26
1657389600000,21876.1,21889.1,21755.8,21802.4,2399.41
1657390500000,21802.5,21829.5,21782.1,21823.1,612.73
1657391400000,21823,21921.2,21807.3,21848,1067.21
1657392300000,21848,21862.2,21723.8,21751.5,1435.51
1657393200000,21751.4,21769,21520.2,21548.5,2497.32
1657394100000,21547.2,21619.6,21523.6,21598.2,1544.56
1657395000000,21599,21626.5,21566,21596,955.34
1657395900000,21596.6,21625,21577.1,21619.9,413.19
1657396800000,21618.5,21633.9,21603.9,21615.5,257.86
1657397700000,21615.7,21636.1,21584.6,21629.5,520.68
1657398600000,21629.6,21675,21629.6,21655.2,687.66
1657399500000,21655.6,21699.3,21640.5,21679,515.12
1657400400000,21678.2,21726.9,21663.7,21697.8,864.2
1657401300000,21696.5,21723.9,21639.7,21706.3,1075.05
1657402200000,21706.3,21717.4,21696.5,21706.5,182.77
1657403100000,21706.5,21767.1,21705,21711,451.98
1657404000000,21711,21753.6,21682.3,21724.3,777.07
1657404900000,21721.9,21740.1,21674.4,21706.9,771.29
1657405800000,21707.7,21729.8,21684.9,21689.1,492.14
1657406700000,21688.9,21728.6,21588.2,21628.4,1296.23
1657407600000,21629.4,21629.4,21567,21623.1,918.45
1657408500000,21623.1,21648.5,21590.4,21595.1,432.6
1657409400000,21594,21629.7,21550,21565.1,732.78
1657410300000,21565.1,21605.5,21561,21589.6,420.03
1657411200000,21588.5,21605.7,21443.4,21494.3,1728.85
1657412100000,21495.9,21565,21472.5,21545.6,850.65
1657413000000,21545.5,21545.5,21478.2,21492.4,688.12
1657413900000,21492.5,21512.1,21360,21375.9,2395.47
1657414800000,21375.8,21465,21339.4,21443.9,1773.49
1657415700000,21443.8,21496.5,21416,21434.7,1253.27
1657416600000,21434.7,21464.3,21420.6,21454.7,757.4
1657417500000,21454.7,21476,21400.9,21415.4,634.41
1657418400000,21415.3,21491.1,21370,21458.6,1915.43
1657419300000,21458.6,21489.3,21200,21218,4307.2
1657420200000,21218,21328.6,21125,21286.9,3920.75
1657421100000,21287,21335.7,21274.5,21312.8,1096.79
1657422000000,21315.3,21343.9,21281.3,21342.9,1047.85
1657422900000,21342.5,21347,21261.8,21285.2,880.3
1657423800000,21285.3,21299,21228.9,21289.1,878.73
1657424700000,21289.1,21318.7,21283.1,21295.7,628.44
1657425600000,21295,21309.2,21175.3,21203,1986.92
1657426500000,21203,21251,21165,21241.8,1191.09
1657427400000,21241.7,21272.5,21184.4,21254.7,1115.01
1657428300000,21254.8,21308.5,21238.9,21279,794.66
1657429200000,21277.6,21329.6,21270,21316,1122.17
1657430100000,21316,21328.3,21296.2,21315,636.17
1657431000000,21314.9,21370,21300.6,21354.7,1003.64
1657431900000,21355.8,21368.8,21327.6,21356.3,762.08
1657432800000,21356.2,21357.8,21275.5,21306.2,713.41
1657433700000,21306.2,21326.3,21280,21311.2,758.41
1657434600000,21311.1,21331.1,21271.2,21308.6,571.71
1657435500000,21308.7,21327.9,21225.6,21295.6,1053.12
1657436400000,21295.6,21304.2,21245.2,21298.9,569.92
1657437300000,21299,21300.8,21265.9,21297.7,321.55
1657438200000,21299,21343.4,21279.4,21325.9,733.29
1657439100000,21325.9,21361.7,21311.8,21336.4,666.24
1657440000000,21336.3,21365.7,21311.2,21328.8,598.96
1657440900000,21328.8,21430,21317.7,21349,1046.31
1657441800000,21349,21395.6,21290,21314.6,1355.62
1657442700000,21314.6,21339.6,21255.4,21322.6,902.2
1657443600000,21322.6,21343.2,21312,21329.1,418.21
1657444500000,21329.1,21354.8,21300.1,21307.2,506.3
1657445400000,21307.1,21366.7,21285.4,21333.7,662.85
1657446300000,21333.8,21353.5,21308.6,21322.4,435.05
1657447200000,21321.4,21349.9,21313,21337.6,339.11
1657448100000,21337.7,21350,21290,21303.7,618.74
1657449000000,21303.7,21328.7,21282,21287.9,525.32
1657449900000,21290.3,21294.5,21222.2,21274.8,1723.45
1657450800000,21274.4,21293.5,21222.2,21245.9,723.53
1657451700000,21243.8,21260,21171.2,21212.4,1944.2
1657452600000,21212.4,21253.6,21195.6,21233.1,706.13
1657453500000,21233.2,21308.4,21232.8,21301.1,1070.5
1657454400000,21301.8,21335.9,21284.3,21307.6,895.28
1657455300000,21309,21346.8,21288.5,21299.4,525.48
1657456200000,21299.4,21323.3,21288.1,21291.3,386.26
1657457100000,21291.3,21307.4,21267.8,21306.1,517.84
1657458000000,21306.1,21312,21236,21251,763.47
1657458900000,21251.1,21253.4,21200.8,21216.8,1191.98
1657459800000,21216.7,21216.9,20951.6,21073.4,6996.07
1657460700000,21073.3,21083.4,21038.2,21080.1,991.95
1657461600000,21080.1,21080.8,20953.6,20990,2617.72
1657462500000,20990,21058.4,20868,20950,3179.05
1657463400000,20950,20952,20836.6,20903.3,2900.63
1657464300000,20903.4,20919.9,20834.2,20866.2,1795.85
1657465200000,20866.2,20959.4,20840,20928.3,1903.27
1657466100000,20928.2,20980,20924,20939,1177.95
1657467000000,20940.8,20967.7,20880.1,20907.3,1109.64
1657467900000,20907.6,20936.2,20880.6,20903.5,556.39
1657468800000,20903.5,20928.2,20650,20717.4,6483.18
1657469700000,20717.9,20804.9,20692,20777.1,1996.3
1657470600000,20777.1,20938.3,20776.5,20932,1870.27
1657471500000,20932,21037,20895.9,20929.8,2899.71
1657472400000,20932.5,20939.8,20878,20906,998.75
1657473300000,20906,20931.2,20881.5,20906.5,533.5
1657474200000,20908.3,20956.4,20893.6,20934.1,509.77
1657475100000,20934,20943.8,20886,20902,432.85
1657476000000,20903.9,20916,20837.8,20850.5,737.96
1657476900000,20850.5,20866.2,20820.1,20824.8,529.54
1657477800000,20824.8,20839.8,20762.4,20802.2,1075.39
1657478700000,20802.7,20867.4,20772.3,20844.5,698.36
1657479600000,20844.5,20844.5,20732.6,20778,862.99
1657480500000,20780.6,20809.9,20758,20790.1,421.63
1657481400000,20788.4,20844.1,20778.9,20830.9,379.87
1657482300000,20831,20933,20818.1,20919.5,595.58
1657483200000,20919.5,20919.5,20836,20876.9,661.5
1657484100000,20877,21016.2,20850,20970.9,1007.19
1657485000000,20970.4,20978.9,20920,20945.1,465.62
1657485900000,20945,21000,20931.6,20984.9,543.52
1657486800000,20985,21180,20963.8,21119.9,2526.37
1657487700000,21120.9,21169.7,21090.4,21139.1,821.43
1657488600000,21137.9,21138,21037,21092.5,486.48
1657489500000,21092.5,21092.5,21026.9,21036.9,383.67
1657490400000,21037,21038.7,20771.3,20831.4,2835.87
1657491300000,20831.3,20834.9,20691.9,20740.3,2054.94
1657492200000,20740.3,20864,20738.4,20830.6,1341.82
1657493100000,20826.2,20865,20815.9,20840.9,494.89
1657494000000,20841,20846.6,20767.1,20785.4,773.36
1657494900000,20781.7,20879.8,20776.6,20871,561.17
1657495800000,20871.1,20877.2,20820.1,20864.3,474.28
1657496700000,20864.4,20879.4,20843.2,20861.6,479.45
1657497600000,20863.6,20863.9,20756,20777.4,1137.58
1657498500000,20777.9,20788,20681,20718.6,1712
1657499400000,20717.5,20807.2,20701.2,20781.9,1029.47
1657500300000,20781.6,20835.8,20760.2,20817.6,1201.81
1657501200000,20817.5,20821.6,20752,20790.2,870.53
1657502100000,20790.1,20790.1,20518.8,20587.6,4516.67
1657503000000,20587.6,20604.8,20544,20599.4,1356.24
1657503900000,20599.3,20621.4,20530,20554.7,1233.61
1657504800000,20554.6,20554.6,20458,20489,2618.16
1657505700000,20489.4,20588,20470.9,20568.1,1672.74
1657506600000,20568.1,20597.7,20550,20578.6,714.47
1657507500000,20578.6,20590.4,20533.6,20554.5,783.86
1657508400000,20554.5,20653.8,20490.1,20621.2,2002.12
1657509300000,20621.3,20665.2,20595,20618.2,1146.32
1657510200000,20618.2,20644.8,20614.3,20626.5,540.77
1657511100000,20626.6,20633.6,20483.6,20546.7,1766.08
1657512000000,20546.8,20567.4,20500.4,20552.7,1710.62
1657512900000,20552.7,20603,20466.3,20480.5,1708.34
1657513800000,20480.6,20528.6,20421.2,20497.3,1508.8
1657514700000,20497.4,20554.8,20495,20530.3,1033.19
1657515600000,20528.7,20555,20461.7,20490.5,842.37
1657516500000,20490.5,20536.9,20482.8,20528.7,596.22
1657517400000,20529.9,20576.6,20521.6,20555.9,611.7
1657518300000,20556,20560,20472.4,20507.2,880.55
1657519200000,20507.2,20525.6,20367.4,20383.9,3009.08
1657520100000,20385.5,20442,20361.1,20424.7,1562.39
1657521000000,20426.7,20450,20394.1,20423.5,819.93
1657521900000,20423.5,20445.9,20372.8,20399.7,876.03
1657522800000,20398.5,20460,20382,20440,960.08
1657523700000,20440.1,20479,20425.1,20441.9,783.31
1657524600000,20442,20469.6,20425.1,20466.8,513.58
1657525500000,20466.8,20477.1,20429.9,20439,727.5
1657526400000,20437.8,20474,20411.1,20470.2,795.02
1657527300000,20467.9,20536.7,20466.9,20496.7,1400.25
1657528200000,20495.6,20545,20465.7,20509.5,1206.13
1657529100000,20507.8,20555,20494.5,20530.9,810.89
1657530000000,20530.9,20596,20513.8,20590.4,1286.75
1657530900000,20590.5,20629.5,20544.8,20562.1,1486.66
1657531800000,20561.1,20584.2,20535,20541.6,841.01
1657532700000,20541.6,20562,20504.8,20554.1,1017.54
1657533600000,20554,20577.7,20524.3,20556.1,742.88
1657534500000,20557.7,20611.2,20544.4,20584,800.62
1657535400000,20584,20590.4,20567,20588.4,495.43
1657536300000,20588.5,20627,20513.1,20533.5,1049.17
1657537200000,20532.7,20565.8,20523.6,20560.2,655.33
1657538100000,20560.2,20585.2,20525.3,20525.8,394.32
1657539000000,20525.9,20557.8,20434.6,20482.4,1573.01
1657539900000,20483.2,20489.8,20426.5,20473.5,880.56
1657540800000,20473.6,20478.5,20416.3,20452.9,805.7
1657541700000,20453,20525,20446.1,20508.6,1066.47
1657542600000,20508.4,20585,20508.3,20568.9,1297.82
1657543500000,20568.8,20616,20535.1,20586.9,1070.73
1657544400000,20586.9,20609.2,20543.7,20547,945.79
1657545300000,20547.1,20602.9,20542.8,20551.9,881.74
1657546200000,20552,20760.7,20466.6,20524,7060.74
1657547100000,20523.9,20523.9,20276.3,20374.6,7805.47
1657548000000,20374.6,20489,20287.7,20423.7,3385.88
1657548900000,20423.8,20447.7,20350,20389.6,1683.02
1657549800000,20389.5,20469.7,20384.8,20453.3,1320.36
1657550700000,20453.1,20485,20388.7,20388.7,1155.03
1657551600000,20388.3,20418.4,20363.9,20375.2,963.14
1657552500000,20375.3,20410,20364.6,20392.1,575.84
1657553400000,20395,20464.5,20388,20434.8,871.68
1657554300000,20435,20449.7,20382.1,20439.5,646.91
1657555200000,20439.4,20458.3,20413.9,20438.5,731.98
1657556100000,20440,20490.6,20415.3,20463.8,754.01
1657557000000,20462.6,20519.4,20442.1,20479.1,1598.89
1657557900000,20479.2,20480,20400.9,20422.7,1111.98
1657558800000,20422.5,20568,20416.1,20542.4,1554.2
1657559700000,20542.5,20645,20527.9,20591.9,2344
1657560600000,20591.4,20655.6,20585,20601.3,1277.72
1657561500000,20601.4,20645.5,20593.6,20615.8,1030
1657562400000,20615.8,20620.6,20563.4,20590.5,1465.51
1657563300000,20589.8,20597.5,20558.4,20571.6,423.69
1657564200000,20571.6,20709.2,20571.6,20661.2,1448.26
1657565100000,20661.1,20691.3,20570,20570,848.93
1657566000000,20570.9,20590.6,20485.2,20503.1,1274.82
1657566900000,20503.1,20520.8,20420,20469.8,1826.49
1657567800000,20469.7,20538.1,20451.7,20505.3,875.69
1657568700000,20505.4,20521,20469.3,20508.3,563.32
1657569600000,20508.3,20560.4,20500.3,20548.6,518.46
1657570500000,20547.7,20550,20438.3,20484.1,700.68
1657571400000,20484.2,20493,20440.3,20478.3,339.22
1657572300000,20476.9,20479.5,20389.3,20429.6,743.17
1657573200000,20430.3,20439.7,20365,20399.1,706.14
1657574100000,20399.1,20421.6,20325.1,20354.4,908.75
1657575000000,20354.5,20381.8,20294.1,20328.5,683.99
1657575900000,20328.6,20350,20168,20235.8,2087.97
1657576800000,20235.9,20238.3,20077,20110,3089.17
1657577700000,20109.9,20173.6,20063.7,20113.3,2104.46
1657578600000,20113.4,20128.9,20039.4,20050,1610.2
1657579500000,20050.7,20084.2,19960.8,20008.4,3673.63
1657580400000,20008.3,20035.3,19876.6,20013.1,3791.13
1657581300000,20011.9,20024,19944.1,19995.8,1324.43
1657582200000,19996.3,20043.8,19950.5,20011,1137.61
1657583100000,20011,20056.4,19935.2,19970.4,1227.18
1657584000000,19967.3,20007.7,19932.9,19987.3,1484.94
1657584900000,19987.3,20003.7,19830,19883.7,2931.67
1657585800000,19883.6,19886.3,19816.1,19839.2,2199.95
1657586700000,19842.2,19916.7,19791.2,19817.6,2599.09
1657587600000,19817.6,19892.2,19806.6,19890.1,1528.38
1657588500000,19890.1,19908.5,19856,19881,1002.64
1657589400000,19881,19960.9,19881,19940.3,1708.05
1657590300000,19940.3,19950,19863.4,19893.2,1140.27
1657591200000,19893,19943.7,19887.7,19930,714.14
1657592100000,19930,19987.9,19920.7,19946.8,879.9
1657593000000,19946.8,19979.4,19925.2,19943.3,767.12
1657593900000,19943.4,19985.1,19942.1,19969.4,744.24
1657594800000,19969.4,19970.1,19890.6,19927.8,1151.41
1657595700000,19927.9,19939.7,19880.2,19913.7,672.09
1657596600000,19913.7,19940,19893.8,19940,580.24
1657597500000,19940,19949.1,19922,19943,478.32
1657598400000,19943,19970,19929,19969,659.25
1657599300000,19968.9,20020.5,19963.3,20001.1,1297.92
1657600200000,20001.1,20036.2,19972.5,20008.8,1143
1657601100000,20008.8,20020,19992.9,20004.5,540.28
1657602000000,20004.6,20017,19978.5,20009.1,690.04
1657602900000,20009.1,20055,19993.1,20042.5,798.24
1657603800000,20042.5,20045.8,20021.1,20041.4,584.1
1657604700000,20041.4,20053.9,19951.4,19956.2,1114.19
1657605600000,19956.5,19957.4,19841.1,19895,3241.46
1657606500000,19895,19940,19880,19885.3,991.86
1657607400000,19885.4,19927.1,19851.5,19897.5,928
1657608300000,19896.7,19899,19803,19847.4,1752.15
1657609200000,19847.5,19872.3,19655.7,19694.1,6730.24
1657610100000,19694.1,19714.2,19621.5,19667,3218.11
1657611000000,19667,19744.8,19640,19729,1929.12
1657611900000,19728.9,19769.5,19710,19734,1405.77
1657612800000,19733.9,19818,19710,19744.8,2160.69
1657613700000,19744.9,19744.9,19672.7,19721.6,1626.46
1657614600000,19722.7,19785.6,19715.2,19784.7,1045.68
1657615500000,19784.7,19794.5,19756.1,19773,725.88
1657616400000,19772.9,19805.9,19758.1,19776.3,851.11
1657617300000,19776.4,19797.1,19720.4,19754.9,876.24
1657618200000,19754.9,19754.9,19560,19638.8,5010.68
1657619100000,19638.1,19664.4,19573.8,19608.7,2112.27
1657620000000,19608.8,19720,19608.8,19687,1554.73
1657620900000,19687,19718,19670.5,19685.3,862.27
1657621800000,19685.2,19709.4,19635.4,19670,881.65
1657622700000,19670,19718.8,19589.1,19621.5,1785.4
1657623600000,19620.4,19707,19600.4,19699,1433.64
1657624500000,19699,19793.2,19698.7,19771.6,2699.65
1657625400000,19771.7,19840,19754.3,19794.6,2281.87
1657626300000,19794.6,19812,19764.6,19775.6,787.04
1657627200000,19775.5,19858.5,19772.6,19807,1458.92
1657628100000,19807.1,19962,19800,19904.1,3695.09
1657629000000,19904.1,19931,19861,19911.6,1316.78
1657629900000,19911.6,19919.4,19854.7,19873.9,1050.69
1657630800000,19874.7,19942.9,19850,19907.4,1296.14
1657631700000,19906.7,19932.2,19842.3,19870.5,1124.06
1657632600000,19870.6,20010.7,19818.4,19898.6,4944.52
1657633500000,19898.6,19914,19770,19788.5,2893.24
1657634400000,19788.4,19825,19700,19815.3,3158.65
1657635300000,19812.4,19879.7,19775.7,19789.6,1777.41
1657636200000,19790.4,19880.8,19787.3,19876.9,1209.41
1657637100000,19877,19937.7,19844.7,19916.2,1548.67
1657638000000,19915.8,19995,19903.9,19955.2,2193.69
1657638900000,19953.4,19955.1,19889.6,19941.9,1405.14
1657639800000,19942,19969.1,19867.3,19884,1193.85
1657640700000,19884,19936.1,19857,19884.9,948.91
1657641600000,19885,19953.7,19877.8,19923.6,1387.16
1657642500000,19924.4,19978,19920.2,19944.1,907.92
1657643400000,19944,20008.5,19918,19956.7,1296.18
1657644300000,19956.6,19964.1,19891.2,19902.2,1182.38
1657645200000,19901.5,19924,19837.4,19873.2,1294.68
1657646100000,19873.3,19891.1,19820,19846.5,1293.8
1657647000000,19849,19888,19835,19871.5,614.09
1657647900000,19871.4,19897.9,19850,19872.6,440.86
1657648800000,19874,19883.9,19757.5,19837.8,1200.82
1657649700000,19837.8,19857.7,19794,19811.2,601.94
1657650600000,19811.2,19821.3,19773.2,19797.6,609.93
1657651500000,19797.6,19815.6,19700.5,19729.2,1087.33
1657652400000,19729.1,19729.1,19585,19632.8,3048.57
1657653300000,19633.4,19633.4,19340.4,19382.2,7444.94
1657654200000,19382.1,19443.1,19255,19420.1,3967.88
1657655100000,19420.2,19557.2,19382,19396.8,3147.32
1657656000000,19394.2,19495,19378,19478.6,1701.85
1657656900000,19478.4,19511.4,19434.1,19500.1,1204.56
1657657800000,19500.1,19557.2,19465.1,19470.2,1121.21
1657658700000,19470.8,19470.8,19372.7,19460.4,1420.86
1657659600000,19458.9,19514,19413.8,19487.4,672.59
1657660500000,19487.4,19526.4,19456.9,19502.2,456.6
1657661400000,19502.1,19502.5,19420.7,19426.7,580.01
1657662300000,19426.7,19464.9,19350,19350.5,769.37
1657663200000,19350.4,19416.2,19236,19369.5,2371.58
1657664100000,19369.4,19459.1,19325.3,19457.4,1280.77
1657665000000,19457.3,19477,19418.1,19420.8,598.89
1657665900000,19420.8,19436.7,19346,19378.6,929.97
1657666800000,19380.2,19448.9,19342,19413.6,1083.32
1657667700000,19413.6,19447.8,19354.9,19369.4,798.1
1657668600000,19369.4,19424,19357.5,19383.7,686.29
1657669500000,19383.7,19412.7,19252.4,19333.4,1910.36
1657670400000,19331.3,19350,19268.1,19336.1,1614.31
1657671300000,19337.7,19376.5,19282.4,19344.6,1575.48
1657672200000,19346.1,19450,19334.4,19434,1671.57
1657673100000,19434.1,19434.9,19400,19429,803.14
1657674000000,19428.9,19476.4,19406.8,19447.8,969.03
1657674900000,19448.8,19450.5,19381,19397.4,922.81
1657675800000,19397.5,19436.4,19391.5,19396.5,617.34
1657676700000,19396.5,19464.8,19393.9,19429.2,604.79
1657677600000,19429.2,19545,19428.7,19498,2138.6
1657678500000,19498.1,19525,19483.7,19485.9,969.54
1657679400000,19484.9,19519.4,19483.3,19499.6,503.79
1657680300000,19499.6,19525.9,19481.5,19507.7,479.82
1657681200000,19507.7,19578,19502.9,19537.3,1028.96
1657682100000,19536.7,19540,19492,19512.1,752.3
1657683000000,19513.3,19533.6,19461.2,19478.1,894.68
1657683900000,19478.1,19488.9,19467.3,19473.1,462.65
1657684800000,19473,19512,19471.3,19498,494.98
1657685700000,19498,19523.5,19495.9,19503.3,341.87
1657686600000,19499.8,19505,19444,19450,711.27
1657687500000,19450.1,19496.6,19420,19480.8,1056.72
1657688400000,19480.8,19493.8,19460.1,19473,387.13
1657689300000,19473.8,19525,19446.5,19505.1,891.36
1657690200000,19505,19568,19487.8,19534.5,1116.77
1657691100000,19534.5,19578,19508.7,19517.5,1150.32
1657692000000,19517.5,19529.2,19492.1,19497.3,639.19
1657692900000,19497.1,19497.1,19470.7,19480.6,723.53
1657693800000,19480.6,19547.7,19472.4,19525,695.95
1657694700000,19525,19557.3,19510,19543.2,614.08
1657695600000,19545.7,19562.1,19516.1,19520.6,936.5
1657696500000,19519.6,19537.9,19495.6,19512.2,942.66
1657697400000,19512.8,19865.5,19494.2,19692,6624.11
1657698300000,19692,19779.5,19650,19709.1,3621.76
1657699200000,19709.3,19777,19671.3,19695.3,1774.08
1657700100000,19693.3,19820,19673.2,19791.2,2033.44
1657701000000,19793.2,19928.8,19776.6,19875,4664.12
1657701900000,19877.4,19908.3,19821.1,19854.1,1755.42
1657702800000,19853.5,19885.6,19794.2,19876.1,1668.61
1657703700000,19877.3,19898.6,19849.6,19889.9,767.41
1657704600000,19889.8,19895.4,19772,19792.5,1638.74
1657705500000,19793.3,19816.8,19762.9,19803.4,934.75
1657706400000,19803.3,19813.3,19750,19785,1192.17
1657707300000,19785.1,19792.1,19732.4,19743.2,1035.1
1657708200000,19743,19800,19706,19781.9,1936.03
1657709100000,19781.6,19795,19754.2,19782,729.88
1657710000000,19782.1,19840,19752.3,19802.9,1063.15
1657710900000,19802.8,19810,19759.1,19801.9,671.09
1657711800000,19801.9,19860,19787.3,19826.9,967.56
1657712700000,19826.9,19880,19794.4,19844.5,1100.42
1657713600000,19844.5,19871.1,19728.7,19750.8,1410.83
1657714500000,19750.7,20138,19688,20057.9,8884.61
1657715400000,20057.9,20060.1,18910,19155.6,34081.38
1657716300000,19155.6,19250,19045.9,19165,8347.05
1657717200000,19162.7,19235.7,19121,19174.6,3453.75
1657718100000,19175.2,19200,18978.9,19039.1,3812.19
1657719000000,19040.5,19344.9,18937,19204,9626.13
1657719900000,19204.7,19338.6,19154.8,19291.1,5073.29
1657720800000,19291.1,19398.3,19240.3,19303.6,3887.34
1657721700000,19305,19322.7,19197.2,19250,2074.79
1657722600000,19249.9,19569.8,19231.1,19544.1,6048.13
1657723500000,19544,19680,19498.7,19575.5,7648.18
1657724400000,19575.6,19698.4,19543,19646,3006.82
1657725300000,19645.4,19653.7,19485.7,19499.5,2353.75
1657726200000,19499.6,19536,19405.2,19417,2274.25
1657727100000,19417,19512,19385,19455.8,1639.98
1657728000000,19456.1,19480.6,19365,19374.7,1892.89
1657728900000,19374.7,19384.2,19240,19375.1,4401.95
1657729800000,19375,19477,19365.6,19476.9,2284.77
1657730700000,19476.9,19638.7,19432.1,19634.8,2674.45
1657731600000,19634.7,20062,19620.9,19884.2,11698.86
1657732500000,19883.2,19883.9,19759.5,19844.6,2531.25
1657733400000,19844.6,19965.1,19759.2,19946,2222.47
1657734300000,19946.2,19956.6,19832.7,19880.3,1900.87
1657735200000,19882,19889.3,19703.3,19755.7,2410.84
1657736100000,19755.7,19792.4,19681,19781.3,1483.96
1657737000000,19781.3,19839.5,19742.4,19807.9,1089.69
1657737900000,19814.3,19876,19765.3,19847.2,1187.4
1657738800000,19847.7,19864.1,19751.6,19815,1004.28
1657739700000,19813.7,19813.8,19734.1,19748.3,739.72
1657740600000,19748.3,19753.8,19628.8,19640.6,1314.09
1657741500000,19640.6,19693.8,19639.4,19657.5,651.54
1657742400000,19654.2,19751,19650,19705.8,982.86
1657743300000,19705.9,19706,19587.1,19618.8,1076.78
1657744200000,19619.9,19681.7,19610.6,19669.5,476.47
1657745100000,19669.5,19692.5,19640.6,19673.5,387.6
1657746000000,19673.4,19810.8,19651.7,19726,844.32
1657746900000,19726.1,19808.3,19710,19807.9,327.44
1657747800000,19807.9,19941.4,19775,19899.3,605.54
1657748700000,19895.9,19963.1,19846.7,19924.1,694.11
1657749600000,19925.2,20026.2,19852.4,19907.2,1827.61
1657750500000,19905.7,19962.4,19881,19887.8,786.53
1657751400000,19887.7,19941.2,19828.4,19836.1,972.36
1657752300000,19838.7,19875.7,19828.9,19844.9,631.97
1657753200000,19843.6,19974,19836.1,19965.1,1091.69
1657754100000,19965.1,20350,19962.2,20080,10876.54
1657755000000,20080.9,20204.1,20079.6,20186.6,2481.49
1657755900000,20186.6,20288,20139,20231.7,2351.77
1657756800000,20231.6,20412,20201.7,20299,4094.51
1657757700000,20299,20343.2,20164.4,20178.2,2037.36
1657758600000,20175.3,20290.7,20175.3,20253.7,1811.8
1657759500000,20253.7,20378,20249.6,20301.8,2363.62
1657760400000,20301.8,20344,20243.6,20340.5,1526.6
1657761300000,20340.4,20428,20266.1,20279.6,3229.11
1657762200000,20279.6,20285.6,20232.4,20257.4,1052.07
1657763100000,20257.3,20295.1,20225,20276.2,1226.56
1657764000000,20276.3,20291,20210,20222.1,1206.46
1657764900000,20222.6,20254.5,20218,20242.1,671.8
1657765800000,20241.7,20307.6,20230.9,20238.1,1406.65
1657766700000,20238,20262.9,20184.5,20260.1,1691.93
1657767600000,20260.1,20345.4,20249.1,20301,2237.18
1657768500000,20300.8,20367.3,20267,20293.8,1595.31
1657769400000,20292.9,20307.3,20229.1,20266.8,1118.02
1657770300000,20266.7,20266.8,20210,20220.6,873
1657771200000,20222.4,20252,20202,20250,825.82
1657772100000,20250,20271.6,20113.9,20154.8,2624.07
1657773000000,20154.7,20187.1,20111.7,20129.4,1383.31
1657773900000,20129.4,20166.5,20060.4,20086.6,2649.93
1657774800000,20085.2,20142.3,20069.5,20112.5,1046.91
1657775700000,20112.6,20183,20112.5,20169.1,1109.43
1657776600000,20169,20216.2,20146.1,20150.5,991.19
1657777500000,20150.3,20152.4,20050,20113.3,1680.26
1657778400000,20113.4,20142,20075.7,20100.7,934.2
1657779300000,20100.8,20127.6,20000,20007.1,1981.91
1657780200000,20006.8,20046.8,19890.2,20000.5,4758.54
1657781100000,20000.6,20066.4,20000.5,20025,1881.73
1657782000000,20024.9,20049.2,19919.5,19971.5,1759.04
1657782900000,19971.4,20022.5,19961.2,19984.4,942.34
1657783800000,19985.5,20022,19930.4,19972.4,1214.32
1657784700000,19972.5,20010.4,19951.2,19988.4,878.72
1657785600000,19988.5,20059.8,19945.8,20010.1,1684.35
1657786500000,20011.1,20024.9,19962.4,19971.5,1159.74
1657787400000,19971.5,19987.4,19837,19848.9,3256.61
1657788300000,19848.9,19879.8,19741,19767.4,4152.22
1657789200000,19767.9,19793.4,19720.1,19750,1232.14
1657790100000,19750,19750,19750,19750,0
1657791000000,19750,19799,19675.3,19798.6,1066.92
1657791900000,19798.8,19843.4,19761.8,19830,2166.28
1657792800000,19830.1,19851,19785.1,19808,1693.87
1657793700000,19808,19832.5,19758.6,19798.9,1187.73
1657794600000,19798.9,19850,19773.9,19824.8,1248.25
1657795500000,19824.8,19849.8,19735.1,19782.5,1573.31
1657796400000,19781.3,19808.1,19706.9,19732.2,1150.88
1657797300000,19732.9,19796.3,19688,19706.6,1921.88
1657798200000,19706.8,19769.5,19637.8,19737.5,2592.01
1657799100000,19737.4,19781.5,19714.3,19737,884.45
1657800000000,19736.9,19793.3,19694.1,19778.5,1725.42
1657800900000,19778.6,19816.2,19702,19728.8,1911.78
1657801800000,19728.8,19879.8,19620,19797.1,5719.95
1657802700000,19797.1,19826.4,19752.2,19791,1062.97
1657803600000,19784.8,19825.3,19708.3,19742.4,1765.41
1657804500000,19742.1,19779.5,19715,19717.5,1177.26
1657805400000,19717.1,19808.7,19650.2,19694,4052.47
1657806300000,19693.9,19820.8,19693,19766.5,2236.03
1657807200000,19766.5,19776.4,19674,19753.2,2214.5
1657808100000,19750.5,19767.2,19693.1,19747.2,1436.04
1657809000000,19744.5,19813.9,19694.8,19782.1,1727.32
1657809900000,19782.4,19975.5,19775.1,19893.8,4052.04
1657810800000,19895.2,20104.8,19895.2,20043,6329.82
1657811700000,20038.9,20196.9,20033.1,20144,4789.59
1657812600000,20143,20385,20063.5,20320.1,7462.75
1657813500000,20319.8,20468,20288,20392.6,8068.41
1657814400000,20392.6,20477.8,20264.6,20324.9,5367.89
1657815300000,20324.9,20365.5,20246.9,20257.9,2979.55
1657816200000,20256.3,20354.3,20235,20289.3,1756.89
1657817100000,20289.8,20319.4,20120.4,20223.2,3433.23
1657818000000,20224.3,20299,20193.1,20274.6,1809.14
1657818900000,20274.5,20620,20271.6,20597.9,7695.99
1657819800000,20598,20666,20500.3,20529.2,3664.27
1657820700000,20529.2,20788,20508,20736.7,5752.23
1657821600000,20736.8,20787.9,20638,20692.6,3660.96
1657822500000,20692.6,20735.4,20625.8,20700.6,1992.07
1657823400000,20699.9,20724.6,20650.6,20677,1099.68
1657824300000,20677.1,20731.6,20676.9,20701.1,908.19
1657825200000,20701,20774.5,20636.9,20701.8,1694.91
1657826100000,20702.3,20788,20656.5,20784.4,959.94
1657827000000,20783.9,20911,20673,20679,3585.72
1657827900000,20675,20696.5,20590.5,20609.4,974.08
1657828800000,20612.1,20666.5,20521.8,20569.5,1566.07
1657829700000,20568.2,20678.4,20553.8,20650.9,990.47
1657830600000,20650.8,20684,20591.2,20667.8,563.66
1657831500000,20667.8,20703.4,20592.4,20679.6,684.08
1657832400000,20677.4,20717.9,20644,20665.9,572.96
1657833300000,20666,20666,20570.1,20570.1,673.73
1657834200000,20570.1,20586.8,20536,20555,500.06
1657835100000,20555,20556.2,20444.5,20479.2,728.36
1657836000000,20479.2,20538,20468.6,20498.5,658.84
1657836900000,20498.5,20504.6,20449.4,20486.4,831.45
1657837800000,20486.1,20563.3,20481.2,20502.8,982.36
1657838700000,20502.8,20526,20495.6,20501.1,482.27
1657839600000,20501.1,20510,20466.9,20504.3,377.21
1657840500000,20504.9,20560,20492.4,20547,637.16
1657841400000,20547.9,20607.7,20534,20580.1,1324.05
1657842300000,20581.3,20606.3,20565,20594.1,656.74
1657843200000,20593,20604.9,20500.2,20509,951.08
1657844100000,20509.1,20520.4,20443,20455.7,1392.27
1657845000000,20455.7,20483.8,20374.5,20428.6,1706
1657845900000,20428.5,20484.8,20394,20397.9,1050.03
1657846800000,20397.9,20431.2,20392.5,20406.3,620.61
1657847700000,20406.3,20434.5,20381.6,20420,875.95
1657848600000,20420.1,20477,20418.1,20468.1,667.14
1657849500000,20468,20651.7,20459.6,20629.1,2174.63
1657850400000,20627.1,20799,20611.6,20744.8,4476.57
1657851300000,20744.8,20830,20661.3,20678.8,2536.72
1657852200000,20678.4,20711.7,20570.6,20601.4,1890.52
1657853100000,20601.4,20614,20433.4,20489.4,3734.04
1657854000000,20489.4,20564.8,20466.9,20536.8,1491.81
1657854900000,20536.8,20546,20443,20505,1173.58
1657855800000,20505,20556.3,20490.5,20537.9,598.12
1657856700000,20538,20631.2,20520.1,20608.7,1535.08
1657857600000,20608.8,20688,20577.7,20682.8,2599.94
1657858500000,20682.9,20688,20631.8,20687.5,873.61
1657859400000,20687.5,20702.3,20532.4,20539.4,1788.47
1657860300000,20540,20587,20493,20542,1332.01
1657861200000,20542,20564.8,20519.1,20537.3,500.18
1657862100000,20539.7,20609.6,20538.1,20593.7,676.9
1657863000000,20593.6,20661.6,20516.1,20580.5,1385.62
1657863900000,20580.4,20680,20576.8,20665,1091.48
1657864800000,20665,20670,20595.5,20655.5,965.71
1657865700000,20655.5,20699.4,20615.6,20680.2,1111.4
1657866600000,20681,20687.7,20621.5,20633.2,861.71
1657867500000,20633.1,20633.1,20590,20600.2,912.85
1657868400000,20600,20750,20560,20684.6,2714.03
1657869300000,20684.1,20899,20628.9,20859.9,5190.41
1657870200000,20859.1,20942,20761.8,20781.3,3494.73
1657871100000,20781.3,20865.7,20781,20829.9,1019.45
1657872000000,20829.9,20877.7,20786.9,20800.1,1171.22
1657872900000,20800,20868.5,20722.1,20862.5,2132.98
1657873800000,20862.4,20920,20831.3,20901,1541.37
1657874700000,20902,21033,20855.8,20861.1,5555.31
1657875600000,20861.1,20947.6,20834,20887.3,2112.77
1657876500000,20887.3,21043.6,20887.3,20985,3510.75
1657877400000,20985,21023.9,20877.5,20890,2821.2
1657878300000,20889.7,20927.4,20842.3,20894.7,1689.65
1657879200000,20894.7,20920,20853.4,20878.4,1060.28
1657880100000,20878.3,20889.5,20822.1,20850,1100.1
1657881000000,20849.9,20865.1,20805.2,20830.5,816.56
1657881900000,20830.6,20900,20829.4,20868.9,821.19
1657882800000,20868.5,20946.4,20818.8,20935.2,1283.66
1657883700000,20935.1,20956.8,20831,20862.2,1314.44
1657884600000,20862,20872.9,20760,20780.2,1329.13
1657885500000,20780.8,20823.9,20762.2,20774.2,1048.22
1657886400000,20774.1,20811,20760.3,20800.8,1035.57
1657887300000,20801,20900,20797,20845,1399.42
1657888200000,20844.8,20950,20770.1,20929.4,4008.67
1657889100000,20929.4,21037,20917,20983,3188.5
1657890000000,20983.1,21087.7,20956.3,20958.3,3035.75
1657890900000,20958.7,20993.7,20904.6,20964.3,1714.26
1657891800000,20964.4,21039.8,20839.5,20882.6,3386.67
1657892700000,20882.7,20893.5,20793.6,20860.6,2175.69
1657893600000,20860.7,20995,20860.7,20927.3,3632.84
1657894500000,20927.3,20995,20856.4,20976.7,1539.97
1657895400000,20976.8,21000,20894.1,20896.4,1529.83
1657896300000,20895.8,20914.3,20866.5,20888,907.78
1657897200000,20888,20961.1,20879.5,20902.6,1082.06
1657898100000,20902.6,20956,20860.2,20863.6,1051.2
1657899000000,20863.7,20894.9,20808,20861.2,1325.2
1657899900000,20860.9,20892.1,20782,20796.8,1292.15
1657900800000,20796.8,20820,20722.2,20768.5,2487.28
1657901700000,20768.5,20784.6,20625.6,20709,3684.71
1657902600000,20709,20755.6,20693.2,20725.2,1953.84
1657903500000,20725.3,20780,20685.3,20752.6,1197.02
1657904400000,20752.6,20906,20741.5,20888,2254.84
1657905300000,20888,20926.9,20812.1,20847.1,1427.73
1657906200000,20847,20847.5,20790.8,20819.6,835.49
1657907100000,20818.1,20900,20760,20789.5,1063.89
1657908000000,20789,20808.1,20775.4,20803.3,415.32
1657908900000,20803.3,20865.5,20798,20858.4,659.87
1657909800000,20858.4,20986.8,20832,20979,1450.86
1657910700000,20979.1,21054.9,20960,21038.2,2526.67
1657911600000,21038.1,21044.5,20960.1,20994.4,1156.72
1657912500000,20996.9,21003.8,20939.2,20959.9,695.47
1657913400000,20958,21180,20942.8,21132,3022.86
1657914300000,21132.1,21199,21081.7,21170.8,2059.62
1657915200000,21170.8,21179.3,21076,21086.5,1179.32
1657916100000,21084.6,21219.3,21060,21112.8,1986.74
1657917000000,21115,21135.6,20905.1,20928.8,2652.09
1657917900000,20926.4,20959.4,20900.1,20930.6,1023.69
1657918800000,20930.7,21014,20913.6,20923.1,922.29
1657919700000,20923.1,20930.4,20826.1,20927.1,1081.66
1657920600000,20928,20967,20916.2,20949.1,338.38
1657921500000,20951.6,20984.5,20934.9,20969.5,316.84
1657922400000,20969.5,20992.7,20915.1,20930.4,381.21
1657923300000,20930.1,20932.2,20829.6,20862.8,813.81
1657924200000,20862.9,20902.4,20820,20885.4,537.2
1657925100000,20883.7,20907.5,20872,20892.1,308.11
1657926000000,20891.8,20948,20853.8,20943,425.85
1657926900000,20942.9,20943,20760,20799.5,1419.85
1657927800000,20799.5,20856,20765.2,20842.6,1159.88
1657928700000,20841.3,20854.1,20815,20831.4,560.26
1657929600000,20830,20859.2,20770.6,20831.1,570.72
1657930500000,20831.2,20849.5,20750,20793.1,717.39
1657931400000,20793.1,20797.9,20670,20699.9,2292.36
1657932300000,20699.9,20731.2,20680,20682.2,840.41
1657933200000,20682.3,20717.6,20633,20704,1230.31
1657934100000,20703.9,20751.8,20690,20748.3,693.82
1657935000000,20748.3,20753.7,20701.5,20732.5,555.82
1657935900000,20732.5,20732.5,20684.7,20716.8,420.39
1657936800000,20716.9,20745,20673.9,20687.5,584.05
1657937700000,20690.2,20697.5,20601.1,20660,1352.22
1657938600000,20660,20685.7,20655,20668.8,382.13
1657939500000,20668.9,20708.5,20668.8,20703.3,453.83
1657940400000,20703.3,20724.5,20688.7,20703.8,395.65
1657941300000,20703,20742.1,20698.4,20731.7,449.89
1657942200000,20732.7,20770.2,20694.4,20749.2,572.21
1657943100000,20749.1,20759.4,20730,20732.9,360.49
1657944000000,20732.9,20746.5,20648.1,20703.8,1080.69
1657944900000,20703.8,20721.9,20672.1,20686.5,484
1657945800000,20686.4,20718,20680.6,20695.8,687.31
1657946700000,20694.9,20754,20690,20741.5,684.01
1657947600000,20741.5,20745.7,20716,20743.6,269.95
1657948500000,20744,20744.1,20702,20710.9,283.87
1657949400000,20710.9,20723.3,20635,20658.6,1050.04
1657950300000,20658.6,20688.9,20567.3,20598,1936.65
1657951200000,20597.6,20622.4,20558.5,20580.6,1222.28
1657952100000,20580.5,20593.7,20520,20553.8,1912.35
1657953000000,20553.9,20565,20480.1,20528.9,2613.89
1657953900000,20528.9,20566.5,20492.8,20548.8,1257.23
1657954800000,20548.9,20586.1,20529.9,20586.1,798.28
1657955700000,20586,20614.9,20580.4,20604.2,668.49
1657956600000,20604.9,20617.5,20560,20566.2,540.31
1657957500000,20566.1,20574.2,20500,20551.2,980.43
1657958400000,20551.2,20640,20544.2,20610,1191.08
1657959300000,20609.9,20638.8,20602.9,20613.3,559.43
1657960200000,20613.3,20657.9,20602.3,20624.5,692.45
1657961100000,20624.6,20629.6,20574.3,20606.1,617.48
1657962000000,20606.1,20608.9,20575.4,20583.6,321.92
1657962900000,20583.5,20633.8,20580,20609.2,459.03
1657963800000,20609.2,20642.4,20606.6,20616.2,568.54
1657964700000,20617.4,20639.4,20590,20618.4,340.18
1657965600000,20618.5,20643,20610.4,20638,282.76
1657966500000,20637.9,20682.7,20619.8,20669.5,618.01
1657967400000,20669.6,20687.4,20590.1,20636,894.52
1657968300000,20636.1,20650,20614.7,20637.8,278.68
1657969200000,20637.8,20647.7,20611.4,20640.4,350.42
1657970100000,20642.3,20664.7,20621.8,20662.8,233.92
1657971000000,20662.7,20674.4,20636.5,20644.2,404.54
1657971900000,20645.2,20658.4,20607.8,20617,408.33
1657972800000,20617,20626.9,20592.5,20613.5,573.54
1657973700000,20613.8,20640,20611.8,20619.6,316.01
1657974600000,20617.9,20647.5,20613.5,20629.4,234.13
1657975500000,20627.3,20749.9,20603.3,20695.5,2112.57
1657976400000,20698.1,20748.1,20682.4,20728.7,956.52
1657977300000,20729,20847.6,20724.5,20780,2258.7
1657978200000,20780,20814.3,20761,20808.1,1350.48
1657979100000,20808.1,20880,20762.4,20843.2,2090.98
1657980000000,20842.7,20877.4,20804.2,20837.1,1189.94
1657980900000,20836.5,20843.1,20771.3,20800,1136.7
1657981800000,20800,20820,20733,20752.6,1002.45
1657982700000,20752.4,20837.8,20750.9,20815.6,924.98
1657983600000,20815.6,20939,20815.6,20914.9,2165.81
1657984500000,20915,20922.9,20871.9,20905,1190.1
1657985400000,20905.1,20922.6,20876.8,20903.5,719.2
1657986300000,20903.5,20958,20888,20946,1104.03
1657987200000,20944.1,21410.9,20922.7,21325.3,10823.1
1657988100000,21326.7,21431.7,21097.4,21168.7,7619.01
1657989000000,21168.7,21280,21115.8,21265.8,3716.21
1657989900000,21265.9,21496,21265.9,21468.5,5642.88
1657990800000,21467.7,21536.7,21370.6,21440.3,4072.33
1657991700000,21441,21588,21413.8,21469,4228.44
1657992600000,21469,21484.4,21395.7,21444.6,1392.16
1657993500000,21444.5,21500,21225.9,21248.3,3693.9
1657994400000,21248.3,21353,21243.6,21302.2,1985.62
1657995300000,21302.2,21343.9,21272.1,21288.3,849.25
1657996200000,21288.3,21292.8,21187,21246.6,1381.27
1657997100000,21246.5,21313.4,21201,21290.6,699.56
1657998000000,21289.6,21370,21279.8,21344.6,1245.49
1657998900000,21341.5,21395,21290.6,21314.5,747.87
1657999800000,21315,21341.4,21244,21251.4,733.64
1658000700000,21251.5,21261.4,21151.6,21189.1,1472.59
1658001600000,21188.1,21223.4,21037.2,21080,2058.13
1658002500000,21080,21082.3,20910,20979.6,3176.93
1658003400000,20978.1,21152.1,20975.4,21126.4,2072.45
1658004300000,21122.9,21221,21093.4,21215.5,1347.49
1658005200000,21215.5,21220.7,21111.4,21148.5,967.65
1658006100000,21148.4,21349.8,21084.1,21335.7,1224.88
1658007000000,21335.7,21342,21234.8,21296.4,530.98
1658007900000,21296.4,21315.1,21175.9,21199.7,797.09
1658008800000,21199.8,21236.9,21136.7,21197.4,780.73
1658009700000,21195.7,21243.4,21171.8,21234.2,884.13
1658010600000,21233.8,21254.1,21202.6,21231.8,449.71
1658011500000,21231.7,21313.5,21206.7,21292.7,654.59
1658012400000,21292.7,21299.9,21222.6,21227.9,563.34
1658013300000,21227.8,21249,21182.6,21185.4,558.37
1658014200000,21185.4,21212.7,21161.4,21183.2,661.89
1658015100000,21184.8,21229.9,21173.3,21192.6,452.25
1658016000000,21192.6,21346.6,21187.5,21326.2,2466.86
1658016900000,21326.2,21336.8,21200,21251.5,993.81
1658017800000,21249.6,21315.4,21201.9,21301.6,858.46
1658018700000,21301.1,21327.7,21262.3,21297.9,507.49
1658019600000,21298,21337.7,21228.3,21233.6,960.07
1658020500000,21234.4,21250,21112.7,21169.7,1812.33
1658021400000,21169.7,21176.4,21082.7,21131.8,1188.69
1658022300000,21131.9,21170,21105.1,21162.2,567.99
1658023200000,21162.2,21197.2,21131.6,21193.2,761.39
1658024100000,21193.2,21220,21165.5,21205.8,661.17
1658025000000,21205.8,21240.6,21188.3,21197.2,738.15
1658025900000,21197.2,21197.7,21143,21167.7,563.75
1658026800000,21167.6,21272.2,21164.7,21255.9,755.69
1658027700000,21256,21444,21250.5,21414.3,3345.97
1658028600000,21414.4,21468.3,21342.4,21342.4,2245.25
1658029500000,21342.4,21384.3,21318.1,21324.2,825.31
1658030400000,21324.3,21418.5,21312,21408.1,764.25
1658031300000,21408.1,21480,21346.3,21358.6,1547.27
1658032200000,21358.7,21370.5,21258.4,21278.8,1376.51
1658033100000,21278.9,21295.9,21240.3,21265.2,705.52
1658034000000,21265.2,21368.5,21259.4,21351.2,1157.74
1658034900000,21351.2,21371.1,21292.7,21361.7,858.27
1658035800000,21361.6,21368,21298.6,21340.1,766.49
1658036700000,21338.4,21399.9,21327.9,21360.4,970.75
1658037600000,21360.6,21425,21349.1,21402.1,922.24
1658038500000,21402.1,21439.8,21370,21411.2,895.31
1658039400000,21411.2,21520,21375.4,21495,2501.7
1658040300000,21495,21598.8,21441.2,21578.5,2825.14
1658041200000,21578.6,21674,21523.1,21603.7,3235.57
1658042100000,21603.7,21640.2,21508,21533.1,1466.43
1658043000000,21533.1,21594,21461.5,21485.7,1510.99
1658043900000,21485.8,21539.2,21470,21470.1,731.56
1658044800000,21470,21521.1,21406.6,21465.9,1548.43
1658045700000,21467.9,21486.7,21382.9,21409,1419.89
1658046600000,21410,21419,21378,21416.7,857.47
1658047500000,21416.6,21475.3,21395.1,21456,852.56
1658048400000,21456,21553,21442.7,21500.5,1477.05
1658049300000,21500.4,21507.2,21275,21300,3147.76
1658050200000,21300.5,21363.4,21296.2,21335.6,1104.88
1658051100000,21335.5,21412.2,21317,21366.2,903.64
1658052000000,21366.2,21388,21271.1,21292.1,1383.51
1658052900000,21292.1,21321.1,21221.9,21315.2,2837.66
1658053800000,21315.2,21368.7,21294.1,21353.5,873.88
1658054700000,21353.5,21396.8,21337.3,21388,554.3
1658055600000,21388,21444.9,21361.7,21406,849.03
1658056500000,21410.9,21450,21388,21401.8,1399.75
1658057400000,21398.7,21410,21289,21344.6,1563.57
1658058300000,21344.7,21482.9,21322,21458.3,1371.17
1658059200000,21457.5,21512.9,21420,21485.1,1194.6
1658060100000,21485.1,21491.8,21412.6,21446.8,461.84
1658061000000,21446.8,21476.4,21377,21393.8,864.39
1658061900000,21393.8,21419.7,21337,21382,857.4
1658062800000,21382,21388.5,21162.7,21228.9,4469.77
1658063700000,21229.1,21329.9,21139.6,21268.2,3792.34
1658064600000,21268.5,21297.4,21200,21231.2,1398.55
1658065500000,21230.1,21247.7,21116.7,21119.7,1277.61
1658066400000,21119.6,21195,21085,21170.1,1862.51
1658067300000,21173.1,21231,21153.9,21187.4,944.09
1658068200000,21186.2,21237.6,21170.7,21218,801.99
1658069100000,21217.9,21262.5,21178.5,21206.6,882.75
1658070000000,21206.4,21282.6,21170,21243.7,1018.42
1658070900000,21243.8,21265.8,21220.9,21252.8,464.63
1658071800000,21252.9,21255.3,21150,21186.2,1139.89
1658072700000,21185.4,21198,21125,21175,754.12
1658073600000,21175.1,21225.1,21125.2,21175.9,1268.06
1658074500000,21175.9,21198.5,20990.5,21069.6,3221.74
1658075400000,21069.5,21182.5,21062,21147.4,896.17
1658076300000,21149,21170.3,21114.2,21157,527.33
1658077200000,21156.9,21240.4,21141.4,21231.4,862.17
1658078100000,21231.3,21363.3,21224.4,21267.3,2642.45
1658079000000,21267.3,21292.4,21156.9,21199.1,1513.08
1658079900000,21199.1,21204.2,20820,20923.1,5533.39
1658080800000,20923.1,21016.5,20868.8,20948.9,2352.76
1658081700000,20949,21036.2,20947.8,20985.9,1165.15
1658082600000,20985.9,21063.6,20967.1,21045.5,467.22
1658083500000,21045.6,21056.2,20961.2,20976,506.38
1658084400000,20975,21046,20935.5,20941.1,687
1658085300000,20941.1,21044.8,20937.9,21021.3,407.69
1658086200000,21021.4,21077.9,21020.9,21058.2,622.34
1658087100000,21058.2,21081.9,21021.8,21031.4,245.69
1658088000000,21031.5,21046.8,20980,20984.6,468.21
1658088900000,20985.5,21002.7,20960.1,20992.7,358.32
1658089800000,20992.6,20996.9,20912.3,20933.2,450.24
1658090700000,20933.8,20973.4,20924,20938,294.78
1658091600000,20938,21008.1,20880,20974.5,850.45
1658092500000,20974.5,21047.9,20950,21027.5,813.34
1658093400000,21026.5,21060,20984.3,20999.5,395.85
1658094300000,20999.6,21036.6,20970.6,21024.9,319.75
1658095200000,21021.5,21083.4,20986,21015.5,574.65
1658096100000,21015.1,21016.8,20925,20986.3,779.13
1658097000000,20985.1,21043.9,20977.2,21019.8,503.55
1658097900000,21019.9,21021.8,20982.2,21006.6,262.64
1658098800000,21006.5,21010.6,20948.5,20955.3,350.79
1658099700000,20955.2,20976.2,20825.4,20855.5,1128.96
1658100600000,20855.4,20876.3,20750,20823.3,2519.51
1658101500000,20823.3,20860,20754.2,20800.5,1171.63
1658102400000,20800.5,20903.4,20769.6,20886.8,1696.44
1658103300000,20886.7,20927.1,20850,20885.6,925.49
1658104200000,20885.6,20920,20820,20830.7,1318.6
1658105100000,20830.7,20838.9,20785,20827.9,927.58
1658106000000,20828,20930.5,20824.3,20923.4,1203.41
1658106900000,20923.4,20957.5,20907.7,20937.3,1049.25
1658107800000,20939,21003.8,20923,20964.5,1630.95
1658108700000,20964.6,21021,20963.3,20980.1,717.99
1658109600000,20980.1,21017.4,20964.6,20972.9,821.48
1658110500000,20972.9,21025.5,20972.9,21024.2,764.17
1658111400000,21024.3,21213,21002.9,21202.9,2641.94
1658112300000,21202.8,21375,21159,21335,5307.45
1658113200000,21334.9,21359.8,21200.7,21204.5,2427.73
1658114100000,21204.5,21384,21204.5,21348.3,1957.74
1658115000000,21348.3,21354.8,21278.1,21311.3,1115.95
1658115900000,21309.7,21330,21252.4,21284.7,821.15
1658116800000,21284.6,21298.6,21212,21250.3,1310.24
1658117700000,21250.2,21325,21164.2,21306.9,2542.49
1658118600000,21306.9,21316.2,21253,21299,1004.95
1658119500000,21299,21300,21253.3,21300,809.52
1658120400000,21300,21454.5,21296.7,21377,3443.04
1658121300000,21379.2,21599.9,21372,21597.3,5063.07
1658122200000,21597.3,21820,21557.8,21766.8,7191.96
1658123100000,21766.7,21880,21689.7,21864,4770.14
1658124000000,21863.9,21888,21773.3,21785,2586.71
1658124900000,21784.9,22025.2,21775.4,21954.8,4739.97
1658125800000,21954.8,22378.5,21951.6,22174.6,10886.47
1658126700000,22174.6,22290.9,22172,22200.8,2703.09
1658127600000,22200.6,22412.8,22191.3,22277.7,3466.13
1658128500000,22277.6,22284.9,22108,22252.4,3031.66
1658129400000,22252.5,22270,22163,22218.9,1570.07
1658130300000,22219,22347,22218.7,22248.9,2547.18
1658131200000,22249,22488,22218.5,22407.3,4994.18
1658132100000,22407.2,22524,22239,22255,5493.18
1658133000000,22255.1,22311,22153.4,22247.7,2939.4
1658133900000,22247.7,22297.9,22215.8,22292.9,1135.76
1658134800000,22292.9,22331.4,22238.6,22300,1659.97
1658135700000,22300,22375,22231.3,22358,1688.01
1658136600000,22358.1,22399,22250,22252.7,1345.73
1658137500000,22252.7,22282.6,22222.8,22244.7,969.8
1658138400000,22244.7,22267.9,22148,22249.5,2080
1658139300000,22249.5,22359,22220.7,22310,1578.87
1658140200000,22309.9,22369,22187.2,22203.7,2656.93
1658141100000,22204.9,22224.9,22164.8,22206.6,1077.8
1658142000000,22206.6,22260,22182.8,22245.1,719.41
1658142900000,22245.1,22333,22207.3,22273.5,2461.47
1658143800000,22273.6,22295.8,22114,22160.8,1933.71
1658144700000,22160.8,22200.1,21971.4,22136.5,4795.24
1658145600000,22136.5,22161.6,21999.6,22063.9,2212.85
1658146500000,22063.3,22070,21897.7,21988.7,2850.95
1658147400000,21988.7,22160,21947.9,22120.8,2411.8
1658148300000,22120.9,22328.2,22082.6,22287.6,3222.46
1658149200000,22287.5,22310,22179.1,22240,2236.88
1658150100000,22243.1,22262.1,22182.7,22250.6,807.08
1658151000000,22251.2,22324.9,22069.7,22152,3841.13
1658151900000,22151.9,22226,22139.2,22139.7,1577.19
1658152800000,22137.9,22200,21988,22040.2,2599.68
1658153700000,22040.1,22096,21994.9,22045.5,1512.66
1658154600000,22045.5,22158.4,22037,22116.9,1492.78
1658155500000,22116.9,22243,22084,22213.6,1602.92
1658156400000,22213.7,22230,22172.8,22215.2,1101.07
1658157300000,22215.2,22266,22160.1,22195.9,1106.25
1658158200000,22195.9,22428.1,22175.4,22346.7,2653.85
1658159100000,22346.6,22779.8,22263.8,22681.2,9540.39
1658160000000,22680.9,22719.8,22303.2,22416.2,8205.4
1658160900000,22416.1,22444.9,22263,22298.4,3018.93
1658161800000,22298.5,22384.7,22114.3,22165.9,3424.84
1658162700000,22164.5,22232.6,22149.8,22204.6,1818.77
1658163600000,22204.7,22230,22065.5,22132.5,1998.06
1658164500000,22132.6,22178.3,22023.6,22141.5,2204.78
1658165400000,22141.5,22178,21961.7,21991.6,2211.33
1658166300000,21991.6,22068,21846,21877.7,3282.12
1658167200000,21880.1,21963,21786,21928,2722.6
1658168100000,21927.9,22015.2,21902.3,21938.6,1621.89
1658169000000,21939.5,21981.9,21888.4,21902.5,1300.44
1658169900000,21902.5,21914.4,21827.6,21841.2,1240.46
1658170800000,21841.1,21882.4,21504.5,21562.2,5770.76
1658171700000,21562.3,21766.6,21554.2,21696.5,2969.56
1658172600000,21696,21733,21555,21612,1993.95
1658173500000,21608.4,21640,21400,21620.3,4399.2
1658174400000,21620.4,21642.5,21512,21577.9,1279.27
1658175300000,21577.2,21666,21545,21609.1,982.08
1658176200000,21609.1,21674.3,21439.7,21514.4,2037.18
1658177100000,21514.3,21578.7,21476.8,21497.5,1145.82
1658178000000,21498.1,21638.7,21450.7,21602.2,1113.81
1658178900000,21601.3,21741.4,21585,21691.6,975.01
1658179800000,21691.7,21757.7,21633.1,21739.5,897.54
1658180700000,21738.2,21743.4,21638.8,21663.4,590.81
1658181600000,21663.5,21800,21585.1,21785.6,1635.41
1658182500000,21785.5,21797,21580.3,21598.3,2234.5
1658183400000,21599.5,21734.5,21563.6,21717.6,1583.05
1658184300000,21717.6,21859.8,21696.8,21795,1934.4
1658185200000,21794.9,22184.8,21772.2,22107.9,5304.93
1658186100000,22108,22285.2,22100,22169,3006.05
1658187000000,22164.7,22328.7,22135.6,22323.9,2169.89
1658187900000,22325.2,22685,22271.8,22437.3,5721.07
1658188800000,22437.4,22971.6,22230,22834.9,12572.41
1658189700000,22834.9,22914.4,22508,22590.8,6776.62
1658190600000,22589.5,22674.7,22166.7,22281.3,8528.22
1658191500000,22281.3,22458.3,22263.1,22347.8,3059.86
1658192400000,22347.9,22397.5,22100,22207.1,3028.99
1658193300000,22204.8,22334.7,22135.3,22300.2,3037.43
1658194200000,22300.3,22329.9,22087.1,22126.1,2032.12
1658195100000,22125.7,22197.7,22026.8,22060.5,2819.76
1658196000000,22060.4,22099.3,21935.5,21986.7,2971.47
1658196900000,21987.2,22177.8,21969.8,22162.5,2078.77
1658197800000,22162.4,22166.4,22092.3,22109.1,1256.36
1658198700000,22109,22141.8,22030.9,22104.8,769.13
1658199600000,22105.4,22189.6,22032,22178.9,1159.44
1658200500000,22180.3,22278.2,22138.7,22212.7,2274.77
1658201400000,22212.7,22253.1,22067.5,22072.9,1509.07
1658202300000,22072.8,22100,21810.7,21900.2,3834.21
1658203200000,21904.4,21918.6,21705.7,21788.2,4231.77
1658204100000,21789.6,21937,21760,21900.5,1746.94
1658205000000,21900.4,21955.5,21828.4,21918.8,1224.52
1658205900000,21918.9,21940.2,21852.8,21894.9,756.89
1658206800000,21895,21992.7,21830,21983.7,1182.24
1658207700000,21983.7,22118,21965.7,22014.4,2859.74
1658208600000,22014.3,22113.3,21994.4,22092,1279.1
1658209500000,22093.6,22100,21984,21996.3,1124.92
1658210400000,21996.3,22038.2,21879.9,21924.9,1748.5
1658211300000,21925,22126.9,21921.5,22087.4,1425.54
1658212200000,22085.2,22129.7,21774,21796,3674.41
1658213100000,21796,21863.3,21582.6,21764.3,8313.2
1658214000000,21764.4,21873.7,21738,21844,1924.72
1658214900000,21846.6,21878.9,21762.5,21771.3,1219.46
1658215800000,21770.8,21843.4,21693.1,21696.7,2014.41
1658216700000,21696.7,21809.5,21692,21766.6,892.03
1658217600000,21766.6,21850,21696.8,21836.7,1804.41
1658218500000,21836.8,21885.4,21795.3,21802.5,1858.72
1658219400000,21802.5,21896.9,21797.9,21868.5,1677.68
1658220300000,21867.3,21938,21818,21927.8,1667.5
1658221200000,21927.8,21947.1,21841,21845.7,1069.11
1658222100000,21848.3,21967.8,21811.2,21922.2,1336.22
1658223000000,21921.6,21980,21888.1,21906.4,1012.29
1658223900000,21906.4,21950,21846.5,21905.8,961.19
1658224800000,21905.8,21942.2,21883.4,21935.1,779.81
1658225700000,21935,21955.1,21813.7,21864.5,1485.13
1658226600000,21864.4,22064.6,21832.5,22051.1,2448.53
1658227500000,22051.1,22115,21943.9,22004.5,2820.39
1658228400000,22005.5,22093.9,21972.4,22082.8,964.78
1658229300000,22082.1,22240,22048.4,22221.4,3597.41
1658230200000,22220.4,22229.5,21968,22013,2336.96
1658231100000,22006.1,22174.1,21912,21980.1,4172.63
1658232000000,21980.1,22146.1,21978,22000,2291.01
1658232900000,22000,22075.5,21974.9,22010.5,1324.97
1658233800000,22010.5,22140.9,21986,22093.4,1831.88
1658234700000,22093.4,22201.7,22070.7,22179.7,1633.34
1658235600000,22179.6,22211.4,22110,22124.3,1394.34
1658236500000,22124.2,22386.5,22066,22302.8,4463.39
1658237400000,22303,22436.3,22167.6,22203,4323.82
1658238300000,22203.1,22357.9,22038.7,22326.1,3704.93
1658239200000,22326.1,22329,22107.8,22194,2874.76
1658240100000,22194,22294.7,22101.7,22283.2,1814.48
1658241000000,22284.4,22343,22170,22340.9,1937.23
1658241900000,22340.9,22642,22303.6,22627.8,6854.64
1658242800000,22627.8,22869.2,22606.3,22763.2,9341.51
1658243700000,22758.8,22894,22466.4,22804.8,10803.3
1658244600000,22804.9,23150,22687.4,22835.2,16430.36
1658245500000,22835.2,23205.8,22777,23128.1,9359.11
1658246400000,23128.2,23293.1,23050,23070,9353.33
1658247300000,23070.1,23348,22955.6,23284.9,6966.26
1658248200000,23285,23448.9,23227.2,23272.5,6787.65
1658249100000,23273.3,23294.5,23161.7,23234.2,3700.69
1658250000000,23233.7,23249,23115.7,23175.7,2073.78
1658250900000,23175.9,23227,23071,23200,2147.08
1658251800000,23200,23350.9,23196.9,23302,3652.82
1658252700000,23302,23541,23263.7,23463.2,6095.38
1658253600000,23462.7,23486.5,23284.2,23294.2,2818.1
1658254500000,23292.1,23530,23251,23373,3616.41
1658255400000,23371.5,23516.4,23331.1,23346.1,2754.29
1658256300000,23345.2,23448,23290,23414.2,1693.62
1658257200000,23410.1,23697,23360,23685.1,4238.71
1658258100000,23686.1,23719.2,23505,23603.1,3351.08
1658259000000,23600.8,23609.3,23464.6,23580.6,1854.21
1658259900000,23580.5,23587.9,23349.9,23401.2,2338.21
1658260800000,23399.8,23441.9,23163.2,23280.8,4206.7
1658261700000,23280.7,23375.1,23236.1,23302.4,1252.69
1658262600000,23300.6,23345.8,23188.2,23235,941.66
1658263500000,23235.1,23329.5,23193.3,23303.9,1025.39
1658264400000,23304,23363.3,23255.6,23312.5,644.25
1658265300000,23312.5,23546,23312.5,23440.2,2113.83
1658266200000,23443.8,23713.9,23443.8,23593.9,1401.38
1658267100000,23594,23822.3,23524.8,23651.8,1982.17
1658268000000,23651.4,23661.3,23500.2,23534,1395.32
1658268900000,23534.1,23555.7,23391.2,23451.6,1181.67
1658269800000,23458.1,23526,23333.3,23417.7,1022.98
1658270700000,23416.9,23527,23372.4,23496.5,814.52
1658271600000,23496.6,23633.3,23484.8,23589.5,1527.57
1658272500000,23589.6,23596.3,23307,23347.4,2567.26
1658273400000,23347.5,23391.9,23230.8,23296.8,2481.39
1658274300000,23297.1,23421.3,23295.7,23391.1,1845.71
1658275200000,23391.1,23440,23202.3,23224.1,3005.06
1658276100000,23222,23368,23205.3,23329.9,1934.56
1658277000000,23329.9,23354.1,22977.9,23033.3,4453.96
1658277900000,23036.8,23143.9,22933,23034.2,3554.52
1658278800000,23036.2,23113.5,22954.7,23106.2,2613.59
1658279700000,23106.3,23187,23078,23169,1818.52
1658280600000,23169,23290,23136.2,23254.1,1976.41
1658281500000,23253.2,23335,23211.8,23261.7,2734.05
1658282400000,23261.6,23360,23209.5,23320.1,1489.81
1658283300000,23316.7,23434,23246.9,23368.1,2198.45
1658284200000,23368,23500.8,23360,23410.4,2366.9
1658285100000,23418,23449.9,23339.1,23377.5,1135.58
1658286000000,23377.5,23442.1,23278,23298.6,1924.16
1658286900000,23298.6,23488,23286,23472.1,1561.61
1658287800000,23473,23529,23425.1,23478.1,1909.04
1658288700000,23476.5,23482.9,23380.5,23444.9,1164.71
1658289600000,23444.9,23498.8,23395.8,23477,936
1658290500000,23477.1,23524.1,23330,23333.4,1984.24
1658291400000,23333.5,23395.7,23310,23356.7,1124
1658292300000,23357.7,23425.2,23315.7,23394.8,1113.65
1658293200000,23394.9,23436.2,23330,23338.5,1146.82
1658294100000,23338.6,23400,23311,23397.4,1524.75
1658295000000,23399.7,23532.7,23353.5,23487.3,1881.14
1658295900000,23488.1,23566,23461.3,23501.8,1481.09
1658296800000,23501.6,23617,23490,23534.9,1928.31
1658297700000,23534.8,23733,23533.9,23683.7,2821.17
1658298600000,23682.1,23745,23609.2,23665.4,2033.86
1658299500000,23665.4,23819,23636.7,23781.9,3743.63
1658300400000,23781.2,23866.2,23686.2,23692.1,3776.21
1658301300000,23692,23728.9,23628.3,23688.5,2491.26
1658302200000,23688.6,23715.3,23475,23484.9,3317.43
1658303100000,23485,23558.2,23364.2,23380,2957.52
1658304000000,23379.9,23466.6,23326.7,23461.9,3163.28
1658304900000,23464.9,23518.4,23412.3,23460.1,1636.49
1658305800000,23460.6,23479.6,23382,23459.8,1438.36
1658306700000,23462,23478.6,23310.1,23369.7,2176.6
1658307600000,23369.7,23483.8,23309.9,23460.1,1892.66
1658308500000,23460.2,23574.7,23449.1,23534.1,1849.95
1658309400000,23534.1,23580.5,23505.6,23544.9,1009.7
1658310300000,23544.9,23572.7,23488.7,23522.7,924.6
1658311200000,23525.3,23665.5,23500,23603.5,2147.46
1658312100000,23599.9,23898,23573,23717.9,5796.11
1658313000000,23718,23777.7,23588.4,23666,3316.76
1658313900000,23665.1,23737.9,23550,23710.6,2910.84
1658314800000,23710.5,23840,23660.4,23693.7,2891.81
1658315700000,23693.7,23718.8,23613.2,23630.4,1769.73
1658316600000,23628.3,23710.1,23580,23612.8,1201.53
1658317500000,23612.7,23766.8,23585.6,23731.8,1771.88
1658318400000,23729.5,23827.9,23701,23773.4,2557.01
1658319300000,23773.4,23946.9,23700,23704.4,4845.96
1658320200000,23704.4,23812.7,23568,23636.4,3390.3
1658321100000,23636.4,23870.5,23634.6,23806.6,3431.33
1658322000000,23806.5,23866.7,23781.7,23820.5,1330.11
1658322900000,23820.4,23979.3,23814.5,23877.6,2441.1
1658323800000,23879.7,24087.8,23751.7,23920.1,8799.63
1658324700000,23918.7,23999.1,23767.1,23780.5,3448.78
1658325600000,23781.2,23867.1,23676,23840.6,3577.16
1658326500000,23840.6,23993.9,23814,23993.8,1967.37
1658327400000,23993.8,24048.9,23915.6,23992.3,3308.19
1658328300000,23991.7,24196.4,23972.5,24187.8,5742.12
1658329200000,24188,24198,24085,24125.8,2962.02
1658330100000,24125,24260,24037.6,24189.4,3723.58
1658331000000,24189.5,24278,24099,24161.1,2910.31
1658331900000,24160.6,24200,24096,24166.2,1596.53
1658332800000,24166.4,24201.7,24050,24056,2059.02
1658333700000,24056,24103.5,23788.6,23854.5,5284.57
1658334600000,23854.4,23915.1,23550,23629.9,7046.53
1658335500000,23630,23789,23590.7,23694.6,3932.13
1658336400000,23693.3,23743.6,23424,23511.3,5159.14
1658337300000,23511.2,23650,23493.1,23636,2039.08
1658338200000,23635.9,23728.4,23616,23628.2,2083.99
1658339100000,23627.7,23665.5,23506.8,23521.1,1399.71
1658340000000,23521.1,23666.9,23520,23660,1438.06
1658340900000,23659.3,23868.4,23649.3,23788.7,4527.4
1658341800000,23792.7,23850,23665.7,23744.6,1357.7
1658342700000,23742.4,23816.2,23675.2,23767.7,1047.64
1658343600000,23767.7,23951,23746.8,23798.9,2078.51
1658344500000,23798.8,23803.6,23681.8,23727,1417.71
1658345400000,23727.3,23732.8,23598.6,23623.2,1453.53
1658346300000,23623.1,23681.9,23570,23659,1121.17
1658347200000,23660.3,23760,23082,23086.4,9127.97
1658348100000,23089.9,23274.7,22913.8,23033.2,7518.65
1658349000000,23033.3,23205.3,22978.9,23188.2,2982.8
1658349900000,23188.2,23372.5,23120,23259.9,2961.93
1658350800000,23264.2,23408.6,23242.4,23383,1240.48
1658351700000,23382.7,23425.1,23286.4,23344.1,1133.63
1658352600000,23344.1,23724.2,23272.8,23669.4,1596.97
1658353500000,23669.8,23802.1,23572.3,23613.5,2485.75
1658354400000,23613.6,23641,23484.6,23493.7,1200.25
1658355300000,23494.9,23585.1,23460,23539.1,692.29
1658356200000,23539.2,23578.6,23360.6,23435.8,1489.26
1658357100000,23436.9,23436.9,23305.1,23309.9,1247
1658358000000,23310,23336.2,23191.4,23235.3,1936.51
1658358900000,23235.4,23276.7,23121,23230.8,1516.81
1658359800000,23227.6,23397.5,23220.8,23372.8,1792.98
1658360700000,23372.9,23407.1,23183.5,23228.8,1852.87
1658361600000,23229.3,23349.2,23203.3,23322.5,1276.83
1658362500000,23322.6,23388,23270.4,23280,1005.1
1658363400000,23280.1,23288.2,23133.4,23161.4,1592.11
1658364300000,23161.5,23267.9,23128.1,23254,1071.36
1658365200000,23252,23438.7,23233.9,23390.1,2099.26
1658366100000,23389.9,23416.7,23266,23272.5,1079.58
1658367000000,23272.5,23373.8,23262,23307.3,1066.75
1658367900000,23307.3,23329.9,23170.1,23241.6,1383.04
1658368800000,23241.6,23322.5,23220.4,23308.3,852.95
1658369700000,23308.3,23339,23065,23094.5,2566.07
1658370600000,23094.5,23160.3,23005,23009,2741.83
1658371500000,23008.2,23048.8,22700,22703.5,9010.37
1658372400000,22703.4,22842.4,22670,22808.4,4149.41
1658373300000,22808.4,22869.8,22740.8,22752.1,1818.62
1658374200000,22750.6,22863.3,22720,22805.4,1458.26
1658375100000,22805.4,22853.4,22755,22781,1205.23
1658376000000,22781,22859,22623.4,22758.6,4287.25
1658376900000,22759.9,22800,22709.6,22737.5,1514.62
1658377800000,22737.4,22888.6,22722.4,22859.4,2272.08
1658378700000,22859.3,22935,22856.3,22885.5,1600.4
1658379600000,22885.6,22937.8,22870.5,22905.9,793.63
1658380500000,22906,22967.1,22881.9,22885.9,809.95
1658381400000,22885.9,22988,22818,22916,2041.27
1658382300000,22915.9,22970,22870.1,22937.7,1563.29
1658383200000,22941.9,22960,22903.4,22950.8,829.24
1658384100000,22950.8,22952.8,22875.8,22882.4,1024.57
1658385000000,22882.3,22890.1,22808,22859.1,1283.22
1658385900000,22859.1,22860.6,22760.3,22791.1,1544.93
1658386800000,22791,22942.2,22776.1,22909.4,1504.81
1658387700000,22909.4,23094,22867.8,22992.1,3936.54
1658388600000,22992.1,23036.3,22928.3,22987,1123.1
1658389500000,22987,22996,22919.2,22932.3,726.36
1658390400000,22931.9,22968.4,22873.1,22884.1,1479.13
1658391300000,22884,22935.8,22822,22838.4,1353.62
1658392200000,22838.4,22916.2,22829.4,22833.4,1344.48
1658393100000,22836.6,22896.6,22803.9,22880.7,964.25
1658394000000,22880.6,22972,22856.8,22949.7,1246.48
1658394900000,22949.7,23010,22919.5,22953.5,1576.13
1658395800000,22953.5,23025.1,22930,22955.9,942.53
1658396700000,22956,23007.1,22931.8,23007.1,784.67
1658397600000,23007.2,23079.6,22988.1,23051.2,1249.68
1658398500000,23049.5,23069.9,22962.9,22970,862.51
1658399400000,22971,23001.9,22931.7,22951.2,846.22
1658400300000,22951.2,22980.2,22842.7,22871,1585.77
1658401200000,22869.4,22912,22666,22700.2,3291.05
1658402100000,22700.1,22789,22450.2,22570,5766.32
1658403000000,22570.1,22656,22542.3,22615,2672.15
1658403900000,22615,22671.2,22590.5,22613.8,1413.36
1658404800000,22613.9,22707,22562.2,22669.7,1970.1
1658405700000,22669.6,22785.1,22596.8,22743.7,2942.56
1658406600000,22738.8,22849,22720.1,22838.8,1962.05
1658407500000,22838.8,22838.8,22717,22802.5,1654.36
1658408400000,22802.6,22809.7,22666,22677,1988.12
1658409300000,22676.9,22730,22619,22704.9,1623.2
1658410200000,22703.4,22809.3,22568.3,22640.1,3270.98
1658411100000,22640.1,22750,22620,22709.1,1843.08
1658412000000,22709.2,22764,22475,22526.5,3491.81
1658412900000,22526.4,22649.1,22387.5,22461.4,3855.57
1658413800000,22461.8,22518.7,22345,22498.8,4299.04
1658414700000,22499,22575.1,22460,22561.7,1953.44
1658415600000,22561.6,22635,22525,22575.1,1949.39
1658416500000,22575.4,22620,22536.1,22594.6,1428.11
1658417400000,22594.7,22677.7,22570,22619.4,1515.82
1658418300000,22619.4,22668.5,22602.1,22642,1117.41
1658419200000,22640.1,22973.3,22632,22906.5,5320.73
1658420100000,22909.7,23096.6,22907.1,23072.2,4381.15
1658421000000,23067.8,23199,22941.5,22964,4761.29
1658421900000,22963.9,23075.5,22935.5,23031.2,1834.05
1658422800000,23031.3,23220,22989.1,23003,2901.83
1658423700000,23003.1,23103.2,22913,22929.6,2262.68
1658424600000,22930.7,22970.9,22820,22907.8,2419.16
1658425500000,22908.9,22918.5,22774,22857.5,1497.67
1658426400000,22855.1,23012,22832.6,22921.3,1446.63
1658427300000,22921.4,22966.5,22864.6,22922.1,854.56
1658428200000,22922.1,22955.9,22821.5,22833.9,819.82
1658429100000,22836.6,22942.5,22835,22928.8,587.2
1658430000000,22932.6,23167.8,22917.2,23162.7,2068.09
1658430900000,23161.8,23175.2,23020.4,23059.5,1057.87
1658431800000,23059.5,23097.4,22955.7,23034.4,1034.62
1658432700000,23035,23205.1,23024,23194.8,1628.94
1658433600000,23195.9,23307.6,23154.1,23190.4,2702.8
1658434500000,23190.3,23217.6,23090,23129.4,1445.1
1658435400000,23132.1,23286,23094.8,23259.2,991.52
1658436300000,23257.6,23283.4,23101.6,23120,1453.46
1658437200000,23121.4,23145,23080,23091.9,758.36
1658438100000,23092,23197.9,23091.9,23197.2,690.13
1658439000000,23195.2,23215.8,23084.5,23161,454.78
1658439900000,23155.9,23249.6,23141.3,23210,525.62
1658440800000,23210,23226.7,23001,23055.5,1664.44
1658441700000,23055.5,23097.6,22935,23007.3,1909.86
1658442600000,23006.8,23042.7,22970.4,22994.5,928.62
1658443500000,22994.5,23049.1,22959.2,23014.2,574.9
1658444400000,23014.2,23142.3,22999.9,23085,938.5
1658445300000,23084.4,23209.6,23081.5,23182.5,1081.13
1658446200000,23182.5,23227.8,23095.2,23126.7,1164.86
1658447100000,23126.6,23203.9,23088,23147.1,1003.12
1658448000000,23147,23190.2,23090,23187.2,1375.02
1658448900000,23185.6,23255,23157.9,23229.9,1286.6
1658449800000,23226.9,23360.1,23223.9,23284.8,1974.87
1658450700000,23284.9,23339.9,23215.8,23270,1036.62
1658451600000,23269.9,23312.5,23208.1,23225.3,1515.18
1658452500000,23225.2,23226.3,23160.1,23207.4,867.51
1658453400000,23207.4,23231.3,23105,23127.3,1130.86
1658454300000,23127.3,23135,23062.5,23104.9,1039.19
1658455200000,23105,23139.2,23000,23010.4,1460.31
1658456100000,23008.1,23073.4,23006.8,23041.8,913.9
1658457000000,23042.1,23095,23038,23060.9,573.29
1658457900000,23061,23089.5,22960.4,22992.1,1196.19
1658458800000,22992.2,23043.6,22978.5,23030.1,635.96
1658459700000,23030.1,23049.2,22869.2,22900,2243.14
1658460600000,22900.1,22954,22866,22935,1015.39
1658461500000,22935,22956.8,22888,22916.6,809.59
1658462400000,22916.7,22956,22880.2,22890.1,697.54
1658463300000,22890,22953.5,22886.1,22900,687.42
1658464200000,22900,22921.1,22810,22915,1225.29
1658465100000,22915,22994.9,22914.9,22974.4,1338.95
1658466000000,22974.5,23005.7,22888.5,22954.5,1169.53
1658466900000,22954.4,23087.8,22940.2,23048.3,2319.54
1658467800000,23048.3,23142.8,23032.4,23091.1,1456.32
1658468700000,23091.1,23172.4,23045,23146.7,1316.93
1658469600000,23148.3,23188.4,23130,23139.4,1179.74
1658470500000,23139.4,23161.1,23085.5,23106.1,1010.07
1658471400000,23106.1,23222,23100.1,23163.2,1559.4
1658472300000,23163.1,23197.3,23121.5,23167.4,830.25
1658473200000,23167.5,23188.1,23119.9,23168.3,1043.48
1658474100000,23169.1,23300.7,23100.2,23263.3,2703.15
1658475000000,23263.3,23322,23058.4,23084.9,2701.17
1658475900000,23085,23148,23020.1,23113.3,1690.89
1658476800000,23118.2,23220,23071.3,23197.4,1508.76
1658477700000,23197.4,23290.9,23149.9,23278.3,1728.93
1658478600000,23278.3,23307.2,23177.6,23202.9,2866.99
1658479500000,23203,23322,23170,23301.6,2203.53
1658480400000,23301.6,23487.5,23263.6,23433.4,6896.78
1658481300000,23433.5,23496.9,23414.7,23495.2,2200.64
1658482200000,23494.7,23496.5,23400.2,23430.8,1223.52
1658483100000,23430.7,23522,23419.7,23451.1,1589.73
1658484000000,23451.1,23483.4,23422.6,23480.2,1242.1
1658484900000,23480.3,23520,23413.3,23460,1127.6
1658485800000,23460,23578,23452.2,23534.5,1776.27
1658486700000,23533.6,23556.5,23428,23437,1482.91
1658487600000,23437,23465,23407.1,23446.8,1346.23
1658488500000,23446.9,23530,23422,23513,1294.14
1658489400000,23513.1,23567.5,23478.9,23554.6,1017.37
1658490300000,23554.6,23637.1,23497.7,23608.5,2286.57
1658491200000,23608.4,23647,23571.9,23599.5,1309.74
1658492100000,23599.5,23685.2,23592.1,23636.3,1912.2
1658493000000,23637.8,23698,23620,23665.9,934.99
1658493900000,23667.8,23675,23558.5,23583.6,1813.03
1658494800000,23583.5,23668.1,23573.9,23648.4,1233.76
1658495700000,23648.4,23694,23485.9,23554,2361.19
1658496600000,23554.1,23598.4,23420.4,23565.2,4206.59
1658497500000,23565.3,23761,23440,23460.3,6756.85
1658498400000,23457.6,23516,23333,23495.3,6429.66
1658499300000,23495.2,23537.6,23428.9,23490,2678.84
1658500200000,23490,23554.6,23450.5,23502.9,1631.37
1658501100000,23501.9,23679.2,23501.9,23665.5,2552.88
1658502000000,23662.6,23666.6,23512.6,23599.3,1705.19
1658502900000,23599.3,23599.3,23366.1,23385.7,2799.34
1658503800000,23385.6,23388,23230.4,23260.8,4496.29
1658504700000,23260.8,23323.9,23235.6,23290.3,1785.12
1658505600000,23291.7,23345,23160.8,23191.3,2971.15
1658506500000,23191.3,23195,23077,23168.9,3275.06
1658507400000,23170,23223,23055.9,23117.9,1913.5
1658508300000,23113.7,23159.5,23064.2,23109.1,1036.02
1658509200000,23109.1,23198,23076.3,23097.3,1741.6
1658510100000,23098.2,23110.8,22959.2,23020,2427.08
1658511000000,23019.9,23027.1,22889.1,22969.8,2537.55
1658511900000,22969.8,23028.1,22913.5,23018.3,1838.25
1658512800000,23016.3,23021.9,22922,22965.5,949.9
1658513700000,22967.9,23035.5,22966.7,23010.9,918.52
1658514600000,23010.9,23057,22969.1,22994.6,987.21
1658515500000,22994.5,23063.6,22987.5,23028.4,663.05
1658516400000,23028.3,23116,23010.1,23102.5,1444.65
1658517300000,23103.4,23135,23085.1,23119.1,862.12
1658518200000,23119.1,23123.7,22624,22667.8,8200.85
1658519100000,22667.8,22726,22551.8,22590.6,3771.68
1658520000000,22590.6,22691.7,22566.6,22677.1,1509.03
1658520900000,22678,22720.1,22633.8,22690.5,950.05
1658521800000,22690.5,22736.8,22510,22562.2,1514.88
1658522700000,22562.1,22612.4,22504,22605,1114.91
1658523600000,22603.5,22738,22572.9,22700,1017.95
1658524500000,22700,22714,22674.9,22711.5,523.89
1658525400000,22712.6,22783.6,22690,22737.9,396.58
1658526300000,22737.9,22759.1,22705.5,22733,256.02
1658527200000,22733,22778,22635.3,22702.9,698.88
1658528100000,22703,22724.8,22654.1,22655.5,311.09
1658529000000,22653.8,22718.4,22653.7,22681.4,223.78
1658529900000,22681,22747,22675,22722.3,287.04
1658530800000,22725.6,22757.8,22658.3,22692,490.68
1658531700000,22691,22729.8,22666.1,22716.5,327.78
1658532600000,22716.5,22769.5,22682,22682,581.33
1658533500000,22682,22721.4,22667.9,22685.3,498.3
1658534400000,22685.3,22737.8,22550,22713.2,1537.36
1658535300000,22713.3,22748.5,22682,22744.4,647.09
1658536200000,22744.5,22819.9,22731.3,22743.5,1290.82
1658537100000,22743.4,22775.5,22720,22768.7,391.87
1658538000000,22767.6,22798.8,22741,22743.1,386.51
1658538900000,22744,22816,22744,22806.5,739.03
1658539800000,22806.4,22862,22771.7,22855,720.56
1658540700000,22853.2,22854.4,22772.4,22786.8,713.59
1658541600000,22787,22869.2,22780,22849.2,871.69
1658542500000,22849,22886.5,22802.9,22881,732.62
1658543400000,22881.1,22899.9,22853.8,22879.9,837.05
1658544300000,22879.9,22879.9,22805.9,22830.6,485.44
1658545200000,22830.5,22869.3,22809,22858.4,419
1658546100000,22857,22865.9,22815,22863.1,374.61
1658547000000,22863,22898.6,22838.1,22879.1,666.01
1658547900000,22877.8,22892.4,22788,22803.8,572.38
1658548800000,22807.2,22816.4,22732.7,22734.1,1127.54
1658549700000,22734.2,22768.6,22723.3,22752.4,553.97
1658550600000,22752.4,22972.1,22749.2,22950.2,2508.41
1658551500000,22947.9,22986,22890,22901.2,1772.22
1658552400000,22898.3,22999.1,22866.4,22972.5,1736.5
1658553300000,22972.4,22992.5,22925.7,22934.1,509.92
1658554200000,22934.1,22936.4,22872,22877.1,675.23
1658555100000,22878.6,22950.4,22840,22904.9,1062.68
1658556000000,22902.5,22922,22875.5,22892.2,312.99
1658556900000,22892.2,22897,22858.1,22869.6,400.06
1658557800000,22869.5,22909.8,22811.5,22858.1,584.17
1658558700000,22859.6,22934.7,22815,22827,801.75
1658559600000,22827,22843.5,22671.1,22750.3,1973.54
1658560500000,22750.4,22850,22688.1,22796.4,2863.87
1658561400000,22796.9,22807.6,22750,22752.1,589.59
1658562300000,22752.1,22782.2,22708.5,22767.7,751.08
1658563200000,22767.8,22860.1,22766,22850.1,1048.09
1658564100000,22850,22877,22759.6,22854.8,1017.08
1658565000000,22854.8,22876,22829,22849.2,564.49
1658565900000,22849.2,22855.7,22585,22613.3,3394.77
1658566800000,22613.3,22660.3,22520,22660.3,3943.19
1658567700000,22661.3,22699.5,22570.1,22671,1739.35
1658568600000,22671,22699.9,22625,22693.3,926.11
1658569500000,22694.3,22704.3,22624.1,22666.9,672.59
1658570400000,22666.9,22707.3,22633.8,22698,596.04
1658571300000,22698.1,22715.9,22659.6,22678.8,433.21
1658572200000,22676.7,22682.6,22400,22467.1,3995.91
1658573100000,22467.1,22561.7,22414.4,22519.7,2282.71
1658574000000,22521.7,22545.3,22373.3,22418.3,1924.83
1658574900000,22418.4,22505.5,22361,22497.7,1716.58
1658575800000,22497.6,22502.9,22241,22260.1,3134.09
1658576700000,22260,22306,22213.9,22232.5,3326.75
1658577600000,22232.6,22287,22101.2,22273.6,4475.73
1658578500000,22273.6,22312.3,22231.9,22289.8,1520.25
1658579400000,22289.8,22366.4,22268.5,22300,1227.25
1658580300000,22300.1,22340.5,22258.3,22290.6,1049.61
1658581200000,22290.6,22339.8,22275,22337.8,501.42
1658582100000,22338.3,22364.9,22294,22314.9,900.61
1658583000000,22315,22344.1,22290,22317.1,479.89
1658583900000,22317,22390,22312.9,22341.8,802.88
1658584800000,22342,22348.7,22290,22302.8,630.37
1658585700000,22307.4,22366,22231.3,22245.7,1209
1658586600000,22245.7,22289.2,22223,22263.9,1200.89
1658587500000,22263.5,22269.5,22050,22156,2991.64
1658588400000,22154.9,22316.4,22145.5,22285.3,2108
1658589300000,22287,22300,22138,22174.6,1299.74
1658590200000,22174.6,22245.7,22119,22181.2,1000.27
1658591100000,22181.2,22228,22133.9,22221,922.41
1658592000000,22221,22270,22188.2,22260.1,898.38
1658592900000,22260,22292.6,22247.4,22271.5,993.5
1658593800000,22271.6,22292.7,22176.8,22266.3,1097.28
1658594700000,22264.2,22275.1,22177.1,22188.4,667.17
1658595600000,22188.3,22254.3,22089,22102.4,1799.74
1658596500000,22102.4,22175,22020.2,22143.2,2378.24
1658597400000,22144.9,22146,22025,22030,1298.87
1658598300000,22029.9,22072.3,21941.7,22036,2980.06
1658599200000,22036.1,22158.9,21930,22158.4,2732.01
1658600100000,22158.4,22239.3,22141.5,22231.2,1541.77
1658601000000,22230.1,22232.1,22152.1,22186.5,544.71
1658601900000,22186.5,22189.2,22059.6,22078,1389.5
1658602800000,22078,22196.7,22039.1,22088.5,1793.74
1658603700000,22088.5,22170,22052.2,22170,790.62
1658604600000,22170,22263.4,22155.8,22234,920.72
1658605500000,22237.2,22328.1,22231.3,22276.1,1973.88
1658606400000,22276.1,22375.9,22249.6,22322.2,1546.17
1658607300000,22322.1,22340.1,22263.9,22282.3,501.2
1658608200000,22282.4,22319.9,22277.1,22296.2,292.9
1658609100000,22296.1,22343.3,22273.1,22323.6,425.07
1658610000000,22322.5,22352.3,22260,22292.4,776.9
1658610900000,22292.4,22329.5,22268.9,22298.8,291.09
1658611800000,22298.8,22299,22216.5,22260.1,244.13
1658612700000,22260.2,22261,22228.5,22245.4,311.65
1658613600000,22245.4,22306.7,22238,22265.1,366.04
1658614500000,22265.1,22488,22262.1,22406.1,2761.45
1658615400000,22408.4,22530,22408.4,22435.2,1355.72
1658616300000,22435.2,22500,22426.3,22466.2,543.68
1658617200000,22466.2,22545,22445.6,22507.9,954.55
1658618100000,22507.9,22528,22454.6,22505.6,1002.39
1658619000000,22503.2,22558.7,22455.2,22458.5,1024.63
1658619900000,22458.4,22503.9,22426.3,22450,665.75
1658620800000,22448.8,22666,22448.8,22620.6,3119.06
1658621700000,22620.7,22635.1,22552,22591.3,719.89
1658622600000,22591.5,22618,22554.8,22554.8,686.57
1658623500000,22554.8,22571.3,22541.1,22544.4,468.58
1658624400000,22544.5,22584.9,22510.7,22522.4,608.45
1658625300000,22522.3,22573.7,22519.1,22523.1,530.22
1658626200000,22524.2,22543.7,22411,22424.8,1280.82
1658627100000,22424.8,22447.2,22367.5,22430.6,1107.25
1658628000000,22428.9,22436.5,22359.9,22390.1,1165.52
1658628900000,22390.1,22417.6,22342.1,22409.9,845.11
1658629800000,22409.9,22459.6,22409.8,22420.5,614.8
1658630700000,22420.6,22490.5,22381.2,22468.7,711.59
1658631600000,22468.7,22475.3,22394.8,22402,581.08
1658632500000,22401.9,22404,22317.4,22352.3,966.95
1658633400000,22352.4,22375.8,22283.2,22344.2,763.31
1658634300000,22344.1,22357.2,22319.5,22334.1,256.53
1658635200000,22334.1,22386.8,22250,22327.4,1037.21
1658636100000,22329.4,22357.9,22320,22352.3,385.92
1658637000000,22352.2,22407.5,22352.2,22393.2,543.69
1658637900000,22393.2,22411,22362.8,22397.7,394.5
1658638800000,22397,22580.1,22390.5,22571.7,1697.18
1658639700000,22572.2,22690.1,22557.6,22638.9,4098.84
1658640600000,22638.9,22781.3,22585,22765.7,3037.35
1658641500000,22766.5,22782.9,22724.8,22743,1534.36
1658642400000,22743,22764.2,22680,22703.3,1110.12
1658643300000,22700,22761.3,22666,22739.4,1505.99
1658644200000,22739.4,22743.9,22641.9,22653.9,980.1
1658645100000,22653.9,22680,22630.2,22678,696.77
1658646000000,22678,22840.5,22665.8,22739.7,2422.26
1658646900000,22739.5,22790.1,22713.5,22736.3,849.37
1658647800000,22736.3,22762.4,22684.2,22759.8,1135.54
1658648700000,22759.8,22769.8,22689.1,22699.9,705.25
1658649600000,22699.9,22738,22622,22667.5,1034.42
1658650500000,22667.5,22668.7,22580.8,22627.7,1101.33
1658651400000,22627.2,22648.6,22567.4,22635.5,1376.14
1658652300000,22635.5,22698.4,22610.1,22681.6,1126.91
1658653200000,22681.7,22702.9,22651.7,22666,774.49
1658654100000,22666.1,22762.3,22665.9,22710.4,797.44
1658655000000,22710.4,22739.8,22654.1,22675.1,686.72
1658655900000,22675.1,22677.1,22600,22617,619.65
1658656800000,22617,22636.4,22608.3,22622.2,418.66
1658657700000,22622.3,22678.5,22591.3,22657.4,714.27
1658658600000,22657.4,22672.5,22491.7,22497.9,1990.66
1658659500000,22497.9,22542,22471.2,22517.5,1276.48
1658660400000,22517.5,22800,22508.1,22783.6,2732.88
1658661300000,22783.6,22823,22714.9,22744.9,2307.94
1658662200000,22744.9,22764.1,22663.2,22710,872.67
1658663100000,22710.1,22714.2,22641.4,22658.8,768.27
1658664000000,22658.9,22745,22594.9,22740,1517.31
1658664900000,22740,22777.6,22700,22717.9,1183.17
1658665800000,22717.9,22726.9,22567.1,22582,1208.13
1658666700000,22581.8,22630.4,22435.8,22491.5,2222.55
1658667600000,22491.5,22550,22443.6,22543,1369.91
1658668500000,22543,22589,22483.5,22586.3,732.27
1658669400000,22586.3,22594,22483.6,22519.1,851.15
1658670300000,22516.1,22589,22502.7,22568,582.96
1658671200000,22568,22671.6,22532.7,22595.9,1713.84
1658672100000,22598.2,22783.4,22593.6,22759.2,3105.81
1658673000000,22758.3,22796,22714.3,22736.9,1468.99
1658673900000,22737,22797,22686,22775.2,1218.71
1658674800000,22775.1,22975.8,22743.4,22860.2,2674.28
1658675700000,22860.2,22880.2,22796.6,22846.5,1139.06
1658676600000,22846.6,22846.6,22770,22824.5,900.91
1658677500000,22824.4,22880,22821.2,22850.2,639.19
1658678400000,22848,22878.3,22689.3,22711.7,2364.61
1658679300000,22711.7,22732.8,22630,22664.1,1189.94
1658680200000,22664.6,22731.5,22636.3,22721.4,861.17
1658681100000,22721.3,22728.4,22675,22713.4,363.39
1658682000000,22713.4,22820,22700,22786.4,1204.98
1658682900000,22786.4,22866,22786.4,22821.8,1406.14
1658683800000,22821.8,22821.8,22642,22795.6,1507.5
1658684700000,22795.5,22795.5,22735,22774.8,441.65
1658685600000,22774.8,22789.9,22720.2,22752.7,403.89
1658686500000,22750.9,22797.8,22731.4,22739,319.21
1658687400000,22742.1,22753.8,22680.2,22708.3,546.02
1658688300000,22708.7,22742,22692.1,22714.5,261.75
1658689200000,22714.4,22792.1,22678.8,22751.5,546.54
1658690100000,22751.6,22773.1,22662.7,22752.4,604.28
1658691000000,22757,22800,22750.3,22771.8,546.93
1658691900000,22769.7,22787.5,22683.9,22703.3,494.65
1658692800000,22700.5,22734.4,22680.2,22683.1,427.31
1658693700000,22683.1,22724.6,22671.5,22708.5,361.65
1658694600000,22708.5,22804.4,22695,22800.6,595.88
1658695500000,22800.6,22800.7,22718,22718,188.46
1658696400000,22718.1,22786,22671.3,22740.9,462.95
1658697300000,22740.3,22807.3,22720.4,22753.2,379.95
1658698200000,22753.2,22829.9,22746.9,22788,309.3
1658699100000,22788,22828.5,22780.5,22810.3,295.59
1658700000000,22810.1,22891.6,22750,22853.8,1316.01
1658700900000,22853.7,22872.9,22810.9,22827.5,464.74
1658701800000,22824.6,23010,22815.7,22992.5,2291.55
1658702700000,22993,23004,22555.7,22659.2,4280.9
1658703600000,22656.1,22698.5,22516.8,22690.9,1646.77
1658704500000,22693.8,22760.7,22624.3,22747.7,1178.96
1658705400000,22748.5,22760.7,22641.3,22658.8,890.83
1658706300000,22658.9,22680.7,22560.3,22585.1,959.43
1658707200000,22585.1,22632.7,22541.9,22623.4,1025.06
1658708100000,22623.4,22666,22346.5,22380.5,3081.09
1658709000000,22380.4,22433.7,22340,22370.1,1713.3
1658709900000,22370.2,22399.9,22266.2,22327.6,2241.61
1658710800000,22327.6,22327.6,22236.3,22300.3,1070.14
1658711700000,22300.4,22335.8,22222,22243.4,1005.26
1658712600000,22243.3,22282,22128.1,22211.1,2583.23
1658713500000,22211.2,22226.7,22120,22214.7,1473.68
1658714400000,22214.7,22214.8,22113.7,22209.9,1104.32
1658715300000,22207.5,22215,21987.2,22053.1,4608.41
1658716200000,22053,22056.9,21859,21962.7,4227.12
1658717100000,21962.8,22028.4,21909.1,21957.6,1742.27
1658718000000,21955.8,21961.6,21901.2,21939.1,969.45
1658718900000,21939,21939.1,21802.1,21867.7,2823.77
1658719800000,21867.9,21908,21823.7,21834.5,946.32
1658720700000,21834.5,21875.5,21771.4,21871.4,1973.21
1658721600000,21868.2,21880,21741.9,21822,2691.4
1658722500000,21822.1,21860.1,21795.3,21837.7,1096.13
1658723400000,21837.7,21847.3,21796.7,21811.9,709.61
1658724300000,21811.8,21918.6,21800.3,21896.1,1281.14
1658725200000,21896.1,21939,21857,21909.6,1200.57
1658726100000,21909.6,21946.7,21803,21814.5,1524.86
1658727000000,21815,21905,21807.6,21904.8,822.97
1658727900000,21901.9,21924.1,21870.3,21912.7,478.52
1658728800000,21911.5,21928.6,21892.3,21928.6,761.52
1658729700000,21928.5,21944.5,21866.9,21903.2,1153.99
1658730600000,21903.3,21921.9,21818,21827.1,955.41
1658731500000,21829.1,21919.1,21822.6,21904.9,860.92
1658732400000,21905,21990,21881.8,21990,942.32
1658733300000,21989.9,21990,21893.6,21922.7,934.78
1658734200000,21922.6,21970.3,21910,21954,437.26
1658735100000,21952,21977.6,21948.1,21956.7,399.89
1658736000000,21957.5,21987.1,21896.7,21906,801.8
1658736900000,21905.9,21933,21875.3,21890.4,523.55
1658737800000,21890.4,22039.3,21870.6,22018,1690.65
1658738700000,22017.5,22094.6,22000,22046.9,2446.38
1658739600000,22047,22110,22030.5,22050.7,1264.91
1658740500000,22050.7,22062.7,22002,22010.4,620.32
1658741400000,22010.4,22070.2,22005,22042,826.5
1658742300000,22041,22050,21983.5,22003.6,972.62
1658743200000,22003.6,22014.9,21967.8,21982.8,790.73
1658744100000,21982.8,22058,21973.5,22045.2,782.48
1658745000000,22040.2,22055.6,21996.6,22052.5,449.46
1658745900000,22052.4,22080,22040.1,22045.8,600.95
1658746800000,22045.9,22100,21989.3,21992.5,1317.65
1658747700000,21992.5,22020.5,21932.3,21983.6,1068.05
1658748600000,21983.5,22015.9,21963.3,21997.4,473.52
1658749500000,21996.3,22017.8,21920,21940.1,977.37
1658750400000,21940.3,21946.2,21815,21888.8,2231.82
1658751300000,21886.9,21947.9,21866.1,21908,977.91
1658752200000,21912.1,21948,21894.4,21910.8,601.16
1658753100000,21911.7,21995,21879.3,21972.9,836.01
1658754000000,21973,21999,21859.1,21882.7,1233.98
1658754900000,21882.6,21999.8,21832.3,21928.5,1824.09
1658755800000,21928.6,21980,21771.3,21905.7,3587.05
1658756700000,21904.8,21945.1,21844.6,21899.5,1404.8
1658757600000,21898,21931.6,21800,21803.4,1486.19
1658758500000,21803.4,21866,21681.8,21770.8,3802.17
1658759400000,21770.7,21858.6,21720,21849.9,1738.12
1658760300000,21849.9,21900,21811.6,21891.5,1280.71
1658761200000,21888.1,21930,21777.9,21781.7,1587.8
1658762100000,21781.7,21827,21750,21820.1,1859.11
1658763000000,21820.2,21900,21819,21896.1,1022.36
1658763900000,21896,21912.7,21860.3,21896.3,803.42
1658764800000,21897.8,21982.5,21884.4,21926.5,1808.98
1658765700000,21928,21954.3,21866,21882.6,1036.72
1658766600000,21882.6,21927.4,21838.9,21925.9,781.45
1658767500000,21925.8,21970.5,21919.4,21947.7,1158.32
1658768400000,21947.7,22015.8,21947.7,21971.9,701.82
1658769300000,21971.9,21994.4,21937.7,21982.8,586.7
1658770200000,21982.8,22008.4,21900,21929.4,705.83
1658771100000,21929.3,21936,21843.1,21868.9,946.85
1658772000000,21865.1,21889.7,21772.7,21864.4,1383.7
1658772900000,21864.3,21892.3,21828,21873.5,501.79
1658773800000,21873.4,21940,21858.4,21897,769.48
1658774700000,21897,21903.2,21810.1,21825.5,611.72
1658775600000,21825.7,21828.2,21620.1,21659.2,3828.05
1658776500000,21659.3,21710.8,21630.7,21634.8,1221.25
1658777400000,21635.1,21697,21555,21679,2828.76
1658778300000,21679.1,21905.8,21663.5,21896.2,3564.28
1658779200000,21895.2,22188.2,21890.2,22168.1,5561.28
1658780100000,22168.1,22221.1,22057.6,22114.2,2180.01
1658781000000,22114.4,22268,22072.4,22242.5,2435.86
1658781900000,22242.5,22248,22076.6,22173,2148.24
1658782800000,22168.3,22186.6,22076.2,22155.4,1374.1
1658783700000,22155.4,22160.8,22080.5,22095.1,593.15
1658784600000,22095.1,22131,22035.4,22052.4,635.56
1658785500000,22052.5,22059.1,21979,22029.6,571.3
1658786400000,22030.8,22030.8,21851.7,21866.1,1963.96
1658787300000,21866.1,21892.3,21600,21625.8,4896.64
1658788200000,21625.8,21699,21511.1,21681.1,4128.94
1658789100000,21681.1,21746.9,21614.3,21657,1952.54
1658790000000,21659.4,21688,21584.7,21660.4,1100.08
1658790900000,21660.4,21757.6,21635,21636.7,1100.89
1658791800000,21638.1,21668.5,21557.2,21616,1081.31
1658792700000,21613.6,21625.9,21250,21313.6,6803.74
1658793600000,21315.5,21349.8,21177.1,21223.3,3393.26
1658794500000,21223.4,21227.4,21077,21089,4897.27
1658795400000,21089.1,21129.9,20974.4,21059.3,3930.19
1658796300000,21059.2,21061.6,20965.9,20997.1,1837.15
1658797200000,20997,21121,20971.7,21059,2019.41
1658798100000,21059,21104,21026.7,21089.3,998.04
1658799000000,21089.3,21098.9,21028.2,21090.1,1070.59
1658799900000,21090.1,21117.8,21068,21078.1,873.1
1658800800000,21078.1,21129.9,21076,21106.5,697.05
1658801700000,21106.6,21123.8,21032.4,21064.9,871.62
1658802600000,21064.9,21100.7,21055,21067.1,481.69
1658803500000,21067,21097.2,21052.2,21067.8,445.61
1658804400000,21070,21084.7,20826.5,21037.2,3571.58
1658805300000,21037.2,21213,21030,21160.2,2677
1658806200000,21160.2,21230,21070.3,21084.9,2538.2
1658807100000,21084.9,21155.9,21055,21140.7,762.89
1658808000000,21141.4,21160.4,21115.6,21142.8,849.96
1658808900000,21142.8,21257,21100,21155,1989.24
1658809800000,21154.9,21186.4,21145,21152.6,544.18
1658810700000,21153.6,21170.4,21110.4,21128.2,723.63
1658811600000,21127.1,21133.5,21083,21094.6,635.36
1658812500000,21094.5,21111.4,21062.4,21108.3,592.65
1658813400000,21108.3,21174.3,21072.2,21142.2,949.73
1658814300000,21143.6,21171.8,21109.3,21146.8,611.31
1658815200000,21146.7,21160.2,21111,21114.9,642.82
1658816100000,21114,21164.2,21105.2,21139.1,561.8
1658817000000,21136.5,21140.7,21063,21095.1,697.77
1658817900000,21095.1,21136.3,21065.3,21076.2,931.88
1658818800000,21076.1,21129.3,21066,21114.1,724.61
1658819700000,21114,21147.7,21013.2,21138.5,1301.49
1658820600000,21136.2,21142,21052.4,21058.9,520.68
1658821500000,21058.9,21105,21034,21065.8,660.66
1658822400000,21065.8,21093,21007,21023.5,1001.32
1658823300000,21023.5,21085.9,20984.1,21071,1178.18
1658824200000,21071,21118.6,21062.2,21091.4,798.25
1658825100000,21091.5,21098.9,21055.1,21068.9,574.93
1658826000000,21068.9,21109.5,21062.4,21086.1,530.38
1658826900000,21086.1,21110,21077.8,21110,398.21
1658827800000,21110,21144.6,21107.9,21137.3,622.8
1658828700000,21137.3,21156.8,21118.2,21119.4,513.88
1658829600000,21119.4,21153,21081,21088.6,563.9
1658830500000,21088.6,21098.4,21055.6,21078,785.94
1658831400000,21078,21112.6,21040,21079.3,817.55
1658832300000,21078.3,21092.3,21055.8,21072.8,278.06
1658833200000,21072.7,21101,21053.2,21081.7,458.5
1658834100000,21083.9,21132.4,21078.8,21102,410.84
1658835000000,21101.9,21123.5,21070.6,21072.6,315.55
1658835900000,21072.7,21158,20935.2,21089.1,2426.22
1658836800000,21089.1,21193.3,21031.3,21158.8,2091.37
1658837700000,21157.1,21160.2,21076.4,21101.7,1184.66
1658838600000,21101.6,21140.6,21040,21050.6,1108.31
1658839500000,21050.5,21064,20961.1,21034.9,1918.03
1658840400000,21034.8,21055.4,20864.5,20896.6,2439.53
1658841300000,20896.6,20956.8,20777.6,20949.7,3589.67
1658842200000,20949.4,21012.9,20903.2,20977.2,1597.93
1658843100000,20975.1,20983.1,20880.8,20950.7,1342.21
1658844000000,20949.9,21039,20890,20933.5,1500.17
1658844900000,20933.4,20938.5,20860,20882.1,1183.57
1658845800000,20882.6,20920,20835.6,20901.6,1382.88
1658846700000,20901.6,20960.6,20896.1,20951.3,785.7
1658847600000,20950.4,20964.1,20842.2,20888.1,1235.62
1658848500000,20888.1,20890,20750,20802.5,2260.92
1658849400000,20802.4,20836.2,20710.7,20815.9,1856.13
1658850300000,20815.9,20825.3,20726.9,20749.7,1334.52
1658851200000,20748.3,20820,20740.2,20808.6,1263.1
1658852100000,20808.8,20844.5,20790.9,20831.1,813.61
1658853000000,20830.8,20895,20830.2,20886.9,999.32
1658853900000,20886.9,20957.6,20874.4,20934.4,1237.13
1658854800000,20934.9,21084.1,20912.4,21005.6,2572.86
1658855700000,21004.2,21066,20924.5,21002.7,1813.29
1658856600000,21002.6,21024,20897.3,20940.1,987.66
1658857500000,20942,20957.2,20910.4,20923.1,412.04
1658858400000,20923.2,20999.8,20908,20941.4,877.84
1658859300000,20941.5,20965,20907.3,20932.9,396.23
1658860200000,20933,20935.2,20820.3,20840.9,1101.51
1658861100000,20836,20919.2,20827.7,20908,416.5
1658862000000,20908,20947.9,20806.5,20910.5,898.49
1658862900000,20913.5,20917,20868.5,20883.1,576.85
1658863800000,20883.1,20924.1,20842.8,20878.1,853.32
1658864700000,20877.8,20933.3,20872.3,20915,598.46
1658865600000,20914.2,20994.9,20813.5,20924.8,2334.47
1658866500000,20926,20966.9,20860.6,20906,639.96
1658867400000,20903.7,20926.4,20875.2,20904.6,389.94
1658868300000,20904.6,20989.5,20891.1,20984.5,425.26
1658869200000,20988.8,21115,20973.9,21111.4,1205.05
1658870100000,21111.5,21122.5,20925.6,20925.6,1164.22
1658871000000,20925.1,20961.2,20825,20929.9,981.3
1658871900000,20927.9,20971.8,20887,20943.1,444.97
1658872800000,20943.1,21066.9,20920.6,21059.4,894.26
1658873700000,21059.3,21156.4,21028.9,21097.7,1634.43
1658874600000,21097.6,21158,21073.1,21116.2,972.84
1658875500000,21118.6,21138.1,21064.5,21114.5,608.96
1658876400000,21114.4,21166,21066.6,21154.8,899.55
1658877300000,21157.5,21166,21084.2,21104.5,1033.2
1658878200000,21105.3,21215,21083.1,21159.4,1567.3
1658879100000,21159.5,21298,21140.8,21254,2953.76
1658880000000,21253.6,21283.9,21197.6,21255.1,1391.78
1658880900000,21255,21264.9,21190.2,21206.8,852.66
1658881800000,21205.9,21205.9,21128.7,21176.3,1020.67
1658882700000,21179.2,21214.3,21140,21203,578.47
1658883600000,21202.9,21235.2,21192.2,21200.3,553.78
1658884500000,21200.3,21211.1,21140.1,21209.3,711.65
1658885400000,21209.4,21229.7,21178.1,21211.9,595.65
1658886300000,21210.5,21224.6,21154.5,21161.2,678.9
1658887200000,21161.2,21175.8,21090.3,21124.9,1063.98
1658888100000,21124.8,21158.5,21100.9,21142.5,687.74
1658889000000,21142.4,21171.3,21110,21151.5,623.05
1658889900000,21151.4,21206.2,21146.1,21187.1,779.66
1658890800000,21187.1,21201.8,21107.1,21157,580.48
1658891700000,21156.9,21166.3,21102,21112.9,656.59
1658892600000,21113,21123.8,21044.3,21052.9,1330.69
1658893500000,21052.9,21081.1,21050,21078,484.06
1658894400000,21078,21113.4,21063.3,21113.2,709.81
1658895300000,21113.1,21125.2,21086.2,21117.8,479.04
1658896200000,21117.8,21139.6,21083.2,21114.7,841.36
1658897100000,21114.6,21131,21088,21112.8,562.35
1658898000000,21113,21178.6,21092.7,21165.5,987.79
1658898900000,21165,21216.2,21161.6,21197.6,1378.72
1658899800000,21197.4,21244.2,21192.1,21230,1049.43
1658900700000,21230.1,21273.7,21208.8,21240.1,1046.25
1658901600000,21240.1,21263.4,21193.7,21206.1,758.5
1658902500000,21206,21227.9,21191.2,21200,664.64
1658903400000,21201.2,21213.7,21161.9,21204,814.39
1658904300000,21202.5,21265,21184.6,21257.2,843.17
1658905200000,21255.7,21450.3,21241.1,21368.4,4537.54
1658906100000,21368.5,21448.1,21346.3,21365.4,1224.31
1658907000000,21365.4,21383,21346,21353.7,996.14
1658907900000,21353.8,21385,21313.9,21344.7,1023.71
1658908800000,21344.7,21419.9,21342.7,21370.6,746.93
1658909700000,21370.7,21420,21360,21390,1070.51
1658910600000,21390,21434.7,21361.9,21374.1,691
1658911500000,21374.1,21377.1,21334.1,21352.4,592.5
1658912400000,21352.4,21361.8,21279.9,21299.7,999.32
1658913300000,21300,21338,21291,21312.6,766.03
1658914200000,21312.6,21335.3,21301.6,21319.1,708.81
1658915100000,21319,21324,21264,21295.9,648.55
1658916000000,21295.9,21314.5,21282.6,21282.8,460.03
1658916900000,21282.8,21333.3,21255,21324.5,667.8
1658917800000,21324.4,21336,21284.2,21315.1,391.68
1658918700000,21315.1,21315.6,21264.8,21287.4,479.08
1658919600000,21287.4,21288.7,21255.4,21276.9,652.09
1658920500000,21276.8,21308,21267.9,21307.9,457.51
1658921400000,21307.9,21325.8,21303.2,21312.1,453.21
1658922300000,21312.1,21371,21128.7,21206.4,2841.39
1658923200000,21206.5,21315,21162.2,21269,1830.61
1658924100000,21269.1,21280.6,21243,21271,599.44
1658925000000,21271,21404.6,21253.6,21383.1,1551.56
1658925900000,21383.2,21420,21346.7,21372.3,1263.67
1658926800000,21370.6,21375,21325.8,21344.8,709.11
1658927700000,21344.9,21363.2,21279.1,21306.4,1037.17
1658928600000,21306.5,21416.8,21288,21388.4,2016
1658929500000,21388.2,21484,21356.3,21461,1990.62
1658930400000,21461,21472,21408.2,21436.3,1481.38
1658931300000,21436.4,21466.9,21403.2,21452.2,818.17
1658932200000,21452.2,21458,21395.9,21408.7,639.1
1658933100000,21408.7,21490,21407.2,21459.8,594.27
1658934000000,21458.5,21505.9,21430,21483.1,991.14
1658934900000,21485.9,21498.9,21426.2,21453.5,756.42
1658935800000,21453.5,21485,21432.1,21470.6,467.73
1658936700000,21470.6,21545.1,21468.6,21530,1682.48
1658937600000,21526.9,21595,21492.3,21586.3,1236.02
1658938500000,21586.4,21712,21567.2,21677.7,2799.02
1658939400000,21677.8,21712,21632,21643.8,1232.04
1658940300000,21643.9,21666.1,21457.7,21526.3,2419.71
1658941200000,21526.3,21527.5,21453,21500.6,1377.26
1658942100000,21500.6,21682.9,21498,21682.9,1673.93
1658943000000,21683,21739,21625,21705.9,1572.43
1658943900000,21706,21720.4,21596.6,21625.8,1446.52
1658944800000,21625.8,22224.4,21625.7,21952.6,18188.48
1658945700000,21953.1,22129.1,21931,22089.4,2304.16
1658946600000,22089.5,22550.1,21952.3,22464.6,12421.71
1658947500000,22463.8,22715,22383.1,22555.4,7570.6
1658948400000,22555.5,22808.9,22555.5,22773.4,4725.08
1658949300000,22773.5,23115.8,22739.8,22907.4,8047.61
1658950200000,22907.4,22910.9,22748.2,22807.5,2733.55
1658951100000,22808.1,22870.1,22672.5,22774.2,2410.73
1658952000000,22775.2,22912,22672,22741.3,2985.34
1658952900000,22741.3,22810.9,22689.1,22752.9,1194.43
1658953800000,22752.9,22811.1,22716.9,22759.9,886.58
1658954700000,22759.9,22860,22759.9,22777.6,1104.86
1658955600000,22777.5,22790.7,22688,22725.5,763.85
1658956500000,22725.5,22729.9,22690,22705.2,395.86
1658957400000,22702.2,22728,22585.1,22689.9,818.23
1658958300000,22689.8,22761,22612.1,22681.2,781.36
1658959200000,22679.6,22794.4,22654.6,22771.3,2083.1
1658960100000,22772.4,22858,22764.6,22845.4,1226.14
1658961000000,22842.7,22882.5,22756,22818.7,2250.63
1658961900000,22818.7,22959.9,22800,22876.5,1643.31
1658962800000,22876.6,22922.8,22836.8,22916.2,770.93
1658963700000,22916.3,22938.6,22821.8,22878.3,795.87
1658964600000,22878.3,22886.5,22812.6,22847.4,563.24
1658965500000,22847.4,22998.8,22847.4,22951,1328.81
1658966400000,22950,23070.7,22849.5,22871.5,3029.87
1658967300000,22871.5,22894.2,22805.4,22806.9,1153.43
1658968200000,22808.2,22860,22760,22763.9,1225.44
1658969100000,22764,22849.5,22762.6,22787.3,991.81
1658970000000,22787.2,22802.3,22722.5,22728.5,802.24
1658970900000,22728.5,22784,22721.8,22753,598.83
1658971800000,22754.4,22787.7,22745.1,22768.4,622.73
1658972700000,22767.5,22785,22743.7,22772.2,590.07
1658973600000,22772.3,22778.2,22703.3,22747.5,480.35
1658974500000,22747.4,22760.8,22728,22738.6,252.2
1658975400000,22738.7,22960,22738.7,22939.3,2097.24
1658976300000,22939.3,23456.7,22937.3,23290.5,10327.23
1658977200000,23288.5,23331.2,23216.9,23241.6,2102.14
1658978100000,23241.6,23302.4,23186.3,23191.4,1194.75
1658979000000,23191.5,23194.4,23099.5,23128.2,1777.37
1658979900000,23128.1,23166.4,23117,23140.3,631.51
1658980800000,23140.4,23195.7,23071.8,23124.8,1381.48
1658981700000,23124.8,23172.9,23119.8,23172.9,467.03
1658982600000,23173,23179,23107.5,23120.6,524.2
1658983500000,23120.6,23142,23060.9,23073.2,815.52
1658984400000,23073.1,23095.3,23042.4,23044.7,1126.43
1658985300000,23044.7,23119.9,23042.6,23102.4,903.48
1658986200000,23102.5,23207.8,23102.5,23198.2,1170.39
1658987100000,23198.1,23258,23157.4,23241.6,1211.83
1658988000000,23240.5,23271.6,23152.7,23167.4,1031.54
1658988900000,23167.4,23193.1,23140.7,23162.2,594.37
1658989800000,23162.1,23175.5,23143.5,23166.1,346.18
1658990700000,23166.1,23228.4,23050,23126.9,1521.93
1658991600000,23126.8,23129.7,22974.7,23041,1647.32
1658992500000,23040.9,23041.3,22951.3,22962,1334.96
1658993400000,22960.2,22978.7,22890,22944.9,1880.75
1658994300000,22943.2,22955.6,22905.6,22929.7,886.43
1658995200000,22929.7,22942.4,22883,22892.2,884.08
1658996100000,22892.3,22983.5,22887.9,22953,977.78
1658997000000,22950.9,22990.5,22901,22953.5,861.15
1658997900000,22953.6,23034.3,22945,22971.8,1035.92
1658998800000,22971.8,23010.1,22921.3,22937.9,554.17
1658999700000,22934.6,22934.6,22830,22879.9,884.13
1659000600000,22880,22970,22854.3,22969.7,715.08
1659001500000,22969.6,23000,22936.3,22980.2,667.09
1659002400000,22980.2,22995.6,22959.7,22977.9,364.14
1659003300000,22977.9,23061.8,22917.5,23003.3,1383.19
1659004200000,23003.2,23107.4,22965.1,23039.9,1087.7
1659005100000,23040,23040,22956.1,22980.7,709.84
1659006000000,22984.2,23035.1,22968.1,23004.8,504.71
1659006900000,23004.8,23051.6,23000,23046.6,377.35
1659007800000,23047.3,23095.9,22968.4,23090.8,1344.21
1659008700000,23091.6,23143.4,23070.7,23117.8,1661.82
1659009600000,23117.9,23140.2,23035,23049.5,987.79
1659010500000,23049.5,23049.6,22875.1,23036,2055.47
1659011400000,23037.9,23081.2,22590,22930.1,12662.8
1659012300000,22929.9,23198,22920.4,23036.6,6531.08
1659013200000,23036.5,23061,22928.2,23056.2,2424.39
1659014100000,23056.2,23173.8,23022.6,23146.9,2015.32
1659015000000,23146.9,23267.4,22965,23008.6,4761.2
1659015900000,23008.6,23020.2,22767.1,22852,4569.32
1659016800000,22849.9,22906.5,22743.6,22902.1,2318.65
1659017700000,22902.1,22957,22835,22898.2,1662.51
1659018600000,22896.5,23006.7,22850,22980.7,2089.23
1659019500000,22982.9,23136.1,22962.2,23127,2843.47
1659020400000,23127,23248.4,23111,23239.4,2529.23
1659021300000,23239.1,23510.5,23197.7,23501,6534.48
1659022200000,23501,23794.4,23425,23680.2,6515.69
1659023100000,23680.3,24000,23603.1,23742.9,7171.09
1659024000000,23742.9,23872.4,23672.8,23781.4,3244.02
1659024900000,23782.2,23953.8,23782.2,23901.8,2051.21
1659025800000,23901.8,23946.4,23709.2,23808.7,3302.73
1659026700000,23808.6,23854.1,23756.5,23770.1,1064.71
1659027600000,23767.6,23935.3,23755,23922.9,1743.08
1659028500000,23922.9,24038.2,23855,23889.3,2939.23
1659029400000,23893.4,24117.7,23871.8,24004.1,2957.8
1659030300000,24004.1,24027,23901,24001.5,1795.58
1659031200000,24001.4,24010.4,23790.9,23810.5,2335.31
1659032100000,23810.5,23846.2,23743.9,23771.1,1477.06
1659033000000,23771.1,23834.7,23766.4,23810.8,591.83
1659033900000,23809,23824.1,23731.3,23811.8,594.6
1659034800000,23808.4,23878.3,23783,23821.7,887.58
1659035700000,23821.6,23873.8,23782.3,23843.4,619.91
1659036600000,23843.3,23854,23765.3,23800.2,523.74
1659037500000,23802.1,23829.9,23673.2,23798.2,1325.52
1659038400000,23798.3,23885.9,23789,23848.9,1418.6
1659039300000,23848.9,23888,23828.8,23880.2,471.53
1659040200000,23880.1,24200,23835.3,23914.7,3962.32
1659041100000,23915.1,24149.1,23777.6,24026.9,2636
1659042000000,24027,24161.6,24026.4,24088.3,1062.18
1659042900000,24088.4,24118,23899.2,23951.5,1448.33
1659043800000,23952,23952.1,23860,23931.9,470.29
1659044700000,23930.1,24007,23838.6,23929.6,586.69
1659045600000,23929.6,23935,23808.5,23882.4,1251.4
1659046500000,23881.8,23985.6,23867.2,23936.5,1003.73
1659047400000,23936.7,23975,23870.1,23964.4,678.25
1659048300000,23964.3,23988.6,23898.7,23960.3,606.89
1659049200000,23963.7,23977.9,23869.4,23895.3,638.73
1659050100000,23895.3,23895.4,23776.3,23823.5,794.21
1659051000000,23823.4,23847.6,23739,23784.9,1067.32
1659051900000,23785.9,23860.7,23758.9,23843.6,827.14
1659052800000,23843.6,23896.3,23818.1,23846.4,1050.72
1659053700000,23846.3,23853.6,23705.5,23712.5,1633.58
1659054600000,23712.6,23879.8,23712.3,23869.5,1472.97
1659055500000,23871.8,23947,23833.7,23882.2,1514.58
1659056400000,23882.2,23900,23820,23836.5,488.52
1659057300000,23837.2,23872.2,23765.7,23799.1,786.4
1659058200000,23799,23815.3,23743.4,23762.4,790.53
1659059100000,23762.4,23885,23762.4,23850.2,913.99
1659060000000,23850.3,23895,23807.6,23892.9,805.1
1659060900000,23892.9,23919.9,23730,23816.1,1373.47
1659061800000,23816.1,23844.9,23770.8,23833.4,625.81
1659062700000,23834.5,23836.9,23757.2,23785.7,559.71
1659063600000,23785.6,23838.1,23761.2,23809.1,601.97
1659064500000,23809,23849.5,23795.1,23814.6,558.08
1659065400000,23818.8,23885.4,23816.6,23861.7,561.44
1659066300000,23861.7,23933.8,23860,23912.2,1025.89
1659067200000,23912.3,23940.8,23884.3,23896.4,698.87
1659068100000,23896.4,23981,23881.4,23958.5,1290.23
1659069000000,23958.6,24038.1,23913.2,23955.5,1820.3
1659069900000,23953.1,24033.9,23934.7,24012.4,1006.01
1659070800000,24012.4,24021.8,23866.7,23911.4,1281.07
1659071700000,23911.4,23929.7,23879.1,23926.1,872.15
1659072600000,23926.1,24123.5,23906.1,24036.6,1909.29
1659073500000,24044,24082,23936,23986.8,1382.66
1659074400000,23989.2,24000,23948.1,23954.1,536.73
1659075300000,23954.1,24060,23921,24027.6,1231.83
1659076200000,24027.9,24468.8,24019.6,24243.3,7304.1
1659077100000,24243.4,24255.9,23900,23946.5,2820.48
1659078000000,23946.4,24000,23846.3,23904,1914.64
1659078900000,23900.7,23942.8,23822.5,23857.1,1396.62
1659079800000,23857,23980.9,23840,23894.2,1222.12
1659080700000,23897.2,23950,23892.1,23941.9,748.55
1659081600000,23942,23951.3,23781.7,23922.6,1879.49
1659082500000,23925.6,23986.6,23886.6,23935.2,1391.39
1659083400000,23938.7,23974.2,23877.6,23955,963
1659084300000,23954.9,23970,23893.3,23927.5,766.83
1659085200000,23927.5,23957.5,23857.3,23951.4,1493.31
1659086100000,23953.2,23975.8,23916,23973.5,800.02
1659087000000,23973.4,24055.6,23946.3,24021.7,1539.98
1659087900000,24022,24097.8,24006.2,24069.2,1071.51
1659088800000,24069.2,24099,24037.6,24077.6,895.53
1659089700000,24079.1,24130,23982.7,23999.8,2101.14
1659090600000,23999.7,24052.1,23983.3,24001.5,745.09
1659091500000,24001.9,24063,23995.2,24008.4,754.93
1659092400000,24008.4,24026.9,23905.1,23913.9,1122.24
1659093300000,23914,23929.8,23801.3,23814.7,2249.33
1659094200000,23814.6,23853.7,23553.2,23614.1,4682.09
1659095100000,23613.2,23758,23578.4,23721.1,2439.88
1659096000000,23722.2,23750,23668.9,23677.5,1639.93
1659096900000,23677.5,23725,23619.5,23667.5,1349.04
1659097800000,23667.6,23703.2,23451.9,23465.6,5336.38
1659098700000,23465.5,23576,23453.6,23522.6,2405.97
1659099600000,23520,23544.9,23432.9,23495.7,1441.3
1659100500000,23495.8,23645,23450,23595.9,2123.35
1659101400000,23595.5,23726.5,23441.5,23658.5,3692.23
1659102300000,23660.8,23765.9,23657.1,23699.3,2756.29
1659103200000,23699.4,24120,23673.6,24034.1,6931.08
1659104100000,24034.3,24233.4,23973,24135.6,5372.59
1659105000000,24136.2,24225,24037.5,24094.3,3612.2
1659105900000,24094.4,24164.3,24027.6,24037.8,1865.9
1659106800000,24037.8,24072.7,23933.5,23999.9,3275.61
1659107700000,23999.9,24005.6,23872.1,23886.6,2106.23
1659108600000,23886.5,24038.5,23884.7,24010.5,1561.58
1659109500000,24010.4,24037.3,23976.5,24006.7,818.49
1659110400000,24011.2,24022.7,23651,23665.9,4449.45
1659111300000,23665.9,23772.7,23608.2,23661.8,2416.98
1659112200000,23661.7,23743.7,23656.1,23715,1256
1659113100000,23718,23887.6,23691.5,23847.7,1900.73
1659114000000,23847.8,23850.6,23726.1,23755.1,1065.04
1659114900000,23754.4,23799.1,23624.3,23684,1264.4
1659115800000,23683.9,23793.4,23649.2,23791.2,1123.73
1659116700000,23792,23865,23775.9,23783.6,793.09
1659117600000,23783.7,24050,23744.3,24028.5,3556.29
1659118500000,24028.5,24030.7,23837.8,23889.7,1788.56
1659119400000,23888.5,23965.1,23853,23891.5,1388.13
1659120300000,23887.1,23957.2,23885.5,23925.7,918.16
1659121200000,23930.3,23966.5,23849.7,23883,896.8
1659122100000,23883.5,23888.6,23820.7,23857.2,489.4
1659123000000,23857.1,23906.3,23809.4,23886.6,652.44
1659123900000,23879.1,23945.9,23750,23903.2,1519.7
1659124800000,23902.7,23977.4,23797.8,23807.8,1143.88
1659125700000,23807.7,23915.2,23797.9,23865,807.88
1659126600000,23864.9,23959.8,23862.2,23900,468.5
1659127500000,23900,23977,23882.2,23940.2,395.23
1659128400000,23940.3,23995,23894.4,23894.4,445.47
1659129300000,23894.5,23957.1,23876.9,23904.1,338.86
1659130200000,23905.5,23905.7,23729.8,23765.6,1057.7
1659131100000,23765.5,23860.6,23702.8,23820.3,601.04
1659132000000,23820.3,23832.9,23760.1,23810.2,357.71
1659132900000,23813.1,23895.9,23749.6,23883.5,1008.96
1659133800000,23883.5,23973.5,23846.6,23936.5,817.8
1659134700000,23932.9,23955,23882.2,23945,541.12
1659135600000,23943.5,24099,23894.9,24097.3,1592.22
1659136500000,24096.5,24145,24047.4,24104.4,1295.89
1659137400000,24100.4,24138.9,23936.2,23948.8,1787.27
1659138300000,23950.9,23968.3,23693,23770.9,2652.49
1659139200000,23770.9,23872.3,23748.5,23826.2,1310.81
1659140100000,23826.2,23911,23826,23869.1,726.85
1659141000000,23869,23873.1,23760.1,23837.1,726.21
1659141900000,23837.1,23944,23835.8,23916.1,1054.61
1659142800000,23916.1,23966.6,23827,23839.9,843.05
1659143700000,23839.9,23917.7,23813.1,23905.7,437.19
1659144600000,23905.6,23937.9,23877.6,23926.1,449.59
1659145500000,23926.1,23974.2,23667.8,23916,3985.17
1659146400000,23915.9,23929,23780,23834.2,1290.71
1659147300000,23833.6,23868.7,23783.3,23806.9,744.88
1659148200000,23806.9,23866.5,23750,23851,1163.36
1659149100000,23851,23867,23778.7,23837.4,669.96
1659150000000,23839.1,23854.1,23753.8,23783.6,848.42
1659150900000,23784,23844.5,23762.7,23831,679.45
1659151800000,23831.1,23848.6,23760.2,23765,659.38
1659152700000,23765,23826.2,23760.5,23807.1,604.26
1659153600000,23807.4,23827.3,23757.7,23819.1,886.01
1659154500000,23819.2,23819.2,23620,23713.7,1542.09
1659155400000,23713.7,23740.3,23689.3,23739.8,767.22
1659156300000,23739.9,23768.9,23721.5,23742.2,569.94
1659157200000,23743.1,23768.1,23718.4,23757.6,330.84
1659158100000,23758.4,23800,23753.6,23774.8,402.35
1659159000000,23774.8,23801,23766.6,23789.5,260.27
1659159900000,23790.1,23800,23760,23799.4,260.88
1659160800000,23799.4,23810,23762.9,23782.3,394.47
1659161700000,23780.1,23857.4,23763.1,23830,801.1
1659162600000,23830,23842.9,23768.1,23771,582.42
1659163500000,23770.9,23826.9,23766.6,23818.1,412.39
1659164400000,23818.2,23874.8,23813,23853.4,536.87
1659165300000,23853.3,23908.5,23842.4,23883.9,835.43
1659166200000,23884,23891.5,23864.5,23878.9,346.34
1659167100000,23878.9,23913.9,23864.2,23879,450.98
1659168000000,23881.6,23889,23843.5,23857.7,296.97
1659168900000,23857.8,23925,23835,23880.9,926.91
1659169800000,23881,23915.1,23833,23909.8,825.1
1659170700000,23909.9,23956,23870.1,23894.3,954.95
1659171600000,23894.3,23925,23875.7,23921.8,388.9
1659172500000,23921.8,23933.5,23891.6,23900.7,413.33
1659173400000,23900.7,23958.4,23889.9,23927.1,335.48
1659174300000,23927.1,23934.9,23832.5,23910,1080.8
1659175200000,23911.9,23930.1,23759.6,23771.7,1706.54
1659176100000,23771.8,23834.4,23730,23819.9,1386.41
1659177000000,23819.9,23858,23790,23790,497.33
1659177900000,23790.1,23846.4,23790.1,23812.5,349.13
1659178800000,23812.4,23851.2,23808.8,23840,288.31
1659179700000,23840.1,23939.7,23815.7,23917.6,1652.37
1659180600000,23917.6,24060,23913.6,24027.4,2407.27
1659181500000,24030.2,24049.9,23950.4,23957.6,854.11
1659182400000,23959.4,24010.1,23951,23997.6,649.67
1659183300000,23997.6,24186,23914.8,24173.1,2999.69
1659184200000,24173,24299.2,24110.9,24212,4042.77
1659185100000,24212.4,24388,24187,24380.1,3416.89
1659186000000,24380,24695.5,24329.9,24497.4,9247.06
1659186900000,24497.4,24613.6,24472.6,24524.2,2495.32
1659187800000,24524.2,24554,24400,24524,1997.71
1659188700000,24524,24544,24462.6,24495.3,922.74
1659189600000,24495.2,24585,24435.6,24520.1,1856.06
1659190500000,24524.2,24567,24497.7,24552.7,926.71
1659191400000,24552.6,24554.5,24440,24466.9,1001.57
1659192300000,24466.4,24512.7,24335,24349.6,2072.65
1659193200000,24349.9,24428.6,24343.3,24418.4,1008.75
1659194100000,24418.4,24547,24405.1,24508.4,1546.81
1659195000000,24508.4,24585,24497.5,24552,1030.49
1659195900000,24552,24610,24510.5,24528.6,1230.55
1659196800000,24530,24547.1,24452.3,24473.2,1228.25
1659197700000,24473.2,24548.6,24458,24526,715.02
1659198600000,24526,24562.6,24461.8,24503.8,812.58
1659199500000,24505.4,24598.2,24500.3,24579.8,560.36
1659200400000,24579.9,24598.1,24540,24579.2,663.83
1659201300000,24581,24585.4,24480,24502.5,768.51
1659202200000,24502.4,24509.7,24456,24474,546.68
1659203100000,24474.1,24522.6,24451.9,24495.1,395.23
1659204000000,24495.1,24534.8,24477.4,24501.4,280.45
1659204900000,24501.5,24544.4,24468.8,24541.5,374.31
1659205800000,24541.6,24569.8,24510.1,24550.4,715.41
1659206700000,24550.3,24551.7,24504,24512.6,411.16
1659207600000,24512.6,24517,24409.2,24439.5,697.03
1659208500000,24439.6,24479.9,24357,24427.9,715.45
1659209400000,24426.5,24438.4,24059.5,24087.6,3127.13
1659210300000,24087.6,24118.5,23863.1,23918.4,4732.21
1659211200000,23918.3,23950.8,23814,23838.7,2292.45
1659212100000,23838.6,23987,23808,23964.3,1557.56
1659213000000,23964.2,24081.3,23900,24043,1679.56
1659213900000,24043,24043,23919.3,23957.8,1369.35
1659214800000,23957.8,23999.5,23876.7,23908.1,951.11
1659215700000,23908.5,23935.1,23860.3,23900.9,639.24
1659216600000,23900.9,23956.4,23878.2,23946.7,284.06
1659217500000,23946.6,23946.6,23840,23855.5,637.44
1659218400000,23855.4,23855.4,23499.6,23592.4,4810.93
1659219300000,23592.4,23685,23510,23650.4,1808.64
1659220200000,23650.4,23727.6,23633.5,23715.7,1108.21
1659221100000,23715.7,23743.6,23684.9,23701.9,802.23
1659222000000,23701.8,23735,23612.5,23644.4,1113.53
1659222900000,23646,23646,23544.2,23558.5,888.72
1659223800000,23560.7,23638.7,23553,23600,771.88
1659224700000,23600.2,23660.8,23583.6,23642.6,876.41
1659225600000,23642.6,23690,23520,23644.5,1433.51
1659226500000,23644.3,23699.8,23636.2,23660.8,542.3
1659227400000,23660.8,23780,23647,23723.4,1066.04
1659228300000,23723.4,23776.2,23665.9,23744,1039.45
1659229200000,23744,23749.1,23688.1,23713.4,561.74
1659230100000,23713.4,23786,23708.2,23752.1,554.9
1659231000000,23752,23812.7,23678.3,23730,1140.28
1659231900000,23730,23760.3,23705.2,23723.1,452.25
1659232800000,23722.3,23905,23719.9,23818.3,1670.38
1659233700000,23817.4,23846.2,23765.9,23770,578.59
1659234600000,23770.1,23793.9,23730.1,23771.1,488.49
1659235500000,23773.4,23798.7,23763.6,23796,224.56
1659236400000,23796,23813.1,23733.1,23786.1,435.57
1659237300000,23787.1,23800,23730,23745.9,437.33
1659238200000,23745.8,23755.8,23686.5,23724.2,756.12
1659239100000,23727.2,23767.5,23701.1,23741.5,287.74
1659240000000,23741.5,23798.1,23736,23741,420.61
1659240900000,23741,23822.8,23736.7,23811.7,366.62
1659241800000,23811.7,23825.7,23778.6,23781.9,422.66
1659242700000,23781.9,23824.2,23781.9,23797.6,230.96
1659243600000,23797.7,23840,23773,23789.9,430.07
1659244500000,23789.9,23815.6,23725.5,23725.5,651.65
1659245400000,23725.4,23779.7,23722.4,23774.1,263.5
1659246300000,23774,23774,23703,23710.9,473.76
1659247200000,23711,23739.7,23707.4,23720,356.33
1659248100000,23721.6,23765,23706.3,23746.1,402.1
1659249000000,23743.7,23775.1,23733.3,23741.3,324.44
1659249900000,23741.3,23792.9,23741.3,23773.1,498.82
1659250800000,23773.9,23807.5,23735,23804.1,396.21
1659251700000,23804.3,23810.7,23760.9,23770,288.38
1659252600000,23769.9,23771.4,23711.6,23719.8,507.17
1659253500000,23719.7,23739.8,23666.2,23713.9,731.18
1659254400000,23714,23748,23624,23656.9,855.98
1659255300000,23656.9,23709.1,23627.9,23703.3,588.44
1659256200000,23703.5,23704.8,23628.4,23666,795.52
1659257100000,23666,23666.1,23580,23602.1,1121.61
1659258000000,23602.1,23646.8,23564,23630,696
1659258900000,23630,23705,23626,23683.7,739.13
1659259800000,23683.7,23726,23655.1,23714,562.64
1659260700000,23713.9,23761.4,23700,23758,545.07
1659261600000,23758.1,23760,23708.5,23758.7,475.18
1659262500000,23758.6,23807.8,23745.1,23780.5,616.33
1659263400000,23780.4,23790,23745.3,23775.2,307.89
1659264300000,23775,23860,23732,23830.9,893.54
1659265200000,23830.8,23855.9,23745.8,23806.1,1482.46
1659266100000,23806,23815.4,23752.2,23765.6,669.55
1659267000000,23767.7,23793.1,23750,23792,339.63
1659267900000,23792.1,23845,23763.4,23797.3,825.24
1659268800000,23797.3,23806.3,23775.1,23803.3,443.82
1659269700000,23803.4,23808.7,23761.3,23777.1,461.31
1659270600000,23777.1,23792.2,23742.4,23762.8,477.32
1659271500000,23762.8,23874.8,23762.7,23815,1253.73
1659272400000,23815,23826.5,23751.8,23752.1,566.64
1659273300000,23752,23767.2,23681.4,23716.5,1493.7
1659274200000,23716.5,23754.6,23670,23752.5,834.16
1659275100000,23752.6,23754.2,23707.3,23712.9,368.94
1659276000000,23712.9,23727,23680,23691.2,407.11
1659276900000,23691.1,23797.6,23684.3,23792.8,797.15
1659277800000,23792.6,23838,23603.1,23645.6,1730.33
1659278700000,23645.5,23738.5,23625.6,23726.6,1029.36
1659279600000,23726.5,23775.1,23658.6,23666,671.2
1659280500000,23666,23775.9,23650.7,23731,873.07
1659281400000,23730.9,23774.5,23730.9,23760.2,316.16
1659282300000,23762.9,23787.6,23739.7,23776.4,346.99
1659283200000,23776.3,23805,23746.6,23780.4,553.26
1659284100000,23780.5,23789.6,23702.2,23762.3,600.08
1659285000000,23762.4,23819.1,23762.4,23808.2,420.98
1659285900000,23807.8,23821.9,23745,23769,514.95
1659286800000,23769,23780.9,23730,23753.9,391.4
1659287700000,23754,23763.5,23712.7,23728.9,266.01
1659288600000,23729,23750,23692.6,23734.8,325.37
1659289500000,23734.7,23745.7,23707.3,23735.7,223.19
1659290400000,23735.8,24200,23734.4,24126.4,4984.94
1659291300000,24126.5,24177.2,23600.5,23659.8,5916.59
1659292200000,23659.9,23828.8,23359.6,23688.1,10216.26
1659293100000,23689.2,23782.8,23632.4,23750.1,1231.66
1659294000000,23750,23991.4,23704.1,23895.4,2101.31
1659294900000,23895.4,23931.3,23852.8,23854.5,727.66
1659295800000,23854.5,23949.9,23837.5,23892.4,611.77
1659296700000,23889.8,23892,23817,23840.9,389.27
1659297600000,23842.3,23889.4,23833.5,23879,462.34
1659298500000,23879,23879.1,23778.8,23811.5,557.09
1659299400000,23808.9,23814.6,23775.4,23799,383.13
1659300300000,23798.9,23831.1,23770.3,23793.7,550.37
1659301200000,23795.5,23819.3,23730,23794.9,710.56
1659302100000,23793.8,23821.4,23764.8,23764.9,234.48
1659303000000,23764.8,23768.6,23560.7,23646.2,1250.73
1659303900000,23646.2,23646.2,23532.5,23585.7,631.24
1659304800000,23588,23590.4,23425,23442,1692.16
1659305700000,23442,23497.1,23253.8,23328.2,2642.01
1659306600000,23328.3,23328.3,23228,23291.6,2019.25
1659307500000,23291.7,23395.5,23233.1,23378.7,1327.46
1659308400000,23377.6,23377.7,23288.3,23308.3,1353.29
1659309300000,23308.4,23365,23301.8,23341.4,552.86
1659310200000,23341.3,23469.3,23326.1,23400,1089.84
1659311100000,23399.9,23404.8,23276.6,23299.9,1571.1
