ts,open,high,low,close,volume
1717200000000,67558.8,67700,67558.7,67587.5,403.48
1717200900000,67587.4,67587.4,67501.6,67569.8,310.241
1717201800000,67569.8,67643.3,67555,67615.2,204.26
1717202700000,67615.2,67697.7,67599.9,67657.7,247.356
1717203600000,67657.8,67720,67589.2,67620,300.082
1717204500000,67620.1,67637.7,67522.1,67580.7,286.916
1717205400000,67580.7,67603.6,67428.1,67509.2,858.931
1717206300000,67509.3,67572,67509.2,67569.9,140.03
1717207200000,67569.9,67743.2,67549.2,67645.9,782.132
1717208100000,67645.9,67678,67620.8,67677.3,198.231
1717209000000,67677.4,67753.5,67672,67698.8,219.652
1717209900000,67698.9,67744.4,67689.4,67740,134.652
1717210800000,67740,67750,67660.1,67698.6,262.65
1717211700000,67698.7,67707.4,67614.5,67663.9,292.767
1717212600000,67664,67765.6,67660,67761.9,421.044
1717213500000,67761.9,67776.8,67686,67735.7,310.124
1717214400000,67735.8,67779,67717.7,67720.4,455.534
1717215300000,67720.4,67741.2,67666.1,67701.7,183.637
1717216200000,67701.7,67739.8,67688.4,67704.5,119.303
1717217100000,67704.5,67750.6,67686.4,67690,231.019
1717218000000,67690.1,67695,67622.4,67672.9,247.037
1717218900000,67673,67695,67591.3,67595.9,184.366
1717219800000,67595.9,67755,67594,67740.1,238.502
1717220700000,67740,67820.1,67680.1,67695.9,291.201
1717221600000,67696,67740.5,67654.8,67667.9,218.031
1717222500000,67667.9,67676.8,67640,67673.8,118.209
1717223400000,67673.8,67706.4,67612.3,67679.7,129.029
1717224300000,67679.7,67715.1,67656.6,67699.7,125.886
1717225200000,67699.7,67720,67661.1,67668.8,70.346
1717226100000,67668.8,67668.8,67605.2,67620.4,200.815
1717227000000,67620.4,67680,67567.7,67664.4,472.402
1717227900000,67664.4,67731,67613.5,67630.9,557.18
1717228800000,67631,67677,67623.9,67639.2,183.303
1717229700000,67639.2,67661.4,67617.1,67641.7,122.832
1717230600000,67641.7,67742,67639.7,67733.2,165.485
1717231500000,67733.1,67758.6,67664.9,67718.1,424.215
1717232400000,67718,67770,67710,67715.8,300.299
1717233300000,67715.8,67715.8,67673.3,67674.4,148.102
1717234200000,67674.3,67724.1,67633.1,67707,135.837
1717235100000,67707.1,67726,67667.1,67720.1,112.412
1717236000000,67720.2,67757.2,67689.9,67742.7,290.799
1717236900000,67742.7,67771,67675.4,67675.4,128.611
1717237800000,67675.4,67719.5,67658.5,67698.6,130.827
1717238700000,67698.5,67698.6,67635.6,67635.7,111.806
1717239600000,67635.7,67692.9,67635.7,67692.9,79.004
1717240500000,67692.9,67698.1,67667.7,67685,56.572
1717241400000,67685.1,67700,67682,67699.8,69.927
1717242300000,67699.9,67716.2,67670,67670,114.354
1717243200000,67670,67738.9,67651.3,67717.6,203.458
1717244100000,67717.7,67735,67700,67735,137.548
1717245000000,67734.9,67754.9,67709.9,67752.2,109.723
1717245900000,67752.1,67887.1,67722.2,67722.4,632.093
1717246800000,67722.1,67844.9,67720.2,67802.4,282.574
1717247700000,67802.4,67845.5,67776,67782.9,275.897
1717248600000,67782.9,67830.9,67750.3,67760,259.779
1717249500000,67760,67809.7,67709.6,67709.7,207.089
1717250400000,67709.6,67779,67677,67750,248.792
1717251300000,67750,67818,67750,67800,246.635
1717252200000,67800,67877,67780.7,67817,531.947
1717253100000,67817,67822,67760,67804.6,147.649
1717254000000,67804.6,67828,67760,67762.8,134.532
1717254900000,67762.7,67826.5,67750.1,67776.6,144.615
1717255800000,67776.6,67811.6,67768.5,67801,80.811
1717256700000,67801.1,67801.1,67662.3,67688.6,287.78
1717257600000,67688.5,67731.2,67673.8,67680,250.624
1717258500000,67680.1,67715.6,67607.8,67713.3,430.196
1717259400000,67713.4,67723.4,67664.7,67690.7,158.661
1717260300000,67690.8,67706,67641.1,67693.2,168.735
1717261200000,67693.2,67693.2,67618,67647.8,210.274
1717262100000,67647.8,67685.9,67625,67685.8,158.951
1717263000000,67685.7,67691.1,67662,67662.1,68.705
1717263900000,67662,67838,67526.2,67783.3,1177.34
1717264800000,67783.3,67827.2,67737.8,67765.6,216.484
1717265700000,67765.6,67777,67730.6,67734.8,98.853
1717266600000,67734.9,67771.5,67732.1,67771.5,89.302
1717267500000,67771.5,67787.1,67734.5,67756,60.297
1717268400000,67756,67770.3,67721.9,67722,64.61
1717269300000,67722,67745.5,67693.7,67734.8,201.352
1717270200000,67734.8,67796.8,67715,67792.3,103.805
1717271100000,67792.4,67792.4,67749.8,67759.9,62.609
1717272000000,67759.8,67790.1,67720.2,67720.3,188.886
1717272900000,67720.3,67756.8,67720.3,67756.7,37.907
1717273800000,67756.8,67788.6,67754,67788.6,116.332
1717274700000,67788.6,67814.4,67746.5,67814.4,72.837
1717275600000,67814.3,67814.4,67714.4,67728.1,148.873
1717276500000,67726.9,67817,67726.9,67772.2,189.528
1717277400000,67772.1,67830,67767.1,67823.2,76.2
1717278300000,67823.1,67834,67743,67770.5,89.386
1717279200000,67770.4,67822.4,67717.8,67795.8,151.031
1717280100000,67795.8,67899,67767.3,67850.6,225.688
1717281000000,67850.6,67850.6,67780,67781.7,68.361
1717281900000,67781.7,67813,67777.3,67777.3,64.253
1717282800000,67777.3,67843.8,67777.3,67783.3,161.941
1717283700000,67783.3,67807.9,67752.6,67752.6,83.192
1717284600000,67752.6,67767.2,67740,67740,124.446
1717285500000,67740,67780.4,67722.2,67769.1,179.815
1717286400000,67769.1,67788.9,67747.6,67757,105.368
1717287300000,67757,67816,67757,67800.8,153.624
1717288200000,67800.1,67824.8,67760,67824.8,93.605
1717289100000,67824.7,67927,67797.5,67892.8,397.33
1717290000000,67892.7,67908.5,67770,67814.1,235.981
1717290900000,67814.2,67878.9,67781.7,67878.8,144.271
1717291800000,67878.9,67885,67803.1,67819.6,213.77
1717292700000,67819.6,67834.6,67707.7,67768.1,403.202
1717293600000,67768.2,67803,67730,67802.9,188.444
1717294500000,67802.9,67824.8,67764,67764.1,189.331
1717295400000,67764.1,67793.6,67737.7,67758.2,190.273
1717296300000,67758.3,67758.3,67632.1,67739.3,477.138
1717297200000,67739.4,67803.3,67728.3,67799.9,185.532
1717298100000,67800,67809.3,67746.8,67798.6,119.06
1717299000000,67798.6,67820,67786.1,67806.1,72.251
1717299900000,67806.1,67810.9,67788,67789.3,70.605
1717300800000,67789.4,67792.7,67734.7,67756.7,158.353
1717301700000,67756.7,67815,67756.6,67814.9,144.603
1717302600000,67814.9,67838,67814.9,67838,125.49
1717303500000,67837.9,67846,67803.6,67846,88.052
1717304400000,67846,67867.8,67809.5,67817.2,138.909
1717305300000,67817.2,67817.2,67779.6,67799.9,69.102
1717306200000,67799.9,67799.9,67742.3,67757.4,156.333
1717307100000,67757.4,67794.7,67720,67720,175.12
1717308000000,67720.1,67789.9,67718,67786.2,125.691
1717308900000,67786.2,67793.9,67778.3,67787,79.201
1717309800000,67787.1,67827.4,67787,67790.5,85.539
1717310700000,67790.5,67844.5,67780.5,67837,102.807
1717311600000,67836.9,67841.4,67778,67810.2,85.252
1717312500000,67810.1,67810.1,67722.8,67757.5,175.162
1717313400000,67757.4,67767,67725.8,67763.9,285.826
1717314300000,67763.9,67773.7,67718,67718.1,133.648
1717315200000,67718,67800,67668.1,67774.4,604.976
1717316100000,67774.3,67774.4,67741.3,67767.1,128.605
1717317000000,67767.2,67817.7,67767.1,67803,177.344
1717317900000,67803.1,67803.1,67750,67756.4,76.508
1717318800000,67756.5,67777.9,67720.2,67747.1,169.073
1717319700000,67747,67768,67578.2,67582.7,920.556
1717320600000,67582.7,67620.3,67416,67433.3,1260.032
1717321500000,67433.2,67555.4,67433.2,67549.9,660.773
1717322400000,67550,67596.4,67493.8,67499,441.238
1717323300000,67498.9,67523,67380,67523,492.639
1717324200000,67523,67557.7,67446,67557.7,254.54
1717325100000,67557.6,67557.7,67467,67548,175.87
1717326000000,67548,67589.7,67504.2,67553,278.823
1717326900000,67553,67637.8,67537.6,67637.7,301.072
1717327800000,67637.8,67744.7,67617.4,67720.1,398.251
1717328700000,67720,68345,67720,68266,4514.768
1717329600000,68266.1,68332,68052.7,68155.9,1753.579
1717330500000,68156,68166.6,67923.7,68107.6,1344.949
1717331400000,68109.6,68166.7,68033,68082.4,567.261
1717332300000,68082.5,68126.4,67846.3,67951,711.111
1717333200000,67951,67988.9,67809.8,67960,806.39
1717334100000,67960,68111,67922.3,68087.4,599.766
1717335000000,68087.5,68112.9,67963,68084.2,368.546
1717335900000,68084.1,68246.5,68065.6,68180.4,553.451
1717336800000,68180.4,68195.8,68083.9,68148.4,476.008
1717337700000,68148.4,68441.1,68117.1,68371.5,1752.022
1717338600000,68371.6,68497,68210,68210,1328.877
1717339500000,68210.1,68276.5,68135,68276.4,477.824
1717340400000,68276.4,68317.7,68150,68150,487.784
1717341300000,68150.1,68184.5,68013.3,68082.9,625.041
1717342200000,68082.9,68144.8,68053.5,68106.3,197.724
1717343100000,68106.4,68182.6,68100.7,68164.7,313.408
1717344000000,68164.8,68221.6,68075.8,68100.8,419.192
1717344900000,68100.8,68100.8,67992,68073.2,411.17
1717345800000,68073.2,68143.4,68050.9,68050.9,246.951
1717346700000,68050.9,68137,68044,68124.5,145.297
1717347600000,68124.5,68129.3,68014.7,68050.1,268.3
1717348500000,68050.1,68056.3,67873.2,67954.9,694.5
1717349400000,67954.9,68065,67846.8,68022.9,543.248
1717350300000,68022.8,68065.1,67875,67891.7,267.641
1717351200000,67891.8,67891.8,67539.9,67690.2,2506.586
1717352100000,67690.2,67690.4,67470,67604.3,1062.436
1717353000000,67604.4,67774.8,67527.1,67774.7,693.056
1717353900000,67774.8,67774.8,67683.1,67723,217.926
1717354800000,67723,67771,67659,67667.8,228.703
1717355700000,67667.7,67670.6,67300.3,67593,1786.879
1717356600000,67593,67724.2,67552,67724.1,331.157
1717357500000,67724.1,67809.4,67700.4,67741,478.734
1717358400000,67741.1,67778.9,67639.6,67677.6,283.219
1717359300000,67677.6,67719.8,67577.6,67699.7,245.087
1717360200000,67699.6,67771.4,67695.3,67770.2,111.114
1717361100000,67770.2,67838.5,67745.7,67838.4,147.156
1717362000000,67838.5,67928.2,67792,67888.2,402.519
1717362900000,67888.3,67888.3,67771.9,67834.4,139.554
1717363800000,67834.4,67888.5,67756.6,67886.2,173.676
1717364700000,67886.3,67886.3,67772.9,67812.3,135.735
1717365600000,67812.2,67915.2,67810.1,67842.1,311.991
1717366500000,67842.2,67986.8,67842.2,67960.6,332.945
1717367400000,67960.7,68000,67900.8,67908.4,183.891
1717368300000,67908.3,67943.7,67853.2,67942.9,142.273
1717369200000,67943.7,67998.9,67873.1,67899.4,208.218
1717370100000,67899.4,67910,67862.3,67906.6,169.945
1717371000000,67906.6,67906.6,67852.3,67852.3,117.862
1717371900000,67852.4,67853,67766.8,67766.9,339.779
1717372800000,67766.9,67838.5,67659.6,67838.5,898.261
1717373700000,67838.4,67870,67671,67677.8,539.083
1717374600000,67677.9,67736.8,67618.4,67696.9,353.433
1717375500000,67696.8,67895.5,67673.4,67836.4,393.592
1717376400000,67836.5,68308,67825.4,68166,1992.026
1717377300000,68166,68423,68162,68242.7,1745.152
1717378200000,68242.7,68388.1,68189.2,68189.3,1117.71
1717379100000,68189.3,68610.6,68183.3,68499.9,1518.306
1717380000000,68500,68757.8,68499.9,68714.9,1692.699
1717380900000,68714.9,68829,68632,68644.6,1780.346
1717381800000,68644.6,68687.9,68451.3,68486.3,1122.093
1717382700000,68486.2,68546.9,68427.5,68440.6,521.439
1717383600000,68440.7,68482.5,68230.1,68312,1329.505
1717384500000,68312,68395.4,68280,68344.9,378.743
1717385400000,68344.9,68462.7,68344.9,68456.1,448.155
1717386300000,68456.1,68544,68348.1,68409.4,394.928
1717387200000,68409.4,68477,68330,68359.3,571.686
1717388100000,68359.4,68493.3,68313,68351.7,522.345
1717389000000,68351.8,68550.9,68342.4,68451.1,418.879
1717389900000,68451,68636.9,68422,68525.2,626.522
1717390800000,68525.1,68576,68463,68527.4,281.839
1717391700000,68527.3,68695.9,68527.3,68616.7,624.7
1717392600000,68616.8,68785,68616.8,68782.9,788.754
1717393500000,68783,68800,68634,68720.6,657.42
1717394400000,68720.5,68876,68634.5,68851.8,1149.988
1717395300000,68851.8,69121.2,68750,69119.9,1942.404
1717396200000,69119.9,69231.6,68969.9,69171.2,2534.888
1717397100000,69171.2,69215.7,69007,69060.2,1433.555
1717398000000,69060.2,69200.4,69016.9,69126.8,1445.119
1717398900000,69127.9,69154.7,68888,68903.9,1017.541
1717399800000,68903.9,68953.4,68822.7,68939.6,789.774
1717400700000,68939.7,68946.1,68861.2,68923.9,497.811
1717401600000,68923.9,69070.9,68922.6,69052.3,626.753
1717402500000,69052.3,69322.6,69052.2,69294.9,1495.894
1717403400000,69294.9,69351.5,69250,69303.5,1213.033
1717404300000,69303.5,69317.8,69155,69158,585.889
1717405200000,69158,69209.2,69055.5,69105,654.157
1717406100000,69105.1,69117.7,68930,69018.1,673.387
1717407000000,69018.2,69118.7,69018.1,69050.3,399.396
1717407900000,69050.3,69127.6,69002,69023,223.289
1717408800000,69023,69179.6,69022.9,69100.4,430.513
1717409700000,69100.3,69208.1,69100.3,69190.2,254.204
1717410600000,69190.2,69190.3,69122.5,69127.8,213.005
1717411500000,69127.9,69141.1,68895.1,68926.7,894.962
1717412400000,68926.7,69095.2,68865.1,69095,692.7
1717413300000,69095.1,69282.3,69066.7,69219.4,732.219
1717414200000,69219.4,69265,69045,69128.4,440.366
1717415100000,69128.4,69174.9,69016.7,69096.6,611.657
1717416000000,69096.6,69271,69096.6,69263.1,525.918
1717416900000,69263.1,69464.8,69216.4,69414.9,1748.478
1717417800000,69415,69818.6,69300,69668,3166.118
1717418700000,69667.9,69758.9,69498.8,69758.8,1345.417
1717419600000,69758.8,69775.9,69561.8,69571.2,828.744
1717420500000,69571.3,69707.7,69533.7,69696.1,679.032
1717421400000,69696,70000,69688.7,69988,2934.539
1717422300000,69987.9,70338.3,69794.6,69800.1,5187.4
1717423200000,69800.1,70090.9,69616.8,70060.2,2603.73
1717424100000,70059.1,70072.2,69694.2,69814.1,1432.318
1717425000000,69814,69831.9,69031.7,69200,5163.886
1717425900000,69199.9,69200,68512,68778.6,6714.486
1717426800000,68778.6,69321.3,68760.7,69153.8,3287.854
1717427700000,69153.7,69333,69059.7,69135.2,1357.843
1717428600000,69135.3,69340,69102.1,69235.1,776.289
1717429500000,69235.1,69630.5,69134.5,69622.4,1729.824
1717430400000,69622.5,69725.3,69333.2,69355.1,1795.78
1717431300000,69355,69447.2,69157.2,69246,1236.208
1717432200000,69246,69246,69030,69172,1310.557
1717433100000,69172,69293,68915,69094.8,984.622
1717434000000,69094.8,69096,68810.1,69090.5,1059.975
1717434900000,69090.9,69215.7,69039.7,69185.4,743.577
1717435800000,69185.4,69416.9,69185.4,69352.8,729.908
1717436700000,69352.9,69383.6,69224.3,69285.6,400.556
1717437600000,69286.1,69376.3,69173.4,69183.6,450.981
1717438500000,69183.7,69358.3,69183.6,69302.5,432.666
1717439400000,69302.5,69466.6,69302.5,69385.2,835.088
1717440300000,69385.3,69458.8,69264.5,69302.2,499.362
1717441200000,69302.2,69315.7,69112.1,69135.8,567.46
1717442100000,69135.8,69255.3,69100,69136.5,311.128
1717443000000,69136.5,69137.7,69040.5,69076.9,571.057
1717443900000,69076.9,69259.1,69068,69224,517.6
1717444800000,69228.1,69524,69178.5,69455.9,947.87
1717445700000,69455.8,69515.9,69416,69421.6,487.743
1717446600000,69421.6,69429.5,69264.2,69270.2,260.305
1717447500000,69270.2,69270.2,69107.5,69107.5,276.5
1717448400000,69107.5,69216,69040,69040.1,392.991
1717449300000,69040.1,69118.7,68924.4,69053.2,455.544
1717450200000,69053.1,69159,68977.5,69143.9,266.133
1717451100000,69143.9,69200.7,69050.3,69093.2,293.743
1717452000000,69093.1,69093.1,68810.5,68876.6,1110.185
1717452900000,68876.5,68980.3,68863.4,68971.9,231.577
1717453800000,68971.9,69157.9,68963.2,69065.3,482.739
1717454700000,69065.3,69099.9,69023.8,69045,132.563
1717455600000,69045,69067.5,68961.3,68961.3,226.676
1717456500000,68961.3,68981.8,68880,68881.1,256.37
1717457400000,68881.1,68918.8,68728.9,68750.1,671.437
1717458300000,68750.1,68856.4,68750,68805,363.347
1717459200000,68805,68908.8,68802.5,68854.7,443.598
1717460100000,68854.6,68943,68663,68792.8,1164.104
1717461000000,68792.9,69047.3,68772.2,69007.9,571.693
1717461900000,69007.8,69114.1,68988.8,69014.7,381.235
1717462800000,69014.7,69130,68911.8,69081.3,374.277
1717463700000,69081.4,69086.8,69002.2,69032,197.26
1717464600000,69032,69204.4,69012.1,69095.4,719.785
1717465500000,69095.4,69241.6,69072.4,69241.3,565.872
1717466400000,69241.3,69314.3,69190,69291.6,771.434
1717467300000,69291.7,69335,69231.2,69282.9,367.927
1717468200000,69282.9,69288.2,69096.4,69152,477.071
1717469100000,69152,69174.3,69116.1,69158.2,171.768
1717470000000,69158.1,69386,69130.8,69348.6,611.241
1717470900000,69348.6,69370,69192.5,69228.9,447.723
1717471800000,69228.8,69259,69177,69245.1,268.579
1717472700000,69245.1,69259,69155.7,69175,161.867
1717473600000,69175,69266,69104.3,69261.6,481.143
1717474500000,69261.7,69281.9,69182.8,69244.3,426.03
1717475400000,69244.4,69295.1,69180,69180,179.734
1717476300000,69180,69211.8,69060.6,69072.9,351.059
1717477200000,69072.9,69140.9,69003,69140.9,435.748
1717478100000,69140.9,69175,69100.5,69127.6,200.004
1717479000000,69127.6,69127.7,69004,69004,248.342
1717479900000,69004.1,69079.7,68926,68975.1,551.28
1717480800000,68975.1,68975.1,68770.4,68909.9,1710.277
1717481700000,68910,68972.3,68848.2,68971.2,510.5
1717482600000,68971.3,69057.8,68923.5,68923.6,976.182
1717483500000,68923.6,69025.9,68910,68920.1,442.607
1717484400000,68920,69064.8,68907,69064.8,387.09
1717485300000,69064.7,69068,68976,68998.9,294.656
1717486200000,68998.9,69014.1,68956.6,69001.1,426.013
1717487100000,69001.1,69086.9,68991,69009.2,468.79
1717488000000,69009.2,69207.1,68880,69116.6,793.076
1717488900000,69116.7,69164,69060,69118.4,388.363
1717489800000,69118.4,69119.3,69061.5,69100,125.119
1717490700000,69100.1,69100.1,68834.7,68845.4,815.758
1717491600000,68845.4,68900,68676,68783.9,1569.084
1717492500000,68783.6,68794.4,68620.3,68713.7,1054.286
1717493400000,68713.6,68804,68689.2,68731.1,460.806
1717494300000,68731,68773.5,68572.3,68733.8,943.175
1717495200000,68733.8,68838.4,68711.2,68836.3,548.611
1717496100000,68836.3,68900,68810,68810.1,411.852
1717497000000,68810,68955.8,68800,68951.5,775.17
1717497900000,68951.5,68975,68888,68902.7,261.326
1717498800000,68902.8,68979.9,68902.7,68902.7,308.947
1717499700000,68902.8,68948.8,68851.6,68947,427.2
1717500600000,68946.9,69050,68850,68907.9,892.721
1717501500000,68908.2,68975.4,68856,68973.2,290.366
1717502400000,68973.2,69073.7,68857,68974,627.007
1717503300000,68974,69099.9,68898.2,69059.5,464.378
1717504200000,69059.5,69167.8,69010.2,69084.1,768.732
1717505100000,69084.1,69087.2,68884.2,68960.1,509.908
1717506000000,68960.2,69290,68960.1,69252.4,1077.979
1717506900000,69252.1,69480,69231.1,69447.6,1958.116
1717507800000,69447.5,69580,69253,69564.3,2100.425
1717508700000,69564.3,69847.8,69514.1,69536.6,3684.256
1717509600000,69536.7,70000,69536.7,69827.2,3605.199
1717510500000,69827.3,70099.9,69715.4,69768.9,2712.622
1717511400000,69769,69866,69320.4,69549,3145.162
1717512300000,69549,69739.9,69438,69664.9,1013.296
1717513200000,69664.5,69935.6,69460.6,69833.3,1595.876
1717514100000,69833.3,70200,69767.2,69990.1,3554.716
1717515000000,69990,70189,69964.6,70150,1398.429
1717515900000,70150,70498.8,70121.3,70448.6,3256.493
1717516800000,70448.7,70650,70400,70526.9,3049.26
1717517700000,70526.9,70945.8,70513.1,70874.9,3644.222
1717518600000,70875,71000,70691.5,70951.5,2070.158
1717519500000,70951.4,71019.1,70662,70809.2,1734.35
1717520400000,70809.2,70847.7,70536,70688.2,1609.592
1717521300000,70688.2,70742.1,70482,70498.5,1005.584
1717522200000,70498.5,70550,70373.5,70425.7,1136.898
1717523100000,70425.8,70711.3,70421.7,70567.9,871.988
1717524000000,70567.9,70790,70567.9,70756.5,699.272
1717524900000,70756.5,71082.9,70756.5,70933.7,1861.541
1717525800000,70933.8,71017.4,70820.8,70871.5,738.157
1717526700000,70871.5,70922.3,70704,70708.2,664.667
1717527600000,70708.2,70740.6,70516,70571,978.081
1717528500000,70571,70658.6,70463.7,70480.2,475.926
1717529400000,70480.2,70508,70100,70338.3,2072.123
1717530300000,70338.3,70517.4,70222.2,70433.3,822.931
1717531200000,70433.2,70452.1,70193.4,70318.2,534.05
1717532100000,70318.3,70318.3,70171.2,70262.2,432.827
1717533000000,70262.2,70375.4,70219,70352.8,356.549
1717533900000,70352.9,70548.2,70323.7,70398,634.06
1717534800000,70398,70436,70332.2,70418.6,264.903
1717535700000,70418.6,70503.8,70364,70493.3,193.354
1717536600000,70493.4,70549.4,70435.2,70458.2,158.068
1717537500000,70458.3,70627.8,70458.3,70620,292.516
1717538400000,70619.9,70736.1,70520,70708.9,478.407
1717539300000,70708.8,70738,70629.2,70651.9,298.55
1717540200000,70651.9,70697.3,70520,70542.7,282.743
1717541100000,70542.7,70603.5,70501.6,70567.7,367
1717542000000,70567.8,70600,70516.7,70558.8,241.027
1717542900000,70558.9,70558.9,70401.3,70410.1,443.891
1717543800000,70410.1,70629.7,70410.1,70550.1,434.533
1717544700000,70550.1,70625.3,70535.8,70543.6,356.882
1717545600000,70543.6,70615.1,70487.8,70493.8,314.892
1717546500000,70493.8,70676,70435,70640.7,665.621
1717547400000,70640.7,70899.7,70562.8,70743.8,1039.345
1717548300000,70743.8,70922.3,70649.8,70790.7,1132.77
1717549200000,70790.7,70862.2,70678.2,70678.3,888.866
1717550100000,70678.3,71046,70657.4,71001.4,1033.576
1717551000000,71001.5,71360,70881,71021.6,2516.119
1717551900000,71021.4,71162,70931.1,70991.3,865.823
1717552800000,70991.3,71027.7,70656.4,70784.2,1460.232
1717553700000,70784.2,71014.3,70784.2,70997.5,599.806
1717554600000,70997.6,71181.6,70888.9,70980.5,873.893
1717555500000,70980.4,70980.4,70832.1,70860.5,570.848
1717556400000,70860.5,70951,70779.9,70845.9,649.131
1717557300000,70845.8,70897.4,70800,70875,331.846
1717558200000,70875.1,70921,70780,70829.5,804.302
1717559100000,70829.5,71000,70829.5,70960,487.762
1717560000000,70960,70980,70840.7,70971.7,485.191
1717560900000,70971.8,71053.7,70944.4,71043.8,1460.975
1717561800000,71043.7,71257.9,71020.2,71209.9,1179.334
1717562700000,71209.8,71251.5,71100.3,71179.5,1063.47
1717563600000,71179.6,71200,70900,70900,812.278
1717564500000,70900,71065,70893.8,71050.4,443.999
1717565400000,71050.4,71050.4,70900,70900.1,413.149
1717566300000,70900.1,71057.8,70900,71004.5,323.009
1717567200000,71003.9,71008.7,70840,70880,693.377
1717568100000,70880.1,71025.6,70854.4,70972.6,1002.02
1717569000000,70972.6,71111,70900,71098.8,1123.173
1717569900000,71098.9,71158.5,71000,71118.7,757.347
1717570800000,71118.6,71205.6,71070.1,71146.5,777.133
1717571700000,71146.5,71216.6,71066.8,71066.9,390.345
1717572600000,71066.9,71397.5,71025.9,71360.4,1462.096
1717573500000,71360.4,71398.7,71140,71205.7,1086.341
1717574400000,71205.8,71245.5,71051,71068.4,557.389
1717575300000,71068.4,71155,71044,71108,364.697
1717576200000,71108,71146.1,71012,71049.9,317.778
1717577100000,71049.9,71085.5,70896.5,70948.7,807.62
1717578000000,70948.6,71013.3,70880,70928.2,540.392
1717578900000,70928.1,71053.8,70922,71017.1,373.985
1717579800000,71017.1,71044.5,70843.5,70868,529.394
1717580700000,70867.9,70943.1,70832.3,70920.4,579.111
1717581600000,70920.5,70942.8,70813.3,70856.2,315.131
1717582500000,70856.2,70884.5,70738.3,70798.7,603.676
1717583400000,70798.6,70879.6,70737.5,70802.7,371.31
1717584300000,70802.6,70931.9,70772.7,70817.1,409.008
1717585200000,70817.2,70888.7,70720,70888.7,579.29
1717586100000,70888.9,71029.6,70853.4,70920.5,623.375
1717587000000,70920.5,71013.2,70865.7,70994.4,291.472
1717587900000,70994.3,71114,70941.3,70981.7,879.552
1717588800000,70981.7,70985.8,70848.8,70866.4,716.804
1717589700000,70866.5,71050.2,70651,70779.5,1670.474
1717590600000,70779.5,71058.2,70668.9,71044.4,877.312
1717591500000,71044.5,71147.5,70920.5,70960.1,1254.871
1717592400000,70960,71111.1,70908.7,71029.9,703.997
1717593300000,71030,71190,71013.7,71133.6,660.954
1717594200000,71133.6,71133.6,70701.7,70850,1633.038
1717595100000,70849.9,70857.2,70610,70741.5,1548.594
1717596000000,70741.4,70773.3,70437.8,70466.3,2565.805
1717596900000,70466.3,70799.5,70403,70754,2103.015
1717597800000,70754,71060.3,70720,70911.1,2140.483
1717598700000,70911,71083,70833.4,70879.6,1296.891
1717599600000,70879.6,71000,70775.8,70910,698.766
1717600500000,70909.9,71599,70909.9,71563,4923.088
1717601400000,71562.9,71764.7,71434.5,71560.1,2914.038
1717602300000,71560,71674.8,71360.1,71574.5,1830.62
1717603200000,71574.6,71777,71420.5,71651.8,1761.04
1717604100000,71651.8,71720.8,71552.2,71665.7,1185.289
1717605000000,71664.1,71711.2,71470.4,71529.4,905.982
1717605900000,71529.4,71546.8,71260.8,71322.2,1534.729
1717606800000,71322.1,71564.2,71240,71547.5,1297.028
1717607700000,71547.5,71600,71385,71445.6,680.443
1717608600000,71445.7,71579.1,71423,71507.1,573.684
1717609500000,71505.1,71740.1,71467.5,71638.8,773.97
1717610400000,71638.7,71750,71311.8,71334.8,1613.361
1717611300000,71334.9,71397.1,71061.5,71150,2197.573
1717612200000,71150.1,71229.7,71012,71067.1,743.647
1717613100000,71064.9,71156,70902,71091,1271.466
1717614000000,71091.1,71174.9,70865.8,70935.2,1087.623
1717614900000,70935.1,71025,70892.6,70940.8,504.294
1717615800000,70940.8,71166.1,70904.4,71163.2,458.268
1717616700000,71163.2,71407.3,71132.8,71284.4,1252.951
1717617600000,71284.4,71359.1,71151.3,71226.2,469.344
1717618500000,71226.1,71345.4,71189.6,71259.4,206.563
1717619400000,71259.4,71259.4,71190.1,71224.6,161.738
1717620300000,71224.7,71260,71176,71201.1,173.38
1717621200000,71201,71215.2,71105.6,71141.2,169.684
1717622100000,71141.1,71156.7,71045.6,71053.8,219.128
1717623000000,71053.8,71207.2,71039,71134.3,145.104
1717623900000,71134.4,71150.8,71075.5,71150.8,109.932
1717624800000,71150.7,71278,71112.1,71199.2,278.274
1717625700000,71199.1,71217.7,71087,71141.6,121.117
1717626600000,71141.5,71256.7,71114.1,71256.6,153.218
1717627500000,71256.6,71286.8,71134.1,71150.3,126.731
1717628400000,71150.4,71298.8,71130.8,71279.3,192.531
1717629300000,71279.3,71279.4,70600,70855,1932.021
1717630200000,70855.1,71109.2,70791.2,71081.4,1015.167
1717631100000,71081.4,71192.2,71018,71115,355.551
1717632000000,71115,71194.9,71092.4,71186.8,304.908
1717632900000,71186.9,71189.7,71112.2,71164.7,269.513
1717633800000,71164.8,71200,71014.3,71040.6,404.124
1717634700000,71040.5,71062.2,70966,71027,389.643
1717635600000,71027.1,71044.8,70900,70964.5,599.573
1717636500000,70964.5,71158.2,70943.9,71107.8,373.327
1717637400000,71107.9,71196.9,71099.8,71153.8,413.532
1717638300000,71150,71190,71083.1,71130.5,179.874
1717639200000,71134.2,71229.3,71103.6,71208,317.639
1717640100000,71208,71257.4,71166.3,71221.3,249.295
1717641000000,71221.4,71246,71135.4,71169.8,369.286
1717641900000,71169.8,71199,71130.3,71172.5,235.838
1717642800000,71172.5,71192.6,71140.7,71160.1,109.306
1717643700000,71160.1,71193.4,71151.1,71167.6,92.133
1717644600000,71167.7,71179.9,71046.9,71115,354.845
1717645500000,71115.1,71115.1,71013.5,71048.3,354.542
1717646400000,71048.4,71063.8,70950,70954.6,407.415
1717647300000,70954.6,71008.8,70915.7,70961.7,384.01
1717648200000,70961.6,71085.4,70943,71069,301.641
1717649100000,71066,71123.5,71038.9,71070,267.032
1717650000000,71070.1,71102.5,70900,70900,322.164
1717650900000,70900.1,70950.1,70830.9,70850,605.965
1717651800000,70850,70945.8,70836.5,70900.1,429.932
1717652700000,70900,70964.7,70820.7,70916.2,507.056
1717653600000,70916.3,71050,70900,70996.3,400.525
1717654500000,70996.3,71033,70916.8,70969.6,467.354
1717655400000,70969.6,70969.6,70804.8,70862.7,478.022
1717656300000,70862.7,70945.8,70825.2,70903,393.442
1717657200000,70903.9,70979.2,70865.4,70932.1,288.803
1717658100000,70932,70994.5,70890.2,70895.2,433.913
1717659000000,70896,71002.2,70884.1,70960.9,339.502
1717659900000,70960.8,71090,70916.1,71034.9,572.016
1717660800000,71034.8,71056,70884.7,70884.8,372.244
1717661700000,70884.7,71008.8,70880,70996.6,272.291
1717662600000,70996.6,70996.6,70885.7,70910,183.869
1717663500000,70909.9,70962.7,70848.1,70910.9,656.298
1717664400000,70911,71166.8,70911,71090.6,838.551
1717665300000,71090.7,71090.7,70952.6,71010.6,342.334
1717666200000,71010.7,71013.2,70946,70967.4,210.239
1717667100000,70968.4,70993,70918.2,70993,139.62
1717668000000,70993,71018.2,70906.7,70913,304.513
1717668900000,70913.1,71020,70913,70953.6,211.361
1717669800000,70953.6,71009.9,70904,70943.3,327.406
1717670700000,70943.2,71019.8,70918.2,71009.9,227.408
1717671600000,71009.9,71115,70975.5,70975.5,509.632
1717672500000,70975.5,71074,70938.1,71018.9,255.058
1717673400000,71018.9,71178,71012.4,71137.9,506.139
1717674300000,71138,71199.9,71051.2,71177.8,468.581
1717675200000,71177.9,71255,71121.5,71177.3,662.717
1717676100000,71177.4,71413,71165.2,71371.4,1424.37
1717677000000,71371.4,71463.1,71115.6,71211.7,2113.621
1717677900000,71211.7,71221.2,71063.1,71197.4,768.368
1717678800000,71197.3,71275,71001.1,71123.7,1025.315
1717679700000,71123.6,71200,71022,71181.1,556.181
1717680600000,71181,71577.5,71090.1,71510.8,2019.392
1717681500000,71510.9,71520,71120.4,71120.4,1928.466
1717682400000,71120.5,71244,71021.1,71194.8,1206.028
1717683300000,71194.8,71235.3,71047.5,71204,910.396
1717684200000,71203.9,71382.4,71192.6,71382.4,778.175
1717685100000,71382.3,71526.4,71292.5,71471,2004.432
1717686000000,71471.1,71503.8,71335,71397.8,731.403
1717686900000,71397.8,71666,71390.5,71594.3,1072.396
1717687800000,71594.4,71639.4,71411.6,71466,1065.13
1717688700000,71466.1,71471.9,71250,71300,919.784
1717689600000,71299.9,71380,71110,71140.9,1217.326
1717690500000,71140.9,71180,71050.1,71058.1,1267.174
1717691400000,71058,71058,70821.5,70919.7,2158.527
1717692300000,70919.7,71077,70877.4,70949,1374.037
1717693200000,70949,71041.7,70788,71003.3,1817.972
1717694100000,71003.4,71225.6,70960.8,71180.3,1070.509
1717695000000,71180.2,71213.9,71080,71085.1,339.771
1717695900000,71085,71123.8,70972.4,71116.8,821.605
1717696800000,71116.7,71176,70858.3,70926.7,587.657
1717697700000,70926.8,71041.7,70898,71041.7,214.868
1717698600000,71041.7,71100,70971.9,71062.6,318.612
1717699500000,71062.7,71147.6,71062.7,71088,244.518
1717700400000,71087.9,71094.8,70902.8,70904.9,286.464
1717701300000,70904.8,70995,70890,70953.9,286.342
1717702200000,70953.9,70953.9,70580,70737.1,1983.44
1717703100000,70737.1,70768.6,70458.2,70490.2,1956.931
1717704000000,70490.2,70527,70117.4,70429.3,3342.632
1717704900000,70429.2,70666,70429.2,70593.6,685.072
1717705800000,70593.6,70720,70593.6,70624,430.56
1717706700000,70624,70750,70620,70731.5,480.317
1717707600000,70731.5,70789.6,70666.7,70748,360.873
1717708500000,70748,70860,70687.3,70692,589.877
1717709400000,70692,70839.7,70692,70755.9,171.774
1717710300000,70756,70791.1,70726.1,70740.9,166.358
1717711200000,70740.9,70817,70730.5,70794.4,311.083
1717712100000,70794.4,70794.5,70650.8,70745,343.788
1717713000000,70745,70848.4,70744.9,70819.5,328.349
1717713900000,70819.5,70890,70766.9,70889.9,471.367
1717714800000,70889.9,70947.7,70839.7,70870.1,401.935
1717715700000,70870,70887.5,70747.3,70803.9,243.011
1717716600000,70803.8,70836,70760.1,70830.9,200.157
1717717500000,70830.9,70849,70759.3,70795.9,520.087
1717718400000,70795.9,70823.9,70735.2,70768,213.123
1717719300000,70768,70878.5,70757.8,70838.8,273.642
1717720200000,70838.8,70887,70830.1,70830.1,211.556
1717721100000,70830.1,70890.8,70830,70889.9,257.412
1717722000000,70889.9,70895.2,70799.9,70833.3,428.793
1717722900000,70833.3,70838.5,70712,70760.1,406.749
1717723800000,70760.1,70802.5,70666.2,70802.5,479.711
1717724700000,70802.5,70920.2,70802.5,70850,655.189
1717725600000,70850,70885,70791,70791,276.795
1717726500000,70791.1,70816.4,70766.8,70768.1,330.431
1717727400000,70768.1,70790.6,70677.7,70728.8,385.837
1717728300000,70728.7,70835,70712.1,70834.9,246.427
1717729200000,70834.9,70878.8,70752.2,70823.1,281.728
1717730100000,70823.1,71000,70790.8,70999.9,685.125
1717731000000,71000,71044.5,70910.8,70947.2,744.095
1717731900000,70947.1,71018,70947.1,70999.9,271.517
1717732800000,70999.9,71228.5,70999.9,71198.1,1781.045
1717733700000,71198.1,71252.3,71058.6,71180,922.597
1717734600000,71180,71233.1,71133,71133,499.826
1717735500000,71133,71278.9,71129.5,71227.7,609.495
1717736400000,71227.6,71290.8,71168,71211.9,662.021
1717737300000,71211.7,71375.6,71205.2,71327.1,919.862
1717738200000,71327.1,71389.8,71276.3,71382.1,467.592
1717739100000,71382,71480.1,71300,71312.4,1404.966
1717740000000,71312.4,71371.8,71241.5,71241.5,447.363
1717740900000,71241.5,71275.3,71235,71258.6,282.265
1717741800000,71258.7,71346.5,71201.1,71217.3,391.424
1717742700000,71217.2,71333.4,71178.2,71287.1,329.915
1717743600000,71287.1,71287.1,71183.3,71219.1,320.295
1717744500000,71219.1,71324.9,71192.6,71286.1,342.534
1717745400000,71286.1,71288,71112,71130.1,595.537
1717746300000,71130,71146,71074.3,71118.4,529.497
1717747200000,71118.4,71151.4,71063.7,71106.4,420.471
1717748100000,71106.4,71214.3,71089,71185.4,394.522
1717749000000,71185.5,71185.5,71099.5,71139.5,380.45
1717749900000,71139.5,71152.6,71104.8,71129.6,153.599
1717750800000,71132.6,71136.4,71070,71128.7,253.939
1717751700000,71128.6,71231.6,71111.9,71224.4,332.548
1717752600000,71224.4,71252,71153.5,71218.9,394.332
1717753500000,71218.9,71324.8,71183.2,71304.5,517.342
1717754400000,71304.5,71379,71282,71364.6,659.499
1717755300000,71364.5,71370.1,71252.9,71260,405.362
1717756200000,71260,71346.8,71200,71331.6,439.873
1717757100000,71331.5,71437.6,71301.2,71373,502.414
1717758000000,71373,71410,71325.1,71344.7,455.352
1717758900000,71344.7,71415,71300,71399.9,518.046
1717759800000,71400,71622,71400,71533.4,2160.159
1717760700000,71533.4,71726.1,71533.4,71720,1767.329
1717761600000,71720,71958,71715.6,71886.4,3558.585
1717762500000,71886.4,71985,71620,71932.9,2416.197
1717763400000,71932.9,72021.7,70630,71024.3,14809.242
1717764300000,71024.4,71332,70833.3,71221.1,4064.105
1717765200000,71221.7,71278.4,71050,71188.1,1264.794
1717766100000,71188.1,71424.5,71079.2,71376.2,1530.765
1717767000000,71376.2,71555,71200,71547.8,1624.253
1717767900000,71547.8,71665,71435.2,71539.6,2048.95
1717768800000,71539.6,71550,71316,71385.3,1223.46
1717769700000,71385.2,71385.2,71180.6,71349.9,1120.233
1717770600000,71349.9,71491.4,71259.3,71426.5,849.931
1717771500000,71426.5,71559,71382.6,71427,915.223
1717772400000,71426.8,71426.8,71259.2,71333,703.141
1717773300000,71334.3,71345.3,70976,71099,2045.612
1717774200000,71099,71140,70904.1,70954.3,1358.089
1717775100000,70954.3,71154.2,70850.1,71117.2,1470.012
1717776000000,71117.2,71131,70953.9,71105.1,954.784
1717776900000,71105.1,71225,71105.1,71195.2,980.052
1717777800000,71195.1,71222,71003,71056.7,387.814
1717778700000,71056.7,71056.8,70800,70888.1,1402.419
1717779600000,70888.2,70888.9,70643.5,70681,1708.81
1717780500000,70681.1,70681.1,70350.9,70446.6,3000.672
1717781400000,70446.5,70528,70249.8,70270.8,2124.172
1717782300000,70270.8,70402.8,69793.4,69799.4,4470.195
1717783200000,69799.4,69891.9,68300,68624.8,18578.298
1717784100000,68624.9,69376.7,68476.6,69031.3,7507.73
1717785000000,69031.3,69243.3,68863.7,69213.9,2586.644
1717785900000,69213.8,69306.6,69024.6,69148,2018.981
1717786800000,69148,69148.1,68880.9,69080,1893.047
1717787700000,69082.8,69195.5,68778,69190.2,1381.951
1717788600000,69190.2,69449.9,69152.5,69445,1695.594
1717789500000,69445,69445.1,69231.3,69255.8,1290.628
1717790400000,69255.8,69267.8,69003.7,69100.1,1179.091
1717791300000,69100.1,69188.7,68974.4,69072.6,1449.333
1717792200000,69072.6,69200,69004,69200,425.884
1717793100000,69200,69318.2,69150,69305.5,566.648
1717794000000,69305.4,69364.2,69202.3,69364.2,505.62
1717794900000,69364.1,69382.1,69244.6,69366,262.665
1717795800000,69366.1,69366.1,69235.4,69290.9,192.272
1717796700000,69291,69291,69207.3,69237,345.22
1717797600000,69237,69315.5,69180.7,69315.5,378.123
1717798500000,69315.5,69376.5,69288.1,69350,210.756
1717799400000,69349.9,69395.4,69331.1,69353,304.767
1717800300000,69353,69528,69353,69497.4,706.146
1717801200000,69497.3,69497.3,69362.8,69387.5,284.21
1717802100000,69387.5,69426.4,69315.3,69325.2,280.931
1717803000000,69325.2,69377.9,69320,69354.4,138.655
1717803900000,69354.4,69387,69329.3,69350.1,149.801
1717804800000,69350,69350.1,69292.7,69345.4,312.131
1717805700000,69345.5,69460.5,69339.8,69460.5,291.989
1717806600000,69460.5,69483.8,69392.2,69472.2,270.21
1717807500000,69472.1,69483.8,69384.9,69400.1,192.729
1717808400000,69400.1,69440,69340.6,69340.7,237.85
1717809300000,69340.6,69399.8,69300,69385.5,383.569
1717810200000,69386.1,69479.9,69379.2,69443.1,434.553
1717811100000,69443.1,69485.4,69439.6,69477.2,248.631
1717812000000,69477.1,69477.2,69418.6,69434.2,142.31
1717812900000,69434.2,69453,69390,69401.2,215.003
1717813800000,69401.3,69450,69401.2,69446.9,94.401
1717814700000,69446.8,69448.3,69423.8,69440.5,118.239
1717815600000,69440.4,69486,69434.1,69485.9,165.62
1717816500000,69486,69509.6,69459.9,69509.6,243.993
1717817400000,69509.5,69541,69500,69524.6,422.081
1717818300000,69524.6,69524.7,69396,69423.3,609.207
1717819200000,69423.3,69466.2,69402.8,69423.6,241.901
1717820100000,69423.6,69430.9,69352,69369.9,316.419
1717821000000,69370,69381.5,69321.4,69360.1,275.048
1717821900000,69360,69363.6,69280,69325.2,302.052
1717822800000,69325.1,69325.1,69232.9,69285.1,678.14
1717823700000,69285,69333.6,69263.5,69321.9,227.058
1717824600000,69322.1,69356.5,69264,69281.1,380.417
1717825500000,69281.2,69337,69268.3,69326,173.139
1717826400000,69325.9,69353.4,69302.2,69349.8,222.518
1717827300000,69349.8,69423.2,69330,69416.9,282.803
1717828200000,69416.9,69435.5,69377.4,69382.5,206.191
1717829100000,69382.5,69400,69325.7,69347.6,173.984
1717830000000,69347.5,69403.1,69345.2,69403.1,133.191
1717830900000,69403.1,69507.8,69403.1,69500.4,607.928
1717831800000,69500.4,69565,69440.6,69564.2,771.157
1717832700000,69564.2,69577.9,69509.7,69577.9,427.928
1717833600000,69577.8,69577.9,69446.8,69461.3,443.585
1717834500000,69461.4,69461.4,69409.9,69427.7,237.249
1717835400000,69427.7,69437.6,69386.6,69387,260.554
1717836300000,69386.7,69463.2,69372.2,69430.8,216.076
1717837200000,69430.9,69456,69374.4,69447.1,213.713
1717838100000,69447.1,69467.5,69412.9,69442,328.538
1717839000000,69442,69465.6,69409.9,69465.5,146.549
1717839900000,69465.5,69496.8,69424.7,69442.1,148.961
1717840800000,69442.2,69466.4,69378.8,69427.6,192.126
1717841700000,69427.6,69427.6,69359,69362.6,239.329
1717842600000,69362.7,69430.2,69362.6,69407.1,209.196
1717843500000,69407.1,69500,69407,69461,178.211
1717844400000,69461,69524.1,69458,69488.9,325.693
1717845300000,69488.9,69513.1,69448.2,69498,207.76
1717846200000,69498,69498.1,69375,69375,303.916
1717847100000,69375,69412.3,69310,69374.7,722.323
1717848000000,69374.7,69416.9,69266,69387,740.629
1717848900000,69387,69444.8,69330,69353.7,337.708
1717849800000,69353.7,69382.5,69291,69301.9,348.261
1717850700000,69301.9,69386.5,69299.8,69354.8,173.22
1717851600000,69354.9,69368,69260,69282.3,434.156
1717852500000,69282.3,69317.6,69219.4,69236.1,622.767
1717853400000,69236.1,69374,69160.8,69362.4,770.743
1717854300000,69362.4,69432.8,69312.3,69424.6,423.169
1717855200000,69424.7,69424.7,69354.8,69400.1,320.569
1717856100000,69400.1,69400.1,69308.1,69331.9,247.994
1717857000000,69331.8,69407.7,69325.9,69400,191.199
1717857900000,69399.9,69476.8,69386.3,69467.6,448.12
1717858800000,69467.6,69500,69419.7,69476.4,371.459
1717859700000,69476.3,69499,69429,69457.8,218.95
1717860600000,69457.8,69486.6,69451.9,69461.9,176.195
1717861500000,69462,69464.9,69418.8,69423.5,174.197
1717862400000,69423.6,69484.4,69389,69391,432.89
1717863300000,69391,69468.6,69289.2,69342.1,1513.924
1717864200000,69342,69411.8,69325.4,69396.4,255.945
1717865100000,69396.5,69403.5,69347.3,69389.5,236.489
1717866000000,69389.5,69450,69376.5,69450,213.887
1717866900000,69450,69476,69410.4,69410.5,211.264
1717867800000,69410.4,69477.5,69344.4,69471.1,214.238
1717868700000,69471.1,69480,69415.3,69454.6,142.273
1717869600000,69454.5,69492.3,69437.5,69492.3,173.307
1717870500000,69492.2,69492.3,69432,69482.7,233.667
1717871400000,69482.8,69488.9,69441.1,69450.9,99.754
1717872300000,69450.8,69476.9,69434.2,69454.5,93.47
1717873200000,69454.4,69492.2,69454.4,69474.7,131.618
1717874100000,69474.7,69491.7,69464.9,69476.2,55.304
1717875000000,69476.2,69476.3,69417.5,69457.1,143.072
1717875900000,69457.2,69481.7,69442.4,69455,63.96
1717876800000,69454.9,69465.4,69436.9,69452,112.361
1717877700000,69452,69479,69392.1,69392.2,260.885
1717878600000,69392.1,69392.2,69306,69367.5,232.623
1717879500000,69367.5,69376.2,69351.8,69366.5,78.283
1717880400000,69366.5,69375.6,69318,69375.6,168.656
1717881300000,69375.5,69410.2,69353.8,69405.7,85.569
1717882200000,69405.8,69405.8,69377.7,69383.1,57.289
1717883100000,69383.1,69435.2,69381.9,69396.6,131.844
1717884000000,69396.6,69403,69370.2,69381.1,112.487
1717884900000,69381.1,69381.1,69265,69289.9,223.462
1717885800000,69289.9,69331.3,69287.4,69331.2,99.369
1717886700000,69331.2,69340.5,69299.9,69339.6,97.04
1717887600000,69339.5,69339.6,69303,69316.3,182.48
1717888500000,69316.3,69326.7,69286.7,69307,99.848
1717889400000,69306.9,69347.3,69298,69347.3,90.366
1717890300000,69347.3,69347.3,69309,69309.3,65.679
1717891200000,69309.3,69314,69287.1,69314,136.537
1717892100000,69314,69320,69273.9,69274,146.172
1717893000000,69273.9,69330.7,69241.8,69319.1,279.164
1717893900000,69319,69319,69276,69280,109.47
1717894800000,69280.3,69282,69228,69256,184.43
1717895700000,69255.9,69302.1,69241.6,69302,148.64
1717896600000,69302,69359.8,69287.7,69313.6,172.349
1717897500000,69313.6,69313.7,69280.9,69283.8,152.879
1717898400000,69283.9,69312.6,69259.4,69259.6,151.852
1717899300000,69259.6,69268,69220.4,69232.7,283.54
1717900200000,69232.6,69232.7,69166,69194.3,436.893
1717901100000,69194.3,69274.9,69168.6,69179.1,312.751
1717902000000,69179.1,69224.8,69179.1,69201.9,146.971
1717902900000,69201.9,69232,69128.5,69211.4,371.074
1717903800000,69211.3,69262.1,69192.9,69262,197.841
1717904700000,69262.1,69315.3,69262,69275.1,277.484
1717905600000,69275.1,69277.4,69260,69277.4,132.188
1717906500000,69277.4,69320.4,69277.3,69311.6,124.195
1717907400000,69311.6,69311.6,69281.6,69304,94.238
1717908300000,69304.1,69315,69280.6,69315,114.04
1717909200000,69314.9,69315,69237.3,69250.1,122.645
1717910100000,69250.1,69313.1,69246.6,69299.1,114.901
1717911000000,69299,69340,69299,69339.9,103.007
1717911900000,69340,69375,69288,69288.1,179.535
1717912800000,69288.1,69355.8,69275,69355.8,279.261
1717913700000,69355.7,69377.4,69328.1,69370.6,216.973
1717914600000,69370.6,69370.6,69326.1,69352.9,125.84
1717915500000,69352.8,69410.3,69341.8,69389.4,217.227
1717916400000,69389.3,69440.6,69357.6,69365.3,236.498
1717917300000,69365.3,69395,69362.3,69369.3,103.099
1717918200000,69369.3,69394,69354.7,69359.2,126.855
1717919100000,69359.2,69369.6,69292.7,69301.5,226.003
1717920000000,69301.5,69350.8,69279,69341.3,158.863
1717920900000,69341.3,69341.3,69310.2,69310.5,55.826
1717921800000,69310.5,69336.7,69310.5,69331.1,63.731
1717922700000,69331.2,69369.3,69331.1,69357.6,64.973
1717923600000,69357.6,69357.9,69343.3,69357.8,87.94
1717924500000,69357.9,69368.1,69353.1,69356.5,87.657
1717925400000,69356.6,69371.7,69333.9,69356.8,115.6
1717926300000,69356.9,69406.7,69355.4,69368.3,162.327
1717927200000,69368.2,69382,69339.2,69351.9,124.834
1717928100000,69352,69352,69320.5,69342.5,87.691
1717929000000,69342.5,69342.5,69326.1,69341.4,60.809
1717929900000,69341.4,69363.2,69335,69351.3,111.069
1717930800000,69351.3,69380.9,69331.7,69331.7,205.207
1717931700000,69331.8,69358.6,69331.7,69358.6,39.704
1717932600000,69358.6,69406.3,69345.3,69403.3,156.081
1717933500000,69403.3,69403.4,69371.1,69379.4,89.969
1717934400000,69379.5,69391.2,69366,69375,114.184
1717935300000,69375.1,69401.3,69364.2,69364.2,86.407
1717936200000,69364.3,69540,69361.4,69539,1135.835
1717937100000,69539,69772.3,69532.9,69700,2183.766
1717938000000,69700.1,69784.9,69607.4,69644,1000.517
1717938900000,69643.9,69643.9,69380,69492.6,1428.034
1717939800000,69492.5,69492.6,69248.8,69396.3,1253.014
1717940700000,69396.3,69473.9,69381.5,69457.4,411.78
1717941600000,69457.3,69548,69430.5,69467.9,421.22
1717942500000,69467.8,69564.4,69300,69320.1,690.416
1717943400000,69320,69460,69258,69460,456.973
1717944300000,69460,69490.8,69418.4,69485.6,265.47
1717945200000,69485.7,69574.8,69447,69535,565.343
1717946100000,69535.1,69580,69430,69477.2,411.32
1717947000000,69477.2,69566.5,69477.1,69524.2,264.533
1717947900000,69524.2,69568,69487.2,69508.5,272.011
1717948800000,69508.4,69588,69495.4,69570.1,277.816
1717949700000,69570,69626.3,69544.6,69569.3,300.405
1717950600000,69569.4,69634,69563.8,69581.4,255.276
1717951500000,69581.3,69618.9,69546.2,69618.8,133.628
1717952400000,69618.8,69698.9,69588.4,69680.8,305.34
1717953300000,69680.8,69684.6,69579.1,69584.5,210.058
1717954200000,69584.6,69630.3,69567.6,69603.7,142.15
1717955100000,69603.7,69660.9,69603.6,69648.1,131.972
1717956000000,69648.2,69766,69597.4,69756.8,537.481
1717956900000,69756.8,69850,69720.7,69772.6,687.188
1717957800000,69772.6,69800,69694.4,69694.4,213.622
1717958700000,69694.4,69744.6,69667.8,69735.9,173.255
1717959600000,69735.9,69825,69716.2,69795.4,359.265
1717960500000,69795.5,69843,69768,69834.1,287.522
1717961400000,69834.1,69840,69660,69688,408.394
1717962300000,69688,69731.7,69650,69707.6,198.327
1717963200000,69707.6,69728.5,69646.5,69674.8,287.151
1717964100000,69675,69691.8,69627,69670.4,150.767
1717965000000,69670.3,69670.4,69581.9,69623.7,201.542
1717965900000,69623.6,69702.1,69591,69680.3,90.338
1717966800000,69680.2,69743,69672,69707.1,144.207
1717967700000,69707.2,69727.1,69700,69715.6,58.318
1717968600000,69715.5,69738.9,69609.2,69685.9,93.542
1717969500000,69685.9,69820,69678.8,69739.3,254.916
1717970400000,69739.3,69788.2,69675.9,69706.3,320.483
1717971300000,69703.7,69741.6,69629.1,69629.2,127.022
1717972200000,69629.2,69678,69629.1,69650.4,86.63
1717973100000,69650.3,69656.7,69611.1,69629.9,111.784
1717974000000,69629.9,69648.8,69600.1,69600.2,171.696
1717974900000,69600.1,69664.8,69592.5,69651.3,104.408
1717975800000,69651.3,69689.8,69633.8,69639.1,141.352
1717976700000,69639,69654.8,69625.1,69641.2,64.945
1717977600000,69641.1,69654.8,69522,69522.6,304.345
1717978500000,69522.6,69541.3,69474.2,69490,377.388
1717979400000,69490,69522.8,69476.6,69484.4,228.938
1717980300000,69484.5,69563.5,69410,69563.5,413.461
1717981200000,69563.4,69600,69512.5,69570.9,213.897
1717982100000,69570.9,69604.3,69539,69575.1,114.651
1717983000000,69575,69667,69556.4,69662.5,271.734
1717983900000,69662.5,69674.3,69615,69615,135.868
1717984800000,69615,69683.5,69598.8,69683.5,147.22
1717985700000,69683.5,69784.4,69683.5,69758.4,416.587
1717986600000,69758.4,69798.7,69727,69762.2,336.913
1717987500000,69762.3,69775.8,69670.9,69704.9,407.43
1717988400000,69704.9,69710.7,69661.6,69705.7,179.819
1717989300000,69705.8,69766.8,69690.2,69736.7,176.239
1717990200000,69736.7,69736.9,69683.2,69688.6,151.589
1717991100000,69688.6,69688.6,69566,69609.9,327.745
1717992000000,69609.9,69640,69553.8,69563.9,305.574
1717992900000,69564,69634.2,69504,69627.2,428.741
1717993800000,69627.2,69687.7,69627.1,69652.5,260.976
1717994700000,69652.6,69680,69631.7,69673.4,107.317
1717995600000,69673.3,69673.4,69610.1,69618.7,157.779
1717996500000,69618.7,69618.7,69550,69550.1,139.523
1717997400000,69550,69598.8,69543,69579.2,178.583
1717998300000,69579.3,69579.3,69527.6,69568.4,312.243
1717999200000,69568.5,69573.4,69482.4,69570.1,306.741
1718000100000,69570.2,69611.1,69517.4,69562.3,206.079
1718001000000,69562.3,69582.8,69452,69496,463.775
1718001900000,69495.9,69495.9,69310,69434.4,1098.182
1718002800000,69434.4,69450,69330,69417.7,619.076
1718003700000,69417.8,69519.9,69417.7,69467.3,348.98
1718004600000,69467.3,69478,69341.1,69390.9,574.315
1718005500000,69390.8,69390.9,69256.7,69313.9,794.184
1718006400000,69313.9,69468.4,69298.4,69433.5,712.106
1718007300000,69433.5,69496.6,69432.8,69477.1,407.667
1718008200000,69477,69500,69468.1,69498,262.219
1718009100000,69498,69498,69405.6,69405.7,344.227
1718010000000,69405.6,69455.2,69336.5,69421.2,312.168
1718010900000,69421.1,69433.7,69270.7,69298.7,649.142
1718011800000,69298.7,69393.7,69133,69383.3,1238.636
1718012700000,69383.4,69479.8,69383.3,69451.1,565.914
1718013600000,69451.1,69484.4,69373.4,69426.1,206.852
1718014500000,69426,69492.4,69362,69365.8,293.466
1718015400000,69365.7,69415.5,69362,69386.9,198.332
1718016300000,69386.8,69446.4,69386.8,69446.3,127.218
1718017200000,69446.3,69446.4,69363.6,69378,169.33
1718018100000,69378.1,69417.3,69371.7,69375.3,113.724
1718019000000,69375.2,69571.5,69332.8,69534.5,949.461
1718019900000,69534.5,69563.5,69441.8,69483.8,329.375
1718020800000,69483.9,69497.2,69357.6,69376.7,282.312
1718021700000,69376.6,69528.9,69373,69528.9,326.309
1718022600000,69528.9,69528.9,69400,69413.9,183.857
1718023500000,69413.9,69474.9,69324.5,69374.3,328.759
1718024400000,69374.2,69408.8,69277,69303.4,863.484
1718025300000,69303.3,69348.4,69265.1,69328.3,373.376
1718026200000,69328.2,69533.4,69220.3,69480.7,1431.774
1718027100000,69480.7,69501.4,69290.4,69423.5,711.624
1718028000000,69423.4,69477.1,69305.8,69352.4,520.985
1718028900000,69352.4,69464.5,69326.2,69464.5,236.436
1718029800000,69464.5,69676,69415,69597.5,1514.844
1718030700000,69597.6,69676,69537.9,69676,506.468
1718031600000,69675.9,69796.6,69612,69740.3,1229.249
1718032500000,69740.4,69997.9,69740.3,69881.4,2854.449
1718033400000,69881.3,70051,69824.6,70006.5,1825.811
1718034300000,70006.5,70185.1,69982,70048.8,1921.244
1718035200000,70048.7,70092.9,69838.3,69871.4,1288.417
1718036100000,69871.5,70000,69708,69809,1089.155
1718037000000,69809,70020.7,69730,69984.5,791.305
1718037900000,69984.5,70030.6,69940,69974.3,505.836
1718038800000,69974.3,69976.2,69750.7,69878.9,592.138
1718039700000,69879,69950,69786.1,69864.6,329.407
1718040600000,69864.5,69923.4,69824.1,69866.1,253.776
1718041500000,69866,70068.8,69855.9,70033.7,454.323
1718042400000,70033.6,70125,69868.1,70071.1,623.466
1718043300000,70071,70111,69860,69863.1,566.686
1718044200000,69863.1,69925,69720,69904.2,560.152
1718045100000,69904.2,69938.4,69855.7,69855.7,220.361
1718046000000,69855.7,69855.7,69502.3,69666,1598.745
1718046900000,69666,69772.9,69581.8,69765.5,446.961
1718047800000,69765.5,69765.6,69669.7,69711.4,243.379
1718048700000,69711.4,69711.4,69380,69496.8,1490.705
1718049600000,69496.8,69537,69330,69367.9,1585.873
1718050500000,69367.9,69599.3,69341.5,69595,828.89
1718051400000,69594.9,69658.5,69574.3,69580.4,607.42
1718052300000,69580.4,69678.8,69565.4,69617.6,431.348
1718053200000,69617.5,69692.7,69602.7,69677.8,284.46
1718054100000,69677.9,69683.7,69532,69563,230.977
1718055000000,69562.9,69600,69536,69600,161.833
1718055900000,69600,69607.5,69573.6,69585,155.9
1718056800000,69585,69603.3,69470,69543.2,336.782
1718057700000,69543.1,69557.1,69483.8,69543.8,105.408
1718058600000,69543.8,69543.8,69416.9,69435,290.289
1718059500000,69435.1,69498.2,69427.4,69498.2,245.171
1718060400000,69498.1,69562.5,69450,69450.1,287.947
1718061300000,69450.1,69554.2,69396,69484.3,260.948
1718062200000,69484.2,69536.3,69418,69536.2,388.07
1718063100000,69536.3,69570.2,69484.2,69539.1,201.253
1718064000000,69539.1,69585.3,69492.2,69530.5,292.207
1718064900000,69530.4,69567.9,69483.2,69483.3,183.189
1718065800000,69483.2,69545.6,69409.8,69437.3,592.868
1718066700000,69437.3,69477,69400.1,69416.2,358.027
1718067600000,69416.1,69506.8,69380,69506.7,413.461
1718068500000,69506.8,69538.4,69400,69448.3,173.889
1718069400000,69448.3,69486.6,69375.6,69375.7,256.445
1718070300000,69375.7,69443.1,68461.3,68723.6,7004.804
1718071200000,68723.6,68925,68529.1,68560.1,2421.865
1718072100000,68560.1,68560.1,67878.3,68165.1,6929.741
1718073000000,68165,68165,67979.2,68080.4,2040.791
1718073900000,68080.4,68335.7,68048.6,68257.5,1349.164
1718074800000,68257.6,68399.9,68188.2,68335.1,714.076
1718075700000,68335.2,68499.9,68166,68470.5,1691.434
1718076600000,68470.7,68470.8,68332,68347.4,591.905
1718077500000,68347.4,68478,68284.2,68466.4,900.961
1718078400000,68466.3,68466.3,67955.1,68068.9,2135.363
1718079300000,68068.9,68221.1,67610.1,67950.1,3492.149
1718080200000,67950,68110,67668.6,68104.8,1958.477
1718081100000,68104.8,68129.3,67998.1,68032.7,773.225
1718082000000,68032.7,68072,67904.2,67920.1,873.353
1718082900000,67920,68020.9,67836.8,67877.8,533.154
1718083800000,67877.8,67911,67730,67814.2,873.981
1718084700000,67814.2,67918.6,67666.7,67912,1162.677
1718085600000,67911.9,67988.1,67870.8,67930,649.008
1718086500000,67930,67936.3,67500.2,67713.5,2192.154
1718087400000,67713.4,67765,67590.6,67713.3,704.487
1718088300000,67713,67766.5,67289.7,67699,2550.422
1718089200000,67699,67815,67551.7,67775.4,1396.364
1718090100000,67775.4,67835,67732.1,67834.9,509.31
1718091000000,67834.9,67835.7,67552,67688.9,888.186
1718091900000,67688.9,67735.9,67511.3,67561,621.333
1718092800000,67561,67646,67337,67356.2,1847.076
1718093700000,67356.1,67492.6,67265.4,67450.4,1482.501
1718094600000,67450.4,67629,67436.5,67610,889.412
1718095500000,67610,67612.4,67505.9,67513.8,546.057
1718096400000,67513.7,67663.4,67500,67539.9,439.994
1718097300000,67539.9,67540,67333,67382.6,786.326
1718098200000,67382.6,67433.3,67166,67230,2847.839
1718099100000,67229.9,67268.5,66845.7,67086.5,3670.988
1718100000000,67086.5,67214.6,66701,67158,3785.506
1718100900000,67158,67299,67133,67266.5,1113.361
1718101800000,67266.6,67266.6,67088.7,67106,506.346
1718102700000,67105.9,67220,66862.5,66969.8,1271.082
1718103600000,66969.7,67126.8,66780,67115,1399.86
1718104500000,67114.9,67115,66910.2,66934.7,870.026
1718105400000,66934.7,67031,66805.5,67004.2,958.361
1718106300000,67004.2,67042.4,66841.3,66903.1,484.482
1718107200000,66903,67189.7,66806,67174.3,1005.122
1718108100000,67174.3,67174.8,66812.5,66818.2,1139.783
1718109000000,66820.6,67085.1,66820.6,67085.1,930.522
1718109900000,67085,67177.2,66992.8,67031.8,718.752
1718110800000,67031.9,67234,66866.7,67207.9,1410.324
1718111700000,67207.8,67292.1,67156.6,67259.7,1076.263
1718112600000,67259.7,67259.7,66909.5,66980.1,1467.019
1718113500000,66980.1,67058.9,66500,66815.9,4965.636
1718114400000,66815.8,67039,66778.5,67036.1,1788.848
1718115300000,67036.1,67036.1,66850,66928.9,764.24
1718116200000,66928.8,67097.8,66837.2,67067.7,736.459
1718117100000,67067.8,67100,66842.3,66845.5,574.34
1718118000000,66845.5,67062.5,66623,67044.2,1767.61
1718118900000,67044.2,67074.9,66750,66852.8,800.049
1718119800000,66853.5,66879.4,65910.3,66136.4,7539.123
1718120700000,66136.4,66455.2,66130.1,66229.4,4803.499
1718121600000,66229.4,66682.4,66159,66624.3,2843.655
1718122500000,66624.3,66680,66438.5,66604.1,1047.544
1718123400000,66604.2,66731,66491.1,66646.4,1027.378
1718124300000,66646.4,66706.2,66323,66480,1059.017
1718125200000,66480,66633.3,66412,66568.1,666.844
1718126100000,66568.2,66595.7,66170,66291.2,1077.357
1718127000000,66291.1,66548.9,66265.8,66518.8,785.852
1718127900000,66518.9,66806.8,66487.9,66773.2,1074.714
1718128800000,66773.2,66837.1,66652.1,66816.3,827.057
1718129700000,66816.4,67073.8,66790.1,66992.2,1732.428
1718130600000,66992.3,67228,66933,67185.1,1328.704
1718131500000,67185.2,67199.9,67012.6,67116,1213.111
1718132400000,67116,67264,67100,67252,789.642
1718133300000,67252,67269.1,67063.8,67151.9,521.981
1718134200000,67151.9,67300,67141.6,67298.4,572.722
1718135100000,67298.4,67577.4,67275.8,67397.6,2096.373
1718136000000,67397.6,67489,67286.2,67440.2,835.15
1718136900000,67440.1,67457,67257,67324.6,343.902
1718137800000,67324.6,67324.9,67223,67228,506.829
1718138700000,67228,67291.8,67166.3,67291.8,406.47
1718139600000,67291.8,67325.4,67240.9,67240.9,346.56
1718140500000,67241,67307.3,67240.9,67290,169.562
1718141400000,67290.1,67311,67191.3,67311,133.58
1718142300000,67311,67384.6,67310.9,67384.6,241.082
1718143200000,67384.6,67520,67384.6,67518.9,460.947
1718144100000,67519,67564,67351,67379,473.563
1718145000000,67379,67379,67304.1,67317.2,206.686
1718145900000,67317.2,67376.2,67317.1,67356.6,184.15
1718146800000,67356.6,67584.9,67356.5,67475.7,855.64
1718147700000,67475.8,67484.5,67337.9,67352,366.166
1718148600000,67352,67381,67324.8,67324.9,317.08
1718149500000,67324.8,67365.6,67294.6,67309.4,261.921
1718150400000,67309.3,67408,67285,67407.8,312.95
1718151300000,67407.8,67426.4,67216,67221.6,504.086
1718152200000,67221.7,67270,67188,67270,311.839
1718153100000,67270,67298.4,67172.6,67189.6,335.006
1718154000000,67189.6,67243.5,67132.7,67150.1,385.704
1718154900000,67150.2,67175.7,66890,66981.8,1205.731
1718155800000,66981.9,67128,66904.2,66957.6,744.745
1718156700000,66957.6,67192.9,66910.7,67174,516.062
1718157600000,67174,67479,67118.7,67384.2,1081.56
1718158500000,67384.2,67600,67384.2,67518.8,1279.512
1718159400000,67518.7,67563.5,67330.5,67375.7,759.879
1718160300000,67375.7,67444.4,67320.1,67403.7,597.289
1718161200000,67403.8,67483.6,67369.2,67369.3,371.833
1718162100000,67369.3,67449.5,67350,67361.4,175.135
1718163000000,67361.4,67420.3,67315,67420.3,223.456
1718163900000,67420.3,67469.1,67347.1,67412.1,319.211
1718164800000,67412.2,67554,67390.2,67513.2,633.457
1718165700000,67513.3,67580,67461.4,67522.7,785.69
1718166600000,67522.7,67600,67508.7,67595.5,547.324
1718167500000,67595.5,67596.2,67450.5,67481.6,365.276
1718168400000,67481.6,67506.3,67355,67413.3,477.463
1718169300000,67413.2,67497.9,67372.7,67372.7,389.993
1718170200000,67372.7,67432.4,67286,67312.4,416.598
1718171100000,67312.5,67325,67201,67259,891.838
1718172000000,67259,67369.9,67259,67346.7,360.296
1718172900000,67346.8,67396.9,67312,67346.8,323.729
1718173800000,67346.9,67395,67291.4,67364.3,410.165
1718174700000,67364.4,67372,67275.8,67283.4,197.476
1718175600000,67283.4,67344.7,67250,67339.7,261.931
1718176500000,67339.7,67446.4,67319.1,67393.2,486.083
1718177400000,67393.4,67429.5,67348.9,67399.9,281.534
1718178300000,67399.9,67493.4,67365.5,67451.5,315.208
1718179200000,67451.4,67544,67438,67538,471.451
1718180100000,67538,67538.1,67391.1,67397.2,389.127
1718181000000,67397.1,67465,67369.3,67446.3,205.5
1718181900000,67446.3,67464.5,67374.7,67398.6,287.126
1718182800000,67398.7,67495.4,67352,67482.7,498.149
1718183700000,67482.8,67482.8,67422.2,67441,197.917
1718184600000,67441,67520,67400,67519.9,301.666
1718185500000,67519.9,67796.9,67488.8,67736.4,2256.684
1718186400000,67736.5,68016.3,67736.4,67904.8,2956.081
1718187300000,67904.9,67947.9,67805.1,67853,867.825
1718188200000,67852.9,67935,67790,67884.7,516.436
1718189100000,67884.8,68068.1,67837.9,67996.5,878.654
1718190000000,67996.5,68018,67858.7,67903.1,576.805
1718190900000,67903.2,67943,67804.3,67821.6,642.39
1718191800000,67821.7,67872,67721,67751.5,562.633
1718192700000,67751.6,67810.2,67724.5,67790,527.788
1718193600000,67789.9,67843.9,67741.6,67773.4,437.92
1718194500000,67773.5,68018.6,67773.5,68018.5,1365.954
1718195400000,68018.6,69472,68018.6,69419.9,16471.766
1718196300000,69419.9,69503.3,69041.8,69328,3943.037
1718197200000,69328,69675.6,69321.4,69360,3523.664
1718198100000,69360,69388,69088.9,69199.9,2618.669
1718199000000,69200,69493.3,69115.5,69493.3,2244.614
1718199900000,69493.2,69515,69283.5,69335.2,1193.209
1718200800000,69335.2,69631.3,69300,69576.7,1658.064
1718201700000,69576.7,69942,69546.7,69856.8,4069.696
1718202600000,69856.8,69975,69712.3,69746.3,2354.924
1718203500000,69746.4,69985,69690,69958.9,1557.218
1718204400000,69958.9,70027.8,69728.3,69817.2,2193.427
1718205300000,69817.1,69938.9,69718.7,69837.3,917.554
1718206200000,69837.3,69841.1,69558.8,69567.3,1226.769
1718207100000,69567.4,69775,69560,69740.5,922.807
1718208000000,69740.6,69800,69668.1,69682,739.805
1718208900000,69682.1,69688.9,69335.9,69346,1947.492
1718209800000,69346.1,69557.7,69301.4,69517.6,1142.192
1718210700000,69517.5,69666,69517.5,69625.5,571.731
1718211600000,69625.4,69692,69500,69627.3,559.029
1718212500000,69627.4,69679.9,69550,69672.9,511.381
1718213400000,69672.9,69771.9,69558,69672,621.915
1718214300000,69671,69890.4,69608.3,69807.4,1306.882
1718215200000,69807.4,69816.7,68712,69171.1,11494.346
1718216100000,69171,69450,69141,69192.1,2119.276
1718217000000,69194.7,69388,68850,69196.6,3152.026
1718217900000,69196.6,69212.4,68580,68825.9,4040.173
1718218800000,68825.8,69040.5,68802.2,68915.9,1593.225
1718219700000,68915.9,69222,68510,68538.9,3688.505
1718220600000,68539.1,68598.3,68066.6,68118.9,4565.939
1718221500000,68113.7,68152.7,67250,67541.6,7707.756
1718222400000,67541.7,67816,67423.9,67771,2727.144
1718223300000,67770.9,67948.3,67732.1,67940.9,1214.079
1718224200000,67940.9,68286.5,67891,68274,1514.437
1718225100000,68274,68296,68080,68095.5,836.034
1718226000000,68095.6,68250.7,68091.3,68250.7,456.407
1718226900000,68250.9,68439.3,68200,68436,574.653
1718227800000,68436,68677.5,68340.1,68587.1,1164.391
1718228700000,68587,68614.2,68439.6,68526.7,450.202
1718229600000,68526.6,68535.7,68391.3,68430,535.802
1718230500000,68430,68430,68278.1,68317.8,563.508
1718231400000,68317.8,68369,68276.8,68288.1,194.518
1718232300000,68288,68383.7,68268.3,68348.9,302.057
1718233200000,68347.9,68347.9,68166,68224.7,466.417
1718234100000,68224.7,68237.5,68130.7,68218.8,348.447
1718235000000,68218.9,68289.1,68182,68231,253.424
1718235900000,68231,68277.5,68231,68273.7,196.075
1718236800000,68273.7,68293.2,68068.7,68099.9,555.627
1718237700000,68100,68242.2,68003,68194.2,673.501
1718238600000,68194.2,68253.2,68100,68215.7,358.822
1718239500000,68215.7,68398,68215.6,68326.6,726.666
1718240400000,68326.6,68364,68233,68300.2,278.604
1718241300000,68300.2,68325,68080,68119.7,440.574
1718242200000,68119.6,68147.8,68033.3,68127.2,446.076
1718243100000,68127.3,68191.3,67916.3,67994.6,679.819
1718244000000,67994.6,68020.4,67861.8,67916.2,1187.402
1718244900000,67916.2,68148.7,67829.1,68096.4,806.067
1718245800000,68096.5,68186.5,67770.2,67881.3,996.956
1718246700000,67881.3,67931,67675.5,67740.1,1279.307
1718247600000,67740,67850,67630,67830.4,788.421
1718248500000,67830.4,67846.8,67401.4,67420.9,2180.704
1718249400000,67420.9,67488.1,66958.3,67255,4981.678
1718250300000,67255,67476.7,67231.4,67466.2,1077.933
1718251200000,67466.2,67668,67425.6,67623.5,1206.903
1718252100000,67623.5,67706.7,67584.5,67657.4,572.449
1718253000000,67657.4,67657.5,67503.1,67616,679.502
1718253900000,67616.1,67616.1,67325,67325.1,683.735
1718254800000,67325.1,67581.1,67324.8,67561.2,594.652
1718255700000,67561.2,67633.1,67505,67579.2,403.508
1718256600000,67579.2,67645,67529.3,67638.6,342.818
1718257500000,67638.5,67678,67517.3,67594.1,415.399
1718258400000,67594,67610,67447.4,67460.7,470.038
1718259300000,67460.7,67488.9,67384.6,67469.5,416.149
1718260200000,67469.5,67469.5,67305,67382.4,595.611
1718261100000,67382.4,67580.1,67360,67509.5,539.087
1718262000000,67509.4,67570,67400,67566.8,489.798
1718262900000,67566.7,67699.9,67543.1,67681.7,533.873
1718263800000,67681.8,67696.3,67606,67635.8,347.247
1718264700000,67635.8,67735,67612,67734.8,582.732
1718265600000,67734.8,67768.4,67661.2,67679.9,495.803
1718266500000,67679.9,67691.9,67583.5,67594.3,488.845
1718267400000,67594.2,67641.4,67546.5,67610.9,328.182
1718268300000,67610.9,67629.4,67520,67583.9,406.252
1718269200000,67583.9,67585.8,67480,67504.2,501.941
1718270100000,67504.2,67532.1,67307.7,67382.4,1118.837
1718271000000,67382.3,67382.3,67191,67192.2,1013.342
1718271900000,67192.2,67438,67172.4,67412.6,1026.129
1718272800000,67412.6,67488,67270.8,67293.3,606.234
1718273700000,67290.7,67384.9,67228.8,67384.9,337.897
1718274600000,67384.8,67592,67362.4,67569.7,869.051
1718275500000,67569.6,67987,67531.3,67824,2428.492
1718276400000,67824.1,67900,67720.2,67822.6,1175.057
1718277300000,67822.7,67918.9,67778.4,67910,742.873
1718278200000,67910,67949.6,67819.6,67853.8,473.45
1718279100000,67853.8,67853.8,67635.4,67735.1,803.392
1718280000000,67735.2,67860,67694.1,67818.2,501.376
1718280900000,67818.2,67876.3,67732.7,67853.8,653.719
1718281800000,67853.8,68493,67600.8,67732.5,8523.157
1718282700000,67732.5,67840.4,67450.8,67760.5,2391.298
1718283600000,67760.5,67845.4,67633.2,67814.4,1168.157
1718284500000,67814.3,68116.3,67789.6,68036,1228.816
1718285400000,68036.1,68268,67963.9,68108,2292.679
1718286300000,68108.1,68108.1,67523.2,67606.4,2246.913
1718287200000,67606.3,67694.9,67355.6,67444.6,2798.153
1718288100000,67444.1,67638.7,67150.9,67281.6,2235.985
1718289000000,67281.6,67758.6,67281.6,67536.8,2892.268
1718289900000,67536.8,67687.5,67322.5,67364.1,1227.262
1718290800000,67361.9,67548.6,67248.5,67309,1364.738
1718291700000,67309.1,67319.6,66920.4,66984.8,3013.299
1718292600000,66984.8,67055,66515.8,66610.1,4569.782
1718293500000,66610.1,66679,66302.2,66470.1,4429.257
1718294400000,66470.2,66809.5,66262.8,66700.3,3804.265
1718295300000,66700.3,66809.7,66552.6,66657.9,1504.9
1718296200000,66657.9,66751.8,66573.5,66703.4,1025.814
1718297100000,66703.4,67030,66619.7,66980.2,1696.277
1718298000000,66980.3,67083,66845,66954.9,1426.07
1718298900000,66954.9,66968.3,66713.5,66734.8,928.629
1718299800000,66734.9,66938.6,66633.6,66880.1,1269.715
1718300700000,66880,66948.6,66787.3,66929.3,469.935
1718301600000,66929.4,66975,66756,66973.9,553.645
1718302500000,66973.9,66988,66840.4,66867.7,425.798
1718303400000,66867.6,66938.6,66691.8,66832,429.325
1718304300000,66832,66930.9,66816.4,66863.1,250.534
1718305200000,66863.1,66885.3,66701.3,66713.1,396.042
1718306100000,66712.4,66889,66675.7,66836.6,389.292
1718307000000,66836.6,66836.7,66625,66716.9,584.805
1718307900000,66716.9,66787.3,66600.7,66616.8,502.943
1718308800000,66616.9,66815.1,66588.2,66675.6,675.911
1718309700000,66675.6,66780,66670.1,66697,309.09
1718310600000,66696.9,66697,66523.2,66546.3,387.344
1718311500000,66546.2,66717.7,66539.9,66717.7,309.346
1718312400000,66717.7,66810.1,66691.8,66743.7,411.827
1718313300000,66743.8,66811.1,66700,66712.6,191.326
1718314200000,66712.6,66887.5,66712.6,66867.2,272.542
1718315100000,66864.7,66981.8,66860,66974.2,323.306
1718316000000,66974.1,66974.1,66880.1,66891.8,295.975
1718316900000,66891.8,66933.9,66837.2,66918,192.065
1718317800000,66917.9,66975.2,66903.2,66957.5,132.619
1718318700000,66957.5,66988,66849.1,66887.3,339.394
1718319600000,66887.3,66887.3,66676.9,66731.6,653.766
1718320500000,66731.6,66900,66728,66877.9,228.732
1718321400000,66877.9,66909.1,66804.1,66832.9,224.53
1718322300000,66832.9,66865.5,66745.2,66772.7,167.778
1718323200000,66772.7,66898.7,66741.8,66741.8,357.63
1718324100000,66741.8,66844.6,66644.8,66777.5,615.783
1718325000000,66777.5,66800.3,66629.8,66684.5,383.277
1718325900000,66683.6,66765.1,66596,66714.7,386.302
1718326800000,66714.7,66753.7,66540.2,66710.3,503.165
1718327700000,66710.3,66748,66569.5,66622.5,464.245
1718328600000,66625.8,66686.5,66474.6,66635.2,695.589
1718329500000,66635.2,66829.9,66625,66798.9,641.523
1718330400000,66798.8,66866,66719.2,66746.7,818.837
1718331300000,66746.8,66856.8,66746.7,66805.4,287.376
1718332200000,66805.5,66879.9,66788,66836.8,244.731
1718333100000,66836.9,67044,66795,66953.9,1147.662
1718334000000,66953.8,66990.5,66727.6,66772.7,833.223
1718334900000,66773.9,66820.8,66723,66731.6,264.011
1718335800000,66731.4,66788.1,66685,66775.5,361.1
1718336700000,66775.4,66784,66725.4,66756,136.937
1718337600000,66756,66823.7,66755.9,66805.7,149.054
1718338500000,66805.7,66846.2,66740,66840.1,196.11
1718339400000,66840.1,66842.9,66722.9,66733.8,243.911
1718340300000,66735.1,66775.6,66723,66730,95.457
1718341200000,66730,66818,66720,66771,316.394
1718342100000,66771.1,66841.8,66771,66841.8,130.628
1718343000000,66841.8,67219.5,66827.3,67117.7,2337.164
1718343900000,67117.6,67220.1,67002.3,67057.1,1242.839
1718344800000,67057,67095.9,66953.7,67029.5,543.577
1718345700000,67030,67130.6,66910,66923.5,602.356
1718346600000,66923.6,67008.8,66883,66979.7,557.166
1718347500000,66979.7,67079.8,66943.8,66961,530.973
1718348400000,66961.1,67049,66961,67006.1,226.814
1718349300000,67006.1,67055.9,66934.2,66947.7,460.213
1718350200000,66947.8,66990.9,66904.4,66955.1,251.764
1718351100000,66955.1,67102.9,66900,66915.8,574.544
1718352000000,66915.8,67209.2,66861,67197.8,1109.955
1718352900000,67197.8,67295.6,67104,67155.5,1430.44
1718353800000,67155.4,67188,67069.8,67160.3,426.631
1718354700000,67160.3,67231.7,67121.1,67144.5,446.331
1718355600000,67144.6,67150.2,66995.5,67088.7,1031.619
1718356500000,67088.6,67133.2,66999.6,67064.1,962.703
1718357400000,67064.1,67064.1,66900,66932.8,698.184
1718358300000,66932.8,66982.9,66900.2,66913.6,294.375
1718359200000,66913.6,66974.5,66826.1,66955.9,638.923
1718360100000,66955.9,67027.9,66866.6,66929.1,457.956
1718361000000,66929.1,66937,66864.1,66884.1,255.944
1718361900000,66884,66936.9,66855.1,66874.8,261.202
1718362800000,66874.2,66932,66769.2,66912.2,720.149
1718363700000,66912.2,67063.3,66908.3,67062.3,507.577
1718364600000,67062.2,67100,67013.4,67013.4,454.955
1718365500000,67013.5,67100,66988,67032.2,288.326
1718366400000,67032.2,67162.6,66974.2,67159.4,650.166
1718367300000,67159.4,67299.9,67142.5,67195.7,1417.615
1718368200000,67195.7,67237.1,67052.3,67065.8,401.836
1718369100000,67065.7,67107.6,66981,67088.1,495.616
1718370000000,67088,67146.8,66956,67042.7,498.921
1718370900000,67042.6,67348.8,67042.6,67348.6,1012.687
1718371800000,67348.7,67377.4,67152,67187.9,1192.159
1718372700000,67187.9,67241.8,67073.2,67073.3,474.115
1718373600000,67075.1,67122,66932.5,66984,1183.708
1718374500000,66983.9,67040.7,66600,66700.1,2548.38
1718375400000,66700,66869.3,66566.7,66860.1,2236.559
1718376300000,66860.1,67018.5,66784.4,66985,1378.727
1718377200000,66985,66998.8,66776,66845,641.349
1718378100000,66845,66964.2,66750.2,66918.8,757.277
1718379000000,66919.1,67062,66637,66637.2,1204.651
1718379900000,66637.2,66684.7,66326.5,66392.6,3966.623
1718380800000,66392.7,66533.3,65353,65827.7,12114.863
1718381700000,65827.7,65963,65267.3,65312,4322.539
1718382600000,65312,65523.5,65173.3,65278.8,4953.075
1718383500000,65278.8,65584.2,65180.6,65282.2,3147.815
1718384400000,65282.2,65444.9,65066,65421,2987.126
1718385300000,65421,65554.3,65379.7,65513.5,1640.447
1718386200000,65513.5,65756,65442,65510.2,1328.629
1718387100000,65510.1,65539.4,65324,65403,853.116
1718388000000,65403,65432.4,65116.8,65140.1,1367.318
1718388900000,65140.2,65315,65094.3,65272.9,1647.479
1718389800000,65272.9,65466.6,65243.6,65466.4,951.897
1718390700000,65466.5,65539.5,65338.1,65520,641.883
1718391600000,65519.9,65528,65343.6,65348.2,512.457
1718392500000,65348.2,65693.3,65300,65672,952.167
1718393400000,65672,65698.4,65440,65464.9,487.885
1718394300000,65464.8,65564.9,65400,65522.5,656.306
1718395200000,65522.6,65654.1,65479.7,65638.8,651.949
1718396100000,65638.8,65916,65602.1,65901.8,1238.767
1718397000000,65901.8,65973.9,65721.4,65763,794.396
1718397900000,65763.1,65769,65682.4,65769,333.921
1718398800000,65769,65838.2,65729.7,65731.1,217.114
1718399700000,65731.2,66122.8,65731.2,66116.7,1039.864
1718400600000,66116.7,66656.6,66013.4,66149.9,3956.275
1718401500000,66149.9,66379.8,66053.3,66194.5,699.285
1718402400000,66194.6,66251.8,65872.3,66037.9,1719.099
1718403300000,66037.9,66059.2,65952.2,65972.8,311.237
1718404200000,65972.9,66034.1,65926.1,66034.1,341.121
1718405100000,66034.1,66059,65991.2,66017,257.827
1718406000000,66017.1,66017.1,65920,65923.3,323.412
1718406900000,65923.3,66066.2,65923.3,66000.3,224.302
1718407800000,66000.4,66063,66000,66015.7,193.129
1718408700000,66015.7,66084.5,66005,66042.9,171.15
1718409600000,66042.9,66074.6,65988,66052.1,416.402
1718410500000,66052.2,66175,66041.7,66125.3,540.943
1718411400000,66125.4,66210,66080,66209.9,275.737
1718412300000,66210,66308.9,66178.5,66186.3,1177.49
1718413200000,66186.3,66300.1,66186.3,66211.1,318.526
1718414100000,66211,66211.1,66079.4,66112.4,283.965
1718415000000,66112.3,66148.7,66075,66095.2,236.128
1718415900000,66095.1,66137.7,66066,66081.7,228.021
1718416800000,66081.8,66135.6,66045,66135.5,335.031
1718417700000,66135.6,66196.9,66130.2,66164.1,178.741
1718418600000,66164.1,66256.7,66164.1,66223.5,485.469
1718419500000,66223.5,66223.5,66180,66212.5,131.104
1718420400000,66212.4,66275.9,66212.4,66226.9,315.868
1718421300000,66229.1,66247.2,66186.1,66228.7,140.217
1718422200000,66228.7,66268,66210,66267.9,152.861
1718423100000,66268,66272.1,66235,66272.1,137.295
1718424000000,66272.1,66372.2,66246,66322.2,465.147
1718424900000,66322.2,66376.6,66204.2,66220.3,393.732
1718425800000,66220.2,66291.7,66199.9,66275.3,507.485
1718426700000,66275.3,66335.1,66216.4,66239.7,608.261
1718427600000,66239.8,66311.7,66239.6,66305.1,201.241
1718428500000,66305.1,66394.5,66271.3,66359.6,346.639
1718429400000,66359.6,66359.7,66247.2,66310,364.075
1718430300000,66309.9,66310,66213.1,66229.9,336.559
1718431200000,66230,66422.3,66229.9,66352.3,680.835
1718432100000,66352.3,66400,66272.3,66309.6,363.652
1718433000000,66309.6,66309.6,66226.9,66237,216.759
1718433900000,66236.9,66249.1,66136.9,66173.4,1005.624
1718434800000,66173.4,66210,66126.1,66147.2,412.135
1718435700000,66147.2,66213.1,66120,66132.7,257.895
1718436600000,66132.6,66150,66088,66121.8,375.433
1718437500000,66121.8,66121.9,66075,66081.9,248.266
1718438400000,66082,66174.9,66081.9,66123.4,450.175
1718439300000,66123.3,66192.9,66123.3,66158.3,221.135
1718440200000,66158.3,66208,66158.3,66185.6,319.199
1718441100000,66185.5,66208,66157,66207.9,127.504
1718442000000,66208,66280,66207.9,66269.9,404.532
1718442900000,66269.9,66283.4,66194.8,66195.6,180.654
1718443800000,66195.5,66195.6,66104.8,66167.1,399.383
1718444700000,66167.1,66240.1,66167,66230.8,199.672
1718445600000,66230.7,66259,66193.1,66204.5,167.597
1718446500000,66204.5,66229.1,66204.5,66228.4,115.391
1718447400000,66228.4,66300,66228.4,66269.5,260.923
1718448300000,66269.6,66308,66269.5,66293.6,180.954
1718449200000,66293.6,66333.3,66255,66293.1,377.601
1718450100000,66293.2,66339,66272.5,66335.9,152.512
1718451000000,66336,66336,66304.1,66304.1,161.89
1718451900000,66304.1,66323.5,66268.2,66323.5,195.234
1718452800000,66323.5,66357,66303.9,66336.4,356.332
1718453700000,66336.5,66361.1,66289.3,66296.8,157.375
1718454600000,66296.9,66320,66215.5,66238.1,278.789
1718455500000,66238.1,66370.5,66234.2,66358.3,518.185
1718456400000,66358.3,66365.2,66268.1,66284.8,312.677
1718457300000,66284.8,66335,66282.1,66333,113.046
1718458200000,66333,66348.2,66270,66276.1,150.434
1718459100000,66276.2,66315.7,66237.5,66315.7,181.96
1718460000000,66315.6,66315.7,66231.9,66234.7,220.648
1718460900000,66234.7,66277.8,66190.4,66222.3,210.66
1718461800000,66222.3,66241.6,66181.8,66235.5,193.225
1718462700000,66235.4,66260.8,66170.2,66232.1,282.261
1718463600000,66232,66366,66220.7,66366,306.607
1718464500000,66365.9,66494.8,66311.1,66331.8,1002.537
1718465400000,66331.9,66378.3,66236.7,66292,318.41
1718466300000,66291.9,66331,66246,66327.1,236.309
1718467200000,66327.3,66378.2,66240.7,66259.9,450.473
1718468100000,66259.9,66292.3,66228.8,66245.3,299.893
1718469000000,66245.3,66282.1,66234,66251.6,127.493
1718469900000,66251.6,66257,66182.2,66190.2,274.421
1718470800000,66190.2,66240.1,66133.4,66240,374.007
1718471700000,66240,66288,66216.8,66281.4,177.008
1718472600000,66281.3,66317.6,66236.3,66289.6,217.804
1718473500000,66289.7,66305,66251.6,66255,84.909
1718474400000,66255,66255,66176.3,66177,210.122
1718475300000,66176.9,66205.8,66150,66189.5,216.917
1718476200000,66189.5,66189.5,66146,66161.8,90.094
1718477100000,66161.7,66161.8,66145,66147.1,92.659
1718478000000,66147,66169.6,66075,66117.8,344.422
1718478900000,66117.8,66186,66096.6,66172.5,128.932
1718479800000,66172.4,66222.5,66172.4,66195.3,140.131
1718480700000,66195.3,66206.2,66158.7,66163.2,56.865
1718481600000,66163.2,66178.2,66102.5,66102.6,298.344
1718482500000,66102.5,66107.6,65860.1,65991.6,1425.907
1718483400000,65991.6,66143.1,65991.6,66105,333.663
1718484300000,66105,66138.3,66031,66043.6,133.767
1718485200000,66043.6,66147.5,66043.6,66108,153.917
1718486100000,66108.4,66153.7,66089.7,66100.3,172.003
1718487000000,66100.1,66124.4,66073.5,66124.4,78.529
1718487900000,66124.3,66158.5,66124.3,66124.3,105.031
1718488800000,66124.4,66132.2,66060,66082,241.692
1718489700000,66082,66103.4,66040.6,66103.3,115.677
1718490600000,66103.4,66130.8,66056.9,66130.8,108.377
1718491500000,66130.8,66209.8,66130.8,66209.8,213.917
1718492400000,66209.7,66259.4,66209.7,66257.6,344.837
1718493300000,66257.5,66257.6,66220.1,66243.9,203.529
1718494200000,66243.9,66287.1,66239.4,66239.4,221.474
1718495100000,66239.4,66239.4,66195.3,66216.3,103.399
1718496000000,66216.4,66219.6,66181.6,66193.3,228.223
1718496900000,66193.4,66261.7,66193.3,66247.9,267.782
1718497800000,66248,66274.1,66210.8,66217.3,108.89
1718498700000,66216.4,66224.9,66150,66159.6,215.427
1718499600000,66159.7,66190,66085,66175,454.393
1718500500000,66175,66214.9,66120.1,66129.9,173.002
1718501400000,66130,66150,66113.2,66128.1,84.032
1718502300000,66128,66180.7,66110.5,66180.7,91.059
1718503200000,66180.7,66180.8,66129,66130.3,118.218
1718504100000,66130.3,66177.7,66113.2,66171,172.184
1718505000000,66170.9,66171,66152,66152.3,45.551
1718505900000,66152.4,66152.4,66103.1,66131.3,116.535
1718506800000,66131.3,66163.7,66121.2,66126.4,110.763
1718507700000,66126.5,66133.2,66111.8,66114.7,65.762
1718508600000,66114.6,66136.2,66060.8,66114.9,315.778
1718509500000,66114.9,66141.6,66109.1,66136.4,91.805
1718510400000,66136.4,66136.5,66092,66136.2,111.676
1718511300000,66136.3,66136.4,66035.1,66083.5,341.705
1718512200000,66083.4,66211.8,66073.1,66200.1,391.9
1718513100000,66200,66215,66155,66161,178.633
1718514000000,66161.1,66218.9,66160,66176.6,254.476
1718514900000,66176.6,66229.3,66176.5,66217,139.784
1718515800000,66217.1,66245,66183.8,66192.6,239.015
1718516700000,66192.5,66266,66188.6,66266,234.738
1718517600000,66265.9,66285,66214.2,66221.3,324.145
1718518500000,66221.3,66250,66212.6,66212.6,80.87
1718519400000,66212.6,66222.5,66169.9,66200,153.5
1718520300000,66200,66359.9,66200,66311,673.576
1718521200000,66311,66354.5,66290,66310,282.625
1718522100000,66310,66310,66268.9,66291,214.304
1718523000000,66291.1,66298.2,66273.4,66273.5,129.15
1718523900000,66273.4,66279.7,66260,66273.9,163.397
1718524800000,66273.9,66302,66254,66285.5,208.327
1718525700000,66285.5,66345.1,66275.7,66320.3,278.806
1718526600000,66320.3,66320.3,66269.6,66275.4,169.604
1718527500000,66275.3,66275.4,66231,66268.2,201.621
1718528400000,66268.3,66355,66215.7,66215.7,322.509
1718529300000,66215.7,66421.6,66190,66381.2,548.079
1718530200000,66381.1,66397.8,66313.3,66332.9,254.43
1718531100000,66333,66410,66332.9,66404.6,182.562
1718532000000,66404.6,66451,66360,66369.5,455.802
1718532900000,66369.5,66419.4,66368.3,66415.2,152.793
1718533800000,66415.2,66633.7,66402.7,66598.5,1766.173
1718534700000,66598.5,66769.8,66514,66704.3,1535.163
1718535600000,66704.3,66727.5,66581.7,66661.9,491.615
1718536500000,66662,66662,66541.3,66541.3,411.37
1718537400000,66541.4,66636.9,66529.2,66529.2,396.739
1718538300000,66529.3,66546.4,66430.9,66484.3,503.035
1718539200000,66484.4,66536.4,66467.7,66493.2,257.552
1718540100000,66493.3,66629.4,66493.3,66597.7,623.776
1718541000000,66597.8,66640,66503.2,66537.1,251.943
1718541900000,66537.1,66599.4,66503.9,66593.5,217.837
1718542800000,66593.5,66668,66558.6,66611.1,461.655
1718543700000,66611,66700,66607.1,66676,453.156
1718544600000,66677,66677.1,66556.3,66640.1,434.054
1718545500000,66640,66753.2,66640,66753.1,805.156
1718546400000,66753.1,66783.8,66659.7,66757.6,746.455
1718547300000,66757.6,66779.5,66531.7,66563.1,743.606
1718548200000,66563.1,66619.3,66524.1,66613.2,359.181
1718549100000,66613.1,66633.6,66501.7,66515.9,302.045
1718550000000,66515.9,66608,66507.8,66608,276.695
1718550900000,66608,66686.4,66572.1,66598.1,217.169
1718551800000,66598.1,66692.6,66574.9,66686.8,288.541
1718552700000,66686.7,66728,66633.7,66704.2,370.905
1718553600000,66704.1,66746.7,66600.7,66663.9,492.936
1718554500000,66664,66673.7,66588,66623.8,340.69
1718555400000,66623.8,66643.5,66554,66568.2,294.154
1718556300000,66568.2,66608.2,66554,66586.2,169.82
1718557200000,66586.2,66612.7,66520,66608.4,367.281
1718558100000,66608.4,66671.2,66597.8,66597.8,170.283
1718559000000,66597.5,66605.8,66523.1,66551.3,204.321
1718559900000,66551.2,66582.5,66523.1,66582.5,171.832
1718560800000,66582.4,66620.8,66561.9,66597.4,130.596
1718561700000,66597.4,66660.7,66586.3,66660.7,77.47
1718562600000,66660.7,66665.9,66617.7,66622.3,101.287
1718563500000,66622.4,66630.3,66582.6,66599.3,153.227
1718564400000,66599.4,66640,66585.7,66622.4,60.628
1718565300000,66622.3,66653.7,66596.6,66596.6,64.553
1718566200000,66596.7,66604.4,66520.1,66553.4,162.974
1718567100000,66553.4,66572.9,66537.5,66566.1,90.801
1718568000000,66566.2,66581.2,66457.6,66533.1,317.474
1718568900000,66533.2,66613.6,66506.8,66607.6,150.535
1718569800000,66607.6,66607.6,66548,66573.1,51.058
1718570700000,66573.1,66573.1,66480.7,66520.4,94.226
1718571600000,66520.3,66543.9,66485.8,66537.3,206.78
1718572500000,66537.3,66537.3,66517.4,66532.2,83.784
1718573400000,66532.1,66553,66463.6,66477.8,195.475
1718574300000,66477.9,66546.7,66477.8,66535,91.522
1718575200000,66535,66988,66535,66718.1,3285.691
1718576100000,66718.1,66737.1,66592,66737.1,577.631
1718577000000,66737.1,66788,66651.9,66660.1,455.128
1718577900000,66660,66795.3,66656.1,66749.3,209.061
1718578800000,66749.4,66830.1,66693,66693,357.077
1718579700000,66693,66735.9,66619.8,66625.6,202.703
1718580600000,66625.7,66677.6,66625.7,66677.6,180.637
1718581500000,66677.6,66698.2,66654,66682.1,351.655
1718582400000,66682,66695.5,66600.6,66671.2,881.426
1718583300000,66671.2,66761.4,66606.6,66761.4,215.834
1718584200000,66761.3,66927.8,66761.3,66822.2,674.783
1718585100000,66822.2,66822.2,66540.4,66586.2,804.085
1718586000000,66586.2,66620,66530.3,66612.2,330.034
1718586900000,66612.3,66620,66270,66413.8,1959.135
1718587800000,66413.8,66474,66320.2,66338.2,938.289
1718588700000,66338.2,66514.3,66338.2,66464,520.189
1718589600000,66463,66473.8,66327.5,66408.6,527.352
1718590500000,66408.5,66455.1,66200.2,66275.9,1109.27
1718591400000,66275.9,66386,66231.6,66354.5,570.862
1718592300000,66354.5,66398,66325.1,66346.9,212.088
1718593200000,66346.8,66440.3,66330,66404.7,349.574
1718594100000,66404.6,66432.4,66310,66342.4,507.301
1718595000000,66342.5,66353.9,66246,66329.5,654.403
1718595900000,66329.4,66374.4,66125.8,66230.2,853.653
1718596800000,66230.1,66307.8,66167.8,66250.1,744.966
1718597700000,66250.2,66395,66221.8,66348.7,670.211
1718598600000,66348.6,66391.3,66321.5,66356.1,377.99
1718599500000,66356,66449.3,66337.7,66449.3,250.913
1718600400000,66449.2,66500,66378.2,66498.4,640.057
1718601300000,66498.3,66559.6,66457.8,66525.6,537.172
1718602200000,66525.6,66546.9,66440.1,66448,296.173
1718603100000,66448,66448.4,66300,66359,699.279
1718604000000,66359,66400,66255,66263.3,683.968
1718604900000,66263.2,66335.4,66169.9,66310.5,1246.098
1718605800000,66310.4,66324.1,66208.2,66212.7,521.481
1718606700000,66212.7,66241.3,66100,66147.9,1172.557
1718607600000,66147.9,66196.8,65944.1,65999,1522.39
1718608500000,65999,66310,65956.9,66290.8,1115.186
1718609400000,66290.8,66383.6,66178.2,66211.8,1061.465
1718610300000,66211.9,66293.5,66159.8,66185.9,394.869
1718611200000,66185.9,66326.3,66128,66322.8,491.437
1718612100000,66322.8,66325.1,66172.5,66174.4,301.121
1718613000000,66174.5,66210.2,65992.4,66189.5,1127.475
1718613900000,66189.5,66280,66133.6,66197.8,539.131
1718614800000,66197.9,66245.8,66116.1,66116.2,300.553
1718615700000,66116.1,66217,66106.2,66217,295.701
1718616600000,66216.9,66250,66029.2,66029.2,539.957
1718617500000,66029.3,66063,65653.7,65731,3793.87
1718618400000,65731,65874.6,65602.6,65801,2250.368
1718619300000,65801,65828.2,65570.9,65602.2,1454.711
1718620200000,65602.2,65860.9,65602.1,65855.7,846.174
1718621100000,65855.7,65957.9,65823.8,65888.4,1011.369
1718622000000,65888.4,66059.8,65865.9,65967.9,838.473
1718622900000,65967.8,65976.1,65883.4,65965.6,383.26
1718623800000,65965.6,65965.6,65801.2,65875.5,485.721
1718624700000,65875.5,65900,65803,65822.1,365.762
1718625600000,65822.1,65845.5,65705.2,65710.9,572.732
1718626500000,65711,65806,65632,65705.8,760.903
1718627400000,65705.7,65737,65588.3,65660.4,969.276
1718628300000,65660.3,65671.8,65503.2,65638.6,1329.774
1718629200000,65638.6,65746.8,65452.4,65724.1,1528.897
1718630100000,65724.2,65825.5,65656.5,65722.5,1402.997
1718631000000,65722.4,65736,65300.1,65417.1,3214.33
1718631900000,65417,65474.8,65180,65207.1,3493.802
1718632800000,65207.1,65453.9,65126.1,65363.3,2108.92
1718633700000,65363.3,65568,65363.2,65549.8,1029.151
1718634600000,65549.8,65742.9,65487.6,65723.8,1663.302
1718635500000,65723.8,65794.3,65380,65470,1913.004
1718636400000,65470,65741.6,65435.1,65544,1251.324
1718637300000,65544.1,65563.4,65273.6,65408.4,1303.689
1718638200000,65409.2,65583.5,65335.7,65582.1,810.632
1718639100000,65580.1,65668.6,65260,65365.3,1472.88
1718640000000,65365.2,65557.8,65313.1,65505.4,937.09
1718640900000,65505.5,65868.8,65140.5,65822.3,4240.965
1718641800000,65820.7,65990,65712.6,65948.8,2337.036
1718642700000,65948.7,66059,65783.9,65896.1,1284.573
1718643600000,65896.1,66152.9,65896,66049,1460.049
1718644500000,66049,66149.2,65952,65961.9,893.468
1718645400000,65962,66552.5,65962,66458,3063.522
1718646300000,66458.1,66617.8,66273.6,66601.9,1405.409
1718647200000,66602,66987.6,66543.3,66871.6,5605.97
1718648100000,66871.6,67077.5,66871.6,66999.9,2439.038
1718649000000,67000,67320,66811,66811,3559.321
1718649900000,66811,67110.9,66763.9,67087,1855.63
1718650800000,67087.1,67099.8,66751.5,66836.4,1249.705
1718651700000,66836.3,66933.3,66708,66910.2,1271.655
1718652600000,66910.1,66916.4,66777.2,66796,864.525
1718653500000,66796,66815.6,66560,66683.9,1113.576
1718654400000,66684,66765.1,66171.3,66234.8,3121.048
1718655300000,66234.8,66566.4,66226.2,66560.2,1074.136
1718656200000,66560.2,66642.9,66394,66615.5,536.777
1718657100000,66615.4,66648.1,66335,66400.6,593.707
1718658000000,66401,66582.3,66310.1,66495,617.481
1718658900000,66495,66640,66454.1,66581.7,519.661
1718659800000,66581.7,66734,66562.6,66564.6,589.992
1718660700000,66564.5,66670,66510,66575.3,288.922
1718661600000,66575.3,66688,66501,66667.6,477.137
1718662500000,66667.7,66708.2,66514.7,66541.1,502.916
1718663400000,66541.1,66621.5,66498,66606.3,456.946
1718664300000,66606.4,66710,66574.5,66658.4,535.036
1718665200000,66658.3,66719,66528.1,66564.9,664.862
1718666100000,66564.9,66625,66477.1,66483,510.411
1718667000000,66483,66500,66433.1,66446.9,471.233
1718667900000,66446.9,66549.4,66374.4,66484.1,913.788
1718668800000,66484.1,66591.4,66350.1,66394,765.172
1718669700000,66394,66439.9,66250.1,66333.1,871.92
1718670600000,66333.1,66496.8,66017.6,66034.6,1466.999
1718671500000,66034.6,66049.8,65471.5,65744.6,4740.512
1718672400000,65744.7,65958,65705,65720,1423.071
1718673300000,65720.1,65810,65266,65442,3399.834
1718674200000,65441.9,65557.6,64600,64633,9041.132
1718675100000,64633.1,65200,64556.7,65140.1,5706.002
1718676000000,65140,65197.3,64523.1,64858,4337.99
1718676900000,64858,65396,64790,65289.1,2837.182
1718677800000,65289.1,65535,65252.1,65299.5,1625.313
1718678700000,65299.5,65650,65261.3,65467.3,1376.363
1718679600000,65467.2,65536.2,65264,65366.6,1274.705
1718680500000,65366.6,65462.9,65314.4,65462.8,863.906
1718681400000,65462.9,65585.7,65378.3,65530,877.988
1718682300000,65530,65574.7,65455,65493.9,1093.026
1718683200000,65493.9,65585.7,65343.4,65585.6,668.487
1718684100000,65585.6,65753.6,65534.7,65698.2,1314.431
1718685000000,65698.2,65722.4,65572.7,65697.9,671.719
1718685900000,65698,65740.6,65550,65571.5,1099.167
1718686800000,65571.6,65788.5,65555,65724.9,1324.764
1718687700000,65725,65825.4,65652.3,65792.1,1096.93
1718688600000,65792.2,65842,65677.9,65709.3,760.668
1718689500000,65709.3,65740,65550,65596,1696.581
1718690400000,65596,65705,65587.4,65688.5,608.941
1718691300000,65686.5,65730,65515,65555.9,1218.996
1718692200000,65556,65640,65481.9,65561.4,992.875
1718693100000,65561.4,65579.4,65400.7,65511.1,1926.464
1718694000000,65511.1,65617.5,65511.1,65574.2,367.991
1718694900000,65574.3,65762.5,65490.1,65667.9,1113.835
1718695800000,65668,65776,65590,65776,534.39
1718696700000,65776,65802,65640,65681.9,528.763
1718697600000,65681.8,65760.9,65630,65690.5,385.787
1718698500000,65690.5,65691.7,65613,65613.1,202.319
1718699400000,65613.1,65737.1,65595.3,65737.1,218.87
1718700300000,65737.1,65761,65690,65738,336.547
1718701200000,65737.9,65738,65675.5,65721.9,273.952
1718702100000,65721.9,65727.7,65554.4,65619.2,616.581
1718703000000,65619.2,65667.9,65572.1,65607.6,247.542
1718703900000,65606,65646.6,65456.7,65483.9,786.383
1718704800000,65483.9,65505.2,65362.9,65380.8,1058.54
1718705700000,65380.8,65545.3,65355,65536,491.561
1718706600000,65536,65611.4,65457.7,65508.7,435.223
1718707500000,65507.2,65517.5,65405.2,65440.9,395.526
1718708400000,65438.6,65498.6,65259.9,65325.9,753.881
1718709300000,65325.7,65369.7,65195,65201.5,1477.5
1718710200000,65201.5,65339.5,65116,65244.5,2110.898
1718711100000,65244.4,65471,65216.2,65371.4,1040.404
1718712000000,65371.4,65442,65166.3,65166.3,872.337
1718712900000,65166.1,65272.7,65013.9,65033.6,1571.471
1718713800000,65036,65360,65011.3,65089.4,3146.224
1718714700000,65092.1,65281.2,65055.4,65232,1289.349
1718715600000,65232,65267.1,64857.6,65006.5,3180.928
1718716500000,65006.4,65177.7,64840,64910.3,2299.356
1718717400000,64910.2,65053.8,64650,64922.1,4711.127
1718718300000,64922.1,64983.7,64672.4,64844.3,3482.122
1718719200000,64844.3,64879.4,64158,64869.8,7936.079
1718720100000,64869.8,65198.9,64854,65076.1,4004.711
1718721000000,65076.1,65400,65005.6,65183.9,3342.943
1718721900000,65183.9,65273,64560,64634,3342.739
1718722800000,64634,64739.5,64200,64407.9,5460.999
1718723700000,64407.9,64772.7,64352.2,64454.9,2698.597
1718724600000,64454.9,64814,64450.9,64800,1291.94
1718725500000,64800,64923.1,64476.5,64698.7,1585.406
1718726400000,64699.8,64858.4,64442,64458.1,1684.396
1718727300000,64458.1,64628.4,64331.1,64627.9,1564.383
1718728200000,64627.9,64638,64525.8,64536.1,513.416
1718729100000,64532.1,64712.6,64328,64696.2,1125.781
1718730000000,64696.1,64900,64568.3,64786.5,1329.313
1718730900000,64786.5,64831.9,64456,64484.1,979.809
1718731800000,64484.1,64800,64400,64794.9,1353.224
1718732700000,64794.9,64794.9,64580.1,64605.7,418.099
1718733600000,64606.9,64791,64308,64707.7,1452.028
1718734500000,64707.7,64815.3,64689.5,64738.1,541.705
1718735400000,64738,64866,64608.6,64806.1,608.422
1718736300000,64806.2,64815.3,64615.3,64672.1,657.966
1718737200000,64672,64733.4,64415.5,64449.5,1260.844
1718738100000,64449.5,64665,64395,64579.3,730.349
1718739000000,64579.8,64616.2,64369,64396,696.645
1718739900000,64395.9,64556.1,64022,64420.2,4139.118
1718740800000,64420.2,64699.3,64180,64444,1857.379
1718741700000,64445.3,64599.2,64410,64490.4,354.374
1718742600000,64490.4,64657.9,64338.1,64604.2,559.523
1718743500000,64604.1,65058,64604.1,64927.4,2060.424
1718744400000,64926.2,65031.7,64787.5,65027.8,606.612
1718745300000,65030,65213.4,64937.4,64995.5,1668.505
1718746200000,64995.5,65149.8,64913.6,65088.9,551.789
1718747100000,65089,65310.3,65088.9,65216.3,1150.577
1718748000000,65216.4,65263.7,65057.1,65132.1,630.774
1718748900000,65132,65248.5,65120.1,65149,473.884
1718749800000,65149,65306.2,65110,65272.4,329.05
1718750700000,65272.3,65297.9,65202.1,65280,549.181
1718751600000,65280.1,65284.8,65121,65153.9,859.614
1718752500000,65153.9,65251.7,65147.7,65163,313.9
1718753400000,65162.9,65185.5,65071.8,65106,634.584
1718754300000,65106.1,65230.3,65066.1,65178.1,873.695
1718755200000,65178.1,65208,65006.9,65051.1,1375.365
1718756100000,65051.2,65075.1,64860.8,64904.5,1663.481
1718757000000,64904.4,65024.4,64893.5,65001,474.02
1718757900000,65001,65239.7,64982.4,65132.6,1461.028
1718758800000,65132.6,65461.8,65132,65343.5,2352.223
1718759700000,65343.5,65521.7,65160,65170.1,2490.369
1718760600000,65170.1,65208.7,64928.4,64976.1,1861.396
1718761500000,64976,65057,64800.1,65037.8,1697.839
1718762400000,65037.9,65271.5,65011,65178.5,760.57
1718763300000,65178.6,65466.7,65178.6,65451.5,869.491
1718764200000,65451.5,65493.5,65236.5,65251.2,827.648
1718765100000,65251.2,65397.9,65177.6,65331.5,711.496
1718766000000,65331.4,65454.1,65295.8,65330,673.086
1718766900000,65329.9,65579.7,65274.1,65469.4,1009.034
1718767800000,65469.4,65606,65400,65506.8,1001.061
1718768700000,65506.8,65525.3,65392,65408.5,496.949
1718769600000,65408.6,65675.8,65350,65600.9,1510.274
1718770500000,65601,65729.2,65528.8,65587.1,1188.688
1718771400000,65587.1,65620.1,65469.8,65496,733.843
1718772300000,65496,65548.9,65425,65448.5,504.172
1718773200000,65448.4,65536.2,65412,65444.9,317.901
1718774100000,65445,65483.3,65330,65475.8,693.188
1718775000000,65475.8,65567.5,65461.2,65461.2,273.053
1718775900000,65461.2,65535,65389.2,65420.1,283.689
1718776800000,65420.1,65541,65392.2,65500,349.945
1718777700000,65500.1,65543.9,65459,65473.8,637.168
1718778600000,65473.8,65597.7,65450.1,65519,884.101
1718779500000,65519.1,65597.6,65500,65597.5,308.402
1718780400000,65597.5,65657.3,65495,65532.4,533.588
1718781300000,65532.5,65532.5,65237.4,65250.4,1157.267
1718782200000,65250.4,65373.9,65156,65297.3,1021.998
1718783100000,65297.3,65369.1,65297.3,65334.8,233.122
1718784000000,65334.8,65361.9,65205.7,65213.7,883.499
1718784900000,65213.7,65278.2,65179.9,65190.4,574.421
1718785800000,65190.4,65267.3,65101.6,65166.8,1294.677
1718786700000,65166.8,65223.6,65124.4,65198,499.681
1718787600000,65198,65299.4,65184.8,65235.2,433.209
1718788500000,65235.2,65264.6,65082.4,65177.8,715.297
1718789400000,65177.9,65200,65106.7,65121.5,316.059
1718790300000,65121.5,65317.8,65121.5,65308,482.128
1718791200000,65307.9,65356.6,65199.1,65199.1,717.942
1718792100000,65199.1,65232.7,65140.2,65168.3,363.968
1718793000000,65168.3,65309,65168.2,65300.1,304.067
1718793900000,65300.1,65534.8,65255,65534.7,1201.469
1718794800000,65534.8,65550,65361.5,65411.5,730.247
1718795700000,65411.4,65473,65359.9,65471.7,353.617
1718796600000,65471.8,65498.4,65017.5,65189.9,2486.234
1718797500000,65190,65239.6,65070.7,65217.5,788.68
1718798400000,65217.6,65315.9,65116,65121.8,781.618
1718799300000,65121.8,65192.5,65031.7,65132.1,652.819
1718800200000,65132.1,65197.1,65040,65095.2,839.113
1718801100000,65094,65224,65052.7,65193.1,451.577
1718802000000,65193,65248,65123.4,65146.7,824.474
1718802900000,65146.8,65189,65123.2,65177.3,223.391
1718803800000,65177.3,65177.3,65056.7,65167.3,316.309
1718804700000,65167.4,65197.9,65051,65081.5,440.029
1718805600000,65081.6,65150.2,64965.9,64998.8,1249.233
1718806500000,64998.8,65027.5,64855,64902.7,1457.851
1718807400000,64902.8,64974.2,64826.9,64966.4,747.257
1718808300000,64966.4,65055,64892.5,64948,887.096
1718809200000,64948.1,65127.3,64904.1,65094,547.381
1718810100000,65094.1,65102.8,64950,64950.1,326.22
1718811000000,64950,64974.1,64846,64887.9,633.781
1718811900000,64887.9,64946.2,64763.1,64934.9,1414.832
1718812800000,64934.8,64999,64814.7,64910.9,656.796
1718813700000,64910.9,65095,64854.5,65067.4,490.959
1718814600000,65067.4,65100,65005.7,65051.8,410.423
1718815500000,65051.8,65090,64897,64932.7,486.24
1718816400000,64932.6,65146.9,64900,65116.2,761.153
1718817300000,65116.2,65286.9,65030.9,65176,1453.594
1718818200000,65176,65176,65045.1,65074.6,409.479
1718819100000,65074.6,65130,65044.4,65095,320.124
1718820000000,65095,65162.8,65053,65100.1,160.439
1718820900000,65100,65170.2,65065.7,65080,380.918
1718821800000,65080,65109.6,65025.3,65065.9,196.689
1718822700000,65066,65074.4,64952.6,64973.5,553.161
1718823600000,64973.5,64996.9,64920,64925,330.135
1718824500000,64925.1,64940,64835,64844.1,477.633
1718825400000,64844.1,64945.2,64804.8,64851.5,445.26
1718826300000,64851.6,64920,64802.7,64888.6,261.629
1718827200000,64888.7,64925.5,64820.1,64820.1,203.429
1718828100000,64820.1,64870,64616.2,64860.9,1365.656
1718829000000,64860.9,64935,64749.5,64778.6,479.061
1718829900000,64778.5,64894.4,64727.6,64887.5,462.842
1718830800000,64887.5,65024.9,64841.1,64995.4,554.814
1718831700000,64995.3,65071.6,64944,65055.6,413.049
1718832600000,65055.6,65098.2,65018.2,65071.2,172.619
1718833500000,65071.2,65081.5,65011.3,65016,199.774
1718834400000,65015.9,65061.5,64950,64954.5,328.91
1718835300000,64954.4,65022.7,64937.4,64979.9,327.482
1718836200000,64979.9,64989.9,64929.4,64964.8,227.964
1718837100000,64964.8,64964.9,64825.5,64829.6,279.663
1718838000000,64829.7,64931.1,64793.5,64931.1,357.081
1718838900000,64931.1,64942.8,64864.1,64908.9,171.171
1718839800000,64913.9,64916.9,64806.9,64880,298.118
1718840700000,64880,65005,64852.4,64970.1,367.74
1718841600000,64970,65018.6,64840.9,65014.9,588.236
1718842500000,65015,65016.5,64880,64910.5,287.097
1718843400000,64910.5,65079.9,64876.2,65037.7,608.011
1718844300000,65037.8,65116.5,64908.9,65105,685.867
1718845200000,65108.1,65173.4,65040,65168.8,743.275
1718846100000,65168.7,65330,65101.8,65282.9,1075.578
1718847000000,65283,65423.3,65172,65262.6,1400.105
1718847900000,65262.5,65278,65061,65169.7,1021.842
1718848800000,65169.8,65170,64976,65063.8,570.578
1718849700000,65063.7,65220,64996.1,65161.1,1083.147
1718850600000,65161.1,65242.8,65088,65147.8,638.577
1718851500000,65147.7,65210,65099,65210,254.516
1718852400000,65209.9,65235,65105.5,65123,187.338
1718853300000,65122.9,65167.8,65101,65164.5,111.557
1718854200000,65164.4,65231.6,65153.3,65199.1,151.274
1718855100000,65199,65255,65148,65200.1,462.848
1718856000000,65200.2,65206.9,65089.4,65096.7,298.001
1718856900000,65096.7,65204.9,65095.8,65160.2,318.394
1718857800000,65160.4,65260,65144.4,65158.9,400.476
1718858700000,65159,65342.9,65138.7,65305.6,927.187
1718859600000,65305.6,65391.3,65239.4,65314.8,1053.889
1718860500000,65314.7,65386.7,65272.3,65364.7,687.818
1718861400000,65364.7,65468.8,65364.6,65403.9,684.831
1718862300000,65404,65623.2,65404,65517.9,1583.351
1718863200000,65517.9,65644,65469,65594.2,1082.455
1718864100000,65594.1,65600,65480.7,65543.9,699.031
1718865000000,65543.9,65632.8,65506.7,65506.7,784.772
1718865900000,65506,65529.9,65387,65475,620.934
1718866800000,65475,65582,65474.9,65581.8,523.562
1718867700000,65581.9,65988,65581.7,65854.1,3462.599
1718868600000,65854,65973.5,65782.4,65845.5,2108.871
1718869500000,65845.4,65897.7,65808.2,65857.8,551.197
1718870400000,65857.9,65913.3,65756.4,65782.3,667.677
1718871300000,65782.3,65824,65718,65756.5,656.904
1718872200000,65756.4,65784.5,65591.1,65699,1151.528
1718873100000,65699.1,65733,65616.9,65684.9,551
1718874000000,65684.9,65727.5,65631.9,65635.2,556.205
1718874900000,65635.1,65675,65571.8,65620,891.571
1718875800000,65620,65747.2,65606.1,65655.3,423.317
1718876700000,65655.3,65744,65629.9,65716,390.54
1718877600000,65716,65730,65642,65719.1,232.24
1718878500000,65719.1,65761.8,65667,65721.4,260.766
1718879400000,65722.6,65821.9,65722.6,65778.1,397.834
1718880300000,65778.1,66342.8,65770.7,66207.6,4056.884
1718881200000,66207.6,66444,66100,66406.1,2709.74
1718882100000,66406.2,66465.6,66288,66420,1377.65
1718883000000,66419.9,66485,66168.3,66214.1,2013.552
1718883900000,66214.1,66245.6,66129.9,66171.9,1068.327
1718884800000,66171.9,66300,66068.4,66107.5,1288.341
1718885700000,66107.5,66142.2,65866,66055.6,2376.478
1718886600000,66055.9,66186.8,65888.4,66023.6,1558.047
1718887500000,66023.6,66132,65940,65989,740.388
1718888400000,65988.9,66007.3,65773.5,65781.7,1714.246
1718889300000,65781.7,65805,65223.6,65381.9,5706.973
1718890200000,65382,65496.6,65170,65421.4,3207.744
1718891100000,65421.5,65506,65150.2,65160,1937.833
1718892000000,65160,65212,64789.2,64842.2,4239.956
1718892900000,64842.1,65080,64660,65080,4136.945
1718893800000,65080,65176.9,64872.9,64894.8,1884.24
1718894700000,64894.8,65042.8,64803.8,64971.3,1066.603
1718895600000,64971.3,65010.3,64800,65010.3,1463.671
1718896500000,65010.2,65010.3,64825,64834.1,713.788
1718897400000,64834.2,65133.9,64827,65081.5,943.81
1718898300000,65081.5,65149.9,64828.5,64828.6,1422.202
1718899200000,64828.7,64880.2,64615.6,64766,2804.333
1718900100000,64765.4,64820,64550.8,64689.4,1896.727
1718901000000,64689.4,64926.3,64572,64863.3,1768.289
1718901900000,64862.9,64968.8,64820,64895.7,739.481
1718902800000,64896,64930.2,64718,64900,759.582
1718903700000,64899.9,64931,64727,64778.1,422.3
1718904600000,64778.1,64837.4,64707.1,64743,903.303
1718905500000,64743,65033.8,64686.9,64981.9,1264.164
1718906400000,64981.9,65120,64933.4,64998.2,873.366
1718907300000,64998.1,65233,64982.2,65185,1192.55
1718908200000,65185,65194.1,65006,65073.7,651.438
1718909100000,65073.7,65164.8,65045.3,65120.7,340.47
1718910000000,65120.7,65125.5,65010,65059.8,379.196
1718910900000,65059.8,65108.8,64841.6,65091.2,616.985
1718911800000,65090,65090,64952.3,65035.3,498.923
1718912700000,65035.3,65077.5,64927.9,65067.3,830.319
1718913600000,65067.5,65192.1,65048.8,65090.2,650.529
1718914500000,65090.2,65153.8,65029,65040.9,228.48
1718915400000,65040.9,65075.4,65000.3,65062.2,321.619
1718916300000,65061.6,65130.9,65058.3,65115.1,255.178
1718917200000,65115.1,65127.1,65086.5,65111.6,230.594
1718918100000,65111.6,65196.4,65105.6,65190,223.441
1718919000000,65190,65200,65035,65082.1,267.51
1718919900000,65082.1,65082.2,65041.2,65050.1,125.809
1718920800000,65050,65168,65047.6,65148.2,333.748
1718921700000,65148.2,65148.2,65042.2,65051.5,187.054
1718922600000,65051.5,65054.8,64990.2,65012,205.951
1718923500000,65012,65043,64973,65004,178.588
1718924400000,65004,65071.9,64997.7,65003.8,259.979
1718925300000,65003.8,65028.2,64961.8,64973.6,378.166
1718926200000,64973.5,64979.1,64937.6,64949.8,256.335
1718927100000,64949.8,64964.1,64868.7,64887.9,287.384
1718928000000,64888,64949.5,64720,64741.6,709.45
1718928900000,64741.6,64890,64637.8,64840.2,1322.372
1718929800000,64840.1,64951.9,64775.1,64898.5,795.911
1718930700000,64898.6,64898.6,64754.5,64840.1,634.854
1718931600000,64840.1,64958,64656.3,64693.5,988.639
1718932500000,64693.5,64933.6,64673.4,64933.6,467.229
1718933400000,64933.6,65030,64908.5,64921.4,720.781
1718934300000,64921.4,64996.2,64903.6,64987.9,340.278
1718935200000,64987.9,65083,64900,64949.8,1002.257
1718936100000,64949.9,64961.2,64899.8,64915.8,246.572
1718937000000,64915.8,64935.5,64732.7,64827.3,707.62
1718937900000,64827.3,64844.4,64741.2,64800.6,561.001
1718938800000,64800.7,64824,64739.4,64817.3,802.856
1718939700000,64817.3,64842,64771.2,64784,343.409
1718940600000,64784,64813.6,64650,64754.4,944.031
1718941500000,64754.3,64785.8,64342,64502.6,2641.309
1718942400000,64502.6,64590.5,64305,64549.8,2356.978
1718943300000,64549.9,64652.4,64518,64599.7,1105.41
1718944200000,64599.6,64648.2,64574.1,64644,549.245
1718945100000,64643.9,64679.5,64590.2,64674.5,502.326
1718946000000,64674.5,64683.5,64520.4,64550,704.816
1718946900000,64549.9,64600,64507.5,64600,531.447
1718947800000,64599.9,64656.9,64573.8,64579.1,349.284
1718948700000,64579,64688.9,64574.7,64668,368.983
1718949600000,64667.9,64741.4,64621.7,64736.9,411.08
1718950500000,64736.9,64748.9,64594.7,64641.9,398.726
1718951400000,64642,64700,64616,64628,197.794
1718952300000,64628,64665.9,64555.4,64626.6,364.295
1718953200000,64626.7,64705.3,64603.4,64682.7,333.01
1718954100000,64682.7,64736.2,64663.3,64736,431.928
1718955000000,64735.9,64735.9,64550,64550.1,387.104
1718955900000,64550,64557.9,64188,64208.6,3244.29
1718956800000,64208.7,64369.8,64180,64293.9,1710.319
1718957700000,64293.8,64374.3,64242,64251.8,684.148
1718958600000,64251.7,64311.2,64120,64228.8,1625.972
1718959500000,64228.7,64245.8,63512.1,63638.5,9925.427
1718960400000,63638.5,63812.1,63555,63688.1,2482.447
1718961300000,63688.1,63919.2,63610.3,63892.7,1715.398
1718962200000,63892.7,64305,63850,64125.9,2891.647
1718963100000,64125.9,64278.2,64060.7,64097.5,957.171
1718964000000,64097.6,64175.1,63940,63970.4,1149.659
1718964900000,63970.5,64048.8,63901,63917.3,645.229
1718965800000,63917.3,64043.8,63801.3,63980.6,869.066
1718966700000,63980.6,64020,63890,63900.9,406.385
1718967600000,63900.9,64065.8,63863.4,63988.2,699.154
1718968500000,63988.1,64026.1,63938.3,63986,430.048
1718969400000,63986.1,63993.5,63688,63728,1283.017
1718970300000,63727.9,63834.9,63674,63774.7,1130.153
1718971200000,63774.6,63941.9,63565.9,63609.2,1596.164
1718972100000,63609.1,63770.1,63512,63760.7,1522.274
1718973000000,63760.7,63817.6,63627.6,63710.2,571.051
1718973900000,63710.2,63867.3,63590.9,63828,920.063
1718974800000,63828.1,63860.3,63662.1,63745.4,729.574
1718975700000,63745.4,63857.6,63576.1,63645.3,1140.606
1718976600000,63645.4,63903,63411,63815.1,3563.31
1718977500000,63815,63815,63360,63626.6,3214.219
1718978400000,63626.6,63832.2,63460,63832.1,1516.527
1718979300000,63832.2,64141.5,63814.2,64034.1,2811.504
1718980200000,64034,64249.9,64020,64106.2,2243.993
1718981100000,64104.9,64365,64083.8,64224.8,2213.206
1718982000000,64224.7,64347.1,64152.1,64181.8,1194.359
1718982900000,64181.7,64181.8,63872.7,63919.5,1445.219
1718983800000,63919.5,63979.9,63480,63500.7,2694.348
1718984700000,63500.8,63795.2,63434,63726.7,2309.596
1718985600000,63726.6,63838,63577,63654.9,1215.152
1718986500000,63654.9,63818.4,63616.2,63706.1,873.74
1718987400000,63706.1,63797.3,63673.6,63740.7,440.255
1718988300000,63740.7,63773.1,63555.4,63653.9,700.321
1718989200000,63653.8,63894.7,63545,63769.7,959.725
1718990100000,63769.6,63769.6,63458.8,63594,1251.174
1718991000000,63594,63742,63477,63712.1,681.295
1718991900000,63712.2,63849.3,63655.2,63659.9,817.583
1718992800000,63660,63826.4,63628.4,63802.9,441.773
1718993700000,63802.4,63990,63774.8,63984.1,1067.019
1718994600000,63984.1,64054.5,63894.5,64046,992.256
1718995500000,64046,64183.4,63983.3,64162.1,943.275
1718996400000,64162,64209.6,63927.8,63976,1069.895
1718997300000,63976,64096.5,63968,64032,386.52
1718998200000,64032.1,64162.9,64032.1,64148.3,649.391
1718999100000,64148.2,64268,64090,64230,982.578
1719000000000,64230,64398.3,64205.2,64282.2,1315.929
1719000900000,64282.2,64478.2,64267.9,64268,1058.425
1719001800000,64267.9,64273,64110.8,64130.3,534.538
1719002700000,64130.2,64231.9,64120,64207.9,351.749
1719003600000,64208,64215.7,64089.3,64142.8,340.36
1719004500000,64142.8,64151.1,63841,63925.6,927.748
1719005400000,63925.7,64073.3,63900,64032.1,234.747
1719006300000,64032.1,64101.4,64028.9,64081.9,139.883
1719007200000,64082,64173.5,64082,64165.3,248.705
1719008100000,64165.4,64208.4,64165.3,64189.2,193.887
1719009000000,64189.1,64192.4,64132.5,64188.5,267.801
1719009900000,64188.5,64191.9,64157,64163.4,72.829
1719010800000,64163.3,64234.4,64104.4,64182.2,347.763
1719011700000,64182.2,64182.2,64067.2,64119.8,447.104
1719012600000,64119.8,64156.7,64098,64109.1,371.5
1719013500000,64109.1,64152.5,64084.7,64152.4,165.588
1719014400000,64152.5,64188,64100,64102.9,285.009
1719015300000,64102.8,64159.7,64049.9,64063.8,286.751
1719016200000,64063.9,64109.4,63932,63987,573.14
1719017100000,63987,64060.2,63975,64059.8,296.166
1719018000000,64059.8,64183,64048.6,64149.6,261.949
1719018900000,64149.6,64167.5,64072.2,64094.9,145.561
1719019800000,64094.9,64175,64089,64163.9,144.236
1719020700000,64164,64222.2,64150,64150.1,267.099
1719021600000,64150,64335.8,64150,64294.6,543.4
1719022500000,64294.5,64318,64238,64255.5,421.441
1719023400000,64255.5,64343.9,64224,64284.3,361.038
1719024300000,64284.3,64314.8,64211.1,64296.4,435.818
1719025200000,64296.3,64324.6,64278,64324.6,290.975
1719026100000,64324.5,64324.6,64260,64311.7,256.668
1719027000000,64311.1,64320,64263.7,64277.8,227.025
1719027900000,64277,64318.5,64261.2,64318.5,162.761
1719028800000,64318.5,64367.5,64267,64275.9,394.23
1719029700000,64276,64280,64240.8,64269.5,226.248
1719030600000,64269.5,64285.7,64248.1,64285.7,215.78
1719031500000,64285.7,64355.7,64274.8,64351.1,242.656
1719032400000,64351.1,64351.1,64244,64269.8,388.653
1719033300000,64269.8,64356.9,64269.8,64356.9,276.481
1719034200000,64357,64390,64324,64356.9,506.995
1719035100000,64356.9,64421.8,64356.9,64415,505.718
1719036000000,64415,64454.9,64373.6,64420,629.881
1719036900000,64420,64461.8,64354.5,64396.6,486.929
1719037800000,64396.6,64493,64362.4,64489.3,453.256
1719038700000,64489.1,64520,64391.4,64423.7,624.564
1719039600000,64423.7,64437.8,64309.9,64353.1,801.27
1719040500000,64353.2,64400,64313.6,64399.9,432.858
1719041400000,64400,64478.8,64387.6,64471.2,462.705
1719042300000,64471.2,64539.8,64430.1,64521.6,1008.162
1719043200000,64521.5,64533.4,64348.1,64400.2,1430.395
1719044100000,64400.2,64400.2,64299.1,64357.1,652.394
1719045000000,64357.1,64357.2,64292.6,64331.3,304.115
1719045900000,64331.4,64349.4,64273.9,64292.8,351.593
1719046800000,64292.9,64313.3,64265.9,64295.9,710.1
1719047700000,64295.9,64341.4,64200,64316.7,1297.746
1719048600000,64316.8,64321.7,64253.7,64315.2,380.56
1719049500000,64315.2,64344.2,64296,64330.3,362.63
1719050400000,64330.4,64360,64273.4,64358,411.382
1719051300000,64357.9,64383,64276.9,64316.7,377.654
1719052200000,64316.7,64331.2,64281.7,64322.1,156.596
1719053100000,64322,64329,64309.5,64321.8,79.952
1719054000000,64321.8,64331.2,64300.1,64300.1,169.665
1719054900000,64300.1,64300.2,64250,64264.2,216.561
1719055800000,64264.2,64304.7,64264.2,64302.4,162.239
1719056700000,64302.4,64319.8,64257.3,64281.5,197.253
1719057600000,64281.6,64314.1,64281.5,64297.7,79.039
1719058500000,64297.6,64345,64291.2,64320.5,156.695
1719059400000,64320.4,64344.2,64301.8,64334.9,173.261
1719060300000,64334.8,64334.9,64269.3,64298.5,280.361
1719061200000,64298.5,64299,64258,64258,128.704
1719062100000,64258,64302.7,64255.2,64302.6,122.979
1719063000000,64302.6,64310.2,64280,64300.9,151.113
1719063900000,64301,64301,64264.7,64283.3,173.654
1719064800000,64283.2,64305.4,64260,64297.5,290.088
1719065700000,64297.5,64400,64297.5,64368,460.995
1719066600000,64368,64368,64321.7,64332.7,135.829
1719067500000,64332.6,64332.6,64273.9,64283.9,184.807
1719068400000,64284,64310.9,64270,64285,240.235
1719069300000,64285,64285.1,64260,64266.8,177.027
1719070200000,64266.7,64308.5,64260.7,64291.1,183.477
1719071100000,64291.1,64314.5,64250,64308.5,284.939
1719072000000,64308.5,64340.7,64262.8,64279.9,211.22
1719072900000,64280,64320,64272.2,64302.1,105.325
1719073800000,64302.2,64363.2,64280,64356.3,274.763
1719074700000,64356.2,64356.3,64314.1,64320.1,118.502
1719075600000,64320,64361.9,64294.3,64294.4,237.731
1719076500000,64294.3,64308.7,64293.8,64308.7,98.282
1719077400000,64308.7,64321.7,64288.8,64288.8,83.547
1719078300000,64288.8,64303.4,64250,64255.1,383.495
1719079200000,64255.2,64285,64250,64275.6,111.249
1719080100000,64275.7,64280.3,64262,64280.3,74.706
1719081000000,64280.2,64328,64280.2,64300,82.87
1719081900000,64300.1,64300.1,64268.1,64268.2,69.454
1719082800000,64268.2,64277.5,64251,64270,88.798
1719083700000,64270,64305.1,64251,64251.1,156.04
1719084600000,64251,64270,64223.7,64270,198.143
1719085500000,64270,64298.7,64269.9,64298.2,88.06
1719086400000,64298.3,64306.8,64251.7,64275.7,171.672
1719087300000,64275.7,64308.4,64267.9,64280,178.338
1719088200000,64280,64280.1,64250,64257.3,95.035
1719089100000,64257.4,64294.1,64257.3,64288.9,82.306
1719090000000,64288.9,64299.2,64272.2,64299.2,81.077
1719090900000,64299.3,64328.5,64299.2,64327.9,111.031
1719091800000,64327.9,64327.9,64285,64292.7,168.842
1719092700000,64292.8,64340.2,64292.7,64319.9,124.841
1719093600000,64319.9,64327.3,64279.4,64279.4,80.927
1719094500000,64279.4,64301.8,64269.6,64301.8,57.165
1719095400000,64301.7,64311.8,64301.7,64305,41.083
1719096300000,64305.1,64317,64304.9,64316.9,43.819
1719097200000,64317,64331.3,64316.9,64321,72.39
1719098100000,64321.1,64330,64312.9,64312.9,144.836
1719099000000,64313,64313,64257.5,64257.6,245.86
1719099900000,64257.5,64285.5,64253.8,64266.3,200.615
1719100800000,64266.3,64356.5,64266.3,64356.5,237.382
1719101700000,64356.4,64389.8,64329.3,64344.3,290.086
1719102600000,64344.4,64498.7,64344.3,64491.9,654.095
1719103500000,64491.9,64529.6,64436.3,64484.6,753.399
1719104400000,64484.6,64523,64316.1,64380,751.29
1719105300000,64379.9,64450.9,64345.1,64430.6,314.259
1719106200000,64430.7,64494,64430.6,64450.2,192.159
1719107100000,64450.2,64493.5,64445.1,64471.6,115.267
1719108000000,64471.7,64471.7,64424.3,64426.5,107.168
1719108900000,64426.6,64445.9,64390.1,64390.1,107.552
1719109800000,64390,64425.7,64375.6,64375.6,140.004
1719110700000,64375.7,64516.1,64368.2,64516.1,336.288
1719111600000,64516.3,64518,64443.1,64443.1,289.48
1719112500000,64443.1,64481.9,64443.1,64452.7,123.748
1719113400000,64452.6,64467.5,64437,64446,173.903
1719114300000,64446.1,64470,64416.8,64419.7,222.39
1719115200000,64419.7,64430.7,64396.6,64409.4,283.539
1719116100000,64409.4,64450.7,64385,64385,416.029
1719117000000,64385,64387.2,64378.8,64383.4,132.105
1719117900000,64383.5,64392,64381.4,64381.6,87.273
1719118800000,64381.6,64429.3,64381.5,64400,116.941
1719119700000,64400.1,64400.1,64361.6,64361.6,81.679
1719120600000,64361.6,64361.6,64350,64360,181.263
1719121500000,64360,64390.4,64359.9,64378.9,68.971
1719122400000,64378.9,64388.5,64378.9,64388.4,84.038
1719123300000,64388.5,64396.9,64388.5,64395.6,76.734
1719124200000,64395.6,64424.4,64384.9,64404.9,110.298
1719125100000,64404.9,64404.9,64378,64382.5,91.166
1719126000000,64382.5,64398.7,64377,64398.7,80.489
1719126900000,64398.6,64437,64398.6,64432,109.67
1719127800000,64432,64432,64390.1,64390.5,142.938
1719128700000,64390.5,64416.1,64382.9,64416.1,101.952
1719129600000,64416.1,64437.3,64395.9,64396,121.383
1719130500000,64395.9,64396,64380.6,64380.7,54.627
1719131400000,64380.7,64380.7,64380.4,64380.5,67.518
1719132300000,64380.4,64383.4,64374.9,64383.4,65.392
1719133200000,64383.4,64424,64383.3,64420.9,223.831
1719134100000,64420.9,64422.1,64403.1,64417,117.891
1719135000000,64417,64417,64395.1,64408.2,134.443
1719135900000,64408.1,64410,64397.2,64409.9,62.526
1719136800000,64409.9,64410,64318.4,64349,598.382
1719137700000,64349.1,64387.3,64337.3,64379.9,159.944
1719138600000,64379.9,64379.9,64351.3,64351.3,109.272
1719139500000,64351.3,64351.3,64288,64308.1,293.769
1719140400000,64308.1,64328.4,64262.5,64328.4,366.404
1719141300000,64328.4,64330,64251.3,64296.1,302.406
1719142200000,64296.1,64335.1,64284,64308.5,189.422
1719143100000,64308.5,64346.7,64293.7,64346.7,183.089
1719144000000,64346.7,64354.7,64318.5,64326,126.703
1719144900000,64325.9,64353.8,64320.1,64353.7,77.412
1719145800000,64353.8,64377.4,64353.7,64369,117.383
1719146700000,64369.1,64382,64362.5,64382,84.337
1719147600000,64381.9,64439.1,64346.7,64349.9,315.887
1719148500000,64349.9,64354.7,64293.8,64299.6,239.457
1719149400000,64299.7,64338.3,64290.3,64315.1,132.551
1719150300000,64315,64316.3,64265,64312.3,249.671
1719151200000,64312.4,64327.8,64250,64259.2,298.854
1719152100000,64259.3,64288.3,64210,64276.2,584.903
1719153000000,64276.1,64302.3,64276.1,64298.6,187.512
1719153900000,64298.7,64298.7,64156.4,64203.9,856.399
1719154800000,64204,64204,64111,64185.2,733.918
1719155700000,64185.3,64220,64101,64154.6,658.299
1719156600000,64154.6,64186.4,64144.1,64161.6,230.659
1719157500000,64161.6,64165.2,64070.1,64103.5,483.404
1719158400000,64103.5,64155.9,64050.9,64155.9,439.095
1719159300000,64156,64193.7,64093.8,64114,284.751
1719160200000,64114,64148,64104.1,64132.5,100.027
1719161100000,64132.4,64132.5,63925,63939.2,1350.993
1719162000000,63939.3,64069.1,63931.1,64068,634.18
1719162900000,64068,64186.4,64061.4,64079.4,618.471
1719163800000,64079.4,64195,64079.3,64126.2,463.413
1719164700000,64126.2,64145.2,64093.3,64130.1,131.268
1719165600000,64130.1,64168.2,64088,64105.9,306.611
1719166500000,64105.9,64124.9,64082.6,64088,84.36
1719167400000,64088,64129.7,64077.1,64126.3,117.171
1719168300000,64126.4,64141.1,64096.1,64123.4,105.757
1719169200000,64123.5,64165,64108.8,64162,153.022
1719170100000,64162.1,64196.4,64150,64159.6,194.556
1719171000000,64159.6,64159.7,64095.5,64130.2,100.652
1719171900000,64130.2,64155,64110,64155,128.653
1719172800000,64155,64165.2,64113,64113.1,90.783
1719173700000,64113.1,64113.1,63991.7,64023.8,245.966
1719174600000,64023.9,64023.9,63597.9,63788.1,2509.46
1719175500000,63788,63861.2,63721.1,63748.2,642.116
1719176400000,63748.2,63818.2,63555,63688.2,1084.029
1719177300000,63688.1,63790,63531,63746.1,657.927
1719178200000,63746.1,63857.1,63689.8,63848,273.478
1719179100000,63848,63850,63768.6,63838.9,300.031
1719180000000,63838.8,63838.9,63675.5,63697.9,454.606
1719180900000,63697.9,63786.5,63675,63708.6,316.658
1719181800000,63708.6,63739.8,63656.7,63703.4,279.974
1719182700000,63703.4,63709,63631.1,63661.4,231.113
1719183600000,63661.3,63701.9,63600,63682.1,390.009
1719184500000,63682,63682,63539.9,63543.2,581.586
1719185400000,63543.3,63560,63200,63367.3,3255.192
1719186300000,63367.3,63390.2,63160.8,63203.8,1524.2
1719187200000,63203.8,63297.5,62903.3,63087.6,3460.145
1719188100000,63087.7,63200,63052.3,63100,1661.87
1719189000000,63100.1,63328.9,62905,63256.6,1925.972
1719189900000,63256.5,63300,63026.4,63080,1181.484
1719190800000,63080,63156.2,63003.2,63052.6,824.193
1719191700000,63052.6,63229.4,62921.3,63229.4,2443.25
1719192600000,63229.4,63295.1,63168,63219.9,798.968
1719193500000,63219.9,63342,63207,63310.7,649.308
1719194400000,63310.7,63370.7,63212,63237.1,772.542
1719195300000,63237.2,63300,63200,63214,428.512
1719196200000,63214.1,63266.2,63077.7,63077.8,575.52
1719197100000,63077.8,63117,62666.8,62876.9,4029.13
1719198000000,62877,62976.9,62762.7,62976.8,1501.032
1719198900000,62976.9,63086,62928.5,63002.7,860.658
1719199800000,63002.7,63002.7,62880.7,62889.4,507.365
1719200700000,62889.4,62953,62855.4,62867.9,420.537
1719201600000,62868,62886.9,62655,62690,1523.898
1719202500000,62690,62801.9,62686.7,62750.7,855.407
1719203400000,62750.6,62950,62709.2,62895.8,873.678
1719204300000,62895.8,62954,62840,62840,504.731
1719205200000,62840.1,62887.1,62711.1,62745.4,792.004
1719206100000,62745.4,62767.7,62489.2,62631.8,3599.172
1719207000000,62631.9,62649.3,62266.3,62284,3814.487
1719207900000,62284,62449.4,62276.1,62310.8,1814.682
1719208800000,62310.9,62399.4,62158.4,62291.8,2927.648
1719209700000,62291.7,62400,62223,62321,1273.472
1719210600000,62321,62433.2,62319.4,62358.6,665.297
1719211500000,62358.5,62400,62272,62395.4,932.901
1719212400000,62395.5,62410,62216.1,62293.8,1309.22
1719213300000,62293.3,62300,62188,62299.9,991.968
1719214200000,62300,62563.4,62288.1,62560.6,1624.054
1719215100000,62560.6,62587,62426.1,62457.1,777.162
1719216000000,62457.1,62560,62327.2,62383.1,932.793
1719216900000,62383.2,62769.2,62352.3,62725,1982.714
1719217800000,62724.9,62963.2,62694,62843,2162.532
1719218700000,62843,62944.1,62590.9,62738.4,2064.43
1719219600000,62738.9,62864.5,62463.3,62502.5,1766.611
1719220500000,62502.5,62540.7,62024.4,62149.9,4276.466
1719221400000,62149.9,62149.9,60600,61074,20592.541
1719222300000,61074.1,61490.6,61030.9,61394.1,3234.358
1719223200000,61394,61571.6,61307.2,61492.2,2214.943
1719224100000,61492.2,61564.9,61233.9,61346.3,1952.036
1719225000000,61346.3,61354.7,61135.1,61190,1475.352
1719225900000,61190,61268,61125.1,61178.4,1137.916
1719226800000,61178.3,61300,61033.7,61088.1,1687.437
1719227700000,61088,61180.4,60856,60895.6,2573.73
1719228600000,60895.5,61180,60834.1,61174.4,1386.087
1719229500000,61174.4,61383.7,61130.3,61282.3,1144.851
1719230400000,61282,61388,61200.1,61380.4,1108.215
1719231300000,61380.5,61495.7,61325,61332.2,1362.35
1719232200000,61332.1,61384.9,61130,61132.4,1138.482
1719233100000,61132.4,61220,61121.5,61220,642.749
1719234000000,61220,61220,61027.5,61042.4,1022.955
1719234900000,61042.3,61288,60937.2,61270,1893.041
1719235800000,61270,61554,61247.4,61330.3,2413.271
1719236700000,61330.3,61650,61253.6,61577.9,1950.455
1719237600000,61577.9,61699.9,61406.5,61443.2,2024.737
1719238500000,61443.1,61478.6,61254.7,61264.8,1403.596
1719239400000,61264.9,61415,61133.9,61154.2,1316.566
1719240300000,61154.2,61360,61087.6,61297.9,1725.953
1719241200000,61297.9,61365.8,61158.2,61210.2,827.106
1719242100000,61210.2,61349.9,61120,61275,896.787
1719243000000,61275.1,61337.5,61088.6,61170.6,1139.745
1719243900000,61170.6,61173.5,60680,60853.1,3766.166
1719244800000,60853.2,60952.6,60653.2,60922.1,2929.199
1719245700000,60922.1,61056.1,60725,60876.1,2184.012
1719246600000,60876.1,60961.8,60357.1,60561.8,4873.923
1719247500000,60561.8,60568.3,59919.4,60172.1,8545.59
1719248400000,60172.2,60499,59788,60204.3,6318.425
1719249300000,60204.3,60548.2,59937.4,59979.9,4693.307
1719250200000,59979.9,60456.3,59872.6,60266,3333.539
1719251100000,60265.9,60371.9,60086.2,60257.4,1866.718
1719252000000,60258.2,60300,59941.3,59984,1632.25
1719252900000,59983.9,60460,59701.6,60426.7,4460.273
1719253800000,60426.6,60486.7,60238.1,60281.6,1305.175
1719254700000,60281.6,60449.9,60240,60414.2,952.223
1719255600000,60414.1,60486,60199.9,60212.1,1330.759
1719256500000,60212,60212.1,59934.5,60049.3,1646.487
1719257400000,60048.1,60171,59811.2,59867.4,1660.933
1719258300000,59867.3,59881.8,59051.5,59322.1,8575.51
1719259200000,59319.6,59677.4,59254.5,59338,3912.328
1719260100000,59337.9,59395.9,58658,58916.3,5588.468
1719261000000,58916.2,59342.3,58351,59190.6,8023.789
1719261900000,59190.7,59536,59154.1,59505.3,1810.628
1719262800000,59505.3,59650,59411.7,59622,1697.789
1719263700000,59621.9,59888,59575.5,59792.2,1399.784
1719264600000,59792.2,59998.9,59792.1,59904.7,1812.325
1719265500000,59904.8,60123.2,59858.8,60110.1,932.509
1719266400000,60110.2,60123.3,59969.5,60063.1,918.966
1719267300000,60063.1,60174.3,60004,60165,741.756
1719268200000,60164.9,60265.4,60113.4,60121.5,1074.762
1719269100000,60121.5,60134.9,60040.9,60043.6,521.189
1719270000000,60043.7,60275.7,59982.5,60200,780.109
1719270900000,60200,60274.9,60130.1,60203.5,464.065
1719271800000,60203.4,60430,60193.1,60392.6,1014.338
1719272700000,60392.5,60426.6,60275.4,60280.3,1064.734
1719273600000,60280.2,60334.5,60243,60256.4,543.645
1719274500000,60256.4,60480,60255,60368.9,798.86
1719275400000,60368.9,60424,60300,60376.4,444.975
1719276300000,60376.3,60645.9,60340,60400,1667.03
1719277200000,60400,60504.6,60324.5,60453.6,525.446
1719278100000,60453.6,60455.4,60285.6,60322.7,474.297
1719279000000,60322.7,60439.9,60270.3,60379.2,462.25
1719279900000,60379.1,60491.4,60306.4,60491.4,367.651
1719280800000,60491.4,60640,60456,60456,873.067
1719281700000,60456,60546.8,60404,60460.3,536.997
1719282600000,60466.9,60720.8,60466.9,60533.7,917.274
1719283500000,60533.6,60736.4,60533.6,60674.7,902.054
1719284400000,60673.2,61286.3,60627,61170,4712.446
1719285300000,61169.9,61430,61106.1,61338.4,2332.001
1719286200000,61338.3,61571.2,61317.6,61566.9,1953.932
1719287100000,61566.8,61589.8,61264,61299.9,2263.635
1719288000000,61300,61376.5,61164.2,61193.6,1490.153
1719288900000,61193.6,61325.9,61193.6,61316.5,682.011
1719289800000,61316.5,61420,61266.7,61292.3,753.894
1719290700000,61292.4,61415.3,61247.4,61374,527.892
1719291600000,61374.1,61417.5,61334.2,61353.4,435.507
1719292500000,61353.4,61387.6,61289,61289,624.127
1719293400000,61289,61309.8,60978,61010.6,1562.903
1719294300000,61010.1,61082.4,60939,61030.1,1012.284
1719295200000,61030.1,61082.5,60966,61025.7,663.661
1719296100000,61025.7,61110,60990,61044.1,560.219
1719297000000,61044,61186.8,61044,61119.5,863.329
1719297900000,61119.5,61166.6,61089,61144,420.074
1719298800000,61143.9,61252,60966,60979.1,1051.533
1719299700000,60979.1,61008.5,60811.7,60840.1,1360.629
1719300600000,60840,60907.7,60736.1,60740,1290.335
1719301500000,60740.1,60833.5,60632.9,60693.2,1642.586
1719302400000,60693.3,60913.4,60681.4,60898,1042.717
1719303300000,60897.9,60921.7,60730.5,60761.5,831.797
1719304200000,60761.5,60788,60688,60763,601.456
1719305100000,60763.1,60888,60710.1,60868.6,483.082
1719306000000,60868.6,60947.9,60839.8,60929.9,537.603
1719306900000,60929.9,60980,60862.9,60935.7,532.695
1719307800000,60935.1,61125,60898.9,61058,1391.526
1719308700000,61057.9,61622.4,61005.6,61454.7,4514.61
1719309600000,61454.6,61459.6,61239.6,61275.3,1709.352
1719310500000,61275.3,61345,61210.4,61290,705.251
1719311400000,61290,61342,61167.1,61288.1,724.533
1719312300000,61288.1,61396,61250,61308.1,598.947
1719313200000,61308.1,61398.2,61275.4,61385.6,694.058
1719314100000,61385.6,61502.8,61200,61221.7,1147.797
1719315000000,61221.7,61227.7,61146.4,61153,489.635
1719315900000,61153,61317,61110.5,61188.2,606.518
1719316800000,61188.2,61235.7,60957.1,61114.2,1267.04
1719317700000,61114.1,61253.2,61072,61232.3,634.031
1719318600000,61232.3,61283.6,61080,61126.3,604.561
1719319500000,61128.2,61160.3,61008,61057.8,612.88
1719320400000,61058,61229.7,61041,61194,738.132
1719321300000,61194.1,61279.6,61117.6,61254.7,664.121
1719322200000,61254.6,61266,61013.6,61211,1606.364
1719323100000,61211,61443.7,61032.9,61199.9,1946.138
1719324000000,61200,61362.1,61152.1,61296.1,1210.085
1719324900000,61297.8,62150,61297.8,62091.7,6386.924
1719325800000,62091.7,62143.3,61841.9,61910.4,3678.197
1719326700000,61910.3,61950,61648.9,61771.9,2106.147
1719327600000,61771.9,61820.9,61328,61397.6,3238.062
1719328500000,61397.6,61868.4,61351.9,61768.3,2363.911
1719329400000,61764.9,61960,61759,61860,1171.248
1719330300000,61859.9,61920,61799.9,61819.6,1029.734
1719331200000,61819.6,61943.1,61700,61730,1140.102
1719332100000,61729.9,61788.6,61510.3,61591.3,1088.111
1719333000000,61591.4,61607.4,61470,61530.1,1099.913
1719333900000,61530,61545,61360,61390.3,917.101
1719334800000,61390.2,61716.7,61333.6,61700.4,1021.036
1719335700000,61700.5,61788.1,61595,61750,633.652
1719336600000,61750,61760,61559.5,61616.4,634.474
1719337500000,61616.4,61646.1,61392.9,61393,705.657
1719338400000,61393,61462.1,61134,61350,2169.907
1719339300000,61349.9,62031,61337,61984.2,3113.613
1719340200000,61984.1,62042.8,61870.8,62035.2,1272.826
1719341100000,62035.1,62250,61943.3,62154.8,3104.871
1719342000000,62154.8,62438,61908,61924.4,3121.171
1719342900000,61924.4,62027.9,61868.9,61957.9,667.614
1719343800000,61957.8,62046.6,61850.5,61884,489.324
1719344700000,61884,62149,61803.3,61979.2,1287.273
1719345600000,61977.5,62082.4,61881.7,61915.4,445.87
1719346500000,61915.4,62057.9,61890.3,61995.3,265.862
1719347400000,61996,62079.3,61948.7,62036.1,223.273
1719348300000,62036.1,62036.1,61886,61918.6,335.292
1719349200000,61918.5,61918.5,61811,61817.6,319.114
1719350100000,61817.5,61908,61817.5,61894.1,105.186
1719351000000,61894,62033,61889.7,61935.3,236.03
1719351900000,61935.3,61936.7,61886.2,61921,105.372
1719352800000,61921,62107.7,61921,62080.2,317.812
1719353700000,62080.2,62150,62080.2,62146,479.585
1719354600000,62146,62146,61965.8,61969.7,368.72
1719355500000,61969.6,61969.7,61854.1,61902.7,353.748
1719356400000,61902.7,61937.7,61715.1,61715.2,885.779
1719357300000,61715.2,61743.5,61653.9,61696.9,514.996
1719358200000,61696.9,61739.1,61656,61708.1,342.948
1719359100000,61708.1,61813,61692.9,61793.8,607.153
1719360000000,61793.9,61834,61712.8,61729.8,361.018
1719360900000,61729.8,61830,61726.6,61830,281.905
1719361800000,61830.8,61833,61628.9,61662.9,473.396
1719362700000,61663,61796.5,61662.9,61758,368.804
1719363600000,61758.1,61908.4,61713.3,61906,442.948
1719364500000,61905.9,62081.5,61877.2,62001.9,823.561
1719365400000,62001.9,62016,61860.5,61988,645.398
1719366300000,61988.1,62177,61942.7,62077,958.654
1719367200000,62077.1,62380,61999.9,62331.3,1753.114
1719368100000,62331.3,62491.5,62103.3,62190.1,2079.264
1719369000000,62190.1,62251.8,62096.1,62096.2,387.852
1719369900000,62096.2,62114,62008.7,62016.5,574.665
1719370800000,62016.6,62067.9,61966,62050,583.214
1719371700000,62049.9,62050,61900.9,61905.2,684.987
1719372600000,61905.2,61979,61840.1,61939.2,809.43
1719373500000,61939.3,61997.9,61908,61925.9,312.937
1719374400000,61925.9,61984.4,61757.9,61787.6,805.216
1719375300000,61787.6,61812,61737,61800.8,518.245
1719376200000,61800.9,61800.9,61722,61748.6,538.529
1719377100000,61748.7,61799.8,61708,61708,405.842
1719378000000,61708,61784.5,61688,61764,686.447
1719378900000,61764.1,61812.1,61575.1,61599.5,1362.362
1719379800000,61599.5,61657,61585.1,61642.2,361.184
1719380700000,61642.1,61690.8,61565.5,61570.3,420.388
1719381600000,61570.3,61619.6,61530,61619.5,526.314
1719382500000,61619.6,61692,61573.8,61624.8,465.784
1719383400000,61624.9,61667.2,61550,61552.5,414.104
1719384300000,61552.6,61655.6,61540,61588.8,289.866
1719385200000,61588.8,61671.1,61548.9,61661.9,408.207
1719386100000,61662,61759.9,61621.8,61631.9,736.884
1719387000000,61631.9,61820.7,61539.6,61700,790.124
1719387900000,61700.1,61749.2,61672.2,61732.1,345.209
1719388800000,61732.1,61763.9,61550,61550,556.394
1719389700000,61550,61571.9,61368.4,61527.7,1475.796
1719390600000,61527.8,61571.4,61425.6,61539.9,475.104
1719391500000,61540,61588.2,61470.9,61482.4,309.567
1719392400000,61482.3,61487.1,61381.3,61460,554.744
1719393300000,61460,61514.7,61336.7,61510.1,664.063
1719394200000,61510,61529.2,61361,61361.1,352.705
1719395100000,61361.1,61432.1,61313.8,61379.6,522.856
1719396000000,61379.5,61419.4,61253.9,61339.5,650.847
1719396900000,61339.5,61339.6,61206,61308.8,1024.707
1719397800000,61308.8,61342.2,61233,61234.6,695.699
1719398700000,61234.5,61344.2,61161.6,61272.8,947.279
1719399600000,61272.8,61516.5,61272.8,61516.5,901.15
1719400500000,61516.4,61570.6,61345.4,61346.2,773.343
1719401400000,61346,61410,61314.2,61341.1,374.833
1719402300000,61341.2,61460,61313.2,61443.5,295.833
1719403200000,61443.5,61589.9,61367,61386,618.249
1719404100000,61386,61536.6,61369.3,61444.1,380.573
1719405000000,61444.1,61510.1,61330,61357.1,370.85
1719405900000,61357.1,61549.9,61341.1,61420,623.744
1719406800000,61420.1,61579.2,61370.3,61414.5,741.107
1719407700000,61414.6,61560,61400,61518,354.868
1719408600000,61518,61740.9,61478,61622.8,1553.106
1719409500000,61622.7,61834.7,61587.5,61754,1385.404
1719410400000,61754,61966,61708.7,61912.6,1642.275
1719411300000,61912.7,61988,61642.3,61654.1,1520.089
1719412200000,61654.9,61784.9,61543,61679.7,1173.324
1719413100000,61679.7,61887,61656,61721.8,937.109
1719414000000,61721.8,61760,61214,61263.1,2446.343
1719414900000,61261.7,61481,61242.3,61372.6,1207.456
1719415800000,61372.6,61434.7,61179.7,61324.2,1469.192
1719416700000,61324.1,61494.3,61304.2,61480,795.294
1719417600000,61480,61540.4,61384.6,61530.9,762.858
1719418500000,61530.8,61543,61403.8,61504,546.734
1719419400000,61504,61551,61427.1,61448,355.361
1719420300000,61448,61477.4,61162.5,61280,1550.644
1719421200000,61280,61280,60860.8,60937.6,3997.121
1719422100000,60938.9,61178.6,60855,61170.1,1501.057
1719423000000,61170,61379.1,60960,61030.3,2091.217
1719423900000,61030.3,61266,61000,61257.1,658.339
1719424800000,61257.1,61257.1,61011.9,61060.1,565.41
1719425700000,61060.2,61184.2,60967.7,61073,503.506
1719426600000,61077.1,61125.1,60917.5,61007.9,562.677
1719427500000,61008,61076.2,60912,60917.8,430.896
1719428400000,60917.7,60920.2,60730,60814.1,1803.914
1719429300000,60814.1,60883.2,60720,60820.6,824.966
1719430200000,60820.5,61133.3,60760,60910.6,1461.438
1719431100000,60910.6,61148.4,60762,61002.1,1556.547
1719432000000,61002.1,61170.9,60773.6,60792,1454.528
1719432900000,60792,60882.8,60720,60807.5,646.276
1719433800000,60806.5,60875,60753,60860.1,412.331
1719434700000,60860,61004.9,60836,61000.8,480.316
1719435600000,61000.9,61100.1,60975.9,60984.2,584.963
1719436500000,60984.2,61080.6,60928.1,61050.4,212.918
1719437400000,61050.5,61055.8,60980,61016.9,95.964
1719438300000,61017,61083,61000,61071.1,129.699
1719439200000,61071.1,61071.1,60978,60992.2,335.393
1719440100000,60992.2,61025.9,60941.5,60946.6,248.328
1719441000000,60946.5,60976,60840.6,60840.7,250.928
1719441900000,60840.6,60945,60786.8,60937.1,450.401
1719442800000,60937.1,60987.1,60870,60922.2,330.487
1719443700000,60922.2,60927.9,60793.1,60871.3,312.879
1719444600000,60871.2,60925.5,60816.1,60841.8,442.345
1719445500000,60841.8,60874.7,60787.3,60864.9,343.951
1719446400000,60864.9,60913.4,60809.5,60840,316.027
1719447300000,60840,60966,60765.2,60853.8,500.112
1719448200000,60853.7,61058,60826.8,60988.4,479.725
1719449100000,60988.4,61027,60843.3,60981.8,473.186
1719450000000,60981.7,61046,60888,61016.6,455.861
1719450900000,61016.6,61122,60969,61029.4,483.415
1719451800000,61030,61120,61010,61120,382.178
1719452700000,61120,61162.5,61025,61060.2,283.262
1719453600000,61061.4,61092.8,60869.9,61006.2,631.764
1719454500000,61006,61020,60931.1,61018,327.404
1719455400000,61017.9,61110.9,60917.9,60926,543.171
1719456300000,60926,61028,60925.9,61028,444.712
1719457200000,61028,61049.7,60936,61043.7,269.671
1719458100000,61043.7,61299.6,61028.1,61125.4,1254.072
1719459000000,61125.4,61185.4,61013.1,61013.2,494.585
1719459900000,61013.2,61057,60989.7,61035.7,171.517
1719460800000,61035.7,61091.2,61014,61091.1,353.125
1719461700000,61091,61188,61084,61149.8,474.819
1719462600000,61149.8,61176,61107,61145.8,219.371
1719463500000,61145.8,61153.8,61091.6,61115.1,210.052
1719464400000,61115.1,61160.1,61000,61025.9,427.703
1719465300000,61026,61026,60906.4,60951.9,502.092
1719466200000,60952,60999.9,60910,60999.9,372.766
1719467100000,60999.9,61007.5,60802.1,60810.8,589.692
1719468000000,60810.7,60862.2,60727,60767.1,951.322
1719468900000,60767.1,60811.4,60626.6,60797.9,1337.603
1719469800000,60797.8,60846.1,60679,60725,701.659
1719470700000,60724.3,60795.6,60620,60755.1,648.474
1719471600000,60755.1,60811.1,60725.1,60747.9,303.139
1719472500000,60748,60880,60747.3,60826.2,391.841
1719473400000,60826.1,60919.9,60780,60846,538.752
1719474300000,60842,60885.4,60761,60803.3,266.372
1719475200000,60803.3,60864,60774.7,60848.5,285.65
1719476100000,60848.5,60849.6,60766.4,60800.7,232.17
1719477000000,60800.7,60808.9,60745.4,60793.9,264.971
1719477900000,60793.9,60882,60737.5,60878.7,398.177
1719478800000,60878.5,60946,60823.3,60901.2,482.846
1719479700000,60901.2,61050,60887.6,61029.1,1168.351
1719480600000,61029.1,61088,60992,61087.9,631.88
1719481500000,61087.9,61349.9,61074.2,61286,2142.899
1719482400000,61286,61347.9,61170.9,61177.8,891.961
1719483300000,61177.7,61279.5,61174,61252,465.528
1719484200000,61252.1,61455.9,61195.1,61224.2,1541.388
1719485100000,61224.3,61224.3,61100,61106.1,690.734
1719486000000,61106.2,61210.1,61082.1,61171.1,525.827
1719486900000,61171.6,61260.9,61120,61134,418.992
1719487800000,61134,61292.4,61134,61262.5,553.921
1719488700000,61262.6,61323.2,61194.1,61194.2,283.638
1719489600000,61194.1,61507,61191,61382.8,2916.594
1719490500000,61382.7,61542.1,61304.6,61499.6,1091.986
1719491400000,61499.7,61666,61165.2,61230.1,3192.607
1719492300000,61230.2,61363.3,61153.4,61353.4,783.259
1719493200000,61353.4,61796.5,61311.6,61625.9,3937.791
1719494100000,61625.9,61840,61575.3,61585.4,2489.321
1719495000000,61585.5,61886.5,61561.8,61707.1,1829.884
1719495900000,61707.2,61998.6,61647.6,61990,2238.794
1719496800000,61990,62359,61974.9,62358.9,4107.002
1719497700000,62359,62400,62209.6,62218.8,1902.406
1719498600000,62218.7,62269.9,61979.1,62062.8,2292.282
1719499500000,62062.9,62067.5,61694.7,61737.1,2769.084
1719500400000,61737.1,61843.7,61640,61786.4,2301.48
1719501300000,61786.4,61857.4,61605.3,61643.3,1007.842
1719502200000,61643.4,61691.2,61525,61601.8,1732.566
1719503100000,61601.7,61675.4,61550,61582,953.201
1719504000000,61580.3,61803.6,61573.5,61761.9,1317.366
1719504900000,61762,61806.5,61571.8,61631.3,714.195
1719505800000,61631.2,61793,61530,61792.6,781.224
1719506700000,61792.9,61831.6,61678.7,61715,588.342
1719507600000,61715,61907,61682.1,61866.1,699.139
1719508500000,61866,62022.5,61797.9,61985.8,792.736
1719509400000,61985.8,61987.9,61756.1,61756.1,639.933
1719510300000,61756.2,61942.6,61756.1,61828.2,377.066
1719511200000,61828.1,61884.1,61730,61852.9,483.091
1719512100000,61850.5,61859.9,61748,61839.3,183.719
1719513000000,61839.2,61930,61750,61789,359.538
1719513900000,61789,61894.2,61759.1,61884,417.646
1719514800000,61884,61894.2,61600,61654.2,606.402
1719515700000,61654.1,61654.2,61555.5,61585.9,367.531
1719516600000,61585.8,61610.3,61463.4,61518,755.264
1719517500000,61518.1,61571,61409.6,61454.8,847.445
1719518400000,61454.8,61550.5,61362.7,61522.3,802.345
1719519300000,61522.3,61586.6,61401.1,61441,456.993
1719520200000,61441,61549.5,61430,61538.1,203.349
1719521100000,61538.1,61568.5,61478.3,61490.6,238.68
1719522000000,61490.6,61559.5,61468.1,61543.4,295.129
1719522900000,61543.4,61560,61511.7,61550,178.965
1719523800000,61550,61598.1,61546.5,61589.3,150.226
1719524700000,61589.3,61595.2,61520.5,61546.1,109.314
1719525600000,61546.2,61588,61517.3,61581.6,173.798
1719526500000,61581.6,61663.5,61581.6,61617.6,933.195
1719527400000,61617.5,61680.1,61580.1,61673.3,340.892
1719528300000,61673.2,61677.3,61608,61643.5,154.686
1719529200000,61643.5,61689.6,61610.5,61621.3,240.764
1719530100000,61621.3,61688,61617.2,61660.1,151.776
1719531000000,61660.1,61716.2,61623.6,61644,451.392
1719531900000,61643.9,61702.5,61618.8,61702.3,259.534
1719532800000,61702.4,61728.9,61643.7,61682.3,557.77
1719533700000,61682.4,61684.9,61512.6,61547.1,555.809
1719534600000,61547.2,61592,61491.2,61568.1,525.03
1719535500000,61568,61597.9,61475.9,61555.5,334.378
1719536400000,61555.5,61622,61494.1,61622,266.145
1719537300000,61622,62165.3,61622,61933.5,2227.957
1719538200000,61933.4,62230,61913,62028.4,1300.281
1719539100000,62028.4,62118.2,61820,62081,1089.089
1719540000000,62081.1,62138,61925.4,61933.2,861.952
1719540900000,61933.1,62071.5,61756.1,61756.2,1200.966
1719541800000,61756.1,61795.5,61660.5,61757,1028.704
1719542700000,61757.1,61775.2,61569.9,61721.3,772.013
1719543600000,61721.4,61799.9,61634.9,61773.2,511.285
1719544500000,61773.2,61871.9,61773.2,61858,444.105
1719545400000,61858,61911.9,61755.3,61798.2,532.343
1719546300000,61798.1,61850,61779.4,61817.2,217.505
1719547200000,61817.1,61826.5,61725.8,61730,316.229
1719548100000,61730,61735.8,61511.1,61534,1011.121
1719549000000,61534,61659.6,61530.2,61644.5,519.367
1719549900000,61644.4,61742.4,61644.4,61742.4,317.902
1719550800000,61742.4,61744,61644.4,61661,229.098
1719551700000,61661,61661,61560,61604.4,525.39
1719552600000,61604.4,61639.2,61481,61523.2,1084.108
1719553500000,61523.2,61650,61503.7,61607.3,746.485
1719554400000,61607.3,61676.3,61512.4,61675.9,664.969
1719555300000,61675.9,61675.9,61559.8,61616.1,479.018
1719556200000,61616.1,61650.6,61554.6,61597.3,176.93
1719557100000,61597.2,61632,61548.5,61631.9,213.824
1719558000000,61631.9,61632,61550.7,61595.9,287.557
1719558900000,61595.9,61610.7,61500,61513.5,560.571
1719559800000,61513.5,61533,61390,61425.7,1025.457
1719560700000,61425.7,61425.7,61233,61344,2383.255
1719561600000,61344,61419.1,61213,61328.9,1297.666
1719562500000,61329,61414,61323.2,61396.9,445.558
1719563400000,61397,61465.5,61362.1,61379.9,432.06
1719564300000,61380,61481.5,61347,61481.5,382.563
1719565200000,61481.5,61507,61435.8,61468.5,339.442
1719566100000,61468.4,61495.5,61406.3,61428.5,214.602
1719567000000,61428.6,61477.6,61377,61431.2,680.762
1719567900000,61431.2,61595,61403.5,61555,805.893
1719568800000,61555,61594,61487.3,61507.6,533.633
1719569700000,61507.5,61533.6,61451.6,61533.6,389.326
1719570600000,61533.6,61610.8,61528.2,61560.1,443.423
1719571500000,61560,61576.4,61500.1,61548.7,285.963
1719572400000,61548.6,61568.8,61473.7,61560,302.255
1719573300000,61560,61758.6,61554,61719.8,1178.633
1719574200000,61719.8,61799,61664.2,61688.3,824.903
1719575100000,61688.3,61700,61629.8,61698.2,374.715
1719576000000,61698.3,61769,61650,61768.9,535.802
1719576900000,61768.9,61820.8,61623.2,61798.8,1380.586
1719577800000,61798.8,61880,61256,61518.1,5637.185
1719578700000,61518.1,61555,61353.1,61393.9,1705.005
1719579600000,61393.9,61438.9,61267.9,61367.7,1832.7
1719580500000,61367.7,61515.7,61293,61475.1,1066.037
1719581400000,61475.3,61840.3,61401.5,61753.2,2024.384
1719582300000,61753.3,61791.9,61235.2,61296.3,2392.852
1719583200000,61296.3,61513.8,61250.8,61334.1,1740.705
1719584100000,61334.1,61410.1,61008.8,61080.1,4347.921
1719585000000,61080.1,61174.8,60870.8,60900,2625.539
1719585900000,60900.1,60968.3,60778.4,60930.1,1585.498
1719586800000,60930.2,60978.9,60755,60823.5,1538.837
1719587700000,60823.5,61032.9,60765.9,61011.7,1066.116
1719588600000,61011.8,61062,60922.1,60945.8,807.4
1719589500000,60945.9,61196.7,60923,61058.8,1152.707
1719590400000,61058.8,61115.9,60894.6,60994.8,1094.001
1719591300000,60994.9,61017.6,60773.4,60882.6,934.324
1719592200000,60882.6,60940.4,60700,60839.8,1375.063
1719593100000,60839.8,60958.9,60640,60948.5,2012.609
1719594000000,60948.4,61008,60781.6,60990.6,949.04
1719594900000,60990.6,61083.1,60921.5,60984.1,873.069
1719595800000,60984.2,61033.9,60858,60901.2,702.688
1719596700000,60901.3,60933.4,60700,60827.6,628.41
1719597600000,60827.6,60857.2,60732.4,60842.3,346.236
1719598500000,60843.7,60883.5,60666.8,60755.9,536.728
1719599400000,60755.5,60857,60720,60828.6,324.565
1719600300000,60828.6,60870.9,60780,60841.2,353.477
1719601200000,60844,60863.2,60686.1,60759.6,430.295
1719602100000,60759.6,60760.9,60200,60459.4,5462.164
1719603000000,60459.3,60502.5,60235,60473.9,1802.825
1719603900000,60473.8,60499.9,60102,60144.3,2711.071
1719604800000,60144.5,60299.5,60050,60218,1962.47
1719605700000,60218,60377.2,60206.7,60296.1,514.267
1719606600000,60296.1,60355,60222.5,60273.3,456.773
1719607500000,60273.3,60318.6,60228,60260,369.956
1719608400000,60260.1,60321.9,60144.7,60299.3,796.846
1719609300000,60299.4,60398,60284.6,60300.1,433.959
1719610200000,60300,60340,60276.9,60324.8,167.472
1719611100000,60324.9,60420,60320,60370.4,317.785
1719612000000,60370.5,60427.6,60340.5,60341.7,414.853
1719612900000,60341.7,60407.7,60296.6,60303.8,333.556
1719613800000,60303.7,60388.1,60292.1,60380.2,193.239
1719614700000,60380.2,60400,60331.9,60376.6,266.938
1719615600000,60376.6,60434,60360,60409.5,296.374
1719616500000,60409.4,60435,60373.3,60395.3,342.1
1719617400000,60395.2,60457,60382.5,60426.5,219.708
1719618300000,60426.5,60458.8,60400.2,60430.9,144.035
1719619200000,60431,60484,60405,60483.9,435.586
1719620100000,60483.9,60697.1,60458,60642.1,2429.648
1719621000000,60642.2,60831.8,60638.6,60661.9,1026.224
1719621900000,60661.9,60789.9,60550,60750.8,1268.935
1719622800000,60750.8,60945,60740.1,60926,1100.995
1719623700000,60926,60928.1,60817.2,60829.6,899.306
1719624600000,60829.6,60996.1,60829.6,60979.7,993.682
1719625500000,60979.7,60998.7,60880.9,60889.6,667.989
1719626400000,60889.7,60978,60776.8,60839.7,645.723
1719627300000,60839.8,60883.4,60798,60830.1,237.514
1719628200000,60830,60830.1,60769.7,60793.8,332.296
1719629100000,60793.7,60820,60695,60748.5,601.268
1719630000000,60748.5,60792.3,60715.7,60744.8,199.836
1719630900000,60744.9,60766,60704.7,60747.7,244.445
1719631800000,60747.7,60809.5,60710,60782.7,237.5
1719632700000,60782.8,60784.6,60718.9,60755.3,186.948
1719633600000,60755.4,60777,60717.8,60719.8,192.971
1719634500000,60719.8,60747.6,60686.2,60713.5,263.105
1719635400000,60713.5,60738.8,60700,60730,314.622
1719636300000,60730,60795.8,60730,60768.6,189.454
1719637200000,60768.6,60785,60751.6,60751.6,129.811
1719638100000,60751.7,60778.2,60721.7,60756.2,181.085
1719639000000,60756.2,60768.8,60718,60721.5,147.486
1719639900000,60721.6,60776.8,60721.6,60753.5,128.198
1719640800000,60753.6,60792.9,60734.1,60773,145.792
1719641700000,60773,60793.1,60751.5,60792.9,120.857
1719642600000,60793,60856,60762,60768.2,290.664
1719643500000,60768.2,60847.4,60768.1,60840.1,125.759
1719644400000,60840.2,60988.6,60819.1,60949,731.357
1719645300000,60949,61121.6,60890.3,61100.6,2420.108
1719646200000,61100.6,61127.9,61040.2,61116.8,960.708
1719647100000,61116.7,61116.8,61043,61043.1,427.584
1719648000000,61043.1,61070,60945.2,60973.2,754.053
1719648900000,60973.2,60992.1,60930,60953.6,286.651
1719649800000,60954.2,60980,60910,60919.8,237.215
1719650700000,60919.9,60982.4,60902.3,60975.4,249.849
1719651600000,60975.4,61000,60919.1,60919.2,357.746
1719652500000,60919.1,60927,60888,60923.2,234.076
1719653400000,60923.3,60949.8,60890.8,60925.1,257.442
1719654300000,60925.2,60973.8,60925.1,60971.6,147.667
1719655200000,60971.6,61001.3,60914.7,60929.1,186.633
1719656100000,60929.1,60960.6,60910,60960,139.655
1719657000000,60960,61039,60949,60988.7,251.336
1719657900000,60988.7,61033.4,60978.7,60991.2,170.854
1719658800000,60991.1,60991.2,60941,60954,139.722
1719659700000,60954,61000,60920.7,61000,170.426
1719660600000,61000,61227.5,60999.9,61157.7,2343.47
1719661500000,61157.7,61198,61088.4,61098,447.363
1719662400000,61097.9,61153.6,61061.4,61074.8,488.187
1719663300000,61074.7,61144.5,61074.7,61096.1,225.749
1719664200000,61096,61127.3,61062.8,61085.3,300.479
1719665100000,61085.3,61099,60980,61036.1,477.952
1719666000000,61036,61071.2,61004.3,61013.1,187.655
1719666900000,61013,61088.7,61013,61057.8,156.907
1719667800000,61057.8,61189.4,61057.7,61145.4,737.869
1719668700000,61145.4,61180,61090.2,61094,435.731
1719669600000,61093.9,61167.7,61059.9,61098,324.331
1719670500000,61098.1,61105.7,60951.3,61015.1,575.459
1719671400000,61015,61043.5,60946.7,60983.8,349.326
1719672300000,60983.8,61021.8,60950.1,61011.4,200.682
1719673200000,61011.5,61049.2,60944.9,60993.9,250.507
1719674100000,60993.9,61000,60950.2,60987.5,131.424
1719675000000,60987.4,61035.1,60964.1,61015.3,213.003
1719675900000,61015.3,61115,61006,61115,592.953
1719676800000,61114.9,61133.3,61011.1,61011.2,337.671
1719677700000,61011.1,61011.9,60906.6,60932.9,826.335
1719678600000,60933,60987.5,60932.9,60968.1,199.794
1719679500000,60968,61000,60942.6,61000,143.323
1719680400000,60999.9,61001.8,60920.7,60967.9,167.127
1719681300000,60967.9,61003.8,60940.6,61003.7,95.998
1719682200000,61003.8,61015.4,60965.5,61001.5,120.493
1719683100000,61001.5,61052.6,60968.5,61027.5,144.287
1719684000000,61027.5,61060,61006.3,61035,169.419
1719684900000,61035.1,61051.4,60990.4,60990.4,80.715
1719685800000,60990,61021.8,60984.4,61005.8,117.754
1719686700000,61005.8,61062,60980.9,61051.2,132.159
1719687600000,61051.2,61081.4,61022.2,61077,108.88
1719688500000,61077,61077.1,61032.5,61044.8,62.705
1719689400000,61044.8,61045.7,60927.4,61045.7,349.321
1719690300000,61045.6,61063.8,61017.8,61050.7,90.279
1719691200000,61050.6,61079.7,60988.1,61050.1,244.227
1719692100000,61050.1,61088,61030.6,61060.9,136.018
1719693000000,61060.8,61060.8,60989.2,60989.9,169.644
1719693900000,60989.9,61050,60960.4,61044.8,234.274
1719694800000,61044.7,61044.7,60965.3,60987.3,177.679
1719695700000,60987.2,61118.1,60940,61052.4,570.175
1719696600000,61052.4,61097.2,61024.9,61047.1,146.5
1719697500000,61047,61066.4,61030,61054.2,114.386
1719698400000,61054.2,61061.9,61000,61000,149.431
1719699300000,61000.1,61000.1,60902.5,60967.8,384.542
1719700200000,60967.9,60975.8,60914.8,60967.3,84.553
1719701100000,60967.2,61011.6,60829.3,60973.1,472.193
1719702000000,60973.1,61036.3,60950.1,61032.9,177.869
1719702900000,61032.9,61061.8,61003.4,61010,137.603
1719703800000,61010,61039.4,60982.2,60987.8,143.276
1719704700000,60987.8,60997.9,60945,60992.1,97.727
1719705600000,60992.2,61010.5,60934.2,60934.3,353.402
1719706500000,60934.2,61030,60914.4,61030,258.763
1719707400000,61029.9,61082.4,61009.6,61070.5,322.99
1719708300000,61070.5,61098.9,61026.2,61033.1,260.873
1719709200000,61033,61047.8,60935,60993.6,368.194
1719710100000,60993.7,61054.6,60943.2,61051.7,232.4
1719711000000,61051.7,61051.8,60964,60970,174.016
1719711900000,60970,60987.5,60926.2,60964,227.601
1719712800000,60964,60964.3,60901.6,60949.3,233.626
1719713700000,60949.3,60950,60850,60906.5,777.118
1719714600000,60906.6,60961.4,60830.8,60863.4,597.366
1719715500000,60863.3,60877.5,60762,60844.4,1028.805
1719716400000,60844.4,60889,60809.1,60842,248.115
1719717300000,60841.9,60869.3,60796,60842.4,224.617
1719718200000,60842.4,60948.3,60837.4,60918.7,313.91
1719719100000,60918.8,60950,60884.6,60905.2,171.405
1719720000000,60905.3,60905.3,60852.8,60876.2,155.837
1719720900000,60876.2,60908.4,60800.4,60800.5,165.228
1719721800000,60800.4,60819.6,60782.2,60815,243.474
1719722700000,60814.9,60815,60761.6,60777,236.216
1719723600000,60777,60800.1,60718.5,60740.8,498.357
1719724500000,60740.9,60775,60709.9,60765.9,360.726
1719725400000,60765.9,60820.8,60750.1,60766,232.172
1719726300000,60766.1,60814.3,60766,60795.5,181.808
1719727200000,60795.5,60865,60770,60865,347.667
1719728100000,60864.9,60886.2,60849.1,60886.1,176.512
1719729000000,60886.2,60970.2,60873.9,60963.6,593.2
1719729900000,60963.6,61049,60934,61049,551.878
1719730800000,61049,61799.2,61037.1,61724.1,6676.073
1719731700000,61727.9,61793.6,61504,61651.3,2723.523
1719732600000,61651.2,61680,61550,61621.9,829.342
1719733500000,61621.6,61630,61383.7,61528.9,1387.96
1719734400000,61528.9,61613.3,61384,61434.8,1169.965
1719735300000,61434.9,61548,61429.4,61485.9,454.685
1719736200000,61486,61548,61437.7,61454,404.874
1719737100000,61453.9,61588,61433,61550.1,488.959
1719738000000,61550.1,61631,61510.1,61561.5,397.028
1719738900000,61561.4,61679.8,61554.6,61663.7,580.22
1719739800000,61663.7,61710,61595.9,61596,530.22
1719740700000,61596,61606.5,61500,61519.1,643.132
1719741600000,61519.1,61619.2,61515.6,61603.1,279.589
1719742500000,61603.1,61610.3,61520.7,61600,284.979
1719743400000,61600,61632.9,61536.1,61538.9,249.764
1719744300000,61538.9,61549.4,61487,61532.8,366.024
1719745200000,61532.8,61658,61512.9,61657.9,571.963
1719746100000,61657.9,61672.3,61585.8,61585.8,345.461
1719747000000,61585.8,61615.3,61553,61556.7,135.922
1719747900000,61556.6,61605.9,61530,61551.9,190.873
1719748800000,61552,61638.2,61551.9,61630,310.419
1719749700000,61629.9,61656.5,61572.1,61600.5,264.719
1719750600000,61600.4,61600.4,61330,61381.9,1053.538
1719751500000,61382,61524.5,61372.1,61499.9,552.848
1719752400000,61499.9,61539.9,61448.6,61522.9,307.718
1719753300000,61523,61637,61490,61632.6,823.565
1719754200000,61632.6,61746.8,61561.4,61599.6,1378.067
1719755100000,61599.6,61739.8,61599.5,61712.6,431.803
1719756000000,61712.7,61878.8,61617.7,61709.6,1944.157
1719756900000,61709.6,61749.9,61555.2,61599.9,668.494
1719757800000,61600,61673,61550,61561.8,520.106
1719758700000,61561.9,61665,61526.1,61589.2,384.646
1719759600000,61589.1,61700,61588,61672.7,445.976
1719760500000,61672.7,61673.9,61621,61660,175.679
1719761400000,61660,61732.3,61659.8,61721.5,341.389
1719762300000,61721.5,61786.6,61694.1,61720,545.796
1719763200000,61720,61750,61622.4,61666,462.079
1719764100000,61665.9,61675.5,61582.8,61603.8,295.548
1719765000000,61603.9,61666.3,61580,61629.5,238.489
1719765900000,61629.5,61660,61601.1,61601.2,86.368
1719766800000,61601.2,61648,61601.2,61609,163.881
1719767700000,61608.9,61873,61608.9,61796.7,1355.713
1719768600000,61796.6,61860.5,61689.5,61708.2,746.538
1719769500000,61708.2,61780,61666.7,61710.1,384.706
1719770400000,61710,61764.3,61680.7,61714,181.185
1719771300000,61714,61771.4,61680,61762.4,145.838
1719772200000,61762.5,61839.9,61759,61836.3,229.064
1719773100000,61836.2,62122.9,61828.1,62052.2,2610.173
1719774000000,62052.1,62099,61876.8,61918.2,1221.855
1719774900000,61918.2,62037.4,61918.1,61999.1,421.785
1719775800000,61999,62078.1,61942.8,62075.1,257.493
1719776700000,62075,62117.2,61973,62022.8,437.978
1719777600000,62022.7,62110.9,61995.4,62067.7,285.038
1719778500000,62067.7,62277.9,62047.8,62262.7,1438.29
1719779400000,62262.7,62399.9,62111.6,62129.7,1747.095
1719780300000,62135.3,62150,61965.2,61974.6,966.469
1719781200000,61974.5,62012,61877,61901.8,598.392
1719782100000,61901.8,61984.5,61854.5,61935.9,251.033
1719783000000,61935.1,61935.1,61869.9,61906.4,203.3
1719783900000,61906.4,61964.6,61819.9,61937.1,289.592
1719784800000,61937.1,62122,61929,62107.1,622.95
1719785700000,62107.1,62965,62075.4,62965,4720.154
1719786600000,62965,62975.7,62706.8,62847.6,2139.081
1719787500000,62847.6,62948.7,62715.7,62898,1447.006
1719788400000,62896.4,63091.9,62810,62849.5,2187.009
1719789300000,62850,62939,62821,62891.5,547.22
1719790200000,62891.5,62954.3,62856.9,62857,527.272
1719791100000,62857,62874,62768,62769.8,819.17
