ts,open,high,low,close,volume
1743465600000,82556.6,82727.3,82482.1,82487.1,579.5921
1743466500000,82487,82772.4,82433,82644,435.5759
1743467400000,82644,82754.7,82550,82738.7,460.086
1743468300000,82738.7,82849.2,82570,82657.8,704.1946
1743469200000,82657.8,82682.6,82470,82580,492.1304
1743470100000,82579.9,82730,82513.9,82707.2,442.589
1743471000000,82707.2,82746.3,82552,82592.5,248.7334
1743471900000,82592.5,82750,82592.5,82711.2,349.1826
1743472800000,82713.9,82854.1,82650,82854.1,353.8575
1743473700000,82854.1,83049.7,82854.1,82883.5,909.9173
1743474600000,82883.6,82957.4,82788,82955.2,503.4723
1743475500000,82955.2,83124.7,82877,83094.4,807.3404
1743476400000,83094.4,83198,83023.5,83170.4,580.8554
1743477300000,83170.5,83250,83080,83087.4,625.0169
1743478200000,83087.5,83114.7,82980.3,82994,501.556
1743479100000,82994.1,83089.9,82915.5,82956.5,311.0494
1743480000000,82956.5,83037.5,82900,82932.7,405.9662
1743480900000,82932.8,83052.8,82880,83052.8,412.1253
1743481800000,83052.8,83240,83052.8,83174.5,516.3641
1743482700000,83174.5,83174.6,83047.5,83068.4,280.9425
1743483600000,83068.9,83178,83010.4,83178,282.7481
1743484500000,83177.9,83328,83167,83286.7,697.8781
1743485400000,83286.8,83328,83121.1,83171.9,374.1009
1743486300000,83171.9,83188,82982.9,83006.9,420.2044
1743487200000,83007,83050.6,82888.6,82998,561.1748
1743488100000,82998,83147.1,82966.1,83140.2,313.3379
1743489000000,83140.2,83388,83126,83359,772.0334
1743489900000,83360,83500,83286,83455.2,854.2937
1743490800000,83456,83520,83373.5,83504.2,718.1444
1743491700000,83504.3,83576.3,83381,83456.9,571.2435
1743492600000,83456.9,83610.4,83396.3,83531,693.9519
1743493500000,83531,83588,83429.7,83457.4,613.6066
1743494400000,83457.4,83722,83436,83700,1588.3105
1743495300000,83700,84050,83699.9,83941.9,2514.0872
1743496200000,83942,84199.9,83920.9,83996.1,1996.8214
1743497100000,83996.1,84230,83996.1,84124,1196.4042
1743498000000,84123.9,84320,84110,84160.9,1353.4847
1743498900000,84161,84291.3,84128.4,84225.5,750.7766
1743499800000,84225.5,84362,84189.1,84331.7,873.0965
1743500700000,84331.7,84396.6,84252.3,84352,572.6247
1743501600000,84352.1,84395,84162,84295,1115.0448
1743502500000,84295,84517.5,84295,84430,1618.2089
1743503400000,84430,84450,84185.7,84254.4,1129.3429
1743504300000,84254.4,84362,84155,84192.2,814.6033
1743505200000,84192.2,84219.5,83963.1,84105.9,1578.9469
1743506100000,84105.9,84187.9,84002,84060.1,639.3903
1743507000000,84060,84060,83843,83996,1251.6603
1743507900000,83995.9,84068.9,83890,83932.9,479.1104
1743508800000,83932.9,84145.9,83920.5,84107.3,630.2677
1743509700000,84107.4,84166,83919.5,84075.2,582.7013
1743510600000,84075.2,84076,83686.6,83759.9,1070.3833
1743511500000,83760,83818.2,83617.5,83621,1148.7797
1743512400000,83621.1,83842.5,83592.8,83783.5,815.1338
1743513300000,83783.5,83788,83630.3,83686.4,662.2762
1743514200000,83686.4,83841.3,83418.2,83743.1,2532.5427
1743515100000,83743.1,83916.8,83528.1,83630.6,1654.0184
1743516000000,83630.9,83722.7,82654,82809,6293.2318
1743516900000,82809,83065.6,82550,82975.2,3522.1945
1743517800000,82975.1,83666,82935,83527.4,3070.1037
1743518700000,83527.4,84372.2,83432.3,84192.1,4337.4493
1743519600000,84192.1,84928,84180.7,84920.2,4701.6511
1743520500000,84920.1,85250,84700,84745,5796.5692
1743521400000,84745,85346,84744.9,85346,2736.4118
1743522300000,85346,85515.4,85211.7,85295.6,2328.5954
1743523200000,85295.7,85504.4,85120,85199.9,2779.2329
1743524100000,85199.9,85279,84821,84933.9,2081.5694
1743525000000,84933.9,85153.9,84815,84966,1318.4165
1743525900000,84966,85312.7,84906.5,85128,1057.8478
1743526800000,85128,85164,84909.1,85161.5,812.0326
1743527700000,85161.5,85170.8,84924,85146.2,751.8077
1743528600000,85146.2,85275,85095.2,85116.1,626.5082
1743529500000,85116.1,85357.2,85102.6,85131.7,740.7305
1743530400000,85131.7,85142.1,84744.9,84872.6,1438.4947
1743531300000,84872.7,84967,84719.1,84911.9,784.222
1743532200000,84911.9,85200,84860,85151,969.3679
1743533100000,85151,85171.1,84922.5,85132.1,498.1116
1743534000000,85132,85184,85015.1,85136.5,322.7699
1743534900000,85136.5,85197,84924.5,84928.7,516.6013
1743535800000,84928.6,85073.7,84864.2,84995,339.136
1743536700000,84995,85117.6,84823.2,84966.1,584.1942
1743537600000,84966,85021.5,84777.6,84983.8,593.3426
1743538500000,84983.8,85116.5,84937.4,84966.9,316.2578
1743539400000,84966.8,85057.6,84856.8,85021.8,262.2478
1743540300000,85021.8,85364.1,85014.1,85246,621.2004
1743541200000,85245.9,85348.9,85129.6,85298.4,284.5608
1743542100000,85298.4,85298.4,85180,85187.4,141.1023
1743543000000,85187.3,85488,85148.4,85369.2,478.0348
1743543900000,85369.2,85377.1,85186.5,85234.5,321.0624
1743544800000,85234.8,85471.3,85148.4,85366,455.3668
1743545700000,85366.1,85384,85207.7,85220.1,308.3875
1743546600000,85220.1,85327.1,85162.5,85211.6,287.2109
1743547500000,85211.6,85338.6,85086.3,85110,277.9656
1743548400000,85109.9,85135,84972.4,85072.1,426.5903
1743549300000,85073.1,85360.3,85073,85350,289.8502
1743550200000,85350,85587.7,85208.2,85269.9,1253.8733
1743551100000,85269.9,85270,85150,85162.6,362.3346
1743552000000,85162.6,85266,85106.5,85110.3,436.52
1743552900000,85110.3,85257.5,85067.1,85075.1,447.3663
1743553800000,85075,85151.2,85040.7,85041.1,378.3909
1743554700000,85041,85144.3,84920.9,84970,611.7735
1743555600000,84971.4,85105.3,84862.6,84911.1,880.6025
1743556500000,84911.1,85040,84861,84930.1,486.3668
1743557400000,84930.1,85222,84909,85171.1,767.4012
1743558300000,85171.1,85189.3,85025,85150.2,332.2733
1743559200000,85150.2,85179.1,84622.6,84743.9,2008.5673
1743560100000,84743.9,84867,84658,84792.6,794.8764
1743561000000,84792.5,84888.9,84640.2,84669.6,536.3877
1743561900000,84669.5,84872.5,84661.9,84719.5,402.4791
1743562800000,84719.5,84917.6,84700,84855.1,391.5341
1743563700000,84855.2,84903.9,84670,84719.5,327.076
1743564600000,84719.5,84794.7,84504,84611.9,754.2795
1743565500000,84611.9,84649.8,84555,84555,362.0564
1743566400000,84555.1,84704.3,84500.7,84696.9,557.712
1743567300000,84696.9,84732.4,84600,84620.9,363.3347
1743568200000,84620.9,84620.9,84472.4,84472.7,545.4337
1743569100000,84472.6,84636.4,84460.8,84604.6,404.2621
1743570000000,84604.6,84604.6,84374,84374.1,616.9473
1743570900000,84374.1,84374.1,84180.2,84251.2,1032.9115
1743571800000,84251.1,84360.1,84168,84198.5,689.2954
1743572700000,84198.4,84246.6,84111,84111.2,842.4657
1743573600000,84111.1,84162,83888,83995.7,1724.5268
1743574500000,83995.7,84183.6,83942.3,84142.5,1242.536
1743575400000,84142.5,84393.1,84048.9,84320.1,1629.1224
1743576300000,84320,84320.1,84116.6,84132.6,578.7741
1743577200000,84132.6,84232.7,84029.4,84039.9,568.8016
1743578100000,84040,84258.9,84012,84140,721.676
1743579000000,84140,84467.2,84115,84250.1,1154.3028
1743579900000,84250.1,84467.8,84207.6,84433.9,577.7501
1743580800000,84433.9,84435.9,84321,84344.4,442.4169
1743581700000,84344.3,84615.7,84266.5,84558.1,1014.7944
1743582600000,84558,84736.7,84524,84692.4,1313.4304
1743583500000,84692.3,84763,84600.1,84668.7,437.8749
1743584400000,84668.7,85466,84637.5,85309.7,2932.1159
1743585300000,85309.6,85356,84913.4,85085,1808.0104
1743586200000,85084.9,85180,84974.3,85006.7,681.7067
1743587100000,85005.6,85109.9,84950.9,85020,482.1023
1743588000000,85020,85198,84936.9,85125,766.3462
1743588900000,85125,85300,85050,85100.8,576.687
1743589800000,85100.9,85110.8,84906.5,85027.2,819.7222
1743590700000,85027.2,85074.8,84830,84867.1,629.2719
1743591600000,84867.1,84967.8,84740,84874,712.4049
1743592500000,84874,84978.9,84813.6,84813.6,350.5831
1743593400000,84813.6,84881.1,84629.5,84733.1,815.9454
1743594300000,84733,84767.7,84543.1,84573.7,620.8823
1743595200000,84573.7,84794.2,84463.6,84765.5,1356.6418
1743596100000,84765.5,84810,84566.7,84569.9,1068.5035
1743597000000,84570,84995,84570,84970.3,1099.3361
1743597900000,84970.4,85068.3,84801.1,85062.5,1180.1575
1743598800000,85062.4,85062.5,84836.8,84850.1,793.1256
1743599700000,84850,84885.9,84601.5,84624,939.5945
1743600600000,84624.1,85530,84449.2,85482.2,5555.1411
1743601500000,85482.2,86200.2,85222,85227.4,9860.5116
1743602400000,85227.4,85819.7,85166,85440,3664.6409
1743603300000,85440.1,85772.1,85326.1,85734.2,1381.6599
1743604200000,85734.1,85891.8,85418.7,85574.8,1889.0658
1743605100000,85574.9,85973,85522.9,85864.7,1330.2737
1743606000000,85864.7,86500,85789.6,86188.1,4684.0064
1743606900000,86188.1,86644.6,86175.8,86557.7,2424.9769
1743607800000,86557.7,87357,86549.7,87195.9,8080.5834
1743608700000,87195.9,87300,86680,86772.1,6468.6176
1743609600000,86772,86950,86590,86897.4,2501.6053
1743610500000,86897.4,87013.2,86777,87009.7,1263.5519
1743611400000,87009.7,87124,86797.2,87019.9,1216.9287
1743612300000,87020,87239.9,86910,87056.4,1465.7227
1743613200000,87056.8,87375.2,86960.5,87228.9,1834.0046
1743614100000,87228.9,87252.7,86745.5,86762.1,1519.9522
1743615000000,86762.1,86846.7,86426,86592.3,2089.5115
1743615900000,86592.4,86740.3,86335.3,86631.9,1872.3124
1743616800000,86631.9,86745,86400,86535.1,1104.4619
1743617700000,86535.1,86619.9,86243.6,86243.6,1002.5258
1743618600000,86243.7,86689.1,86222,86595.9,1201.8957
1743619500000,86595.9,86636,86300,86302.5,614.0378
1743620400000,86302.5,86469.7,86244.4,86280.1,768.2131
1743621300000,86280,86411.7,86182,86362.7,947.3028
1743622200000,86362.6,86485,86235.3,86414.2,731.7839
1743623100000,86414.2,87064,86335.8,86910.1,2638.4746
1743624000000,86910,88188,86067.8,87767.1,8769.3256
1743624900000,87767.2,88547.4,85429.1,85880,18061.8001
1743625800000,85880,86433.3,85230,85375.2,9725.4721
1743626700000,85375.1,85849.1,85222,85663.2,3203.2593
1743627600000,85664.4,85749.7,84488,84556.7,4369.2936
1743628500000,84553,84925.5,84224.2,84617.2,3045.9739
1743629400000,84617.2,84684.9,84400,84627.7,1014.7064
1743630300000,84627.7,84894.8,84436.4,84852,1352.9054
1743631200000,84850.1,84850.1,83577,83690,4815.2977
1743632100000,83690,83690,83290,83487,2987.8816
1743633000000,83487.1,83487.1,82717.2,82739.8,3357.6184
1743633900000,82739.8,83133,82683.9,82827.2,2352.0027
1743634800000,82827.2,82827.2,82325.4,82706.1,3191.8628
1743635700000,82706,82859.8,82468.1,82855.3,1799.8158
1743636600000,82855.3,82855.4,82525.2,82660.6,1526.5012
1743637500000,82660.1,82660.2,82480,82513.5,912.0236
1743638400000,82513.5,82815.7,82164.1,82755.1,3241.1663
1743639300000,82755,83279.5,82700,82966.3,3221.0442
1743640200000,82966.3,83404.6,82966,83205.9,1549.5383
1743641100000,83206,83262,82943.9,83220.9,1221.1937
1743642000000,83220.9,83400,83089.4,83358,955.9888
1743642900000,83357.9,83496.5,83158,83475.9,1190.1009
1743643800000,83475.9,83711.9,83359.2,83697,1644.2767
1743644700000,83697,83933.5,83674.1,83744.5,1608.9891
1743645600000,83744.5,83880,83573.1,83709.9,1471.5052
1743646500000,83709.9,83748,83316.3,83425.1,1138.0673
1743647400000,83425.1,83662.5,83273.2,83504.2,861.9865
1743648300000,83507.6,83779.5,83494.9,83768.8,569.9942
1743649200000,83768.9,83779.2,83466,83482.9,660.8701
1743650100000,83482.8,83707.3,83466,83609.1,481.4136
1743651000000,83609.2,83695.6,83339.1,83400.1,872.4765
1743651900000,83400.2,83580,83400.2,83477.1,363.1967
1743652800000,83477.1,83562.6,83350,83428.9,655.89
1743653700000,83428.9,83454,83273.1,83319.9,754.7662
1743654600000,83319.8,83740.3,83274.5,83698,940.476
1743655500000,83698.1,83712.5,83542,83556.5,635.9111
1743656400000,83556.6,83710,83541.5,83605.5,551.194
1743657300000,83605.3,83654.2,83441.2,83497.4,490.2855
1743658200000,83497.4,83500,83333.3,83497.2,652.6715
1743659100000,83497.1,83524,83333,83339.5,309.1914
1743660000000,83339.6,83422.2,83300,83343.1,538.5407
1743660900000,83343.1,83383.9,83212.1,83310,782.4612
1743661800000,83310,83320.7,83156,83250,584.8315
1743662700000,83250,83373.4,83009.7,83062.9,956.3199
1743663600000,83062.9,83307.6,83035.2,83104.2,780.1085
1743664500000,83104.2,83428.8,83006.8,83408.3,838.1197
1743665400000,83408.3,83434.8,83179.9,83333.2,516.3811
1743666300000,83333.3,83500,83259.4,83459.8,421.6752
1743667200000,83459.8,83672.7,83453.4,83638.2,975.3638
1743668100000,83638.1,83721.6,83558.3,83651.5,648.669
1743669000000,83651.4,83800,83525.4,83681.2,793.4491
1743669900000,83681.2,83720.4,83550,83678.3,440.8133
1743670800000,83678.2,83763.9,83590,83600.1,667.7394
1743671700000,83600.1,83684.6,83594.5,83629.8,245.9029
1743672600000,83629.8,83773.7,83629.8,83743.7,447.1641
1743673500000,83743.6,83743.7,83452,83488,651.7572
1743674400000,83487.8,83747.1,83455,83628.7,697.5887
1743675300000,83628.8,83719.9,83280.8,83308.5,866.1701
1743676200000,83308.5,83419,83150,83365.5,986.163
1743677100000,83365.6,83480,83210.4,83219.9,626.8205
1743678000000,83219.9,83362.4,83054.2,83353.9,880.1035
1743678900000,83353.9,83353.9,83072.6,83156.1,643.7539
1743679800000,83156,83260,83058.2,83199,376.3066
1743680700000,83199.8,83244.2,83050,83101.1,427.0918
1743681600000,83101,83158.4,82861.7,83017.1,1916.9926
1743682500000,83017,83017,82537.9,82563.7,1769.0647
1743683400000,82563.8,82711.4,82190.3,82191.9,2553.6524
1743684300000,82193.9,82285.6,81878,81959.9,4906.4779
1743685200000,81959.9,82084.4,81802.1,81934.5,1840.4552
1743686100000,81934.4,82047.9,81780.2,81986.2,1389.159
1743687000000,81986.2,82787.3,81926.6,82379.9,5690.528
1743687900000,82379.8,82582.8,82141.9,82372.7,2013.8659
1743688800000,82371.5,82409.7,81636.8,81782.9,4646.5527
1743689700000,81782.8,82319.9,81782.8,82300,2503.2074
1743690600000,82300,82400,81752.8,81820,2022.68
1743691500000,81820,81844.2,81300,81532.9,3484.9326
1743692400000,81532.9,81820,81168.2,81638.7,3363.7632
1743693300000,81638.7,81938.6,81584.9,81724.5,1870.6806
1743694200000,81724.5,82057.5,81717,82000,1415.7117
1743695100000,82000,82100,81690.1,82047.9,1357.1398
1743696000000,82048,82468.8,81987.5,82157.4,2880.5223
1743696900000,82157.3,82340,82041.7,82294,1572.7211
1743697800000,82294.1,82357.2,81912.8,82025.9,1243.0763
1743698700000,82026,82048.4,81700,81833.4,1336.1047
1743699600000,81833.4,82043,81761.2,81850.1,679.3993
1743700500000,81850.1,81944.2,81678.9,81784.9,779.0176
1743701400000,81784.9,82148.9,81625,82105.4,1324.1623
1743702300000,82105.4,82197.2,81807.1,81833.4,830.5611
1743703200000,81833.4,81965.9,81678.7,81702,578.5868
1743704100000,81701.9,81772.4,81540,81689.9,608.3046
1743705000000,81690,82176,81602,82155.4,989.1477
1743705900000,82155.4,82328.8,82007,82118.1,1023.9693
1743706800000,82118,82375.6,82079.4,82202,876.0796
1743707700000,82201.9,82209.3,81826.1,81933.9,732.3284
1743708600000,81933.9,82288.4,81892,82278,734.0849
1743709500000,82278,82288.4,81926.6,82022.9,644.8574
1743710400000,82026.2,82141.3,81888.8,82036,448.0042
1743711300000,82036,82070.1,81823.3,81831.9,243.9922
1743712200000,81831.8,82110.1,81802.1,82110.1,266.2559
1743713100000,82110.2,82432.1,82110.2,82372.3,799.6262
1743714000000,82372.4,82576.3,82328.3,82506.1,669.3197
1743714900000,82506,82588,82433.7,82543.9,474.7323
1743715800000,82543.9,82544,82391,82540.3,257.4186
1743716700000,82540.3,82868,82437,82723,739.4323
1743717600000,82723.1,82883.8,82595.5,82778.4,816.5601
1743718500000,82778.4,82850,82702,82762.2,579.8717
1743719400000,82762.1,82863.9,82639.9,82690.1,485.5411
1743720300000,82690,82788.5,82637.6,82732.7,253.591
1743721200000,82732.7,82816.8,82500,82594.6,564.0661
1743722100000,82594.7,82816.8,82519,82806.6,391.8812
1743723000000,82806.6,82965.4,82801,82887.9,751.3619
1743723900000,82887.9,83333,82870,83223.5,2023.1788
1743724800000,83224.5,83307.8,83045,83074.6,787.9445
1743725700000,83074.6,83360.9,83046.6,83333.5,721.5986
1743726600000,83333.4,83412.9,83237.8,83307.9,582.6185
1743727500000,83308,83323.9,82990,83038,649.4596
1743728400000,83038.1,83270.3,83029.6,83243.6,618.8923
1743729300000,83243.7,83359.7,83015.1,83112.2,710.9928
1743730200000,83112.2,83119.9,82888,82937.9,706.1356
1743731100000,82938,82998,82580.5,82696.9,1241.3982
1743732000000,82697,83095.2,82697,83052.9,648.0032
1743732900000,83052.9,83184.7,82928.5,82942.2,640.396
1743733800000,82942.3,82948,82831.3,82923.3,410.0809
1743734700000,82923.3,83010.3,82763.6,82912.1,425.6808
1743735600000,82912.1,82975.3,82778,82887.9,320.0526
1743736500000,82887.9,83077.4,82800,82974,546.5317
1743737400000,82974,82983.7,82690.9,82802.5,627.1145
1743738300000,82803.8,82884,82741,82832.2,265.2513
1743739200000,82832.3,82839.9,82680.1,82709.9,428.4923
1743740100000,82710,82819.8,82612.1,82811.7,534.0958
1743741000000,82811.6,82930.6,82750,82773.7,585.7715
1743741900000,82773.7,82829.9,82700,82727.2,251.6304
1743742800000,82727.2,82888.8,82648.9,82837.6,354.0885
1743743700000,82837.5,83129.1,82837.5,83098.1,748.2459
1743744600000,83098,83218,83055,83194.3,813.1863
1743745500000,83194.8,83196.9,83110.2,83188.6,496.0845
1743746400000,83188.6,83244.9,83150,83215,679.2204
1743747300000,83215,83265,83125,83244.5,398.9641
1743748200000,83244.5,83250,83046.1,83069.9,598.0047
1743749100000,83070,83125,83031,83047,300.0563
1743750000000,83047.1,83595.1,83040.2,83524,1552.25
1743750900000,83524,83719.7,83426.2,83600.1,1251.6108
1743751800000,83600,83738,83480,83717.7,854.2168
1743752700000,83717.8,84050,83717.8,84001.3,2879.5592
1743753600000,84001.4,84316.8,84001.3,84250,2608.7644
1743754500000,84250.1,84600,84241.5,84385.9,2743.3881
1743755400000,84386,84534,84361,84534,1061.9527
1743756300000,84533.9,84665,84352.1,84417.7,1330.1945
1743757200000,84417.8,84481.9,84134.8,84392.9,1627.8408
1743758100000,84392.9,84532.4,84318,84322,894.7806
1743759000000,84322.1,84580,84262.6,84512.2,780.1518
1743759900000,84512.3,84750,84447.2,84579.9,1227.4573
1743760800000,84580,84700,83633.8,83700,4466.4303
1743761700000,83700,83817.6,82771.4,82948,6845.0391
1743762600000,82948,83221,82803.4,82803.4,2771.0005
1743763500000,82803.4,82899,82434,82584.1,2800.9765
1743764400000,82584.1,82794.8,82060.5,82162.5,2972.2413
1743765300000,82162.5,82376.1,81680,81786.1,2867.3636
1743766200000,81786,82298,81668.8,81939.2,3199.8613
1743767100000,81939.1,82741.7,81935.1,82676.3,2722.2366
1743768000000,82676.3,82676.4,82258,82438.1,1960.4265
1743768900000,82438.1,82610.9,82230,82500.2,1487.9986
1743769800000,82500.1,83270.7,82358.7,82781.9,6060.4197
1743770700000,82781.9,82900,82520.3,82881.9,1591.6919
1743771600000,82881.9,83326.1,82789.2,82973.9,2387.6981
1743772500000,82974,83072,82600,82606.2,1696.735
1743773400000,82606.2,82973,82132.2,82328,4079.6515
1743774300000,82327.9,83537,82216.2,83350.1,4511.848
1743775200000,83350.1,83535.6,82715.4,82988,3389.5023
1743776100000,82987.9,83236.4,82665.8,82674,2091.2176
1743777000000,82674.1,82868,82248,82278.1,2680.4581
1743777900000,82278.2,82777,81850,82574.1,5145.7262
1743778800000,82573,83617.7,82488.1,83519.9,6350.1921
1743779700000,83519.8,83720.2,83106,83220,4798.0908
1743780600000,83220,83539.2,82603.4,82888.4,4354.7131
1743781500000,82888.3,83310,82709.1,82867.3,2789.9767
1743782400000,82867.3,83568.9,82860.4,83432.5,2626.7498
1743783300000,83434,83487.9,82725.9,82966,2244.9447
1743784200000,82966,83384,82815.1,83144,1924.1717
1743785100000,83144,83560,83045.7,83397.3,1568.0182
1743786000000,83397.2,83614.7,83102,83134.6,1877.9996
1743786900000,83134.6,83599.9,82957.6,83474.3,1487.4505
1743787800000,83474.2,84425.2,83281.3,84177.9,5183.8784
1743788700000,84177.9,84627.9,84111,84471.2,2937.4229
1743789600000,84471.3,84592,84000.7,84034.3,1936.6633
1743790500000,84034.2,84056.7,83734.7,83975.8,2021.3602
1743791400000,83975.8,84094.8,83811.7,83913,1130.5462
1743792300000,83913,84315.6,83841.3,84000.1,1325.0975
1743793200000,84000,84328,83784.1,84278.1,1094.7445
1743794100000,84278.1,84448.4,84053.2,84222.3,1074.2993
1743795000000,84224,84471.6,84131.6,84269.3,1114.6387
1743795900000,84269.3,84360,83843.5,84007.9,1174.5524
1743796800000,84007.8,84131.6,83780.7,83869.8,638.369
1743797700000,83869.8,83891.8,83476.5,83808.2,1063.9168
1743798600000,83808.3,84057.4,83786,84045.7,568.3377
1743799500000,84045.8,84288,84017.8,84169.6,584.7894
1743800400000,84169.6,84300,84049.9,84189.7,555.3994
1743801300000,84189.7,84249.9,84075,84131.9,383.9472
1743802200000,84131.9,84385,83940.1,84385,610.2833
1743803100000,84385,84474.9,84161.8,84193.7,509.0899
1743804000000,84193.8,84282.4,84121.8,84150.7,368.8037
1743804900000,84150.8,84241.6,84070,84155.9,291.1576
1743805800000,84156,84166,84034.7,84086,177.7556
1743806700000,84086,84086,84016.9,84066,214.6867
1743807600000,84066.1,84119.7,83801,83826,607.4665
1743808500000,83826,83897.2,83680.8,83722.1,431.5163
1743809400000,83722.1,83824.9,83652.8,83822.2,266.5507
1743810300000,83822.3,83915.2,83820,83900,219.7441
1743811200000,83900,83900,83658,83766.1,305.9012
1743812100000,83766,83848.4,83699.2,83759.5,189.0804
1743813000000,83759.6,83759.6,83400,83520,828.3612
1743813900000,83520.1,83862.5,83516,83806,581.511
1743814800000,83806.1,84089.6,83800,83990.3,785.8341
1743815700000,83990.4,84280.8,83990.3,84194.9,575.1963
1743816600000,84194.9,84240,84063.2,84070,540.0767
1743817500000,84069.9,84076,83923.9,83976.4,441.9889
1743818400000,83976.4,84100,83893.3,83924,347.6808
1743819300000,83924,83985,83818.8,83842,350.0106
1743820200000,83842,84100,83808.2,84092,405.9368
1743821100000,84091.9,84100,83929,83974.7,220.5239
1743822000000,83974.7,83980,83823.4,83830.2,259.5167
1743822900000,83830.2,83917.9,83717.6,83770,423.7232
1743823800000,83770,83833.6,83700,83739.1,329.1944
1743824700000,83739,83795,83639,83640.1,306.3962
1743825600000,83640,83822.5,83639,83819.9,305.7093
1743826500000,83819.9,83847.2,83747,83847.2,202.6772
1743827400000,83847.2,83876.8,83754.5,83754.5,171.6972
1743828300000,83754.4,83778.3,83616,83693.6,526.7754
1743829200000,83693.7,83756.2,83640.6,83730,182.0999
1743830100000,83730,83866.2,83714.3,83863.2,292.8511
1743831000000,83863.2,83876.7,83725,83725,166.5221
1743831900000,83725.1,83758.9,83680,83688,193.776
1743832800000,83688,83733.4,83672.5,83695,173.2853
1743833700000,83695,83739.9,83628,83630.6,222.057
1743834600000,83630.6,83650.9,83389,83406.1,995.6535
1743835500000,83406,83494.2,83348.9,83489.9,737.2534
1743836400000,83490,83533.3,83369.6,83394.9,408.5005
1743837300000,83394.8,83500,83381,83500,276.7383
1743838200000,83500,83500,83385.7,83476.7,347.4909
1743839100000,83476.6,83578,83452.7,83532.7,342.0528
1743840000000,83532.7,83671.6,83522,83542.6,564.8602
1743840900000,83542.7,83634.8,83369,83459,695.5467
1743841800000,83459,83581.7,83448,83581.7,356.0201
1743842700000,83581.6,83581.6,83509.5,83533.9,245.238
1743843600000,83534,83782,83533.5,83758.1,494.5382
1743844500000,83758,83758.1,83674,83735.5,415.8109
1743845400000,83735.4,83815.9,83680.2,83800,278.1975
1743846300000,83800,83876.5,83756.8,83854.5,405.1985
1743847200000,83854.4,83916,83772.9,83823.4,473.1556
1743848100000,83823.5,83823.5,83681.8,83744.2,297.2163
1743849000000,83744.2,83759.5,83630.6,83640,274.278
1743849900000,83640,83677.9,83580.6,83660,344.7174
1743850800000,83660.1,83696,83570,83585.5,451.9437
1743851700000,83585.5,83698,83585.5,83668.7,194.0581
1743852600000,83668.7,83708,83474.2,83507.7,554.7852
1743853500000,83507.8,83533.1,83470,83478,232.271
1743854400000,83478,83555.6,83426,83528,431.1813
1743855300000,83528,83572,83431,83450,405.4415
1743856200000,83449.9,83470,83220,83238.4,935.8948
1743857100000,83238.4,83325.3,83134.6,83302,1045.7427
1743858000000,83301.9,83355,83156.1,83160,535.732
1743858900000,83160,83160,82692,82835.2,2945.2696
1743859800000,82835,82910,82639.2,82669.6,1092.3442
1743860700000,82669.5,82773.1,82529.4,82760.7,1552.8376
1743861600000,82760.7,82962,82726.2,82762.1,983.4323
1743862500000,82762.1,82943.2,82684.1,82885.2,537.3176
1743863400000,82885.1,83022,82784,82947.4,658.0045
1743864300000,82947.4,83041.8,82910.4,82923.5,566.6438
1743865200000,82923.6,82923.6,82696,82732.3,523.8927
1743866100000,82732.3,82850,82632.7,82672,825.9873
1743867000000,82672,82724.2,82385,82407.9,1747.2499
1743867900000,82407.9,82635.8,82376.1,82620,815.5967
1743868800000,82620,82749.9,82608.2,82736.6,619.0982
1743869700000,82736.6,82798.3,82604.1,82664.4,536.8858
1743870600000,82664.3,82833.2,82664.3,82809.6,375.8544
1743871500000,82809.7,82827.8,82659.7,82751.3,337.376
1743872400000,82751.4,82824.2,82676.7,82764.2,274.8108
1743873300000,82764.2,82900,82764.2,82900,308.2826
1743874200000,82900,82964.7,82854,82921.8,290.8813
1743875100000,82921.8,82956,82850,82875.7,242.412
1743876000000,82875.8,83084.3,82854.2,83063.5,560.0399
1743876900000,83063.5,83117,82926.1,82985,434.5646
1743877800000,82985,83021.9,82915.8,82992.5,193.5982
1743878700000,82992.5,83107.8,82978.8,83033.1,197.6796
1743879600000,83033.1,83154.8,83033.1,83059.3,479.3555
1743880500000,83059.3,83099.2,83028.9,83068.6,168.0911
1743881400000,83068.5,83108.1,82861.1,82905.8,444.5113
1743882300000,82905.7,82910,82777.5,82867.4,261.1073
1743883200000,82867.5,83000,82857.6,82973.3,182.0853
1743884100000,82973.2,83057.9,82964.1,83057.9,234.5226
1743885000000,83057.9,83116,82829.4,83047.9,395.3614
1743885900000,83048,83102.3,82890.6,83098.8,394.521
1743886800000,83098.8,83169.5,83012.9,83112,325.1125
1743887700000,83112,83280.6,83047.1,83232.1,551.9234
1743888600000,83232,83232.1,83030.1,83050.8,323.9145
1743889500000,83050.8,83110.1,82908.8,82928.5,300.8965
1743890400000,82928.5,83132.6,82928.5,83034.1,285.7884
1743891300000,83034.1,83088.7,82964.4,83033.7,152.2692
1743892200000,83033.6,83099.1,82984.2,83070.5,137.6283
1743893100000,83070.5,83227.9,83048.6,83196,284.9566
1743894000000,83196,83288,83130.2,83219.9,358.2431
1743894900000,83219.9,83260.6,83154.7,83178,175.492
1743895800000,83178,83330.1,83142.9,83318.9,595.5455
1743896700000,83318.8,83685.7,83291.6,83536.7,1272.048
1743897600000,83536.7,83626.4,83426,83477.9,543.4969
1743898500000,83477.9,83588.8,83440.4,83533.7,376.1868
1743899400000,83533.7,83562,83423.1,83520.8,455.5368
1743900300000,83520.9,83561.2,83457.5,83525.1,272.6081
1743901200000,83525.1,83584.2,83480,83531,400.009
1743902100000,83531,83689.9,83531,83649.9,547.851
1743903000000,83649.9,83800,83478.2,83478.2,738.2208
1743903900000,83478.2,83542.5,83424,83442.3,435.1425
1743904800000,83442.4,83500,83365.6,83394.1,493.9494
1743905700000,83394.1,83462.1,83360,83427.9,402.8834
1743906600000,83428,83463.5,83366.2,83366.3,230.6309
1743907500000,83366.3,83370.6,83272,83301.8,310.2897
1743908400000,83301.9,83379.5,83230,83352,515.3454
1743909300000,83351.9,83412.4,83268.5,83299,382.8771
1743910200000,83298.9,83357.6,83156,83277,410.5059
1743911100000,83277,83363.4,83272.6,83346.8,221.3082
1743912000000,83346.8,83390.5,83230,83331.1,471.6924
1743912900000,83331,83443.1,83261.2,83405.9,581.2077
1743913800000,83405.8,83464.2,83386.9,83445.7,222.2957
1743914700000,83445.7,83506.3,83418.4,83506.2,321.5655
1743915600000,83506.2,83537.8,83450.7,83468.1,286.1247
1743916500000,83468,83542.4,83435.7,83507.8,362.8001
1743917400000,83507.7,83528,83321,83377.6,502.5237
1743918300000,83377.5,83496,83355,83445.9,236.3517
1743919200000,83445.9,83470.2,83352.5,83410.9,209.9631
1743920100000,83410.8,83443.5,83400,83414,66.291
1743921000000,83414,83444.6,83130.3,83218.8,919.9305
1743921900000,83218.8,83247.1,83111.3,83112.1,573.4022
1743922800000,83112.1,83211.2,83039,83186.4,817.5639
1743923700000,83186.4,83199.3,83070.1,83070.2,358.0131
1743924600000,83070.1,83129.8,83032.6,83101.9,375.0219
1743925500000,83101.9,83154,83029.1,83030,229.6711
1743926400000,83030.1,83051,82871.1,82882,910.3028
1743927300000,82881.9,82920.5,82725.8,82787.4,697.4263
1743928200000,82787.5,82999.9,82765,82961,815.3073
1743929100000,82961.1,83057.5,82936.3,83032.9,533.7186
1743930000000,83032.9,83037.7,82928.5,82947.5,274.577
1743930900000,82948.3,83141.8,82936.4,83123.8,451.6276
1743931800000,83123.9,83178.2,83044,83109.5,324.1536
1743932700000,83109.6,83140,83043.1,83079.8,233.9893
1743933600000,83079.9,83085.6,82850,82922.9,508.8369
1743934500000,82922.9,82964.1,82708.9,82838,972.6437
1743935400000,82837.9,82867.4,82780.4,82795.2,277.6019
1743936300000,82795.1,82882.8,82756.9,82882.8,341.182
1743937200000,82882.8,82943,82758.1,82758.1,398.5465
1743938100000,82758.1,82793.6,82677.7,82790.3,576.3383
1743939000000,82790.3,82792,82673.9,82779.9,378.1718
1743939900000,82779.9,82875.4,82718,82857.7,357.666
1743940800000,82857.7,82990.1,82807.1,82855.9,918.8175
1743941700000,82855.9,82925,82756.9,82885,430.9353
1743942600000,82885,82905.7,82626.4,82762.1,813.8469
1743943500000,82762.1,82822.1,82664.5,82705.5,485.6294
1743944400000,82705.5,82844.2,82660,82811.7,552.4387
1743945300000,82811.7,82811.8,82531.6,82544,976.2516
1743946200000,82544,82655.9,82450,82485.9,1036.4058
1743947100000,82486,82500,82221,82300,1952.3639
1743948000000,82300,82677.9,82214.6,82624.3,1531.3062
1743948900000,82624.4,82630.3,82383.6,82385,721.3001
1743949800000,82385.1,82576.4,82374.9,82575.9,553.1797
1743950700000,82575.9,82798.3,82505,82670.9,1456.9412
1743951600000,82670.9,82818,82384.3,82589.5,1215.7441
1743952500000,82589.6,82636.5,82437.3,82445.5,619.9194
1743953400000,82445.6,82657.3,82445.5,82626,438.0031
1743954300000,82626,82716.2,82521.4,82545,478.4595
1743955200000,82545.1,82561.1,82421.8,82439.5,666.7208
1743956100000,82439.5,82494.5,82261.7,82335.4,927.3001
1743957000000,82335.5,82426.4,82080.8,82130,1103.5586
1743957900000,82129.9,82218.9,81900.2,81968.7,1764.2381
1743958800000,81968.6,81998.7,81688,81692.6,1814.674
1743959700000,81692.5,81909.7,81557.3,81617.1,1835.29
1743960600000,81617.1,81617.1,81080.1,81126.9,3751.6369
1743961500000,81126.9,81469.1,80555,80806.1,6359.6251
1743962400000,80806.1,80806.1,80120.1,80304,4662.2662
1743963300000,80304,80416.4,79622.3,79704,6738.4196
1743964200000,79704,80105.9,79051.3,79163.5,5128.261
1743965100000,79163.5,79427.1,78669.9,79105.9,5800.5245
1743966000000,79106,79460,78826.7,79395.3,2727.907
1743966900000,79395.3,79833.2,79180.8,79496.3,3478.9136
1743967800000,79496.2,79848,79425.7,79497.1,1613.4584
1743968700000,79497.1,79695.7,79083.6,79611.3,1755.9133
1743969600000,79611.3,79886,79456,79462.1,1948.2388
1743970500000,79462.1,79670,79328,79373.1,1131.8449
1743971400000,79373.1,79550,78516.5,79237.2,4367.0607
1743972300000,79237.1,79248,78711.9,78873.9,1517.8156
1743973200000,78873.9,79410,78709.2,79330.6,1690.0062
1743974100000,79330.6,79680.1,79058.1,79167.5,1911.5307
1743975000000,79167.5,79399.9,79023.2,79100.6,912.4346
1743975900000,79100.6,79285.4,78888.1,78940,665.8888
1743976800000,78940.1,79147.4,78200,78833,7115.7247
1743977700000,78832.9,79098.8,78463.7,79064,2590.3058
1743978600000,79064,79064.1,78254,78332.6,2180.7538
1743979500000,78332.5,78498,77802,78069.9,3666.2971
1743980400000,78070,78210.9,77300,77750,4694.5951
1743981300000,77749.9,77832.3,77141.8,77426.1,4424.0938
1743982200000,77426.1,78399,77363.9,78319.9,3879.8834
1743983100000,78319.9,78698,78066.7,78419.9,3569.8667
1743984000000,78420,78520,77412.1,77455.3,3903.3087
1743984900000,77455.4,78333,77455.4,78312.6,2883.1347
1743985800000,78313.2,78371.6,77850,77941.9,1875.1561
1743986700000,77942,78388,77610.7,78316,1786.775
1743987600000,78316,78913.6,78307.4,78850,2881.5478
1743988500000,78850,79333,78680,79031.4,3423.2633
1743989400000,79031.3,79128.8,78586.9,78709.1,1910.2884
1743990300000,78709.2,79218.3,78676.9,79128.2,1409.2696
1743991200000,79128.2,79217.3,78882.4,79023.9,1102.159
1743992100000,79024,79100,78580,78641.9,1248.1061
1743993000000,78641.9,78860.5,78400,78504.8,1552.8343
1743993900000,78504.8,78774,78398.6,78446.1,825.9479
1743994800000,78446.2,78517.8,78050,78098,1617.087
1743995700000,78098.1,78460,78081.8,78340,1332.7384
1743996600000,78340,78354.4,77400,77411.9,2907.0531
1743997500000,77411.9,77735,77355,77693,2290.6165
1743998400000,77693,77982.1,77162.7,77417.7,2829.3627
1743999300000,77417.7,77687,76931.2,77428,3172.8521
1744000200000,77428.1,77542.7,76653,76805,3650.6233
1744001100000,76805,77088,76655.3,76991.9,1984.0605
1744002000000,76991.9,77298.6,76666.7,77073.7,2750.4558
1744002900000,77073.7,77508.8,76904.7,77201.4,2440.5737
1744003800000,77201.5,77397.9,76874.2,77002.7,1637.8492
1744004700000,77004.1,77132.6,76770,76957,1429.9955
1744005600000,76957,77301.9,76806.3,76872.5,2170.1717
1744006500000,76872.4,76904.2,75706.9,75832.1,8188.845
1744007400000,75832.1,75900,74951.4,75050,7661.1039
1744008300000,75051.6,75407.7,74546.9,74822,8424.5842
1744009200000,74822,75299.9,74505.2,75086,4997.418
1744010100000,75086,75389.3,75001.1,75074.6,3047.5645
1744011000000,75074.6,75499,74871.2,75245.9,2531.7404
1744011900000,75245.9,75400,75022.1,75119.5,1679.1301
1744012800000,75119.6,75890.9,75090,75532,4081.9995
1744013700000,75532,76475.8,75486.7,76276,3961.8004
1744014600000,76276,76839.6,76064.4,76634.1,3744.0291
1744015500000,76632.5,76781.8,76200,76258,2524.1452
1744016400000,76258,76536.4,76101.3,76111.3,2134.9117
1744017300000,76111.4,76358.4,75729.5,76240.1,3071.4425
1744018200000,76240,76750,76176.1,76637.9,1774.0516
1744019100000,76637.9,76798,76191.8,76283,2103.1834
1744020000000,76283.1,77033.9,76150,76980,2917.0626
1744020900000,76979.9,77575.4,76949.5,77226.9,3959.0223
1744021800000,77226.9,77540,77090,77357.1,1767.8629
1744022700000,77354.4,77478.2,76800.1,76989.6,2259.0412
1744023600000,76989.8,77392.5,76906,77107.6,1550.9809
1744024500000,77107.6,77221.8,76887.6,77083.5,1139.9619
1744025400000,77083.6,77120.2,76559.7,76619.9,2430.178
1744026300000,76619.9,76775.4,76432.6,76690,1486.7956
1744027200000,76690.1,76921.6,76413.3,76746.5,1739.7323
1744028100000,76746.4,77480,76606.1,77422.1,3441.7091
1744029000000,77422.1,77649.5,76910,76954.1,3113.2143
1744029900000,76954.1,77636.3,76729,77326.8,4301.1198
1744030800000,77326.1,77386.7,77011.9,77223.8,1981.8988
1744031700000,77223.9,77292.2,76800,76869.9,2123.331
1744032600000,76870,77221.8,75800.1,76061.9,7821.6791
1744033500000,76061.8,78486,75783.9,78350,11681.6742
1744034400000,78349.9,80081,77917.8,79570,17402.379
1744035300000,79565.7,81233.5,77879.9,78135.3,28477.4009
1744036200000,78130.1,79985.8,77915.7,78688.4,14461.5476
1744037100000,78690,79555,78414.5,79032.3,8351.1509
1744038000000,79035.8,79362.7,77800.1,77800.2,6948.8623
1744038900000,77800.2,78639.8,77515,78026.2,8718.7569
1744039800000,78026.2,79078.9,78026.2,78949.7,4487.8034
1744040700000,78942.4,78994,78445.7,78480.1,2194.3134
1744041600000,78480,78514.1,78056.2,78285.6,2526.864
1744042500000,78284,78435,77625.3,78325.4,3919.1295
1744043400000,78325.3,78594.5,77806.8,77914.1,2166.8496
1744044300000,77914,77919.2,77298.9,77436.1,3172.2282
1744045200000,77436,78393.6,77432.1,78236,5245.1271
1744046100000,78236,78618.5,78077.8,78564,3001.0165
1744047000000,78564,78950,78280,78931.2,2496.1852
1744047900000,78931.3,79215.5,78563.6,79066.8,3678.2586
1744048800000,79066.9,79200,78700,78828,2537.1346
1744049700000,78824.5,79380.9,78571.5,78640.9,3137.7564
1744050600000,78641,79155,78515.9,78862.3,1724.1548
1744051500000,78862.3,78979.9,78282.6,78475.1,2013.8841
1744052400000,78475.1,78961.7,78233.4,78330.1,1843.2831
1744053300000,78330,78719.8,78200,78292.8,2025.2227
1744054200000,78292.8,78913.6,78100.8,78131.6,1967.1941
1744055100000,78131.5,78450,78000,78123,1961.6663
1744056000000,78123.5,78579.5,78092.4,78226.1,1239.5337
1744056900000,78226.1,78686,78226.1,78686,753.1061
1744057800000,78685.9,79099.7,78685.9,79082,887.5554
1744058700000,79081.9,79125.8,78788,78929.4,530.4004
1744059600000,78929.4,79118.5,78666.7,79110.1,525.0156
1744060500000,79110,79220.5,78815.3,78951.9,552.6899
1744061400000,78951.9,79035.4,78814.6,79000.4,256.9753
1744062300000,79000.4,79590.7,79000.4,79229.8,702.0723
1744063200000,79229.7,79672,79162.1,79588,963.1237
1744064100000,79588.1,79830,79583.3,79795.8,1066.9125
1744065000000,79795.8,79964.1,79670.4,79933.8,867.2732
1744065900000,79933.9,80210,79777.8,79950.1,1455.7954
1744066800000,79950,80099.8,79703.5,79760.8,1174.117
1744067700000,79760.8,79883.8,79645,79852,841.9251
1744068600000,79851.9,79898,79269.1,79322.1,1161.5265
1744069500000,79322.1,79436,79075.9,79180.1,1030.4055
1744070400000,79180.2,79526.3,79085.8,79514,895.7701
1744071300000,79514.1,79610,79346.9,79356,602.169
1744072200000,79355.9,79489.9,79102.6,79344.1,1131.3247
1744073100000,79344.2,79364,78992.5,79024.1,832.7053
1744074000000,79024.1,79295.9,78787.2,79223.1,1446.6355
1744074900000,79223,79788.7,79028.2,79723.7,1497.9942
1744075800000,79723.7,80567,79656.3,80416.1,3230.3934
1744076700000,80418.2,80804,80187.3,80595.8,2417.5941
1744077600000,80595.9,80866.7,80407.9,80649.9,1685.3303
1744078500000,80649.9,80701.9,80446.6,80451.4,1149.9057
1744079400000,80451.5,80451.5,80192.2,80242.6,994.027
1744080300000,80242.8,80287.5,79900.6,79951.9,1314.2491
1744081200000,79951.8,80130.3,79886,79975,1044.7702
1744082100000,79975,80188,79831,80176.1,1371.5907
1744083000000,80176,80210.7,79830.4,79860.5,957.5979
1744083900000,79860.5,79983.9,79752.1,79900,804.2091
1744084800000,79900,80084.6,79857.2,80070.2,607.2454
1744085700000,80070.2,80292.5,79969.9,80255.3,795.919
1744086600000,80255.3,80413.8,80118,80296.1,755.8627
1744087500000,80296.1,80346,80104.1,80296.8,579.1676
1744088400000,80296.7,80312.8,79700,79817.8,1434.8109
1744089300000,79817.8,79860.4,79526,79602.1,1637.2322
1744090200000,79602.2,79828.1,79580,79680.1,980.3934
1744091100000,79680.1,79876.3,79656,79857.5,544.5376
1744092000000,79857.4,79857.5,79458.8,79485.9,1218.8829
1744092900000,79485.9,79531.8,79358.6,79400,694.4115
1744093800000,79400,79540,79280,79539.8,925.8904
1744094700000,79539.7,79565,79380,79442.1,584.8172
1744095600000,79442,79542.2,79212,79496.9,981.025
1744096500000,79496.8,79717.7,79391.9,79568.1,1060.5349
1744097400000,79568,79568,79382.7,79465,679.361
1744098300000,79465,79552,79259.1,79494.2,723.8528
1744099200000,79494.1,79524,79048.8,79064.4,1268.3884
1744100100000,79064.4,79222.7,78957.7,78957.7,1329.9851
1744101000000,78957.7,79230,78957.7,79230,893.9577
1744101900000,79229.9,79233,79000,79178,900.1714
1744102800000,79177.9,79247.9,79006.8,79124.1,817.4041
1744103700000,79124.1,79124.2,78870.2,78885.9,832.059
1744104600000,78885.9,79173,78870,79142,976.4367
1744105500000,79141.9,79200,78897,78918.8,899.5527
1744106400000,78918.8,79077.6,78805.5,78916.9,882.3633
1744107300000,78916.9,79084.4,78877.4,79013.9,498.4681
1744108200000,79014,79190.2,78938,79074.9,715.8827
1744109100000,79074.9,79154,78950,79019.8,422.1476
1744110000000,79019.8,79295,78975.5,79170.1,909.459
1744110900000,79170.1,79373.7,79066.7,79360,1068.1836
1744111800000,79360.1,79820,79350,79602.3,2007.9616
1744112700000,79602.3,80078.7,79602.3,79988,1788.0845
1744113600000,79987.9,80135.9,79801.6,79983.3,1921.4654
1744114500000,79983.4,79995.9,79760,79873.9,1559.6284
1744115400000,79874,79984.2,79562.7,79685.4,1363.926
1744116300000,79685.3,79900,79600,79838.8,1081.486
1744117200000,79838.8,80393.4,79766.1,80052.1,3291.1876
1744118100000,80052.1,80288,79909.8,80174,1763.8834
1744119000000,80174.1,80376.1,79376.9,79777.6,6200.2928
1744119900000,79777.7,80018.6,79528.7,79892.1,3178.0897
1744120800000,79892.2,80262.9,79727.4,79968.7,3159.584
1744121700000,79966.2,80170,79386.6,79450.7,3151.96
1744122600000,79450.7,79609.4,79100.9,79126,3209.6122
1744123500000,79126,79250,78472,78484.2,4054.9602
1744124400000,78484.1,78850,78177,78340,3495.9185
1744125300000,78339.9,78582,78162,78207.7,2777.7677
1744126200000,78207.8,78682.4,78199.5,78599,1689.1101
1744127100000,78598.9,78688,78269.4,78500,1389.0441
1744128000000,78500,78529.7,78201.4,78202,1240.8711
1744128900000,78202,78208.6,77827.3,78123.9,3119.4866
1744129800000,78123.9,78237.6,77402.8,77547.5,4321.3806
1744130700000,77547.6,77897.4,77351,77421.8,3687.0858
1744131600000,77421.8,77558.5,76877,77026.1,4044.7897
1744132500000,77026,77227,76575,76669,3431.5923
1744133400000,76669.1,77576,76565.1,77321.6,5670.4712
1744134300000,77321.7,77539.7,76903.6,77342,3028.9351
1744135200000,77342.5,77510,77083.2,77158.7,1780.3129
1744136100000,77158.8,77702.8,77130,77333,1693.4651
1744137000000,77333,77999.9,77332.9,77462,2910.3006
1744137900000,77462,77687.1,77244.6,77259,1081.1158
1744138800000,77258.9,77368.2,76769,76806,1721.3158
1744139700000,76805.9,77083.5,76569.9,76870.1,2472.612
1744140600000,76870,76906.7,76370,76491.8,3599.1374
1744141500000,76491.8,77145.1,76425.5,76868,2674.6282
1744142400000,76868.1,76991.9,76668.7,76883.9,1309.8807
1744143300000,76883.9,77013.9,76602.6,76678,1133.5314
1744144200000,76678,77217.9,76622.3,77150.8,1130.2903
1744145100000,77150.7,77152.3,76977,77141.6,950.0022
1744146000000,77142.9,77293.6,76854.3,77035.4,837.6097
1744146900000,77035.4,77126.8,76777.8,76842.2,458.9325
1744147800000,76842.3,77078,76729.2,77065.9,493.9974
1744148700000,77065.9,77140,76986.5,77108.2,334.9811
1744149600000,77108.2,77140,76600,76767.9,1331.3217
1744150500000,76768.7,76946.5,76575,76692,1212.0833
1744151400000,76692,76768.9,76245.9,76536.7,1870.4549
1744152300000,76536.7,76836.3,76445.6,76737.6,790.1625
1744153200000,76737.5,76809.6,76502,76600.6,752.5435
1744154100000,76600.7,76705.5,76310.1,76356.2,754.431
1744155000000,76356.1,76556.3,76347.3,76377.3,613.2444
1744155900000,76377.3,76512,76308.5,76332,754.3321
1744156800000,76331.9,76760,75922.1,76640.3,3275.1998
1744157700000,76642.2,76850,76421,76679,1806.3237
1744158600000,76679,76889.5,76450,76649.9,989.245
1744159500000,76649.8,76775.4,76356.4,76526,651.6084
1744160400000,76526.1,76600,75271.5,75315.2,4110.1744
1744161300000,75315.2,75496.4,74612.2,74688,6173.4138
1744162200000,74688.1,75870,74684.1,75502.1,4148.5162
1744163100000,75502.1,76279.4,75457.9,76079.9,3285.5602
1744164000000,76079.9,76463,76068.1,76212,2757.8764
1744164900000,76211.9,76375.9,75807.3,75846.3,1833.4498
1744165800000,75846.3,76150,75562.5,75590,1592.9624
1744166700000,75590,75924.3,75584,75670,1195.0458
1744167600000,75670.1,75876.6,75542.2,75766.1,1218.9012
1744168500000,75766,75876,75483.2,75490.1,1034.0043
1744169400000,75490.1,75750,75135.2,75287.9,1596.1409
1744170300000,75287.9,75500,75000.6,75073.3,1593.8707
1744171200000,75073,76022.5,75000,75827.9,4566.8629
1744172100000,75828,76235,75554.3,75722.5,1938.1685
1744173000000,75722.5,76642.8,75722.5,76561.9,3377.0177
1744173900000,76561.9,76918.7,76354.6,76419.9,2457.2852
1744174800000,76419.9,76688.8,76211.8,76443.9,1804.676
1744175700000,76443.9,76830,76380,76640,1043.1148
1744176600000,76640.1,76700,76430.8,76535.7,972.0747
1744177500000,76534.2,76738.6,76416,76738.6,823.204
1744178400000,76738.5,77324.2,76702.2,77281.6,2469.9941
1744179300000,77284.4,77321.6,76876,76908,1614.9492
1744180200000,76906,77160.7,76860.1,77143.6,745.0572
1744181100000,77140,77166,76762.5,76830,831.7116
1744182000000,76830,77739.9,76811.4,77626,6248.7646
1744182900000,77626.1,77788.1,77320,77695.9,2241.9148
1744183800000,77696,77935,77626.7,77900,1863.9411
1744184700000,77900,77921.9,77606.9,77678.4,1392.7096
1744185600000,77678.4,77860,77315.7,77437.9,2371.4259
1744186500000,77437.8,77555.2,77272.9,77302.3,1229.5261
1744187400000,77302.4,77339.6,77068.8,77260,1875.8445
1744188300000,77264.1,77380,77117.6,77309.9,785.5178
1744189200000,77310,77470,77240,77354,619.885
1744190100000,77354.1,77378,77188,77247.3,540.7995
1744191000000,77247.2,77380,77153,77380,524.9607
1744191900000,77380,77543.2,77334.5,77460.8,946.0792
1744192800000,77460.8,77536,77234,77512,784.5063
1744193700000,77512,77578.9,77172.5,77227.9,997.4339
1744194600000,77227.9,77267.8,76940,77097.9,1508.5399
1744195500000,77097.9,77549.8,77045,77195.9,1287.928
1744196400000,77196,77202.9,75878.3,76568.6,9804.6605
1744197300000,76568.7,76822,76296,76574.4,2254.3932
1744198200000,76574.5,76647.5,75753.9,75964.5,3180.5727
1744199100000,75964.4,76567,75821.8,76244,3177.7253
1744200000000,76244.1,76520,76028.2,76470.8,1692.3594
1744200900000,76470.9,76592.5,76224.6,76287,1657.0598
1744201800000,76287,76523,76019,76520,1556.0906
1744202700000,76519.9,77083,76392.7,76770.6,3018.9486
1744203600000,76770.6,77157.9,76747.4,76955.9,2406.4902
1744204500000,76955.9,77095,76713.7,76845,1375.7017
1744205400000,76845,77850,76845,77259.8,7563.4081
1744206300000,77259.4,77832,77091.1,77704,3780.7833
1744207200000,77704,78332.6,77228.4,77378,6364.7032
1744208100000,77378,77829.2,77368.2,77610,2612.1651
1744209000000,77610,77942.8,77450,77488,2411.1533
1744209900000,77488,77727.2,76818,76890,3459.4994
1744210800000,76890.1,77499.2,76858.7,77409.9,2423.4983
1744211700000,77408,77664,77348,77414,1630.1518
1744212600000,77414,77586.3,77014.7,77120,1714.0509
1744213500000,77119.9,77537.2,77100,77272,1512.2265
1744214400000,77272,77866,77146.8,77772.3,2053.8626
1744215300000,77772.3,77839.4,77547.5,77604.9,1186.9571
1744216200000,77604.9,77933,77526.1,77838.8,1198.3152
1744217100000,77838.1,78377.1,77755.3,78265.5,2262.0244
1744218000000,78265.6,78800,78149.2,78509,4574.2855
1744218900000,78509,81286,77622.9,80834,26932.5637
1744219800000,80833.9,81886,80816,80964,13141.1952
1744220700000,80967.3,82286,80967.3,82192.8,7776.9011
1744221600000,82192.8,82500,81715.3,82308,8531.2343
1744222500000,82308,82999.9,82158.1,82576,7079.5213
1744223400000,82576,82774.2,82061.7,82105.7,4424.479
1744224300000,82105.7,82358.1,81789,81789,3686.6815
1744225200000,81789.1,82300,81766,82294.3,2997.2476
1744226100000,82294.2,82568,82096.5,82382.7,2049.901
1744227000000,82382.6,82580,82242,82313.9,1297.7101
1744227900000,82314,82480,82133.5,82330.1,1586.7745
1744228800000,82332.4,82508,82160,82178.5,1157.0482
1744229700000,82178.5,82338.2,82031.2,82075.9,900.8095
1744230600000,82075.8,82790,82004.3,82776.1,1617.0519
1744231500000,82776.1,83276.6,82642.7,83198,2826.586
1744232400000,83198,83516,82981.9,83473,2867.2914
1744233300000,83472.9,83600.7,83241,83314.1,1469.1841
1744234200000,83314,83316,82842.3,82949.2,1104.0677
1744235100000,82949.2,83386.1,82895.3,83282.4,998.0708
1744236000000,83282.4,83482.7,83086.2,83288.2,1159.3965
1744236900000,83288.3,83480,83260,83359.9,854.7196
1744237800000,83359.9,83471.8,83008.5,83028.9,1221.5286
1744238700000,83028.9,83112.8,82944.1,83068,735.4136
1744239600000,83067.9,83172,83000,83034.6,1047.5649
1744240500000,83034.6,83038.6,82737.6,82785.8,965.9787
1744241400000,82785.8,82862,82689,82794.6,732.5565
1744242300000,82794.5,82794.6,82535.9,82634.8,983.4444
1744243200000,82634.8,82758.8,82482.4,82502.6,890.7821
1744244100000,82502.6,82643.3,82367,82430,1084.1887
1744245000000,82430,82499.5,82068,82159.1,1443.4613
1744245900000,82159.1,82394.8,82100,82357.8,882.5744
1744246800000,82357.7,82600.1,82277.2,82499.5,1110.0916
1744247700000,82499.5,82589.5,82356.4,82423.3,820.9385
1744248600000,82423.3,82476.1,82302.8,82393.8,708.9281
1744249500000,82393.8,82479.9,82238.6,82265.3,464.8817
1744250400000,82265.2,82525,82215,82517.6,597.3347
1744251300000,82517.5,82577.6,82420,82449.9,615.2604
1744252200000,82449.9,82494.3,82313.5,82357.4,483.5404
1744253100000,82357.6,82366.5,82191.6,82207.4,701.5668
1744254000000,82207.4,82227.1,81719.5,81748.1,2382.9265
1744254900000,81744,81787.2,81540,81666,2082.8718
1744255800000,81665.9,81795.6,81470.1,81740,1153.1985
1744256700000,81739.9,81824.4,81664,81780,633.5272
1744257600000,81779.9,81965,81681,81696.5,1022.9252
1744258500000,81696.6,81850,81639.6,81652.4,436.8927
1744259400000,81652.4,81888,81637.6,81845,578.9114
1744260300000,81844.9,82094.2,81826.2,82022.1,1090.9309
1744261200000,82022.2,82140,81918,82102.1,882.6153
1744262100000,82102.1,82236.2,82025.6,82169.9,967.4195
1744263000000,82170,82229.6,82092.6,82186.3,637.7079
1744263900000,82186.3,82249.6,82043.1,82160.5,729.3805
1744264800000,82160.5,82349.7,82077.4,82255.1,889.8114
1744265700000,82255,82275.8,82043.7,82081,557.4923
1744266600000,82084.9,82111.9,81800,81906.9,1036.661
1744267500000,81907.1,82181.8,81860,82148,688.5397
1744268400000,82148,82247,82042,82117.4,608.5914
1744269300000,82117.4,82157,81808,81812.1,589.7668
1744270200000,81812.2,81812.2,81300,81574.2,3069.5208
1744271100000,81574.2,81810.1,81547.1,81599.8,912.7756
1744272000000,81599.9,81864.8,81528.1,81759.1,1022.0163
1744272900000,81760,81852.4,81630,81775.9,699.037
1744273800000,81775.8,81775.9,81426.5,81601.6,1121.5615
1744274700000,81603.9,81703.9,81500,81560.1,532.7462
1744275600000,81560,81602.5,81350,81510.1,1200.1132
1744276500000,81510,81934,81510,81789.9,1373.2433
1744277400000,81789.9,82026.1,81755.3,81830,1053.2471
1744278300000,81830.1,82089.7,81809,82036.1,847.7251
1744279200000,82036,82128,81942.8,82069.9,742.083
1744280100000,82070,82095.8,81714.8,81721.1,1015.7142
1744281000000,81721.2,81870,81606,81608,697.5227
1744281900000,81608,81774.5,81565.2,81762,674.2402
1744282800000,81762,81865.9,81550,81550.2,626.5919
1744283700000,81550.1,81746.5,81507.1,81628.7,682.4486
1744284600000,81629.8,81899.8,81601,81852.3,739.6154
1744285500000,81852.3,81942,81756.2,81878.1,617.3154
1744286400000,81878,82045,81538.6,81657.6,1508.3757
1744287300000,81657.6,82220,81604.1,82013.5,1765.4798
1744288200000,82020,82600,81769.6,81838.1,6007.5869
1744289100000,81838,81863.1,81458.6,81711.1,2346.4424
1744290000000,81711,81748.3,81530,81556,889.1226
1744290900000,81555.9,81970.7,81500,81754.8,1567.6239
1744291800000,81754.9,81862.5,80781.7,80913.4,7854.9705
1744292700000,80910.8,81440.8,80846.1,80879.9,3888.845
1744293600000,80879.8,81184.6,80620.3,81111.8,4593.6107
1744294500000,81111.7,81500,81063.3,81294,2322.3889
1744295400000,81293.9,81852.2,81293.9,81644.4,4079.7159
1744296300000,81642.4,81663.7,81226.1,81280.4,1677.4906
1744297200000,81280.3,81385.5,80683.5,80718.3,4366.8396
1744298100000,80718.3,80743.6,80222,80226,4412.9278
1744299000000,80226,80282,79177.9,79223.4,9736.3107
1744299900000,79223.3,79268.4,78602.7,78768.1,7749.9491
1744300800000,78768,79287.5,78460.8,78876,5452.8006
1744301700000,78875.9,78968.5,78500,78850.6,3144.5789
1744302600000,78854.8,79480,78823.3,79220,3295.5148
1744303500000,79220,79697.5,79063.3,79452.1,2232.8017
1744304400000,79452,79687.5,78642.1,78795.9,4767.3929
1744305300000,78795.9,79274,78601.9,79170.1,2195.8128
1744306200000,79170.1,79437.7,79065.8,79378.6,1775.8152
1744307100000,79378.5,79467.5,79100,79313.4,1222.028
1744308000000,79313.4,79732.9,79250,79277.7,2598.6107
1744308900000,79277.7,79827.2,79207.9,79740.1,2045.1596
1744309800000,79740.1,79887.9,79483.5,79708,1010.5002
1744310700000,79708,79716.3,79350,79496,961.9531
1744311600000,79496,79784.1,79383.9,79572,1008.2889
1744312500000,79572,79766,79318.1,79357.1,1082.0093
1744313400000,79357.1,79682.9,79303.2,79346,1088.5275
1744314300000,79346,80063.9,79346,79639.9,2084.5476
1744315200000,79635.4,79947.7,79610,79909.3,839.2391
1744316100000,79909.3,79909.3,79557.3,79593.9,1070.5009
1744317000000,79593.9,79888,79582,79852.5,457.8806
1744317900000,79852.2,79952,79804,79927.4,387.8049
1744318800000,79927.4,80031.6,79735.1,79799.9,487.5788
1744319700000,79799.9,79849,79659.8,79837,403.821
1744320600000,79837.1,79936.5,79788.7,79834.2,289.6163
1744321500000,79834.3,79836.5,79696,79714.8,244.8528
1744322400000,79714.9,79758.9,79527,79749.7,991.8784
1744323300000,79749.7,79909.8,79700,79712.1,504.9653
1744324200000,79712,79928.9,79712,79919.8,333.5675
1744325100000,79919.7,79919.7,79676,79700,367.0767
1744326000000,79699.9,79731.1,79480.1,79492.5,628.7327
1744326900000,79492.6,79647.8,79385.8,79474.8,1000.3682
1744327800000,79474.8,79667.7,79416.7,79634.2,557.1858
1744328700000,79634.2,79760.1,79580.5,79606,515.9446
1744329600000,79606,79770,79431.9,79696.1,1020.9166
1744330500000,79696,79740.9,79460,79460.1,594.4133
1744331400000,79460,79597.8,79356,79406.1,857.3989
1744332300000,79406,79480,78960,79050,1875.0098
1744333200000,79050,79412,79020.4,79412,1176.7272
1744334100000,79412,79644.2,79411.9,79549,864.8724
1744335000000,79549,79906.3,79542.5,79766,1615.7576
1744335900000,79765.9,80468.2,79736.2,80448.7,3018.9035
1744336800000,80448.6,80492.7,80153.3,80308,1149.1531
1744337700000,80308,80841.9,80233,80688.7,2083.7948
1744338600000,80688.7,80800,80405.6,80432.4,1308.952
1744339500000,80432.1,80500,80279.5,80288,856.2348
1744340400000,80288.1,80549,80286.4,80522.1,663.0843
1744341300000,80522.1,80719.2,80478.1,80667.9,702.5438
1744342200000,80667.9,80829.1,80491.9,80811.9,918.6959
1744343100000,80811.8,80922.9,80688,80847.5,890.3051
1744344000000,80847.5,80980.9,80732.5,80962,990.0702
1744344900000,80962,81044.1,80836.5,81027.9,1273.7479
1744345800000,81028,81088,80727.4,80787,1372.6081
1744346700000,80786.9,80921,80712.3,80884.2,715.5536
1744347600000,80884.2,80913,80510,80646.9,1309.1343
1744348500000,80646.8,80823.1,80549.3,80801,688.1037
1744349400000,80801.1,80899.1,80625,80657.3,769.5181
1744350300000,80657.3,80845.6,80640,80819.9,569.0274
1744351200000,80819.9,81191.4,80819.8,81109.9,2141.9986
1744352100000,81109.8,81200,80969.1,80975.3,1083.9086
1744353000000,80975.2,81178.8,80962.5,81159.2,667.1951
1744353900000,81159.3,81341.4,81067.5,81097.7,1380.2654
1744354800000,81098,81208.8,80957.7,81044,736.9133
1744355700000,81044,81114.5,80858,80902.3,962.3569
1744356600000,80902.3,81419.8,80894,81372,1479.2456
1744357500000,81372.1,81460,81250.3,81258,1384.6936
1744358400000,81258,82054.9,80780,81460.1,7325.6883
1744359300000,81460.2,81516,81229.8,81349.9,1635.7154
1744360200000,81349.8,81847.7,81256.6,81626,2418.1059
1744361100000,81626.4,81759.5,81487.4,81636.3,1173.2405
1744362000000,81636.2,81674,81450,81502.4,599.1468
1744362900000,81502.5,82221.7,81502.5,82069.9,2484.3724
1744363800000,82069.9,82345,82066,82218.1,2156.0537
1744364700000,82218.1,82438,82173.8,82430.3,1812.2642
1744365600000,82430.2,82523.6,82299.1,82374.8,1818.1723
1744366500000,82374.9,82843.2,82362,82735.3,2860.9578
1744367400000,82735.4,82978,82618.1,82628,1881.825
1744368300000,82628.1,82728.6,82517,82707.7,1583.7503
1744369200000,82707.8,82904.6,82547.6,82627,1425.6031
1744370100000,82627.1,82639.6,82308,82362,1719.191
1744371000000,82362,82461.9,82139.8,82219.9,1884.749
1744371900000,82220,82337.5,82040,82153.2,1313.4854
1744372800000,82153.1,82302.7,81767.2,82010,2922.9428
1744373700000,82010.1,82304.3,81970.8,82264.1,1884.1379
1744374600000,82264,82600,82208.1,82320.1,2406.6705
1744375500000,82320.1,82330,82015.6,82132.9,1137.7587
1744376400000,82133,82225,81870,81948.1,1022.1351
1744377300000,81948.1,82185.7,81834.1,82140,1506.3753
1744378200000,82140,83350,82020,82921.9,6576.7129
1744379100000,82922,83222,82778,82926.9,2640.5574
1744380000000,82926.8,82926.8,82315.5,82536.1,4164.2618
1744380900000,82536.1,82660,81343.2,81470,5995.3069
1744381800000,81468.1,82036.6,81416,82018.1,2914.3038
1744382700000,82018.1,82358.7,81887.9,81893,2241.4111
1744383600000,81892.9,82257.7,81709.4,81880,1864.4068
1744384500000,81879.9,82250,81817,82180,1337.3276
1744385400000,82180,82744.5,82145.4,82534.8,3288.0348
1744386300000,82534.7,82640,82410,82532.5,1041.1555
1744387200000,82532.5,82656.9,82266,82299.9,1426.8971
1744388100000,82300,82379.8,82014.6,82251.7,1310.8473
1744389000000,82251.8,82978.9,82251.8,82970,2289.3784
1744389900000,82970,83032.3,82756.4,82785.3,1447.8713
1744390800000,82785.4,83000,82700,82963.9,842.086
1744391700000,82963.9,83109.7,82777,82993.9,1531.8852
1744392600000,82994,84123.5,82990,83961.9,5875.2302
1744393500000,83961.9,84062.4,83680.5,83933.8,2507.4675
1744394400000,83933.8,84248.9,83827.8,83993.2,2384.7756
1744395300000,83993.2,84037.6,83655,84020.7,1527.692
1744396200000,84020.7,84029.9,83800,83884,877.1794
1744397100000,83884,83941.3,83511,83613.8,1226.5231
1744398000000,83613.9,83941.6,83559.6,83891.9,878.101
1744398900000,83891.9,83970,83743,83767.8,595.1448
1744399800000,83767.8,83876.7,83650,83866,603.3506
1744400700000,83865.9,83977,83765,83856.2,717.097
1744401600000,83856.1,83920.5,83708.8,83762.1,447.4707
1744402500000,83762.1,83980,83714,83946.5,419.5452
1744403400000,83946.5,84039.1,83817,83967,469.4772
1744404300000,83967,83999,83810.4,83840,317.9391
1744405200000,83840.1,84038,83824.5,83930,371.1203
1744406100000,83930,84361.4,83887.2,83902,1276.6633
1744407000000,83902.1,83902.1,83642,83701.7,906.0115
1744407900000,83701.8,83810.1,83640,83680.9,364.404
1744408800000,83680.9,83733.6,83539.3,83580.8,626.5087
1744409700000,83580.8,83582,83445.7,83487.9,711.3149
1744410600000,83487.8,83488,83323.2,83381.1,544.9322
1744411500000,83381.1,83525.8,83381,83422,355.3497
1744412400000,83422,83422,83277.7,83281.7,303.9167
1744413300000,83281.7,83340.6,83080.2,83216.6,1161.9428
1744414200000,83216.6,83480.2,83195.5,83442.1,476.4452
1744415100000,83442.1,83570,83406.8,83422,360.9264
1744416000000,83422,83512.9,83269.1,83269.1,597.8958
1744416900000,83269.2,83413.8,83238,83354.3,451.293
1744417800000,83354.3,83555,83308.6,83495.9,521.3559
1744418700000,83495.9,83582.9,83345.8,83364.6,344.3388
1744419600000,83364.6,83460,83320,83340.7,279.9303
1744420500000,83340.6,83350,83161.1,83177,598.4237
1744421400000,83177.1,83326.3,83150,83307.4,401.8174
1744422300000,83307.4,83349.2,83162.8,83218.4,319.6293
1744423200000,83218.4,83315.4,83152.1,83174.1,344.5432
1744424100000,83174,83264,83160.7,83226.6,366.8774
1744425000000,83226.5,83300,83181.5,83226.8,201.3868
1744425900000,83226.7,83226.8,82794.1,82794.2,2325.451
1744426800000,82794.1,82992,82770.3,82944.6,847.9259
1744427700000,82944.6,83060.1,82888,83060.1,411.2131
1744428600000,83060.1,83136.7,83000,83122,470.3861
1744429500000,83122,83135,82893.4,82971.9,400.143
1744430400000,82972,82985,82850,82943,379.3539
1744431300000,82943,83252.5,82898.2,83211.1,1021.8797
1744432200000,83211.1,83467.8,82933,83126.2,1274.4807
1744433100000,83126.2,83391.9,83100,83207.7,944.5065
1744434000000,83209.1,83437,83189,83327.9,704.4518
1744434900000,83327.9,83490,83327.9,83366,590.1387
1744435800000,83366,83518.3,83358,83380.6,470.7784
1744436700000,83380.6,83382,83286.7,83332.9,248.0966
1744437600000,83332.9,83537.2,83332.9,83534,575.9303
1744438500000,83534,83754.7,83460.1,83621.4,1092.3157
1744439400000,83621.4,83788,83550.6,83736.5,964.3485
1744440300000,83736.5,83736.5,83523.5,83554.2,478.9355
1744441200000,83554.3,83597,83482.8,83596.9,617.1499
1744442100000,83597,83750,83572.9,83609.9,687.5065
1744443000000,83609.9,83788.1,83579.6,83747.6,595.9596
1744443900000,83747.6,83831.4,83685.9,83714.7,598.8759
1744444800000,83714.7,84042.7,83653.6,84012.6,1390.8829
1744445700000,84012.7,84012.7,83485.6,83578.9,1463.5056
1744446600000,83578.8,83700,83464.8,83640,848.4789
1744447500000,83640.1,83679.1,83496,83600,360.1798
1744448400000,83599.9,83773.3,83477.9,83478.3,499.8184
1744449300000,83478.2,83585.7,83412.7,83450.7,428.8854
1744450200000,83450.7,83582.5,83405,83566.9,399.1925
1744451100000,83566.9,83654.7,83505.4,83535.7,296.8526
1744452000000,83535.6,83565.8,83445.1,83484.2,256.8398
1744452900000,83484.2,83522.1,83373.6,83485,611.2
1744453800000,83485,83505,83333.3,83333.3,558.1682
1744454700000,83333.4,83432.1,83304,83430,443.9337
1744455600000,83429.9,83568.1,83429.9,83519.9,584.2674
1744456500000,83520,83690.9,83519.9,83608.4,1060.3574
1744457400000,83608.4,83608.4,83363.9,83495,600.5407
1744458300000,83494.9,83580,83464.1,83528.1,205.1124
1744459200000,83528.1,83732.5,83479.5,83686,883.48
1744460100000,83685.9,83819.8,83667.3,83765.7,538.5746
1744461000000,83765.6,83945.5,83680.3,83843.9,837.7289
1744461900000,83844,83875.1,83660.3,83845.3,865.6984
1744462800000,83845.3,84045.4,83804.5,84000,1364.3102
1744463700000,83999.9,84088.1,83546.4,83849,2264.9607
1744464600000,83849,84545.7,83700,84172.6,3370.4128
1744465500000,84172.6,84692.8,84150,84453.9,3019.465
1744466400000,84453.9,84780.6,84292.8,84494.1,2516.3451
1744467300000,84494.1,85040,84325,84895.9,3049.0163
1744468200000,84896.7,85288,84790.9,84853.8,2710.4224
1744469100000,84853.8,85025.3,84693.9,84830,1449.4994
1744470000000,84830,84941,84624,84690.1,1441.6285
1744470900000,84690,85198,84680.1,85159.9,1520.2583
1744471800000,85159.9,85419.9,85053.4,85290,2174.2927
1744472700000,85289.9,85367.8,84913.1,85005.4,1236.5445
1744473600000,85005.4,85207.7,84820,84902.5,1471.9241
1744474500000,84902.6,85100,84825.6,84976,886.9985
1744475400000,84976.1,85014,84738,84740,744.3757
1744476300000,84740.1,84780,84585,84660,796.1224
1744477200000,84660,84836.3,84428.3,84437.2,1364.1748
1744478100000,84437.2,84675,84434,84616.8,512.1127
1744479000000,84616.8,84862.3,84616.8,84862.2,624.7598
1744479900000,84862.2,84868.8,84700.2,84769.3,318.4037
1744480800000,84769.2,84985.9,84747.1,84857.9,821.3273
1744481700000,84858.3,84994.6,84858.3,84987.6,349.2441
1744482600000,84987.6,85067.7,84914.5,85034,284.2741
1744483500000,85034,85210,85034,85189.9,591.1275
1744484400000,85190,85223.1,85027.6,85067.9,429.6169
1744485300000,85067.9,85271.2,84983.3,85056.5,451.3131
1744486200000,85056.5,85125.9,84888,84900,440.3109
1744487100000,84900,84952.2,84827.9,84948.4,277.5004
1744488000000,84948.5,85170.3,84880.7,85155.9,575.6429
1744488900000,85156,85291,85060,85280.2,347.5494
1744489800000,85280.2,85917.7,85280.1,85799.9,2914.0857
1744490700000,85799.9,85824.7,85406.1,85518.5,999.988
1744491600000,85518.4,85577,85311.3,85328.9,439.0626
1744492500000,85328.9,85580,85289.6,85408.1,324.1689
1744493400000,85408.1,85577.1,85256.8,85491.7,412.2963
1744494300000,85491.8,85529.2,85280,85371,497.8722
1744495200000,85371,85542.6,85371,85509.9,272.3421
1744496100000,85510,85704.8,85453.3,85473.5,507.6486
1744497000000,85473.5,85582.7,85404.3,85487.9,192.3585
1744497900000,85487.9,85487.9,85322.6,85340.1,264.5584
1744498800000,85340.1,85420,85234.2,85255,447.8733
1744499700000,85254.9,85375,85181.5,85214.1,305.2562
1744500600000,85214.1,85325.9,85164.5,85307.4,288.2241
1744501500000,85307.4,85445.4,85271.2,85272.7,252.6527
1744502400000,85272.8,85458.5,85265.7,85452.3,314.8944
1744503300000,85452.2,85519.2,85145.2,85187.2,426.8225
1744504200000,85187.2,85284,85006.6,85254.1,719.7267
1744505100000,85254.1,85574,85230.2,85501.9,799.591
1744506000000,85501.9,85800,85433.9,85783.1,1030.663
1744506900000,85783.2,85836.8,85533.6,85826.7,842.6731
1744507800000,85826.7,86147.9,85491.1,85712.2,2227.2673
1744508700000,85712.2,85789,85137,85253.7,1871.2984
1744509600000,85253.8,85394.1,85137,85137,688.5957
1744510500000,85137.1,85181.2,84668.3,84827.2,2229.3438
1744511400000,84827.2,85111,84800,85032,807.6013
1744512300000,85032.1,85430.4,85009.6,85282.2,855.9813
1744513200000,85282.2,85500,85250,85376,851.8007
1744514100000,85376,85418.4,85222,85302.8,644.7799
1744515000000,85302.7,85525,85297.5,85490,596.0552
1744515900000,85490,85726.7,85363.4,85416.1,883.0835
1744516800000,85416.1,85428.8,85030.5,85127.2,914.1884
1744517700000,85127.2,85127.2,84819.7,85034.5,982.774
1744518600000,85034.5,85054.5,84611.1,84784.4,1463.211
1744519500000,84784.4,84907.1,84501,84627.8,1608.0671
1744520400000,84627.8,84798,84466.4,84480,1065.4344
1744521300000,84480,84676,84456.2,84659.8,744.1986
1744522200000,84659.8,84816,84585.7,84768,868.271
1744523100000,84767.9,84774.5,84384.3,84528.1,947.2345
1744524000000,84528.2,84760.4,84452.4,84641,691.3112
1744524900000,84641.1,84741.6,84541.5,84699.6,433.9668
1744525800000,84699.6,84806.5,84687.1,84750.6,362.7559
1744526700000,84750.7,84861.8,84602.3,84602.3,425.7957
1744527600000,84602.3,84762,84600,84762,410.122
1744528500000,84762,84781.7,84651.5,84694.2,356.3907
1744529400000,84694.2,84699.8,84449.7,84461.8,576.1947
1744530300000,84461.8,84564.9,84409.8,84409.9,543.2725
1744531200000,84409.9,84431.8,84279.8,84296.7,1220.0865
1744532100000,84296.6,84555.8,84296.6,84538.3,1113.776
1744533000000,84538.2,84638.4,84492.5,84561,944.9866
1744533900000,84560.9,84720.4,84534.5,84677,821.7656
1744534800000,84677,84719.2,84565.7,84589.6,524.5154
1744535700000,84589.5,84781.8,84486.8,84781.3,1046.0516
1744536600000,84781.3,84941,84686.7,84894,902.9436
1744537500000,84893.9,84950,84792.8,84907.1,597.4732
1744538400000,84907.1,84957.2,84708.8,84819.4,598.5123
1744539300000,84819.4,84834,84533.2,84558.1,753.9047
1744540200000,84558.1,84700,84500.4,84601.5,614.925
1744541100000,84601.5,84780,84589.7,84696,259.1771
1744542000000,84696,84776,84655.7,84708.2,209.2997
1744542900000,84708.2,84708.3,84300,84474.1,1548.7449
1744543800000,84474,84498,84327.2,84441.9,421.6047
1744544700000,84441.9,84530.5,84163.5,84522.5,1234.2678
1744545600000,84522.4,84636.7,84363,84636.7,664.4527
1744546500000,84636.7,84705.5,84201.1,84264.1,2299.6066
1744547400000,84264.1,84495.7,84225.9,84358.5,828.1178
1744548300000,84358.5,84465.8,84306.5,84450,260.1958
1744549200000,84449.9,84600.8,84336,84549.8,867.02
1744550100000,84549.7,84573.8,84057.6,84073.9,1421.9268
1744551000000,84073.9,84183.7,83730,83742.1,2603.0809
1744551900000,83742.1,83866.3,83474,83595.9,3008.6973
1744552800000,83595.9,83888.2,83460,83763.9,2264.3458
1744553700000,83764,83886,83658,83850.1,772.7786
1744554600000,83850.1,84156.8,83773.6,84021.3,2290.9273
1744555500000,84021.3,84176.1,83950.1,84084,979.5705
1744556400000,84084.1,84084.1,83693.2,83807.4,1583.4958
1744557300000,83807.4,83927.5,83729,83800,402.7136
1744558200000,83800,83927.8,83680.1,83744,669.0893
1744559100000,83744.1,83880.2,83662.3,83861.8,386.4699
1744560000000,83861.8,84280,83845.3,84087.8,2530.9818
1744560900000,84088.9,84449.2,84066.5,84299.9,2404.1439
1744561800000,84299.9,84400,84083.4,84172.9,2789.2081
1744562700000,84173,84275.9,84092.2,84227.9,462.5443
1744563600000,84227.9,84563.3,84190.1,84557.9,1808.8309
1744564500000,84558,85062.6,84475.1,84733.9,2794.2299
1744565400000,84734,84900,84571.3,84852.1,1969.586
1744566300000,84852.1,84935.4,84764.7,84764.7,1377.1153
1744567200000,84764.7,84914.9,84666,84788,1448.9428
1744568100000,84788,84790,84521.1,84573.1,943.1273
1744569000000,84573,84969.4,84573,84906,1116.2812
1744569900000,84906,84919.9,84640.3,84733.6,634.5188
1744570800000,84733.6,84733.7,84334.3,84548.3,1277.4929
1744571700000,84548.2,84548.3,84339.5,84498.9,719.5164
1744572600000,84498.9,84570,83019,83516.4,5550.1518
1744573500000,83516.3,84224.4,83401.4,83993.1,2591.0068
1744574400000,83993.1,84447.2,83772.6,84209.5,1646.9601
1744575300000,84209.4,84402.6,84153.8,84189.1,610.6788
1744576200000,84189.1,84204,83152,83416.1,2652.5141
1744577100000,83416,83616.4,83270,83509.7,718.4722
1744578000000,83509.6,83509.7,83050.1,83364,1162.0096
1744578900000,83364,83731.8,83181,83687.3,1015.9653
1744579800000,83688,83835.8,83040.5,83282.7,1261.333
1744580700000,83282.7,83801.4,83260.7,83602.6,963.7249
1744581600000,83602.6,83878.3,83326.3,83350.4,1716.729
1744582500000,83350.4,83520,83266,83440.1,702.7781
1744583400000,83440.1,83502.6,83166,83279.7,613.436
1744584300000,83279.6,83513.2,83212.2,83322.1,493.9479
1744585200000,83322.1,83618.8,83162.1,83560,954.5393
1744586100000,83560,83699.7,83488,83629.3,386.3748
1744587000000,83629.4,83679.9,83357.8,83471.7,494.8777
1744587900000,83471.7,83849.5,83444.1,83765,605.475
1744588800000,83765,84211,83684.4,84142.5,1015.9665
1744589700000,84142.5,85190.4,84095.6,84770.1,3961.8518
1744590600000,84770,85062,84509,84777.1,1782.9761
1744591500000,84777,84820,84154,84333.7,1740.2253
1744592400000,84333.7,84675.2,84268.3,84420.6,979.8019
1744593300000,84420.6,84564.6,84280,84557.3,696.5766
1744594200000,84557.3,84690,84342.9,84474.2,553.6466
1744595100000,84474.2,84505,84087.4,84238.2,811.6738
1744596000000,84238.1,84440,84032,84381.3,810.5369
1744596900000,84381.3,85041.6,84312.7,85027.7,1652.9426
1744597800000,85027.7,85554.9,84984.1,85295.9,3612.5643
1744598700000,85296,85500,85040,85125.1,1779.0319
1744599600000,85125,85134,84620,84766.1,2084.1492
1744600500000,84766.1,84882,84580,84689,1078.2233
1744601400000,84688.7,84810,84555,84680.8,678.4921
1744602300000,84680.8,84731.7,84455.8,84574.6,602.0228
1744603200000,84574.5,84712.6,84447.6,84469.9,748.7392
1744604100000,84469.9,84857.3,84434.7,84816.3,875.6673
1744605000000,84816.2,85046.6,84740.5,85004,1103.7693
1744605900000,85004.1,85118,84875,84885,713.4047
1744606800000,84884.9,85000,84654.2,84673.5,653.2702
1744607700000,84673.5,84774.8,84625,84713,375.4333
1744608600000,84712.9,84766.9,84349.2,84383,1472.6548
1744609500000,84383,84595.7,84365.8,84582.1,562.6616
1744610400000,84582.1,84600,84300,84439.1,722.6513
1744611300000,84438.1,84547,84330,84361.3,322.1003
1744612200000,84361.3,84594.6,84350,84551.7,386.7164
1744613100000,84551.6,84660,84500,84628,418.9912
1744614000000,84628,84797.6,84300,84303.7,940.9557
1744614900000,84303.6,84554.7,84220,84490,893.5159
1744615800000,84490.1,84600,84373.7,84441.9,334.4751
1744616700000,84442,84647.3,84430.5,84590,371.6751
1744617600000,84590.1,84820.6,84449,84532,897.7735
1744618500000,84532,84668,84440,84612,431.7148
1744619400000,84611.9,84879.2,84490.6,84826,603.4335
1744620300000,84826,84955,84680.6,84764,816.2259
1744621200000,84764,84920,84736,84870.1,522.2438
1744622100000,84870.2,84879.9,84456.2,84489.8,892.97
1744623000000,84489.8,84544,84300,84385.8,761.5581
1744623900000,84385.8,84485,84260,84454.5,943.7236
1744624800000,84454.5,84624.5,84315,84410.3,715.0832
1744625700000,84410.2,84700.9,84406,84650,1263.439
1744626600000,84650,84818,84565,84804.2,775.8213
1744627500000,84804.1,84836.8,84642.2,84660.1,684.5734
1744628400000,84660.1,84840.1,84500.1,84799.9,634.4752
1744629300000,84799.9,84898.9,84665,84852,624.946
1744630200000,84852,84974.9,84800.1,84825.9,618.8479
1744631100000,84825.9,84940.7,84807.9,84929.9,442.478
1744632000000,84929.9,85031.3,84772.1,84774.6,948.3548
1744632900000,84774.5,85051.7,84754.4,85042,714.849
1744633800000,85042,85252.6,84930.3,85148.5,1083.3853
1744634700000,85148.6,85236.9,85010.3,85137.7,673.2446
1744635600000,85138,85287.4,84975,85093.7,872.6107
1744636500000,85093.6,85269.5,84941.4,84941.5,847.0491
1744637400000,84941.5,85053,84286.3,84427.9,4490.5592
1744638300000,84428,84678,84064,84381.1,3804.1808
1744639200000,84381.1,84662.4,84262,84523.8,2051.3404
1744640100000,84523.8,85129.6,84449.6,85092.1,2306.3928
1744641000000,85092.2,85699,84960.1,85522.8,4649.0877
1744641900000,85522.8,85819.7,85406.8,85415.1,2992.5957
1744642800000,85415.1,85470,84480,84549.9,6118.0162
1744643700000,84549.9,84854,84409.7,84553,2050.8303
1744644600000,84553,84793.1,83852.9,84245,4274.5691
1744645500000,84245,84276.5,83695.8,84100.7,2797.2045
1744646400000,84100.7,84432.3,83850.4,84086.1,2641.1355
1744647300000,84086.1,84534,84056.1,84225.4,1972.9303
1744648200000,84225.5,84683.5,84135.9,84683.4,1653.8173
1744649100000,84683.5,84690,84330.1,84343.2,1190.9431
1744650000000,84343.2,84665.9,84330,84432.5,1145.7235
1744650900000,84432.5,84633.3,84216,84524.9,797.4092
1744651800000,84524.2,84628,84412,84601.7,441.0607
1744652700000,84601.8,84888.1,84518.2,84867.9,953.9819
1744653600000,84868,85071.7,84804.1,84934.6,976.5295
1744654500000,84937.4,85000,84841.2,84898,445.8556
1744655400000,84897.8,84962.4,84804.4,84893.5,624.1701
1744656300000,84893.5,85016.4,84675.1,84983,543.7861
1744657200000,84981.4,85210,84957,85062.1,710.3409
1744658100000,85062.1,85134.7,84947,84962,390.4305
1744659000000,84962,85154,84830,85024.7,448.1533
1744659900000,85024.7,85037.4,84766.7,84908.4,815.0446
1744660800000,84908.5,84963.1,84692.9,84800.1,585.5955
1744661700000,84800.1,84852.4,84535.8,84645.9,592.7962
1744662600000,84645.9,84718,84578.6,84676.8,289.5666
1744663500000,84676.9,84933.3,84668.1,84852.7,329.7025
1744664400000,84852.7,84932.1,84700.6,84920,340.3017
1744665300000,84920,84974.9,84733.8,84772,174.1044
1744666200000,84771.9,84773.9,84450,84609.4,411.5217
1744667100000,84609.3,84758.9,84511.6,84708.7,196.2275
1744668000000,84708.6,84731,84542.3,84562,340.4075
1744668900000,84562.1,84624.7,84411.4,84485.9,501.6051
1744669800000,84485.9,84688,84473.5,84625.9,320.0266
1744670700000,84626,84632.5,84468.7,84497.1,237.3479
1744671600000,84497.1,84673.5,84463.3,84608.9,312.1123
1744672500000,84610,84780.6,84609.9,84637.6,339.2158
1744673400000,84637.6,84732.4,84462.2,84462.3,333.5431
1744674300000,84462.2,84580,84415.8,84579.9,236.7133
1744675200000,84580,84680,84444.4,84448.4,537.2822
1744676100000,84448.3,84642.9,84333.4,84586.4,485.5318
1744677000000,84586.4,84875.7,84550,84780.5,692.9593
1744677900000,84781.9,84975,84711.2,84924,962.4875
1744678800000,84924,84950,84531.2,84679.8,647.8262
1744679700000,84679.9,84933.8,84670,84917.6,510.6792
1744680600000,84917.5,85137.7,84803.6,85008,964.1535
1744681500000,85007.9,85100,84941,84984.2,540.683
1744682400000,84984.1,85172.5,84928,85147.1,734.7392
1744683300000,85147.1,85185,84830,84858.2,541.9016
1744684200000,84858.1,84900,84692.7,84867.6,660.9818
1744685100000,84867.6,85327.8,84826,85235.2,1063.1557
1744686000000,85235.1,85328.3,85071.7,85144.1,1131.7491
1744686900000,85144.1,85328.1,85134.4,85245.7,726.0391
1744687800000,85245.6,85430,85211,85307.8,1138.9389
1744688700000,85307.8,85416.7,85239,85392.3,519.1698
1744689600000,85392.3,85484.4,85202,85280,1398.1935
1744690500000,85280,85411.1,85163,85180.9,594.5743
1744691400000,85180.9,85338.9,85167.5,85338.9,506.2696
1744692300000,85338.8,85554.7,85291.4,85500.1,1103.5403
1744693200000,85500.1,85690,85488,85665.9,1560.7038
1744694100000,85666,85750,85556.2,85561.1,1047.8405
1744695000000,85561.2,85897.9,85529.9,85800,1402.4597
1744695900000,85799.9,85824.1,85533.7,85537.9,897.5938
1744696800000,85537.8,85700,85455,85516.8,1058.8759
1744697700000,85517.5,85566,85383,85548.9,822.2718
1744698600000,85548.9,85684,85474.4,85503.8,433.0809
1744699500000,85503.9,85506.5,85363,85393.3,630.3398
1744700400000,85393.2,85630.5,85393.2,85538,419.924
1744701300000,85538,85786,85538,85699.6,717.1608
1744702200000,85699.7,85750,85630,85694,474.3496
1744703100000,85694,85747.8,85632.6,85743.1,455.181
1744704000000,85743,85950,85672,85862.9,2561.4083
1744704900000,85862.9,86000,85820.1,85838,1433.6143
1744705800000,85837.9,85888.8,85739.8,85880,651.8499
1744706700000,85880,85928.2,85760,85845.4,537.9726
1744707600000,85845.4,85948,85754.3,85873.9,712.6881
1744708500000,85873.8,85966,85860.7,85869.9,540.6189
1744709400000,85869.9,85877.2,85590.4,85756.6,1077.834
1744710300000,85756.6,85999,85700.3,85999,919.5542
1744711200000,85999,86061.6,85775.2,85795.9,1254.7014
1744712100000,85795.9,85807.8,85668.3,85768,615.0993
1744713000000,85768.1,85788,85471,85518.1,1471.5352
1744713900000,85518,85705.9,85425,85650,809.4327
1744714800000,85649.9,85675.1,85420,85495.4,936.4728
1744715700000,85495.3,85582,85332.1,85570.3,1077.3519
1744716600000,85570.4,85646,85499.8,85536.1,715.2074
1744717500000,85536.1,85598,85406,85590.1,470.5476
1744718400000,85590.1,85775.2,85547.4,85692.2,915.8958
1744719300000,85692.1,85764,85452.6,85500.2,891.2962
1744720200000,85500.1,85624.6,85445.7,85563.1,544.1449
1744721100000,85563,85834.3,85504.7,85831.5,817.2423
1744722000000,85831.5,85888.3,85708.2,85792.1,858.85
1744722900000,85792.1,85864.6,85586.7,85847.9,657.1918
1744723800000,85847.8,86127.6,85600,86050.1,3344.1747
1744724700000,86050.1,86478,85511.1,85582,7889.2806
1744725600000,85585.7,85977,85402.9,85756.1,3126.7472
1744726500000,85756.2,85870,84834.1,84964.9,6418.7671
1744727400000,84964.8,85294.8,84865.1,85228.8,2159.3326
1744728300000,85228.9,85334.9,85042.5,85144,1540.8871
1744729200000,85144,85279.7,85011.2,85248.1,1055.7771
1744730100000,85248.1,85388,85162.3,85216.1,846.7612
1744731000000,85216.1,85258,84855.5,84872.9,1448.3669
1744731900000,84872.9,84941.2,84625,84922.7,2042.2376
1744732800000,84922.6,85137.1,84880.1,85008.4,1312.6486
1744733700000,85008.3,85146.4,84860.1,85011.7,738.0982
1744734600000,85011.8,85055,84853.3,84997.2,388.4273
1744735500000,84997.2,85044.5,84777,84856.3,506.3373
1744736400000,84856.3,85000,84771.8,85000,506.8228
1744737300000,84999.9,85009.9,84711,84738.8,696.0371
1744738200000,84738.8,84847.9,84650,84780.3,758.6401
1744739100000,84780.3,84838.1,84402.1,84477.7,1594.8251
1744740000000,84477.8,84603,84372.6,84452.2,1320.5375
1744740900000,84452.2,84459.2,84142.2,84316,1242.9457
1744741800000,84316,84449.8,84273.5,84449.8,484.0407
1744742700000,84449.8,84500,84180.1,84184.8,736.4636
1744743600000,84184.7,84205.3,84027,84100.1,1098.4554
1744744500000,84100.1,84218.8,84022,84071.8,824.2447
1744745400000,84071.8,84105,84033,84043.7,492.3578
1744746300000,84043.7,84126.4,83888,83974.7,1622.3706
1744747200000,83974.7,84225.4,83891.2,84151.7,926.058
1744748100000,84151.7,84199,83932.7,84009.4,533.2952
1744749000000,84009.4,84130,83958.5,83977.7,395.501
1744749900000,83977.7,84020,83795,84007.5,975.9855
1744750800000,84007.5,84100,83882.5,83994.7,342.2457
1744751700000,83994.8,84095,83864.7,84052.5,275.6685
1744752600000,84052.5,84236.2,84052.4,84107.1,660.8542
1744753500000,84107.2,84220.9,84043.3,84159.1,335.9603
1744754400000,84159.1,84159.1,83856.8,83909.9,723.3754
1744755300000,83909.8,83971.8,83813.8,83928.2,396.1939
1744756200000,83928.2,84060.3,83900,83973.6,454.4514
1744757100000,83973.5,83988.5,83667.3,83832.2,897.8929
1744758000000,83832.1,83865.8,83610.9,83739.9,761.1475
1744758900000,83739.9,83836.8,83658.6,83754.5,478.0418
1744759800000,83754.6,83809,83588.1,83648.9,565.6608
1744760700000,83648.8,83722.9,83612.9,83649.6,411.4296
1744761600000,83649.6,83712.8,83302,83319.3,1135.4908
1744762500000,83319.3,83541.4,83222,83507.4,1341.3572
1744763400000,83507.4,83613.9,83320,83381.1,978.2059
1744764300000,83381.2,83399.8,83125.1,83140,1138.7787
1744765200000,83139.9,83492.6,83101.4,83292.1,1343.7353
1744766100000,83292.2,83600,83261.1,83504.4,915.1238
1744767000000,83504.4,83507.3,83306.3,83410.4,692.1074
1744767900000,83410.3,83672.5,83385.2,83626.1,1066.3936
1744768800000,83626.1,83826.5,83583.4,83790.1,1243.4647
1744769700000,83790.2,83873.2,83646.5,83850.7,964.4106
1744770600000,83850.7,83947.9,83713.1,83720.9,872.0771
1744771500000,83720.8,83922.4,83713.3,83890,418.1668
1744772400000,83889.9,83949.8,83793.1,83921.5,394.5303
1744773300000,83921.6,83935,83780.1,83780.1,376.9296
1744774200000,83780.2,83812,83673.9,83714.4,492.8472
1744775100000,83714.4,83748.7,83651.7,83690.1,284.6969
1744776000000,83690,83797.4,83627,83700,418.4127
1744776900000,83700,83700,83506.7,83575.2,745.7074
1744777800000,83575.2,83641.2,83437.8,83475.3,686.3231
1744778700000,83475.3,83609.8,83403.4,83592.4,417.2685
1744779600000,83592.4,83788.2,83540,83755.7,591.4831
1744780500000,83755.6,83820,83225,83393,1492.8903
1744781400000,83393.1,83489,83217.5,83459.8,1063.0566
1744782300000,83459.8,83522,83350.1,83365.6,612.0937
1744783200000,83365.6,83502.2,83267.8,83497.4,607.7363
1744784100000,83497.4,83615.3,83472.8,83480.2,468.1463
1744785000000,83480.1,83636,83472.1,83585.4,329.4409
1744785900000,83585.3,83728.9,83571.2,83637.5,511.3855
1744786800000,83639.6,83750,83520,83563.2,486.992
1744787700000,83563.2,83563.2,83333.1,83380.3,914.4064
1744788600000,83380.3,83480.2,83330,83452.7,506.4067
1744789500000,83452.7,83452.7,83311.4,83363.1,520.8775
1744790400000,83363.2,83388.2,83124.9,83175.1,1458.3363
1744791300000,83175.1,83759.9,83143.1,83600,1651.5602
1744792200000,83599.9,84134.9,83599.9,83890.9,3353.1873
1744793100000,83890.9,83925,83628.1,83743,1559.2663
1744794000000,83743,83899.5,83684.9,83841.6,729.1604
1744794900000,83841.6,83930,83728.9,83786.5,405.1945
1744795800000,83786.5,83813.2,83710.9,83722.6,401.1823
1744796700000,83722.6,83762.1,83585.9,83587.2,783.2711
1744797600000,83587.2,83773.2,83562,83750.1,456.3162
1744798500000,83750.1,83944,83725,83899,717.2824
1744799400000,83899,83955.3,83836.9,83877.4,497.1864
1744800300000,83877.5,83978,83869.9,83929.9,335.6403
1744801200000,83929.8,84071.6,83879,83980,752.5998
1744802100000,83980,84082.4,83819.4,83866.2,928.2833
1744803000000,83866.2,84005.6,83756.2,83980.2,513.9706
1744803900000,83980.3,84121.1,83980.3,84044.4,621.6207
1744804800000,84044.8,84117.5,83980.3,83990.3,625.1981
1744805700000,83990.3,84262.3,83990.2,84173.7,988.5402
1744806600000,84173.7,84213.3,83902.7,83920.2,806.4569
1744807500000,83920.3,83920.3,83720,83750.2,909.0759
1744808400000,83750.2,83807.4,83682,83738.1,642.8523
1744809300000,83738,83785.6,83616,83735.2,726.3215
1744810200000,83735.2,84209.8,83481.5,84035.5,2605.6642
1744811100000,84035.5,84073,83583.1,83732.2,1633.3695
1744812000000,83732.1,84199.5,83707.4,83988.1,1615.7087
1744812900000,83988.1,84464.1,83904,84360,2120.9086
1744813800000,84359.9,84737.5,84247.5,84681,2348.2361
1744814700000,84680.9,84850.6,84471.5,84606,1950.866
1744815600000,84606,84873.2,84501,84773.5,1506.6144
1744816500000,84773.6,85286.1,84682.4,85099.9,3477.0649
1744817400000,85099.9,85180,84849.9,84974.9,1774.8882
1744818300000,84974.8,85024,84778.3,84854.6,880.6051
1744819200000,84854.6,85120.9,84851,84999.7,982.1949
1744820100000,84999.8,85092,84714,84850.1,933.6121
1744821000000,84850.1,84950,84690.8,84887.1,844.7825
1744821900000,84887.1,85240,84837.5,85043.7,1051.9978
1744822800000,85043.7,85259.6,85020,85155.6,683.2777
1744823700000,85155.5,85493,85150,85310,1769.3239
1744824600000,85309.9,85588,84302.2,84356.5,5087.2632
1744825500000,84359.1,84362.4,83266.2,83287.4,5929.8225
1744826400000,83287.4,84288,83279.2,84275.9,4756.912
1744827300000,84276,84487.2,83749.6,84385.8,2437.385
1744828200000,84385.8,84400,83610,83740.3,1642.3021
1744829100000,83740.2,84155.4,83676.6,84034,908.8781
1744830000000,84034,84231.7,83862.1,84189.1,996.6419
1744830900000,84189.1,84228,83800,83842.7,768.7873
1744831800000,83842.7,84180,83830.1,84123.4,834.9595
1744832700000,84123.5,84490.5,84105.1,84335.5,1411.5426
1744833600000,84335.5,84480,84260.4,84390,536.8259
1744834500000,84390,84635,84368.9,84602.2,692.7854
1744835400000,84602.2,84666,84363.6,84414.3,463.6142
1744836300000,84414.4,84473,84235.2,84300,354.3896
1744837200000,84300,84499.9,84250,84457.5,324.0132
1744838100000,84457.4,84680.3,84410.5,84571.4,374.72
1744839000000,84571.5,84633.8,84393.8,84475.1,337.465
1744839900000,84475.2,84683.9,84475.1,84554.9,395.4926
1744840800000,84554.9,84598,84400,84400,287.7997
1744841700000,84400.1,84460,84301.5,84365,378.5998
1744842600000,84365,84532.7,84299.5,84484.7,370.2467
1744843500000,84484.6,84526.2,84406.1,84454.1,179.9641
1744844400000,84454.1,84494,84272.2,84302.5,413.2842
1744845300000,84302.5,84347.9,84230.9,84231,273.1806
1744846200000,84231,84239.7,84063.3,84128.3,752.3751
1744847100000,84128.3,84193.5,84031.3,84034.1,346.3712
1744848000000,84034.1,84144.7,83953.8,83981.1,609.6513
1744848900000,83981,84086,83941.6,84025.9,488.2832
1744849800000,84025.8,84200,83997.3,84063,483.6777
1744850700000,84062.9,84225,84022,84214,455.1142
1744851600000,84214,84312.8,84120,84298.1,539.7297
1744852500000,84298,84382.1,84237.7,84368.9,535.4121
1744853400000,84368.9,84496,84275.3,84322.1,706.1336
1744854300000,84322,84361.3,84176.1,84334.2,423.2173
1744855200000,84334.2,84334.2,84120.4,84140.4,433.6871
1744856100000,84140.4,84200,84051.1,84187.1,451.8837
1744857000000,84187.1,84230.4,84025,84108.1,332.1041
1744857900000,84108.1,84288,84100,84261.1,348.9806
1744858800000,84261,84300,84117.2,84145.9,390.2497
1744859700000,84145.9,84157.5,83790,83812.4,1550.1813
1744860600000,83812.4,83979.8,83812.3,83867.7,722.0447
1744861500000,83867.6,84024.4,83809.4,83992.7,542.7862
1744862400000,83992.8,84007.9,83895,83896,403.9988
1744863300000,83895.9,84033.1,83891.4,83966.4,520.7118
1744864200000,83966.4,84040,83961.1,84006.6,235.3326
1744865100000,84006.7,84185.8,84006.6,84152.6,417.4686
1744866000000,84152.5,84270.1,84077.6,84225,521.3533
1744866900000,84225,84350,84210.1,84272.4,831.9738
1744867800000,84272.3,84455,84266.1,84397.6,552.914
1744868700000,84397.7,84500,84359.9,84385,565.9354
1744869600000,84385,84491.3,84280,84424.1,610.5658
1744870500000,84424,84650,84362.1,84604.6,919.2161
1744871400000,84604.7,84836.4,84589,84761.1,1488.6444
1744872300000,84761.1,84868.7,84701.5,84776.4,861.3564
1744873200000,84776.5,84857.1,84619.8,84668.9,1101.1145
1744874100000,84669,84959.9,84631.2,84929.9,947.2983
1744875000000,84929.8,85063.5,84695.2,84721.1,1326.7091
1744875900000,84721,84820,84580.8,84681.7,817.5346
1744876800000,84681.7,84766,84649.1,84706.9,309.3421
1744877700000,84707,84707,84536.6,84587.6,610.9675
1744878600000,84587.7,84642.5,84566.5,84580.6,244.1096
1744879500000,84580.5,84598.6,84410.1,84455,693.2679
1744880400000,84455,84485.6,84361,84463.9,628.3584
1744881300000,84463.9,84467.5,84364.4,84370.3,344.2824
1744882200000,84370.3,84530,84365,84512.6,460.5847
1744883100000,84512.6,84541.8,84432.5,84485.8,434.074
1744884000000,84485.8,84518,84220,84231.9,546.9435
1744884900000,84231.9,84358.5,84183.2,84358.5,803.4839
1744885800000,84358.5,84399,84300,84324,247.1433
1744886700000,84324,84383.1,84282.6,84383.1,255.5175
1744887600000,84383.1,84506.8,84283.8,84299.9,561.7165
1744888500000,84299.9,84457,84283.8,84454,284.5056
1744889400000,84454.1,84741.9,84405,84689.8,996.852
1744890300000,84689.7,84771.6,84559.3,84580,637.1973
1744891200000,84580,84847.2,84579.9,84729.9,1133.3476
1744892100000,84730,84874,84704,84831.9,618.0464
1744893000000,84831.8,84870,84692.3,84800.4,567.3373
1744893900000,84800.3,84862.8,84743.2,84772,535.995
1744894800000,84772,84775.9,84580.4,84632,661.1076
1744895700000,84632,84655.7,84410.1,84650.8,981.5819
1744896600000,84650.8,84699.8,84304,84548.6,2385.6539
1744897500000,84548.6,84615.4,84380,84473.4,752.9369
1744898400000,84473.3,84473.3,84049.9,84163,2402.422
1744899300000,84163,84203.1,83973.8,84034.3,1345.5911
1744900200000,84034.3,84130.4,83703,84130.4,2933.4649
1744901100000,84130.7,84212.6,84030,84086.8,992.7674
1744902000000,84086.8,84727.6,84086.7,84601.3,3808.9164
1744902900000,84601.3,84660,84375,84409.9,1260.4604
1744903800000,84409.9,84706.5,84409.9,84607.1,774.4037
1744904700000,84607.2,84691.9,84482.2,84541.9,689.6378
1744905600000,84542,84810.4,84404.9,84618,2109.9963
1744906500000,84618,84978,84583.9,84951.3,1788.3786
1744907400000,84951.3,85110.5,84764.5,84772.1,2241.8841
1744908300000,84772.1,84991.4,84744.2,84945.3,737.4325
1744909200000,84945.3,85073.8,84805.2,84990.3,930.6067
1744910100000,84990.3,85099.9,84796.1,85014.2,962.2461
1744911000000,85014.1,85185,84978.4,85061.5,924.9978
1744911900000,85061.6,85235,85012.5,85116.1,797.8387
1744912800000,85116.1,85331.9,85073.7,85281.6,1132.7847
1744913700000,85281.6,85488,85225,85280,1476.8134
1744914600000,85280,85460.2,85280,85384.3,724.438
1744915500000,85384.4,85410,84830,84905.8,1908.4356
1744916400000,84905.9,85138.7,84890.8,84955.6,1224.1064
1744917300000,84955.6,84974.7,84658.1,84709.3,1423.1447
1744918200000,84710,84805,84433.2,84740.1,1887.579
1744919100000,84740.1,84946.6,84650,84840.9,960.0415
1744920000000,84840.7,85120,84840.6,85029.2,704.9448
1744920900000,85029.3,85082.9,84920,85007.3,381.464
1744921800000,85007.3,85099.4,84864.6,84977,330.213
1744922700000,84977,85141,84950.8,85139.1,443.754
1744923600000,85139.2,85139.2,84937.9,84940,384.6373
1744924500000,84940,85044.8,84885.3,84885.3,214.7881
1744925400000,84885.3,84991.2,84885.3,84983.4,103.9273
1744926300000,84983.5,85111.5,84972.6,85054.4,199.0119
1744927200000,85054.3,85096.6,84934,85040.6,316.6077
1744928100000,85040.6,85100,84989.8,85025.9,162.2156
1744929000000,85025.9,85033,84890,84930.1,246.3229
1744929900000,84930.2,84930.2,84727.5,84727.6,363.9657
1744930800000,84727.6,84921.8,84727.6,84921.8,310.712
1744931700000,84921.8,85000,84871.8,84978.7,227.2783
1744932600000,84978.8,85017.6,84912.4,84919.9,202.2308
1744933500000,84920,84950,84874.1,84949.9,117.6552
1744934400000,84949.9,85024,84863.2,84955.2,281.8365
1744935300000,84955.3,84975.9,84840,84878.8,352.2095
1744936200000,84878.8,84903,84806.3,84810,327.8557
1744937100000,84810,84848.8,84728,84825.4,509.4311
1744938000000,84825.5,85035,84825.4,85023.4,429.4064
1744938900000,85023.4,85149.1,84959.1,85148.5,636.8442
1744939800000,85148.6,85148.6,84926.8,84970.1,263.4135
1744940700000,84970,85049.6,84916.5,84930.7,221.2925
1744941600000,84930.6,84960,84830,84838,260.1239
1744942500000,84838,84976.1,84815.7,84976.1,278.0915
1744943400000,84976,84976,84860.3,84925.9,185.8581
1744944300000,84926,84990,84893.6,84907.7,157.7976
1744945200000,84907.8,84915.3,84782.1,84806.5,338.0361
1744946100000,84806.4,84879,84746.1,84766,295.2117
1744947000000,84766,84853.2,84746,84835.4,295.509
1744947900000,84835.4,84849.6,84789,84834.2,152.0999
1744948800000,84834.1,84853.2,84650,84650,642.9936
1744949700000,84650,84709.8,84596.8,84706.1,584.3798
1744950600000,84706.1,84730,84670.3,84687.9,316.374
1744951500000,84688,84740,84643,84668,247.4626
1744952400000,84668.1,84676.3,84560,84595.3,411.1304
1744953300000,84595.3,84654.9,84525,84580,413.6388
1744954200000,84580,84687.2,84540.1,84675,309.1838
1744955100000,84675,84754.2,84650,84746.9,223.3246
1744956000000,84746.9,84786,84675.7,84760.3,360.9659
1744956900000,84760.3,84774,84680,84706.1,208.7156
1744957800000,84706,84706.1,84595.4,84642.9,250.9628
1744958700000,84642.8,84742,84629.7,84727.7,335.2544
1744959600000,84727.8,84741.4,84601.8,84630.7,299.6728
1744960500000,84630.7,84681.6,84416,84521.9,1074.6361
1744961400000,84521.8,84626.5,84470,84623.1,553.417
1744962300000,84623.1,84674.3,84591.8,84670.2,536.5458
1744963200000,84670.1,84766,84670.1,84761.2,494.8879
1744964100000,84761.2,84778.5,84700,84762.5,305.9535
1744965000000,84762.5,84776,84666,84767.8,354.6192
1744965900000,84767.9,84767.9,84608,84655.7,276.6064
1744966800000,84655.8,84655.8,84555,84571.7,231.8941
1744967700000,84571.8,84648.8,84548.8,84573.1,250.9845
1744968600000,84573.1,84590.9,84524.8,84590.9,255.7641
1744969500000,84590.9,84649.9,84536.5,84562,234.155
1744970400000,84562,84580,84500,84550.1,266.0476
1744971300000,84550.1,84660.1,84538.2,84637.5,209.3696
1744972200000,84637.5,84645.4,84546,84572.7,189.8956
1744973100000,84572.7,84596.5,84511.6,84536.8,253.0927
1744974000000,84536.7,84614.4,84481.3,84600,341.6644
1744974900000,84600,84630,84514,84537.9,265.7136
1744975800000,84537.9,84631.7,84518,84615,233.7666
1744976700000,84615,84688,84580.6,84679,293.6532
1744977600000,84679,84720,84606,84619.9,454.5067
1744978500000,84619.9,84679.2,84573.3,84679.1,187.7657
1744979400000,84679.2,84770,84679.1,84705.5,744.0002
1744980300000,84705.5,84718.5,84613.7,84636.4,309.6123
1744981200000,84636.4,84636.5,84510,84542.9,547.0381
1744982100000,84542.9,84585,84520,84545.5,219.5217
1744983000000,84545.5,84614.7,84471.6,84499.9,655.5009
1744983900000,84499.9,84599.3,84472.7,84567.9,434.9575
1744984800000,84567.8,84629.2,84480,84520.9,438.0473
1744985700000,84520.8,84520.9,84380.7,84464.2,596.4705
1744986600000,84464.2,84592.3,84426,84566.1,325.7897
1744987500000,84566,84584.7,84512.4,84582.3,246.9612
1744988400000,84582.2,84610,84440.2,84485.3,421.4809
1744989300000,84485.3,84517.8,84355,84367.3,688.7669
1744990200000,84367.3,84435,84314.9,84389.9,565.0582
1744991100000,84389.9,84458.6,84314.5,84372.8,673.5982
1744992000000,84372.8,84470.6,84270.2,84432.5,658.2668
1744992900000,84432.5,84620,84432.4,84490,1127.8526
1744993800000,84490,84544.4,84472.6,84486.2,177.2191
1744994700000,84486.2,84497.1,84432.4,84483.2,173.95
1744995600000,84483.2,84514.7,84430,84498.4,194.0273
1744996500000,84498.4,84529,84388.1,84435.1,352.8166
1744997400000,84435.1,84610.4,84416.5,84552,434.8137
1744998300000,84552.1,84595.6,84520.1,84573.5,241.6178
1744999200000,84573.5,84616.4,84510,84595.1,202.0359
1745000100000,84595.1,84656.4,84589.1,84626,441.5098
1745001000000,84625.9,84644.5,84574.8,84633.2,196.42
1745001900000,84633.1,84657.9,84586.2,84629.4,162.8436
1745002800000,84629.4,84629.9,84559.9,84600.2,128.2104
1745003700000,84600.2,84652,84595.1,84632.1,129.3175
1745004600000,84632,84632.1,84518.3,84581.3,240.1922
1745005500000,84581.3,84581.4,84520,84579,136.8637
1745006400000,84578.9,84640.4,84488.5,84529.5,258.6582
1745007300000,84529.5,84568.1,84492.5,84545.1,118.7064
1745008200000,84545,84554.3,84480,84487.7,126.7327
1745009100000,84487.7,84533,84473.7,84524.7,148.2623
1745010000000,84524.6,84535.9,84488,84535.9,110.9292
1745010900000,84535.9,84539.4,84510,84530.1,80.8845
1745011800000,84530,84710.7,84530,84667.5,380.0883
1745012700000,84667.5,84667.6,84549.1,84641.8,253.1982
1745013600000,84641.8,84660.9,84518,84518.1,326.1915
1745014500000,84518.2,84518.3,84421.1,84480,240.9956
1745015400000,84480,84541.9,84479.9,84534.9,101.5373
1745016300000,84534.9,84545.4,84509.6,84534.9,68.3834
1745017200000,84534.9,84534.9,84340,84407.9,450.4597
1745018100000,84408,84456.6,84350,84443.5,163.9315
1745019000000,84443.5,84499.9,84404.9,84499.9,180.3688
1745019900000,84499.9,84499.9,84437.9,84467.8,111.2416
1745020800000,84467.8,84489.9,84370,84424.4,162.38
1745021700000,84424.4,84452.8,84373.3,84373.3,113.0476
1745022600000,84373.4,84468.9,84373.3,84447.9,161.8338
1745023500000,84447.9,84490,84418.1,84443.9,126.3185
1745024400000,84443.9,84567.6,84430,84557.7,292.7605
1745025300000,84557.7,84588,84497.2,84568.2,136.5911
1745026200000,84568.2,84609.9,84507,84507,181.8409
1745027100000,84507,84566.1,84492.2,84549.9,133.8698
1745028000000,84549.9,84853.3,84500,84673.1,1164.8002
1745028900000,84673.1,84775,84629.8,84740,506.8319
1745029800000,84740,84750,84610.1,84664.2,253.2224
1745030700000,84664.2,84805,84664.2,84785.3,369.9923
1745031600000,84785.3,84960.5,84785.3,84869.9,878.0046
1745032500000,84869.8,84950,84855,84884.9,357.4014
1745033400000,84884.9,84988.7,84762.2,84780,775.5607
1745034300000,84780,84937.8,84779.9,84884.5,354.705
1745035200000,84884.4,84992,84879.7,84966.1,490.4058
1745036100000,84966.1,85080,84957.7,85079.9,683.6247
1745037000000,85079.9,85274.6,85079.9,85219.1,1678.8769
1745037900000,85219.1,85222.6,85001,85024.8,755.5594
1745038800000,85024.8,85118.9,85019.7,85040.7,461.6358
1745039700000,85040.7,85179.9,84985.4,85175.8,571.8419
1745040600000,85175.8,85175.9,85105.9,85115.1,277.0744
1745041500000,85115.1,85120.2,85058,85079.7,256.3437
1745042400000,85079.7,85104.5,84955,84998.5,469.222
1745043300000,84998.5,85043,84998.4,85006.3,257.818
1745044200000,85006.3,85008.8,84897,84897,368.2281
1745045100000,84897.1,84943.7,84888,84920.1,498.4896
1745046000000,84920.2,84992.4,84920.1,84988.3,201.7567
1745046900000,84988.3,85268,84988.2,85171.4,1624.2176
1745047800000,85171.4,85267.5,85119.3,85236.2,539.2959
1745048700000,85236.2,85248.9,85186.3,85223.6,430.9886
1745049600000,85223.5,85266,85139.6,85139.6,416.6918
1745050500000,85139.7,85250.1,85114.7,85238.7,465.1656
1745051400000,85238.7,85420,85178.7,85343.5,1136.4998
1745052300000,85343.5,85404.2,85306.7,85318.4,406.8355
1745053200000,85318.4,85456.4,85276.4,85416.9,751.1112
1745054100000,85416.9,85448.2,85338.6,85338.6,435.1846
1745055000000,85338.5,85449.9,85220.5,85397.5,1154.8744
1745055900000,85397.6,85437.5,85320.8,85340,575.5393
1745056800000,85339.9,85354.9,85249,85275.6,650.4411
1745057700000,85275.6,85299.9,85176.7,85204.7,534.6225
1745058600000,85204.8,85252.2,85155,85232.9,580.777
1745059500000,85232.9,85280.1,85203,85266.1,239.0059
1745060400000,85266,85290,85204.3,85210.2,212.6031
1745061300000,85210.2,85237.6,85100,85189.4,458.4904
1745062200000,85189.5,85221.1,85124,85216.9,232.0538
1745063100000,85216.9,85238.2,85171,85230.9,256.5629
1745064000000,85230.8,85314.6,85230.8,85269.9,289.6293
1745064900000,85270,85320,85192.5,85313.6,223.3054
1745065800000,85313.6,85328.5,85305.2,85306.5,159.4552
1745066700000,85306.5,85326.7,85222.5,85292.9,200.2026
1745067600000,85292.9,85340,85201.4,85339.8,248.3971
1745068500000,85339.8,85448.4,85260.4,85404,537.6606
1745069400000,85403.9,85429.2,85302.2,85387.9,381.1024
1745070300000,85387.9,85514.4,85363.3,85486,888.4941
1745071200000,85486,85505,85405.4,85419.6,392.5052
1745072100000,85419.6,85485.9,85375,85468,365.101
1745073000000,85468,85500,85359.9,85359.9,441.9987
1745073900000,85360,85423.6,85359.9,85405.2,202.4037
1745074800000,85405.2,85463,85359.2,85423.3,233.6268
1745075700000,85423.2,85544,85310,85499.9,761.433
1745076600000,85500,85700,85191,85271.1,2143.119
1745077500000,85271.2,85296.5,85066,85186.6,840.7298
1745078400000,85186.7,85350.2,85166.6,85232.5,1120.4314
1745079300000,85231.9,85332,85126,85132.9,459.3079
1745080200000,85132.9,85133,85005,85019.2,1193.9695
1745081100000,85019.1,85025.5,84710,84860.8,2180.8901
1745082000000,84860.8,84965.5,84837.5,84960.2,447.3106
1745082900000,84960.3,85070.9,84960.2,85040.4,387.8773
1745083800000,85040.5,85180.9,84994.5,85072.1,803.3073
1745084700000,85072.1,85250,85010.6,85239,578.1142
1745085600000,85239,85317,85158.1,85263.2,390.1771
1745086500000,85263.2,85288.5,85203.5,85253.9,211.5188
1745087400000,85253.9,85332,85206.3,85219.8,264.1022
1745088300000,85219.9,85219.9,85142.6,85150.1,231.8356
1745089200000,85150.1,85219.8,85050,85173.4,344.903
1745090100000,85173.5,85175.6,85124,85174.3,130.5263
1745091000000,85174.3,85174.4,85118.9,85124.9,255.715
1745091900000,85124.9,85145.3,85052.6,85106.9,240.2906
1745092800000,85106.9,85141.7,85020,85097.6,178.3373
1745093700000,85097.5,85216.5,85097.5,85216.5,141.0461
1745094600000,85216.4,85275,85216.4,85275,95.6052
1745095500000,85275,85275,85187.2,85193.9,103.3215
1745096400000,85193.8,85348.9,85188,85330,180.4481
1745097300000,85330.1,85382.5,85280,85282,210.4584
1745098200000,85282,85352.3,85249.9,85323.4,127.4863
1745099100000,85323.4,85390,85271.9,85339.7,276.3256
1745100000000,85339.7,85348.3,85286.2,85296.2,148.9506
1745100900000,85296.2,85300,85225.6,85239,120.7843
1745101800000,85239,85366,85231.7,85244.3,191.1565
1745102700000,85244.3,85269.4,85214.8,85269.3,67.757
1745103600000,85269.3,85269.4,85180,85180,135.844
1745104500000,85180.1,85208.7,85114,85126,178.1144
1745105400000,85126,85191.5,85125.9,85130.1,116.0985
1745106300000,85130,85166.7,85072,85091.6,157.5614
1745107200000,85091.6,85204,85049.5,85203,322.3624
1745108100000,85202.9,85239.5,85143.1,85187.2,229.4871
1745109000000,85187.3,85239.5,85116.2,85123.5,273.1479
1745109900000,85123.5,85200,85089.2,85173.7,210.6501
1745110800000,85173.9,85287.7,85144,85263.8,274.3286
1745111700000,85263.8,85338.1,85251.6,85268,266.262
1745112600000,85268,85310,85211.7,85257.9,175.9543
1745113500000,85257.9,85321.9,85237.2,85318.1,179.9754
1745114400000,85318.1,85337.2,85239.4,85259.5,210.5384
1745115300000,85259.5,85288,85209.9,85226.5,151.8301
1745116200000,85226.5,85292.3,85212.1,85275.6,119.8983
1745117100000,85275.7,85282,85203,85234.5,158.7923
1745118000000,85234.5,85267.9,85193,85199.5,111.7478
1745118900000,85199.5,85228.9,85176,85210,102.0245
1745119800000,85210,85210.1,85126.1,85126.1,139.3393
1745120700000,85126.1,85174.1,85115,85163,201.7878
1745121600000,85163,85167.3,85111,85155.4,140.7352
1745122500000,85155.5,85220,85120,85204.7,169.187
1745123400000,85204.7,85242.3,85168.1,85241.8,152.4734
1745124300000,85241.8,85250,85188,85188.9,96.7384
1745125200000,85188.9,85198.7,85157.8,85178,103.2706
1745126100000,85178,85194.4,85158,85165.6,109.8624
1745127000000,85165.6,85165.6,85124.1,85124.2,176.689
1745127900000,85124.2,85158.3,85092.7,85092.8,279.3401
1745128800000,85092.7,85168.6,85085,85130.7,319.0066
1745129700000,85130.7,85135.2,85062.9,85083,341.6284
1745130600000,85083,85119.8,84933.3,84972,570.5279
1745131500000,84972,84973.3,84846,84949.8,994.4259
1745132400000,84949.9,84949.9,84736.9,84879.3,1179.34
1745133300000,84879.3,84882.2,84720.2,84750.9,1260.5087
1745134200000,84751,84784.9,84668.7,84741.6,1641.8525
1745135100000,84741.6,84843.6,84720.5,84780.7,479.3356
1745136000000,84780.7,84788,84723,84782.2,346.9689
1745136900000,84782.2,84799.4,84634,84677.9,618.7338
1745137800000,84678,84703,84631.6,84674.4,466.5971
1745138700000,84674.4,84693.3,84617,84649.5,357.3716
1745139600000,84649.6,84652.4,84580.2,84620.2,569.0986
1745140500000,84620.2,84620.2,84580.1,84586.1,360.7616
1745141400000,84586.2,84635.2,84466,84497,885.5078
1745142300000,84497,84558.4,84447.2,84541.6,598.2727
1745143200000,84541.7,84541.7,84432.5,84438.8,554.6846
1745144100000,84438.8,84495.9,84390.1,84399.9,618.0067
1745145000000,84399.9,84444.4,84150.1,84249.8,1378.6665
1745145900000,84249.8,84249.8,83986.6,84179.9,2012.9199
1745146800000,84179.9,84262.3,84085.6,84224,1031.4547
1745147700000,84223.9,84224,83990.7,84035.3,840.1088
1745148600000,84035.2,84151,83935.4,84039.9,958.6842
1745149500000,84040,84140,83977,84133.1,495.3833
1745150400000,84133.2,84343,84100,84302.4,1158.1246
1745151300000,84302.4,84397.3,84264.3,84392.1,767.4819
1745152200000,84392.2,84477,84320.3,84350.7,783.2997
1745153100000,84350.7,84366.7,84293.1,84365.4,351.9156
1745154000000,84365.4,84382.8,84186.7,84222,605.5974
1745154900000,84221.9,84341.3,84134.4,84341.2,598.1837
1745155800000,84341.2,84461.6,84256.9,84402.2,534.8702
1745156700000,84402.1,84437.7,84300.4,84307.9,325.2056
1745157600000,84307.9,84677,84250.2,84555.9,1376.6352
1745158500000,84555.9,84556,84455.7,84549.3,471.7366
1745159400000,84549.2,84640,84542.3,84546.2,694.5977
1745160300000,84546.2,84649.1,84513.7,84620.1,268.4773
1745161200000,84620,84625.7,84460,84524.8,449.4279
1745162100000,84524.8,84549.2,84344,84381.4,518.9034
1745163000000,84381.3,84487.9,84363,84485.7,265.2196
1745163900000,84485.7,84485.7,84305.9,84352.2,438.4399
1745164800000,84352.1,84445.8,84280,84445.7,458.6003
1745165700000,84445.7,84613,84400.2,84535.7,611.9979
1745166600000,84535.7,84579.4,84489,84521,215.2065
1745167500000,84521.1,84645.8,84521.1,84609,582.3646
1745168400000,84609,84620,84492.9,84496,274.2616
1745169300000,84496,84520.7,84456.4,84491.5,145.9949
1745170200000,84491.5,84516.6,84458.8,84516.6,170.1335
1745171100000,84516.5,84625,84516.5,84583.8,257.4379
1745172000000,84583.8,84620,84556.4,84600,131.6409
1745172900000,84600,84640,84556.6,84567.9,157.9882
1745173800000,84567.9,84584,84484,84516,179.4161
1745174700000,84516,84588.9,84462.5,84576.2,287.693
1745175600000,84576.2,84591.6,84524.4,84524.5,87.3079
1745176500000,84524.5,84595.8,84524.4,84556.9,179.5101
1745177400000,84556.9,84600,84556.8,84564.1,103.3197
1745178300000,84564.1,84670,84564.1,84650,236.0695
1745179200000,84650.1,84975.3,84618,84942.8,1367.1654
1745180100000,84942.8,85232,84885.2,85126.9,1847.2417
1745181000000,85126.9,85278.2,85038.1,85174.3,1099.9688
1745181900000,85174.2,85280.1,85052.9,85144,554.1804
1745182800000,85144,85258.6,84966,84968.5,609.2945
1745183700000,84968.4,85039.5,84907,85000.3,391.6621
1745184600000,85000.3,85209.7,85000.2,85082.2,329.8216
1745185500000,85082,85143.2,84952.9,85014.9,308.0206
1745186400000,85014.9,85042,84808.3,84888.7,518.8844
1745187300000,84888.7,84913.1,84681,84725.2,669.4348
1745188200000,84725.2,84812.3,84680.6,84804,265.3197
1745189100000,84803.9,84853.8,84760.2,84845,326.8275
1745190000000,84845.1,85117,84845,85115.5,1060.786
1745190900000,85115.5,85309.3,85066.9,85092.6,1217.152
1745191800000,85092.7,85162.3,85000,85125,505.7184
1745192700000,85125,85226.4,85040.4,85193.1,530.0406
1745193600000,85193.1,85398,85151.5,85339.9,1345.1165
1745194500000,85339.8,86366,85339.8,86218,6067.8153
1745195400000,86219.9,86850,86219.9,86687.3,6614.1207
1745196300000,86687.4,87040,86548.1,86639.9,3759.7874
1745197200000,86638.5,87288,86638.4,86972,3684.3238
1745198100000,86972.1,87188,86837,87097.9,1347.9228
1745199000000,87097.9,87424.2,87069.8,87268.4,2277.18
1745199900000,87268.4,87444,87170,87288.8,1858.0401
1745200800000,87288.8,87440,87150,87287.9,1695.3289
1745201700000,87288,87679.7,87225.1,87373.9,2325.6657
1745202600000,87373.9,87500,87143,87184.5,1457.1284
1745203500000,87184.4,87414.1,87170,87362.5,750.3754
1745204400000,87362.5,87634,87362.5,87431.2,1330.7231
1745205300000,87431.2,87518.3,87375,87393.4,693.2704
1745206200000,87393.4,87460,87235.7,87260,751.5441
1745207100000,87260,87332.8,87167.5,87216.8,811.7926
1745208000000,87216.7,87347.9,87180,87263.2,604.5181
1745208900000,87263.3,87263.8,87118.7,87120.1,674.3389
1745209800000,87120,87318,87060,87263.3,765.3213
1745210700000,87263.4,87400,87229.8,87363,524.4665
1745211600000,87363,87510,87340,87377.1,755.4292
1745212500000,87377.1,87475.3,87377.1,87460.5,349.8061
1745213400000,87460.6,87511,87356,87473.9,362.3025
1745214300000,87474,87756,87473.9,87550,1789.8146
1745215200000,87550.1,87715.1,87470.1,87491.6,868.1864
1745216100000,87491.7,87588.8,87450,87500,420.6905
1745217000000,87499.9,87525.7,87371.2,87420,595.8038
1745217900000,87419.9,87556.8,87419.9,87520.1,325.1946
1745218800000,87520.1,87620,87444.3,87487.8,463.0842
1745219700000,87487.8,87494,87350,87421.1,585.5837
1745220600000,87421.2,87561.9,87421.2,87550.1,574.3615
1745221500000,87550,87595,87438,87452.3,347.6692
1745222400000,87452.3,87632.6,87433,87534,533.5265
1745223300000,87534.1,87717.1,87469.3,87640,599.259
1745224200000,87640,87665.7,87571.4,87591.9,347.9941
1745225100000,87591.9,87671.3,87555.1,87569.1,363.4566
1745226000000,87569.1,87799.9,87528,87544,1141.0007
1745226900000,87544.1,87569.1,87310.7,87351.4,1042.1246
1745227800000,87351.4,87438,87312.5,87400,718.7635
1745228700000,87400,87528.8,87399.9,87509.9,569.1522
1745229600000,87510,87582,87359.5,87421.9,701.5167
1745230500000,87421.8,87438.9,87268.2,87301,732.9429
1745231400000,87301.1,87326.1,87257,87271.1,626.8593
1745232300000,87271,87408,87264,87344.7,462.1533
1745233200000,87344.7,87353,87105.2,87155,973.2239
1745234100000,87154.9,87161.5,86650,86826.6,2995.0616
1745235000000,86826.6,86933.7,86766.2,86933.6,1008.2362
1745235900000,86933.6,87000,86890,86970.1,1045.8778
1745236800000,86970.1,87439.6,86961.2,87327.8,2533.2952
1745237700000,87327.8,87538.5,87266.7,87315.9,1228.9944
1745238600000,87315.9,87393.6,87134.7,87173,838.2136
1745239500000,87173,87235.1,87018.2,87044,1008.3382
1745240400000,87044.1,87100.7,86790.1,86939.4,1466.1362
1745241300000,86939.5,87244.6,86839.7,87244.5,1234.2312
1745242200000,87244.6,87579,86922.5,87439.1,3788.3564
1745243100000,87439.1,87525,87035,87036.7,2092.8063
1745244000000,87035.1,87683,86939,87679.5,2746.1219
1745244900000,87679.4,88444,87530.6,88377,7706.6941
1745245800000,88378.7,88474.3,88021.9,88130,3942.5363
1745246700000,88132.9,88230.8,87799,88195.9,2400.3976
1745247600000,88195.8,88287.8,87853,87874.9,1856.0663
1745248500000,87874.9,88307.9,87862.3,88222,1761.4784
1745249400000,88222.1,88324.5,88130,88150,1100.9911
1745250300000,88150.1,88162.7,87907,88039.2,1223.3114
1745251200000,88039.2,88253,87895,88123,1251.0938
1745252100000,88123,88170,87677.4,87768.4,1635.8559
1745253000000,87768.5,87937.7,87580,87591.6,1526.2524
1745253900000,87591.8,87601.8,87043.7,87186,3703.0617
1745254800000,87186.1,87186.1,86377,86856.1,7185.5675
1745255700000,86856.1,87321.8,86755.8,87148,2837.2702
1745256600000,87147.9,87266.7,86951.5,86966.8,1091.8852
1745257500000,86966.8,87084.3,86704.8,86869.3,1496.6483
1745258400000,86869.3,87008.4,86650.8,86933.1,1290.552
1745259300000,86933,87065,86800.2,86887.2,731.3032
1745260200000,86887.2,87035.7,86841.8,86930.8,577.1854
1745261100000,86930.8,86962.3,86800,86800,499.6355
1745262000000,86800,87155.3,86720,87050,1229.199
1745262900000,87050,87318.4,87011.4,87281.9,973.3172
1745263800000,87282,87440.3,87230.1,87255.3,1055.9977
1745264700000,87255.4,87487.2,87230,87400.1,937.0902
1745265600000,87400.1,87438.4,87199.2,87201.6,742.1527
1745266500000,87201.6,87240,87151.5,87163.6,281.1314
1745267400000,87163.6,87272.9,87147.8,87239.9,235.7229
1745268300000,87239.9,87373.2,87202,87373.2,360.1047
1745269200000,87373.4,87392.9,87156.1,87160.7,254.1015
1745270100000,87160.7,87251.9,87153.8,87189.3,310.7197
1745271000000,87189.3,87282.7,86813.3,87187.2,839.7696
1745271900000,87187.1,87349.1,87183.3,87267.9,413.0864
1745272800000,87268,87286.5,86968,87107.2,719.5189
1745273700000,87107.1,87112.8,86922.2,86990.5,451.1009
1745274600000,86990.5,87098.9,86990.3,87074.9,297.8348
1745275500000,87074.9,87180,87061.1,87163.2,311.1996
1745276400000,87163.2,87214.4,87022,87214.4,593.3691
1745277300000,87214.3,87350,87196.7,87345.2,487.2031
1745278200000,87345.3,87352.9,87184,87262.7,391.0375
1745279100000,87262.8,87628,87235.6,87505,1044.6809
1745280000000,87505.1,87700,87432.1,87510,1118.7273
1745280900000,87510,87670,87480,87588.8,743.2465
1745281800000,87588.8,87588.9,87050,87379.4,1905.9616
1745282700000,87379.2,87724.3,87210,87696.6,1520.1018
1745283600000,87696.5,87840.8,87510,87752.6,1198.7369
1745284500000,87752.6,88888,87751.5,88402,7754.1422
1745285400000,88402,88547.4,88247.7,88467.9,1699.0961
1745286300000,88467.8,88524.7,88305.1,88384.1,863.7907
1745287200000,88384.1,88699.9,88338.1,88360.2,1394.0677
1745288100000,88360.2,88360.2,88012,88085,1522.918
1745289000000,88085.9,88219.5,87940,87950,1191.665
1745289900000,87950,88296,87905.6,88189.1,1570.8703
1745290800000,88189.1,88276.7,87845,87920,1567.4509
1745291700000,87920.1,88175.9,87899.9,88147,792.7162
1745292600000,88147,88288,88074.7,88249.9,474.5986
1745293500000,88250,88268,88086.6,88162.6,392.8326
1745294400000,88162.7,88379.6,88154.4,88226.9,853.9634
1745295300000,88226.9,88324.8,88167.1,88281.3,334.4565
1745296200000,88281.4,88312,88210,88274.3,371.0243
1745297100000,88274.3,88292,88041.1,88067.6,632.8927
1745298000000,88067.7,88181,87966.1,87966.1,694.1943
1745298900000,87966.2,88149,87964,88149,459.7109
1745299800000,88148.9,88358,88121.5,88290,759.131
1745300700000,88289.9,88428.6,88268.1,88390,875.0847
1745301600000,88390,88464.9,88135.4,88155.8,1826.648
1745302500000,88155.8,88277.7,88066,88091.7,418.0734
1745303400000,88091.8,88139.4,87998.9,88057.1,934.4817
1745304300000,88057,88256.9,88021.1,88253.3,524.9711
1745305200000,88253.4,88280,88174,88178.9,430.0232
1745306100000,88179,88344.5,88169.6,88299.1,571.5202
1745307000000,88299.1,88499,88299,88466,1117.5243
1745307900000,88465.9,88512.3,88377.3,88487.9,660.8655
1745308800000,88487.8,88627.1,88442.7,88539,1209.0311
1745309700000,88539,88699.9,88379.4,88396.6,1174.3359
1745310600000,88396.7,88496,88336.7,88370.9,660.91
1745311500000,88371,88425.3,88300,88403.9,403.5464
1745312400000,88404,88510.4,88324,88350.9,520.083
1745313300000,88350.9,88537.6,88324,88537.6,383.0365
1745314200000,88537.5,88570.4,88465.1,88522.9,307.4142
1745315100000,88523,88610.8,88491.6,88579.2,449.1866
1745316000000,88579.1,88594.9,88478,88594.8,411.0315
1745316900000,88594.9,88594.9,88234.6,88333.6,911.9824
1745317800000,88333.6,88570,88313,88522.1,492.8728
1745318700000,88522.1,88550,88454.6,88510.1,289.0149
1745319600000,88510,88588.8,88480,88521.4,386.3034
1745320500000,88521.3,88680,88521.3,88633.5,452.5707
1745321400000,88633.5,88666,88476.2,88498.7,381.9468
1745322300000,88498.7,88696.4,88498.6,88621.1,839.3255
1745323200000,88621.1,88700,88536.6,88638.7,789.7304
1745324100000,88638.7,88806.3,88601.2,88787.7,984.7875
1745325000000,88787.8,88946.5,88478.8,88709.5,2457.554
1745325900000,88709.5,89270.8,88658.2,88986,3808.6418
1745326800000,88986,89700,88945.6,89688,4438.6992
1745327700000,89688,89904.8,89470.5,89611.7,3978.3466
1745328600000,89611.7,90203,89380.1,90159.9,7414.8528
1745329500000,90159.9,90550,89911.5,90242.2,6319.8168
1745330400000,90242.2,90479.9,90025.1,90475.5,2833.9301
1745331300000,90472,90543.5,90184.7,90240,2600.7902
1745332200000,90240,90857,90112.5,90694,4515.7055
1745333100000,90694,90942.1,90590.8,90781.7,3158.1311
1745334000000,90781.7,91413.3,90719.3,91369.5,6740.5774
1745334900000,91369.5,91458.7,90900,90932,3988.0286
1745335800000,90932,90988,90402,90464.1,3887.9207
1745336700000,90462,90935.5,90439.8,90931.8,2195.6538
1745337600000,90931.8,91043.4,90706.3,90815,2001.2116
1745338500000,90815,90843.8,90626.8,90685,1393.8015
1745339400000,90685,90823,90634,90816.8,676.1561
1745340300000,90816.8,90856.7,90650,90696,659.969
1745341200000,90695.9,91048.4,90695.9,90831.5,1553.6606
1745342100000,90831.6,90961.9,90649.9,90931.9,1330.951
1745343000000,90931.9,91395,90922.9,91285.6,2454.7469
1745343900000,91285.6,91486,91197.2,91382.2,1224.7434
1745344800000,91382.2,91680,91190,91209.9,2954.1678
1745345700000,91209.9,91350,91134.8,91195.3,748.1549
1745346600000,91195.3,91465.8,91150,91450,769.2354
1745347500000,91450,91532.8,91293.9,91505.8,669.1634
1745348400000,91505.7,91720.9,91476.5,91538.6,1306.2496
1745349300000,91538.6,91645.3,91451,91634.9,604.286
1745350200000,91634.9,91658,90888,91196.1,1981.692
1745351100000,91196.1,91490,91149.9,91405.6,1012.8562
1745352000000,91405.7,91503.4,91264.4,91285.5,743.4665
1745352900000,91285.5,91366,91156.1,91229.7,440.4475
1745353800000,91229.7,91256.8,91106.8,91188.1,337.5731
1745354700000,91188.1,91200,91050,91089.6,286.1219
1745355600000,91089,91320.9,91042.2,91216,431.5114
1745356500000,91216,91979.2,91216,91423.1,2828.1435
1745357400000,91423.1,91666,91115,91665.9,1654.3565
1745358300000,91665.9,94180,91652.1,93058.1,12976.6391
1745359200000,93058.1,93351.1,92562,92882.4,3375.0539
1745360100000,92882.3,93103,92747.6,92915.6,1465.8006
1745361000000,92915.6,93058.6,92638,92760.3,1305.4518
1745361900000,92760.3,92913.1,92638,92800,711.3159
1745362800000,92800,93248,92800,93166.4,1523.5182
1745363700000,93166.3,93750,92915.6,93634.1,3732.6965
1745364600000,93634,93888.8,93450,93535.7,3070.7535
1745365500000,93535.7,93692.3,93384.6,93461.2,1355.2535
1745366400000,93462,93801.9,93400,93492.4,1529.6485
1745367300000,93492.4,93929.7,93268,93328.9,2167.2394
1745368200000,93328.9,93446.2,93123.1,93146,1294.4015
1745369100000,93146.1,93236.1,92815,92929.4,1458.8172
1745370000000,92929.4,93526.1,92880.4,93235.1,1667.514
1745370900000,93235.1,93370,93124.8,93312.2,637.7317
1745371800000,93312.1,93316.4,92950,93033.2,625.698
1745372700000,93033.3,93102.4,92608.6,92660.1,1498.8973
1745373600000,92660.2,92928,92638,92925.8,1172.9951
1745374500000,92925.8,93292.7,92875,93022.5,1509.9197
1745375400000,93022.5,93032.7,92805.5,92905.7,732.0417
1745376300000,92905.7,93058.1,92854.3,92892.1,508.7514
1745377200000,92892.1,92892.1,92701,92735.6,860.1695
1745378100000,92735.6,92956.9,92710,92950.5,519.9885
1745379000000,92950.4,93130,92857.4,93046.9,668.1897
1745379900000,93047,93241.1,93019.2,93183.8,551.1018
1745380800000,93183.8,93279.9,93076.9,93172.4,611.5997
1745381700000,93172.4,93229.1,93022.4,93081.3,558.3423
1745382600000,93081.3,93230.8,93081.3,93170,463.0845
1745383500000,93170,93695.7,93161,93663.5,2194.4596
1745384400000,93663.5,93663.5,93387.3,93459.9,1492.987
1745385300000,93459.9,93483.4,93355,93414.4,614.4394
1745386200000,93414.4,93522,93288.8,93341.4,780.655
1745387100000,93341.4,93586.4,93313.6,93500,865.2665
1745388000000,93500,93785.8,93439,93730,1360.175
1745388900000,93730,93875,93620,93741.9,942.6579
1745389800000,93742,93838.2,93591.1,93635.4,892.0483
1745390700000,93635.4,93742.4,93572,93630.9,509.9729
1745391600000,93630.9,93820,93508,93529.9,1088.8733
1745392500000,93530,93600,93480,93562.6,719.4366
1745393400000,93562.5,93968,93554,93705.9,1501.2225
1745394300000,93705.9,94350,93700,94144.9,2737.7469
1745395200000,94144.9,94465,93917,94393,2465.591
1745396100000,94393,94555,94127,94229.3,2325.4419
1745397000000,94229.2,94303,94118,94286.8,700.6426
1745397900000,94286.9,94441.2,94188,94283.2,745.9266
1745398800000,94283.3,94400,94239.3,94318.1,503.0908
1745399700000,94318,94318.1,94139.8,94139.8,630.4529
1745400600000,94139.9,94205.6,93958.6,94047.9,1150.755
1745401500000,94047.9,94134.5,93899.4,93899.7,684.7374
1745402400000,93899.7,93900,93356,93441.4,3049.5658
1745403300000,93441.5,93710,93408.5,93662.5,1099.6608
1745404200000,93662.5,93710,93525,93585.9,611.7601
1745405100000,93585.9,93763.9,93536,93746.3,750.3049
1745406000000,93746.2,93780,93615.4,93640,515.8785
1745406900000,93640,93790,93612.5,93620.1,629.2918
1745407800000,93620.1,93629.8,93443.1,93486.1,783.9544
1745408700000,93486,93540.2,93340,93484,1056.7938
1745409600000,93484,93858,93436.4,93792,1313.0356
1745410500000,93792,93800,93625.7,93727.1,937.7867
1745411400000,93727.2,93870.3,93605.7,93627.7,718.0843
1745412300000,93627.8,93782,93627.8,93733.5,788.0739
1745413200000,93733.5,94024,93690,93967.8,1445.4928
1745414100000,93967.8,94174.2,93885.4,93999.9,1425.4041
1745415000000,93999.9,94800,93359.6,93451.8,10289.5947
1745415900000,93451.9,94031,92880,93036.7,5418.0055
1745416800000,93037.3,93661.5,92887.9,93301.1,3507.2783
1745417700000,93301.2,93330.5,92680,93149.3,3051.3068
1745418600000,93149.3,93243.4,92777.3,93209.9,1570.2281
1745419500000,93210,93221.9,92903.5,92942.5,930.1127
1745420400000,92942.5,92948.2,92558,92624,2533.7471
1745421300000,92624,92674.7,91945.4,92173.9,5397.5381
1745422200000,92173.9,92819,92027.6,92597.3,3246.89
1745423100000,92597.2,93242,92555,93188.5,2550.9864
1745424000000,93188.4,93348.8,92980,93143.8,1771.8894
1745424900000,93143.9,93396.8,92913,93380,1298.6254
1745425800000,93380.1,93800,93302,93536,2067.349
1745426700000,93536,93766,93522.9,93631.3,1024.4713
1745427600000,93631,93944.8,93438.7,93867.4,1805.611
1745428500000,93867.4,93930,93713.3,93771.9,615.1187
1745429400000,93772,93900,93585.4,93778.2,763.577
1745430300000,93778.2,93967.4,93702.6,93889.7,604.801
1745431200000,93889.8,94235.9,93834.8,94046.1,1284.4274
1745432100000,94046,94214.4,93895.3,93900,659.9818
1745433000000,93900,93968.9,93688,93694,593.5713
1745433900000,93694,93772,93613.7,93613.8,542.3341
1745434800000,93613.8,93614,93271.3,93271.3,858.6978
1745435700000,93271.3,93390.4,92955,92998,1268.5008
1745436600000,92997.9,93417.2,92971,93403,692.4197
1745437500000,93403.1,93620.1,93350,93477.7,874.4976
1745438400000,93477.6,93637.6,93461.4,93636.1,566.187
1745439300000,93636,93865.1,93636,93719.3,676.758
1745440200000,93719.3,93854.5,93661,93673.6,367.9259
1745441100000,93673.6,93735.3,93567.4,93625,382.6474
1745442000000,93625,93928.7,93547.9,93838.1,554.7903
1745442900000,93838.1,93867.3,93704.4,93740,214.8398
1745443800000,93740,93794.2,93354,93509.1,526.7773
1745444700000,93509.1,93649.6,93269.2,93479,338.1098
1745445600000,93479,93519.9,93230.7,93269.9,569.5431
1745446500000,93269.9,93484.6,93269.8,93413.6,254.2453
1745447400000,93413.6,93727.5,93400,93727.4,522.5974
1745448300000,93727.5,93797.6,93708,93797.6,255.1604
1745449200000,93797.6,93860.6,93684.3,93808,347.7281
1745450100000,93807.9,93828,93674.4,93704.6,235.3941
1745451000000,93704.6,93704.7,93538.5,93585.8,411.7241
1745451900000,93585.9,93695.7,93513.3,93683.6,260.4752
1745452800000,93683.6,93778,93382,93434,733.8484
1745453700000,93434,93639.6,93270.1,93304.1,621.6141
1745454600000,93304.1,93650,93236,93624.1,574.4996
1745455500000,93624.1,93640,93352.4,93367.9,389.1352
1745456400000,93367.9,93457.5,93180.1,93246.6,695.3479
1745457300000,93246.5,93291.5,93076,93291.5,717.8647
1745458200000,93291.5,93480,93291.5,93460.1,494.9427
1745459100000,93460.1,93631.9,93313.1,93500,615.3216
1745460000000,93500,93620,93350,93595.4,791.8424
1745460900000,93595.5,93645.4,93440,93519.4,329.2337
1745461800000,93519.4,93543.4,93226,93258.8,420.3739
1745462700000,93258.8,93318.3,93043.5,93106,926.3154
1745463600000,93106,93322.3,93090.7,93142.6,624.5547
1745464500000,93142.6,93284.6,93139.6,93284.6,361.8319
1745465400000,93284.5,93284.6,92836.9,92840,1036.1804
1745466300000,92840,92995,92600,92659.3,2064.1562
1745467200000,92659.3,92825,92369,92659.8,2387.0162
1745468100000,92659.8,92796.1,92415,92713.3,1837.4971
1745469000000,92713.3,92819.4,92528.5,92622.1,830.8399
1745469900000,92622,92770,92572.1,92741.5,343.2866
1745470800000,92741.4,92888,92741.4,92848.3,636.5249
1745471700000,92848.4,92881.5,92510,92600,597.4583
1745472600000,92599.9,92720,92574,92638.6,339.3229
1745473500000,92638.7,92720,92540,92571.5,413.4533
1745474400000,92571.5,92628,92420.3,92495.5,463.2935
1745475300000,92495.5,92640.7,92230.4,92617.9,1419.6252
1745476200000,92618,92665.8,92373.4,92382.5,706.7273
1745477100000,92382.4,92536,92300,92375.4,802.584
1745478000000,92375.4,92600,92272.2,92599.9,795.206
1745478900000,92599.9,92627.2,92276.1,92369,686.3016
1745479800000,92369,92450,92157,92250.3,985.846
1745480700000,92250.3,92250.3,92048.8,92185.4,1454.7876
1745481600000,92185.4,92349.8,92080,92095.3,1141.8809
1745482500000,92095.2,92190,91860,91866.6,1451.8426
1745483400000,91866.5,92196.5,91750.1,91878.6,3318.2798
1745484300000,91878.7,92136.9,91640.1,92026.9,3068.8879
1745485200000,92027,92298.1,91980.1,92282.1,1405.017
1745486100000,92282.1,92580.7,92268.6,92385.2,1817.3283
1745487000000,92385.2,92580,92322,92343.3,704.8683
1745487900000,92343.3,92512.8,92241.4,92467.3,844.968
1745488800000,92467.4,92525.5,92358.7,92416.5,666.6227
1745489700000,92416.6,92608.1,92415.5,92542.9,692.1335
1745490600000,92543,92640.8,92400,92616.2,519.8011
1745491500000,92616.2,92647.9,92450.6,92534.8,646.8566
1745492400000,92534.7,92549.8,92300,92343.6,893.8053
1745493300000,92343.7,92437,92266.7,92429.9,438.2077
1745494200000,92429.9,92572.1,92270.8,92444.6,742.8309
1745495100000,92444.6,92621.6,92444.6,92599.9,482.8699
1745496000000,92600,92668.7,92414.7,92593,756.3634
1745496900000,92593,92713.6,92489.5,92570.6,700.2538
1745497800000,92570.7,92796.3,92500,92650.3,929.8231
1745498700000,92650.4,92755.8,92580,92755.8,383.9314
1745499600000,92755.7,92819.1,92638,92718.4,781.055
1745500500000,92718.4,92810,92700.1,92724,408.5315
1745501400000,92723.9,92944.9,92550,92799.3,1790.5374
1745502300000,92799.4,92870,92514.1,92790.4,1068.1557
1745503200000,92790.4,93228,92627.9,92774.6,3367.757
1745504100000,92774.6,92947.8,92600,92802,1626.0134
1745505000000,92801.9,93130.4,92787.5,93109.6,1272.224
1745505900000,93109.5,93378.6,92940.5,93078.8,1972.1838
1745506800000,93079.5,93433,92988,93266.8,1323.7886
1745507700000,93266.8,93395.3,93088,93100.9,919.1244
1745508600000,93101,93316.7,93030.1,93222.7,675.4029
1745509500000,93222.7,93314.3,93116.4,93171,595.5226
1745510400000,93171.1,93439.2,93171,93439.1,793.429
1745511300000,93439.1,93518,93362,93499.2,1112.5758
1745512200000,93499.3,93614.2,93409.4,93488.9,1275.7409
1745513100000,93488.9,93542,93317.1,93317.1,582.4077
1745514000000,93317.1,93407.7,92915.9,92915.9,1317.1769
1745514900000,92916,93073.9,92737.2,93008.1,1477.6718
1745515800000,93008,93066,92666.5,92747.5,613.1478
1745516700000,92747.5,93000.1,92649.1,92987.1,941.9699
1745517600000,92987.2,93341.4,92967.6,93307.3,722.8988
1745518500000,93307.2,93381.2,93162.1,93206.4,781.245
1745519400000,93206.4,93288,93150,93262,249.3905
1745520300000,93262,93446,93237.5,93352.7,527.7514
1745521200000,93352.7,93433.2,93172.4,93209.6,512.1791
1745522100000,93209.6,93500,93187.4,93463.6,401.634
1745523000000,93463.6,93574.4,93460.9,93558.7,576.702
1745523900000,93557.7,93676.5,93467.1,93538.8,984.9925
1745524800000,93538.2,93634.1,93423,93426.9,869.0873
1745525700000,93427,93441,93299.2,93427.6,288.9647
1745526600000,93427.6,93438.9,93293.8,93394,196.1878
1745527500000,93394.1,93530.8,93368.4,93373.2,392.121
1745528400000,93373.2,93547,93333,93523.2,266.1528
1745529300000,93523.1,93548,93000.1,93151.1,622.5651
1745530200000,93151.2,93383.9,93104.8,93191.5,441.6809
1745531100000,93191.4,93340,93191.4,93340,157.0168
1745532000000,93339.9,93522.8,93262.1,93473.4,467.0808
1745532900000,93473.4,93533.3,93414.2,93508.8,260.9661
1745533800000,93508.7,93558,93403,93412.7,701.5019
1745534700000,93412.7,93427.5,93271,93400,607.7101
1745535600000,93399.9,93515,93343.9,93493,519.6278
1745536500000,93493,93700,93430.4,93653.3,1151.2533
1745537400000,93653.3,93982.6,93619.5,93863.5,2099.681
1745538300000,93863.5,93968.5,93778,93960.1,948.0505
1745539200000,93960.1,94000,93621.6,93690.1,1066.8934
1745540100000,93690.1,93724,93504.7,93631.6,655.2101
1745541000000,93631.6,93906.1,93590.9,93880,521.8941
1745541900000,93880,93900,93747.8,93879.9,335.3509
1745542800000,93879.9,94410,93828.4,94139.2,2711.3674
1745543700000,94139.3,94202.1,93611,93658.9,2558.1588
1745544600000,93658.9,93789.9,93570,93763.6,445.3626
1745545500000,93763.7,93841.9,93606.4,93626.7,575.7203
1745546400000,93626.7,93858.7,93522,93522.1,991.5151
1745547300000,93522,93526.2,93116.9,93291,1436.8656
1745548200000,93291.1,93300,93010.1,93211,1535.5685
1745549100000,93211,93290.5,92838,92946.8,1666.2936
1745550000000,92946.9,93118,92801,93075,874.7056
1745550900000,93075,93162.1,92869.6,93082.4,1303.9684
1745551800000,93082.3,93400,93073.9,93275.4,1274.1831
1745552700000,93275.5,93354,93230,93275,478.0588
1745553600000,93274.9,93481,93219,93437.8,1307.4749
1745554500000,93437.8,93437.9,93114.3,93180.1,1075.6725
1745555400000,93180,93201.1,93019.5,93154.9,635.9929
1745556300000,93154.9,93172.7,93000,93016,307.2148
1745557200000,93016.1,93342.9,92970,93302.4,831.9468
1745558100000,93302.4,93400,93262.3,93358.7,603.3148
1745559000000,93358.7,93375,93211.1,93242,353.2198
1745559900000,93241.9,93290.7,93162.6,93164.1,196.283
1745560800000,93164.1,93373.7,93154.8,93295.1,339.339
1745561700000,93295.1,93418.9,93170.1,93399.8,418.132
1745562600000,93399.8,93550.8,93388.4,93499.9,711.5543
1745563500000,93499.9,93580,93411,93499.9,449.3381
1745564400000,93500,93756.8,93499.9,93556,1391.8344
1745565300000,93556.1,93627,93465.9,93472.7,866.6984
1745566200000,93472.7,93683,93458.1,93660,1210.6688
1745567100000,93660,93868.1,93523.4,93758.6,1859.3749
1745568000000,93758.6,93871.9,93594,93614.6,783.5119
1745568900000,93614.7,93798.3,93593.5,93769.5,585.0717
1745569800000,93769.6,93787.6,93650,93664.2,361.3156
1745570700000,93664.2,93718.3,93620,93659.6,500.0222
1745571600000,93659.5,93659.6,93533.6,93641.7,691.755
1745572500000,93641.7,93641.7,93510,93618.7,398.7377
1745573400000,93618.8,93839.9,93609.2,93678,751.1076
1745574300000,93678,93848.1,93633.8,93789.1,439.4344
1745575200000,93789.1,93836.4,93654.9,93716.6,493.8134
1745576100000,93716.6,93943.9,93625.3,93652.8,695.1044
1745577000000,93652.8,93720.3,93558,93634,683.6318
1745577900000,93633.9,93724.4,93507.8,93601,723.0604
1745578800000,93600.9,93983.7,93600.9,93983.6,1245.1982
1745579700000,93983.7,94167,93907.4,94140.5,1487.229
1745580600000,94140.6,94249.7,94040.2,94195.7,1095.1717
1745581500000,94195.7,94625.4,94179.9,94591.3,1855.5392
1745582400000,94591.2,94970.5,94463.7,94761.9,4034.3192
1745583300000,94762,94911.8,94333,94420.1,2671.9602
1745584200000,94420,94777.7,94344,94729.8,1098.945
1745585100000,94729.8,94800,94211.1,94368.9,1679.98
1745586000000,94368.9,94540.7,94183.9,94274,1532.6986
1745586900000,94273.9,94467.8,94133.4,94160,843.4371
1745587800000,94160,94525.9,93881.5,94401.1,2312.0807
1745588700000,94401.1,94649,94200,94350.1,1842.2449
1745589600000,94350.1,95321,94338.2,95273.9,5337.7025
1745590500000,95274,95274,94518.3,94657.9,4317.8329
1745591400000,94657.9,95263.7,94516.1,95232,2705.553
1745592300000,95231.9,95737.2,95100,95332.9,4622.6776
1745593200000,95333,95629.2,95206,95464.6,1977.5033
1745594100000,95464.6,95494.1,95171.7,95255.1,1120.9556
1745595000000,95255,95349,94764.3,94933.9,2439.2259
1745595900000,94933.9,95120.4,94908.7,95020.6,1208.8928
1745596800000,95020.7,95185.5,94865,94865,1218.7336
1745597700000,94865.1,95061.1,94675.5,95060.2,1176.1609
1745598600000,95060.1,95350,94977.2,95323.2,953.795
1745599500000,95323.2,95323.4,95142.9,95174.8,558.6096
1745600400000,95174.9,95465.6,95150.9,95412.4,1187.9184
1745601300000,95412.5,95528.1,95362,95380,800.3327
1745602200000,95380.1,95380.1,94714.7,94800.2,1793.1224
1745603100000,94800.2,94807.1,94333.5,94493.5,2038.7426
1745604000000,94493.5,94707.3,94493.5,94653.9,720.6749
1745604900000,94653.9,94876.3,94613.8,94825.4,709.7203
1745605800000,94825.5,95164.8,94788.8,95149.8,1074.6807
1745606700000,95149.8,95183.9,94872,94930,778.1799
1745607600000,94930.1,95274.9,94930.1,94982.4,777.9112
1745608500000,94982.4,95068.2,94827.2,95010.1,630.4421
1745609400000,95010.1,95134.4,94920,95078.7,304.3909
1745610300000,95078.8,95260.8,94940,95239.5,480.6645
1745611200000,95239.5,95295.3,95000,95011,561.4736
1745612100000,95011.1,95054.4,94853.4,94910,987.071
1745613000000,94910.1,94971.5,94724.4,94729.6,426.7003
1745613900000,94729.6,94898.8,94729.5,94820.1,242.3961
1745614800000,94820.1,94990.2,94751.9,94882.7,362.0397
1745615700000,94882.6,94900,94626,94644,335.2648
1745616600000,94643.9,94796.8,94618,94657.3,337.5056
1745617500000,94657.4,94750,94410,94559.1,478.121
1745618400000,94559.2,94762,94540.3,94756.1,307.7302
1745619300000,94756.1,94847,94656.9,94788.3,194.6294
1745620200000,94788.3,94926.5,94784,94900.9,280.3698
1745621100000,94900.8,94912,94794,94799.9,152.4811
1745622000000,94799.9,94933.1,94720,94807.1,367.2042
1745622900000,94807,94807.1,94584,94690.9,275.4244
1745623800000,94691,94732,94567.5,94729.4,266.7063
1745624700000,94729.3,94730,94543,94601.9,395.865
1745625600000,94601.9,94762,94590,94762,356.4887
1745626500000,94761.9,94782.6,94604,94679.3,268.5856
1745627400000,94679.3,94700,94514.1,94525.9,431.951
1745628300000,94525.8,94914.7,94520,94860,598.6251
1745629200000,94859.9,94928,94720,94846,470.6996
1745630100000,94846,95068.1,94788,94982,970.2245
1745631000000,94982,95171.4,94981.9,95000,613.112
1745631900000,95000,95080,94950,94971.6,234.3515
1745632800000,94971.6,94971.6,94726.1,94726.1,469.6788
1745633700000,94726.2,94865.9,94666,94837.2,361.141
1745634600000,94837.2,95125.4,94800.1,95045.5,442.4153
1745635500000,95045.5,95045.5,94900,94942,304.9962
1745636400000,94942,95018.3,94866.2,94958,191.7991
1745637300000,94958,94958.1,94718,94755.9,557.2718
1745638200000,94756,94756,94701,94712.2,280.1964
1745639100000,94712.2,94766.2,94668.1,94701.4,232.9227
1745640000000,94701.5,94806.1,94666,94709.4,370.5537
1745640900000,94709.4,94709.4,94584.4,94600.1,362.4625
1745641800000,94600,94663.2,94500.1,94660,690.5716
1745642700000,94660,94683.2,94488,94502.9,440.3358
1745643600000,94502.9,94615.7,94470,94479.3,582.484
1745644500000,94479.4,94568.8,94323.8,94518.8,783.3224
1745645400000,94518.7,94668,94518.7,94608.2,471.9371
1745646300000,94606.5,94676.9,94572.8,94591.9,268.9127
1745647200000,94591.9,94675,94550,94667.9,236.5122
1745648100000,94667.9,94668,94557.6,94566,149.4588
1745649000000,94566,94668,94564.9,94597.2,227.1975
1745649900000,94597.2,94719.4,94592.3,94600,319.7877
1745650800000,94600.1,94730.8,94592.3,94730,428.0406
1745651700000,94730,94730.1,94635.9,94664,319.9477
1745652600000,94664,94769.9,94600,94734.8,339.1168
1745653500000,94734.7,94734.8,94511.4,94516.4,384.1149
1745654400000,94516.3,94602.6,94367.9,94563.6,640.3637
1745655300000,94563.6,94700,94485,94608.7,586.8177
1745656200000,94608.8,94640.1,94307.5,94350.1,956.4706
1745657100000,94350,94355.3,94216.2,94275,989.9896
1745658000000,94275.1,94318,94151.8,94301.6,1009.1145
1745658900000,94301.6,94380,94200,94216.1,435.484
1745659800000,94216.1,94216.2,94070.3,94143.7,763.3517
1745660700000,94143.8,94249.9,94075.2,94242,345.4994
1745661600000,94244,94325,94094,94223.8,540.5806
1745662500000,94223.8,94345,94169.1,94245.8,275.7802
1745663400000,94245.8,94350,94194,94349.9,260.3737
1745664300000,94349.9,94365.9,94172,94172.1,470.0857
1745665200000,94172.1,94216.6,94116.2,94116.2,346.3766
1745666100000,94116.2,94217.4,94080.9,94094.4,499.7662
1745667000000,94094.4,94210.5,93969,94019.6,1109.8196
1745667900000,94019.6,94150,93942.7,94114.2,953.8111
1745668800000,94114.1,94264.8,94086,94196.7,934.1596
1745669700000,94196.7,94294.4,94138.4,94270.1,545.9426
1745670600000,94270.1,94277,94150,94198.4,401.0344
1745671500000,94198.4,94242.9,94077.5,94206.6,251.2624
1745672400000,94206.5,94268.5,94142.6,94203.8,271.4524
1745673300000,94203.7,94203.7,94028.6,94028.7,424.3088
1745674200000,94028.6,94124,93925.1,93944.9,683.3614
1745675100000,93944.9,94109,93825,94108.9,1272.2834
1745676000000,94109,94170,93878.4,93995.1,657.2602
1745676900000,93995.2,94096.8,93884.1,94079.9,381.8593
1745677800000,94079.8,94213.5,94024.1,94167,459.8666
1745678700000,94167,94231.9,94138.9,94195.4,270.7769
1745679600000,94195.4,94332.9,94195.4,94288.2,406.2022
1745680500000,94288.2,94362.8,94121.8,94349.8,1125.2529
1745681400000,94349.8,94349.9,94200,94217.9,202.656
1745682300000,94217.9,94371.9,94191.3,94330.1,378.7719
1745683200000,94330.1,94337.5,94200,94210,362.7673
1745684100000,94210,94314.7,94200,94297.3,298.0169
1745685000000,94297.4,94297.4,93990.1,94111.9,652.7569
1745685900000,94111.9,94334.7,94083.5,94255.5,330.1515
1745686800000,94255.4,94313.8,94208.3,94220.5,198.1265
1745687700000,94220.5,94344,94181.7,94288,291.495
1745688600000,94288,94323,94241,94310,116.9529
1745689500000,94309.9,94336.7,94256.7,94288,110.7668
1745690400000,94288,94349.2,94211.8,94214.1,228.1492
1745691300000,94214.2,94321.8,94186.2,94288.7,200.1159
1745692200000,94288.7,94318.1,94200,94200.1,79.4587
1745693100000,94200.1,94200.1,94088.1,94112.4,422.7111
1745694000000,94112.3,94181.2,94051,94115.7,265.8822
1745694900000,94115.7,94184.6,94087.1,94182.6,143.7967
1745695800000,94182.6,94258,94145.6,94230.1,274.4023
1745696700000,94230.1,94288,94180.7,94258.4,181.1903
1745697600000,94258.3,94348,94221.8,94228.7,159.8345
1745698500000,94228.7,94239.6,94164.4,94196,123.7466
1745699400000,94196,94200,94134.9,94174.2,201.9443
1745700300000,94174.2,94200,94035.5,94039,620.9389
1745701200000,94039,94229.3,94038.9,94227.9,316.6329
1745702100000,94227.9,94268.6,94126.4,94174.5,731.8099
1745703000000,94174.5,94300,94161.1,94290,224.0851
1745703900000,94289.9,94300,94236.1,94299.9,189.7897
1745704800000,94300,94548.3,94299.9,94530.2,778.1508
1745705700000,94530.1,94685.4,94450,94595,729.2982
1745706600000,94594.1,94733,94551.9,94716,341.5439
1745707500000,94716.1,94740,94568.5,94730.6,438.3688
1745708400000,94730.6,94855.5,94634.1,94642.4,781.727
1745709300000,94642.4,94733.6,94612,94690.1,271.3439
1745710200000,94690.1,94690.2,94500,94571.9,374.6269
1745711100000,94572,94588,94510,94582,169.7039
1745712000000,94582,94770,94527.2,94735.1,424.3071
1745712900000,94735,94937.8,94722.3,94899.7,1050.2875
1745713800000,94899.7,94924.3,94769.1,94887.9,435.5317
1745714700000,94887.9,94909.1,94780,94822.6,253.115
1745715600000,94822.7,95224.9,94772,95069.1,1408.504
1745716500000,95069.1,95276.3,94567,94690.1,1959.1757
1745717400000,94690.2,94724.4,94200.1,94492,1511.522
1745718300000,94492,94511.9,94004.3,94090.7,1372.1804
1745719200000,94090.7,94365.7,94020,94365.6,911.1705
1745720100000,94365.7,94430,94263.4,94300.1,587.9443
1745721000000,94300.1,94401.4,94233.9,94280.8,299.3281
1745721900000,94280.8,94315,94121.8,94315,240.6623
1745722800000,94315,94437.1,94239.4,94316.6,270.0835
1745723700000,94316.5,94384,94112.3,94179.2,374.4747
1745724600000,94179.2,94249.9,94125.3,94215.2,240.98
1745725500000,94215.2,94248,94095.2,94119.4,366.7394
1745726400000,94119.3,94238,94090,94237.9,287.2752
1745727300000,94238,94258.6,94167.7,94173.1,196.1283
1745728200000,94173.1,94182.5,94056,94059.1,393.2632
1745729100000,94059.1,94111.2,93953.3,93980,819.1911
1745730000000,93980.1,94149.4,93948.1,94008.5,538.5638
1745730900000,94008.4,94110.1,93627,93764.8,1807.7928
1745731800000,93764.8,93937.9,93611,93905.4,726.2077
1745732700000,93905.3,93981.9,93820,93888.6,436.6568
1745733600000,93889.2,94035.1,93862,93985.6,331.8864
1745734500000,93985.6,94068.3,93928.2,93980,575.086
1745735400000,93980.1,93984,93905,93923.7,186.3123
1745736300000,93923.7,94000,93834,93990,361.0381
1745737200000,93990,94074.4,93897,93972.6,389.0196
1745738100000,93972.7,94101.8,93970,94070.7,355.2372
1745739000000,94070.7,94109.6,94000,94030,213.9571
1745739900000,94030,94111,93974,94035.6,271.7981
1745740800000,94035.7,94165,93980,94131.9,391.8796
1745741700000,94131.9,94222,94067,94172.9,557.9468
1745742600000,94172.9,94236,94102,94222.9,454.5
1745743500000,94222.9,94299.9,94156.2,94168,312.3969
1745744400000,94168,94178.1,94073.1,94078.6,259.7105
1745745300000,94078.6,94174.2,94077.8,94084.5,189.6836
1745746200000,94084.5,94203.2,94060.7,94203.2,278.8126
1745747100000,94203.1,94203.2,94075.4,94130,129.5023
1745748000000,94130,94151.2,94057.5,94084.8,391.3932
1745748900000,94084.9,94105,93983.9,93984.3,307.6101
1745749800000,93984.4,94027.4,93907.4,93989,341.2579
1745750700000,93989,94028.6,93929.2,94018.1,294.5149
1745751600000,94018.1,94052.6,93900.4,93928.8,269.5777
1745752500000,93928.8,93976.1,93835.1,93921.4,477.2181
1745753400000,93921.3,94032.4,93870.1,93885,426.3576
1745754300000,93885.1,93997.7,93870,93881.4,201.3815
1745755200000,93881.4,93892.6,93769.6,93788.6,836.6986
1745756100000,93788.5,93838.9,93729.8,93742.3,467.9393
1745757000000,93742.2,93839.9,93620,93806.9,1192.5976
1745757900000,93806.9,93950,93674,93706.9,634.2078
1745758800000,93706.8,93843.1,93538.4,93784.1,1137.8222
1745759700000,93784,93871.4,93666,93780.5,511.5396
1745760600000,93780.5,93985.8,93752.1,93925.5,607.2024
1745761500000,93925.5,94060.2,93855,94022,757.1853
1745762400000,94022,94074.4,93886.9,93908,602.5378
1745763300000,93908.1,94137.2,93908,94012,762.4554
1745764200000,94012.1,94090.1,93963,93978,232.0832
1745765100000,93978,93994,93906.4,93938.4,233.6315
1745766000000,93938.4,93960,93786,93818,545.7947
1745766900000,93818.1,93934.4,93744.3,93744.4,341.4035
1745767800000,93744.4,93843.8,93740,93835.7,355.1848
1745768700000,93835.7,93898,93831.1,93847.5,283.1927
1745769600000,93847.5,93888,93811.4,93888,195.1199
1745770500000,93888,93888,93735.6,93798.1,438.8492
1745771400000,93798.1,93845,93706,93841.7,308.5317
1745772300000,93841.7,93907.7,93685.3,93849.2,748.6785
1745773200000,93849.2,94100,93763.7,94061.7,862.815
1745774100000,94061.7,94123.7,93984.9,94023.9,499.9958
1745775000000,94023.9,94064.3,93942.8,93994.8,166.5799
1745775900000,93994.8,94055.5,93954.9,94001.3,156.1643
1745776800000,94001.3,94116,93950.3,94116,264.0579
1745777700000,94116,94180,94083.8,94130,336.2488
1745778600000,94130,94397.9,94129.9,94329.9,715.0835
1745779500000,94329.9,94355,94234,94254.7,331.9139
1745780400000,94254.7,94285.6,94203.2,94215,224.303
1745781300000,94215,94314,94159.1,94297.6,208.1638
1745782200000,94297.6,94388.7,94278.4,94324.8,331.0385
1745783100000,94324.8,94394,94324.7,94390,172.789
1745784000000,94390,94391,94229.4,94267.9,193.4327
1745784900000,94267.9,94337,94213.5,94239.9,253.1406
1745785800000,94240,94329.9,94239.9,94280.5,201.0051
1745786700000,94280.6,94350,94209.9,94210,114.5052
1745787600000,94210,94222,94140.1,94140.2,257.0286
1745788500000,94140.2,94315.5,94108.7,94310.4,305.1269
1745789400000,94310.4,94461.9,94310.3,94446.4,475.272
1745790300000,94446.4,94500,94269.2,94280.4,872.4778
1745791200000,94280.5,94295.6,93859.5,93883.6,1021.8929
1745792100000,93883.7,93977.9,93756.9,93777.9,1275.6731
1745793000000,93777.9,93927.5,93588.9,93927.5,666.7573
1745793900000,93927.5,93971.2,93876.8,93892.6,277.8113
1745794800000,93892.6,93892.6,93650,93666,614.7084
1745795700000,93666,93820.8,93612.5,93788,413.2948
1745796600000,93788,93849,93669.4,93680.1,229.0312
1745797500000,93680.1,93774.4,93650,93708,205.6315
1745798400000,93708,93760,93227.5,93367.1,2279.701
1745799300000,93367.2,93550,93300,93549.1,1156.5905
1745800200000,93549.9,93750,93506.9,93578.2,961.1097
1745801100000,93578.2,93618,93342.9,93386,500.6152
1745802000000,93385.9,93559.4,93161.4,93291.3,1178.7257
1745802900000,93291.4,93300,92933,92987.8,2724.1382
1745803800000,92987.9,93038.1,92732.5,92850,2164.8467
1745804700000,92850,92972.2,92740.2,92899.2,1131.5616
1745805600000,92899.1,93200,92829.4,93030,2111.2841
1745806500000,93029.9,93400,93000,93336.5,1485.1451
1745807400000,93336.4,93539.4,93320.1,93419.9,1108.5043
1745808300000,93420,93581.4,93419.9,93568.1,727.1408
1745809200000,93568.1,93581.9,93415.1,93537.9,558.5018
1745810100000,93537.9,93784.7,93531.9,93674,996.0555
1745811000000,93674.1,93941.5,93674,93818.7,1463.856
1745811900000,93818.8,93858.4,93761.1,93804.9,370.2339
1745812800000,93804.9,93955,93804.9,93924.1,526.9576
1745813700000,93924.1,94124.9,93878.1,94121.9,989.5322
1745814600000,94121.9,94127,93975,93999.9,534.4953
1745815500000,93999.9,94062,93951.7,93979.9,487.937
1745816400000,93979.9,94158,93905.1,94091.1,685.0536
1745817300000,94091.2,94297,94050.5,94068.3,1189.9563
1745818200000,94068.4,94171.6,94002,94134.1,571.3238
1745819100000,94134.2,94235,94060.5,94189.9,514.8444
1745820000000,94190,94375,94189.9,94368.7,902.3459
1745820900000,94368.7,94404,94258.3,94290,744.9943
1745821800000,94290.1,94548,94290,94513.7,925.1885
1745822700000,94513.7,94643.4,94375,94534.5,1074.7246
1745823600000,94534.6,94620,94431.3,94450,895.0484
1745824500000,94449.9,94649.9,94449.9,94619.8,560.6132
1745825400000,94619.9,94720,94563.9,94709.1,753.8051
1745826300000,94709,94751.5,94599.1,94642.2,547.0715
1745827200000,94642.2,94780,94537.9,94666.2,941.4902
1745828100000,94666.2,94780,94646,94780,641.5535
1745829000000,94779.9,94780,94654.1,94672.1,505.655
1745829900000,94672.1,94694.3,94550,94662.1,514.6141
1745830800000,94662.2,94837.9,94619.3,94623.1,1328.4664
1745831700000,94623,94765.3,94623,94683,652.1472
1745832600000,94683,94802.5,94682.9,94782,708.783
1745833500000,94782.1,94792.1,94610.9,94689.8,1818.7008
1745834400000,94689.8,94776.6,94459.5,94632.7,3701.3491
1745835300000,94632.8,94675.7,94284.1,94553.1,5209.9764
1745836200000,94553.1,95182.4,94553.1,95154,8568.0151
1745837100000,95153.9,95180,94951,95023.1,2916.8664
1745838000000,95023,95430,94956.1,95200,2503.5509
1745838900000,95200,95446.9,95193.2,95427.5,1029.3385
1745839800000,95427.6,95488,95319.2,95365.8,1103.3771
1745840700000,95365.9,95388,95164.6,95273.8,1244.0355
1745841600000,95273.8,95321.1,95020.4,95078,1413.4021
1745842500000,95077.9,95259.6,95063,95259.5,555.2436
1745843400000,95259.6,95450,95178,95450,759.1772
1745844300000,95450,95577.6,95230.9,95288,1487.9343
1745845200000,95288.1,95456.4,95032.8,95229.4,2014.4875
1745846100000,95229.4,95234.6,94968.2,95003.8,1082.1487
1745847000000,95003.8,95137.9,94512,94723.2,3870.2162
1745847900000,94723.3,94794,93888,93937.6,5039.3759
1745848800000,93937.6,94470.7,93810,94466.2,3414.6866
1745849700000,94466.1,94872,94416.6,94607.8,2728.3074
1745850600000,94607.8,94669.3,94320,94590.2,1632.883
1745851500000,94590.2,94714.3,94310,94376,1561.7069
1745852400000,94375.9,94490,94014,94112.2,1080.6497
1745853300000,94112.2,94158.7,93558,93726.2,2294.1489
1745854200000,93726.3,93859.4,93529.4,93711.8,1738.1107
1745855100000,93711.7,93818.2,93560,93800,1485.8725
1745856000000,93799.9,93800,93472.4,93535.9,1670.3755
1745856900000,93535.9,93699.5,93406,93680.1,1429.6232
1745857800000,93680.1,93995,93636.6,93991.7,1398.239
1745858700000,93991.7,93991.7,93602,93694.6,775.1806
1745859600000,93694.5,93761.8,93606.1,93606.1,444.9516
1745860500000,93606.1,93750,93541,93541,369.6593
1745861400000,93541.1,93859.9,93458,93849.4,631.1732
1745862300000,93849.5,94077.4,93842.8,94052,868.7447
1745863200000,94051.9,94100.6,93736.7,93765,719.7638
1745864100000,93765,93907.2,93738.2,93847.5,452.0934
1745865000000,93847.5,94034.7,93811.6,93962,266.9444
1745865900000,93961.9,94188,93953.7,94137.4,521.1592
1745866800000,94137.4,94620,94108,94391.8,1729.3554
1745867700000,94391.8,94777,94391.8,94632.1,1164.3564
1745868600000,94632.1,94879.6,94628.2,94868.5,928.9556
1745869500000,94868.6,94872,94712.2,94743.8,609.314
1745870400000,94743.8,94762.8,94517,94517,1032.1584
1745871300000,94517.1,94666,94500,94611.3,544.3867
1745872200000,94611.3,94639.7,94412.9,94420,406.8469
1745873100000,94420,94464.5,94324,94422.2,673.5108
1745874000000,94422.3,94507.2,94325,94325,310.9969
1745874900000,94325,94400.4,94310.2,94356.3,152.0745
1745875800000,94356.2,94380.6,94253.3,94323.3,239.6001
1745876700000,94323.2,94517.4,94299.5,94497.7,264.1521
1745877600000,94497.7,94666,94441,94579.2,565.3894
1745878500000,94579.2,94658.6,94431.7,94470.1,235.8286
1745879400000,94470.1,94650,94426,94587.1,285.0722
1745880300000,94587.1,94839.2,94587.1,94766,781.5284
1745881200000,94766,94949,94743.9,94937.1,656.1541
1745882100000,94937.1,95076.8,94850.3,95016.3,1147.9771
1745883000000,95016.4,95146,94972.6,95050,684.3755
1745883900000,95050.1,95073.8,94870.3,94960,594.2881
1745884800000,94959.9,94980,94777,94809.9,916.0013
1745885700000,94809.9,95083.1,94772,94995.3,706.4125
1745886600000,94995.4,95145.9,94907.6,95126.7,505.9762
1745887500000,95126.7,95188,94878,95005.1,599.9468
1745888400000,95005,95376.3,94924,94988.9,1623.6138
1745889300000,94988.9,95000.5,94665.3,94961.9,1166.5467
1745890200000,94961.9,95299,94905,95205.2,1272.8483
1745891100000,95205.3,95420.5,94786.5,94809.9,1582.3164
1745892000000,94809.9,94886,94570.4,94774,1411.5235
1745892900000,94774,94800,94577.7,94763.1,566.6349
1745893800000,94763.1,94910,94670.5,94702.6,692.6895
1745894700000,94702.5,94702.6,94450.2,94575.7,1046.1016
1745895600000,94575.7,94675,94386.9,94419.8,743.2266
1745896500000,94419.8,94699.3,94419.7,94602.4,540.3775
1745897400000,94602.4,94719,94602.4,94699.9,318.5194
1745898300000,94700,94758.5,94595.1,94617,530.0517
1745899200000,94617,94750,94500,94700,564.2218
1745900100000,94700,94838,94654.1,94818.8,393.1199
1745901000000,94818.8,94841.8,94455.2,94488.4,813.3185
1745901900000,94488.5,94494,94257.1,94318.4,1526.7827
1745902800000,94318.4,94365.6,94161.7,94193.3,965.8246
1745903700000,94193.3,94363,94186.5,94307.5,430.2238
1745904600000,94307.6,94389.1,94169.9,94200,486.6643
1745905500000,94200.1,94315,94185,94243.1,364.4525
1745906400000,94243.1,94456.2,94222,94446.8,498.7758
1745907300000,94446.7,94720.7,94446.7,94596.9,1210.0019
1745908200000,94596.9,94743.8,94530,94540.3,641.2181
1745909100000,94540.4,94774.9,94535.7,94726.5,520.5625
1745910000000,94726.6,94758,94675,94706.9,420.7519
1745910900000,94707,94838.6,94706.9,94829.9,583.8501
1745911800000,94830,94867.1,94730,94762.9,465.2249
1745912700000,94762.9,94926.2,94750.1,94873.5,546.1396
1745913600000,94873.4,94975.4,94843,94920.4,580.0012
1745914500000,94920.3,95045.5,94827,94893.7,1000.8075
1745915400000,94893.8,94893.8,94756.3,94813.1,520.5947
1745916300000,94813.1,94978.4,94777,94977,423.1749
1745917200000,94977,95039,94850,94852.1,500.4619
1745918100000,94852.1,94900,94737.3,94886.1,878.5671
1745919000000,94886.1,94920,94825,94853.1,217.0463
1745919900000,94853.2,94962,94768,94936.2,361.0689
1745920800000,94936.3,94994,94843.7,94933.5,475.0059
1745921700000,94933.5,94987.9,94800,94895.6,341.1836
1745922600000,94895.5,94919.3,94781.7,94821.9,303.8513
1745923500000,94821.9,94822,94688.1,94770.8,575.9936
1745924400000,94770.8,95184,94755.8,95155.7,1051.7407
1745925300000,95155.7,95247.7,95080.1,95179.7,1194.7889
1745926200000,95179.6,95179.6,94976,94990.5,499.3366
1745927100000,94990.5,95120,94990.4,95092,414.4089
1745928000000,95092,95128,95012.7,95039.6,365.0901
1745928900000,95039.5,95076,94847,94912,558.8902
1745929800000,94912,95010,94808,95010,539.6726
1745930700000,95009.9,95011.2,94755,94780.3,557.6607
1745931600000,94780.3,94831.4,94668.1,94753.3,662.8021
1745932500000,94753.3,94863,94526.6,94824,1420.9391
1745933400000,94824.1,94999.9,94639,94791.7,1341.9331
1745934300000,94791.6,94958,94640,94750.1,1380.2371
1745935200000,94750.1,95024.8,94439.8,94849.1,2505.3643
1745936100000,94849.2,94860.5,94618.9,94687.3,916.0524
1745937000000,94687.3,95262.3,94647.7,95106.9,1660.1395
1745937900000,95106.9,95146,94911,94995.4,784.2887
1745938800000,94995.5,95085.8,94862.5,94925.9,619.6688
1745939700000,94925.9,94943,94680,94820.9,846.78
1745940600000,94820.9,94950,94702.4,94933.5,565.494
1745941500000,94933.4,94943,94750,94791.2,558.8842
1745942400000,94791.3,94898.1,94750,94898,373.9697
1745943300000,94898,95200,94850,95100,1364.9535
1745944200000,95100,95442.2,95046.2,95412.1,2550.0014
1745945100000,95412.1,95432.1,94862.4,94912.1,1305.0407
1745946000000,94912.1,95062.5,94595.5,94989.8,2471.7839
1745946900000,94989.8,95214.2,94955.8,95175.2,838.1228
1745947800000,95175.2,95176.2,95003.3,95160,679.2865
1745948700000,95160,95328.1,95028.7,95195.2,812.38
1745949600000,95195.3,95366,94973.6,95150,1725.8282
1745950500000,95150,95400,95076,95363,1760.0564
1745951400000,95362.9,95392.9,95244.9,95380.1,444.6405
1745952300000,95380,95397.5,95210,95340,564.7494
1745953200000,95340,95383,95245.1,95305,509.0196
1745954100000,95305,95400,95217.3,95271.9,420.4075
1745955000000,95271.9,95329.8,95168.5,95186.6,307.5746
1745955900000,95186,95335.4,95170,95259.3,390.2444
1745956800000,95259.4,95380.5,95049.4,95103.9,605.8116
1745957700000,95103.9,95103.9,94890,94897.9,532.7814
1745958600000,94898,94936,94756.3,94884.6,568.983
1745959500000,94884.6,94943,94759.8,94780.7,406.3113
1745960400000,94780.7,94914.5,94580,94614.9,1404.3491
1745961300000,94615,94615,94300,94532.8,1928.8351
1745962200000,94532.8,94680.9,94369.8,94613.5,1085.922
1745963100000,94613.5,94714.3,94435.5,94692,566.651
1745964000000,94692.1,94692.1,94104.6,94184.9,3717.0075
1745964900000,94184.9,94300,93911.4,94139.4,2714.7939
1745965800000,94139.4,94210.6,94004.5,94024.3,770.467
1745966700000,94024.3,94234.6,94016.7,94098.1,504.1846
1745967600000,94099.2,94116.6,93668.5,93756.4,2109.6584
1745968500000,93756.4,93874.3,93690.5,93847.9,865.8075
1745969400000,93848,94040.2,93833.1,94037.3,792.9378
1745970300000,94037.3,94260,94003.3,94196,1453.7559
1745971200000,94196,94360,94061.5,94329.9,1398.1066
1745972100000,94330,94423,94293.2,94351.1,670.3281
1745973000000,94351,94585.7,94292.2,94441.3,977.5049
1745973900000,94441.2,94494,94315,94493.8,433.6869
1745974800000,94493.9,94555,94323.7,94338.1,417.1903
1745975700000,94338.1,94556.3,94290.4,94549.9,654.7545
1745976600000,94549.9,94550,94318.5,94337.3,330.8461
1745977500000,94337.3,94500,94224.8,94484.9,500.2362
1745978400000,94484.8,94550,94395.8,94504.3,370.4178
1745979300000,94504.3,94675.7,94439.5,94460.4,870.8071
1745980200000,94460.4,94670.8,94432.1,94657.4,371.0162
1745981100000,94656.1,94748.9,94577,94608,798.0427
1745982000000,94608,94608.1,94455,94554.4,474.4041
1745982900000,94554.4,94684.4,94542.6,94612.1,432.5005
1745983800000,94612.1,94776.9,94612,94706,627.17
1745984700000,94705.9,95080,94705.9,95000,2426.0932
1745985600000,95000,95146.9,94876.6,94958.4,1760.4986
1745986500000,94958.5,95020.8,94810.9,94857,797.5801
1745987400000,94856.9,94947.4,94841,94857.6,340.9705
1745988300000,94857.6,95031.9,94852.3,95016,404.51
1745989200000,95015.9,95075,94888,95003.9,495.1356
1745990100000,95004,95070,94910.1,94910.1,393.6583
1745991000000,94910.1,95009.3,94900,94946.3,437.6416
1745991900000,94946.3,94950,94823.9,94854.6,428.8702
1745992800000,94854.6,94880,94782.2,94871,330.9654
1745993700000,94871,94927.6,94812,94909.5,280.0602
1745994600000,94909.5,94909.5,94725.1,94730.9,463.1221
1745995500000,94731,94782.4,94700.1,94700.2,262.2756
1745996400000,94700.1,94809,94690.1,94768.8,412.5357
1745997300000,94768.8,94838.6,94708,94713.5,405.9241
1745998200000,94713.5,94723,94523.6,94535.1,676.3999
1745999100000,94535,94596.6,94456.4,94587.3,725.8741
1746000000000,94587.2,94698.7,94503.5,94680.2,636.575
1746000900000,94680.2,94785.3,94488,94488,733.2421
1746001800000,94488.1,94618.4,94480,94601.5,454.7329
1746002700000,94601.8,94724.2,94556.7,94672.5,583.9889
1746003600000,94672.5,94760,94660.1,94660.2,396.7729
1746004500000,94660.2,94750.8,94625,94741.7,392.2712
1746005400000,94741.7,95036,94741.6,94959.6,864.9207
1746006300000,94959.6,94980,94874.9,94934.3,400.0134
1746007200000,94934.2,94949.5,94803.2,94889.8,565.7875
1746008100000,94889.8,94901,94822,94874.9,129.7802
1746009000000,94874.9,94943.8,94830.1,94935.6,353.6451
1746009900000,94935.6,94980,94840.2,94900,446.1192
1746010800000,94900,94948,94895.1,94937.1,225.1444
1746011700000,94937,95099.9,94881.5,95068.1,1517.4843
1746012600000,95068,95180,95042.2,95058.5,1645.2461
1746013500000,95058.4,95200,94990.2,95145.9,1686.198
1746014400000,95145.8,95186.8,95012.6,95123.7,822.2195
1746015300000,95123.7,95161.4,94848.1,94899.9,1654.6734
1746016200000,94900,95021.9,94307.6,94468.1,4170.3924
1746017100000,94468.1,94597,94316,94510.1,1570.0956
1746018000000,94510.1,94578.9,94215.1,94228,1214.8747
1746018900000,94228.1,94627.1,94170.1,94515.4,1647.3827
1746019800000,94515.4,94528.8,93666,93874.4,4782.0139
1746020700000,93874.4,93959.3,92988,93000.3,6496.4229
1746021600000,93000.3,93568.2,92864,93400.5,6192.4927
1746022500000,93400.5,94150,93217.3,94075.5,4133.354
1746023400000,94075.4,94328.6,93811.5,94030,3618.194
1746024300000,94030,94041.9,93622.3,93680,1408.1644
1746025200000,93680,94000.2,93670,93932.7,1198.4494
1746026100000,93932.2,94000,93609.4,93819.8,872.4218
1746027000000,93819.8,94073.6,93763.6,94073.6,829.8714
1746027900000,94073.5,94080,93872.9,93955,521.8367
1746028800000,93955,93979.4,93705,93705.1,672.2029
1746029700000,93705.1,93725,93464,93699.9,1682.9255
1746030600000,93699.9,94158,93680,94040.2,1189.9364
1746031500000,94040.1,94100,93800,93900,982.892
1746032400000,93899.9,94049.2,93714.3,93777.4,619.5359
1746033300000,93777.4,94011.4,93770.9,93994,476.8074
1746034200000,93994.1,94244,93960.8,94241.8,859.3925
1746035100000,94241.9,94241.9,94046.8,94067.9,437.2427
1746036000000,94067.9,94525.2,94018.4,94318.5,1648.1046
1746036900000,94318.5,94442,94107.1,94123.4,693.8805
1746037800000,94123.5,94166,93923.5,94029.9,647.9747
1746038700000,94029.9,94150,93995.4,94055.5,333.0688
1746039600000,94055.4,94138.5,93996.1,94060.6,335.2361
1746040500000,94060.6,94082.2,93710,93750.8,834.5379
1746041400000,93750.8,93931.6,93720,93912.8,421.0699
1746042300000,93912.7,94245.3,93912.7,94122.6,830.9474
1746043200000,94122.6,94665.6,94077,94596,1512.4712
1746044100000,94596,94700,94448.6,94676.6,771.9736
1746045000000,94676.7,94695.4,94483.3,94564.9,381.3096
1746045900000,94564.9,94674.1,94491.1,94521,508.9702
1746046800000,94521,94738,94428.6,94530.9,1228.9845
1746047700000,94530.9,94642.3,94530.8,94585.1,198.1986
1746048600000,94585.1,94597.9,94428.7,94428.8,323.5462
1746049500000,94428.8,94510.9,94322.6,94380,496.6593
1746050400000,94380,94675,94372.8,94532.2,539.6435
1746051300000,94532.3,94540.1,94288.1,94309.6,627.9351
1746052200000,94309.6,94364.1,94162.4,94210.1,2093.7898
1746053100000,94210.1,94210.3,93966.6,94059.6,1750.1879
1746054000000,94059.5,94236.6,93873.7,94221,1860.4722
1746054900000,94221,94283.5,94100,94193.8,363.4156
1746055800000,94193.8,94278.1,94112.6,94112.6,308.7552
1746056700000,94112.6,94229.3,94067,94112.2,297.3844
