ts,open,high,low,close,volume
1754006400000,115706.5,115766.4,115250,115256,1415.7792
1754007300000,115256.1,115881.4,115256,115745.9,1696.6073
1754008200000,115745.8,115745.8,115350.4,115466.7,672.5328
1754009100000,115466.8,115484,114234.6,115363.7,7418.7903
1754010000000,115363.6,115544.9,114525.1,114596.5,2254.761
1754010900000,114596.5,115246.5,114581.4,115150.1,1805.8246
1754011800000,115150.1,115363.8,114938.2,115252.1,888.1226
1754012700000,115252,115361.5,115007.8,115278,702.4278
1754013600000,115278.1,115562,115160.6,115544.4,690.502
1754014500000,115544.4,115751.4,115465.1,115568.9,955.7594
1754015400000,115569,115979.9,115530.9,115838.5,797.4019
1754016300000,115838.6,115959.4,115797.6,115920,480.2202
1754017200000,115919.9,115939.9,115752,115766.4,388.3793
1754018100000,115766.5,116007,115766.4,115976.3,433.8896
1754019000000,115976.2,115991.5,115780,115788.3,274.1907
1754019900000,115788.3,115843.9,115558.8,115594.7,504.2667
1754020800000,115594.7,115594.7,115209.4,115353.7,927.422
1754021700000,115353.7,115511.4,115322.3,115468.8,441.7345
1754022600000,115468.9,115589.6,115411.9,115532.6,372.535
1754023500000,115532.6,115655.1,115427.3,115644.3,351.1488
1754024400000,115644.4,115861,115596.6,115788,478.7043
1754025300000,115788,115792.6,115416.8,115530.9,471.9703
1754026200000,115531,115712.5,115379.4,115457.6,476.9334
1754027100000,115457.7,115613.3,115331.7,115516.6,453.4701
1754028000000,115516.6,115608.8,115344.3,115381.3,365.4975
1754028900000,115381.3,115448.4,115178.2,115197.2,665.3125
1754029800000,115197.2,115277.2,114988.4,115019.1,1215.2972
1754030700000,115019.2,115150.5,115003.1,115089.5,665.4948
1754031600000,115089.5,115239.5,114800,114930.5,1130.1696
1754032500000,114930.5,115090.2,114773,114791.4,751.2297
1754033400000,114791.5,114837.9,114582,114713.6,1129.9464
1754034300000,114713.6,115049.9,114668.9,115016,1002.2976
1754035200000,115016,115016,114358,114615,1643.1827
1754036100000,114615,114718.8,114303.9,114376,1112.7134
1754037000000,114375.9,114596.8,114058,114544.4,2246.6088
1754037900000,114544.4,114753.7,114515,114575.2,990.5884
1754038800000,114575.2,115073.9,114520,114954.8,1273.9811
1754039700000,114954.7,115248.7,114915.5,115248.7,669.8881
1754040600000,115248.6,115294.9,115066.9,115150,519.3462
1754041500000,115149.9,115149.9,114873.7,114890,561.9627
1754042400000,114889.9,115097.3,114829.8,115097.2,507.2194
1754043300000,115097.3,115143.1,114950.1,114950.1,456.5921
1754044200000,114950.1,114967.8,114713,114865.3,1016.6091
1754045100000,114865.4,114950.9,114620.8,114680.6,835.4817
1754046000000,114680.6,114918.9,114522.4,114918.9,794.1514
1754046900000,114918.9,115030,114712.2,115029.9,443.2734
1754047800000,115030,115181.8,115000,115113.1,424.8817
1754048700000,115113,115279.4,115081.8,115244.1,503.6226
1754049600000,115244,115462,115192.8,115446.3,1035.3603
1754050500000,115446.3,115446.4,115154,115407.3,516.5311
1754051400000,115407.4,115889.8,115108.1,115836.3,2901.4334
1754052300000,115836.2,115879.5,115581.9,115680.4,825.8754
1754053200000,115680.4,115961.5,115643.7,115727.3,841.4897
1754054100000,115727.4,115872.4,115468,115631.5,932.6203
1754055000000,115631.6,115638.3,114922.5,114938.3,1940.7611
1754055900000,114938.2,114958.1,114129.4,114302.7,3525.0692
1754056800000,114302.7,115217.4,113847.2,114999.2,4152.753
1754057700000,114999.2,115701.7,114855.6,115701.6,2219.5934
1754058600000,115701.7,115779.5,115300.7,115388.4,2152.3618
1754059500000,115390,115716.1,115328.8,115570,1067.2043
1754060400000,115570,115588,115002,115083.7,1169.5762
1754061300000,115083.8,115150,114613.3,114750.5,1779.7098
1754062200000,114751.3,115176.9,114634.9,115176.9,970.3935
1754063100000,115176.9,115450,115100,115312.6,849.2862
1754064000000,115312.6,115675.4,115256.5,115594.6,980.496
1754064900000,115594.6,115672.4,115445.1,115568.2,645.721
1754065800000,115568.2,115568.2,114945.4,115385.8,1413.5425
1754066700000,115385.8,115490.2,114777,114962.7,1027.9614
1754067600000,114961.3,115006.9,114415.6,114547.7,1592.0123
1754068500000,114547.7,114774.4,114455,114625,681.9477
1754069400000,114624.9,115065.9,114350,114404.4,1444.3123
1754070300000,114404.4,114594.1,114305.7,114397.3,958.5608
1754071200000,114397.2,114479.4,114033,114097.5,1166.1684
1754072100000,114097.4,114349.2,113633,114125.3,3013.1777
1754073000000,114125,114320.8,114024.3,114150,1052.1721
1754073900000,114150,114198,113714.6,113801.4,1001.0559
1754074800000,113800,113896.1,113560,113650.6,960.3571
1754075700000,113650.5,113697.8,113205.8,113348.2,2183.8892
1754076600000,113348.2,113850.7,113166,113194.9,1918.5756
1754077500000,113194.9,113570,113180.6,113270.9,1169.315
1754078400000,113271,113600,113113,113250.9,1444.1968
1754079300000,113250.9,113579,113117.4,113421.3,991.897
1754080200000,113421.3,113666,113354.4,113599.7,829.225
1754081100000,113600,113931,113530.8,113890.1,829.5725
1754082000000,113890.2,114016.2,113764.4,113796.5,719.3651
1754082900000,113796.5,113978.3,113632.9,113949.2,446.8078
1754083800000,113949.2,114038.6,113890.5,113894.6,294.1683
1754084700000,113894.6,114040.7,113821.4,113832.9,405.4933
1754085600000,113832.9,113959,113448.1,113578,657.1562
1754086500000,113578.1,113766.4,113121.7,113395.4,1502.1894
1754087400000,113395.4,113452.4,112820.1,113013.4,2286.6263
1754088300000,113013.4,113200,112676.6,113095.7,1714.6835
1754089200000,113090.3,113312.3,112862.1,113264.4,788.5495
1754090100000,113264.4,113509.6,113181.8,113503.9,609.6246
1754091000000,113503.9,113504,113177.1,113298.8,564.4263
1754091900000,113298.7,113363.6,113161.4,113250,319.7222
1754092800000,113250,113355.8,113140.3,113288.9,801.6148
1754093700000,113289,113562.5,113284,113505.7,477.8987
1754094600000,113505.7,113658.4,113389.5,113579.9,551.0387
1754095500000,113580,113782.9,113579.9,113771.1,427.7911
1754096400000,113771.1,113860,113616.1,113721.9,472.7542
1754097300000,113721.9,113810.2,113454,113523.9,470.1045
1754098200000,113523.9,113594,113370.4,113495.6,369.8727
1754099100000,113495.6,113620.4,113451,113608.6,452.3333
1754100000000,113608.6,113714.3,113550.3,113680.3,200.9457
1754100900000,113680.4,113692.7,113485,113592.6,395.3036
1754101800000,113592.5,113692.4,113559.9,113635.1,380.621
1754102700000,113635.1,113675,113570.8,113662.6,213.8513
1754103600000,113662.6,113859,113657,113825.6,355.8421
1754104500000,113825.6,113860,113716.7,113755.2,263.862
1754105400000,113755.2,113811.4,113711.4,113784.5,135.1213
1754106300000,113784.5,113854.3,113757.8,113854.2,259.0485
1754107200000,113854.3,113885.1,113789.5,113799,255.6007
1754108100000,113799,113928.6,113764.3,113928.5,314.4049
1754109000000,113928.4,114009.4,113928.4,113980.1,429.085
1754109900000,113980.2,114002.8,113940.8,113975.4,262.723
1754110800000,113975.3,113996.4,113850,113850,239.885
1754111700000,113850,113992.4,113800.6,113992.3,193.0096
1754112600000,113992.3,113994,113912.3,113919.8,241.8108
1754113500000,113919.7,113970.1,113858,113934.6,339.8585
1754114400000,113934.6,113941.8,113778.5,113782.3,443.5325
1754115300000,113782.2,113782.3,113505.6,113505.7,711.7089
1754116200000,113505.7,113604,113419,113505.5,876.1863
1754117100000,113505.6,113699.3,113505.5,113655,424.7026
1754118000000,113655.1,113733,113513,113635.3,441.9566
1754118900000,113635.4,113895.7,113635.3,113886.4,463.673
1754119800000,113886.4,113939.4,113802.7,113865.3,405.5485
1754120700000,113865.2,113960,113858.7,113918.9,550.9977
1754121600000,113918.9,113942.7,113877.3,113909.9,391.3448
1754122500000,113909.9,113986.7,113817.3,113817.3,530.1427
1754123400000,113817.3,113830.2,113655.9,113666.6,596.5936
1754124300000,113666.5,113769.1,113614.5,113629.2,404.9197
1754125200000,113629.3,113783,113629.2,113753.1,197.3256
1754126100000,113753.2,113800,113660.1,113663.7,181.2333
1754127000000,113663.8,113663.8,113520,113531.1,337.4746
1754127900000,113531.2,113657.9,113530,113641.6,217.4485
1754128800000,113641.6,113663.7,113558,113579,206.7792
1754129700000,113579,113638,113470.2,113601.7,285.6729
1754130600000,113601.7,113601.7,113396.8,113404.4,520.03
1754131500000,113404.4,113598,113377.1,113504.5,374.8552
1754132400000,113504.5,113599.7,113412.2,113450.6,275.6086
1754133300000,113450.6,113818.2,113450.6,113817.8,553.6361
1754134200000,113817.8,113867.7,113753.4,113753.4,268.4123
1754135100000,113753.4,113821.5,113699,113733.2,211.2064
1754136000000,113733.3,113747.8,113655,113668.9,197.9682
1754136900000,113668.9,113726.4,113648.5,113668.8,179.4807
1754137800000,113668.8,113716.6,113522.1,113530,275.3701
1754138700000,113530.1,113658.9,113516.3,113598.3,316.8822
1754139600000,113597.9,113612.5,113422.1,113422.2,494.4609
1754140500000,113422.2,113455.3,113247,113247,539.4805
1754141400000,113247,113432.2,113189.4,113320.1,767.0495
1754142300000,113320,113499.8,113300.3,113424.2,288.9942
1754143200000,113424.3,113500,113321,113321,219.6052
1754144100000,113321,113321.1,113084,113227.9,829.4046
1754145000000,113227.9,113227.9,112917,112959.2,882.3586
1754145900000,112959.2,113137.3,112900,113061.2,713.8237
1754146800000,113061.1,113247,113060,113239.6,453.206
1754147700000,113239.6,113389.6,113205.5,113217.2,518.6208
1754148600000,113217.1,113217.2,112928,112991.1,744.3152
1754149500000,112991,113016.9,112763.1,112801.9,810.7218
1754150400000,112801.8,112948.9,112674.1,112742.7,1183.7166
1754151300000,112742.6,112967.8,112682.2,112880,617.3344
1754152200000,112880.1,113100,112822.1,113076,963.4311
1754153100000,113076,113224.6,112946.1,113160,1038.4806
1754154000000,113160.1,113345.9,113122.2,113321.1,774.0584
1754154900000,113321.1,113379,113225.6,113327.5,306.1625
1754155800000,113327.5,113337.2,113045.6,113086.9,423.1005
1754156700000,113086.9,113086.9,112500,112684.1,2121.9093
1754157600000,112684.2,112867.1,112401,112431.9,811.4373
1754158500000,112431.8,112682,112300,112333.1,1337.4197
1754159400000,112333,112530,112236.5,112460.8,903.7099
1754160300000,112460.8,112492.3,112036,112295.9,1484.0891
1754161200000,112295.9,112386.3,111950,112020.2,1383.128
1754162100000,112020.3,112682.5,112003.2,112677.9,1286.2176
1754163000000,112678,112921.6,112587.9,112713,1151.1619
1754163900000,112712.1,112734.2,112178.5,112184.1,831.387
1754164800000,112184.1,112343,112026.8,112317.4,820.4136
1754165700000,112317.4,112444,112060.3,112383.6,503.3128
1754166600000,112383.1,112395.7,112267.8,112388,256.3269
1754167500000,112387.5,112757.9,112328.8,112757.9,406.4882
1754168400000,112757.8,112906.9,112552.2,112564.2,559.6775
1754169300000,112564.3,112654,112513.8,112553.7,209.6928
1754170200000,112553.8,112844.4,112553.8,112829.5,213.2434
1754171100000,112829.7,113020.9,112789.8,112807.7,708.1687
1754172000000,112807.8,112973,112788,112788,388.9647
1754172900000,112788.1,112799.4,112507.2,112539.7,470.3648
1754173800000,112539.7,112808.3,112539.6,112734.8,392.7991
1754174700000,112734.9,112900,112734.8,112810,186.3254
1754175600000,112810.1,112833,112514.6,112576.1,325.9399
1754176500000,112576.1,112684.2,112261.5,112269.3,797.4439
1754177400000,112269.3,112729.7,112240.7,112660.8,624.653
1754178300000,112660.9,112722.1,112463.1,112502.1,292.9079
1754179200000,112502,112680,112462.8,112622.7,426.2332
1754180100000,112622.7,112742.6,112260,112324,629.3857
1754181000000,112323.5,112653,111850,112585.2,2794.9557
1754181900000,112585.3,112926.7,112541.4,112885.5,1102.6007
1754182800000,112885.5,113100,112778.5,112952.6,908.0918
1754183700000,112952.7,113186.7,112856,113151.9,728.7625
1754184600000,113151.9,113238.2,113070.9,113153.1,663.4557
1754185500000,113153.2,113153.2,112924.2,113040.9,459.33
1754186400000,113041,113354.5,113031.7,113329.5,838.7533
1754187300000,113329.4,113385.9,113213.4,113292.8,608.441
1754188200000,113292.9,113385.5,113289.9,113368.1,245.8221
1754189100000,113368.1,113470,113292.1,113469.9,345.3499
1754190000000,113470,113487,113376.9,113409.9,412.4101
1754190900000,113409.9,113499.8,113326.5,113460.8,668.2076
1754191800000,113460.8,113660.1,113460.8,113645,570.875
1754192700000,113645.1,113671,113549.4,113549.4,467.3352
1754193600000,113549.4,113549.5,113353.3,113353.3,457.7154
1754194500000,113353.3,113468.6,113353.3,113468.6,229.8859
1754195400000,113468.6,113468.6,113291.8,113327.2,238.2096
1754196300000,113327.1,113423.7,113291.3,113417.7,197.0892
1754197200000,113417.7,113450,113349.1,113438.7,242.0126
1754198100000,113438.7,113549,113431.7,113539,215.5783
1754199000000,113539.1,113608.8,113476.8,113491.6,303.8068
1754199900000,113491.6,113580.3,113428.1,113564.6,233.617
1754200800000,113564.7,113582,113452.8,113464,199.0633
1754201700000,113464,113539.3,113451,113487.5,165.0756
1754202600000,113487.5,113539.2,113408.2,113431.1,173.8829
1754203500000,113431.1,113510.6,113431,113510.5,106.5616
1754204400000,113510.5,113629.3,113510.5,113625.6,191.0299
1754205300000,113625.6,113646.4,113570.4,113646.4,151.6078
1754206200000,113646.4,113666,113601.9,113658,196.8747
1754207100000,113658,113658,113603,113654.5,157.6027
1754208000000,113654.5,113728.8,113654.4,113728.7,260.2739
1754208900000,113728.7,113728.8,113624.6,113624.6,295.1535
1754209800000,113624.6,113624.7,113529.4,113554.7,281.0292
1754210700000,113554.7,113646.5,113490.1,113646.3,271.293
1754211600000,113646.3,113660.1,113581.2,113629.9,164.5368
1754212500000,113629.9,113644.9,113572.1,113609.4,127.7686
1754213400000,113609.4,113642.9,113583,113612.7,124.3098
1754214300000,113612.7,113637,113597.1,113610.1,91.8546
1754215200000,113610.1,113726.3,113610,113726.3,205.4628
1754216100000,113726.3,113749.9,113696.4,113711.9,162.253
1754217000000,113711.9,113769,113663.6,113750,236.6743
1754217900000,113750,113853.3,113741.7,113853.3,382.259
1754218800000,113853.3,114211,113853.2,114182.7,1300.2067
1754219700000,114182.8,114182.8,113927.6,113949.6,671.7259
1754220600000,113949.7,113968.5,113838.9,113888.7,345.8638
1754221500000,113888.7,114000,113804,113804,261.7166
1754222400000,113804,113818.9,113641.1,113684.9,454.9746
1754223300000,113685,113754.6,113601.6,113730.1,432.6133
1754224200000,113730.1,113963,113714.2,113963,366.7632
1754225100000,113963,114046.6,113902.1,113949.6,299.9757
1754226000000,113949.6,114040,113870,114024,251.2146
1754226900000,114024,114024,113750,113803.2,257.8882
1754227800000,113803.2,113932.3,113803.1,113829.3,152.8741
1754228700000,113829.4,113901.8,113759.1,113891.9,133.4352
1754229600000,113891.9,114017.1,113707.5,113784.4,341.4009
1754230500000,113784.5,113840.3,113531,113595.8,997.3895
1754231400000,113595.9,113800,113558.4,113762.7,281.0112
1754232300000,113762.8,113767.6,113660.1,113730.1,215.9379
1754233200000,113730.1,113730.1,113614.7,113722,238.1058
1754234100000,113722,113830.9,113688.9,113787.3,231.2688
1754235000000,113787.3,113897.8,113619,113885.8,308.9316
1754235900000,113885.8,113917.3,113828.8,113892.4,217.4655
1754236800000,113892.5,113892.5,113719.7,113739.3,187.551
1754237700000,113739.4,113830,113721.2,113829,93.9972
1754238600000,113828.9,113926.1,113828.9,113913.9,223.0523
1754239500000,113913.9,113980.7,113856.9,113955.3,222.1683
1754240400000,113955.3,114124.7,113927.2,114093.1,525.2405
1754241300000,114093.1,114118.2,113959.6,113964,176.3432
1754242200000,113964,114072.6,113900,113914.3,133.3997
1754243100000,113914.3,114074.6,113914.3,114074.5,107.6361
1754244000000,114074.6,114074.6,113993.5,114074.5,142.0147
1754244900000,114074.5,114410.1,114018.7,114240.1,918.8538
1754245800000,114240.2,114316.8,114060.2,114276.2,342.1227
1754246700000,114276.2,114370.1,114253.1,114328.3,277.253
1754247600000,114328.3,114457.7,114240.9,114346.5,408.8216
1754248500000,114346.6,114587.8,114346.5,114461.9,522.5273
1754249400000,114461.9,114728.5,114355,114361.2,923.6541
1754250300000,114361.2,114420.7,114200.1,114252.9,378.7656
1754251200000,114252.8,114261.4,114125.9,114190.3,232.48
1754252100000,114190.3,114199.4,114111.6,114144.3,159.5998
1754253000000,114144.3,114390.8,114114.9,114353.2,494.9999
1754253900000,114353.3,114416,114321.1,114367.2,173.7706
1754254800000,114366.9,114471,114323,114471,216.5119
1754255700000,114471,114475.7,114387.2,114434.7,137.602
1754256600000,114434.6,114461.3,114294.6,114304.4,159.1837
1754257500000,114304.3,114439.9,114303.7,114372.4,88.8321
1754258400000,114372.4,114568.9,114146,114177.6,368.9175
1754259300000,114177.6,114195.1,114013,114060.1,413.026
1754260200000,114060.1,114228.6,114054.3,114217.2,220.6941
1754261100000,114217.1,114322.6,114184.9,114259,190.1813
1754262000000,114259.1,114373.9,114214.3,114363.7,401.7502
1754262900000,114363.8,114463.4,114216.3,114216.4,233.8093
1754263800000,114216.3,114265.6,114155.7,114182.2,143.4736
1754264700000,114182.1,114183.3,114119,114152.5,226.2473
1754265600000,114152.6,114291.9,114068.1,114133.1,361.6753
1754266500000,114133,114365.9,114084.7,114306.6,363.3735
1754267400000,114306.6,114563.8,114233.4,114563.8,429.6066
1754268300000,114563.7,114886.1,114563.7,114870,1817.6356
1754269200000,114870,114981.2,114610.1,114720.3,1024.7094
1754270100000,114720.3,114900,114590,114794.9,608.04
1754271000000,114794.9,114918.9,114671.4,114689.8,336.0696
1754271900000,114689.8,114757.7,114600.4,114647.7,294.8127
1754272800000,114647.6,114714.9,114372.7,114425,536.8294
1754273700000,114425,114727.5,114422.2,114679.9,302.2821
1754274600000,114679.9,114851.3,114522.1,114549.9,339.6458
1754275500000,114550,114781.3,114524.4,114770,243.0715
1754276400000,114770,114791.1,114656.7,114674.9,267.9805
1754277300000,114675,114739.6,114630.1,114647.2,188.1981
1754278200000,114647.2,114647.3,114490,114628.1,250.2557
1754279100000,114628.1,114629.4,114521.7,114531.9,185.2211
1754280000000,114531.9,114616.5,114531.8,114579.6,187.9165
1754280900000,114579.5,114579.5,114444,114559.5,295.6653
1754281800000,114559.5,114559.5,114345.6,114345.7,279.6161
1754282700000,114345.7,114407,114300,114353.3,477.532
1754283600000,114353.3,114378,114254,114292.9,282.97
1754284500000,114292.9,114293,114149.2,114185.8,562.2348
1754285400000,114185.9,114281.8,114147.8,114214.4,312.7861
1754286300000,114214.4,114395.5,114189.8,114350.3,211.6594
1754287200000,114350.3,114415.6,114210.6,114225.1,269.5535
1754288100000,114225,114283.5,114105,114217.8,480.2925
1754289000000,114217.8,114421.9,114150,114349.5,298.8471
1754289900000,114349.5,114448,114254.2,114390,180.7453
1754290800000,114390,114529,114357.7,114497.7,348.478
1754291700000,114497.7,114500,114435.6,114462.2,142.9624
1754292600000,114462.2,114654.5,114450.8,114653.9,312.3344
1754293500000,114654,114743.2,114604.7,114607.2,418.9446
1754294400000,114607.3,114718.5,114555,114600.1,380.1714
1754295300000,114600,114729.4,114423.1,114427,646.6368
1754296200000,114426.9,114593,114320,114512.8,385.6077
1754297100000,114515.2,114555.2,114419.4,114508.9,211.8538
1754298000000,114508.8,114610.8,114489.8,114560,236.3612
1754298900000,114559.9,114717,114419.4,114596.4,293.8456
1754299800000,114596.3,114675.2,114453,114453,276.7682
1754300700000,114453,114453.1,114271.8,114291.2,270.5221
1754301600000,114291.2,114414,114236.6,114414,252.7146
1754302500000,114414,114470.5,114301,114310,188.5726
1754303400000,114310,114404.6,114285.9,114302.9,175.2741
1754304300000,114302.9,114342.3,114147.4,114208.1,393.2231
1754305200000,114208.2,114333,114170.7,114273,312.1355
1754306100000,114273.1,114333,114184.5,114333,203.8793
1754307000000,114333,114398.8,114282.9,114374.2,221.3677
1754307900000,114374.1,114505.1,114322.2,114465.1,496.6055
1754308800000,114465.1,114515.7,114410,114462.1,271.182
1754309700000,114462,114482.2,114336.1,114395.4,145.3553
1754310600000,114395.3,114415.4,114278.3,114340.4,139.4322
1754311500000,114340.4,114422.5,114280,114418.5,157.4537
1754312400000,114418.4,114466,114285,114377.9,227.4601
1754313300000,114378,114428.3,114127.6,114158.6,778.7125
1754314200000,114158.5,114753.9,114055.1,114753.8,1617.9518
1754315100000,114753.9,114876,114497.8,114866.8,1480.7744
1754316000000,114866.9,115420,114866.8,115190.8,3449.4683
1754316900000,115190.8,115381.5,115125,115379.5,1470.1874
1754317800000,115379.7,115428,114871.3,114952.1,1242.6768
1754318700000,114952.1,115112.8,114588,114700,1542.5753
1754319600000,114700,114966,114623.3,114945,496.1981
1754320500000,114945,114987.9,114724.3,114724.3,336.4146
1754321400000,114724.4,114871.4,114523.1,114680,540.1037
1754322300000,114680,114829.8,114531.9,114768,312.8894
1754323200000,114767.9,115160.1,114767.9,114979.9,1031.6347
1754324100000,114979.9,115098,114851.9,114851.9,492.7198
1754325000000,114851.9,115129.9,114845.8,115025,545.3756
1754325900000,115025.1,115385.7,115025,115262.6,946.1276
1754326800000,115262.7,115665.9,115201,115665.1,1187.5053
1754327700000,115666,115688,115385.1,115483.8,1014.8744
1754328600000,115483.8,115500,115165.5,115202.4,540.4388
1754329500000,115202.4,115266.3,115101.8,115160.2,342.8958
1754330400000,115160.2,115248.7,115038,115038.2,327.5531
1754331300000,115038.3,115280,115012.9,115236.2,254.2762
1754332200000,115236.3,115236.3,115011,115033.8,176.3343
1754333100000,115033.7,115080,114859.9,114915.3,302.5484
1754334000000,114915.4,115026,114850,114932.9,187.3058
1754334900000,114933,115099.9,114839.8,114877.1,288.539
1754335800000,114877.1,114900.6,114717.3,114750.8,405.3409
1754336700000,114750.8,114794.6,114683.3,114731.7,220.7795
1754337600000,114730.6,114843.6,114593,114664,501.9867
1754338500000,114664,114800,114596.5,114687.3,176.0726
1754339400000,114687.3,115041.5,114687.2,114977.9,416.63
1754340300000,114977.9,114978,114776.7,114776.7,215.4261
1754341200000,114776.7,115004.3,114776.7,115004.3,183.6402
1754342100000,115004.3,115158.4,114891.6,114964.3,298.3655
1754343000000,114964.3,115228.8,114938.4,115220,222.2218
1754343900000,115220.1,115228.8,115030,115077,198.4144
1754344800000,115077,115210.6,115057.9,115199.9,236.3968
1754345700000,115200,115255,115040.5,115040.5,161.9489
1754346600000,115040.5,115227.9,115040.5,115139.9,268.6192
1754347500000,115139.9,115301,115100,115299.4,565.3175
1754348400000,115299.4,115306.1,115220.1,115294.5,269.0711
1754349300000,115294.4,115305.7,115205.3,115270.4,115.7827
1754350200000,115270.3,115270.4,115155.3,115173.3,175.6821
1754351100000,115173.4,115187.3,114988.2,115001,277.4839
1754352000000,115001,115069.6,114902.8,114981.2,385.921
1754352900000,114981.2,114981.3,114826.9,114852.1,267.9687
1754353800000,114852.1,115083.4,114843.1,114859.9,320.6966
1754354700000,114859.9,114978.3,114792.8,114854,236.8783
1754355600000,114854,115018.3,114802.8,114926.8,340.713
1754356500000,114926.9,114932,114745.1,114859.6,209.5347
1754357400000,114859.6,114885.7,114702.7,114885.7,366.5339
1754358300000,114885.7,114895.3,114666,114682.6,323.0965
1754359200000,114682.7,114797.7,114608.1,114627.1,335.4603
1754360100000,114627,114704.9,114575.8,114589,260.7824
1754361000000,114589,114666.1,114584.3,114606.8,237.4703
1754361900000,114606.8,114791.2,114593.5,114689.5,220.3019
1754362800000,114689.5,114709.7,114380,114436.5,759.4358
1754363700000,114436.6,114468.5,114246,114305.5,794.7605
1754364600000,114306.7,114368.2,114222,114269.4,629.6986
1754365500000,114269.5,114319.4,114216.5,114216.5,280.0886
1754366400000,114216.5,114393.6,114183,114361.5,526.0659
1754367300000,114361.5,114362.6,114171.7,114205,378.8193
1754368200000,114205,114270.7,114138,114236.7,288.1166
1754369100000,114236.6,114350,114236.6,114298.2,184.2817
1754370000000,114298.2,114464,114267.5,114409.9,337.8192
1754370900000,114409.8,114419.1,114310.8,114382.6,130.2812
1754371800000,114382.6,114431.4,114212.9,114213,330.0939
1754372700000,114212.9,114415.4,114200,114382.2,255.725
1754373600000,114382.2,114444.4,114330,114406.7,280.2785
1754374500000,114406.8,114477.2,114382,114444.9,206.7478
1754375400000,114444.8,114444.9,114260.9,114283.4,263.8208
1754376300000,114283.4,114283.4,114066,114146.6,825.7417
1754377200000,114146.6,114271.1,114107.3,114244.7,528.7437
1754378100000,114244.7,114365.2,114164.9,114164.9,347.6076
1754379000000,114164.9,114223.7,113658.8,114019.8,2429.6056
1754379900000,114019.8,114172.8,113902,113934.2,746.3829
1754380800000,113934.2,114091.9,113888,113969,481.1463
1754381700000,113969,114330,113969,114325.3,788.5768
1754382600000,114325.4,114537.6,114213.3,114276.8,979.9565
1754383500000,114276.9,114319.9,114173.6,114248.9,328.7546
1754384400000,114249,114451.3,114248.9,114428.4,278.4186
1754385300000,114428.5,114546.5,114354.4,114546.5,566.7483
1754386200000,114546.4,114760,114472,114690.9,535.1394
1754387100000,114690.8,114769.2,114555.4,114652.1,453.3521
1754388000000,114652.2,114756.1,114540,114600,557.3382
1754388900000,114600,115067.8,114599.9,114917.9,1014.6429
1754389800000,114918,115050,114819.1,114946.2,749.4709
1754390700000,114946.1,114946.2,114774.2,114793.9,444.5921
1754391600000,114793.9,114806.7,114689.6,114740.8,549.8089
1754392500000,114740.7,114864.1,114711.6,114863.5,266.5759
1754393400000,114863.4,114929.5,114711.3,114890.1,272.8495
1754394300000,114890.1,114890.1,114704.9,114769.2,249.8562
1754395200000,114769.3,114860.7,114702.7,114860.7,224.2182
1754396100000,114860.7,114860.7,114310.6,114459.1,1412.125
1754397000000,114459.2,114459.2,113406.3,113815.9,2603.7874
1754397900000,113815.9,114052.3,113813.2,113894,838.4747
1754398800000,113894.1,114066.1,113809.8,113985,705.1041
1754399700000,113985,114163.4,113966.9,114121.8,646.6756
1754400600000,114121.7,114416.2,113981.7,114233.3,984.2161
1754401500000,114233.2,114553.1,114233.2,114330.3,761.1993
1754402400000,114330.3,114350.9,113649,113831.1,1285.1571
1754403300000,113831.2,113849.9,113070.1,113218.5,3643.3302
1754404200000,113218.5,113241.5,112681.7,112751.9,3162.8525
1754405100000,112751.8,113050,112600,112994.5,2396.85
1754406000000,112994.6,113200,112655,113138.9,1731.077
1754406900000,113138.9,113192.3,112800,112937.8,856.2439
1754407800000,112937.9,113045,112666,112737.8,837.3718
1754408700000,112737.8,112950,112673.1,112883.8,488.6508
1754409600000,112883.7,113111.1,112790.5,113089.6,495.4449
1754410500000,113089.6,113190,112987.7,113158.1,475.1156
1754411400000,113158.1,113321.2,112766,113011.3,905.506
1754412300000,113011.2,113167.6,112832.1,113139.5,342.0462
1754413200000,113139.5,113225.5,113050,113202.3,301.1912
1754414100000,113202.3,113441.9,113158.8,113348.7,422.644
1754415000000,113348.7,113491.3,113268,113300,423.3288
1754415900000,113300,113650,113208.2,113603,703.7133
1754416800000,113602.9,113632.8,113452.6,113465.9,359.8771
1754417700000,113465.9,113575.2,113334.6,113415.8,338.57
1754418600000,113415.7,113485.7,113321,113357.9,172.1799
1754419500000,113358,113635.2,113220,113613.5,470.5842
1754420400000,113613.5,113742.9,113560.3,113560.3,695.7796
1754421300000,113560.3,113674.4,113506.2,113559.4,149.5895
1754422200000,113559.4,113642.9,113525.2,113556.8,249.8041
1754423100000,113556.8,113671.1,113357.1,113576.5,385.3943
1754424000000,113576.5,113778.9,113576.5,113778.9,244.4946
1754424900000,113778.8,114000,113739.5,113959.6,552.3379
1754425800000,113959.5,113970.6,113568.9,113615.5,253.6104
1754426700000,113615.5,113667,113461.8,113667,277.5428
1754427600000,113667,113834.7,113627.3,113639.2,179.2394
1754428500000,113639.3,113819.9,113565.2,113812.5,234.6146
1754429400000,113812.5,113812.7,113621.2,113621.3,183.2663
1754430300000,113621.3,113621.3,113511.7,113552.6,176.681
1754431200000,113552.6,113760,113234,113735.5,841.591
1754432100000,113735.6,113840.7,113680,113840.7,306.8396
1754433000000,113840.6,113899,113800.3,113899,321.8457
1754433900000,113899,113950,113860.3,113923.2,267.4248
1754434800000,113923.2,114052,113866.1,114043,583.5825
1754435700000,114043,114132,113958.5,113999.9,511.2626
1754436600000,113999.9,114178,113973.8,114121.2,350.5064
1754437500000,114121.1,114134.4,114044.5,114075.8,156.7357
1754438400000,114075.7,114085.4,113921.6,114022.5,305.8995
1754439300000,114022.5,114022.5,113876.6,113912.1,251.6983
1754440200000,113912.1,113996,113822,113900.2,283.3069
1754441100000,113900.2,113900.2,113716.2,113853.5,365.9597
1754442000000,113853.4,113900,113736.1,113813.9,245.1872
1754442900000,113814,113861.7,113545.5,113560,523.5219
1754443800000,113559.9,113845.1,113505,113742,558.7686
1754444700000,113741.9,113846.5,113625,113773.4,347.1797
1754445600000,113772.6,113789.2,113440,113590,488.0949
1754446500000,113590,113701.8,113558.1,113636.8,205.7609
1754447400000,113636.9,113696.6,113500,113629,297.0702
1754448300000,113628.9,113657.9,113524.9,113581.9,284.3427
1754449200000,113581.9,113616,113426.3,113571,406.5924
1754450100000,113571,113571,113350,113389.9,453.6148
1754451000000,113390,113500,113378.8,113500,233.0325
1754451900000,113500,113578.8,113472,113472,166.8585
1754452800000,113472,113544.1,113332.3,113348.9,343.7764
1754453700000,113348.9,113450,113335.6,113406.7,205.9619
1754454600000,113406.7,113432,113306.1,113362,189.2809
1754455500000,113362,113451.3,113326.1,113376.9,192.9102
1754456400000,113376.9,113895.7,113333.7,113889,777.2847
1754457300000,113889,114098.7,113750,113878.7,998.1936
1754458200000,113878.8,114377.4,113878.7,114197.7,1043.4485
1754459100000,114197.7,114277.2,114071,114109.5,437.7238
1754460000000,114109.5,114142.2,113880.2,113954.2,337.1697
1754460900000,113954.2,114070.4,113870.7,113942.1,314.9839
1754461800000,113942.1,114106.8,113881.7,114020,277.1079
1754462700000,114020,114150,113970,114029.9,175.4489
1754463600000,114030,114240,113963.6,114188.1,312.9676
1754464500000,114188.1,114243.5,114136.5,114233.9,257.4375
1754465400000,114233.9,114234,114052.3,114119.9,197.1734
1754466300000,114119.9,114199.7,114100.6,114176.6,143.4372
1754467200000,114176.6,114206.4,113972.4,114003.4,348.8813
1754468100000,114003.4,114088.1,113934,114001.7,184.0395
1754469000000,114001.7,114001.8,113720.4,113729.9,565.3692
1754469900000,113729.9,113929.8,113674.5,113900.1,413.5281
1754470800000,113900.1,114139.5,113860,114137.7,314.1381
1754471700000,114137.6,114332,114054.1,114055.9,614.8242
1754472600000,114055.9,114073.7,113899.8,113933,217.8025
1754473500000,113933,114118,113930,114055.4,222.6538
1754474400000,114055.4,114203.7,114002.2,114087.3,256.8818
1754475300000,114087.4,114182,113833.3,113932.5,400.1893
1754476200000,113932.6,114109.2,113887.6,114093.3,186.8979
1754477100000,114093.3,114105.3,113970.2,114020,124.2987
1754478000000,114020,114112.7,113953.2,114111.1,319.4302
1754478900000,114111.2,114211,114111.2,114210.9,219.3069
1754479800000,114211,114400,114203.8,114275.9,567.9856
1754480700000,114275.9,114276,114122.4,114190.8,241.7035
1754481600000,114190.8,114290,113880,113904,380.093
1754482500000,113904.1,114148,113738.7,114004.1,779.6155
1754483400000,114004.1,114216.7,113996.9,114000,363.5546
1754484300000,114000,114055.7,113828.9,113874.2,359.1633
1754485200000,113874.2,113999.4,113785,113850,436.0446
1754486100000,113850,113920,113784.5,113872.8,287.3967
1754487000000,113872.8,114175,113523,114130.5,1473.84
1754487900000,114130.5,114374.8,113850,114212,1474.9936
1754488800000,114212,114479.8,114177.3,114200,1004.6064
1754489700000,114200,114288,113815.6,114052.2,990.1993
1754490600000,114052.2,114316.8,113959.3,114239.4,506.2605
1754491500000,114239.5,115189,114090.9,115132.6,2638.5694
1754492400000,115132.7,115270,114780.5,114982,2574.6681
1754493300000,114982.1,115051.5,114815,114895.3,658.6174
1754494200000,114895.2,115339.9,114880,115160,1238.4018
1754495100000,115159.9,115500,115080,115371.6,1088.6722
1754496000000,115371.6,115450,115108.4,115168,1723.7881
1754496900000,115168,115238,114999.4,115098,639.3933
1754497800000,115097.9,115176.8,114904,114912.5,540.9928
1754498700000,114912.5,115129,114905,115091.9,440.3929
1754499600000,115091.8,115166.7,114971.7,115119.9,310.1273
1754500500000,115119.9,115321.7,115111.1,115321.6,293.7066
1754501400000,115321.6,115432,115186.4,115426.1,330.5891
1754502300000,115426.1,115481,115351.4,115466.5,469.4138
1754503200000,115466.5,115650,115466.4,115649.9,899.0612
1754504100000,115649.9,115656,115375,115375,455.2644
1754505000000,115375,115534.9,115250,115289.7,421.429
1754505900000,115289.7,115451.6,115262,115380,252.0417
1754506800000,115380.1,115488,115293.3,115365.8,189.0946
1754507700000,115365.8,115436.5,115337.2,115342.9,129.2354
1754508600000,115342.9,115362.2,115204.1,115206.7,259.0705
1754509500000,115206.7,115244.5,115062.9,115198.9,338.0756
1754510400000,115198.9,115214.9,115091.8,115165.4,162.4723
1754511300000,115165.5,115169.2,115131.6,115131.7,112.5543
1754512200000,115131.7,115131.7,114953.3,114999.4,382.3307
1754513100000,114999.4,115045,114966.5,114980.2,273.0918
1754514000000,114980.2,115161.3,114959.9,115161.3,345.713
1754514900000,115161.3,115173.7,115074.4,115074.4,188.3055
1754515800000,115074.5,115074.5,114712.3,114852.7,556.0668
1754516700000,114852.7,115000,114852.7,114999.9,187.5228
1754517600000,115000,115160,115000,115100,264.7321
1754518500000,115100,115133.5,114990.5,115039.9,345.8646
1754519400000,115039.9,115129.1,114986.5,115013.7,179.3597
1754520300000,115013.7,115117.8,115006.6,115035.7,152.8966
1754521200000,115035.8,115060,114973.2,115003.7,141.1344
1754522100000,115003.7,115024.8,114924.2,114951,159.9278
1754523000000,114951,114987.9,114924.2,114935.2,124.1261
1754523900000,114935.2,114984.2,114924.3,114944,122.8874
1754524800000,114944.1,114944.1,114853.3,114900.2,192.9192
1754525700000,114900.2,114901.6,114807.1,114899.1,210.5774
1754526600000,114899,114976.2,114864.5,114864.6,215.94
1754527500000,114864.5,114885.7,114812.8,114855.8,152.3804
1754528400000,114855.8,114899,114829.3,114884.8,224.2803
1754529300000,114884.9,115150,114870.7,115105.3,452.7932
1754530200000,115105.3,115145,114955.5,114962.9,241.1796
1754531100000,114962.9,114969.1,114538,114704.1,737.1421
1754532000000,114704.1,114799.9,114606.8,114796,456.2187
1754532900000,114795.9,114818,114712,114751.8,203.2487
1754533800000,114751.8,114751.8,114551.2,114551.3,226.7063
1754534700000,114551.2,114583.4,114360,114517.8,772.927
1754535600000,114517.8,114522.8,114399.8,114415.4,270.9162
1754536500000,114415.5,114482.5,114355,114476.5,428.0328
1754537400000,114476.6,114548.2,114476.5,114518.1,276.1615
1754538300000,114518.1,114573.9,114500.1,114502.2,118.9865
1754539200000,114502.2,114616,114458.2,114535.3,201.3428
1754540100000,114535.4,114575.4,114502,114502.1,141.8202
1754541000000,114502.1,114538.2,114360,114405.5,388.0204
1754541900000,114405.5,114405.5,114233.1,114325,580.8264
1754542800000,114325,114330.2,114237.2,114317,329.6506
1754543700000,114317,114499.4,114316.9,114420.3,268.0168
1754544600000,114420.3,114507.3,114420.2,114494.6,207.0649
1754545500000,114494.6,114532.4,114420,114530,205.6418
1754546400000,114529.9,114698.3,114497.3,114634,333.9583
1754547300000,114634,114644.6,114510.6,114510.6,313.6005
1754548200000,114510.6,114550,114464.4,114540.5,198.7217
1754549100000,114540.4,114760,114540.4,114613.2,410.0433
1754550000000,114613.2,114740,114590.8,114739.9,223.7227
1754550900000,114739.9,114839,114714.5,114789.9,312.6666
1754551800000,114790,114801.5,114689.2,114689.2,179.4403
1754552700000,114689.3,114764.4,114689.2,114747.9,161.1901
1754553600000,114747.9,114970,114747.9,114904.1,471.5396
1754554500000,114904.1,115139.3,114884,115109.2,625.887
1754555400000,115109.3,115109.3,114950,115003.2,341.9189
1754556300000,115003.1,115009.7,114897.8,114911,249.1013
1754557200000,114911.1,114990.4,114820,114856.6,345.9775
1754558100000,114856.5,114982.2,114789,114977.2,303.0777
1754559000000,114977.2,114985.2,114844.4,114964.6,261.4583
1754559900000,114964.6,115034.1,114929.1,115020.1,301.7217
1754560800000,115020,115547.6,114996,115456.6,1960.4865
1754561700000,115456.6,115858,115425,115840.1,1957.3183
1754562600000,115840.1,116346,115816.3,116345,3448.5449
1754563500000,116345,116415.9,116191.4,116302.3,1452.0402
1754564400000,116302.3,116457,116302.2,116438.1,895.2045
1754565300000,116438,116766,116386.6,116766,1631.0788
1754566200000,116766,116777,116478.3,116598.7,986.1593
1754567100000,116598.8,116776,116467.3,116478.9,638.8442
1754568000000,116479,116559.1,116229.9,116250.1,993.7369
1754568900000,116250.1,116416.9,116228.2,116350.7,580.8211
1754569800000,116350.7,116447.4,116200,116221,831.1495
1754570700000,116221,116375,115969.6,116341.3,945.8572
1754571600000,116341.4,116388.3,116188.1,116191.3,379.226
1754572500000,116191.3,116419.9,116150,116379.9,432.8235
1754573400000,116380,116736.2,116286.4,116575,1186.8965
1754574300000,116575,116662.1,116371.5,116606.7,575.5913
1754575200000,116606.7,116649.3,116190.5,116233.4,623.6048
1754576100000,116234.8,116450,116230,116307.7,408.8189
1754577000000,116307.8,116632.4,116153.8,116405.9,758.5222
1754577900000,116405.9,116467.6,116210.4,116326,355.6006
1754578800000,116326,116464.8,116200,116366.3,305.2357
1754579700000,116366.3,116566.1,116301.1,116499.9,419.5152
1754580600000,116499.9,116706.9,116468.4,116706.9,752.645
1754581500000,116706.8,116748,116524.9,116636.2,716.8209
1754582400000,116636.2,116690.8,116466.6,116611.4,485.4469
1754583300000,116611.4,116719.5,116501,116640.9,343.4972
1754584200000,116641,116686.8,116049,116058.3,951.5299
1754585100000,116058.4,116261,115571,116206.7,2729.5021
1754586000000,116206.7,116419.4,116073.7,116338,497.2707
1754586900000,116338.1,116515,116303,116351,525.3278
1754587800000,116350.9,116448,116137.7,116348.7,426.5846
1754588700000,116348.8,116507.2,116287.6,116465.9,304.3531
1754589600000,116466,116509.1,116124,116176.5,404.3569
1754590500000,116176.5,116343.1,116086,116300,255.7533
1754591400000,116300,116341,116207.2,116223.2,190.2616
1754592300000,116223.2,116548.1,116202,116520.2,332.7541
1754593200000,116520.3,116612.9,116451.6,116505.3,283.5623
1754594100000,116505.3,116672.7,116451.6,116654.1,326.7321
1754595000000,116654,117116.2,116631.8,117102,1449.8906
1754595900000,117102,117498,117102,117413.2,1950.9876
1754596800000,117413.2,117465.7,117226,117260,662.1737
1754597700000,117260.1,117426.7,117225.3,117379.1,304.8593
1754598600000,117379.2,117412.7,117269.1,117280.9,323.1319
1754599500000,117281,117287.7,117080,117142,446.5063
1754600400000,117142,117322.9,117142,117301.1,341.5232
1754601300000,117301.1,117319.6,117218.5,117280,211.8745
1754602200000,117279.9,117297.6,116954.2,117071.8,422.9326
1754603100000,117071.9,117264.7,116984.3,117043.3,377.1327
1754604000000,117043.3,117444,117031.2,117418.6,690.3359
1754604900000,117418.6,117470.1,117242,117454.1,670.4802
1754605800000,117454.1,117454.2,117266,117394.1,265.6071
1754606700000,117394.1,117585.1,117360,117511,670.9526
1754607600000,117511.1,117534.7,117323.1,117325.6,329.3519
1754608500000,117325.7,117357.7,117248.2,117277.2,250.7432
1754609400000,117277.2,117354.8,117242,117354.8,217.9765
1754610300000,117354.8,117435.5,117347.7,117428.8,185.2419
1754611200000,117428.8,117451.6,117245.6,117330.1,439.2268
1754612100000,117330.1,117330.1,116827.1,117097.9,1270.0896
1754613000000,117098,117624.5,116990,117528.4,978.282
1754613900000,117528.5,117567.5,117228,117228.1,537.0521
1754614800000,117228,117228.1,116806.5,117127.3,835.8304
1754615700000,117127.2,117127.2,116767,116886.4,516.2971
1754616600000,116886.4,116967.1,116800,116812.4,229.3863
1754617500000,116812.4,116900,116718.4,116856.8,294.3633
1754618400000,116856.8,116895.3,116750,116848.7,269.937
1754619300000,116849.2,116851.2,116726.9,116744.5,220.229
1754620200000,116744.5,116796.8,116657.9,116712.8,413.7594
1754621100000,116712.8,116867.8,116655.8,116667.1,424.1338
1754622000000,116667.1,116780,116656,116766.8,268.8951
1754622900000,116766.8,116950,116714,116884.7,790.1712
1754623800000,116884.7,116884.8,116678.2,116717.1,349.4193
1754624700000,116717,116720.8,116663.5,116704.5,237.5119
1754625600000,116704.5,116820,116622,116785.9,349.5958
1754626500000,116786,116838.5,116718.5,116744.9,189.9245
1754627400000,116744.9,116800,116705.4,116705.5,191.3221
1754628300000,116705.4,116756.6,116700,116705.4,97.0961
1754629200000,116705.4,116751.8,116546.5,116610,635.5038
1754630100000,116610.1,116659.9,116558.8,116609.8,203.5603
1754631000000,116609.8,116609.8,116522.4,116523.7,299.0369
1754631900000,116523.7,116523.8,116437,116476.3,339.4498
1754632800000,116476.3,116514,116337,116514,615.5376
1754633700000,116514,116630.1,116403,116591.5,363.1157
1754634600000,116591.6,116675.9,116529.3,116675.9,409.5759
1754635500000,116675.8,116734.9,116588.9,116696.3,374.1043
1754636400000,116696.2,116716.9,116508.4,116633.1,348.6116
1754637300000,116633.1,116928.6,116633,116928.6,731.4826
1754638200000,116928.5,116928.5,116765.1,116785.9,529.6909
1754639100000,116786,116860.1,116776.8,116777.7,354.4446
1754640000000,116777.8,116895,116689,116863.4,444.6066
1754640900000,116863.4,116882,116632.3,116635.3,467.5806
1754641800000,116635.3,116635.4,116388,116488.9,814.5557
1754642700000,116488.9,116595.3,116422.4,116575.8,474.8841
1754643600000,116575.8,116600,116480.5,116533.4,276.234
1754644500000,116533.3,116587.9,116441.2,116496.9,262.5246
1754645400000,116496.9,116610.2,116480.4,116561.9,190.2745
1754646300000,116561.9,116688.7,116561.8,116637,173.7783
1754647200000,116637.1,116666.6,116558.8,116558.8,198.4514
1754648100000,116558.8,116585,116456.1,116456.1,152.1065
1754649000000,116456.1,116502.3,116408.6,116408.6,179.8294
1754649900000,116408.7,116535.9,116257.8,116499.5,690.5812
1754650800000,116499.6,116782.9,116499.5,116721.8,468.8665
1754651700000,116721.9,116800,116714.8,116714.9,255.3456
1754652600000,116714.9,116798,116714.8,116728.5,151.7982
1754653500000,116728.4,116897.6,116705.3,116855.2,322.3442
1754654400000,116855.2,116855.3,116542.3,116587.6,407.6992
1754655300000,116587.6,116656.5,116520,116586.2,250.4994
1754656200000,116586.3,116644.5,116514.2,116569.8,316.8696
1754657100000,116569.9,116569.9,116451.3,116451.3,285.3447
1754658000000,116451.3,116570,116451.3,116509.2,373.7784
1754658900000,116509.2,116711.9,116473.4,116701.9,449.0835
1754659800000,116702,116911.8,116466.5,116776.1,794.9901
1754660700000,116776.1,116882.1,116638.2,116866,854.3122
1754661600000,116866,117225.2,116585.3,116709.6,1958.6078
1754662500000,116709.7,116774,116581,116702.8,503.9911
1754663400000,116702.8,116709.9,116326,116500,861.7309
1754664300000,116500,116655.8,116380,116448.9,556.2766
1754665200000,116449,116466.6,116153.3,116297.6,1063.4036
1754666100000,116297.6,116507.2,116160.2,116220.4,702.6312
1754667000000,116220.4,116240,115855,115872,1753.9762
1754667900000,115872,116187.5,115839.1,116153.2,907.3331
1754668800000,116153.2,116341.8,116024.4,116093,785.0403
1754669700000,116093,116245.1,116017.9,116050,471.8903
1754670600000,116050,116209.4,115940.2,116080,413.1195
1754671500000,116080,116233.5,116079.9,116155.9,248.591
1754672400000,116155.8,116450,116095.5,116361.8,571.3406
1754673300000,116361.8,116450,116252,116308.5,380.6771
1754674200000,116308.6,116518.6,116308.5,116516,342.6015
1754675100000,116515.9,116662.2,116466,116661.9,413.0458
1754676000000,116661.9,116833.2,116645.6,116705.2,879.7415
1754676900000,116705.3,116851,116546.2,116546.3,529.8847
1754677800000,116546.2,116640.9,116300,116353.3,692.5469
1754678700000,116353.3,116500,116279.2,116460.8,326.2403
1754679600000,116460.8,116588.8,116428.9,116564,326.4447
1754680500000,116564,116657.2,116412,116431.2,319.0113
1754681400000,116431.2,116431.3,116285.7,116389,350.9092
1754682300000,116389,116469.8,116343,116383.9,372.6845
1754683200000,116383.9,116431,116271.6,116431,278.8048
1754684100000,116431,116463.3,116337.7,116460,234.0669
1754685000000,116460,116729.9,116459.9,116722.4,271.9289
1754685900000,116722.4,116844.2,116720,116844.1,518.5269
1754686800000,116844.1,116844.1,116726.2,116773.7,161.5931
1754687700000,116773.7,116773.7,116670.1,116749.1,153.4189
1754688600000,116749,116911.8,116749,116908,358.5368
1754689500000,116908,116927.9,116857.5,116886.7,267.93
1754690400000,116886.8,116886.8,116700,116878.5,247.6378
1754691300000,116878.5,116925,116843.1,116909.5,103.2765
1754692200000,116909.6,116917.5,116796.9,116875.6,170.8823
1754693100000,116875.6,116881.9,116832,116832.1,97.8649
1754694000000,116832.2,116864,116808.1,116818.4,138.5673
1754694900000,116818.3,116831.9,116745.9,116745.9,93.7945
1754695800000,116746,116746,116595.2,116669.9,280.2236
1754696700000,116670,116670,116617.3,116620.8,114.4783
1754697600000,116620.8,116666,116566,116664.3,247.6484
1754698500000,116664.2,116702.4,116604.4,116663,152.0446
1754699400000,116663,116663,116562.3,116595.1,182.8508
1754700300000,116595,116603.5,116535.9,116543.5,184.8184
1754701200000,116543.5,116613.4,116496,116567.2,172.7392
1754702100000,116567.2,116567.2,116483.9,116509.6,113.1531
1754703000000,116509.5,116609.9,116509.5,116609.9,167.2987
1754703900000,116609.9,116620.8,116524.7,116524.8,164.2966
1754704800000,116524.8,116524.8,116396,116396.1,281.1019
1754705700000,116396,116465.2,116380.5,116407.9,177.893
1754706600000,116407.8,116425.3,116360.4,116411.9,214.6158
1754707500000,116411.8,116439.9,116364,116364.1,137.5182
1754708400000,116364.1,116440.1,116334,116423.8,236.675
1754709300000,116423.8,116450,116373.5,116417.2,140.836
1754710200000,116417.1,116417.2,116311,116383.4,254.0054
1754711100000,116383.4,116411.3,116322.5,116346.8,219.5434
1754712000000,116346.8,116521.6,116320.8,116518.5,288.0915
1754712900000,116518.5,116518.6,116392.6,116428.6,150.2998
1754713800000,116428.6,116644.1,116365.8,116375.2,780.2211
1754714700000,116375.2,116419.7,116335,116399,268.0581
1754715600000,116399,116737.1,116369.2,116504.2,1121.0007
1754716500000,116504.1,116969.9,116504.1,116949.1,1247.1445
1754717400000,116949.2,116949.2,116690.8,116871.4,567.4459
1754718300000,116871.3,116907.9,116667.2,116699.3,452.7079
1754719200000,116699.3,116711.8,116537.4,116537.5,397.9682
1754720100000,116537.5,116710,116511,116582.9,371.5363
1754721000000,116582.9,116635.3,116500.9,116554.9,215.5285
1754721900000,116554.8,116666,116523.3,116607.4,203.9953
1754722800000,116607.4,116708.2,116582.8,116693.8,233.26
1754723700000,116693.9,116856.4,116693.8,116856.3,282.3458
1754724600000,116856.3,116873.3,116729.3,116738.8,297.1321
1754725500000,116738.9,116738.9,116698.3,116700.5,194.2765
1754726400000,116700.6,116767,116700.1,116723.6,221.6047
1754727300000,116723.6,116819.1,116703.9,116819.1,136.3444
1754728200000,116819.1,117135.8,116776.7,117135.8,677.2202
1754729100000,117135.8,117150,116743.2,117072,883.7502
1754730000000,117072.1,117364.8,116989,117364.7,1269.588
1754730900000,117364.7,117400,117180,117247.6,584.3046
1754731800000,117247.6,117330,117195.7,117227.8,406.6704
1754732700000,117227.8,117465,117184.3,117465,600.2822
1754733600000,117465,117738,117415.1,117707.1,1333.1578
1754734500000,117707.1,117914,117638,117739.9,1386.5355
1754735400000,117739.9,117740,117380.5,117487.8,910.1111
1754736300000,117487.8,117612.9,117346.3,117400,684.0755
1754737200000,117400,117445.8,117201.4,117201.4,545.0041
1754738100000,117201.5,117267.5,117190,117246.2,325.4969
1754739000000,117246.3,117255.6,117059.9,117230.5,679.4494
1754739900000,117230.5,117230.5,117055.2,117090,625.431
1754740800000,117090,117221.6,117022.3,117187.1,463.3678
1754741700000,117187.1,117199.9,117100,117145.1,173.9782
1754742600000,117145.1,117174.9,116976.3,117004.2,377.9224
1754743500000,117004.3,117116,116990.2,117076.9,221.5983
1754744400000,117076.9,117127.9,116840.3,116871,513.5748
1754745300000,116871.1,117037.5,116832,116976.2,362.468
1754746200000,116976.3,116976.3,116841.8,116957.2,287.031
1754747100000,116957.2,117031.9,116885.2,116934,237.933
1754748000000,116934,116935.5,116733.7,116935.5,567.2612
1754748900000,116935.4,116968.5,116847.8,116897.9,211.5
1754749800000,116898,116898,116775,116795.7,295.9038
1754750700000,116795.8,116941.8,116765.1,116927.8,242.4131
1754751600000,116927.8,116986.5,116862.1,116960.1,476.949
1754752500000,116960.1,117125.8,116658.7,116784.2,1202.4365
1754753400000,116784.1,116862.1,116748.8,116770,301.7714
1754754300000,116770,116846,116737.6,116846,166.8219
1754755200000,116846,116905.5,116780.8,116798.6,243.9445
1754756100000,116798.6,116800.9,116693.5,116693.5,315.5526
1754757000000,116693.6,116747.1,116612,116720.2,319.7767
1754757900000,116720.2,116720.2,116600.6,116607.5,265.1618
1754758800000,116607.5,116762.2,116586.4,116717.7,217.2984
1754759700000,116717.7,116735.5,116674.7,116715,119.4762
1754760600000,116715,116746.7,116633.4,116661.8,206.315
1754761500000,116661.8,116661.9,116586.9,116649.9,247.9284
1754762400000,116650,116694,116620,116620,238.3729
1754763300000,116620,116688.6,116607.9,116633.3,397.0943
1754764200000,116633.3,116633.4,116560.3,116560.3,206.6771
1754765100000,116560.3,116640.9,116511,116583.3,356.2587
1754766000000,116583.3,116703.8,116583.3,116616,233.7125
1754766900000,116616,116638.3,116512.2,116581.1,148.6051
1754767800000,116581,116581.1,116521,116542.1,118.6672
1754768700000,116542,116599.8,116469,116514.2,279.61
1754769600000,116514.2,116577.6,116475,116511.8,257.9224
1754770500000,116511.8,116717.6,116476.1,116701.2,367.6114
1754771400000,116701.2,116987.5,116683.7,116891.6,659.2058
1754772300000,116891.7,116891.7,116707.3,116740.1,244.2489
1754773200000,116740,116761.1,116650,116660.9,295.3739
1754774100000,116660.9,116661,116358,116384.5,752.195
1754775000000,116384.6,116508,116361.8,116395.8,266.4893
1754775900000,116395.9,116576.7,116395.8,116485.7,223.9119
1754776800000,116485.7,116576.9,116466.5,116550.7,207.5494
1754777700000,116550.7,116707.3,116550.6,116661.2,271.5632
1754778600000,116661.1,116666.2,116546,116580.2,254.6424
1754779500000,116580.3,116581.8,116487.2,116521.5,283.7463
1754780400000,116521.4,116568.1,116472.6,116477.5,298.9321
1754781300000,116477.5,116518,116432.1,116432.1,196.1356
1754782200000,116432.2,116505.5,116416.3,116446.5,174.7004
1754783100000,116446.4,116490.4,116446.4,116450.1,95.6926
1754784000000,116450.1,116568.8,116438.3,116557.2,171.9847
1754784900000,116557.3,116612.9,116554.4,116572.6,132.2483
1754785800000,116572.7,116636.3,116519.3,116598.2,184.3346
1754786700000,116598.2,116727.3,116560.7,116722.2,248.0629
1754787600000,116722.3,116769.5,116600,116600,424.4071
1754788500000,116600,116661.8,116588,116588,282.815
1754789400000,116588,116641.3,116575.9,116588.1,325.6559
1754790300000,116588.2,116588.2,116531.4,116559.2,205.7694
1754791200000,116559.3,116621.6,116555.9,116604.7,332.2616
1754792100000,116604.7,116788.4,116590.8,116782,420.0916
1754793000000,116782,117115,116746.9,117017.7,1180.6984
1754793900000,117017.7,117303,117017.7,117299,814.4096
1754794800000,117298.9,117939,117232.7,117900,3039.502
1754795700000,117900.1,118535.3,117566.6,118371.8,4743.3157
1754796600000,118371.8,118485.9,118177.5,118226.8,2116.5191
1754797500000,118226.8,118532.8,118147.3,118518.6,1225.0509
1754798400000,118518.6,118754.8,118518.6,118726,1740.6745
1754799300000,118726,118726.3,118554.4,118650,617.0924
1754800200000,118650,118662.9,118404,118405.8,783.1251
1754801100000,118405.7,118583.3,118403,118496.6,517.4579
1754802000000,118496.7,118539.2,118255.2,118268.1,691.4905
1754802900000,118268.1,118283,117917.7,117917.8,1347.2692
1754803800000,117917.7,118282,117917.7,118273.1,675.8407
1754804700000,118273.2,118273.2,117948.3,118064.9,477.0477
1754805600000,118064.9,118172.8,118008.8,118022.8,463.9089
1754806500000,118022.7,118022.8,117850,117863.4,758.8686
1754807400000,117863.4,118038,117758.6,118000,545.6194
1754808300000,118000,118168.5,117936.5,118091,531.4023
1754809200000,118091,118248.5,118085.2,118164.1,642.469
1754810100000,118164.1,118250,118084.5,118091,386.8622
1754811000000,118091,118142,117602.3,117638,1100.3962
1754811900000,117638.1,117872,117415.3,117819.4,1402.8782
1754812800000,117819.5,118039.3,117608.2,118033.6,747.8945
1754813700000,118033.5,118198.1,118008,118138.2,708.6042
1754814600000,118138.2,118222,118087.7,118149.9,313.9084
1754815500000,118150,118420.2,118150,118317.3,883.4994
1754816400000,118317.3,118387,118253.6,118322,359.9863
1754817300000,118322,118409.5,118261.9,118281.1,295.8634
1754818200000,118281.1,118281.1,118105.9,118109.2,464.99
1754819100000,118109.1,118456,118109.1,118280.1,811.8521
1754820000000,118280.1,118296,118120.2,118142.2,331.4585
1754820900000,118142.3,118259.9,118082.8,118184,240.2626
1754821800000,118184,118221.4,118000,118194.5,447.8771
1754822700000,118194.5,118270.7,118006.9,118017.4,348.2179
1754823600000,118017.4,118066.5,117926.4,118011.5,445.0353
1754824500000,118011.5,118289.9,117941.5,118289.9,284.6212
1754825400000,118289.9,118465,118200,118390.7,754.7553
1754826300000,118390.7,118508,118285.7,118334.6,691.4903
1754827200000,118334.6,118545.4,118228.2,118511.3,514.0903
1754828100000,118511.4,118660,118451.8,118565.9,704.6874
1754829000000,118565.9,118700,118560.5,118687.9,577.6105
1754829900000,118687.9,118738,118454.5,118512.1,519.3776
1754830800000,118512.2,118696.7,118445,118575.7,409.8197
1754831700000,118575.7,118600,118377.4,118566.5,489.7924
1754832600000,118566.4,118566.4,118350,118549.9,339.3007
1754833500000,118549.9,118684,118403,118450.1,601.7546
1754834400000,118450,118624.8,118300.1,118586.8,609.9344
1754835300000,118586.9,118835,118537.3,118830,929.9355
1754836200000,118830,118839,118622,118775,796.8697
1754837100000,118775,118859.9,118581,118778.4,534.2307
1754838000000,118778.5,119127.1,118732.6,118880.3,1779.5957
1754838900000,118880.3,118951.4,118623.7,118670.6,623.1079
1754839800000,118670.6,118724.2,118549.2,118724.2,388.5936
1754840700000,118724.2,118885.4,118696,118785.5,424.2715
1754841600000,118785.5,118929.3,118773.1,118816.2,418.3179
1754842500000,118816.3,118832.3,118623.9,118684.3,628.0305
1754843400000,118684.2,118755.1,118600.4,118755.1,308.1113
1754844300000,118755.1,118818.2,118601,118645.4,215.9872
1754845200000,118645.3,118682,118554,118556,203.3861
1754846100000,118556,118597.1,118437.5,118443.4,321.6447
1754847000000,118443.5,118590,118443.4,118509.7,155.6797
1754847900000,118509.7,118568,118509.7,118510.6,121.7425
1754848800000,118510.6,118556,118469.7,118533.3,156.2637
1754849700000,118533.3,118533.3,118416,118426,120.7807
1754850600000,118425.9,118545.7,118425.9,118536,127.474
1754851500000,118536,118597.1,118503,118521.8,135.5476
1754852400000,118521.8,118635.3,118432.1,118626.7,191.6146
1754853300000,118626.7,118675.7,118514.4,118532.2,237.0238
1754854200000,118532.1,118697.8,118500.1,118634,233.4495
1754855100000,118634,118690.7,118599.1,118633.1,138.4383
1754856000000,118633.1,118670,118200,118278.4,751.6492
1754856900000,118278.5,118357.7,118059,118253.2,975.1203
1754857800000,118253.2,118679.8,118253.2,118654,306.0485
1754858700000,118654.1,118760,118290.3,118290.4,391.2459
1754859600000,118290.4,118334.1,118055.1,118211,733.4792
1754860500000,118211,118442,118142.9,118206.4,211.1837
1754861400000,118206.4,118280.9,118119.9,118229.9,246.9178
1754862300000,118229.9,118698.6,118229.8,118698.6,300.3103
1754863200000,118698.6,118945.4,118590.8,118844.9,825.7601
1754864100000,118844.9,118965,118800.5,118834.3,369.1745
1754865000000,118834.2,118967.8,118834.2,118954,405.5799
1754865900000,118954,119059.5,118894.7,119059.4,430.7854
1754866800000,119059.4,119248.5,118925.7,118925.8,907.8124
1754867700000,118925.7,119009.4,118823.5,119009.4,647.7282
1754868600000,119009.4,119330.8,118997.1,119252.9,1133.7398
1754869500000,119252.9,119318.1,119202.7,119306,387.7983
1754870400000,119306,119319.8,119122,119213.3,458.6917
1754871300000,119213.2,119500,119185,119405.2,850.1709
1754872200000,119405.1,119434,119139.1,119216.6,436.9575
1754873100000,119216.6,119336,119087.8,119118,335.0198
1754874000000,119118,119219.2,119022.9,119087.6,473.7777
1754874900000,119087.7,119245,118968,119169.7,487.7754
1754875800000,119169.7,119816.3,119162.4,119767.3,1846.8556
1754876700000,119767.3,120040.8,119627,120010,1241.1169
1754877600000,120009.9,121293.5,119942,121267.2,5171.1073
1754878500000,121267.3,121739.3,120930,121477.9,4773.5216
1754879400000,121478,121791.5,121346.2,121710.6,1407.5021
1754880300000,121710.6,121876.5,121610.6,121840.4,894.7012
1754881200000,121840.5,122000,121562.4,121970.6,2069.5552
1754882100000,121970.6,122168.9,121652,121750.6,1777.9066
1754883000000,121750.6,121776.1,121541.4,121571.4,1052.9231
1754883900000,121571.5,121936.1,121550,121706,680.4867
1754884800000,121706,121898.5,121640,121700.1,620.5459
1754885700000,121700,121897.8,121649.7,121711.3,435.7307
1754886600000,121711.4,121856.1,121620,121681.8,579.5203
1754887500000,121681.8,122199,121662.2,122088,1736.1423
1754888400000,122088,122348,122014.4,122308.9,996.1973
1754889300000,122308.9,122308.9,121822.2,121974,954.9473
1754890200000,121974,122049.3,121861.5,121866,412.4343
1754891100000,121866.1,122193.5,121816.7,122062.9,628.9328
1754892000000,122062.9,122130,121990,122082.7,369.8793
1754892900000,122082.7,122150,121937.4,122097.5,351.0304
1754893800000,122097.5,122255,122076,122238.8,623.6668
1754894700000,122238.7,122334.7,122166,122309.9,543.9428
1754895600000,122309.9,122323,121980,121983.7,569.6797
1754896500000,121983.7,122120,121856.3,121918.7,645.1763
1754897400000,121919.9,121972,121666,121807.9,791.7217
1754898300000,121808,121824.9,121453,121545.8,1096.3798
1754899200000,121545.9,121691.1,121211,121665.7,1527.4876
1754900100000,121665.6,121750,121588.1,121740,498.9749
1754901000000,121740,121838,121610.8,121704.4,455.3947
1754901900000,121704.4,121810,121647.2,121695,246.6574
1754902800000,121695.1,121729.3,121487.9,121508.4,268.6579
1754903700000,121508.3,121508.4,121260.8,121303.4,560.0757
1754904600000,121303.4,121457.9,121113.9,121457.9,706.5765
1754905500000,121457.9,121490,121321.2,121444.3,264.5219
1754906400000,121444.3,121472,121147.2,121302.1,489.9789
1754907300000,121302.1,121425.5,121130,121292.4,441.987
1754908200000,121292.4,121312.7,121121,121141.1,447.237
1754909100000,121141.2,121255,120934.2,121189.8,916.6986
1754910000000,121189.7,121297.1,120821,120964.1,1348.8779
1754910900000,120964.1,120964.2,120521.2,120523.1,1453.8478
1754911800000,120523.1,120875.8,120357.9,120701.7,1811.8597
1754912700000,120701.6,120710,120271,120563,1725.5016
1754913600000,120563,120678.2,120069.9,120200,1443.495
1754914500000,120200.1,120318.4,120012,120177.1,1206.092
1754915400000,120177.1,120299,119566.4,119581.1,2882.3863
1754916300000,119581.2,119798,119530.3,119662.3,1384.3882
1754917200000,119662.3,119735.1,119378,119547.1,1658.8199
1754918100000,119547.2,119783.2,119438.8,119546,920.4206
1754919000000,119546,120222.6,119490,120180.6,2259.7567
1754919900000,120180.6,120321,119806.5,120005,1592.9207
1754920800000,120005.1,120242.8,119935.1,120062.9,1096.2864
1754921700000,120062.9,120149.4,119784,119887.6,862.6904
1754922600000,119887.6,120587,119839.5,120082.1,1804.6874
1754923500000,120082.1,120272.7,119880,120216,638.1891
1754924400000,120215.9,120228,119806.6,119999.9,627.2662
1754925300000,120000,120349.7,119970.6,120092.1,522.3884
1754926200000,120092.1,120400,120071,120360,475.0782
1754927100000,120360,120368,120150,120288.1,389.7982
1754928000000,120288,120777.8,120218.3,120682.5,1382.7451
1754928900000,120682.9,120781,120400,120533.8,854.5884
1754929800000,120533.8,120600,119914,119931.3,1236.7425
1754930700000,119931.4,120161.9,119877,119928.3,557.4165
1754931600000,119928.3,120146.7,119880.5,119905,349.6887
1754932500000,119905,119905,119631.1,119786.1,902.4227
1754933400000,119786.1,119854.4,119640.2,119744.1,449.7323
1754934300000,119744.1,119755.9,119461.2,119501.6,535.2625
1754935200000,119501.5,119600,119229,119486.4,1167.5131
1754936100000,119486.4,119711.8,119429.7,119600,485.3472
1754937000000,119600,119877.9,119521.5,119521.5,483.805
1754937900000,119521.5,119799,119483.9,119771.1,313.3255
1754938800000,119771,119788,119568,119568.1,189.3055
1754939700000,119568.1,119597.1,119464.7,119464.7,262.405
1754940600000,119464.7,119474.3,119138.4,119153.7,659.7641
1754941500000,119153.6,119180,118533.3,119057.1,2439.253
1754942400000,119057.2,119074.9,118621,118715.4,768.7146
1754943300000,118715.4,118860,118560.8,118831.5,754.5175
1754944200000,118831.6,119057,118831.5,118985.9,419.7388
1754945100000,118985.9,119065.5,118782,118804.3,416.6009
1754946000000,118804.3,119057.9,118745.8,119036.4,394.2962
1754946900000,119036.4,119165.2,118918.4,118994.4,372.6749
1754947800000,118994.4,118994.5,118344,118692,1135.7527
1754948700000,118692,118726.4,118000.1,118694.2,1325.2961
1754949600000,118694.2,118746.9,118358,118562.5,447.788
1754950500000,118562.4,118733.4,118258.3,118512.2,567.3514
1754951400000,118512.2,118722.6,118300,118711.7,572.0003
1754952300000,118711.6,118898,118698,118870.4,335.112
1754953200000,118870.5,118893,118723.4,118830.8,466.9517
1754954100000,118830.9,118847.7,118630,118659.1,219.3171
1754955000000,118659.1,118730,118560.1,118730,294.6789
1754955900000,118730,118803.5,118659.5,118659.8,242.4924
1754956800000,118659.7,118772,118578.7,118715.7,311.5094
1754957700000,118715.7,118964,118715.7,118852.7,587.823
1754958600000,118852.8,118961.2,118626.1,118734,406.4933
1754959500000,118734,119025.6,118704.9,118930.1,384.2594
1754960400000,118930,119099,118820.4,118847.8,649.7446
1754961300000,118847.8,119039.3,118748.1,119023.8,370.7795
1754962200000,119023.7,119034.5,118886,119009.9,288.4053
1754963100000,119010,119045.5,118941.8,118941.8,316.7451
1754964000000,118941.8,119051.5,118800.6,118956.8,397.2463
1754964900000,118959.1,119123.6,118881.1,119093.7,397.3178
1754965800000,119093.7,119288,119071,119161.8,850.5017
1754966700000,119161.8,119161.9,119033,119033,319.6927
1754967600000,119033.1,119071.2,118827.2,118968.4,430.3716
1754968500000,118968.3,118987.9,118855,118933.5,406.8855
1754969400000,118934.1,119121.8,118852.4,118870.1,276.5484
1754970300000,118870.1,118918.9,118717.9,118848.4,341.0666
1754971200000,118848.5,118968.1,118800,118926.1,250.0794
1754972100000,118926.1,119029.8,118875.6,119029.8,231.0189
1754973000000,119029.8,119150,118974.6,119060.9,442.5524
1754973900000,119060.9,119166.7,118973.7,119044.5,421.0023
1754974800000,119044.5,119044.6,118643.9,118834.3,663.4399
1754975700000,118834.3,118853,118607,118616,547.8775
1754976600000,118616,118633.3,118405,118472.1,1101.8585
1754977500000,118472.1,118808.5,118472.1,118808.5,365.7645
1754978400000,118808.5,118875,118682.3,118692.7,394.6704
1754979300000,118692.7,119022.5,118581.8,118985.5,550.3706
1754980200000,118985.6,118985.6,118862.2,118931.7,526.7792
1754981100000,118931.8,118999.3,118802.9,118825.2,348.3379
1754982000000,118825.2,119094.7,118825.2,119084.8,603.5947
1754982900000,119084.8,119149.9,119079.4,119121,640.7976
1754983800000,119121.1,119121.1,118967.9,118999.6,226.1474
1754984700000,118999.7,119080.6,118955,118980.6,320.2228
1754985600000,118980.6,119014,118855,118918.8,288.7307
1754986500000,118918.8,118944.9,118780,118824.4,270.3975
1754987400000,118824.4,119030,118734,119028.3,457.0616
1754988300000,119028.2,119043.4,118782.6,118807.6,302.1122
1754989200000,118807.6,118897.9,118550,118614.4,625.1915
1754990100000,118614.5,118761.8,118522,118670.9,568.2465
1754991000000,118670.9,118670.9,118522,118534,381.489
1754991900000,118534,118572.5,118377,118386.8,605.3281
1754992800000,118386.8,118448.6,118176.3,118212.5,1033.8227
1754993700000,118212.5,118569,118212.5,118507.5,581.43
1754994600000,118507.6,118646,118356,118388,364.6945
1754995500000,118388.1,118597.4,118353,118445.8,324.7521
1754996400000,118445.7,118520.6,118216.8,118230.1,611.6123
1754997300000,118230.1,118497.7,118200,118482.8,491.1327
1754998200000,118482.8,118642.3,118357.7,118375.4,605.8948
1754999100000,118375.3,118545.5,118375,118477.7,192.8019
1755000000000,118477.6,118524.5,118313,118326.7,462.9325
1755000900000,118326.7,118572.6,118240,118459.6,711.69
1755001800000,118459.6,119186,118459.6,119075,4275.6859
1755002700000,119075.1,119233,118917.5,119220,1221.3105
1755003600000,119220,119265,118760,119010.1,1457.9035
1755004500000,119010.1,119175,118901.8,119171.9,823.7559
1755005400000,119171.9,119684.1,118620.4,118700,2803.1352
1755006300000,118700,119046,118549.2,118821.7,2594.2349
1755007200000,118821.7,119224.1,118696,119147.9,1040.113
1755008100000,119148,119257.9,118964.1,119169.3,559.296
1755009000000,119169.4,119325.6,119026.8,119095.2,445.7679
1755009900000,119095.1,119418.6,118940,119418.6,541.928
1755010800000,119418.6,119562.5,119270,119402.9,820.9943
1755011700000,119402.9,119741.4,119402.9,119741.4,915.9216
1755012600000,119741.3,119929.5,119587.7,119630,1785.7664
1755013500000,119630,119927.9,119555,119893.9,963.6521
1755014400000,119893.9,120164.7,119756.9,119780.1,1540.2599
1755015300000,119780.1,119916,119540,119675.3,719.8172
1755016200000,119675.2,119675.3,119478.3,119523.2,727.5542
1755017100000,119523.1,119698.8,119473.1,119614.1,443.1887
1755018000000,119614.1,119810,119537.8,119651.7,467.4875
1755018900000,119651.7,119827.1,119258.9,119388.8,808.8611
1755019800000,119388.9,119548,119331.1,119400,775.4304
1755020700000,119400.1,119463.3,119160,119250,491.528
1755021600000,119250,119766,119250,119765.9,822.5636
1755022500000,119766,120062,119681.9,119745.9,849.8696
1755023400000,119745.9,119797.4,119473.7,119538.6,466.3387
1755024300000,119538.6,119559.5,119206.9,119312.5,665.7804
1755025200000,119312.5,119519.9,119263.9,119513.9,370.2391
1755026100000,119513.9,119849.8,119513.8,119783.5,416.6607
1755027000000,119783.5,119935.5,119664.8,119713.1,349.463
1755027900000,119713.1,119726.8,119600,119618,232.9652
1755028800000,119618,119774,119458,119720.1,329.4767
1755029700000,119720.2,120000,119710.7,119792.5,640.5432
1755030600000,119792.5,120137,119792.4,120019.7,633.7535
1755031500000,120019.7,120299.8,120015,120156.4,810.676
1755032400000,120156.5,120192.1,119817.8,119992.4,441.9171
1755033300000,119992.4,120110.1,119961.2,120088,186.7066
1755034200000,120088,120088,119806.5,119981.4,276.0016
1755035100000,119981.3,119994.4,119772.1,119886,230.4249
1755036000000,119886,119981,119667.6,119746,351.7252
1755036900000,119746,119832.3,119613.7,119763.8,354.5161
1755037800000,119763.8,119937.8,119751.6,119864,280.3318
1755038700000,119863.9,120085.7,119813.9,120076.8,341.5594
1755039600000,120076.9,120088,119880,120087.8,402.0061
1755040500000,120087.8,120217.9,120072,120177.2,783.0479
1755041400000,120177.2,120262.8,120024.7,120209.6,469.8657
1755042300000,120209.6,120281.2,120068.8,120108,649.059
1755043200000,120108.1,120181.3,120006.2,120052,367.106
1755044100000,120052.1,120055.5,119888,119937,343.8325
1755045000000,119936.9,120019.9,119850.5,119895.6,297.4337
1755045900000,119895.6,119969.9,119638,119704.6,876.115
1755046800000,119704.7,119713.9,119333,119340.1,1219.2557
1755047700000,119340,119665,119316.1,119480,1645.0479
1755048600000,119480.1,119550,119359.3,119412.9,318.8971
1755049500000,119412.9,119523.1,119363.9,119451.7,208.4509
1755050400000,119451.7,119451.7,119200,119200.1,512.8261
1755051300000,119200.1,119266.9,119043.2,119266,779.5577
1755052200000,119266,119688,119228.9,119584.1,760.4842
1755053100000,119584,119714.8,119513.6,119525.9,430.5679
1755054000000,119525.9,119612.7,119322.6,119362,737.0828
1755054900000,119362,119492,119290.3,119400.4,301.6711
1755055800000,119400.4,119615.4,119339.6,119429.7,423.1105
1755056700000,119429.7,119595.8,119359.4,119468.6,234.8569
1755057600000,119468.7,119839.9,119449,119718.3,832.2214
1755058500000,119718.7,119791.3,119581.9,119588,366.1096
1755059400000,119587.9,119674.8,119356,119413.4,490.333
1755060300000,119413.5,119417.9,119322.8,119335.6,348.9518
1755061200000,119335.5,119396.4,119312,119396,247.176
1755062100000,119396,119686,119333.5,119604,384.0935
1755063000000,119604.1,119611.9,119103.2,119170.1,840.1628
1755063900000,119170.1,119216,118907.9,119072,1131.7973
1755064800000,119071.9,119262.4,118941,119239.9,463.9947
1755065700000,119240,119299.7,119073.6,119176.8,439.3388
1755066600000,119176.7,119339.6,119161.3,119161.3,389.4737
1755067500000,119161.3,119428.6,119123,119411.7,391.0373
1755068400000,119411.6,119493.8,119327.6,119327.7,319.7276
1755069300000,119327.7,119425,119299.8,119411.6,337.1086
1755070200000,119411.6,119430.5,119273.7,119320.2,235.8996
1755071100000,119320.2,119656.2,119300,119570,662.8295
1755072000000,119570.1,119875,119434.6,119774.4,852.7619
1755072900000,119774.4,119863,119689.9,119810,721.9011
1755073800000,119810,119951,119806.3,119933.7,470.1512
1755074700000,119933.2,120050.7,119814.6,120050,673.8842
1755075600000,120049.9,120187.5,119943.8,120186.6,1286.7557
1755076500000,120186.6,120186.7,119806.5,119878.3,582.153
1755077400000,119878.4,120090.9,119877,120026,393.4317
1755078300000,120026.1,120175,120016.5,120138.4,725.1032
1755079200000,120138.3,120468.3,120056.6,120394.5,1423.8802
1755080100000,120394.5,120499,120282.2,120399.1,938.1169
1755081000000,120399.2,120499.9,120375.8,120471.3,604.5911
1755081900000,120471.2,120527.7,120402.3,120510,489.1208
1755082800000,120510,120714,120470.3,120659.9,833.2321
1755083700000,120659.9,120747.4,120407,120669.6,686.675
1755084600000,120669.6,120739.9,120565.5,120715,694.233
1755085500000,120715.1,120735,120573.4,120573.4,344.0524
1755086400000,120573.5,120700,120373.3,120470,771.5806
1755087300000,120470,120610,120469.9,120544.3,310.1252
1755088200000,120544.4,120633.1,120411.3,120539.9,578.4483
1755089100000,120540,120556.5,120200,120284.2,1030.0491
1755090000000,120284.2,120554.9,120200,120497.2,480.225
1755090900000,120497.2,120772.8,120474.9,120637.8,537.6492
1755091800000,120637.8,120770,120113.8,120340.2,1339.1932
1755092700000,120340.2,122120,120295.7,121798.1,7478.5401
1755093600000,121798.1,122249.9,121768,122092.9,3807.9946
1755094500000,122092.9,122186.7,121432.1,121722,3696.0634
1755095400000,121722,121942.9,121506.7,121666.7,1267.6247
1755096300000,121666.7,121666.7,120777,120909,2662.183
1755097200000,120909,121266.3,120811.6,120993.9,1528.4934
1755098100000,120993.9,120993.9,120319,120588.8,1994.7726
1755099000000,120588.8,121363.6,120470.1,121343.4,1354.0315
1755099900000,121343.4,121362.9,120913.1,120941.7,930.3491
1755100800000,120941.6,121539.5,120941.6,121536,1014.033
1755101700000,121536,121764.1,121518.5,121560,1016.4655
1755102600000,121560.1,121724,121334.5,121337.3,779.9869
1755103500000,121337.4,121512.7,121269.4,121456,713.8619
1755104400000,121456,121721.6,121440,121611.6,662.412
1755105300000,121611.6,121847.9,121592.1,121796.6,550.9062
1755106200000,121796.6,121836.6,121550.2,121585.4,512.0889
1755107100000,121585.3,121861.9,121520,121814,446.2906
1755108000000,121814,121959,121638.3,121922.1,648.8957
1755108900000,121922.1,121953.1,121578.7,121626.7,496.0064
1755109800000,121626.7,121875,121432.9,121515.7,985.7721
1755110700000,121515.7,121700,121450,121618.9,350.6231
1755111600000,121618.9,122028,121508.5,121927.6,831.5952
1755112500000,121926.3,122577.7,121926.3,122395,2318.6569
1755113400000,122395.1,122600,122222,122444,915.9676
1755114300000,122444,122867.6,122432.6,122776.6,908.9836
1755115200000,122772.2,122881.4,122487.8,122834.7,1002.4963
1755116100000,122834.8,122834.8,122577.1,122640,418.1128
1755117000000,122639.9,122842.7,122639.9,122835.9,336.2426
1755117900000,122835.9,123017.8,122809.3,122945.9,901.656
1755118800000,122946,123085.9,122704.8,122765.5,759.8559
1755119700000,122765.6,122989.8,122717.5,122730,538.2346
1755120600000,122730,122881.4,122510,122516.8,475.7322
1755121500000,122516.8,122700,122329,122613.9,960.4419
1755122400000,122613.8,123043.3,122599.3,123018.4,1020.3159
1755123300000,123018.2,123144.8,122879.9,122997.1,763.6739
1755124200000,122997.1,123670.4,122961.4,123568,2248.7304
1755125100000,123568,123700,122933.1,123001.5,1490.2551
1755126000000,123001.5,123238,122950,123053.2,583.4044
1755126900000,123053.2,123387.9,122997.4,123371.8,412.5575
1755127800000,123371.9,123754.4,123371.8,123516.6,933.5803
1755128700000,123516.6,123644.8,123350,123361.7,348.8199
1755129600000,123361.7,123945,123299.3,123925.5,1388.0327
1755130500000,123925.4,124369,123710.3,124323.7,1655.2646
1755131400000,124325,124590,123728.9,123795,2224.1945
1755132300000,123795,123933,123534.1,123913.4,936.1942
1755133200000,123913.3,124020,123642.6,123671,651.5659
1755134100000,123671.1,123797.2,123438,123641.3,637.613
1755135000000,123641.2,123856.2,123569.6,123645,355.2442
1755135900000,123644.9,123647.8,123392.3,123404.8,472.1825
1755136800000,123404.8,123672.3,123404.8,123451.9,529.5987
1755137700000,123451.9,123529.6,123338,123391.6,449.5738
1755138600000,123391.6,123687.5,123366.3,123652,449.6687
1755139500000,123652.1,123786.6,123586.6,123753.4,533.6284
1755140400000,123753.4,123944.3,123705,123838.2,757.5683
1755141300000,123838.3,123838.3,123629.3,123646,444.6297
1755142200000,123646,123677.6,123480,123610.2,427.2191
1755143100000,123610.3,123622.1,123354.4,123431.3,614.1312
1755144000000,123431.3,123520,123187.8,123203.1,719.1589
1755144900000,123203.1,123476.8,123192.9,123406.4,516.3724
1755145800000,123406.3,123430.5,123179,123280.3,424.4446
1755146700000,123280.2,123280.3,123052,123058.1,1177.4508
1755147600000,123058,123199.9,122876.1,122932.1,1008.6958
1755148500000,122932.1,123081.5,122768,122779.6,719.2132
1755149400000,122779.7,122885.6,122591.4,122649,1430.965
1755150300000,122649.1,122702.8,122151.9,122207.6,1973.585
1755151200000,122207.5,122207.6,121777.6,121823.1,2428.8741
1755152100000,121823.1,121838.4,121354.4,121660.1,2242.7616
1755153000000,121660.1,122020.3,121660,121823.1,1402.6452
1755153900000,121823.1,122028,121777,121836.9,714.3131
1755154800000,121836.8,122000,121677.1,121731.2,941.4395
1755155700000,121731.2,121828.5,121585.5,121667.5,539.3512
1755156600000,121667.6,122131.3,121667.5,121974.7,919.4674
1755157500000,121974.7,121989.9,121665,121787.1,663.836
1755158400000,121787,121911.3,121640.7,121871.3,501.7796
1755159300000,121871.4,122074.3,121850.6,122048.4,484.5892
1755160200000,122048.4,122048.4,121690.3,121741.2,495.5174
1755161100000,121741.2,121817.1,121600,121683,406.1463
1755162000000,121683,121970.5,121550,121951.2,506.6226
1755162900000,121951.1,121966.6,121807.7,121861.2,291.6127
1755163800000,121861.3,121861.3,121623.4,121628.8,495.0683
1755164700000,121628.8,121733.9,121628.8,121696.2,421.1402
1755165600000,121696.1,121696.2,121472.3,121531.7,801.5765
1755166500000,121531.7,121856.5,121507.1,121556,570.3606
1755167400000,121556,121715.8,121146.7,121200,1377.6371
1755168300000,121199.9,121297.7,120801,120978.5,1909.0638
1755169200000,120978.4,121068.7,120811,120875,1025.4908
1755170100000,120874.9,120967.2,120760,120924.2,599.619
1755171000000,120924.1,120960,120723.6,120814.4,502.5064
1755171900000,120814.3,121013.3,120800,121013.2,659.1087
1755172800000,121013.2,121028.6,120887.9,121010.9,600.4464
1755173700000,121011,121194,120447.3,121172,3267.0414
1755174600000,121171.9,121184.1,117412.9,119518.9,16860.812
1755175500000,119519,119715,118684.1,118865.3,2938.1315
1755176400000,118865.4,119258.1,118046,119250.1,3983.0534
1755177300000,119250.1,119250.1,118082,118243.2,3078.6004
1755178200000,118243.3,118681.2,117712.5,118266.6,3152.4815
1755179100000,118266.7,118882.1,118164.6,118406.5,2331.9789
1755180000000,118406.5,118447.6,117988,118017.6,1345.7874
1755180900000,118017.6,118872,117987,118850.9,1482.6312
1755181800000,118851,119287,118744.1,119036.6,2125.189
1755182700000,119036.6,119333,118688,118777.2,1262.3798
1755183600000,118777.2,118868,118438,118490.6,949.9764
1755184500000,118490.6,118578.9,118026,118126,1440.9085
1755185400000,118126.1,118273.8,117838,118059.4,1793.0652
1755186300000,118059.4,118252.5,117868.5,118213.8,1319.351
1755187200000,118213.9,118216.6,117592.6,117615.3,1323.0976
1755188100000,117615.3,117893.3,117400,117616.3,2110.1567
1755189000000,117616.4,117873,117355,117690.6,1018.57
1755189900000,117690.6,117991,117520,117847.2,984.6924
1755190800000,117846.2,117865.7,117473.4,117696.5,825.8833
1755191700000,117696.6,118121.9,117506,118084,892.6937
1755192600000,118084,118099.9,117636.6,117642.4,637.2764
1755193500000,117642.4,117925.8,117540,117901.7,665.0293
1755194400000,117901.7,117911.6,117597.2,117622.6,441.7593
1755195300000,117622.6,117822,117130.6,117810,1699.7792
1755196200000,117810,118071,117765.9,118008.8,540.0903
1755197100000,118007.3,118222,117950,118057.4,870.4314
1755198000000,118057.4,118162.5,118021.4,118075.6,335.2039
1755198900000,118075.6,118382,117951.3,118259.6,706.0133
1755199800000,118259.6,118259.7,118061.5,118138.8,497.7674
1755200700000,118138.8,118508.4,117873.7,117910.7,1245.9256
1755201600000,117910.6,117973.8,117680.4,117786.6,483.5452
1755202500000,117786.7,118100,117724.1,118092.8,254.2721
1755203400000,118092.7,118100,117831.4,117903.6,169.4591
1755204300000,117903.6,117954.9,117710,117831.8,324.6286
1755205200000,117831.8,118155.5,117786.3,118097.2,344.6814
1755206100000,118097.2,118129.9,117589.3,117608.5,540.3541
1755207000000,117608.5,117864.8,117273.5,117538,1224.4141
1755207900000,117538,117888.8,117421,117858,480.6499
1755208800000,117857.9,118049.8,117606.1,118031.8,556.3615
1755209700000,118031.7,118188,117948.9,118184,555.8025
1755210600000,118184,118311,118076.2,118157.9,401.9642
1755211500000,118158,118300,118139.9,118242.9,296.1125
1755212400000,118242.9,118366,118202.5,118334.9,346.7911
1755213300000,118335,118472.8,118334.9,118472.7,404.2631
1755214200000,118472.8,118477,118346.4,118407.1,256.4409
1755215100000,118407.1,118478,118186.6,118260.1,334.197
1755216000000,118260,118449.1,118173,118449.1,372.5732
1755216900000,118449.1,118449.1,118176.1,118206.9,419.8903
1755217800000,118207,118398,117990.4,118345,856.7258
1755218700000,118345,118448.2,118113.2,118150.1,439.7968
1755219600000,118150.1,118183.1,118005,118105.1,287.7369
1755220500000,118105.2,118413.4,118004.1,118390.1,530.3929
1755221400000,118390,118625,118281.6,118600.4,696.8453
1755222300000,118600.4,118725.6,118532.2,118660.1,637.0274
1755223200000,118660.2,118786.3,118564.9,118689.8,500.1685
1755224100000,118689.9,118776.5,118615,118748.1,262.771
1755225000000,118748.2,118900,118666,118803.2,800.3822
1755225900000,118803.1,118843.8,118622,118671.4,395.745
1755226800000,118671.4,118882,118576.7,118839.9,298.2597
1755227700000,118839.9,118998.9,118762.4,118988.7,412.7102
1755228600000,118988.6,119061.2,118888.9,118949.9,573.7694
1755229500000,118949.9,118959.7,118858.2,118949.9,196.5946
1755230400000,118950,119108.4,118903.9,119092.6,410.7816
1755231300000,119092.5,119158.5,119031.9,119158.4,450.7485
1755232200000,119158.4,119187,118964,118964,353.1063
1755233100000,118964,118964.1,118758.2,118827.2,925.4111
1755234000000,118827.2,118950,118663,118679.1,512.786
1755234900000,118679.2,118830,118611.8,118745.5,508.7203
1755235800000,118745.5,118873.7,118700,118700,319.5315
1755236700000,118700,119009.4,118660,118980,529.0829
1755237600000,118980,119171.5,118860.6,118891,815.3796
1755238500000,118891,119132.2,118849,119078,335.159
1755239400000,119078.1,119209.6,119048.3,119209.5,331.5827
1755240300000,119209.5,119219.9,119049.5,119071.4,315.4449
1755241200000,119071.4,119101,118854.3,118854.3,525.3228
1755242100000,118854.3,118972,118790.3,118873.1,271.1691
1755243000000,118873.1,118915.1,118760,118792.5,531.4948
1755243900000,118792.5,118963.2,118745.5,118963.2,594.7377
1755244800000,118963.2,119066,118933.8,118933.9,347.3558
1755245700000,118933.8,119100,118882,119078.1,329.9739
1755246600000,119078,119154.6,119026.6,119132.8,342.5742
1755247500000,119133,119133,118866,118867.1,358.469
1755248400000,118867.2,119049.4,118852.2,118911.3,233.7395
1755249300000,118911.3,118919.3,118669.2,118700,639.6755
1755250200000,118700,118888,118673.3,118729.9,357.1857
1755251100000,118729.9,118826.9,118584.1,118695.3,458.0288
1755252000000,118695.3,118970.5,118695.3,118853.1,345.6798
1755252900000,118853,119018.9,118829.8,118966.9,269.1042
1755253800000,118966.9,119018.7,118863.5,118972,194.1809
1755254700000,118972,119009,118845.9,118846,331.0676
1755255600000,118846,119087.6,118845.9,119039.4,327.6313
1755256500000,119039.4,119070,118937.2,118980.1,217.2346
1755257400000,118980.1,119078.5,118959.9,119050.1,236.5005
1755258300000,119050.1,119079.4,118968,118984,197.9598
1755259200000,118984,119090.9,118917.7,119073.3,295.7266
1755260100000,119073.3,119073.3,118638,118638.1,794.439
1755261000000,118638,119109.5,118438.3,118627.9,1858.4091
1755261900000,118628,118761.7,118487,118622,594.2684
1755262800000,118622,118721.4,118282.1,118453,1165.153
1755263700000,118453,118578,118391.9,118435.4,485.0571
1755264600000,118435.3,118496.3,117913.4,117978.9,2208.1961
1755265500000,117978.8,118080,117684.8,117723,1707.3125
1755266400000,117723.1,118120,117584.4,117972.4,1711.2701
1755267300000,117972.3,118234,117720,117853.7,991.7513
1755268200000,117853.8,117989.1,117667.3,117692.3,596.8708
1755269100000,117692.3,117752.7,117208,117354.6,1846.7532
1755270000000,117354.6,117491,116855,117320,2653.2877
1755270900000,117320,117547.9,116938,117023.3,1392.9368
1755271800000,117023.4,117360,116760.4,116784.1,1708.5383
1755272700000,116784,117343.8,116769.5,117221.6,1151.129
1755273600000,117221.7,117319.2,116750,116999.1,1368.9349
1755274500000,116999,117137.6,116760.8,117008.1,903.8344
1755275400000,117008,117246.5,116982.8,117148.5,480.7087
1755276300000,117146,117397.8,117090.9,117303.4,809.3561
1755277200000,117303.4,117326.3,117058.8,117116.3,526.6288
1755278100000,117116.4,117641.5,116928.1,117488.3,1228.7582
1755279000000,117488.3,117859.6,117344.8,117678.1,1444.1623
1755279900000,117678.1,117719.4,117492.1,117539.1,467.5258
1755280800000,117539.1,117616,117251.3,117330.1,495.7725
1755281700000,117330,117353.1,117214.8,117282,261.5334
1755282600000,117281.9,117413.8,117205,117216,318.274
1755283500000,117216,117359.6,116968.1,117111.9,627.1533
1755284400000,117112,117244.8,116955,117234,504.6476
1755285300000,117234,117370,117069,117074.1,365.5639
1755286200000,117074.1,117136.1,116900,116939.9,328.5788
1755287100000,116939.9,117011.2,116802.2,116887.9,464.7214
1755288000000,116887.9,117081.4,116817,117081.4,387.4563
1755288900000,117081.4,117152.7,117000.1,117128.8,212.262
1755289800000,117128.8,117286.5,117114.8,117175.6,287.8367
1755290700000,117175.6,117275.1,117161,117222,228.0717
1755291600000,117222.1,117309.3,117017,117017,306.9875
1755292500000,117016.9,117237.6,116948.2,117190.6,376.4547
1755293400000,117190.6,117251,117108.7,117185.6,211.4012
1755294300000,117186.2,117260.4,117173.8,117260.3,166.9954
1755295200000,117260.4,117321,117236.1,117254.8,286.7144
1755296100000,117254.8,117320,117252.8,117312.7,154.7832
1755297000000,117312.7,117451,117312.7,117397.8,303.5238
1755297900000,117397.8,117680,117397.8,117638.7,530.3863
1755298800000,117638.6,117700,117260.4,117264.8,603.0071
1755299700000,117264.8,117264.9,116984.3,117122.3,559.1216
1755300600000,117122.3,117178,117031,117078.4,204.1919
1755301500000,117078.4,117286.2,117050,117285.1,224.5961
1755302400000,117285.1,117450,117168.5,117449.9,533.2552
1755303300000,117450,117513.7,117313,117433.9,380.5995
1755304200000,117434,117639.6,117432,117614.1,368.9583
1755305100000,117614.1,117749.9,117603.6,117685,327.6718
1755306000000,117685,117722.3,117571.8,117714.5,316.3015
1755306900000,117714.5,117748,117557.2,117661.4,340.3846
1755307800000,117661.4,117798,117651.9,117749.8,362.8091
1755308700000,117749.8,117848.9,117716.1,117775.4,263.0222
1755309600000,117775.4,117775.5,117569.6,117585.7,370.2862
1755310500000,117585.7,117662.2,117526.2,117574.1,181.0203
1755311400000,117574.1,117610,117469,117482.5,178.7735
1755312300000,117482.5,117559.4,117384.7,117463.7,294.9064
1755313200000,117463.7,117574.1,117370.6,117564.9,284.6537
1755314100000,117564.9,117613,117522.5,117589.1,133.7309
1755315000000,117589.1,117589.1,117470,117470,166.7267
1755315900000,117470.1,117549.9,117327.1,117386.6,287.2498
1755316800000,117386.5,117450,117366.5,117406.7,152.6427
1755317700000,117406.7,117779.7,117378.8,117756.3,420.7531
1755318600000,117756.2,117788.2,117643.8,117667.3,226.2252
1755319500000,117667.3,117830,117667.3,117764,346.5889
1755320400000,117764,117800,117676.8,117676.8,243.0588
1755321300000,117676.7,117676.7,117487.6,117530.5,210.5046
1755322200000,117530.6,117605.7,117476.6,117510.6,319.8204
1755323100000,117510.6,117576,117479,117567.4,427.3636
1755324000000,117567.4,117592,117367.9,117367.9,329.4991
1755324900000,117368,117476.2,117327.4,117406.8,603.4561
1755325800000,117406.8,117436.1,117228.8,117322.6,653.9895
1755326700000,117322.7,117429.9,117308.9,117357,271.6228
1755327600000,117356.9,117514,117308,117447.2,487.3111
1755328500000,117447.1,117490,117344.8,117489.9,179.977
1755329400000,117489.9,117639.2,117470,117599.8,468.2044
1755330300000,117599.8,117645.3,117546.1,117554.7,228.2056
1755331200000,117554.7,117554.8,117470,117497.9,198.0147
1755332100000,117498,117523.3,117441.3,117482.1,312.2199
1755333000000,117482.1,117638.2,117482,117580.1,228.2358
1755333900000,117580.1,117637.5,117537.2,117582.6,169.6417
1755334800000,117582.6,117663.7,117500.2,117613.6,266.2392
1755335700000,117613.6,117650,117576.1,117624.1,152.3121
1755336600000,117624.1,117661.5,117575.6,117622.4,220.0359
1755337500000,117622.4,117634.4,117259,117261,581.2426
1755338400000,117261.1,117411.6,117187,117267.4,795.1991
1755339300000,117267.4,117350,117103.6,117290,637.666
1755340200000,117290,117342.1,117185.2,117291.8,510.4414
1755341100000,117291.7,117364.5,117280.6,117349.9,306.1023
1755342000000,117350,117460.4,117349.9,117460.4,274.3987
1755342900000,117460.4,117500,117450,117450.1,296.2021
1755343800000,117450,117450.1,117377.4,117377.5,213.9417
1755344700000,117377.4,117426.1,117313.1,117345.2,239.4939
1755345600000,117345.2,117410,117300,117407.2,207.6584
1755346500000,117407.1,117469.8,117285.7,117469.8,256.4613
1755347400000,117469.8,117696.2,117469.8,117617.7,494.7076
1755348300000,117617.8,117710,117545.2,117701.2,370.1789
1755349200000,117701.3,117744,117600,117671.6,371.4333
1755350100000,117671.6,117740,117640,117705.4,300.3237
1755351000000,117705.5,117743,117599.9,117616.5,199.6248
1755351900000,117616.5,117698,117528.7,117591.1,263.7092
1755352800000,117591.1,117688,117539.8,117612.5,211.0934
1755353700000,117612.5,117737,117485.3,117709.7,470.101
1755354600000,117709.6,117709.7,117596,117642.4,271.3037
1755355500000,117642.5,117724,117642.5,117723.9,132.4892
1755356400000,117723.9,117774.2,117612.9,117694,245.6009
1755357300000,117693.9,117723.6,117653.9,117716.8,81.4072
1755358200000,117716.8,117716.9,117559.2,117603.3,139.663
1755359100000,117603.3,117676.8,117603.2,117620.8,92.577
1755360000000,117620.9,117723.9,117620.8,117723.9,194.942
1755360900000,117723.9,117754,117677.2,117749.5,210.7837
1755361800000,117750,117767,117684.6,117684.6,134.2846
1755362700000,117684.6,117737.3,117684.6,117696,77.7059
1755363600000,117696,117706.1,117602.2,117652,210.6566
1755364500000,117652,117677.7,117591.7,117677.6,91.2108
1755365400000,117677.6,117677.7,117605.1,117619.6,73.818
1755366300000,117619.6,117677.4,117612.7,117644.9,102.7763
1755367200000,117644.9,117684.5,117622.8,117684.4,126.86
1755368100000,117684.4,117711.2,117616.1,117648.6,88.9073
1755369000000,117648.6,117648.7,117606.6,117606.7,61.9891
1755369900000,117606.6,117648.3,117563.6,117640.8,109.5275
1755370800000,117640.9,117640.9,117593.2,117619.1,69.1284
1755371700000,117619.1,117645.7,117614.4,117641.9,61.369
1755372600000,117641.9,117721.7,117641.9,117696.4,136.1815
1755373500000,117696.4,117696.5,117610.1,117610.1,93.7258
1755374400000,117610.1,117620.4,117451,117557.1,393.3179
1755375300000,117557,117661,117557,117583.9,255.9422
1755376200000,117583.9,117617.8,117564.5,117611,77.8727
1755377100000,117611,117667.8,117558.5,117591.5,147.0233
1755378000000,117591.6,117591.6,117520.6,117521.4,115.3414
1755378900000,117521.3,117553.3,117512.7,117548,92.3327
1755379800000,117548.1,117548.1,117344.7,117446,211.654
1755380700000,117446,117492.6,117389.2,117389.3,128.8722
1755381600000,117389.3,117395.2,117169,117351.5,454.4151
1755382500000,117351.5,117425.3,117350,117375.6,150.0972
1755383400000,117375.6,117508.8,117375.5,117447,134.0464
1755384300000,117447,117472.9,117401,117401.1,214.1532
1755385200000,117401,117429.3,117360.9,117360.9,164.7584
1755386100000,117360.9,117361,117227.7,117227.7,177.6738
1755387000000,117227.8,117309.9,117220,117309.8,184.834
1755387900000,117309.8,117415.7,117309.8,117325.6,120.4965
1755388800000,117325.7,117335,117255.3,117280,264.6097
1755389700000,117280,117326.2,117232,117307.5,137.1662
1755390600000,117307.5,117382.4,117231.9,117256.3,181.1645
1755391500000,117256.3,117293,117199.3,117199.3,208.1598
1755392400000,117199.4,117225.4,117123,117210.5,371.447
1755393300000,117210.5,117295.3,117150,117264.5,281.6561
1755394200000,117264.4,117441.9,117252,117328.2,293.2654
1755395100000,117328.3,117407.7,117282.3,117384.8,131.2909
1755396000000,117384.9,117445,117350.9,117350.9,174.6874
1755396900000,117350.9,117500,117335.6,117500,193.6434
1755397800000,117499.9,117500,117396.2,117477.1,186.7043
1755398700000,117477.1,117565.5,117444.2,117550,304.5385
1755399600000,117550,117574,117500,117524.1,283.0719
1755400500000,117524.1,117525,117445.7,117524.9,166.6985
1755401400000,117524.9,117647.8,117490.1,117640,272.3378
1755402300000,117640,117705.8,117622.7,117622.7,286.069
1755403200000,117622.8,117703.3,117622.7,117656.2,197.3747
1755404100000,117656.2,117711,117653.2,117710.9,154.092
1755405000000,117711,117723.2,117710.9,117720.3,158.9447
1755405900000,117720.3,118129.5,117720.3,118023.4,1223.4749
1755406800000,118023.5,118180,117968.6,118120.2,573.1108
1755407700000,118120.2,118137.3,118039,118074.5,276.8431
1755408600000,118074.5,118088,117941.3,117972.6,259.2114
1755409500000,117972.6,118020,117946.4,117951.9,181.0439
1755410400000,117952,118068.6,117951.9,118068.5,144.3873
1755411300000,118068.5,118068.6,117990.8,118039.5,115.054
1755412200000,118039.5,118039.5,117867,117924.7,231.0973
1755413100000,117924.7,117935.6,117846.2,117876.5,220.3199
1755414000000,117876.6,117961.3,117794.3,117961.1,342.8565
1755414900000,117961.1,117985.9,117900,117900.1,137.1028
1755415800000,117900,117942.4,117837.4,117930.5,143.5204
1755416700000,117930.5,117960,117900,117953.2,81.1617
1755417600000,117953.2,117982.5,117864.7,117864.7,121.6462
1755418500000,117864.7,117952.3,117864.7,117952.2,137.3308
1755419400000,117952.2,118119.5,117952.2,118056.1,298.368
1755420300000,118056.1,118338,118050.6,118315,699.2702
1755421200000,118315,118355,118180.1,118248,637.6775
1755422100000,118247.9,118456.7,118214.1,118311.3,693.5649
1755423000000,118311.4,118346,118180.1,118257,266.8145
1755423900000,118257.1,118308.6,118228.7,118289.1,142.0617
1755424800000,118289,118289,118165.6,118193.6,172.4499
1755425700000,118193.7,118209.8,118130.4,118166.7,162.1331
1755426600000,118166.6,118242.4,118113,118242.4,208.0775
1755427500000,118242.6,118343.3,118220,118343.3,273.6891
1755428400000,118343.2,118343.3,118230.7,118251.7,274.7968
1755429300000,118251.7,118307.2,118220.4,118299.9,78.6019
1755430200000,118299.9,118325.1,118228.3,118274,125.9983
1755431100000,118274,118307,118244,118255.9,127.1003
1755432000000,118256,118313.3,118159.9,118251.7,259.4013
1755432900000,118251.7,118286,118188.6,118194.7,148.5101
1755433800000,118194.7,118240,118151.5,118180.7,235.5437
1755434700000,118180.8,118217.1,118075.5,118104.6,296.1941
1755435600000,118104.7,118123.3,118016.8,118017.5,340.1895
1755436500000,118017.5,118145.8,118017.5,118144.3,350.7181
1755437400000,118144.2,118323,118112.4,118301.6,291.4116
1755438300000,118301.6,118538.7,118277.1,118386.4,641.0822
1755439200000,118386.4,118438,118300,118300.1,212.6085
1755440100000,118300.1,118300.1,118104.6,118196.4,307.7763
1755441000000,118196.4,118223.8,118120,118223.8,173.1156
1755441900000,118223.8,118266.8,118100.1,118100.1,232.8401
1755442800000,118100.2,118217.2,118084.4,118200.1,285.0006
1755443700000,118200.1,118200.1,118092.2,118109.8,189.8011
1755444600000,118109.8,118206.4,118109.7,118206.4,168.8631
1755445500000,118206.4,118226,118159.1,118203.6,170.7466
1755446400000,118203.5,118285.4,118002.9,118058.9,407.4315
1755447300000,118058.9,118160.6,117932,118033.6,666.1008
1755448200000,118033.6,118098.1,117876.1,117929.8,427.0287
1755449100000,117929.9,117956,117647.5,117784,890.9907
1755450000000,117784,117838,117693.6,117704.3,528.162
1755450900000,117704.3,117837.7,117562.7,117768.1,485.1349
1755451800000,117768,117883,117768,117855.1,291.0263
1755452700000,117855.1,117888,117803.8,117850,138.2493
1755453600000,117850,117898.3,117830,117861.5,389.5258
1755454500000,117861.5,117880,117689,117764,191.0686
1755455400000,117764,117807.8,117727.6,117772.2,59.998
1755456300000,117772.2,117782.9,117225.4,117497.9,1153.9827
1755457200000,117498,117683.7,117407.4,117632.9,290.0377
1755458100000,117633,117700.3,117595.9,117700.2,160.4214
1755459000000,117700.3,117700.3,117444.5,117449.7,308.7497
1755459900000,117449.6,117579.8,117414.3,117525.4,142.0158
1755460800000,117525.5,117600,117422.7,117599.9,338.1591
1755461700000,117600,117645.2,117512,117583.2,201.0887
1755462600000,117583.2,117680.6,117583.1,117680.6,127.9139
1755463500000,117680.6,117687.5,117541.4,117541.4,111.3989
1755464400000,117541.2,117645.4,117541.2,117645.4,193.3368
1755465300000,117645.4,117661.1,117542.3,117594.7,94.0417
1755466200000,117594.7,117684.8,117554.9,117679.2,128.3553
1755467100000,117679.1,117726.1,117615.6,117651.9,111.9768
1755468000000,117652,117818.2,117623,117744,376.0122
1755468900000,117744,117783.8,117670,117708,229.4235
1755469800000,117708,117899.9,117703.1,117890.6,315.8912
1755470700000,117890.6,117935.6,117865.2,117890,373.3037
1755471600000,117890,117920.7,117678.1,117727,216.3214
1755472500000,117727,117788,117422.2,117511.5,381.3975
1755473400000,117511.5,117560,117428,117511.1,238.2339
1755474300000,117511,117518.9,117300,117346.9,409.9283
1755475200000,117346.8,117488,117274,117450.7,351.4758
1755476100000,117450.7,117450.7,117020,117086.1,905.5076
1755477000000,117086.1,117315.4,116951.7,117204.6,751.9389
1755477900000,117204.6,117291.6,117103.4,117233.9,400.4509
1755478800000,117233.9,117340.3,117192.9,117239.5,346.1101
1755479700000,117239.6,117346.9,116600,116602.8,1668.8086
1755480600000,116602.9,116874.6,116300.2,116364.1,2548.4165
1755481500000,116364,116427.7,116123,116214.1,1591.7787
1755482400000,116214.1,116284,115858,115944.1,2008.0555
1755483300000,115944.2,115987.8,115657.6,115736.1,1729.8141
1755484200000,115736.1,116022.9,115620,115838.1,1130.839
1755485100000,115838.1,115860,115232,115390.1,2616.1794
1755486000000,115390.1,115583.9,115361.4,115414.3,782.6866
1755486900000,115414.4,115488.6,115266,115311.8,525.1208
1755487800000,115311.7,115372,115058,115111.2,1206.311
1755488700000,115111.2,115344.9,114933.6,115257.4,1262.1607
1755489600000,115257.3,115335.6,115018.4,115280,659.5397
1755490500000,115280.1,115400,115124.3,115384.7,478.3786
1755491400000,115384.7,115462.3,115330.6,115360.6,487.7867
1755492300000,115360.5,115479,115351,115410.2,416.3535
1755493200000,115410.3,115620.9,115410.2,115605.3,711.3668
1755494100000,115605.3,115613.1,115506.4,115508,390.1696
1755495000000,115508,115514.1,115070,115117.9,893.1031
1755495900000,115118,115654.4,114915.6,115650,1124.9207
1755496800000,115650,115653.9,115359.5,115375.9,661.0683
1755497700000,115375.9,115478.9,114975,115143.9,923.4772
1755498600000,115144,115317.4,114840.7,114991.2,983.4335
1755499500000,114991.2,115237,114825,115204.4,736.7198
1755500400000,115204.4,115432.7,115178.2,115207.8,671.9482
1755501300000,115207.7,115427.4,115168.7,115314.6,373.9384
1755502200000,115314.6,115432,115145,115350,333.0452
1755503100000,115350,115379,115152,115169.8,246.5854
1755504000000,115169.8,115333.1,115031.6,115031.7,749.61
1755504900000,115031.7,115305.5,115023.8,115305.5,265.2011
1755505800000,115305.5,115355,115210.6,115250.1,378.9597
1755506700000,115250.1,115256.2,115068,115093.9,545.377
1755507600000,115093.9,115100,114826,114884.6,683.154
1755508500000,114884.6,114915.3,114603.2,114640,1614.2347
1755509400000,114640,115061.4,114612.2,114980.1,1051.2748
1755510300000,114980.1,115111.1,114927.6,115000,795.1444
1755511200000,114999.9,115133.1,114955.9,115050.9,411.3202
1755512100000,115050.8,115234.9,114937.8,114944.4,572.016
1755513000000,114944.5,115219.3,114944.4,115206.2,208.3233
1755513900000,115206.2,115223.6,114983.6,115018.5,215.1734
1755514800000,115018.4,115119.9,114960,115065.5,276.426
1755515700000,115065.5,115065.5,114875.4,114952.6,394.168
1755516600000,114952.5,115000,114861.8,114937.9,400.9464
1755517500000,114937.8,114967.3,114818,114914.2,283.058
1755518400000,114914.2,115150,114862,115100,272.4282
1755519300000,115100.1,115150.1,114936.2,115095.9,196.0643
1755520200000,115096,115316.9,115032,115277.5,545.2251
1755521100000,115277.5,115483.7,115150,115483.6,613.6423
1755522000000,115483.7,115620.9,115376.1,115496.9,2182.787
1755522900000,115496.9,115658.3,115496.9,115618.2,661.9357
1755523800000,115618.2,115699.4,115241.4,115318.9,989.5154
1755524700000,115318.8,115454.5,114760.1,114798.8,1244.1409
1755525600000,114798.7,115186.1,114798.7,115175.5,903.0978
1755526500000,115175.6,115475.3,115100,115322.8,604.0839
1755527400000,115322.8,115322.8,115077.3,115093.4,565.4189
1755528300000,115093.4,115596.2,114869.2,115596.2,689.5601
1755529200000,115596.1,115675,115394.3,115416.2,519.5619
1755530100000,115416.3,115650,115352,115574.1,346.4018
1755531000000,115574.1,115875.3,115490.2,115715.6,793.8389
1755531900000,115715.5,116138.9,115715.5,116083.5,1497.3679
1755532800000,116083.5,116304.6,116021.4,116021.7,1339.673
1755533700000,116021.7,116124.2,115912.4,115971.1,585.6357
1755534600000,115971.2,116045.6,115769.6,116003.9,644.6243
1755535500000,116004,116199.1,115889.5,115903,461.0078
1755536400000,115903,116195.9,115902.9,116195.9,335.8066
1755537300000,116195.9,116649.9,116195.8,116465.7,1095.4907
1755538200000,116465.7,116755.5,116465.7,116476.8,1028.0164
1755539100000,116476.7,116583,116366.2,116366.2,494.9252
1755540000000,116366.3,116398.4,116246.5,116317.9,336.6622
1755540900000,116317.9,116405.2,116180.8,116303.4,277.7798
1755541800000,116303.4,116495.7,116300,116413.4,197.0597
1755542700000,116413.4,116530.8,116403.8,116430,200.9812
1755543600000,116430,116609.7,116200,116229.4,584.7873
1755544500000,116229.4,116310.7,116123,116310.5,422.3414
1755545400000,116310.5,116359.9,116158,116195.7,463.49
1755546300000,116195.6,116333.3,116159.1,116263.6,345.9988
1755547200000,116263.6,116413.4,116158.4,116413.3,377.0603
1755548100000,116413.3,116453.8,116274.5,116453.8,133.5596
1755549000000,116453.8,116482.9,115925,116028.2,574.2616
1755549900000,116028.2,116363.6,116020.7,116363.6,359.3093
1755550800000,116363.5,116549.9,116361.9,116549.9,456.1803
1755551700000,116550,116661.6,116492,116602.1,284.3717
1755552600000,116602.1,116625.4,116388.2,116412.4,215.064
1755553500000,116412.4,116626.5,116407.9,116620.8,207.1528
1755554400000,116620.8,116967,116620.8,116863.1,1589.3049
1755555300000,116863.1,116958.2,116843.3,116885.2,415.2935
1755556200000,116885.1,116903,116692.3,116692.3,257.3887
1755557100000,116692.3,116705.7,116344,116355.3,721.0053
1755558000000,116355.3,116530.8,116347,116361.8,380.6985
1755558900000,116361.8,116389.8,116226.4,116235.3,361.4174
1755559800000,116235.3,116298.2,116168.8,116168.9,236.5252
1755560700000,116168.8,116220.8,116050,116185.7,344.4845
1755561600000,116185.6,116259.8,116114.7,116227.6,282.506
1755562500000,116227.6,116285.1,115862.3,115882.5,1287.4448
1755563400000,115882.5,116153.2,115454.5,115971.2,1630.6148
1755564300000,115971.3,116530.9,115971.2,116521.7,783.9995
1755565200000,116521.6,116685.9,116385,116386.9,614.7535
1755566100000,116386.9,116446.6,116160,116160,265.2019
1755567000000,116160,116160.1,115905.3,115968.3,554.0627
1755567900000,115968.3,116003.1,115690,115776.8,517.4868
1755568800000,115776.8,115926.2,115666,115826.8,406.4064
1755569700000,115826.8,115873.2,115610,115789.8,331.7841
1755570600000,115789.8,115937.5,115713.2,115841.3,160.6466
1755571500000,115841.2,116017.2,115678,115717.9,198.0276
1755572400000,115718,115734.9,115427.9,115589.6,733.3282
1755573300000,115589.5,115647,115228.8,115338,576.6515
1755574200000,115338,115341.3,114820.4,114938.6,1216.0571
1755575100000,114938.5,114994.2,114755,114779.4,880.6149
1755576000000,114779.3,114969,114313.7,114730.4,2297.5071
1755576900000,114730.4,114995,114610.1,114860.8,898.1829
1755577800000,114860.8,115205.5,114842,115199.6,560.1115
1755578700000,115199.7,115347.9,115089,115266,595.6704
1755579600000,115266.1,115441.9,115074.2,115176.5,830.3836
1755580500000,115176.5,115404.5,115126.2,115342.9,356.2777
1755581400000,115342.9,115378.6,115052.4,115052.4,402.2189
1755582300000,115052.4,115065.1,114902.5,114925.3,456.261
1755583200000,114925.2,115074.2,114856,114998.9,318.7861
1755584100000,114998.8,115188.8,114857.2,115084.1,289.9263
1755585000000,115084.1,115095.7,114910.6,114950.4,310.5805
1755585900000,114950.4,115079.6,114865.7,114974.5,384.0045
1755586800000,114974.5,115017.3,114788,114840,327.9633
1755587700000,114840,114852.2,114601.8,114655.2,700.764
1755588600000,114654.3,114928.9,114575.2,114763.7,517.6721
1755589500000,114763.8,114958.3,114747.3,114952.1,359.982
1755590400000,114952.1,115017.8,114755.1,114990,413.3759
1755591300000,114990,115089.5,114905.4,114917.2,298.9557
1755592200000,114917.2,114999,114755,114967.8,241.3642
1755593100000,114967.7,115289.3,114920.4,115150,706.5822
1755594000000,115150.1,115359.5,115144,115309.2,724.2772
1755594900000,115309.1,115388,115227.6,115383.6,344.3816
1755595800000,115383.6,115458.2,115300.4,115365.3,508.4039
1755596700000,115365.4,115418.2,115220,115278.1,366.8907
1755597600000,115278.1,115458.5,115266,115360.1,327.9007
1755598500000,115360.2,115537.9,115360,115454.9,551.0651
1755599400000,115455,115495,115273,115373,353.6851
1755600300000,115373,115397.6,115272.7,115355.6,234.798
1755601200000,115355.6,115556,115355.6,115540.1,233.2325
1755602100000,115540.1,115613.3,115493.7,115509.9,399.1486
1755603000000,115509.9,115537.8,115408.3,115421.8,266.1197
1755603900000,115421.9,115549.6,115410.2,115464,173.0485
1755604800000,115464.1,115549.9,115370,115526.6,222.9984
1755605700000,115526.5,115570.5,115420,115452.2,301.4803
1755606600000,115452.2,115515.9,115340.4,115456.8,234.303
1755607500000,115456.8,115564.1,115228.8,115563.9,419.5677
1755608400000,115563.9,115619.2,115446.2,115460.2,213.0157
1755609300000,115460.1,115738,115460.1,115697.7,387.5233
1755610200000,115697.7,115832.9,114967,115079.4,2028.3424
1755611100000,115079.3,115331.7,114825.1,115151.3,1543.272
1755612000000,115151.2,115332.8,114714,114763.9,1124.9623
1755612900000,114763.9,114809.6,114061,114080.1,2533.0143
1755613800000,114080.1,114420.3,113750,113872.6,3106.1335
1755614700000,113872.6,114030,113700,113833.6,1716.0853
1755615600000,113833.6,113970.6,113453.2,113588.1,2164.36
1755616500000,113588.2,114142.2,113580.1,114031.3,1593.1258
1755617400000,114031.4,114100,113838,114053.7,577.8418
1755618300000,114053.6,114057.1,113678,113733.9,760.8471
1755619200000,113734,113839,113641.5,113641.5,626.4067
1755620100000,113641.6,113783.9,113568.3,113590,546.2585
1755621000000,113589.9,113773.2,113346,113531.7,1381.2911
1755621900000,113531.6,113548.4,113288,113322.4,1181.1834
1755622800000,113322.4,113444.6,113010.2,113256.4,2157.1991
1755623700000,113256.4,113430.8,113116.2,113358.1,744.5588
1755624600000,113358.1,113525,113350.4,113410.2,683.654
1755625500000,113410.2,113480.4,113234,113448.7,499.7088
1755626400000,113448.7,113466.5,113305,113305,475.3446
1755627300000,113305,113416.9,113166.2,113172.5,482.648
1755628200000,113172.5,113198.3,112871.3,112938.1,985.0593
1755629100000,112938.2,113075,112763.1,112993.6,1187.0857
1755630000000,112993.6,112993.6,112729,112759.4,911.7719
1755630900000,112759.4,113367.2,112695.7,113326.1,1309.4833
1755631800000,113326.1,113489.3,113238.1,113368.9,532.5443
1755632700000,113368.9,113455.4,113000,113067.3,447.0926
1755633600000,113067.3,113230.3,112866,112919.4,822.429
1755634500000,112919.4,113252.2,112919.4,113251.1,360.8959
1755635400000,113251,113444,113251,113351.4,429.0025
1755636300000,113351.3,113515.2,113341.1,113515.2,277.1209
1755637200000,113515.1,113515.3,113398.8,113449.4,202.1218
1755638100000,113449.3,113504.7,113405.5,113460.7,150.0329
1755639000000,113460.8,113515.3,113379.9,113436.6,304.2073
1755639900000,113436.6,113456.5,113338.1,113363.1,194.2493
1755640800000,113363.1,113390,113050.7,113110.9,497.9559
1755641700000,113110.9,113277.2,113019.1,113248,323.0958
1755642600000,113248,113283.5,113006.5,113152.4,241.9483
1755643500000,113152.3,113245.3,113066.5,113118.1,186.2073
1755644400000,113118.2,113150.3,112928,112957.6,443.4394
1755645300000,112957.5,113020.4,112774.9,112875.8,546.6855
1755646200000,112875.7,113088,112755,112920,770.7888
1755647100000,112919.9,112920,112656.3,112826.1,647.8779
1755648000000,112826,113209.5,112792.2,112975.4,737.6768
1755648900000,112975.5,113150,112818.3,112950,336.9779
1755649800000,112949.9,113220,112906,113200.1,380.9503
1755650700000,113200,113275,113155.5,113162,415.5584
1755651600000,113162.1,113368.1,113137.3,113197.7,299.6452
1755652500000,113197.8,113324,112857.3,112909.7,406.7754
1755653400000,112909.7,112960,112507.7,112658.1,1169.2003
1755654300000,112658.2,113118.8,112653,112978,1162.1277
1755655200000,112978,113258.3,112925,113247.8,495.064
1755656100000,113247.7,113313.8,113210.4,113275.4,621.1087
1755657000000,113275.4,113357.4,113260,113333.4,340.5393
1755657900000,113333.4,113493.4,113279.1,113411.9,449.5306
1755658800000,113412,113498.3,113269.2,113354.8,679.3487
1755659700000,113354.9,113601.2,113328.7,113591.7,483.6844
1755660600000,113591.6,113621.4,113421,113464.2,489.3952
1755661500000,113464.2,113518.7,113395.4,113494.7,233.8325
1755662400000,113494.7,113635.3,113494.7,113580,343.3768
1755663300000,113580,113631.6,113555,113603,215.0756
1755664200000,113603,113671.7,113426.9,113524.7,516.7937
1755665100000,113524.7,113611.8,113458.2,113611.8,281.2597
1755666000000,113611.8,113621,113462.8,113496.6,297.0877
1755666900000,113496.6,113597,113441.4,113585.4,282.3548
1755667800000,113585.4,113627.3,113541.7,113612.6,182.2035
1755668700000,113612.6,113750,113578.8,113697.2,413.1175
1755669600000,113697.2,113721.7,113473.1,113498.9,382.7427
1755670500000,113498.9,113643,113464.9,113638.4,245.337
1755671400000,113638.3,113718,113625.7,113641.9,213.0472
1755672300000,113642,113677.8,113541.7,113631.1,180.3886
1755673200000,113631.1,113738.6,113609.1,113703.6,255.3709
1755674100000,113703.6,113822,113685,113685.1,311.5103
1755675000000,113685.1,113685.1,113537.9,113578.1,234.9862
1755675900000,113578.1,113639.2,113367.1,113456,409.3775
1755676800000,113456,113581.2,113354.1,113571.4,470.9867
1755677700000,113571.4,113835,113571.3,113819.8,606.6276
1755678600000,113819.7,113935.8,113760,113913.6,892.3235
1755679500000,113913.5,114000,113803.5,113971.9,517.2323
1755680400000,113971.9,113971.9,113767.9,113818.7,375.3537
1755681300000,113818.7,113829.1,113713.2,113749.5,227.2217
1755682200000,113749.6,113921.6,113728,113834.8,343.8761
1755683100000,113834.9,113881.3,113600.1,113657.4,380.6617
1755684000000,113657.4,113777.3,113600,113636,214.9545
1755684900000,113635.9,113772.7,113537.7,113555.1,270.1342
1755685800000,113555.1,113749.4,113553.2,113740,279.5069
1755686700000,113740,113830.2,113705.1,113743,228.3131
1755687600000,113743.1,113826.2,113520.6,113556.8,321.0578
1755688500000,113556.7,113565.2,113420,113420,413.9853
1755689400000,113420,113420.1,113015.8,113140.8,1127.6433
1755690300000,113140.8,113631.4,113088,113631.4,1250.8462
1755691200000,113631.4,113913.1,113631.3,113787.6,759.6935
1755692100000,113787.6,113838.4,113472.4,113682.1,466.8598
1755693000000,113682,113826.9,113625.2,113818.9,378.0933
1755693900000,113818.8,113838.6,113611.8,113611.9,475.5334
1755694800000,113611.8,113611.9,113264.5,113277.5,485.5225
1755695700000,113277.2,113423.8,113211.6,113374.4,615.0746
1755696600000,113374.4,113610,113067.1,113096,1105.5176
1755697500000,113096,113110,112529.9,112638.3,2527.5127
1755698400000,112638.3,112957.1,112360,112662.1,1917.484
1755699300000,112662,113218.5,112307,113104.5,2079.3109
1755700200000,113104.4,113802.5,113096,113467.9,2160.5385
1755701100000,113467.9,113829.4,113333,113422.6,1307.9681
1755702000000,113422.5,113998.9,113342.6,113860.1,1464.8667
1755702900000,113860,114300,113840.9,114253.9,1705.3429
1755703800000,114254,114254,113860,113860.1,961.4343
1755704700000,113860,113884,113137,113297.6,1875.1291
1755705600000,113297.5,113609.9,113220.7,113609.9,898.0941
1755706500000,113609.9,114285.8,113593.4,114238.4,2315.7605
1755707400000,114238.3,114249.4,113817.6,113920.1,1061.5641
1755708300000,113920,114070.5,113735.3,113816.9,604.6674
1755709200000,113816.8,114117.6,113756,113862.5,566.7175
1755710100000,113862.6,114049.8,113742.8,113750.6,373.2705
1755711000000,113750.6,114230,113742.6,114229.1,618.2714
1755711900000,114229.2,114417,114067.6,114168.3,969.5328
1755712800000,114168.3,114255.8,113621.4,113629,1283.0607
1755713700000,113629.1,113648,113269.8,113304,945.3924
1755714600000,113304,113644.2,113203.8,113569.4,721.3807
1755715500000,113569.3,113647.9,113432.6,113456.9,280.0385
1755716400000,113457,113933,113416,113906.2,415.1498
1755717300000,113906.2,114256.5,113855.2,114017.3,1063.6097
1755718200000,114017.3,114123.3,113865.8,113967.3,313.5104
1755719100000,113967.3,114300,113924,114236.4,427.6531
1755720000000,114236.4,114238.2,114055.8,114055.8,338.4699
1755720900000,114055.8,114106,113954.5,114092.5,229.164
1755721800000,114092.4,114235.3,114079.3,114180.4,254.0485
1755722700000,114180.5,114351,114149.5,114322.8,364.6379
1755723600000,114322.8,114432.5,114311.5,114328.2,347.4841
1755724500000,114328.1,114361.4,113970,113995.9,322.494
1755725400000,113995.9,114360,113961,114312.3,242.8546
1755726300000,114312.3,114436.6,114214.4,114307.9,317.3362
1755727200000,114307.9,114431.7,114183,114276.3,308.9776
1755728100000,114276.3,114350.9,114153.4,114350.8,183.3723
1755729000000,114350.9,114498.4,114247.7,114488.6,475.3351
1755729900000,114488.5,114578,114488.5,114544.4,424.5489
1755730800000,114544.4,114578.3,114273.6,114281.9,397.9013
1755731700000,114281.9,114307.4,114168.6,114194.2,173.3762
1755732600000,114194.2,114345.9,114168.4,114294,195.1542
1755733500000,114294,114294.1,114168.4,114230,161.1528
1755734400000,114230,114230,114092.8,114098.1,229.9316
1755735300000,114098,114098.1,113964.9,114036.4,567.3898
1755736200000,114036.4,114400,114036.4,114371.9,356.015
1755737100000,114372,114444,114226,114245.6,315.8671
1755738000000,114245.7,114302.2,114155,114155,247.6201
1755738900000,114155,114189,113908.6,114074.5,372.5313
1755739800000,114074.5,114379.8,114059.3,114289,395.7197
1755740700000,114288.9,114750,114202.3,114690.9,1228.9168
1755741600000,114690.9,114792.7,114205,114222.3,788.0431
1755742500000,114222.3,114222.4,113850.9,113967.5,1023.4008
1755743400000,113967.6,114005.7,113866,113943,276.4046
1755744300000,113943.1,114023.3,113853.3,114005.6,408.7163
1755745200000,114005.6,114490,113971.8,114324.5,819.7842
1755746100000,114324.5,114400,114165.4,114182.8,268.1703
1755747000000,114182.9,114229.9,114121.8,114134.4,297.0035
1755747900000,114134.3,114159.3,113905.1,113911.1,232.2281
1755748800000,113911.2,113979.2,113823.1,113866.5,262.8913
1755749700000,113866.4,113898.9,113822.5,113876,183.783
1755750600000,113876.1,114000,113750.7,113824.9,299.322
1755751500000,113825,113959.8,113742.2,113754.9,423.5318
1755752400000,113755,113801.8,113581,113645.7,446.0606
1755753300000,113645.7,113806.5,113640.9,113696.5,306.112
1755754200000,113696.6,113841.1,113696.5,113840,184.1086
1755755100000,113840,113972,113824.3,113942.4,297.5508
1755756000000,113942.4,113942.5,113556.3,113602.9,598.8694
1755756900000,113603,113662.7,113568.7,113574.1,216.0937
1755757800000,113574.1,113767.5,113574,113730.1,221.2043
1755758700000,113730.1,113834.1,113686.9,113750.6,146.9701
1755759600000,113750.6,113854.1,113592.1,113596,317.3279
1755760500000,113596.1,113718.1,113514.9,113671.9,370.249
1755761400000,113671.8,113893.4,113607.3,113820.5,353.9557
1755762300000,113820.5,113887.2,113789.1,113844.1,198.3478
1755763200000,113844.2,113962.3,113766,113900.5,279.9804
1755764100000,113900.5,113900.6,113614.5,113732.2,600.5115
1755765000000,113732.2,113783.1,113660.3,113727.8,185.0961
1755765900000,113727.7,113775.5,113538.1,113538.1,468.5584
1755766800000,113538.2,113561.1,113360.5,113418,704.9749
1755767700000,113418,113421.2,113250.1,113396.9,862.6901
1755768600000,113396.9,113577,113396.8,113577,464.4228
1755769500000,113577,113577,113350,113350.1,224.4869
1755770400000,113350,113428.9,113180,113350.1,845.6174
1755771300000,113350,113446.5,113230,113412.7,633.6088
1755772200000,113412.7,113439,113297.5,113390,285.4932
1755773100000,113390.1,113405.7,113245.3,113298.1,227.6608
1755774000000,113298.2,113490.3,113298.1,113460.5,326.3813
1755774900000,113460.5,113482.8,113389.2,113430.5,146.7388
1755775800000,113430.5,113495,113216.1,113330.1,347.8526
1755776700000,113330.1,113330.1,112927.4,113096.2,1118.6796
1755777600000,113096.1,113189.5,113012.7,113135.2,309.887
1755778500000,113135.2,113320,112982.7,113197.6,554.2603
1755779400000,113197.5,113378,113121.6,113121.7,502.9967
1755780300000,113121.7,113121.7,112902.1,113060.7,703.0872
1755781200000,113060.6,113229.3,113016.2,113142.4,411.6307
1755782100000,113142.4,113324,113096,113290.3,422.1264
1755783000000,113291.5,113568,113102,113506.8,1145.5933
1755783900000,113506.8,113683,113106.6,113426.6,1296.5596
1755784800000,113426.7,113837.9,113285,113787.3,1098.338
1755785700000,113787.4,113947.2,113560.4,113682.2,647.8546
1755786600000,113682.2,113689.5,112852.5,113145.3,1462.6922
1755787500000,113145.2,113355.6,112977.1,113239.9,682.9639
1755788400000,113240,113353.7,112656.7,112656.7,1190.6547
1755789300000,112656.7,113137.5,112555,112984.5,1299.2299
1755790200000,112984.5,113116,112834,112979.9,436.7363
1755791100000,112980,112980.9,112714.7,112750,482.5734
1755792000000,112750.1,112900.7,112601.6,112812.6,749.8135
1755792900000,112812.6,112941.1,112582,112708.6,483.9208
1755793800000,112708.6,112853.5,112518,112584.1,588.1428
1755794700000,112584,112632,112242,112344.7,1178.3098
1755795600000,112344.7,112421,112155,112193.7,964.9815
1755796500000,112193.7,112384.1,112164.5,112200,833.757
1755797400000,112200.1,112574,112134.7,112417.3,1144.014
1755798300000,112417.4,112533,112282.2,112378,432.7186
1755799200000,112378,112432.5,112205.9,112324.1,523.8192
1755800100000,112324.2,112572.9,112252.2,112453.9,408.8071
1755801000000,112453.8,112467.4,112300,112310,268.57
1755801900000,112310.1,112639.3,112179.9,112560.8,524.5704
1755802800000,112560.9,112682,112504.5,112522.8,314.6455
1755803700000,112522.8,112587.1,112095.5,112207.3,803.2021
1755804600000,112207.3,112236.1,111955,112052.2,879.0042
1755805500000,112052.2,112162.8,111970.6,112154.1,353.2532
1755806400000,112154,112296.1,112110.3,112273.9,344.6821
1755807300000,112273.9,112426.9,112250,112400.4,300.8497
1755808200000,112400.4,112400.5,112016,112324.9,394.5477
1755809100000,112325,112837,112290,112412,664.2638
1755810000000,112412.1,112560.9,112043.6,112480.1,852.8386
1755810900000,112480.1,112608,112255.5,112516.8,627.8594
1755811800000,112516.9,112707,112407.9,112438.9,313.6185
1755812700000,112439,112612.4,112424,112582,140.015
1755813600000,112582.1,112615.3,112460.6,112591.9,214.5316
1755814500000,112591.9,112672.9,112532.8,112578.8,219.3131
1755815400000,112578.9,112592.7,112380.8,112386.1,245.5647
1755816300000,112386.1,112498.7,112370.8,112453.1,134.0454
1755817200000,112453.1,112453.2,112274.1,112286.3,166.174
1755818100000,112286.2,112430,112233,112430,298.5963
1755819000000,112430,112430,112234.8,112234.9,206.9993
1755819900000,112234.9,112476.7,112230.7,112476.7,173.12
1755820800000,112476.7,112734,112447.5,112671.7,715.9248
1755821700000,112671.7,112770,112600,112632.3,345.041
1755822600000,112632.4,112820.8,112603.2,112681.6,384.7014
1755823500000,112681.6,112691.2,112530.2,112612.2,210.1669
1755824400000,112612.2,112658.7,112294.7,112365.5,393.9906
1755825300000,112365.5,112751.7,112358.4,112748.1,335.6272
1755826200000,112748.2,112900,112680,112881.1,322.3016
1755827100000,112881.2,112882.5,112745.6,112818.4,233.6183
1755828000000,112818.4,113168,112767.3,113168,686.8373
1755828900000,113167.9,113510,112989.6,113476.1,1283.797
1755829800000,113476,113489.3,113234,113274.4,715.1241
1755830700000,113274.4,113400,113108,113118.7,363.6632
1755831600000,113118.8,113420.7,113080.9,113321.4,501.2725
1755832500000,113321.4,113321.5,113156.1,113173.1,389.3638
1755833400000,113173.1,113283.8,113060.1,113092.2,332.1833
1755834300000,113092.1,113101.5,112832,112914.9,785.8807
1755835200000,112914.9,113137.3,112912.1,113084,351.4533
1755836100000,113084.1,113247.4,113013.2,113031.5,310.5551
1755837000000,113031.6,113197,112976.8,113060.5,228.9279
1755837900000,113060.6,113062.8,112683,112827.9,703.2069
1755838800000,112828,113016.4,112827.9,113007.7,243.7736
1755839700000,113007.8,113050.1,112844.6,112931,405.9108
1755840600000,112931,113197.8,112931,113116.6,322.4519
1755841500000,113116.7,113261.7,113110,113212.4,275.0519
1755842400000,113212.3,113299.8,113022.5,113281,305.888
1755843300000,113281,113368.2,113160.6,113211.1,765.2083
1755844200000,113211.1,113261,112814,112898.2,581.3487
1755845100000,112898.2,113058.8,112833.3,112960,297.0847
1755846000000,112960,113172.6,112930,113110,354.0832
1755846900000,113110.5,113232.8,112908.4,113137.7,594.4724
1755847800000,113137.7,113198.2,113076.4,113189.8,233.3046
1755848700000,113189.8,113189.8,113031.9,113055.1,499.3829
1755849600000,113055,113223.5,113006.7,113223.4,314.7933
1755850500000,113223.4,113277.8,113055.9,113215,463.6954
1755851400000,113215,113234,112953.3,113049.3,299.7743
1755852300000,113048.7,113048.8,112905,112946.4,233.212
1755853200000,112946.5,112980.8,112812.5,112842.1,463.2727
1755854100000,112842,112951.2,112820.8,112933.1,228.6228
1755855000000,112933.1,113016.4,112766,112849,276.3883
1755855900000,112849,113098.7,112848.9,113012.9,260.46
1755856800000,113012.9,113033.1,112730.5,112730.6,336.4385
1755857700000,112730.6,112730.6,112604.5,112686.4,473.4187
1755858600000,112686.3,112686.4,112516.9,112534.5,395.0365
1755859500000,112534.6,112607.3,112477.1,112486.3,464.2611
1755860400000,112486.3,112591.2,112250,112266.4,655.9274
1755861300000,112266.5,112362.9,112222.2,112244,401.698
1755862200000,112244,112300,112118,112205.5,443.0579
1755863100000,112205.5,112346,112204,112270.1,469.3601
1755864000000,112270.2,112325,111889,112037.9,1305.5842
1755864900000,112037.9,112167.3,111938.5,111990,926.6688
1755865800000,111990.1,112241,111623.2,112235.4,2786.8051
1755866700000,112235.5,112727,112181.2,112290.6,1984.3678
1755867600000,112290.7,112483.7,112123,112152,597.252
1755868500000,112152,112319.9,112010,112246.5,761.7706
1755869400000,112246.5,112612,111888,112437.6,1546.5731
1755870300000,112437.7,112622.8,112294.2,112434.2,1199.0628
1755871200000,112434.1,115190.1,112420,115172.7,13217.8034
1755872100000,115172.6,115737.3,114553.6,115150,6853.5843
1755873000000,115150,116042.1,115149.9,115733.9,3817.4878
1755873900000,115733.9,116055.6,115682.2,115751.7,2438.29
1755874800000,115751.8,116683.9,115751.7,116602.9,3296.0455
1755875700000,116603,116940.3,116557,116690.2,2067.1222
1755876600000,116690.1,116927.9,116639.3,116914,1154.5531
1755877500000,116914,117276.6,116322.1,116333.3,3289.6411
1755878400000,116333.3,116777.9,116333.3,116562.5,1978.9116
1755879300000,116562.5,116562.5,116114,116384.6,1988.6063
1755880200000,116384.6,116505.7,116348.8,116431.3,812.2531
1755881100000,116431.3,116431.3,116088,116123.7,987.1915
1755882000000,116123.7,116730.6,116123.6,116714.4,1267.0114
1755882900000,116714.4,117009.8,116707.3,116909.5,1894.8745
1755883800000,116909.5,116912,116500.1,116733.6,1254.9386
1755884700000,116733.6,116984,116642.3,116984,539.2216
1755885600000,116984,117388,116983.9,117365.8,1058.4967
1755886500000,117365.8,117386.4,116783.7,116856.7,1384.2587
1755887400000,116856.6,117111,116832.8,116880.4,415.8193
1755888300000,116880.3,116880.3,116719,116780.1,293.4011
1755889200000,116780.1,116887.1,116714.8,116857.1,339.3639
1755890100000,116857.1,116874,116712.9,116713,277.6027
1755891000000,116713,116758,116594.1,116666.7,565.976
1755891900000,116666.7,116725.8,116478.3,116638,653.8581
1755892800000,116638,116852.8,116548,116824.5,418.4734
1755893700000,116824.5,117097,116824.4,117070.3,492.2885
1755894600000,117070.3,117082.1,116865,117001.2,421.0126
1755895500000,117001.3,117029,116846.5,117023,259.8788
1755896400000,117022.9,117049.7,116836.9,116845.4,534.7596
1755897300000,116845.4,116988,116801,116934.1,422.6593
1755898200000,116934.1,117009.9,116862.1,117004.3,401.3305
1755899100000,117004.2,117138.8,116957,117008,271.7541
1755900000000,117008,117027.1,116711.1,116759.9,433.9034
1755900900000,116759.9,116824.5,116550,116610.1,486.3142
1755901800000,116610,116720,116535.9,116655.2,390.4444
1755902700000,116655.2,116750.4,116655.1,116726.1,256.8771
1755903600000,116726,116797.4,116651.2,116651.2,259.0848
1755904500000,116651.2,116724,116651.2,116718.2,135.9158
1755905400000,116718.2,116874.9,116717,116867.7,259.5421
1755906300000,116867.6,116916,116813.4,116915.9,206.5897
1755907200000,116916,116945.3,116708,116708,392.6874
1755908100000,116708,116979.6,116703,116925.6,532.5391
1755909000000,116925.6,117013.5,116817.2,116825.2,356.1154
1755909900000,116825.2,116959.2,116825.2,116844,147.3397
1755910800000,116844.1,116846,116750,116788,221.4194
1755911700000,116788,116788,116550,116550,444.435
1755912600000,116550.1,116639.5,116236,116286.3,829.2555
1755913500000,116286.4,116479.5,116286.3,116414,356.6658
1755914400000,116414,116530.5,116156,116206.1,604.1412
1755915300000,116206.1,116261.6,115843.3,115843.4,895.3495
1755916200000,115843.3,115975.6,115447.7,115843.5,2789.2288
1755917100000,115843.6,116114.2,115749.9,115903.6,872.5251
1755918000000,115903.7,116013.1,115679.9,115982.1,672.425
1755918900000,115982,115982.1,115625,115701.5,773.9527
1755919800000,115701.5,115720.2,115456,115456,417.0097
1755920700000,115456,115641.5,115450,115550.4,306.7794
1755921600000,115550.3,115758.9,115533,115757.4,390.3006
1755922500000,115757.4,115765.4,115628.6,115706,269.5547
1755923400000,115706,115955.6,115705.9,115857,709.8548
1755924300000,115857,115919,115752.1,115912.2,240.0981
1755925200000,115912.2,115949,115787,115848,252.8262
1755926100000,115848,115982.8,115848,115937.2,227.28
1755927000000,115937.3,116021.3,115925.6,115957.9,311.2042
1755927900000,115958,116026.6,115885.7,115939.7,283.1521
1755928800000,115939.7,116025.9,115817.4,115825.9,307.8299
1755929700000,115825.9,115854.9,115687.4,115736,811.3711
1755930600000,115736,115833,115728.9,115728.9,203.1364
1755931500000,115728.9,115820.4,115648.3,115758.1,276.314
1755932400000,115758.1,115872.5,115650,115835.8,261.1695
1755933300000,115835.7,115872.5,115711,115711,162.9788
1755934200000,115711,115895,115645.2,115870,396.0889
1755935100000,115870,115870,115740.4,115788.8,205.5145
1755936000000,115788.8,115858,115788.8,115812,134.1466
1755936900000,115812,115849.5,115628.5,115644,312.4131
1755937800000,115644,115797.8,115589.7,115797.8,307.7449
1755938700000,115797.7,115845.2,115727.1,115730.7,166.7434
1755939600000,115730.7,115774.9,115624.1,115641.7,273.1889
1755940500000,115641.7,115641.7,115594,115603,223.5127
1755941400000,115603,115666,115600,115665.9,270.6498
1755942300000,115666,115753.5,115610.2,115751.9,243.3087
1755943200000,115751.9,115752,115620.9,115629,309.9158
1755944100000,115629,115632.3,115555,115570.5,281.7157
1755945000000,115570.5,115610.2,115564,115589.6,140.8114
1755945900000,115589.6,115589.7,115524.5,115527.9,250.2546
1755946800000,115527.9,115570.5,115487.7,115543.9,433.9066
1755947700000,115543.9,115595.5,115490,115490,217.2378
1755948600000,115490.1,115536.6,115410.9,115411,241.182
1755949500000,115410.9,115454,115177.7,115266.2,967.9895
1755950400000,115266.2,115409.3,115154.5,115368.2,576.2384
1755951300000,115368.2,115451.2,115291.8,115313.2,429.541
1755952200000,115313.2,115438.4,115291.8,115352,591.9194
1755953100000,115352.1,115391.6,115134.8,115179.4,477.2793
1755954000000,115179.4,115179.4,115104.4,115140.6,497.3904
1755954900000,115140.7,115140.8,114946,114976.5,875.6151
1755955800000,114976.4,114978.4,114697,114906.9,2522.6825
1755956700000,114907,115061.3,114788.4,114820.1,902.5989
1755957600000,114820,114924.9,114778.5,114900,552.1327
1755958500000,114900.1,115036.6,114822.8,115000.4,640.8291
1755959400000,115000.1,115065.4,114678,114690,1210.9066
1755960300000,114690,114769.8,114557.1,114564,1175.0421
1755961200000,114564,114687.2,114459.5,114675.1,1369.1405
1755962100000,114675.2,114867.8,114674,114844.6,594.2048
1755963000000,114844.7,114906.2,114785.5,114850,328.5798
1755963900000,114850,114890,114780,114780.7,298.4383
1755964800000,114780.6,114799.9,114652,114679,388.3123
1755965700000,114679,114927.4,114678.9,114837.1,408.6452
1755966600000,114837.2,114859.6,114744.7,114766.5,225.503
1755967500000,114766.4,115058.8,114766.4,114974.8,416.3855
1755968400000,114974.8,115087,114955.6,115087,284.4044
1755969300000,115086.9,115087,114910.6,114955.8,194.8319
1755970200000,114955.8,115138.3,114955.8,115057.9,377.4049
1755971100000,115057.9,115085.2,115043.2,115063.2,126.2119
1755972000000,115063.3,115157.7,115063.3,115117.7,231.256
1755972900000,115117.7,115161.9,115009.2,115044.5,261.944
1755973800000,115044.5,115125,115006.4,115125,173.935
1755974700000,115125,115160,115083.7,115113.1,165.4159
1755975600000,115113.1,115142.8,115047.5,115047.5,119.5171
1755976500000,115047.5,115109.5,115009.4,115055.3,143.8705
1755977400000,115055.3,115071.2,115038.3,115052.2,94.3355
1755978300000,115052.2,115124,115052.2,115100,103.687
1755979200000,115100,115124,115063.6,115101.8,158.8287
1755980100000,115101.8,115183.5,115101.7,115183.4,96.242
1755981000000,115183.4,115243.9,115102.8,115120.2,189.7999
1755981900000,115120.2,115326.9,115106,115289.9,453.1407
1755982800000,115290,115290,115064.2,115065.2,242.7295
1755983700000,115065.2,115096,115044,115044,120.3163
1755984600000,115044,115044.1,114969.7,115033.5,147.5616
1755985500000,115033.5,115178.5,114984.2,114990.5,303.3581
1755986400000,114990.5,115249.9,114990.5,115216.7,251.5418
1755987300000,115216.7,115250,115194.8,115248,95.3598
1755988200000,115248,115248,115205.8,115205.8,67.4761
1755989100000,115205.8,115272.9,115196.2,115272.9,112.8735
1755990000000,115272.9,115278.8,115203.4,115203.4,138.6539
1755990900000,115203.4,115275,115203.4,115242.4,81.8233
1755991800000,115242.4,115264.1,115211.1,115264.1,68.2687
1755992700000,115264.1,115386.1,115264,115386,219.5229
1755993600000,115386.1,115386.1,115276,115335.5,186.1478
1755994500000,115335.5,115383,115300,115383,139.0673
1755995400000,115383,115510.2,115350.2,115437.1,433.8524
1755996300000,115437.1,115437.1,115305.5,115347.5,324.1511
1755997200000,115347.5,115394,115221.4,115342.6,524.5266
1755998100000,115342.5,115374.7,115153.1,115265.3,301.0917
1755999000000,115265.3,115463.8,115224.3,115458.8,208.1874
1755999900000,115458.9,115538.2,115420,115444.6,309.9715
1756000800000,115444.6,115648,115392,115590.2,603.3409
1756001700000,115590.1,115590.6,115427,115500.4,346.0016
1756002600000,115500.4,115529.6,115160,115192.7,500.1967
1756003500000,115192.6,115214.6,114962.3,114987.2,475.2601
1756004400000,114987.1,115139.8,114907.4,115040.6,415.2315
1756005300000,115040.5,115085.9,114927.3,114936.9,275.6522
1756006200000,114937.1,115021.4,114937.1,114968.9,248.8187
1756007100000,114968.8,115156.4,114940,115020.1,292.8971
1756008000000,115020,115264.7,115020,115189,269.1805
1756008900000,115188.9,115258,115145.9,115200,172.4517
1756009800000,115200,115200,115067,115095.5,185.0026
1756010700000,115095.4,115150,115067.4,115150,95.4206
1756011600000,115150,115187.9,115085.9,115116.1,102.9178
1756012500000,115116.1,115153.7,115060,115060,81.4307
1756013400000,115060,115060.1,114928.6,114950.1,236.3298
1756014300000,114950.1,115000,114911.8,114988.4,120.9161
1756015200000,114988.4,115003.9,114884.8,114941.1,154.3977
1756016100000,114941.1,115041.8,114837.3,114997.3,282.9422
1756017000000,114997.3,115029.2,114916.8,114986.2,177.602
1756017900000,114986.2,114986.2,114836.3,114849.2,180.0263
1756018800000,114849.2,114950,114838,114944.9,129.0284
1756019700000,114944.9,115028,114853,115028,205.4634
1756020600000,115028,115113.8,114934.6,114969.1,229.9134
1756021500000,114969.1,114987.2,114858.3,114858.4,181.7316
1756022400000,114858.3,114965.4,114712.9,114864.1,681.4147
1756023300000,114864,114907.9,114758.5,114800.3,227.9888
1756024200000,114800.3,114844.9,114750,114767.1,170.8081
1756025100000,114767.1,114826.4,114751.1,114826.3,149.0105
1756026000000,114826.3,114879.3,114660.3,114663.4,295.6788
1756026900000,114663.4,114833,114659.1,114822.2,195.6523
1756027800000,114822.2,115054.4,114822.1,114998.9,227.9104
1756028700000,114998.9,114998.9,114827,114827.1,169.0537
1756029600000,114827.1,114904.5,114755.4,114811.2,327.6565
1756030500000,114811.2,114819.3,114666,114722.5,178.4213
1756031400000,114722.5,114851.8,114588,114851.8,445.0639
1756032300000,114851.8,114943.8,114756.6,114759.4,300.858
1756033200000,114759.3,114875,114690.3,114770.1,226.0142
1756034100000,114770.1,114818.2,114591.2,114628,293.7391
1756035000000,114628,114685,114610,114638.1,159.6882
1756035900000,114638.1,114745,114638,114719.4,96.6202
1756036800000,114719.4,114823.8,114687.5,114780.3,214.4672
1756037700000,114780,114818.3,114654.3,114670.3,148.757
1756038600000,114670.4,114733.9,114578.5,114639.4,176.6164
1756039500000,114639.4,114686,114593.9,114664.8,151.2775
1756040400000,114664.7,114689,114630,114653.9,188.0457
1756041300000,114653.9,114870,114640.6,114644.4,460.2222
1756042200000,114644.4,114760,114554,114619.4,370.5421
1756043100000,114618.1,114773.8,114522.6,114547.3,309.1497
1756044000000,114547.4,114567.1,114321.7,114382.7,1076.7416
1756044900000,114382.6,114595.6,114356.5,114442,412.4749
1756045800000,114442.1,114518,114384,114424.2,241.7917
1756046700000,114424.2,114649,114424.2,114500.6,304.5861
1756047600000,114500.7,114843.6,114432.7,114668,738.5275
1756048500000,114668.1,114730.5,114551.5,114632.7,717.0354
1756049400000,114633.9,114786.1,114569,114637.1,498.5448
1756050300000,114637,114637.1,114388,114391.6,360.8874
1756051200000,114391.7,114525.9,114338,114498,504.7285
1756052100000,114498,114534.5,114357.6,114417.4,284.2499
1756053000000,114417.4,114464,114366,114368.8,337.3417
1756053900000,114368.8,114388.1,114225.5,114250,702.3285
1756054800000,114250,114519,114167.4,114434,972.1505
1756055700000,114434,114500,114240.1,114268.1,608.1875
1756056600000,114268.1,114555,114248.5,114525.5,529.7075
1756057500000,114525.6,114546.3,114289.5,114400.4,405.5811
1756058400000,114400.5,114726.9,114279.8,114724.5,801.5201
1756059300000,114722.1,114820,114588.1,114658,609.5774
1756060200000,114658,114900,114613.9,114768,513.9074
1756061100000,114768,114788.6,114524.3,114613.4,392.4258
1756062000000,114613.4,114654.2,114532.8,114565.2,256.5182
1756062900000,114565.3,114705.9,114481.5,114705.8,232.7538
1756063800000,114705.8,114765,110346.3,113022.5,17695.1458
1756064700000,113022.5,113050.2,111936.3,112560.4,4200.0696
1756065600000,112560.4,112560.6,111603.2,112100.1,2611.9953
1756066500000,112100.1,112927.9,112062.5,112814.5,1449.7565
1756067400000,112814.5,112956.7,112483.7,112956.7,631.5429
1756068300000,112956.6,112956.7,112474.5,112737.9,537.4882
1756069200000,112738,112813.3,112333,112588,649.1601
1756070100000,112588,112875.8,112552,112875.8,283.8517
1756071000000,112875.8,113382.5,112849.5,112901.5,1093.7502
1756071900000,112901.6,113155.1,112862.6,112936,321.1527
1756072800000,112936,113096.2,112674.5,112875.8,811.0746
1756073700000,112875.8,112875.9,112570.8,112604.6,624.583
1756074600000,112604.6,113346,112577.2,113308.6,1126.0041
1756075500000,113308.7,113451.9,113170,113385.7,906.6518
1756076400000,113385.8,113533.6,113296,113394.2,594.7042
1756077300000,113394.3,113596.5,113378.1,113582,297.077
1756078200000,113581.9,113660,113403,113593.9,563.3194
1756079100000,113594,113604.8,113326.7,113443.2,345.1915
1756080000000,113443.3,113477.3,113300,113365.2,445.0678
1756080900000,113365.2,113441.1,113013,113023.9,877.6722
1756081800000,113023.9,113040.5,112110,112212.1,1845.4798
1756082700000,112212.1,112624.5,112120.8,112609.6,935.9065
1756083600000,112609.6,112857.1,112584.8,112775.9,562.4347
1756084500000,112775.9,113101.7,112567.8,112949.5,990.5554
1756085400000,112949.5,113015.9,112666.7,112666.7,304.4793
1756086300000,112666.7,113050,112666.7,113019.6,243.0636
1756087200000,113019.7,113340.8,113019.6,113323,594.9669
1756088100000,113323,113587.9,113254.3,113380.7,814.4416
1756089000000,113380.7,113469.5,113250,113263.4,442.5506
1756089900000,113263.5,113446.9,113253.2,113348.8,287.4644
1756090800000,113348.8,113611.2,113283.8,113362.3,338.3297
1756091700000,113362.2,113521.9,113252.8,113320.4,346.7369
1756092600000,113320.3,113427.1,113228.4,113293.3,262.2496
1756093500000,113293.4,113337.9,112838.2,112862,733.4498
1756094400000,112862,113024.1,112810,112810.1,836.3234
1756095300000,112810.1,112887.9,112638,112679,672.9543
1756096200000,112679.1,112770.5,112572.1,112754.7,455.3061
1756097100000,112754.6,112814,112608.6,112736.1,391.9855
1756098000000,112736.1,112836.4,112511.4,112527.3,496.5893
1756098900000,112527.2,112626.6,112472,112524.5,375.981
1756099800000,112524.5,112589.2,112365,112488,362.0424
1756100700000,112488,112600,112278.9,112289.9,398.6813
1756101600000,112290,112394.7,112222.2,112264.1,416.2457
1756102500000,112264.1,112438.9,112136.2,112233.9,554.2426
1756103400000,112234,112295,112014,112021,862.4875
1756104300000,112020.9,112037.6,111711.2,111897.9,1321.3916
1756105200000,111898,112030,111760.7,112007.2,575.9352
1756106100000,112007.2,112125,111848,111863.4,414.4964
1756107000000,111863.4,111917.2,111384.7,111816.9,1595.9762
1756107900000,111816.9,111826,111225.9,111466,1685.5512
1756108800000,111466,111582.4,110928.3,111579.8,1918.8324
1756109700000,111579.8,111763.2,111550,111627.3,623.8832
1756110600000,111627.3,111801,111500,111506.3,621.6435
1756111500000,111506.3,111657.3,111366.4,111380.3,417.3571
1756112400000,111380.4,111441.7,111231,111361.9,810.5967
1756113300000,111361.9,111656.3,111361.9,111450,648.5682
1756114200000,111450,111655.2,111360,111627.8,380.2576
1756115100000,111627.7,111831.2,111587.8,111783.3,636.4841
1756116000000,111783.3,111785.1,111610,111638.3,412.4697
1756116900000,111638.4,111700,111060,111215.2,1035.4289
1756117800000,111215.2,111412,111026.8,111190.1,834.136
1756118700000,111190,111225.7,110916.7,110972.7,831.1317
1756119600000,110972.6,111136,110905,111109.6,490.3756
1756120500000,111109.6,111152.5,110974,111064.5,308.4351
1756121400000,111065.4,111260.7,110937.5,111091.9,701.8263
1756122300000,111091.8,111266,111078,111199.6,285.1509
1756123200000,111199.6,111359.9,111045,111197.9,604.2009
1756124100000,111198.3,111678.5,111143.6,111666.7,757.087
1756125000000,111666.7,111666.7,111302.6,111576.8,945.9837
1756125900000,111576.8,111594.9,111380,111562.6,466.6714
1756126800000,111560,111570.8,111312.5,111472,396.3502
1756127700000,111472,111720,111291.3,111636.2,551.7595
1756128600000,111636.3,111694.7,110760,110799.9,2778.3261
1756129500000,110799.9,111519.3,110547,111470,2439.7472
1756130400000,111470,111917.8,111292.7,111801.7,2558.4467
1756131300000,111800.1,112188,111780.1,111887.9,2073.3224
1756132200000,111888,112252.2,111833.3,112016.4,1106.3043
1756133100000,112014.8,112292.4,111990.1,112231.4,692.9062
1756134000000,112231.5,112369.1,111818,111983.2,930.7545
1756134900000,111983.2,112542.1,111983.1,112432.9,1345.4034
1756135800000,112433,112500,112183,112394.2,698.8033
1756136700000,112392.6,112392.6,112097.1,112172.2,673.6826
1756137600000,112172.3,112571.6,111996.3,112558,760.7244
1756138500000,112557.9,112924.6,112547.3,112604.3,924.572
1756139400000,112604.3,112803.7,112530.3,112683.2,581.2243
1756140300000,112683.2,112773.4,112469.5,112473.9,516.1981
1756141200000,112474,112597.7,112134.4,112481.2,745.4777
1756142100000,112481.3,112780,112332.6,112700,446.2733
1756143000000,112699.9,112768.3,112331,112420.5,525.254
1756143900000,112420.5,112550,112239.9,112417.8,395.2999
1756144800000,112418,112472.6,112260.7,112444,306.9282
1756145700000,112444,112600,112415.8,112557.3,279.9306
1756146600000,112557.3,112562.9,112230,112280.5,410.3151
1756147500000,112280.4,112451.9,112272.3,112378.7,152.5422
1756148400000,112378.7,112418,112129.6,112129.6,293.1466
1756149300000,112129.6,112163.8,111686.1,111950.6,1417.105
1756150200000,111950.6,111966,111035.7,111154.1,1761.6605
1756151100000,111154.1,111367.2,110619,110684,1312.9867
1756152000000,110684,111057,109915.7,110027.4,5046.115
1756152900000,110027.4,110616.8,110027.4,110481.2,1508.156
1756153800000,110481.2,110519.9,109360.2,109907.6,4165.5453
1756154700000,109907.5,110021,109380.9,109521.1,1185.4599
1756155600000,109521.2,109876.9,109389.6,109464.1,1384.3169
1756156500000,109464.1,109878.5,109450,109495.3,749.1308
1756157400000,109495.3,110132.1,109232.8,110031.8,1323.4651
1756158300000,110031.8,110253,109843.8,109861.9,754.0114
1756159200000,109862,110127,109852.4,109984.7,499.5167
1756160100000,109984.6,110332,109920.1,110332,492.1994
1756161000000,110331.9,110550.9,110300,110527.3,554.7644
1756161900000,110527.3,110555,110065.5,110096.4,665.2392
1756162800000,110096.4,110133.8,109780,110006.6,704.0137
1756163700000,110006.6,110070,109750,109901.6,607.699
1756164600000,109901.5,110141.4,109849.5,110138.4,271.8077
1756165500000,110138.4,110247.8,110000,110074,338.3661
1756166400000,110074,110080,109438.5,109677,2215.5259
1756167300000,109676.9,109818,109361,109620,1099.6021
1756168200000,109620,109854.8,109137.4,109172.7,1170.8197
1756169100000,109172.6,109548,108839,109048,2740.4886
1756170000000,109048,109631.5,108636.8,109372.8,2623.8085
1756170900000,109372.9,109767.3,109272,109703.9,745.181
1756171800000,109703.9,109780,109483.4,109594.9,468.1994
1756172700000,109594.9,109870,109550.9,109849.5,600.1201
1756173600000,109849.5,109983.4,109650,109964.2,552.634
1756174500000,109964.1,109968.9,109635,109806,325.7624
1756175400000,109805.9,109852.9,109510.8,109612.2,372.1278
1756176300000,109612.2,109769.9,109466.4,109675.7,408.7198
1756177200000,109675.6,109713.2,109503.3,109537.6,274.2259
1756178100000,109537.6,109887,109387.8,109737.6,604.9246
1756179000000,109737.5,109883.5,109737.5,109817.9,223.3775
1756179900000,109818,109869.7,109772.6,109835.4,144.4814
1756180800000,109835.5,110124,109835.5,110100,506.0237
1756181700000,110100,110130.7,109928,110124,366.9847
1756182600000,110124,110193,109965,109984.3,386.6817
1756183500000,109984.3,110108.9,109885.3,110047.8,189.2744
1756184400000,110047.9,110221,110044,110191.7,226.7905
1756185300000,110191.4,110220,110114,110114,183.3231
1756186200000,110114,110275,110031.8,110260.3,261.591
1756187100000,110260.3,110326.6,110150.4,110150.4,275.8478
1756188000000,110150.4,110278,110048.6,110230.5,439.1091
1756188900000,110230.5,110292.8,109840.6,109966.6,508.5742
1756189800000,109966.5,110046.7,109916.3,109956.1,234.4638
1756190700000,109956.1,110050,109851.2,109942.9,285.8584
1756191600000,109942.8,110011.3,109722.5,109750,420.2757
1756192500000,109750.1,109950,109708.2,109935.2,330.9983
1756193400000,109935.2,110498.6,109890.2,110263.5,1066.3129
1756194300000,110263.4,110330.3,110139,110238.9,303.4332
1756195200000,110239,110321.7,110145.1,110230.1,254.9253
1756196100000,110230,110410.2,109937.6,110035.2,410.1584
1756197000000,110035.1,110124.9,109964.9,110124.9,335.135
1756197900000,110124.9,110383.8,110043.5,110050,390.3557
1756198800000,110050.1,110290.5,110050,110212,222.0723
1756199700000,110212,110361.4,110172,110274.5,253.2847
1756200600000,110274.5,110306.4,110005.1,110009.7,276.3924
1756201500000,110009.8,110119.5,109984,110119.5,193.0491
1756202400000,110119.4,110327,110016.2,110308.7,514.4704
1756203300000,110308.6,110364.2,110206.7,110283.3,241.0595
1756204200000,110283.3,110343,110224,110314.1,135.4496
1756205100000,110314.1,110341.1,110089,110170.1,245.1904
1756206000000,110170.2,110187.1,109980,109993.3,308.9196
1756206900000,109993.2,109993.3,109777,109821.5,496.4467
1756207800000,109821.5,109822,109572.3,109621.2,714.4592
1756208700000,109621.3,109844,109500.1,109844,596.0042
1756209600000,109843.9,109868.8,109580,109600,458.348
1756210500000,109600,109726,109570,109675.9,247.2235
1756211400000,109675.9,110789,109675.9,110484,2484.0316
1756212300000,110483.9,110650,109731.6,110170.6,2258.2491
1756213200000,110170.7,110234,110016,110119,669.7472
1756214100000,110119,110160.9,109752.3,109814.4,677.925
1756215000000,109814.3,110199.8,109647,109852,1536.3033
1756215900000,109852,110078.2,109339.9,110042.1,1831.5918
1756216800000,110042.1,110279.2,109752.3,109841.3,1279.5397
1756217700000,109841.2,110522.8,109752.5,110153,1211.951
1756218600000,110152,110454,110094.3,110340,882.572
1756219500000,110340,110467.8,110110,110325.2,658.9696
1756220400000,110325.1,110522.9,110192,110208,827.5902
1756221300000,110208,110400,110007.8,110041.7,699.8847
1756222200000,110041.7,110041.7,109515,109560.1,1096.1455
1756223100000,109560.1,109769.9,109546,109633.4,703.6461
1756224000000,109633.4,109750,109452.7,109480.4,547.661
1756224900000,109480.5,109722.1,109410.1,109718.1,592.3792
1756225800000,109718,109807.7,109566,109767.9,559.2416
1756226700000,109767.9,110130.7,109658.2,110130.6,669.6831
1756227600000,110130.6,110199,109741.5,109837.9,722.7367
1756228500000,109837.9,109920,109718.1,109813.9,288.1922
1756229400000,109813.9,109851.5,109555,109635.7,342.6782
1756230300000,109635.8,109955.8,109611.1,109955.7,277.3137
1756231200000,109955.8,110150,109929.4,110080,367.3755
1756232100000,110080.1,110463.2,110048.2,110458,477.698
1756233000000,110457.9,110948.1,110352.1,110861.5,1125.3133
1756233900000,110861.6,110909.3,110630,110667.7,496.7943
1756234800000,110667.7,110676,110461,110634.2,394.166
1756235700000,110634.3,111134.5,110568.6,111085.6,1043.3298
1756236600000,111085.5,111093.1,110791.3,110791.4,419.7702
1756237500000,110791.3,111136.1,110791.3,111070.8,667.9469
1756238400000,111070,111234.7,110871.2,111228.4,455.006
1756239300000,111228.4,111341.1,111136.4,111290.1,456.2604
1756240200000,111290.2,111290.2,111142.5,111156.6,293.8559
1756241100000,111156.7,111335.2,111103.6,111280.1,281.592
1756242000000,111280,111302,111072.4,111081.4,269.8537
1756242900000,111081.4,111289.8,111081.4,111236,171.0865
1756243800000,111236.1,111427.9,111166.3,111217,370.0158
1756244700000,111216.9,111550,111133.3,111543.7,333.5262
1756245600000,111543.6,111850,111534,111845.2,1406.438
1756246500000,111845.2,111928.6,111586,111590.6,648.5005
1756247400000,111590.7,111715.4,111502.8,111541.5,440.2604
1756248300000,111541.5,111888,111534.4,111847.4,310.1473
1756249200000,111847.3,112311.3,111831.6,112265,1272.6638
1756250100000,112265.1,112274,111870,111891.6,1005.5195
1756251000000,111891.6,111914.6,111723.7,111829.9,622.8735
1756251900000,111829.9,111833.6,111676,111711.3,253.7622
1756252800000,111711.3,111733,111581.4,111661.8,468.6827
1756253700000,111661.8,111729.3,111554,111586.4,299.9098
1756254600000,111586.5,111784,111500,111517.2,313.6589
1756255500000,111517.2,111533.8,111281.7,111312.4,716.9529
1756256400000,111312.4,111426.2,111243.7,111350.1,381.7945
1756257300000,111350.1,111362.2,111141.9,111207.6,426.1407
1756258200000,111207.7,111320.8,111045.8,111077,339.8885
1756259100000,111077,111300,111077,111261.3,279.3242
1756260000000,111261.3,111293.3,111068.7,111101.8,305.4135
1756260900000,111101.8,111437.9,111101.7,111265.4,576.3094
1756261800000,111265.5,111412,111254.2,111313.3,206.1483
1756262700000,111313.3,111313.3,111062.9,111089.9,251.8569
1756263600000,111089.6,111190,110944.4,111000.9,373.6923
1756264500000,111000.8,111050,110878.7,110932.6,327.874
1756265400000,110932.6,111170.5,110932.5,111161.4,440.0607
1756266300000,111161.4,111678,111161.3,111380,954.7511
1756267200000,111380.1,111686,111360,111473.9,608.0289
1756268100000,111474,111600,111358.7,111409.2,335.0588
1756269000000,111409.3,111600,111366.7,111519.3,239.5021
1756269900000,111519.3,111634,111466.5,111521.1,156.9923
1756270800000,111521.1,111550,111337,111544.4,359.2663
1756271700000,111544.3,111628.4,111288,111330,324.2546
1756272600000,111330,111436.8,111282.2,111365.6,194.8189
1756273500000,111365.5,111379.9,111300,111321,129.8824
1756274400000,111321,111331.8,111208.5,111233.7,323.7731
1756275300000,111233.7,111314.3,111116.5,111216.4,355.9149
1756276200000,111216.4,111271.5,111058.8,111101.1,260.8192
1756277100000,111101,111108.2,110982.1,110998,251.4933
1756278000000,110998,111092.8,110960,110964.2,269.9345
1756278900000,110964.2,110971.2,110670.5,110794.1,687.5911
1756279800000,110794.2,110875,110641.6,110686.2,460.478
1756280700000,110686.2,110819.9,110594.1,110698.8,480.4331
1756281600000,110698.7,110800,110604.2,110656,306.0163
1756282500000,110656,110669.8,110532.5,110559.9,353.1504
1756283400000,110559.8,110600,110465.4,110499.9,445.2047
1756284300000,110500,110737.3,110318.9,110713,578.0925
1756285200000,110713,110888,110676,110803.3,551.8665
1756286100000,110803.3,110958.2,110793.8,110920.2,357.418
1756287000000,110920.2,111075,110834,110853.7,431.6335
1756287900000,110853.7,110853.7,110761.5,110770.5,205.3431
1756288800000,110770.6,111039.5,110770.5,111039.5,447.2019
1756289700000,111039.5,111228.6,110903.2,111000.7,592.8318
1756290600000,111000.8,111085.7,110860,111012.7,243.3051
1756291500000,111012.7,111057.6,110920.6,110924.8,162.8447
1756292400000,110924.9,111220.8,110924.9,111220.7,209.0302
1756293300000,111220.7,111220.8,111085.7,111141,152.4542
1756294200000,111141.1,111249.8,111141,111189.1,200.1003
1756295100000,111189.2,111332.4,111189.1,111263.7,321.879
1756296000000,111263.7,111360.6,111093.4,111281.4,539.7831
1756296900000,111281.4,111336.1,111082.8,111091.6,284.9525
1756297800000,111091.6,111165.2,110965.6,111019.3,322.8613
1756298700000,111019.4,111317.8,111014,111288.9,294.5193
1756299600000,111289,111289,111045.8,111068,257.9989
1756300500000,111068,111300.1,111030,111274.1,393.9692
1756301400000,111274.1,111794.3,110963.9,111515.4,1785.9302
1756302300000,111515.3,111849.5,111318.3,111435.7,1497.0565
1756303200000,111435.7,111682,111208.6,111600.1,805.6883
1756304100000,111600,112157.7,111465.8,112149.9,1497.9495
1756305000000,112149.9,112580.6,111872.7,111872.7,2872.3756
1756305900000,111872.7,112120.6,111606.3,111758.4,1776.0688
1756306800000,111758.3,112050,111625,111941.9,641.6552
1756307700000,111941.8,112008.4,111632,111718.4,363.8922
1756308600000,111718.3,111822.4,111440,111755.7,712.9435
1756309500000,111756,111974,111693,111964.4,355.2961
1756310400000,111964.4,111988,111760,111862.3,426.2282
1756311300000,111862.1,112089.8,111606,111780,538.0184
1756312200000,111780,111862.6,111489.6,111818.9,621.8899
1756313100000,111818.5,112219,111735.5,112061.5,522.0457
1756314000000,112061.5,112061.6,111865.3,111922.6,296.0011
1756314900000,111922.6,112368.7,111835.8,112269.7,621.8081
1756315800000,112269.8,112400,112194.6,112245.8,415.4435
1756316700000,112245.8,112364.1,112214.4,112285.9,187.4155
1756317600000,112285.9,112475,112274.6,112424.1,407.4386
1756318500000,112424.1,112564,112327.4,112423.9,432.4304
1756319400000,112424,112438,112180.7,112186.5,306.5622
1756320300000,112186.4,112281.3,111865.3,111900,368.9071
1756321200000,111900,112106,111520,111623.4,972.3547
1756322100000,111623.5,112032.3,111600,111979,404.1214
1756323000000,111979,112181.5,111964,112046.2,406.5187
1756323900000,112046.2,112068.9,111872.8,112033.5,215.5459
1756324800000,112033.5,112067.8,111529.6,111871,688.9663
1756325700000,111870.9,112325.8,110832.6,112022,4658.0844
1756326600000,112021.9,112349,111960.8,112288.7,871.1813
1756327500000,112288.7,112380.9,112068.1,112380.9,363.2433
1756328400000,112380.9,112420,112007.8,112065.3,407.6021
1756329300000,112065.3,112088.7,111600,111757.3,539.3283
1756330200000,111757.4,111860.6,111550,111610.4,336.9289
1756331100000,111610.4,111670.7,111309.9,111487.9,582.9682
1756332000000,111488,111500,111003.9,111119.9,692.7321
1756332900000,111119.9,111349.8,111119.9,111268.6,544.8695
1756333800000,111268.6,111565.8,111242.5,111552.7,246.5986
1756334700000,111552.7,111552.8,111350,111365.4,153.1649
1756335600000,111365.5,111502.3,111307.2,111319.5,215.6651
1756336500000,111319.5,111377,111176.7,111299.9,249.1437
1756337400000,111299.9,111374.9,111055,111074,273.3233
1756338300000,111073.9,111229.1,111073.9,111203.2,313.6124
1756339200000,111203.3,111433.1,111167.8,111421,249.1493
1756340100000,111421,111490.8,110888,111100,580.1541
1756341000000,111099.9,111261.7,110820,111261.7,538.8065
1756341900000,111261.6,111415.2,111102,111300,362.2918
1756342800000,111300,111539.8,111290.1,111463.1,351.2463
1756343700000,111463.1,111565.5,111337.5,111397.2,460.722
1756344600000,111397.2,111588,111374.1,111516.2,247.7073
1756345500000,111516.3,111680,111500,111601.3,206.0084
1756346400000,111601.4,111721,111538.2,111538.2,332.1057
1756347300000,111538.2,111600,111419.4,111573.1,414.3719
1756348200000,111573,111623.1,111419.4,111456,189.9599
1756349100000,111456,111548.4,111386.6,111453.7,146.5469
1756350000000,111453.7,111830.1,111359.2,111820.3,334.9704
1756350900000,111820.2,111915.2,111733,111882.3,361.1807
1756351800000,111882.4,111991.6,111839.9,111886.7,368.2509
1756352700000,111886.7,111998.1,111814.7,111968.4,237.8814
1756353600000,111968.4,112142.2,111910.2,112133.3,362.6992
1756354500000,112133.3,112279.9,112077.3,112267.7,751.3545
1756355400000,112267.7,112793.2,112240,112758.3,1925.8343
1756356300000,112758.2,113050,112730,112944.2,1489.1892
1756357200000,112944.3,113140.2,112833.3,112890.8,856.1651
1756358100000,112890.7,112974.8,112785.2,112831.9,599.8556
1756359000000,112831.9,112918.7,112755.2,112759.7,351.3789
1756359900000,112759.7,112865,112666,112820,582.0686
1756360800000,112820.1,112888,112685.7,112726.1,327.5937
1756361700000,112726.1,112978.8,112715.1,112978.8,292.888
1756362600000,112978.7,113088,112923.8,113027,438.2665
1756363500000,113027,113268.5,112933.6,113199.8,1307.0459
1756364400000,113199.8,113333.2,113185.6,113309.9,862.6462
1756365300000,113309.8,113340,113093,113133.6,831.601
1756366200000,113133.6,113142,112968.3,113108.7,422.9504
1756367100000,113108.7,113137.3,113040,113101.2,227.5816
1756368000000,113101.3,113323.5,113077.7,113188.3,464.5495
1756368900000,113188.1,113188.1,113010,113026.7,310.0389
1756369800000,113026.7,113250.5,112978.7,113133,388.9374
1756370700000,113133.1,113145,112985.3,113096.4,233.8465
1756371600000,113096.3,113114.7,112988.1,112988.1,201.4019
1756372500000,112988.1,113029,112875.8,112958.8,554.6323
1756373400000,112958.8,112958.9,112862.3,112869.4,246.1616
1756374300000,112869.4,112885.2,112818.2,112836.4,271.8089
1756375200000,112836.5,113006.5,112800,112996.6,458.8823
1756376100000,112996.6,112996.6,112853,112879.6,180.4028
1756377000000,112879.5,113046.9,112879.5,113016.1,346.7981
1756377900000,113016,113080,112883.5,113080,235.9044
1756378800000,113079.9,113106.4,112954.9,112954.9,263.7142
1756379700000,112954.9,112999.2,112906.1,112917.7,237.9707
1756380600000,112917.7,112944.3,112837.4,112837.4,138.1149
1756381500000,112837.5,112986.6,112822.9,112895.7,285.1951
1756382400000,112895.7,112935.1,112821.5,112821.6,187.7872
1756383300000,112821.6,112919,112800,112817.6,294.1538
1756384200000,112817.5,113184.7,112740.2,113111.5,1218.4714
1756385100000,113111.4,113301.4,113050.5,113203.9,483.5264
1756386000000,113204,113219.1,113044,113079.4,236.4499
1756386900000,113079.4,113442.6,112977.4,113007.4,917.7514
1756387800000,113007.4,113187.5,112800,112880,1087.8327
1756388700000,112881.8,112920.9,112522.6,112795,1863.5613
1756389600000,112795,113114.8,112694.9,112959.8,735.9161
1756390500000,112959.8,113105.4,112591,112606.2,576.4318
1756391400000,112606.3,113129.5,112472.9,112950,1221.446
1756392300000,112950,113268,112909.9,113120.6,755.2249
1756393200000,113120.7,113159.1,112955,112997.5,413.4469
1756394100000,112997.5,113228,112384.6,112522.6,1470.282
1756395000000,112522.6,112777,112499,112538.6,576.3977
1756395900000,112538.6,112647.4,112356.5,112642.4,697.5183
1756396800000,112642.4,112918.6,112596.2,112880.2,627.1335
1756397700000,112880.2,113172.9,112800.9,112964.9,779.7966
1756398600000,112964.9,113003,112742,112838,310.1964
1756399500000,112838.4,112853.9,112284,112284,850.0838
1756400400000,112284,112390,112180,112230,863.5312
1756401300000,112230,112528.8,112200,112482.2,534.7296
1756402200000,112482.1,112594.9,112352.9,112581.6,342.8878
1756403100000,112581.6,112586.9,112310.9,112348.6,272.3376
1756404000000,112348.5,112367.9,112200,112245,247.9708
1756404900000,112245.1,112623,112245,112610,271.1327
1756405800000,112610,112685.3,112500,112500,456.756
1756406700000,112500.1,112534.6,112264.6,112343.1,342.6831
1756407600000,112343,112548.2,112273.7,112387.1,247.1606
1756408500000,112388.5,112388.5,112129.8,112327.6,424.5064
1756409400000,112328.1,112373.7,111964.8,112008,639.9224
1756410300000,112008,112159,111861,111866.3,559.7112
1756411200000,111867.4,111970.6,111833.3,111960,336.5235
1756412100000,111960.1,112091.4,111932.2,111972,335.3728
1756413000000,111972.1,112025.2,111855.8,111976.5,257.0293
1756413900000,111976.5,112011.6,111850.9,111851,245.3054
1756414800000,111851,112091.5,111846.2,112084,192.29
1756415700000,112084.1,112098.7,111879.6,111928.1,197.7172
1756416600000,111928.1,111938,111862.8,111866.7,153.2813
1756417500000,111866.7,112043.9,111866.6,111973.2,96.2309
1756418400000,111973.2,112247.9,111973.2,112233.5,321.326
1756419300000,112233.6,112369.1,112198.9,112355.6,256.9371
1756420200000,112355.5,112461.2,112286.8,112339.8,278.7035
1756421100000,112339.7,112425.2,112300,112310,154.0579
1756422000000,112310,112440,112254.5,112329.9,165.931
1756422900000,112329.9,112439.8,112279.1,112345,151.8059
1756423800000,112345,112469.8,112287.7,112432.8,143.7905
1756424700000,112432.8,112544.1,112396.4,112520,236.6552
1756425600000,112520.1,112520.1,112320.6,112385.9,253.569
1756426500000,112385.9,112617.6,112288.1,112550.5,299.9283
1756427400000,112550.5,112565.6,112180,112195.3,287.5057
1756428300000,112195.3,112248.4,112091.5,112174.5,248.3375
1756429200000,112174.5,112232.1,111845.3,111870.1,496.8399
1756430100000,111870.2,111872,111333,111510.8,1419.9956
1756431000000,111510.8,111666.7,111422.1,111600,403.4754
1756431900000,111599.9,111687.5,111400,111438.3,388.4114
1756432800000,111438.3,111659.7,111368,111614.9,364.1167
1756433700000,111614.9,111736,111418,111499,412.7193
1756434600000,111499.1,111547.1,111350,111355.7,622.6531
1756435500000,111355.7,111475.3,111305.2,111366.1,287.9605
1756436400000,111366.1,111571.8,111251.6,111462,525.3259
1756437300000,111462.1,111600,111448.6,111558,238.9572
1756438200000,111558.1,111756.6,111517,111686,400.4741
1756439100000,111686.1,111777.9,111651.5,111651.5,258.8768
1756440000000,111651.6,111800,111560.7,111623,385.4979
1756440900000,111623,111686.3,111562.1,111614.7,193.504
1756441800000,111614.6,111614.7,111466,111520.1,231.2538
1756442700000,111520.2,111575.9,111371,111458.5,201.7968
1756443600000,111458.5,111539,111333.9,111390,412.3609
1756444500000,111390.1,111393.6,111200,111258.5,487.9381
1756445400000,111258.4,111258.5,111111,111142,550.9376
1756446300000,111142,111278.1,111085.7,111272.3,616.3959
1756447200000,111272.2,111377.7,111057.5,111103.9,745.7925
1756448100000,111103.9,111130.5,110950.6,110961.4,576.1916
1756449000000,110961.4,111246.1,110918.4,111226,1015.1859
1756449900000,111226,111239.4,111087.9,111231.1,746.0811
1756450800000,111231.2,111232.7,110500,110500,2301.963
1756451700000,110500,110612.5,110067.2,110091.2,2150.8416
1756452600000,110091.2,110292,110021,110022.3,1173.7797
1756453500000,110022.4,110144.7,109850,109975.7,1590.4173
1756454400000,109975.7,110231.2,109907.1,110002.8,1052.0045
1756455300000,110002.2,110149.6,109888.1,109970.3,663.3274
1756456200000,109970,110123,109649,109832.3,1761.605
1756457100000,109832.3,109877.8,109555,109565.3,945.9933
1756458000000,109565.4,109650,109339.4,109511,1046.9418
1756458900000,109510.8,109767.9,109504.2,109687.9,613.8955
1756459800000,109688,109765.8,109590.9,109765.7,380.2318
1756460700000,109765.7,109865.3,109708.4,109708.4,592.8903
1756461600000,109708.4,109923.1,109690,109794.6,473.4584
1756462500000,109794.5,109960,109725.1,109881.1,442.9238
1756463400000,109881.1,109960,109800,109944.8,266.1078
1756464300000,109944.9,109970,109782.4,109943.9,330.752
1756465200000,109943.9,110093.6,109843.7,110058,560.5317
1756466100000,110057.9,110058.1,109950,109996.2,320.187
1756467000000,109996.3,110005,109775,109839,373.5874
1756467900000,109839.1,110036.9,109839.1,110036.9,190.0597
1756468800000,110036.9,110219.1,110003.3,110212.8,765.7186
1756469700000,110212.8,110305.3,110098.4,110279.3,520.2092
1756470600000,110279.3,111475.7,110279.2,110494.5,5708.1824
1756471500000,110494.5,110753.8,110454.9,110652.7,776.7436
1756472400000,110652.7,110725.5,110427.1,110623.9,418.4462
1756473300000,110623.9,110650,110366,110453.5,334.158
1756474200000,110453.5,110518.1,109503.7,109670.3,2495.7313
1756475100000,109670.3,109679.9,108831.8,109068.1,2974.6806
1756476000000,109068.1,109487.9,108426.3,108718.5,3733.2499
1756476900000,108718.4,108917.6,108260.4,108600,2231.9157
1756477800000,108599.9,108821.6,108358.1,108518.1,1310.9095
1756478700000,108518,108674.5,108055,108163,1822.0999
1756479600000,108164.9,108438.6,108140.1,108189.2,1400.6863
1756480500000,108189.2,108666.6,108189.2,108317.5,1201.524
1756481400000,108317.5,108548,108168,108423.7,814.3099
1756482300000,108423.6,108525,108230.6,108333.7,670.8129
1756483200000,108333.8,108649,108092,108592.3,891.4211
1756484100000,108592.3,108725.9,108441.9,108459.8,683.0572
1756485000000,108459.7,108788.3,108459.7,108707.6,665.9463
1756485900000,108707.7,108785,108513,108658.1,366.1386
1756486800000,108658,108689.9,108161.9,108187.9,603.0664
1756487700000,108188,108503.6,108111,108356.3,521.1222
1756488600000,108356.3,108558.2,108283.5,108405.2,343.5934
1756489500000,108405.1,108547.6,108376.5,108414.4,369.0708
1756490400000,108414.4,108461.2,108255,108303.9,317.1279
1756491300000,108304,108361.8,108016.5,108075.6,550.0786
1756492200000,108075.6,108203.2,108050.2,108095,250.2412
1756493100000,108095,108189.8,108062.6,108096.1,183.5452
1756494000000,108096.1,108429.3,107859.8,108318.1,1188.7533
1756494900000,108318,108708.8,108304.7,108600,540.1966
1756495800000,108599.9,108686.8,108327.6,108478.3,352.6631
1756496700000,108478.2,108586.7,108110,108164,566.156
1756497600000,108164,108218.8,107660,107855.8,1519.4752
1756498500000,107855.9,107993.3,107712.5,107927.4,469.5266
1756499400000,107928.4,107933,107600.3,107609.2,425.8507
1756500300000,107609.1,107835.7,107456,107740.9,967.4903
1756501200000,107740.9,107839,107405.7,107839,566.2367
1756502100000,107839,107917.4,107688,107916,281.7675
1756503000000,107916,108377,107916,108360.4,698.1138
1756503900000,108360.3,108430.7,108189.8,108400,435.0921
1756504800000,108400.1,108438.2,108229.9,108236,289.0148
1756505700000,108236.1,108389,108226,108293.9,254.6463
1756506600000,108293.9,108366,108159.9,108192.9,198.3201
1756507500000,108192.8,108343.7,108160,108343.7,133.4425
1756508400000,108343.7,108471.8,108295.6,108374.2,513.0038
1756509300000,108374.2,108476.2,108354.1,108404.9,235.3229
1756510200000,108404.9,108509.6,108400.2,108496.9,443.4657
1756511100000,108496.9,108496.9,108279.6,108335.7,247.3348
1756512000000,108335.8,108357.2,108205.5,108205.5,368.7532
1756512900000,108205.5,108390.6,108178,108272.5,716.0317
1756513800000,108272.4,108287.9,108113.6,108125,345.9491
1756514700000,108124.9,108286.3,108124.9,108260.9,222.5949
1756515600000,108261,108328.5,108215.5,108268.5,179.7727
1756516500000,108267.6,108267.7,107984.7,108004,290.6227
1756517400000,108004.1,108093.2,107986,108004.1,216.7852
1756518300000,108004.1,108004.2,107276.5,107407.5,1663.3052
1756519200000,107407.5,107761.9,107335.9,107746.2,883.6728
1756520100000,107746.2,107835,107572.6,107793.8,449.4945
1756521000000,107793.7,107915.2,107787.1,107900,316.1305
1756521900000,107900,107917.8,107751.3,107751.3,256.4963
1756522800000,107751.4,108027.7,107750,107998.1,353.6872
1756523700000,107998,108266.1,107947.5,108194.1,749.3662
1756524600000,108194.2,108382,108194.1,108294.1,538.9733
1756525500000,108294,108386.4,108281.1,108386.3,328.3959
1756526400000,108386.4,108450,108320.9,108416.1,353.0536
1756527300000,108416,108628.9,108412.1,108598.6,442.9243
1756528200000,108598.6,108598.6,108426.1,108444.9,358.8268
1756529100000,108444.9,108491.4,108368,108381.8,240.8405
1756530000000,108381.8,108427.9,108222.2,108222.3,442.4885
1756530900000,108222.2,108288,108189.8,108190.1,273.8013
1756531800000,108190,108405.1,108085.2,108344,498.5542
1756532700000,108344,108400,108243.8,108312.1,249.5673
1756533600000,108312.1,108520,108275.5,108295.7,361.9487
1756534500000,108295.6,108376.7,108228.3,108242.6,171.6326
1756535400000,108242.6,108295.7,108213.2,108248.1,152.8943
1756536300000,108249.3,108288,108174.3,108288,294.2743
1756537200000,108288,108350.1,108091,108237.4,448.1052
1756538100000,108237.4,108242.5,108180,108242.1,152.0699
1756539000000,108242,108460,108242,108460,299.4322
1756539900000,108460,108469,108424.7,108466.1,247.1662
1756540800000,108466.1,108644.7,108440,108600,545.9754
1756541700000,108600,108739.1,108568.8,108690.1,473.0233
1756542600000,108690.1,108690.1,108536.7,108570.6,269.0196
1756543500000,108570.6,108574.6,108483.6,108528.2,239.5885
1756544400000,108528.3,108565.9,108457,108457,193.4403
1756545300000,108457,108548.2,108452.2,108486.6,172.3982
1756546200000,108486.5,108494.7,108426.5,108440.1,220.5428
1756547100000,108440.1,108563.4,108426.1,108477,131.4027
1756548000000,108477,108601.8,108452,108546.8,363.3666
1756548900000,108546.8,108650.3,108546.7,108650.2,157.6307
1756549800000,108650.2,108650.3,108447.5,108448.1,204.4169
1756550700000,108448,108448,108311.3,108381.8,448.2001
1756551600000,108381.8,108498,108380,108490,128.7566
1756552500000,108490,108496.6,108423.2,108496.6,59.1388
1756553400000,108496.6,108545,108457.7,108544.9,146.7451
1756554300000,108545,108674,108544.9,108639.4,264.7753
1756555200000,108639.3,108639.4,108420.7,108526.3,283.2473
1756556100000,108526.3,108526.4,108422,108454.2,159.9124
1756557000000,108454.2,108471.8,108290,108400,628.6703
1756557900000,108400,108569.1,108399.9,108569.1,471.633
1756558800000,108569.1,108569.1,108145.1,108228.6,843.0868
1756559700000,108228.6,108378,108167.7,108378,318.396
1756560600000,108378,108471.1,108358.9,108359,196.4701
1756561500000,108358.9,108493.6,108300,108489.5,264.1581
1756562400000,108489.5,108489.5,108400,108424.7,128.1311
1756563300000,108424.6,108508.8,108357.2,108508.8,200.5489
1756564200000,108508.7,108599.7,108490.2,108578,311.0381
1756565100000,108578.1,108697.3,108578,108615.4,400.1732
1756566000000,108615.3,108615.4,108490.1,108538.1,258.22
1756566900000,108538.1,108844.2,108538.1,108734.3,637.9691
1756567800000,108734.3,108885,108609.1,108885,680.9642
1756568700000,108884.9,108885,108786.9,108824.1,368.4796
1756569600000,108824.1,108830,108620.7,108642.4,424.0935
1756570500000,108642.5,108734,108621.9,108683.2,189.8262
1756571400000,108683.1,108777.8,108651.8,108777.7,172.455
1756572300000,108777.7,108840,108766,108768.2,253.6606
1756573200000,108768.1,108855.1,108752,108834.2,166.2639
1756574100000,108834.2,108844.1,108766,108789.6,117.0074
1756575000000,108789.6,108809.3,108632.7,108662.5,248.1177
1756575900000,108662.5,108731,108573.3,108731,190.4317
1756576800000,108731,108771.7,108689.9,108700,187.3943
1756577700000,108699.9,108704.9,108608.5,108658.7,160.0655
1756578600000,108658.6,108689.3,108582.5,108689.3,154.9222
1756579500000,108689.3,108800,108673.1,108700.1,179.8768
1756580400000,108700.1,108727.4,108662,108684.5,47.897
1756581300000,108684.4,108768.1,108608.2,108768,140.8864
1756582200000,108768,108844,108759,108844,158.6475
1756583100000,108843.9,108865,108734.8,108787.1,110.4305
1756584000000,108787.2,108799.8,108659,108691.5,110.4689
1756584900000,108691.7,108733.2,108633.8,108733.1,80.6495
1756585800000,108733.2,108737,108548,108602.2,310.174
1756586700000,108602.1,108617.9,108560,108604,94.7475
1756587600000,108603.9,108645.8,108457,108604,321.7014
1756588500000,108604,108604,108539.3,108579.9,85.2125
1756589400000,108579.8,108579.9,108487.9,108535.3,145.3234
1756590300000,108535.4,108585.6,108497.7,108544,112.5644
1756591200000,108544,108550.1,108423,108480.9,153.2219
1756592100000,108481,108516.2,108475,108516.2,116.943
1756593000000,108516.2,108528,108470.2,108528,79.5638
1756593900000,108527.9,108528,108488.8,108488.8,79.6943
1756594800000,108488.9,108586.3,108488.8,108565.1,110.1586
1756595700000,108565.1,108679.1,108555.4,108659.4,141.0574
1756596600000,108659.4,108734,108609,108728,151.7713
1756597500000,108728,108758.2,108695.3,108758.1,98.5403
1756598400000,108758.1,108814.7,108758,108789.9,277.0882
1756599300000,108789.9,108834.4,108761.8,108834.4,153.0544
1756600200000,108834.3,109221.8,108834.3,109162.9,1085.6765
1756601100000,109162.8,109353.6,109086.5,109341.1,1092.9904
1756602000000,109341.2,109349.9,109086,109094.1,427.9305
1756602900000,109094.1,109302,109094,109280.4,299.9863
1756603800000,109280.4,109388,109240,109286,458.4001
1756604700000,109286,109436.2,109251.9,109380.1,268.8057
1756605600000,109380.1,109392,109249.4,109337.3,275.4291
1756606500000,109337.3,109369.5,109238,109283.2,148.4097
1756607400000,109283.1,109283.2,109188,109188,153.3697
1756608300000,109188.1,109188.1,109113.1,109177.8,317.4472
1756609200000,109177.8,109287,109177.8,109274.4,149.7768
1756610100000,109274.4,109274.4,109151.3,109176.3,131.6926
1756611000000,109176.4,109264,109127.3,109264,156.859
1756611900000,109264,109328.6,109111.7,109177.6,238.2463
1756612800000,109177.6,109188.1,108972.9,108972.9,431.4573
1756613700000,108972.9,108973,108783.3,108792.4,579.3927
1756614600000,108792.3,108823.7,108688,108688.1,420.7592
1756615500000,108688,108784.5,108622.8,108773.2,413.0343
1756616400000,108773.2,108773.2,108561,108653.4,396.1324
1756617300000,108653.3,108653.4,108518.2,108534,389.7468
1756618200000,108534,108708.6,108533.9,108703,224.3326
1756619100000,108703,108735.9,108636,108713,219.7582
1756620000000,108713,108731.9,108641.2,108724.1,143.108
1756620900000,108724.1,108733,108523.8,108530.3,348.1574
1756621800000,108530.3,108682.4,108470,108620.1,333.0207
1756622700000,108620,108688,108620,108668.5,97.6186
1756623600000,108668.6,108788,108637,108733.9,268.8839
1756624500000,108734.5,108749.9,108610.2,108644.9,149.1663
1756625400000,108645,108750,108645,108721.9,103.0057
1756626300000,108722,108722,108637.2,108659.2,82.4233
1756627200000,108659.2,108796.4,108659.2,108795.4,203.4986
1756628100000,108795.4,108876.6,108764.9,108847.1,213.1257
1756629000000,108847.1,108942.4,108757.4,108942.4,325.2452
1756629900000,108942.4,108990.2,108871.3,108960.8,221.0845
1756630800000,108960.9,109056,108915.1,109000.2,287.6664
1756631700000,109000.2,109057.5,108845.9,108849.6,226.9104
1756632600000,108849.6,108872.9,108652.9,108672,370.7156
1756633500000,108672,108722.3,108399.3,108472.7,930.5315
1756634400000,108472.7,108512.5,108312.4,108407,552.1729
1756635300000,108407,108461.1,108306.6,108422,444.2478
1756636200000,108422.1,108469.3,108344.2,108346.3,200.5174
1756637100000,108346.3,108595.2,108250,108523.9,525.3423
1756638000000,108524,108559.8,108464.6,108464.6,163.4937
1756638900000,108464.7,108500,108269.4,108489.9,291.9285
1756639800000,108489.8,108522,108329.9,108350,219.6165
1756640700000,108350,108432.2,108325.6,108338.7,269.2719
1756641600000,108338.7,108406.5,108267.5,108284.1,442.1676
1756642500000,108284.1,108391.9,108266.7,108365.8,210.7995
1756643400000,108365.8,108449.7,108329.5,108339.4,165.9316
1756644300000,108339.3,108402.4,108270,108276,351.5628
1756645200000,108276,108380,108128.9,108170,644.6844
1756646100000,108170.1,108419.2,108143.3,108257.2,435.4927
1756647000000,108257.1,108345.7,108180,108340.6,377.8577
1756647900000,108340.7,108397.2,108260,108370.9,181.0593
1756648800000,108370.8,108436.8,108207.6,108274.6,248.7115
1756649700000,108274.5,108372.9,108231.1,108326.5,315.1086
1756650600000,108326.6,108468,108316.3,108392.5,236.4674
1756651500000,108392.4,108450,108380,108412.4,156.8355
1756652400000,108412.5,108640,108400.4,108404,502.8776
1756653300000,108403.9,108524,108403.9,108500,322.6705
1756654200000,108500,108652.7,108416.2,108650.2,329.2972
1756655100000,108650.2,108800,108636.6,108756.5,566.9761
1756656000000,108756.5,108830.4,108640,108730.9,476.2967
1756656900000,108730.9,108750,108483.3,108628.5,336.1747
1756657800000,108628.6,108829.7,108552,108815.9,337.7599
1756658700000,108815.9,108940.1,108772.9,108885,649.4428
1756659600000,108885.1,108914.3,108820.3,108869.3,303.4642
1756660500000,108869.3,108926.3,108792.6,108900.7,388.9457
1756661400000,108900.8,108948.9,108800,108937.6,218.462
1756662300000,108937.7,108950.3,108872,108949.9,209.3006
1756663200000,108949.9,108976.7,108875.4,108915.6,201.3372
1756664100000,108915.6,109080,108915.6,108956.3,473.1601
1756665000000,108956.3,109137,108941.1,109104.5,316.9665
1756665900000,109104.4,109180,109053.3,109095.5,213.291
1756666800000,109095.4,109119.6,108921.9,108949.8,248.6933
1756667700000,108949.8,109020,108879.5,108920,176.4437
1756668600000,108920,109075.7,108919.9,109059.9,120.2972
1756669500000,109059.9,109059.9,108854.4,108877.9,180.1791
1756670400000,108877.9,109053.9,108809.1,108983.1,347.3134
1756671300000,108983,109031.5,108908.5,109014.1,151.7015
1756672200000,109014.1,109082.1,108921.9,108990,284.6121
1756673100000,108990,109090,108970.7,109090,177.6448
1756674000000,109090,109090,108893,108966,412.147
1756674900000,108966.3,109026,108957.2,108973.6,76.3926
1756675800000,108973.6,109061.5,108956.4,109061.5,92.4499
1756676700000,109061.7,109066,108953.7,108990.4,107.4962
1756677600000,108990.5,109029.4,108820,109029.4,396.9081
1756678500000,109029.4,109197.9,109029.4,109136.5,212.7617
1756679400000,109136.5,109136.5,108800,108800,252.4171
1756680300000,108800.1,108889.3,108688.1,108841.6,328.7064
1756681200000,108841.5,108859.8,108572.9,108634.9,399.7072
1756682100000,108634.9,108634.9,108300,108336.1,758.028
1756683000000,108336.1,108383.7,108000.8,108207.3,1409.5686
1756683900000,108207.3,108305.2,108113.8,108199.7,477.3225
