ts,open,high,low,close,volume
1785542400000,62858,62946.2,62858,62927.2,299.2597
1785543300000,62927.2,62974.1,62908.6,62944.5,308.773
1785544200000,62944.6,62972.5,62910,62972.5,231.0714
1785545100000,62972.5,63011.1,62907.7,62910.6,419.7027
1785546000000,62910.5,62947.3,62910.5,62947.3,146.4075
1785546900000,62947.4,62970,62895.9,62926,468.0612
1785547800000,62926,62956.8,62900.7,62950,135.1834
1785548700000,62950,62956.5,62921.3,62946.4,119.0569
1785549600000,62946.4,63004.8,62946.4,62993.4,146.2773
1785550500000,62993.5,63061.6,62993.4,63043.3,359.573
1785551400000,63043.2,63073.9,63037.5,63048.2,309.6382
1785552300000,63048.1,63074,63020,63043.1,352.4177
1785553200000,63043.1,63047.1,62953.9,62956.9,174.2802
1785554100000,62957,63025,62938.3,62985.7,173.2462
1785555000000,62985.8,63002.8,62950,62975.3,223.5557
1785555900000,62975.2,62994.3,62951.7,62976.1,148.3243
1785556800000,62976,62992.2,62967.3,62992.1,98.8029
1785557700000,62992.2,63026,62992.1,63018,114.2855
1785558600000,63018,63038,63014.4,63038,71.1627
1785559500000,63038,63073.3,63037.2,63072,154.4313
1785560400000,63072,63108.6,63019.7,63091.3,474.2885
1785561300000,63091.2,63091.3,63042,63062.9,259.1488
1785562200000,63062.9,63071.8,62972.6,62977.4,220.4958
1785563100000,62977.5,63011.9,62963.4,63001,145.5286
1785564000000,63001,63011.9,62961.2,62999.8,221.4237
1785564900000,62999.8,63046.5,62981.4,63035.8,147.3735
1785565800000,63035.8,63043.5,63028,63031.1,80.8297
1785566700000,63031,63050,63026.4,63046.9,69.9676
1785567600000,63046.9,63081,63043.8,63075.8,110.6891
1785568500000,63075.8,63075.8,63035.8,63036.9,130.2017
1785569400000,63037,63037,63000,63019,253.6164
1785570300000,63019,63028.1,63015.4,63021,112.2984
1785571200000,63021,63078.3,63020.9,63078.3,144.0339
1785572100000,63078.2,63078.3,63066.1,63066.2,74.2946
1785573000000,63066.1,63086,63066.1,63073.8,123.6919
1785573900000,63073.7,63125.4,63061.7,63096.5,185.1362
1785574800000,63096.4,63118.1,63083.8,63088.4,128.409
1785575700000,63088.4,63097.9,63068.3,63083.9,124.3645
1785576600000,63084,63088.9,63071.3,63074.3,47.5591
1785577500000,63074.4,63074.4,63004.4,63019.6,253.7246
1785578400000,63019.6,63092.7,62953,62980.6,564.2303
1785579300000,62980.6,63038.6,62958.2,63015.2,153.1311
1785580200000,63015.2,63049.6,62990.6,63039,128.2409
1785581100000,63039,63041,63010,63029.9,84.2086
1785582000000,63029.9,63030,63008.3,63025.1,74.4006
1785582900000,63025.1,63052.8,63007.5,63047.8,127.3463
1785583800000,63047.8,63061.8,63033,63039.4,138.7083
1785584700000,63039.3,63045.9,63039.2,63042.9,61.5152
1785585600000,63042.9,63090,63042.9,63070.2,338.0091
1785586500000,63070.2,63077.9,63062.4,63065.9,105.8018
1785587400000,63065.8,63066,63046.9,63059.4,144.4255
1785588300000,63059.4,63072.6,63059.4,63062.3,92.6952
1785589200000,63062.4,63067.9,63056.6,63066.4,157.416
1785590100000,63066.4,63066.4,63047.4,63047.4,85.1226
1785591000000,63047.4,63061.8,63036.6,63040,101.0367
1785591900000,63040,63040.1,63013.2,63031.9,194.9306
1785592800000,63031.9,63096.4,63031.8,63043.8,169.7838
1785593700000,63043.8,63090,63043.8,63082.7,117.4372
1785594600000,63082.7,63090,63059.5,63084.6,103.8032
1785595500000,63084.6,63099.9,63046.4,63099.8,298.3023
1785596400000,63099.9,63099.9,63076.5,63078.2,113.2017
1785597300000,63078.2,63078.2,63021.4,63028.6,129.99
1785598200000,63028.7,63032.2,63015.7,63016,189.1673
1785599100000,63016.1,63016.1,62974.6,62974.6,204.9816
1785600000000,62974.6,62978.9,62888.9,62920.1,760.9057
1785600900000,62920.1,62940.9,62899.4,62924.2,336.9849
1785601800000,62924.2,63009.4,62920,62947,460.1814
1785602700000,62947,62947,62842.5,62906.2,333.2399
1785603600000,62906.2,62973.9,62835.1,62869.1,277.3954
1785604500000,62869.1,62871.8,62763.3,62813.9,771.7663
1785605400000,62814,62825,62708.5,62795.1,614.3656
1785606300000,62795.1,62795.1,62620.9,62687.9,1022.6066
1785607200000,62687.8,62715,62588,62690.2,687.8799
1785608100000,62690.1,62690.1,62473.5,62544.5,1277.548
1785609000000,62544.4,62544.4,62227,62347.1,3594.1127
1785609900000,62347.2,62557.2,62250,62543.2,1242.8527
1785610800000,62543.2,62597.2,62490,62513.2,730.7058
1785611700000,62513.1,62582.6,62451.5,62511.9,323.9911
1785612600000,62511.9,62557.4,62414,62437.8,644.77
1785613500000,62437.8,62514.3,62436.8,62496.5,214.6369
1785614400000,62496.5,62537.6,62450,62524.3,242.4514
1785615300000,62524.2,62617.5,62519.4,62583.2,814.9118
1785616200000,62583.1,62598.5,62525,62565.2,200.4293
1785617100000,62565.2,62640.8,62550.5,62629.9,166.3261
1785618000000,62630,62771.3,62629.9,62712.4,671.6213
1785618900000,62712.4,62763.1,62711.2,62759.6,196.6088
1785619800000,62759.5,62830.5,62731.2,62760.9,373.1396
1785620700000,62760.9,62796.9,62745.7,62785.7,208.5371
1785621600000,62785.6,62836,62760,62827.2,244.0325
1785622500000,62827.2,62835.9,62795.2,62828.4,166.9732
1785623400000,62828.4,62828.7,62800,62815.2,198.685
1785624300000,62815.1,62828.6,62800.1,62800.1,139.9706
1785625200000,62800.1,62827.7,62775.2,62779.3,185.7577
1785626100000,62779.2,62779.3,62734.4,62737,242.8549
1785627000000,62737,62805,62736.9,62793.6,370.3267
1785627900000,62793.6,62809.1,62780.4,62788.9,169.1143
1785628800000,62788.9,62961.8,62788.9,62895,1254.3393
1785629700000,62895,62909.7,62850,62852.9,224.9986
1785630600000,62852.9,62885.8,62819.3,62822.5,202.1029
1785631500000,62822.4,62837.2,62783.4,62809.8,207.9666
1785632400000,62809.7,63006.6,62809.7,62985.5,601.3153
1785633300000,62985.5,63075.5,62945.9,62957.6,487.1085
1785634200000,62957.6,62997.6,62950.6,62994.2,225.9683
1785635100000,62994.2,62994.3,62956.2,62960,202.0704
1785636000000,62960,63556.1,62928.1,63434.8,4251.9748
1785636900000,63434.8,63530,63368.5,63374.1,1856.4398
1785637800000,63374.2,63437.9,63292.6,63356.8,1155.9062
1785638700000,63356.8,63451.1,63301,63419.5,706.4304
1785639600000,63419.4,63429.9,63352.7,63393,318.0338
1785640500000,63392.9,63532.7,63350.8,63416.2,850.5973
1785641400000,63416.2,63475.8,63416.2,63471.8,238.5276
1785642300000,63471.8,63485,63394.6,63435,367.4367
1785643200000,63435.1,63531.2,63435,63511.9,494.7723
1785644100000,63511.9,63531.3,63488,63512.6,330.1265
1785645000000,63512.7,63527,63488.4,63491.8,180.3011
1785645900000,63491.9,63587,63491.8,63549.3,524.2547
1785646800000,63549.3,63618.3,63428.9,63451.6,764.6828
1785647700000,63451.7,63465.4,63421.5,63464.3,322.922
1785648600000,63464.3,63464.3,63388,63393,835.4133
1785649500000,63392.9,63428.3,63392.9,63427.9,165.7238
1785650400000,63427.9,63456.5,63414.5,63414.5,312.5617
1785651300000,63414.5,63467.3,63400,63466.2,189.618
1785652200000,63466.2,63475.6,63437.6,63472.2,134.7816
1785653100000,63472.3,63472.3,63451.9,63458,128.8547
1785654000000,63458,63465,63450.9,63459.9,125.7638
1785654900000,63460,63463,63452,63454.9,83.5902
1785655800000,63454.9,63512.4,63454.9,63505.5,307.2696
1785656700000,63505.5,63505.5,63444,63461.6,277.9055
1785657600000,63461.6,63500,63454.5,63460.8,220.6006
1785658500000,63460.8,63460.8,63360.1,63360.1,542.057
1785659400000,63360.1,63363,63145.4,63190,2714.4054
1785660300000,63189.9,63206.6,63127.9,63164.1,591.6541
1785661200000,63164.1,63253,63040,63232.8,1371.2686
1785662100000,63232.9,63283.3,63197.5,63198.1,408.0481
1785663000000,63198.1,63283.8,63195,63231,436.8473
1785663900000,63231,63242.7,63208.9,63238.4,218.0273
1785664800000,63238.3,63238.4,63161.8,63167.4,320.3561
1785665700000,63167.3,63237.3,63077.2,63107.6,1274.3472
1785666600000,63107.7,63178.9,63107.7,63168.7,263.2948
1785667500000,63168.7,63170.5,63158.4,63164.1,157.9925
1785668400000,63164.2,63164.2,63095.5,63127.8,203.6861
1785669300000,63127.8,63168,63081.6,63121.6,243.954
1785670200000,63121.7,63150,63060,63083.5,377.4402
1785671100000,63083.5,63139.4,62936.5,62998.3,1089.9067
1785672000000,62998.4,63149.2,62998.3,63144.7,618.4836
1785672900000,63144.8,63200,63117,63147.9,761.2069
1785673800000,63147.9,63184,63074.1,63113.9,516.2434
1785674700000,63114,63124.2,63074.6,63088.1,236.0173
1785675600000,63088.1,63110.8,63060,63080.9,177.0008
1785676500000,63080.9,63080.9,63019.3,63054.9,345.2471
1785677400000,63054.9,63077.4,62971.5,63067.5,507.7624
1785678300000,63067.4,63104.7,63065,63097.5,252.9773
1785679200000,63097.6,63097.6,63033,63062.6,226.5204
1785680100000,63062.6,63133,63062.6,63099.9,243.274
1785681000000,63100,63154.8,63064.3,63124.9,289.7799
1785681900000,63124.8,63130.1,63031,63040.9,353.3179
1785682800000,63040.9,63099.9,63020,63097.9,303.1081
1785683700000,63097.8,63107.1,63075,63093.6,182.6824
1785684600000,63093.6,63153.6,63093.5,63118.2,195.567
1785685500000,63118.2,63118.2,63076.4,63080.6,119.7837
1785686400000,63080.7,63112.9,63036,63078.1,188.6055
1785687300000,63078,63102.5,63052,63087.1,118.6296
1785688200000,63087.1,63237.4,63072.6,63197.1,618.652
1785689100000,63197,63209.2,63157.8,63157.9,262.5939
1785690000000,63157.9,63193.4,63121.7,63183.3,174.5568
1785690900000,63183.3,63318.4,63161.8,63257.9,395.916
1785691800000,63258,63311.4,63258,63303.3,559.9897
1785692700000,63303.3,63315,63277.2,63277.3,243.129
1785693600000,63277.2,63310,63267.6,63291,199.0939
1785694500000,63290.9,63296.2,63261,63261,113.3425
1785695400000,63261.1,63585,63261.1,63472.3,1541.8489
1785696300000,63472.3,63483.4,63346.1,63353.6,380.5603
1785697200000,63353.6,63363.9,63309.7,63328.9,297.9846
1785698100000,63329,63347.2,63303.4,63304.6,150.2003
1785699000000,63304.5,63370,63304.5,63370,117.8515
1785699900000,63370,63455.6,63369.9,63426.8,250.0578
1785700800000,63426.9,63448.3,63390,63433.2,137.8836
1785701700000,63433.3,63469.6,63371.7,63380.1,155.6914
1785702600000,63380,63423.2,63380,63398.6,128.1686
1785703500000,63398.6,63470,63381.5,63462.8,204.1091
1785704400000,63462.8,63540,63446.5,63489.7,728.7529
1785705300000,63489.7,63519.9,63473,63510.6,171.1523
1785706200000,63510.7,63763,63475,63670.6,1127.6872
1785707100000,63670.5,63751.3,63519.9,63546.5,709.2174
1785708000000,63546.6,63779.8,63546.6,63663.8,840.4716
1785708900000,63663.8,63760,63539.8,63568.4,587.5742
1785709800000,63568.3,63577.6,63345,63485.7,1048.4509
1785710700000,63485.8,63540.3,63390.1,63390.1,370.1121
1785711600000,63390,63430,63316.8,63333,391.0913
1785712500000,63333.1,63520,63316.8,63508.1,452.7831
1785713400000,63508.1,63569.2,63460.8,63497.3,396.0243
1785714300000,63497.2,63545.7,63454.2,63545.7,221.1282
1785715200000,63545.7,63566,63356,63393.2,706.1352
1785716100000,63393.2,63415.3,63222,63227,922.8596
1785717000000,63227.1,63393.7,63170.9,63305.2,651.8461
1785717900000,63305.3,63328.5,63240,63290,239.266
1785718800000,63289.9,63320.9,63137.7,63191.5,535.6177
1785719700000,63191.4,63232.6,63080,63148.1,1000.0622
1785720600000,63148,63224.6,63130,63197.5,487.8277
1785721500000,63197.6,63204.7,63136,63186.9,481.5538
1785722400000,63186.9,63210,63115.6,63178.5,302.2414
1785723300000,63178.6,63276.3,63063.2,63100,758.0208
1785724200000,63100,63190.6,63081.4,63153,263.5479
1785725100000,63153,63168.8,63086.1,63110.8,436.1488
1785726000000,63110.7,63143,63067.7,63083.7,348.4472
1785726900000,63083.7,63112.7,63036,63047.6,505.1426
1785727800000,63047.6,63065.1,63014,63034.5,395.4196
1785728700000,63034.6,63041.4,62742.5,62838.6,2612.7167
1785729600000,62838.5,62916.7,62781.2,62843,663.7772
1785730500000,62843,62952.1,62842.9,62941.1,503.6863
1785731400000,62941.1,62975.4,62926.1,62948.5,652.8012
1785732300000,62948.5,62948.5,62727,62763.9,616.3377
1785733200000,62763.8,62846.8,62717.4,62825.6,560.3104
1785734100000,62825.6,62849.8,62765.7,62786.9,798.2349
1785735000000,62786.9,62825.3,62743.2,62776.5,334.3642
1785735900000,62776.5,62835.7,62770,62800,313.7078
1785736800000,62800,62841.9,62795,62818,289.3293
1785737700000,62818,62823,62728.1,62767.4,402.6323
1785738600000,62767.3,62812.4,62607.6,62608,1273.0291
1785739500000,62608,62656.7,62581.1,62599.9,769.0236
1785740400000,62599.9,62654.1,62561,62575.2,739.5625
1785741300000,62575.2,62645.4,62520.3,62612.5,604.2021
1785742200000,62612.5,62673,62569.7,62610.8,539.9923
1785743100000,62610.8,62646.5,62544.8,62591.2,611.3227
1785744000000,62591.2,62620,62474.4,62542.9,869.581
1785744900000,62543,62547.6,62295,62308.6,2466.2451
1785745800000,62308.5,62414,62268,62410,1184.9037
1785746700000,62410,62516.4,62404.1,62509.5,865.5696
1785747600000,62509.5,62564.5,62490.7,62541.8,803.5162
1785748500000,62541.7,62640.6,62541.7,62618,576.825
1785749400000,62618,62680.4,62591.4,62659.1,606.9888
1785750300000,62659.1,62835,62659.1,62803.8,1155.0916
1785751200000,62803.8,62834.6,62733.6,62756.4,1000.1273
1785752100000,62756.4,62807.7,62703.1,62709.6,587.6293
1785753000000,62709.6,62709.7,62636.7,62675.9,652.5576
1785753900000,62675.9,62749.7,62573.8,62714.2,632.6934
1785754800000,62714.2,62717.5,62545.6,62616.4,456.0826
1785755700000,62616.3,62748.2,62603.9,62669.5,371.1082
1785756600000,62669.5,62748.3,62635.3,62663.9,309.3479
1785757500000,62663.9,62670.3,62503.2,62524.9,746.9166
1785758400000,62524.9,62576.8,62410.3,62524.4,1216.1016
1785759300000,62524.4,62666.8,62515,62597.5,776.3657
1785760200000,62597.5,62733,62580,62732.9,666.8847
1785761100000,62733,62772,62658,62672.6,598.0461
1785762000000,62672.5,62758.1,62664.5,62745.3,423.2288
1785762900000,62745.3,62975.4,62683.6,62739.2,2420.2034
1785763800000,62739.1,62916.4,62525.8,62899.9,2363.3712
1785764700000,62899.9,63367,62773.7,63321.8,4825.8284
1785765600000,63321.8,63425.7,63100,63297.5,3192.2533
1785766500000,63297.5,63775.5,63138,63737.6,5941.9828
1785767400000,63737.6,63887.9,63606.5,63757.5,4409.6674
1785768300000,63757.5,63989.9,63628.1,63938.1,3601.3176
1785769200000,63938.1,63971.8,63725,63795,2019.4196
1785770100000,63794.9,63836.9,63630,63680.1,1591.2107
1785771000000,63680.1,63880,63676,63757.5,1366.1781
1785771900000,63757.5,63817.4,63612.7,63659.7,910.054
1785772800000,63659.8,63871.6,63630,63772.9,1237.9808
1785773700000,63772.8,63915,63769.9,63872.9,926.7684
1785774600000,63872.9,63872.9,63680,63737.5,486.2292
1785775500000,63737.4,63850,63709.1,63741.8,409.3305
1785776400000,63741.8,63830,63680,63821.9,435.4284
1785777300000,63821.8,64050,63783.4,63793.7,2131.1322
1785778200000,63793.7,63906.9,63763.4,63861.8,501.9873
1785779100000,63861.7,63925,63835.9,63879.9,351.2594
1785780000000,63879.9,63987.5,63836.6,63940,554.0344
1785780900000,63940,63954.6,63769.7,63818.7,757.4408
1785781800000,63818.8,63898.6,63772.8,63816.7,643.5534
1785782700000,63816.8,63885.7,63722.4,63830.7,588.9543
1785783600000,63830.8,63898.1,63805.7,63890.5,261.0766
1785784500000,63890.5,63974.7,63888.7,63931,403.7836
1785785400000,63931.1,64048.1,63818.1,63915.9,910.7388
1785786300000,63915.8,63938,63822,63828.8,217.0017
1785787200000,63828.9,63919.9,63781.9,63862.3,276.6897
1785788100000,63862.3,63995.1,63859.1,63916.6,319.7114
1785789000000,63916.6,63916.6,63874.5,63887.9,196.7367
1785789900000,63887.9,63892.8,63736,63758.1,476.5711
1785790800000,63758.1,63758.6,63685.7,63687.7,617.0875
1785791700000,63687.6,63760.1,63654.1,63694.8,668.6767
1785792600000,63694.8,63704.1,63623.5,63658.7,641.9928
1785793500000,63658.6,63658.6,63520,63559.2,904.9719
1785794400000,63559.1,63584.4,63365,63469.1,1421.0666
1785795300000,63469.2,63656.5,63469.2,63504.6,576.3524
1785796200000,63504.5,63537.7,63470.5,63481,330.0842
1785797100000,63481,63617.4,63481,63589.7,305.2555
1785798000000,63589.8,63589.8,63500,63515.3,191.0233
1785798900000,63515.3,63597.4,63511.3,63554.4,244.9393
1785799800000,63554.5,63554.5,63439.8,63482.9,362.3747
1785800700000,63482.9,63506.7,63460,63503.5,284.8673
1785801600000,63503.5,63570.4,63445.9,63449.4,416.9433
1785802500000,63449.4,63479.1,63362.3,63424.7,570.8652
1785803400000,63424.6,63424.7,63310.1,63369.6,650.945
1785804300000,63369.7,63454,63296,63335.8,540.9219
1785805200000,63335.9,63468.4,63335.8,63445.6,494.4722
1785806100000,63445.5,63550.8,63393.3,63505.2,724.5774
1785807000000,63505.2,63905.9,63505.1,63789.9,1895.3154
1785807900000,63789.9,63854.8,63708.7,63815.7,727.9076
1785808800000,63815.8,63841.8,63722.3,63732.3,596.2327
1785809700000,63732.2,63774.6,63651,63662.2,418.2704
1785810600000,63662.3,63958.5,63651,63863.9,1008.5856
1785811500000,63864,63893.9,63770.6,63792.2,359.8404
1785812400000,63792.3,63808.3,63650.3,63650.3,347.2768
1785813300000,63650.3,63759.7,63616.2,63745.1,551.3372
1785814200000,63745.1,63831.7,63745.1,63797.1,266.4318
1785815100000,63797.1,63804.3,63764.2,63764.3,149.2279
1785816000000,63764.2,63799,63720.8,63774.5,258.261
1785816900000,63774.6,63850,63768.9,63804.1,337.6225
1785817800000,63804.1,64033,63804,64031,1070.4262
1785818700000,64031,64249.1,64007.5,64013.2,4123.2081
1785819600000,64013.2,64033,63790.9,63816.1,1284.1104
1785820500000,63816.1,63875,63786.3,63797.2,588.5126
1785821400000,63797.1,63843,63787.6,63842.9,385.9724
1785822300000,63843,63843,63767.3,63785,312.6478
1785823200000,63785,63820,63740.6,63778.2,332.8082
1785824100000,63778.3,63845.8,63733.3,63740,378.9919
1785825000000,63740,63758.6,63666.1,63685.7,720.1146
1785825900000,63685.7,63685.8,63628.8,63653.5,528.3329
1785826800000,63653.5,63653.5,63556.4,63563.9,468.9102
1785827700000,63563.9,63625.6,63481.4,63625.6,772.5681
1785828600000,63625.5,63747.4,63615,63643.5,653.3629
1785829500000,63643.5,63740.4,63643.5,63666.2,431.6005
1785830400000,63666.2,63733,63610,63625.1,416.0122
1785831300000,63625.1,63647.3,63561.8,63597.9,326.8868
1785832200000,63598,63606.1,63535.1,63606.1,391.4345
1785833100000,63606.1,63606.1,63550.1,63558.2,178.0582
1785834000000,63558.3,63572.5,63508.1,63537.6,316.0956
1785834900000,63537.6,63578.5,63490,63551.6,231.7006
1785835800000,63551.6,63572.5,63499.8,63545,175.5827
1785836700000,63545.1,63591.1,63527.6,63583.2,213.5951
1785837600000,63583.1,63591.4,63482.9,63483.5,380.3091
1785838500000,63483.6,63557.6,63430.5,63450,523.07
1785839400000,63450.1,63656.3,63440,63652.2,573.2691
1785840300000,63652.1,63825.6,63629.2,63741.2,1367.1942
1785841200000,63741.2,63785,63693,63718.3,407.0889
1785842100000,63718.2,63857.1,63689,63760,531.1165
1785843000000,63760,63868,63697.3,63851.2,487.8371
1785843900000,63851.1,63929.3,63813.5,63893.5,791.9457
1785844800000,63893.4,63893.5,63780,63786,552.0006
1785845700000,63786,63815.1,63760.6,63814.8,256.2119
1785846600000,63815,64100,63786.9,63939.4,2427.7488
1785847500000,63939.4,64016.1,63882.8,63882.8,644.8564
1785848400000,63882.8,63996,63823.5,63921.1,606.9889
1785849300000,63921.1,63999,63836,63865.8,759.9399
1785850200000,63865.7,64080,63790.9,63997.4,2303.1284
1785851100000,63997.4,63997.9,63628.1,63662.5,2535.0602
1785852000000,63662.6,63913.6,63581.2,63780.2,1633.2747
1785852900000,63780.1,63883.9,63590.1,63861.6,1150.1355
1785853800000,63861.7,64160,63822.4,64094,2289.9349
1785854700000,64093.9,64178.7,64020.8,64095.6,1294.2204
1785855600000,64095.7,64199,63961.8,64037.9,1277.2541
1785856500000,64037.8,64037.8,63891,63920,502.0917
1785857400000,63920,64098.9,63777.6,64097,1184.2003
1785858300000,64097.1,64211,64058.1,64088,2364.7842
1785859200000,64088.1,64105.5,63939.6,64000,669.3033
1785860100000,64000,64080.3,63970.2,63993.9,491.5829
1785861000000,63993.9,64025,63860.1,63911.2,551.0786
1785861900000,63911.2,63984.9,63880.1,63929.3,519.9583
1785862800000,63929.4,64155,63929.3,64042.3,945.4782
1785863700000,64042.4,64144.3,64001.2,64130.5,320.2817
1785864600000,64130.6,64150,64063.1,64063.5,225.9238
1785865500000,64063.5,64076.6,63864.3,63943.4,611.8328
1785866400000,63943.4,64196.7,63937.9,64192.3,784.1651
1785867300000,64192.3,64388,64166.9,64331.9,2220.7117
1785868200000,64332,64375,64180.2,64264.1,564.4505
1785869100000,64264.1,64300,64234.4,64272.1,445.9822
1785870000000,64272.1,64337.9,64256.5,64316,374.9851
1785870900000,64316,64333,64230,64250.9,204.0099
1785871800000,64250.9,64387.5,64223.4,64348.6,557.7829
1785872700000,64348.6,64361.7,64176.8,64198,404.5743
1785873600000,64197.9,64215.4,64088,64149.9,895.5289
1785874500000,64149.9,64149.9,63975,64096.8,691.0126
1785875400000,64096.8,64398.8,64096.8,64365.5,997.3335
1785876300000,64365.5,64365.5,64270,64314,382.3275
1785877200000,64314,64314.1,64170,64193.8,446.5087
1785878100000,64193.8,64259.5,64160.9,64225.7,191.7332
1785879000000,64225.7,64244.6,64166.8,64211.2,134.2762
1785879900000,64211.1,64224.9,64140,64164,160.5957
1785880800000,64163.9,64200,64103.5,64199.9,206.1963
1785881700000,64200,64240,64140.1,64225.6,359.9783
1785882600000,64225.6,64260,64180,64183,184.8946
1785883500000,64182.9,64238.8,64134.3,64238.7,198.993
1785884400000,64238.8,64466.2,64176.8,64397.8,1837.6743
1785885300000,64397.9,64534.5,64151.1,64151.1,2510.0066
1785886200000,64151.2,64245.2,64115.2,64190.2,698.9334
1785887100000,64190.3,64203.2,64059.1,64078,447.1841
1785888000000,64078.1,64083,63987.8,64008,690.5218
1785888900000,64007.9,64045.4,63980,64042.3,429.4942
1785889800000,64042.3,64169.3,63996.7,64042.4,615.8387
1785890700000,64042.4,64045.1,63956.6,63967.9,491.4487
1785891600000,63967.9,64009.7,63925,63986.1,466.6592
1785892500000,63986,64093.1,63928.8,64089.9,507.1824
1785893400000,64089.9,64275,64089.9,64152.6,615.8284
1785894300000,64152.6,64318.8,64151.1,64312,559.048
1785895200000,64312,64496.2,64309,64437.8,1193.7444
1785896100000,64437.8,64459.2,64293,64389.5,1064.9915
1785897000000,64389.6,64459,64382.5,64406.3,393.7805
1785897900000,64406.4,64419.9,64334.8,64337,382.6386
1785898800000,64337.1,64415,64319.4,64323.4,271.798
1785899700000,64323.4,64329.7,64033.4,64033.5,1765.6501
1785900600000,64033.5,64149,64021.2,64116.7,607.961
1785901500000,64116.6,64169,64115,64157.5,336.3241
1785902400000,64157.4,64172.1,64095.6,64095.6,281.2666
1785903300000,64095.6,64179.9,64059.8,64136.8,550.1565
1785904200000,64136.8,64196.6,64128.1,64147.1,292.0501
1785905100000,64147.1,64160.8,64087.6,64146.2,248.975
1785906000000,64146.2,64299.3,64132.5,64288.3,485.7218
1785906900000,64288.2,64500,64268.8,64401.7,1120.077
1785907800000,64401.7,64404.5,64309.6,64329.9,430.4619
1785908700000,64329.9,64342.9,64276.3,64305,355.0066
1785909600000,64305,64339.6,64280,64295.3,285.8999
1785910500000,64295.2,64312,64252.1,64280,227.7523
1785911400000,64280,64342.9,64264.6,64264.6,210.2296
1785912300000,64264.6,64264.7,64205,64232,221.443
1785913200000,64232.1,64254.1,64132.4,64159.9,561.4408
1785914100000,64159.9,64160,64025.1,64057.1,1197.8449
1785915000000,64057,64068.6,63963.3,63985.1,710.9381
1785915900000,63985.1,64143.2,63985,64143.1,827.8492
1785916800000,64143.2,64228.4,64111,64169.7,760.5751
1785917700000,64169.7,64248.9,64131.3,64247.9,412.503
1785918600000,64248,64256.6,64101,64111.6,786.0247
1785919500000,64111.5,64143.6,64060.8,64101.5,309.0242
1785920400000,64101.5,64134.9,64077.7,64100,277.7273
1785921300000,64100.1,64169.5,64087.8,64133.6,266.9905
1785922200000,64133.6,64189,64133.6,64141.4,179.9754
1785923100000,64141.5,64160,64123.2,64133.1,120.3226
1785924000000,64133.1,64169.7,64084.2,64121.5,266.0865
1785924900000,64121.3,64212.9,64050,64180.1,352.6203
1785925800000,64180.2,64209.7,64150,64163.4,197.1177
1785926700000,64163.5,64181.2,63988,64038,754.5547
1785927600000,64038,64093.3,64025,64062.2,475.9542
1785928500000,64062.2,64066,64004.4,64044.9,402.4591
1785929400000,64044.9,64117.4,64027,64070.3,309.1214
1785930300000,64070.3,64075,64025.1,64048,288.1145
1785931200000,64048,64204.6,64015.9,64179.3,696.6843
1785932100000,64179.2,64580.3,64155.3,64488.7,3674.1769
1785933000000,64488.7,64515.8,64371.9,64434.9,1278.6247
1785933900000,64435,64435,64289.5,64300.1,925.1678
1785934800000,64300.1,64315.3,64072.9,64116.5,1534.6551
1785935700000,64116.4,64190.6,64080,64115.1,1175.7652
1785936600000,64115.1,64274.7,63840,64141.9,4712.9818
1785937500000,64142,64397.1,64000,64378.9,2347.6338
1785938400000,64378.8,64495.2,64271.5,64437.3,1797.736
1785939300000,64437.4,64543.2,64280,64319.6,1805.3996
1785940200000,64319.5,64434.6,64260,64386.7,1205.2934
1785941100000,64386.7,64505,64282.2,64440,1027.0006
1785942000000,64440,64720,64414.7,64585.4,3650.5027
1785942900000,64585.4,64600,64411.4,64463.8,1194.6112
1785943800000,64463.8,64681.5,64463.8,64520.1,868.9136
1785944700000,64520.1,64520.1,64350,64351,916.3713
1785945600000,64351.1,64587.9,64350.2,64583.9,870.2513
1785946500000,64583.9,64746.5,64534.7,64716.5,1855.955
1785947400000,64716.6,64727,64622,64648.8,672.9539
1785948300000,64648.7,64656.9,64579.6,64634.6,681.4085
1785949200000,64634.7,64668.7,64552,64557.1,597.7864
1785950100000,64557,64595,64508,64580.6,567.5559
1785951000000,64580.6,64720,64557.9,64673,865.8928
1785951900000,64672.9,64784.8,64650,64736.5,1762.9566
1785952800000,64736.6,64777.5,64638.6,64770.5,862.7021
1785953700000,64770.5,64800,64653.4,64692.1,781.4018
1785954600000,64692.1,64770,64647.8,64770,338.5107
1785955500000,64770,64827.3,64722.1,64763.6,560.944
1785956400000,64763.7,64868.9,64746.4,64850.1,1228.5613
1785957300000,64850.1,64890,64828.5,64880.1,781.6185
1785958200000,64880,64890,64835.3,64868.6,640.3952
1785959100000,64868.6,64927.6,64810,64810,1265.359
1785960000000,64810,64899.9,64775,64899.7,1049.9016
1785960900000,64899.8,65026,64847.6,64957.5,2861.3881
1785961800000,64957.5,64970,64904.2,64951.8,337.0901
1785962700000,64951.8,64972,64804.2,64806.7,440.9319
1785963600000,64806.7,64806.8,64682.8,64758.6,758.3307
1785964500000,64758.6,64763.6,64627,64650,485.1469
1785965400000,64649.9,64727.8,64643.9,64697.6,466.4876
1785966300000,64697.5,64742.4,64647,64704.7,424.8598
1785967200000,64704.7,64749.8,64620,64656.5,444.6997
1785968100000,64656.5,64710.1,64647.7,64710.1,400.798
1785969000000,64710,64760,64654.4,64667.9,164.1472
1785969900000,64668,64690.1,64600.3,64608.8,425.3027
1785970800000,64608.8,64667.6,64551.9,64652,549.7402
1785971700000,64651.9,64729.4,64600,64666.4,305.4401
1785972600000,64666.4,64683,64632.4,64635,300.0112
1785973500000,64635,64643.5,64562.5,64626.8,511.126
1785974400000,64626.8,64649.7,64567.1,64570,469.8518
1785975300000,64570.1,64688,64534,64670.1,660.2249
1785976200000,64670.1,64720,64620,64620,734.0705
1785977100000,64620.1,64666.6,64595,64617,204.2698
1785978000000,64617,64625,64554.3,64582.5,310.5336
1785978900000,64582.4,64589.3,64488,64495,412.5045
1785979800000,64495,64592.2,64463.5,64546.9,436.2255
1785980700000,64547,64638,64540.1,64561.5,190.1756
1785981600000,64561.6,64627.5,64507.6,64534.3,335.7296
1785982500000,64534.3,64558.7,64408,64503.9,1479.1474
1785983400000,64504,64559.6,64455,64559.6,334.4195
1785984300000,64559.5,64575.4,64514.4,64560.2,221.388
1785985200000,64560.2,64560.3,64491.9,64550.9,186.1918
1785986100000,64550.8,64550.9,64483.8,64515.7,198.9116
1785987000000,64515.6,64556.5,64478.1,64478.1,237.6996
1785987900000,64478.1,64517.6,64467.4,64502.1,155.3921
1785988800000,64502.2,64568,64470,64555.3,246.8172
1785989700000,64555.3,64688,64555.2,64675.9,627.0939
1785990600000,64676,64704.7,64627.5,64629.9,371.558
1785991500000,64629.9,64704.7,64599.6,64703.9,389.2069
1785992400000,64704,64977.1,64703.9,64889.9,1745.0857
1785993300000,64889.8,64980,64860,64866.6,833.3857
1785994200000,64866.5,64888.8,64822.3,64874.6,456.5125
1785995100000,64874.7,64888,64828.9,64884.6,483.6455
1785996000000,64884.7,64884.7,64747.9,64753.9,460.8146
1785996900000,64753.9,64808.3,64713.3,64803.7,411.877
1785997800000,64803.8,64834.6,64783.3,64816.3,250.1299
1785998700000,64816.4,64836,64781.8,64835.9,249.6523
1785999600000,64835.9,64918,64796.5,64915.8,429.772
1786000500000,64915.7,64939.9,64864.3,64870.7,441.9879
1786001400000,64870.8,64880,64747.1,64784.8,471.7913
1786002300000,64784.8,64813.5,64760,64788.2,252.3741
1786003200000,64788.2,64830,64738.8,64745.2,307.983
1786004100000,64745.3,64876.8,64726.2,64876.7,385.7196
1786005000000,64876.8,64910.4,64841,64851,245.8776
1786005900000,64851.1,64975,64851,64912.4,636.9993
1786006800000,64912.5,64918,64730,64749.7,612.3878
1786007700000,64749.7,64820.1,64700,64709.7,596.5516
1786008600000,64709.7,64709.7,64611.5,64640.1,753.1839
1786009500000,64640,64675,64609.3,64658.8,340.7263
1786010400000,64658.8,64663.9,64566,64572.2,579.3831
1786011300000,64572.3,64672.5,64562.2,64658.1,505.5605
1786012200000,64658.1,64659.1,64600,64600.1,158.5445
1786013100000,64600.1,64625.6,64579.5,64595.6,198.7377
1786014000000,64595.6,64601,64478,64550.1,1043.4483
1786014900000,64550.1,64630.6,64550,64561.5,263.4417
1786015800000,64561.5,64640,64559.7,64620.1,374.6272
1786016700000,64620,64625.6,64555,64589.2,376.9609
1786017600000,64589.1,64612.4,64438.2,64451.1,964.8904
1786018500000,64451.1,64521.1,64423,64518.9,521.5639
1786019400000,64519,64572.7,64478.1,64505.6,511.8963
1786020300000,64505.6,64513.9,64354.3,64388.7,749.029
1786021200000,64388.7,64416.9,64168,64234.1,2706.0978
1786022100000,64234.1,64272.2,64148.6,64219,1090.2775
1786023000000,64219,64416,64144,64377.4,1712.404
1786023900000,64377.5,64513.4,64355.9,64402.7,1083.6626
1786024800000,64402.7,64530.8,64355.1,64436.6,1075.2198
1786025700000,64436.5,64558,64389.9,64400,1158.4997
1786026600000,64400,64800,64324.3,64776,2566.2077
1786027500000,64775.9,64818,64646.1,64748.8,1394.4906
1786028400000,64748.7,64957.4,64731,64816.8,1918.6119
1786029300000,64816.8,64860.2,64668.8,64792.4,1157.8009
1786030200000,64792.3,64838,64668.9,64716.6,543.8668
1786031100000,64716.6,64835,64588.5,64599,1078.618
1786032000000,64599,64685.4,64565,64609.6,736.5296
1786032900000,64609.5,64658.6,64556.1,64617.4,486.3156
1786033800000,64617.4,64727.9,64580,64680.9,535.6437
1786034700000,64680,64744.6,64627.3,64727.4,380.5062
1786035600000,64727.3,64806.2,64684.6,64684.6,337.1135
1786036500000,64684.6,64714.8,64642.6,64653.8,162.7733
1786037400000,64653.7,64688,64514.4,64569.9,450.981
1786038300000,64569.9,64620,64549.6,64588.8,249.9851
1786039200000,64588.7,64592.3,64439.1,64514.1,587.9686
1786040100000,64514.1,64567.7,64475,64492.5,305.5436
1786041000000,64492.5,64494.5,64381.6,64385.7,430.7033
1786041900000,64385.8,64424.9,64343.9,64388.7,327.336
1786042800000,64388.6,64435.6,64384,64410.1,193.861
1786043700000,64410,64432.8,64359,64369.8,224.1056
1786044600000,64369.7,64423,64330,64398,221.4598
1786045500000,64398,64450,64370.2,64420.5,271.9938
1786046400000,64420.5,64512.8,64420.4,64496.7,320.1162
1786047300000,64496.7,64496.7,64405.7,64455.9,279.1642
1786048200000,64455.9,64464.6,64428.8,64432.7,72.5373
1786049100000,64432.7,64452.1,64407.5,64407.6,93.6349
1786050000000,64407.5,64473.8,64407.5,64462.2,175.64
1786050900000,64462.2,64493.4,64424.6,64424.7,131.7054
1786051800000,64424.6,64464.5,64371.3,64421.4,423.567
1786052700000,64421.4,64458.9,64405,64414.6,96.9029
1786053600000,64414.7,64424.3,64350.1,64405.5,144.8349
1786054500000,64405.5,64407.9,64290.1,64333.7,267.5425
1786055400000,64333.8,64362.2,64306,64312.9,199.9088
1786056300000,64312.9,64345.8,64312.4,64320,265.7445
1786057200000,64320,64336.7,64301.9,64307.1,150.7396
1786058100000,64307.1,64315.1,64188,64218.7,646.2244
1786059000000,64218.7,64230.6,64165,64191.6,384.8572
1786059900000,64191.6,64307.9,64162.3,64297.6,485.6634
1786060800000,64297.5,64390.5,64253,64263.2,661.6931
1786061700000,64263.3,64288,64201.1,64243.6,418.0239
1786062600000,64243.6,64316.1,64205.9,64297.3,320.6913
1786063500000,64297.3,64313.4,64228,64299.4,278.5
1786064400000,64299.4,64420,64299.4,64331,377.0199
1786065300000,64331.1,64419.5,64285.5,64394.7,410.6753
1786066200000,64394.6,64459.1,64269.3,64349.9,422.7005
1786067100000,64349.9,64423,64349.5,64396.6,186.329
1786068000000,64396.6,64408,64225,64369.2,521.084
1786068900000,64369.1,64524.7,64280,64292.3,1048.4075
1786069800000,64292.3,64396.9,64249,64383.4,559.1361
1786070700000,64383.4,64448.7,64362.2,64369.1,300.8643
1786071600000,64369.1,64383.8,64288,64307.3,276.8415
1786072500000,64307.3,64318,64233,64289.3,284.7548
1786073400000,64289.4,64347.3,64280,64314.7,149.3604
1786074300000,64314.6,64343.3,64247.1,64264.5,189.4745
1786075200000,64264.5,64300,64214,64284.4,286.3763
1786076100000,64284.5,64343.8,64258.8,64275.9,216.8152
1786077000000,64275.9,64332,64230,64230,271.2443
1786077900000,64230.1,64244,64111.1,64229.8,850.7654
1786078800000,64229.8,64239.5,64163.5,64222.1,360.9544
1786079700000,64222.2,64236.1,64148.5,64157.1,286.3011
1786080600000,64157.1,64258,64156.9,64255.1,383.755
1786081500000,64255.1,64373.5,64230.1,64305.1,520.7584
1786082400000,64305.1,64386.4,64289,64386.3,436.635
1786083300000,64386.3,64442,64353.1,64391.5,721.665
1786084200000,64391.5,64400,64305,64332.2,428.6681
1786085100000,64332.2,64348.9,64240.4,64276.2,447.2057
1786086000000,64276.2,64343.9,64229.4,64306.9,382.2152
1786086900000,64307,64400,64303.4,64374.9,667.4649
1786087800000,64375,64399.1,64336.8,64343.8,342.9659
1786088700000,64343.7,64349.1,64275.1,64289.7,272.9239
1786089600000,64289.7,64353.6,64274.5,64340.7,376.654
1786090500000,64340.7,64428.9,64339.6,64415.1,596.5828
1786091400000,64415.1,64644.9,64415.1,64600,1688.8333
1786092300000,64600,64600.1,64536.1,64569.9,601.8382
1786093200000,64569.9,64741.7,64569.9,64696.8,967.2313
1786094100000,64696.8,64854.6,64696.1,64798.2,1595.2344
1786095000000,64798.3,64934.9,64771.1,64868.5,1784.2711
1786095900000,64868.5,64876.1,64785,64803.1,690.1103
1786096800000,64803.1,64845.2,64767.4,64814,637.0535
1786097700000,64814,64860.5,64770.6,64860.4,354.9445
1786098600000,64860.4,64885,64817.2,64830.5,311.7964
1786099500000,64830.6,64889.9,64830.5,64864.2,352.0126
1786100400000,64864.2,64947,64863.5,64931.9,977.1273
1786101300000,64931.9,65188,64900,65051.6,3511.361
1786102200000,65051.6,65074,64973.6,64995,772.8169
1786103100000,64994.9,65016.7,64963.7,64997.8,319.4946
1786104000000,64997.9,65263,64997.8,65182.9,2036.2168
1786104900000,65182.9,65210.5,65030,65102.7,1158.8474
1786105800000,65103.1,65333,64935.2,65126,4317.4318
1786106700000,65126,65357.8,65125.9,65256.8,2161.1205
1786107600000,65256.7,65295,65147.1,65184.4,795.4494
1786108500000,65184.4,65242.5,65079,65130,555.3583
1786109400000,65129.9,65291.8,65070,65272.3,1155.0972
1786110300000,65272.2,65306.1,64950,64982.1,1877.4688
1786111200000,64982.1,65012.9,64750,64800.6,3926.7526
1786112100000,64800.6,65205.7,64767.2,65156,1939.7543
1786113000000,65155.9,65244.7,65058,65071,1167.3828
1786113900000,65070.9,65120,64914.5,64924.9,770.2573
1786114800000,64924.9,65013,64853,64936.6,973.6093
1786115700000,64936.5,65042.6,64901.1,64997.4,382.0764
1786116600000,64997.3,65100,64954.3,64984.6,350.4479
1786117500000,64984.5,64998.6,64877.7,64884.8,381.1975
1786118400000,64884.7,65048,64884.7,65015.4,463.434
1786119300000,65015.3,65023.4,64856.8,64902.8,634.1315
1786120200000,64902.7,64942.7,64830,64920,447.6141
1786121100000,64919.9,64922.8,64780,64780,547.3385
1786122000000,64780.1,64803.3,64662.6,64666.6,1677.1026
1786122900000,64666.7,64708.3,64550.7,64564.1,1348.8187
1786123800000,64564.1,64667.8,64485,64655.1,1379.367
1786124700000,64655.2,64741.7,64631.1,64741.6,585.5851
1786125600000,64741.7,64855.2,64741.6,64823,591.6491
1786126500000,64823,64844.6,64761.7,64778.9,345.7255
1786127400000,64778.9,64807.9,64691.6,64691.6,457.5857
1786128300000,64691.6,64722.1,64647.7,64705.4,259.306
1786129200000,64705.4,64852.9,64705.3,64807.8,396.1664
1786130100000,64807.9,64959.3,64807.8,64913.5,775.6968
1786131000000,64913.5,64993.2,64903,64940,1098.5189
1786131900000,64940.1,64980,64916,64930,343.3138
1786132800000,64930,65015,64921.5,64960.4,263.4994
1786133700000,64960.5,64975,64926.9,64953.8,140.8349
1786134600000,64953.9,64953.9,64921.2,64933.2,153.5278
1786135500000,64933.2,64953.3,64933.2,64947,121.2727
1786136400000,64947.1,64993.7,64943.5,64978.8,147.3277
1786137300000,64978.7,64991.3,64920.6,64969.6,181.8349
1786138200000,64969.6,65087,64969.4,64993.6,330.1292
1786139100000,64993.6,65007,64892.4,64895.7,126.0794
1786140000000,64895.7,64907.2,64867.8,64907.1,183.6037
1786140900000,64907.2,64925,64877.1,64896.6,114.8151
1786141800000,64896.5,64896.6,64797.5,64839.2,693.4855
1786142700000,64839.2,64887.7,64839.2,64850,154.1268
1786143600000,64850,64855.7,64850,64855.7,36.186
1786144500000,64855.7,64855.7,64845.1,64853.7,74.1718
1786145400000,64853.8,64868.7,64853.7,64868.7,83.7481
1786146300000,64868.7,64886,64868.6,64886,107.9078
1786147200000,64885.9,64917.8,64866.1,64866.2,213.4876
1786148100000,64866.1,64866.2,64791.3,64850.9,238.9563
1786149000000,64851,64870,64836.4,64870,229.3266
1786149900000,64870,64885.9,64869.9,64885.8,91.5794
1786150800000,64885.8,64923,64872.7,64919,193.4351
1786151700000,64919,64919.2,64873,64873,142.1205
1786152600000,64873,64899.2,64873,64897.9,111.2874
1786153500000,64897.9,64897.9,64874.3,64876,70.77
1786154400000,64876,64876.1,64860,64866.4,57.8073
1786155300000,64866.5,64896.4,64859,64896.3,78.7254
1786156200000,64896.4,64926.3,64879.9,64886.9,156.7289
1786157100000,64886.9,64888.6,64885,64885,65.4083
1786158000000,64885.1,64914.9,64881.8,64902.9,124.2496
1786158900000,64902.9,65015.6,64902.8,64995.7,529.4462
1786159800000,64995.7,65044.7,64966,64984.9,342.9322
1786160700000,64984.9,65000,64962.6,64999.9,209.8398
1786161600000,65000,65043.5,64933.8,64949.7,246.5173
1786162500000,64949.8,64974.2,64940,64973,120.0595
1786163400000,64973,65045.4,64965.9,65010.6,489.6983
1786164300000,65010.7,65013.2,64967.9,64975.2,79.6757
1786165200000,64975.2,64985.6,64960.4,64960.5,120.7457
1786166100000,64960.4,64992.7,64960.4,64989.6,65.5351
1786167000000,64989.6,64989.9,64977.1,64987.5,65.0329
1786167900000,64987.6,64987.6,64943.4,64965.6,110.9618
1786168800000,64965.7,64970.2,64946.8,64951.6,53.5677
1786169700000,64951.6,64964.7,64937.7,64946.8,178.8326
1786170600000,64946.8,64959.5,64933.7,64959.5,133.9322
1786171500000,64959.4,64989.5,64959.4,64978.3,45.8133
1786172400000,64978.3,64981.6,64968.6,64969.3,61.7379
1786173300000,64969.4,64969.4,64966.8,64969.2,35.7705
1786174200000,64969.2,64969.3,64917.2,64918,130.7338
1786175100000,64918,64934,64915.1,64934,106.1859
1786176000000,64933.9,64939.9,64906.8,64939.9,153.1322
1786176900000,64939.9,64949.5,64939.8,64949.4,42.813
1786177800000,64949.4,64991.3,64949.4,64991.3,260.1171
1786178700000,64991.3,64991.3,64957.6,64957.6,80.6499
1786179600000,64957.7,64975.6,64957.6,64974.8,45.0858
1786180500000,64974.8,64991,64974.7,64986.8,159.4262
1786181400000,64986.7,65024.9,64978,64978,167.7295
1786182300000,64978,64978.2,64953.7,64956.1,71.2122
1786183200000,64956.1,64971.8,64956,64970.6,202.7301
1786184100000,64970.6,64997.9,64960.2,64997.9,211.9079
1786185000000,64997.8,64998,64973.7,64978.5,83.3957
1786185900000,64978.5,64984.6,64978.5,64984.6,33.5651
1786186800000,64984.6,64988,64969.6,64980.1,211.9929
1786187700000,64980.1,64980.1,64941.3,64941.3,94.0761
1786188600000,64941.3,64941.4,64936,64939.3,97.2322
1786189500000,64939.3,64939.4,64928,64933.9,158.7229
1786190400000,64933.9,64990.9,64882.2,64978,794.886
1786191300000,64977.9,65037,64947.7,64947.7,423.3905
1786192200000,64947.8,64988,64947.8,64976,91.6741
1786193100000,64975.9,64993.2,64971.2,64971.2,65.3741
1786194000000,64971.3,64988.7,64971.2,64977.1,49.6368
1786194900000,64977,64996.6,64977,64993.2,129.1704
1786195800000,64993.2,64993.2,64972.3,64975.9,64.587
1786196700000,64975.9,64989.9,64964.8,64988.8,108.6651
1786197600000,64988.8,65028,64988.7,65027.9,223.8482
1786198500000,65028,65118.4,65009.3,65096.3,605.4751
1786199400000,65096.4,65172.5,65076,65076,969.6251
1786200300000,65076.1,65149,65076,65096,261.5924
1786201200000,65096,65123,65062.2,65073.8,165.8791
1786202100000,65073.8,65077.7,65043.1,65057,161.9843
1786203000000,65057,65057.1,65025.4,65030.9,209.3409
1786203900000,65030.9,65065.9,65025,65046.3,185.6841
1786204800000,65046.2,65086.5,65046.2,65050.5,120.1186
1786205700000,65050.4,65059.5,65040,65040,65.2513
1786206600000,65040,65040.1,65002.2,65028.4,151.0812
1786207500000,65028.3,65055.8,65028.3,65055.7,54.0904
1786208400000,65055.8,65109.3,65043.5,65085.4,123.1586
1786209300000,65085.4,65093.1,65068.6,65079.9,65.2646
1786210200000,65080,65128.1,65078,65094.2,135.645
1786211100000,65094.3,65096.3,65084.8,65087.1,62.4751
1786212000000,65087.2,65097.1,65066.3,65066.4,65.5638
1786212900000,65066.4,65066.4,64985.5,65007.8,155.1804
1786213800000,65007.8,65033.7,65007.7,65025.2,78.8737
1786214700000,65025.2,65025.3,65014.2,65014.3,31.0031
1786215600000,65014.3,65024.1,64992.1,64992.2,96.2521
1786216500000,64992.2,64999.1,64990,64992.9,95.3594
1786217400000,64992.8,65010,64985.6,65010,40.5602
1786218300000,65010,65059.1,65009.9,65041.1,120.0229
1786219200000,65041.1,65050.6,65034.2,65049.3,39.8691
1786220100000,65049.2,65054.6,65026.3,65035.5,57.1637
1786221000000,65035.5,65053.4,65033.3,65049.3,21.9896
1786221900000,65049.2,65059.9,65033.4,65046,57.2206
1786222800000,65046,65046,65014.8,65014.8,31.499
1786223700000,65014.8,65025.9,65010,65010,55.9144
1786224600000,65010,65036.4,65002,65034.9,72.7078
1786225500000,65034.9,65037,64969.2,64990.4,117.1676
1786226400000,64990.5,65014.2,64965,64965,246.1875
1786227300000,64965,64978.6,64965,64967.1,50.341
1786228200000,64967.1,64968.9,64946.9,64946.9,109.4476
1786229100000,64946.9,64947,64909.8,64909.9,223.6053
1786230000000,64909.9,64914.2,64909.9,64914.1,60.5916
1786230900000,64914.1,64944.6,64901.1,64901.2,157.8705
1786231800000,64901.1,64944.6,64901.1,64944.4,146.4613
1786232700000,64944.5,64944.5,64921,64928.4,60.3393
1786233600000,64928.4,64940,64927,64935.8,101.1428
1786234500000,64935.8,64940.9,64935.7,64940.9,56.0901
1786235400000,64940.8,64964.1,64940.8,64947.5,84.0984
1786236300000,64947.5,64953.7,64930.2,64947.1,83.2823
1786237200000,64947,64980.1,64947,64957.6,74.9986
1786238100000,64957.5,64957.6,64810,64836.4,1013.4152
1786239000000,64836.4,64867.1,64828,64858.5,189.5065
1786239900000,64858.5,64864.1,64819.7,64842.7,260.2617
1786240800000,64842.6,64842.7,64770,64826.6,619.0126
1786241700000,64826.6,64826.6,64810,64820,189.5464
1786242600000,64820,64820.1,64744.9,64745,346.1756
1786243500000,64744.9,64796.7,64743.1,64790,364.0131
1786244400000,64790,64790.1,64680,64692.4,765.5353
1786245300000,64692.5,64756,64681.7,64745.4,392.1593
1786246200000,64745.3,64771.9,64738.1,64770.2,176.7786
1786247100000,64770.2,64772.8,64753,64753.8,108.391
1786248000000,64753.8,64789.1,64753.8,64789.1,182.3364
1786248900000,64789.1,64803.5,64776.4,64803.4,157.9023
1786249800000,64803.5,64803.5,64775,64775,78.2989
1786250700000,64775.1,64775.1,64752.4,64752.7,98.0052
1786251600000,64752.7,64759.1,64751.4,64753.4,83.1213
1786252500000,64753.4,64759.7,64753.4,64754.5,54.4902
1786253400000,64754.5,64754.6,64754,64754.5,47.7547
1786254300000,64754.6,64775,64740,64775,151.7221
1786255200000,64774.9,64786,64769,64786,167.1301
1786256100000,64785.9,64817.5,64785.9,64811,181.2703
1786257000000,64811,64835,64811,64825.1,200.9402
1786257900000,64825.1,64827.1,64819.1,64819.2,114.5749
1786258800000,64819.1,64819.2,64810,64818.8,156.8888
1786259700000,64818.8,64818.9,64805,64805.9,131.2641
1786260600000,64805.9,64813,64800,64800,77.4093
1786261500000,64800.1,64800.1,64788.6,64790.4,82.3403
1786262400000,64790.3,64899.5,64790.3,64886,455.9011
1786263300000,64886,64900.1,64853.5,64855.4,216.8568
1786264200000,64855.4,64867.7,64752.3,64752.3,294.2778
1786265100000,64752.4,64787.3,64752.3,64787.2,207.6455
1786266000000,64787.3,64798.4,64787.2,64796.7,100.5406
1786266900000,64796.7,64797.8,64775.4,64779,94.3044
1786267800000,64778.9,64789.1,64774.2,64787.5,55.8162
1786268700000,64787.5,64852.5,64780,64852.4,133.5746
1786269600000,64852.4,64925,64852.4,64925,344.431
1786270500000,64925,64956.8,64908,64935.6,654.9045
1786271400000,64935.6,64942.7,64903.1,64906,118.8481
1786272300000,64905.9,64941.7,64905.9,64923.9,120.555
1786273200000,64923.8,64956.5,64923.8,64949.9,179.2464
1786274100000,64950,64950,64943,64947.7,138.9052
1786275000000,64947.7,64968.3,64947,64955,106.122
1786275900000,64955,64968.2,64912.5,64912.8,142.1933
1786276800000,64912.8,64917.6,64884.8,64912,230.8765
1786277700000,64912,64912.1,64910.2,64910.3,39.6495
1786278600000,64910.3,64910.3,64905.8,64908.9,37.3948
1786279500000,64908.9,64924.7,64905.8,64924.7,70.9336
1786280400000,64924.6,65007.9,64924.6,64987,342.5009
1786281300000,64987.1,65060,64987,65052.8,354.0985
1786282200000,65052.8,65239.4,65052.8,65186.4,2002.0459
1786283100000,65186.3,65193,65163.8,65188.7,442.7613
1786284000000,65188.8,65210,65165,65208.1,368.5483
1786284900000,65208.2,65208.2,65130.5,65157.8,189.7565
1786285800000,65157.8,65194.8,65117.2,65141.8,254.5881
1786286700000,65141.7,65279.9,65141.7,65239.5,661.6912
1786287600000,65239.6,65244.2,65171.2,65219,529.3808
1786288500000,65219.1,65219.1,65194.1,65198,167.3264
1786289400000,65198,65208,65190.6,65194.1,244.9344
1786290300000,65194,65209.2,65190,65200,102.0003
1786291200000,65200,65234.7,65186.6,65207.5,309.0513
1786292100000,65207.5,65215.9,65150,65173.3,269.8841
1786293000000,65173.2,65235,65173.2,65232,199.4417
1786293900000,65232,65232.1,65208.2,65208.2,95.058
1786294800000,65208.2,65208.3,65190,65197.3,76.386
1786295700000,65197.3,65214.7,65193.4,65214.7,198.0127
1786296600000,65214.6,65214.9,65200.7,65207.2,81.9693
1786297500000,65207.3,65207.3,65170,65174.3,97.3684
1786298400000,65174.4,65182,65174.3,65178,40.409
1786299300000,65178,65190.6,65161.5,65190.6,70.3336
1786300200000,65190.6,65197.9,65188.7,65190.7,54.749
1786301100000,65190.8,65190.8,65170.1,65170.1,36.7353
1786302000000,65170.1,65171,65160,65164.4,73.4741
1786302900000,65164.4,65189,65164.4,65188.2,58.2842
1786303800000,65188.2,65188.3,65171.9,65171.9,28.5168
1786304700000,65171.9,65172,65155,65159.5,80.807
1786305600000,65159.5,65164.1,65043.2,65047.4,431.9487
1786306500000,65047.5,65130,65047.4,65096,184.9413
1786307400000,65096,65148.5,65095.9,65113,93.7667
1786308300000,65113,65119.1,65100,65114.2,47.9466
1786309200000,65114.1,65114.2,65099.2,65105.5,75.8764
1786310100000,65105.5,65120.2,65095.9,65115.7,85.848
1786311000000,65115.7,65234.6,65115.7,65201.5,512.4558
1786311900000,65201.5,65201.5,65164.2,65173.5,122.3599
1786312800000,65173.5,65500,65173.5,65389.9,2792.6347
1786313700000,65390,65422,65185.1,65212.6,890.652
1786314600000,65212.6,65230,64954,65008.4,1221.626
1786315500000,65008.4,65080.3,64937.3,65043.3,443.7098
1786316400000,65043.3,65096.1,64950,64987.4,701.0195
1786317300000,64987.5,65029.1,64871.5,64893,631.237
1786318200000,64892.9,64917.3,64822.9,64873.8,784.4837
1786319100000,64873.9,64912,64805.6,64870.1,604.9844
1786320000000,64870.1,65306.6,64818.7,65118.2,1550.4219
1786320900000,65118.3,65149.5,64951.4,64973.4,672.2326
1786321800000,64973.3,65019,64794.4,64819.9,1323.5307
1786322700000,64820,65021.2,64819.9,64948.7,535.5212
1786323600000,64948.8,65008.7,64872.6,64977.5,256.5042
1786324500000,64977.5,65048.5,64974.9,64975,326.5778
1786325400000,64974.9,64987.2,64865,64951.7,304.4784
1786326300000,64951.7,65368.9,64944.4,65172.1,1512.0986
1786327200000,65172.2,65185.5,65049.7,65079.8,489.3943
1786328100000,65079.7,65079.8,64878.7,64936.3,792.6331
1786329000000,64936.3,65199,64935.2,65171.2,480.1192
1786329900000,65171.2,65171.2,65055,65077.6,243.6197
1786330800000,65077.5,65085.7,64935.2,64935.3,312.63
1786331700000,64935.3,65146,64880.2,65000.1,600.2621
1786332600000,65000.1,65070,64974.8,65000.2,207.0251
1786333500000,65000.2,65035.5,64928,64950.5,198.959
1786334400000,64950.5,65049.9,64931.4,65046.3,234.4223
1786335300000,65046.2,65087.4,65000.2,65000.2,229.1904
1786336200000,65000.2,65015,64904.4,64986.2,577.9102
1786337100000,64986.1,65029,64953.3,64980,130.4564
1786338000000,64979.9,65031.7,64951.8,64969.1,147.1494
1786338900000,64969.1,65040.9,64969.1,65018.9,160.2219
1786339800000,65018.8,65058,64993.5,65058,219.5025
1786340700000,65058,65135.9,65023.4,65109.9,330.6469
1786341600000,65109.8,65255.5,65100,65169.6,717.7841
1786342500000,65169.7,65208.1,65108.1,65136.8,316.607
1786343400000,65136.8,65209.7,65136.7,65209.5,205.4132
1786344300000,65209.5,65303.4,65198.2,65269.6,508.6706
1786345200000,65269.6,65275,65225,65229.5,265.5023
1786346100000,65229.5,65299.1,65203,65284,364.9319
1786347000000,65283.9,65337.9,65275,65298.4,462.7177
1786347900000,65298.3,65306,65171.3,65179.1,355.6035
1786348800000,65179.1,65284,65178.3,65235.2,215.9968
1786349700000,65235.1,65300,65196.1,65263.7,234.0888
1786350600000,65263.7,65274,65157.3,65194.9,248.24
1786351500000,65195,65234,65174.7,65212.2,133.1818
1786352400000,65212.2,65212.3,65157,65191.2,156.3271
1786353300000,65191.1,65191.2,65131.7,65137,171.569
1786354200000,65136.9,65136.9,65012.8,65026.1,630.5324
1786355100000,65026.1,65026.1,64930,64943.2,1021.9849
1786356000000,64943.1,65057,64943.1,65020,441.2952
1786356900000,65020.1,65049.9,64988,65003.3,286.0421
1786357800000,65003.3,65028.4,64977.2,64991,192.0855
1786358700000,64991.1,65040.1,64983,64991.3,217.6391
1786359600000,64991.2,65010.3,64950.1,64989.1,260.0525
1786360500000,64989.1,65070.1,64989.1,65055.5,229.8713
1786361400000,65055.4,65075.4,65032,65032.8,166.3645
1786362300000,65032.8,65112.4,65032.7,65100.3,246.2287
1786363200000,65100.4,65217,65074.8,65099.9,632.2217
1786364100000,65100,65100,65006.3,65021.6,354.1801
1786365000000,65021.6,65031,64881,64990.8,1211.4562
1786365900000,64990.8,64990.9,64816.5,64839.7,826.0649
1786366800000,64839.8,64890.1,64820,64860.2,692.9165
1786367700000,64860.2,64948.6,64852.2,64898.3,591.9294
1786368600000,64898.3,64915.6,64575.4,64618.2,3612.2488
1786369500000,64618.1,64672.9,64500,64539.5,1944.3033
1786370400000,64539.4,64735.2,64508.1,64722.8,1305.1014
1786371300000,64722.8,64804.9,64682.6,64752.3,825.2353
1786372200000,64752.3,64866.6,64729.2,64793.5,697.2018
1786373100000,64793.6,64832.6,64571.8,64595,922.0171
1786374000000,64595.1,64687.8,64510,64534.1,1127.4019
1786374900000,64534,64613.7,64280,64373.2,3958.6875
1786375800000,64373.2,64392.8,64207.3,64317,2039.3851
1786376700000,64317.1,64325,64162.9,64277.1,2134.6391
1786377600000,64277.1,64325,64160,64193.5,1928.4376
1786378500000,64193.6,64193.6,63957,64099,4888.8509
1786379400000,64099.1,64172.8,63915.1,63947.1,2645.0392
1786380300000,63947.1,63953.2,63803,63890.9,2497.791
1786381200000,63890.9,63996,63806,63969.2,1694.6244
1786382100000,63969.1,63988,63900,63900.1,873.6335
1786383000000,63900.1,64023.5,63880,63927.7,615.8748
1786383900000,63927.6,63957.5,63862,63933.3,709.3894
1786384800000,63933.3,64006.1,63876,63922,628.8836
1786385700000,63922,63986.5,63875.6,63876.1,465.9275
1786386600000,63876.1,63907.4,63775.9,63871.9,1255.0169
1786387500000,63871.9,63914.2,63820.1,63870.1,393.703
1786388400000,63870,63918.9,63860.8,63905,293.468
1786389300000,63905,64007.4,63880.1,64002.5,463.5893
1786390200000,64002.5,64092.3,63901,63999.9,883.9503
1786391100000,63999.8,64023.1,63957.3,64016.7,260.9752
1786392000000,64016.7,64064,63990.4,64020,381.434
1786392900000,64020,64091.7,64019.9,64090.2,331.0155
1786393800000,64090.2,64174.8,64070.5,64148.4,414.0181
1786394700000,64148.3,64149.3,64110.8,64133.2,253.0049
1786395600000,64133.3,64133.3,64062.9,64089,423.5438
1786396500000,64089.1,64092.1,64038.3,64092.1,238.9418
1786397400000,64092.1,64097.4,64004.7,64010.9,279.7168
1786398300000,64011,64022.3,63957.1,63960.3,346.4571
1786399200000,63960.2,64021.5,63933.1,64016.1,335.5743
1786400100000,64016,64033.7,63979.8,63988.2,192.7108
1786401000000,63988.2,63988.2,63914.4,63958.8,364.9902
1786401900000,63958.8,63997.5,63957.6,63997.5,93.6556
1786402800000,63997.4,63998.5,63945.3,63953.7,283.9306
1786403700000,63953.7,63968,63921,63962.8,242.2628
1786404600000,63962.8,63962.8,63881.1,63946.8,211.9137
1786405500000,63946.7,63959.9,63919.4,63947.7,149.3023
1786406400000,63947.6,63956.3,63844.7,63956.3,702.0472
1786407300000,63956.3,63975.7,63896.7,63963.7,275.4569
1786408200000,63963.8,63988.8,63926.8,63954.8,236.3422
1786409100000,63954.8,64050,63954.8,64021.2,853.9182
1786410000000,64021.1,64058,63961.2,64039.9,365.062
1786410900000,64039.9,64053.3,63955.9,64046.5,351.5009
1786411800000,64046.5,64046.5,63938,63965.6,208.1182
1786412700000,63965.6,64056.1,63965.6,64035.6,204.2992
1786413600000,64035.6,64064,64016.5,64016.6,256.0228
1786414500000,64016.6,64062.4,64016.5,64030,195.3732
1786415400000,64030.1,64032.9,64007.8,64023.8,138.4916
1786416300000,64023.8,64033,64011.1,64017.3,110.6739
1786417200000,64017.3,64085,64017.3,64081,247.5982
1786418100000,64081,64158.8,64081,64112.4,519.2486
1786419000000,64112.4,64141.3,64107.2,64114,179.6093
1786419900000,64114,64120,64095.6,64120,226.7224
1786420800000,64119.9,64134.1,64100,64100.1,150.1813
1786421700000,64100.1,64111,64083.2,64086,129.4983
1786422600000,64085.9,64090,64074.8,64074.8,134.3172
1786423500000,64074.8,64084.8,64000.2,64000.3,368.9888
1786424400000,64000.2,64032.6,63970.7,64024.2,249.9601
1786425300000,64024.2,64030.4,63935.4,63951.7,367.1859
1786426200000,63951.7,64022.6,63944.4,64010.7,206.3714
1786427100000,64010.6,64024.8,63967.7,63967.8,129.4962
1786428000000,63967.7,64028.4,63950.5,64005.5,190.4761
1786428900000,64005.5,64005.5,63902.4,63903.4,191.2949
1786429800000,63903.3,63947.4,63882.1,63913.3,488.0259
1786430700000,63913.2,63945.6,63825,63944.4,535.7402
1786431600000,63944.4,63988,63939.1,63939.1,229.5143
1786432500000,63939.2,63948.6,63880.5,63883.6,197.2189
1786433400000,63883.5,64066.5,63883.5,64047.4,407.6327
1786434300000,64047.5,64079,64013.3,64035,403.9294
1786435200000,64035,64083.3,64020.5,64020.6,256.2345
1786436100000,64020.6,64063.4,64016.8,64027.3,149.7276
1786437000000,64027.3,64093,64027.3,64082.9,139.3515
1786437900000,64082.8,64123,64064.1,64111.5,282.919
1786438800000,64111.5,64138.4,64100.7,64104.8,376.6893
1786439700000,64104.7,64173.7,64103.7,64163.9,536.5566
1786440600000,64163.9,64227.6,64156.7,64217,844.4403
1786441500000,64217,64277,64216.9,64276.9,554.8433
1786442400000,64276.9,64284.2,64209.9,64215.3,528.5414
1786443300000,64215.3,64280,64169.9,64273.6,349.4413
1786444200000,64273.5,64283.1,64225,64245.1,319.5817
1786445100000,64245.1,64247.2,64191.3,64201.1,270.8462
1786446000000,64201.1,64368.2,64201.1,64327,1141.0347
1786446900000,64327,64330,64303.1,64305.4,230.2825
1786447800000,64305.4,64322.4,64305,64313.5,291.7361
1786448700000,64313.5,64379.8,64313.5,64356.3,803.0832
1786449600000,64356.2,64474,64351.9,64444.7,1628.72
1786450500000,64444.7,64444.8,64261,64289.7,1136.5437
1786451400000,64289.7,64359.9,64288.7,64297.9,828.3244
1786452300000,64297.9,64315.4,64280.3,64300,279.0299
1786453200000,64300,64350,64244,64297.6,585.622
1786454100000,64297.6,64307.8,64139.1,64174,836.947
1786455000000,64174,64218,64023.7,64155.5,1834.5871
1786455900000,64155.5,64199.9,64030.4,64182.2,1118.6056
1786456800000,64182.2,64214.2,64095,64201.5,574.3538
1786457700000,64201.6,64244.9,63888.5,64008.6,1765.205
1786458600000,64008.6,64044.1,63866.6,63937.8,952.6237
1786459500000,63937.8,63989.7,63674.5,63750.1,3125.7786
1786460400000,63750.1,63848.5,63705.1,63756.8,1400.5677
1786461300000,63756.8,63850.3,63689,63845.9,1273.3232
1786462200000,63845.8,63845.8,63405.3,63537,5014.3693
1786463100000,63537,63610,63450,63584.7,1563.1433
1786464000000,63584.6,63638.5,63500.8,63584.6,1086.7258
1786464900000,63584.7,63631.1,63547.2,63572.8,665.3313
1786465800000,63572.7,63599.4,63463.1,63468.4,600.7657
1786466700000,63468.5,63523.4,63432.7,63488.6,646.7104
1786467600000,63488.5,63522,63435,63485.2,556.064
1786468500000,63485.2,63581.8,63468,63550.6,468.3321
1786469400000,63550.7,63571.4,63498.2,63528.1,297.5036
1786470300000,63528,63618,63513.7,63585.1,1361.3134
1786471200000,63585.1,63608.2,63526.2,63572.6,366.678
1786472100000,63572.6,63586.9,63456.2,63456.3,511.2423
1786473000000,63456.3,63495,63162.7,63277.4,5437.9732
1786473900000,63277.5,63360.2,63277.4,63349.9,504.7946
1786474800000,63349.8,63358.1,63197.9,63221.9,644.2649
1786475700000,63221.9,63361.8,63221.9,63332.4,454.9207
1786476600000,63332.5,63436.4,63332.5,63429.6,433.9606
1786477500000,63429.7,63516.7,63360.8,63509.6,475.5143
1786478400000,63509.7,63690.5,63509.7,63647,1069.1683
1786479300000,63646.9,63648.4,63578.2,63648.4,577.8215
1786480200000,63648.5,63720.5,63620.9,63645.5,338.4857
1786481100000,63645.4,63723.4,63645.4,63712.2,233.0145
1786482000000,63712.1,63723,63694.5,63706.4,248.0558
1786482900000,63706.5,63736.5,63606.6,63637.6,384.6162
1786483800000,63637.6,63659.8,63580,63634.1,324.7014
1786484700000,63634.1,63660,63610.4,63638.4,116.4101
1786485600000,63638.3,63742.8,63638.3,63702.5,272.4613
1786486500000,63702.5,63731.1,63671.7,63688.9,180.4664
1786487400000,63688.9,63697.4,63621.3,63624.9,190.4299
1786488300000,63624.9,63646.8,63580.7,63635.5,202.7331
1786489200000,63635.5,63635.5,63529.2,63544.8,278.1051
1786490100000,63544.8,63580,63512.3,63566.4,190.2556
1786491000000,63566.4,63610.3,63551.5,63610,175.9571
1786491900000,63610,63624.2,63566,63566.1,104.8176
1786492800000,63566,63580,63496,63580,528.7695
1786493700000,63580,63679.2,63550,63640.1,404.1314
1786494600000,63640.1,63697.3,63640,63686.9,236.5247
1786495500000,63687,63716.2,63686.9,63714.2,222.8061
1786496400000,63714.1,63755,63686,63755,389.412
1786497300000,63754.9,63760.2,63706.7,63718.2,266.1097
1786498200000,63718.1,63795.3,63658.7,63795.3,343.5176
1786499100000,63795.2,63827.8,63768.9,63795,544.554
1786500000000,63794.9,63863.6,63783.3,63822.2,637.4401
1786500900000,63822.1,63869.8,63752.5,63869.8,471.3803
1786501800000,63869.8,63886.8,63733,63746,451.0866
1786502700000,63746,63758.5,63702,63722.9,238.8622
1786503600000,63723,63773.7,63683.6,63695.6,285.8389
1786504500000,63695.6,63756.6,63677.8,63730.1,278.4988
1786505400000,63730.1,63821.9,63712.2,63784.2,229.3036
1786506300000,63784.3,63810,63750,63800.1,163.8219
1786507200000,63800.1,63813.9,63740.4,63761.5,252.8202
1786508100000,63761.5,63864.2,63761.5,63770,333.4756
1786509000000,63769.9,63769.9,63706.5,63745,287.8234
1786509900000,63744.9,63807.9,63733.3,63747.7,282.4258
1786510800000,63747.7,63793.6,63700,63793.5,210.727
1786511700000,63793.5,63811,63788,63809.9,227.1086
1786512600000,63809.9,63845.3,63792.1,63819.8,275.807
1786513500000,63819.9,63832.2,63790,63814.7,252.1969
1786514400000,63814.6,63814.6,63672.1,63677.6,641.4333
1786515300000,63677.7,63725,63578.3,63614.7,741.3802
1786516200000,63614.7,63654.4,63580,63626.1,460.4153
1786517100000,63626.1,63690.2,63604.1,63690.1,431.6598
1786518000000,63690.1,63775.7,63680.7,63732.4,375.3165
1786518900000,63732.4,63732.4,63700,63701.2,163.6222
1786519800000,63701.3,63745,63654.7,63662.4,177.1172
1786520700000,63662.4,63809.8,63611.2,63803.4,467.9051
1786521600000,63803.4,63835.8,63744.7,63761.1,851.6622
1786522500000,63761.2,63807.2,63761.1,63796.7,263.7047
1786523400000,63796.6,63796.6,63744.2,63749,378.9913
1786524300000,63749.1,63797.2,63744.2,63766.1,230.7734
1786525200000,63766.1,63835,63735,63830.9,252.5662
1786526100000,63830.8,63975.7,63830.8,63958.8,2031.1971
1786527000000,63958.8,64070.5,63958.8,64015.9,1547.9047
1786527900000,64016,64083.9,63998.7,64077,754.6918
1786528800000,64077,64193.1,64069.9,64100,1580.1539
1786529700000,64100.1,64110,64033.3,64036.9,879.5755
1786530600000,64037,64126,64036.9,64108.1,554.7479
1786531500000,64108.1,64124,64045.2,64104.9,620.4797
1786532400000,64105,64180,64075.1,64105.9,565.4801
1786533300000,64105.9,64177.1,64092.9,64169.5,381.93
1786534200000,64169.5,64190.1,64128.1,64157.5,354.0083
1786535100000,64157.4,64215.6,64155.4,64202.5,612.5127
1786536000000,64202.5,64269,64172.5,64230.1,851.0936
1786536900000,64230,64450.6,64230,64387.9,2699.6156
1786537800000,64387.8,64466,64000.3,64069.9,5629.9854
1786538700000,64070,64162,63942.3,64094.2,1959.8481
1786539600000,64094.2,64132.2,63907.6,63962.6,886.5135
1786540500000,63962.6,64017,63882,63931,823.2057
1786541400000,63931,63994.2,63836,63960,1055.1744
1786542300000,63959.9,64051.8,63802.7,63811.6,1190.4246
1786543200000,63811.6,63904.1,63573,63769.7,3125.7291
1786544100000,63769.8,63810,63630,63630.1,840.5087
1786545000000,63630.1,63676.3,63502,63588.8,2229.698
1786545900000,63588.8,63619.9,63335.4,63347.7,2249.5438
1786546800000,63347.8,63511.5,63280,63477.3,2478.1866
1786547700000,63477.4,63524.7,63415,63478,750.1148
1786548600000,63478,63550,63374.7,63502.7,735.1524
1786549500000,63502.7,63529.9,63394.4,63417.7,645.5663
1786550400000,63417.7,63480,63340.1,63457.4,793.5571
1786551300000,63457.5,63544.7,63440,63542.6,576.0798
1786552200000,63542.6,63558.5,63483.5,63493.9,440.9292
1786553100000,63494,63497.2,63436.6,63463.1,337.1065
1786554000000,63463,63523.5,63450,63513.3,378.5045
1786554900000,63513.4,63525,63392.4,63423.5,484.1823
1786555800000,63423.5,63479.3,63381.7,63450.2,258.5499
1786556700000,63450.1,63516.7,63426.1,63445.8,249.6484
1786557600000,63445.8,63480.6,63395.6,63453,343.6943
1786558500000,63453.1,63453.1,63366,63410.8,375.4373
1786559400000,63410.8,63508.3,63400.1,63429.8,495.2692
1786560300000,63429.8,63429.8,63350,63361.3,420.2158
1786561200000,63361.2,63415.1,63351.1,63361.3,304.3191
1786562100000,63361.3,63440,63288,63367.1,812.5884
1786563000000,63367.2,63385.4,63322.3,63322.3,331.2927
1786563900000,63322.4,63415.1,63301.9,63400.8,608.898
1786564800000,63400.7,63496.6,63399.2,63445,347.9342
1786565700000,63445.1,63510.8,63402.6,63491.8,591.9079
1786566600000,63491.8,63563.5,63491.7,63527.8,734.1732
1786567500000,63527.8,63587.8,63505.9,63587.8,525.5543
1786568400000,63587.7,63643.3,63537.6,63566.8,456.5843
1786569300000,63566.9,63578.1,63449.4,63465.5,400.1692
1786570200000,63465.5,63530,63403.5,63515.9,370.1678
1786571100000,63516,63558.4,63429,63448,172.1279
1786572000000,63448.1,63517.2,63402.5,63471.3,282.6326
1786572900000,63471.3,63511.8,63460.8,63463.5,109.6781
1786573800000,63463.4,63477.9,63346.6,63383.5,412.6174
1786574700000,63383.4,63415.9,63376.3,63409.2,155.1413
1786575600000,63409.3,63416.4,63354.4,63391.9,404.2212
1786576500000,63391.9,63419.6,63352,63405.9,234.8412
1786577400000,63405.9,63457.3,63384.6,63403.2,366.7622
1786578300000,63403.1,63467.8,63388,63461.5,299.8892
1786579200000,63461.5,63588,63445.1,63585.8,782.7937
1786580100000,63585.8,63698,63562.6,63601.4,998.4941
1786581000000,63601.5,63607.1,63483.3,63492.2,392.823
1786581900000,63492.3,63586.7,63483.3,63537.6,158.1074
1786582800000,63537.6,63616.8,63503.6,63613,233.9903
1786583700000,63612.9,63614.9,63378,63400,799.136
1786584600000,63400,63520,63390.7,63390.7,308.7829
1786585500000,63390.7,63500,63350.1,63435.3,760.5595
1786586400000,63435.3,63464,63400.2,63445,231.8974
1786587300000,63445,63464.8,63407,63441.5,146.1628
1786588200000,63441.4,63477.1,63351,63477.1,382.7428
1786589100000,63477.1,63562.5,63450,63530,317.1229
1786590000000,63529.9,63561.3,63487.3,63551.8,203.046
1786590900000,63551.9,63615,63548.3,63552.9,848.2261
1786591800000,63552.9,63612.8,63542.6,63552.9,250.3301
1786592700000,63552.9,63683.6,63552.9,63627,884.6669
1786593600000,63626.9,63650.8,63594.6,63646.8,322.4575
1786594500000,63646.8,63646.8,63567.2,63572.8,289.0092
1786595400000,63572.7,63695,63572.7,63675.1,398.755
1786596300000,63675.2,63760,63664.1,63665.5,985.0641
1786597200000,63665.5,63860.1,63639.5,63858.4,1761.4608
1786598100000,63858.4,63997.8,63858.4,63912.8,1588.7957
1786599000000,63912.7,63928.5,63865.5,63892.4,684.9823
1786599900000,63892.4,63900,63842,63842,325.5252
1786600800000,63842,63855,63775.9,63806.1,813.2159
1786601700000,63806.1,63820.8,63775,63790,244.8402
1786602600000,63790,63790.1,63723.9,63725,525.1754
1786603500000,63725,63914.4,63723,63914.4,1055.2453
1786604400000,63914.4,63920,63833.2,63840.1,465.8972
1786605300000,63840.1,63886.6,63825,63866.6,250.3884
1786606200000,63866.5,63866.6,63841.9,63842,190.6763
1786607100000,63842,63842,63816.2,63835.2,213.6906
1786608000000,63835.2,63880,63800.1,63800.2,317.7333
1786608900000,63800.2,63808.6,63756.3,63756.3,382.2362
1786609800000,63756.3,63773.1,63746.2,63773,240.0695
1786610700000,63773.1,63775,63712.5,63743.4,307.3774
1786611600000,63743.4,63743.4,63583.7,63587.3,896.0083
1786612500000,63587.3,63692.5,63545.5,63630,935.5319
1786613400000,63630,63684.9,63630,63684.9,281.4108
1786614300000,63684.8,63760,63680.4,63753.5,277.2542
1786615200000,63753.5,63804.9,63590,63590.8,1121.8134
1786616100000,63590.8,63653.6,63590.8,63600,391.5494
1786617000000,63600,63618.4,63561.8,63617.5,279.0254
1786617900000,63617.6,63635.2,63616,63631,192.384
1786618800000,63631,63641.1,63588.7,63602.1,294.2834
1786619700000,63602.1,63612.2,63411,63415.7,1763.5926
1786620600000,63415.7,63451.5,63313,63442.6,1736.8264
1786621500000,63442.6,63481.3,63430,63459,485.0625
1786622400000,63459,63539.5,63414.8,63539.4,685.9345
1786623300000,63539.5,63564,63523.2,63544.3,396.1836
1786624200000,63544.2,63665.6,63431.8,63560,1497.5825
1786625100000,63560,63680.5,63532.2,63665.8,623.1801
1786626000000,63665.8,63777,63665.7,63712.5,1334.0353
1786626900000,63712.5,63712.6,63537.3,63578.3,876.3375
1786627800000,63578.2,63831.5,63530.1,63783.3,1430.3126
1786628700000,63783.3,63824.9,63656.8,63695.2,897.7395
1786629600000,63695.3,63827.1,63652.4,63781.3,760.623
1786630500000,63781.4,63858,63731.1,63783.4,898.1555
1786631400000,63783.4,63974.4,63738.6,63929.9,1744.0429
1786632300000,63929.9,63940,63823.3,63831.8,780.7676
1786633200000,63831.8,63911,63785.1,63799.8,690.8028
1786634100000,63799.8,63864.9,63560.1,63599.8,1236.7845
1786635000000,63599.8,63731.3,63580,63695.1,700.597
1786635900000,63695.1,63695.2,63380.1,63383.9,1404.8487
1786636800000,63384,63490.5,63359.5,63442.3,1586.3615
1786637700000,63442.3,63557,63273,63341.8,1847.8046
1786638600000,63341.8,63415,62818,62969.7,5889.2145
1786639500000,62969.7,63220,62905,63138.1,2912.3645
1786640400000,63138,63138.1,63050,63107.8,1381.8657
1786641300000,63107.8,63240,63075.1,63163.3,690.0358
1786642200000,63163.2,63240,63081.1,63225.9,662.9115
1786643100000,63225.9,63276.7,63118.7,63118.8,595.8628
1786644000000,63118.7,63269.6,63100,63182.4,418.7996
1786644900000,63182.5,63230,63090.5,63095.3,414.4708
1786645800000,63095.3,63179,63082.4,63179,427.6665
1786646700000,63178.9,63356,63160.3,63282.7,1009.713
1786647600000,63282.6,63498.4,63282.6,63390,1100.0641
1786648500000,63390,63414.6,63360.2,63396.1,359.4316
1786649400000,63396,63424.7,63364.7,63392.8,364.5696
1786650300000,63392.7,63444,63367.9,63388.8,390.1669
1786651200000,63388.8,63449.7,63342.4,63393.3,635.2114
1786652100000,63393.4,63435.3,63393.3,63427.5,192.6403
1786653000000,63427.5,63448,63381,63392.3,127.7113
1786653900000,63392.2,63392.6,63355,63388.8,171.5957
1786654800000,63388.9,63444.8,63362.4,63406.7,138.9266
1786655700000,63406.7,63441.6,63387.6,63428.8,280.5002
1786656600000,63428.9,63476.2,63416.5,63421.7,237.1573
1786657500000,63421.6,63456.1,63411.6,63456,142.7283
1786658400000,63456,63610,63456,63585.6,871.5618
1786659300000,63585.6,63620,63545.4,63598.3,376.1939
1786660200000,63598.2,63605.7,63523.8,63530.8,327.8231
1786661100000,63530.8,63536.3,63500.5,63501.7,118.1479
1786662000000,63501.7,63515.9,63425.3,63455.5,442.8079
1786662900000,63455.6,63470.5,63425.2,63448.2,183.6357
1786663800000,63448.2,63475,63412.1,63429,285.5823
1786664700000,63429,63456.8,63365.4,63456.8,658.2071
1786665600000,63456.8,63481.4,63400,63470.6,555.2556
1786666500000,63470.7,63534.5,63387.9,63416.9,676.6523
1786667400000,63416.9,63525,63375.1,63493,631.2446
1786668300000,63493.1,63531,63447,63515,650.5874
1786669200000,63515,63566.8,63454.5,63484.8,1162.2656
1786670100000,63484.8,63546.7,63430.4,63459.5,694.0259
1786671000000,63459.6,63539.5,63434.9,63539.4,344.3468
1786671900000,63539.5,63550,63492.4,63545.8,303.9147
1786672800000,63545.9,63600.1,63504.9,63540.3,561.3072
1786673700000,63540.4,63562.4,63449.3,63462.1,412.5131
1786674600000,63462.2,63538.3,63462.1,63494.4,729.2694
1786675500000,63494.4,63536.5,63430.4,63430.4,391.6515
1786676400000,63430.4,63471.5,63384.5,63470.2,369.4629
1786677300000,63470.3,63555,63428.9,63434.1,337.9227
1786678200000,63434.2,63434.2,63326.1,63356.6,529.9631
1786679100000,63356.6,63356.6,63271.1,63288.3,799.4026
1786680000000,63288.2,63385,63230.8,63384.3,493.4996
1786680900000,63384.4,63455.6,63340,63393.5,475.7801
1786681800000,63393.4,63400,63357.6,63368.3,158.1766
1786682700000,63368.2,63378.8,63339.1,63350,151.1047
1786683600000,63349.9,63374.8,63303,63306.9,231.3106
1786684500000,63307,63336.3,63260,63301,315.1633
1786685400000,63300.9,63350,63282,63323.9,227.8737
1786686300000,63323.9,63380.6,63320,63360.5,126.4315
1786687200000,63360.5,63360.5,63265.4,63265.5,208.3175
1786688100000,63265.4,63275.6,63151,63151,713.5583
1786689000000,63151,63219.2,63142.2,63158,597.7222
1786689900000,63157.9,63184.9,62910,62950.1,2159.8131
1786690800000,62950.1,63062.1,62919.1,63048.7,1006.4873
1786691700000,63048.7,63086.4,63043.8,63076.5,471.9068
1786692600000,63076.4,63076.5,62934.1,62992.8,782.4157
1786693500000,62992.9,62993.9,62887.5,62887.5,768.7672
1786694400000,62887.5,62923.1,62866,62889.7,991.8427
1786695300000,62889.7,62968.4,62703.4,62755.2,2374.7791
1786696200000,62755.2,62850,62666,62814,1604.5269
1786697100000,62814,62917.6,62789.9,62913.9,551.9033
1786698000000,62913.9,62913.9,62821.7,62855.7,640.4742
1786698900000,62855.8,62890,62766.1,62767.3,371.8326
1786699800000,62767.3,62794.1,62716.3,62742.5,630.5305
1786700700000,62742.5,62820,62742.5,62772.8,1096.1318
1786701600000,62772.7,62851.7,62720,62835.6,1033.8921
1786702500000,62835.5,62900,62824.1,62867.1,817.9341
1786703400000,62867.1,62926,62834,62852,484.2754
1786704300000,62852,62876.5,62781.9,62795,446.1154
1786705200000,62794.9,62869.2,62789,62836,382.3236
1786706100000,62835.9,62898.4,62814.4,62866.6,413.2945
1786707000000,62866.7,62913,62816.7,62870,232.3726
1786707900000,62869.9,62904.4,62828.7,62843.1,426.9086
1786708800000,62843,62880.6,62733,62802.9,936.7772
1786709700000,62802.9,62869.6,62772.2,62869.6,301.7466
1786710600000,62869.6,62891,62736,62736,411.5654
1786711500000,62736.1,62790,62700,62711.4,578.1342
1786712400000,62711.4,62734.9,62570.7,62660.1,1995.0476
1786713300000,62660,62774,62613,62754.6,881.0894
1786714200000,62754.6,62800.1,62582.8,62693.4,1215.9123
1786715100000,62693.4,62727.5,62576,62641.7,862.6767
1786716000000,62641.8,62710,62570.8,62585.1,1180.5617
1786716900000,62585.2,62683.6,62531,62650,950.129
1786717800000,62649.9,62777,62630.9,62724,1002.7082
1786718700000,62723.9,62761.3,62508.3,62590.1,1664.3876
1786719600000,62590.1,62713.3,62590,62682,789.5028
1786720500000,62681.9,62832.4,62658,62832.3,667.5498
1786721400000,62832.3,63014.4,62770,62983.5,2539.823
1786722300000,62983.4,63069.7,62922.4,62966.1,1827.9754
1786723200000,62966.2,63084.6,62946,63017.8,927.6408
1786724100000,63017.8,63136,63010,63095.6,963.8302
1786725000000,63095.5,63197,63070.3,63179.9,776.8676
1786725900000,63179.9,63180,63080,63108.3,532.1795
1786726800000,63108.3,63150,63086.9,63149.9,546.9565
1786727700000,63149.8,63215.1,63135.2,63171.5,580.7971
1786728600000,63171.5,63193.3,63041.8,63076.1,538.8463
1786729500000,63076.1,63096.4,62965.1,62986.6,872.2517
1786730400000,62986.7,63048.3,62916.3,62977.3,595.2351
1786731300000,62977.3,63054.2,62977.3,63008.1,236.9537
1786732200000,63008.1,63013.7,62900.2,62943.3,1042.8882
1786733100000,62943.4,62947,62855.6,62898.9,347.4782
1786734000000,62899,62899,62823.3,62830,411.5499
1786734900000,62830,62907.5,62785.8,62899.9,690.9769
1786735800000,62899.9,62957.9,62856.8,62956.2,571.6949
1786736700000,62956.2,62972.4,62913.8,62938.4,461.1514
1786737600000,62938.5,63000,62936.3,62945.6,321.3801
1786738500000,62945.5,62963.5,62901.9,62924.4,160.4174
1786739400000,62924.4,62929.6,62879.7,62889.9,271.6925
1786740300000,62890,62911.8,62866.7,62877.8,113.0054
1786741200000,62877.8,62914.4,62867,62876.8,158.2737
1786742100000,62876.8,62899.5,62856.4,62866.5,191.7371
1786743000000,62866.6,62888,62846.2,62854.8,122.7365
1786743900000,62854.7,62904.1,62851.4,62902.7,68.6464
1786744800000,62902.6,62934,62794.7,62797.5,651.9097
1786745700000,62797.5,62814.3,62761,62794.1,249.3258
1786746600000,62794.2,62863.9,62794.1,62863.1,399.6189
1786747500000,62863,62875.1,62839.8,62858.8,88.7382
1786748400000,62858.8,62911,62856,62903.6,99.2934
1786749300000,62903.7,62925.2,62830.2,62922.1,368.1604
1786750200000,62922,63014.6,62871.2,62986,945.435
1786751100000,62986,63049,62982,63019.5,692.7894
1786752000000,63019.6,63039.3,62980,62989.5,165.9868
1786752900000,62989.5,63012.4,62972,62989.1,169.9933
1786753800000,62989.1,63000,62973.5,62996.6,94.9423
1786754700000,62996.7,63014.8,62967.4,62993.4,168.0108
1786755600000,62993.4,63010.7,62966.2,62990.1,166.3982
1786756500000,62990.1,63018,62973.3,63016.2,172.5768
1786757400000,63016.2,63018.1,62989.4,63008.9,135.5406
1786758300000,63009,63015.8,62994.9,63015.7,55.8145
1786759200000,63015.8,63037.9,63009.1,63030,129.6168
1786760100000,63030,63090,63029.9,63077.5,275.0054
1786761000000,63077.5,63112,63077.5,63090,175.2578
1786761900000,63090,63120.1,63089.9,63115.6,193.1817
1786762800000,63115.7,63140,63103.6,63136,215.7379
1786763700000,63136.1,63164.5,63057.7,63063,365.2258
1786764600000,63063,63065.8,63014.2,63041,160.0294
1786765500000,63041,63052.1,63021.3,63026.7,177.7823
1786766400000,63026.7,63077.5,63026.7,63077.5,123.5386
1786767300000,63077.4,63100,63076.4,63100,136.4237
1786768200000,63099.9,63125,63095.4,63125,137.8008
1786769100000,63125,63125.1,63086.4,63090.1,158.1494
1786770000000,63090.2,63125.2,63090.1,63125.2,82.0085
1786770900000,63125.2,63129,63088,63088.1,128.4026
1786771800000,63088.1,63095.9,63025,63048.2,178.9511
1786772700000,63048.1,63056.4,63000.3,63055.7,352.1023
1786773600000,63055.6,63068.1,63008.9,63009,113.7947
1786774500000,63009,63040,63000,63008.5,165.0228
1786775400000,63008.6,63040,63008.6,63039.9,92.8378
1786776300000,63040,63106.6,63039.9,63084,143.8525
1786777200000,63084.1,63098.9,63034,63097.8,373.0025
1786778100000,63097.9,63097.9,63039,63043.6,97.3513
1786779000000,63043.7,63073.8,63036.7,63050.8,107.0155
1786779900000,63050.8,63055.1,63005.9,63049.1,223.9545
1786780800000,63049,63058.3,63025,63025.1,67.7249
1786781700000,63025,63040,63020,63024.3,73.2666
1786782600000,63024.4,63024.4,62990,62993,224.0814
1786783500000,62993,63039.8,62888,62911.6,1268.3988
1786784400000,62911.6,62936.7,62872.5,62936.6,651.3293
1786785300000,62936.6,62958.8,62930,62953.1,125.477
1786786200000,62953,63004.4,62953,62990.9,241.1729
1786787100000,62991,63022.2,62990.9,62995.1,130.2094
1786788000000,62995,63007.5,62973.1,62989.1,90.8113
1786788900000,62989.1,62989.1,62987.1,62987.1,67.7056
1786789800000,62987.1,63009.8,62981.6,63007.5,119.2893
1786790700000,63007.5,63027.5,62994.2,63012.7,95.3921
1786791600000,63012.7,63012.7,62995,62995.1,96.5743
1786792500000,62995.1,63018,62995,63003.2,58.2307
1786793400000,63003.3,63027.1,63003.2,63027.1,86.5399
1786794300000,63027,63034.7,62963.8,62991.6,310.4033
1786795200000,62991.5,62991.6,62950.1,62957.9,161.7476
1786796100000,62957.9,62963.5,62950,62960.7,70.5085
1786797000000,62960.8,62960.8,62928.3,62934.7,145.1166
1786797900000,62934.7,63028,62913.1,63025,261.1004
1786798800000,63025.1,63060,62992.8,63047.3,294.024
1786799700000,63047.3,63056.8,63004.5,63007.2,123.1277
1786800600000,63007.3,63024.5,63000.9,63000.9,81.7099
1786801500000,63001,63027.4,63000.9,63027.4,110.553
1786802400000,63027.3,63027.4,63005,63010.7,72.8314
1786803300000,63010.8,63010.8,62963.4,63009.2,107.5671
1786804200000,63009.2,63015.1,63000,63010.5,71.3323
1786805100000,63010.4,63022.8,63009.8,63009.9,87.9593
1786806000000,63009.9,63014.4,63006,63007.8,59.0956
1786806900000,63007.7,63060.7,62999.5,63047,448.0472
1786807800000,63047,63095.8,63043.9,63080.1,241.0126
1786808700000,63080.1,63080.1,63065,63065,99.5413
1786809600000,63065,63065.1,63042.2,63050.7,136.7799
1786810500000,63050.7,63094.2,63033.9,63094.2,120.6083
1786811400000,63094.1,63094.2,63061,63061,99.0752
1786812300000,63061.1,63071.2,63061,63066.3,33.148
1786813200000,63066.2,63066.3,63065.8,63065.9,35.1181
1786814100000,63065.8,63073.6,63028.7,63039.9,115.9747
1786815000000,63040,63044.2,63037.9,63038.4,51.1027
1786815900000,63038.3,63048.9,63032.2,63045.4,58.4252
1786816800000,63045.5,63081.5,63037.1,63065.1,84.3089
1786817700000,63065,63069.7,63020,63022.9,69.9473
1786818600000,63022.8,63022.9,63013.7,63019.9,60.9983
1786819500000,63020,63028.1,63017.5,63028,105.7573
1786820400000,63028,63063.6,63028,63059.9,70.0653
1786821300000,63059.9,63089.9,63059.9,63071.3,69.1629
1786822200000,63071.4,63091.7,63071.3,63080.2,105.4533
1786823100000,63080.1,63091.7,63080.1,63091.6,62.9653
1786824000000,63091.6,63091.7,63039.7,63050.6,101.5725
1786824900000,63050.6,63050.9,63044.2,63050.8,39.1233
1786825800000,63050.9,63055.8,63050,63055.7,18.198
1786826700000,63055.7,63078.8,63055.7,63078.8,47.9593
1786827600000,63078.7,63078.7,63072.1,63073.9,71.6268
1786828500000,63074,63116,63073.9,63116,69.8226
1786829400000,63116,63133,63110.3,63132.7,111.208
1786830300000,63132.8,63135,63122.6,63126.1,60.8317
1786831200000,63126.1,63139,63115.2,63115.6,95.4849
1786832100000,63115.6,63120,63097.5,63120,120.8177
1786833000000,63120,63121.6,63119.9,63121.6,42.1515
1786833900000,63121.5,63143,63102,63102,112.7435
1786834800000,63102,63112.2,63078,63102,131.9332
1786835700000,63102,63102,63077.2,63077.3,44.565
1786836600000,63077.2,63077.3,63063.8,63073.8,76.7192
1786837500000,63073.8,63073.9,63056,63057.5,36.596
1786838400000,63057.4,63057.5,63040.5,63046.7,126.0056
1786839300000,63046.7,63046.8,63046.7,63046.7,41.2064
1786840200000,63046.7,63049.8,63040.5,63048.5,63.5286
1786841100000,63048.5,63063.1,63041.8,63058.1,106.0669
1786842000000,63058.1,63058.1,63020.7,63022.9,76.0521
1786842900000,63022.9,63048.1,63020.8,63026.9,64.7897
1786843800000,63026.9,63043.9,62980,63043.9,170.9381
1786844700000,63043.9,63050.7,63020.7,63050.7,112.6457
1786845600000,63050.6,63052.6,62990.7,62997.4,129.3982
1786846500000,62997.5,63096.4,62997.4,63088.9,271.1764
1786847400000,63088.8,63120,63082.5,63119.9,231.4878
1786848300000,63119.9,63120,63082.5,63091.2,190.9437
1786849200000,63091.3,63093.4,63087,63091.3,58.0041
1786850100000,63091.2,63095,63082.2,63094.9,59.0258
1786851000000,63094.9,63095.8,63084.7,63090.8,105.4764
1786851900000,63090.8,63099,63090.7,63098.9,78.7723
1786852800000,63098.9,63099,63097.9,63098,29.6993
1786853700000,63097.9,63122.2,63097.9,63122.2,94.931
1786854600000,63122.2,63122.2,63090,63090.1,75.9074
1786855500000,63090.1,63090.1,63052,63052.1,63.4628
1786856400000,63052.1,63065.8,63037.4,63063.3,68.546
1786857300000,63063.3,63063.3,63035,63039.1,57.2489
1786858200000,63039.1,63050,63026.4,63030.8,71.6843
1786859100000,63030.7,63042.2,63009,63029.8,210.4921
1786860000000,63029.8,63044.8,63016.9,63016.9,150.7988
1786860900000,63017,63042,63016.9,63042,76.6245
1786861800000,63041.9,63042,63025.5,63033.5,46.0162
1786862700000,63033.5,63059.6,63033.5,63033.8,86.5127
1786863600000,63033.7,63033.8,63020.2,63020.3,50.8723
1786864500000,63020.3,63035.2,63020.2,63033.5,59.4201
1786865400000,63033.5,63033.5,63024.6,63024.6,84.9885
1786866300000,63024.6,63031,63024.6,63031,88.326
1786867200000,63031,63039.7,63030.4,63030.5,98.7375
1786868100000,63030.4,63046.1,63030.4,63043.3,115.7979
1786869000000,63043.3,63046.4,63036.6,63036.7,123.3384
1786869900000,63036.7,63036.7,63036.6,63036.6,24.121
1786870800000,63036.7,63036.7,63036.6,63036.7,20.776
1786871700000,63036.7,63036.7,63036.6,63036.6,22.4452
1786872600000,63036.7,63036.7,62960.4,62963.8,234.9351
1786873500000,62963.8,62985,62937.7,62965.1,229.9134
1786874400000,62965,62973.6,62942.7,62963.3,239.4898
1786875300000,62963.2,62994.5,62963.2,62994.5,123.862
1786876200000,62994.5,62994.5,62987.9,62987.9,69.4322
1786877100000,62988,62988.2,62987.9,62987.9,47.2525
1786878000000,62987.9,62988.8,62981.8,62981.8,65.4152
1786878900000,62981.8,62981.9,62960,62964.9,81.6783
1786879800000,62964.9,62973.2,62964.9,62966.3,50.5098
1786880700000,62966.3,62986.8,62953.5,62986.5,173.9972
1786881600000,62986.5,63001.7,62986.5,62990,109.6308
1786882500000,62990,62990.1,62990,62990.1,36.1279
1786883400000,62990.1,62990.1,62964,62966,81.2263
1786884300000,62966,62992.3,62965.9,62990.8,78.6446
1786885200000,62990.8,63042.2,62990.7,63040.6,135.3761
1786886100000,63040.6,63040.8,63034.7,63039.6,73.1703
1786887000000,63039.7,63039.7,63031.9,63034.6,38.3105
1786887900000,63034.7,63034.7,63030.8,63030.8,47.1825
1786888800000,63030.9,63030.9,63025.6,63025.9,192.9503
1786889700000,63026,63072.4,63025.9,63046.6,253.6713
1786890600000,63046.5,63072.5,63041.4,63069.3,123.9521
1786891500000,63069.2,63073.4,63069.2,63073.3,86.4406
1786892400000,63073.3,63089.7,63073.3,63075.2,190.8299
1786893300000,63075.2,63085.7,63075.1,63085.7,67.0021
1786894200000,63085.7,63105.9,63082.6,63082.6,162.3257
1786895100000,63082.6,63106.9,63082.6,63106.9,164.1061
1786896000000,63106.9,63183.9,63102.3,63178.2,592.7253
1786896900000,63178.2,63326.8,63167.7,63287.4,1884.8947
1786897800000,63287.4,63363.5,63256.6,63256.7,880.1747
1786898700000,63256.6,63259.7,63173.3,63228.3,412.8529
1786899600000,63228.3,63245,63181.7,63192.1,205.3428
1786900500000,63192.1,63209.7,63150.4,63161.9,221.4569
1786901400000,63162,63166,63079.9,63093.7,698.3169
1786902300000,63093.8,63138,63088.6,63129.2,230.6257
1786903200000,63129.2,63139.1,63086,63114,211.8703
1786904100000,63114.1,63151.3,63112.9,63130,171.1218
1786905000000,63129.9,63130,63117.5,63117.9,119.0799
1786905900000,63117.9,63123.2,63117.9,63121.1,53.549
1786906800000,63121.1,63160,63121.1,63148.3,122.891
1786907700000,63148.2,63194.5,63148.2,63191.4,85.6923
1786908600000,63191.4,63203.3,63128.9,63136.5,149.5893
1786909500000,63136.6,63145.8,63058.9,63080.9,238.0913
1786910400000,63081,63117.5,63080.9,63110.3,137.5853
1786911300000,63110.4,63110.6,63060.7,63070.8,83.6118
1786912200000,63070.7,63090.3,63011.1,63047.1,222.1069
1786913100000,63047.2,63049.6,63000,63045,200.6209
1786914000000,63044.9,63045,63000.1,63036.5,179.3295
1786914900000,63036.4,63059.7,63004.1,63006.7,119.7272
1786915800000,63006.7,63016,62700,62913.6,1595.228
1786916700000,62913.6,62953.2,62850.1,62900,222.5999
1786917600000,62900.1,62903.8,62760.1,62902.5,510.9549
1786918500000,62902.6,62935.2,62803.4,62826.1,248.5004
1786919400000,62826.1,62826.1,62685,62770,812.8764
1786920300000,62769.9,62886.9,62712.3,62886.9,442.1984
1786921200000,62887,62970.2,62818.3,62818.4,375.3173
1786922100000,62818.4,62891.7,62801.3,62828.5,317.6291
1786923000000,62828.5,62878.6,62811.9,62875.8,232.1738
1786923900000,62875.7,62906.9,62850.5,62878.8,183.0299
1786924800000,62878.7,62913.6,62830.8,62889.9,249.9049
1786925700000,62890,62890,62737.7,62846.9,470.5068
1786926600000,62846.9,62935,62726.2,62926.6,495.5493
1786927500000,62926.6,62926.6,62819.5,62888.3,228.4124
1786928400000,62888.2,63168.2,62866.8,63028.6,1231.6284
1786929300000,63028.5,63143.2,63000,63102.7,555.9248
1786930200000,63102.8,63226.9,63102.8,63187.9,855.5026
1786931100000,63188,63206.9,63075.8,63075.9,511.4229
1786932000000,63075.9,63100.1,63002.5,63050,517.9696
1786932900000,63050,63183,63015.2,63152,342.516
1786933800000,63152,63331.4,63100,63231.3,1479.2283
1786934700000,63231.4,63476.8,63221.5,63377.9,2192.268
1786935600000,63377.9,63424.9,63329,63384.9,736.6258
1786936500000,63385,63391,63307.2,63320.8,500.0463
1786937400000,63320.8,63350,63311.9,63321.4,250.4374
1786938300000,63321.5,63499.5,63313.9,63405,853.6585
1786939200000,63405,63497.8,63404.9,63453.3,867.399
1786940100000,63453.4,63498,63438.2,63478.5,713.4946
1786941000000,63478.5,63496,63440.1,63463.7,527.5646
1786941900000,63463.7,63554.8,63463.6,63511.5,1265.669
1786942800000,63511.5,63515,63411.4,63500.6,985.0892
1786943700000,63500.7,63563,63450.1,63462.2,852.7955
1786944600000,63462.2,63475.3,63410,63435.8,381.22
1786945500000,63435.9,63500,63424,63487.2,256.9073
1786946400000,63487.2,63590,63446.9,63548.8,887.3418
1786947300000,63548.8,63560,63523.1,63552.4,278.5444
1786948200000,63552.4,63575.1,63532.9,63572.9,393.4511
1786949100000,63573,63695.2,63572.9,63631.8,1339.9711
1786950000000,63631.9,63637,63534,63554.3,432.7835
1786950900000,63554.2,63558.4,63500,63555.9,319.1889
1786951800000,63555.8,63555.9,63500,63507.6,360.5178
1786952700000,63507.5,63536.1,63499.8,63499.9,507.2546
1786953600000,63499.9,63525.4,63385,63405.3,799.4489
1786954500000,63405.3,63428.8,63377.1,63397,387.1102
1786955400000,63397,63415.4,63344.4,63344.4,394.0859
1786956300000,63344.5,63387.7,63318.2,63354.8,486.2498
1786957200000,63354.9,63400,63354.8,63394.7,244.1362
1786958100000,63394.7,63407,63300.9,63350.5,690.4426
1786959000000,63350.6,63350.6,63265.7,63277.6,606.3006
1786959900000,63277.6,63291.1,63260.9,63287.8,237.3305
1786960800000,63287.7,63308.3,63265,63302.6,315.3542
1786961700000,63302.6,63425.6,63271.3,63425.6,337.8158
1786962600000,63425.6,63616.1,63419.2,63606.7,1435.266
1786963500000,63606.7,63666,63563.9,63656,1094.2707
1786964400000,63655.9,63679.7,63611.3,63631.1,660.1644
1786965300000,63631,63667.1,63609.6,63638.3,384.3795
1786966200000,63638.3,63670,63638.2,63662.9,343.1547
1786967100000,63663,63761.2,63550,63593,2058.7686
1786968000000,63593,63649,63550,63628.8,697.7928
1786968900000,63628.8,63628.9,63499,63550.2,566.6494
1786969800000,63550.3,63610,63498,63533.5,519.7846
1786970700000,63533.6,63598.5,63514.3,63518.7,411.9465
1786971600000,63518.6,63550,63480,63531.9,356.7527
1786972500000,63531.8,63531.8,63408.1,63469,548.1737
1786973400000,63468.9,63775.7,63444.5,63620,2037.4339
1786974300000,63620,63701.6,63558.5,63640.7,744.3063
1786975200000,63640.7,63703.2,63550.5,63671,741.4189
1786976100000,63671,63715,63556.8,63591.2,599.0816
1786977000000,63591.2,63676.7,63558.5,63587.7,301.5318
1786977900000,63587.7,63876.5,63580.1,63868.9,2141.1456
1786978800000,63869,63965,63827.1,63840.9,2503.7004
1786979700000,63840.9,64150,63773.4,64018.7,3552.9757
1786980600000,64018.7,64098.8,63953.9,64060.1,1576.7936
1786981500000,64060.1,64200,64050.1,64170,1609.1472
1786982400000,64170,64189.8,64022.8,64041.5,1655.8186
1786983300000,64041.4,64118.3,64018.2,64059.5,963.5216
1786984200000,64059.5,64145.7,64035,64050,635.2365
1786985100000,64050,64106,64036.2,64084.7,399.3678
1786986000000,64084.7,64089.2,63957,63957,534.0364
1786986900000,63957,64400,63946,64172.1,3981.5527
1786987800000,64172.2,64267.6,64040,64190.1,1069.0937
1786988700000,64190.1,64323.1,64190.1,64296.2,1149.0622
1786989600000,64296.2,64360.6,64250.2,64341.2,1021.6218
1786990500000,64341.2,64591,64336.1,64454.2,2566.9536
1786991400000,64454.3,64479.9,64364.3,64424.8,715.1381
1786992300000,64424.7,64452.6,64364.1,64399.7,548.6536
1786993200000,64399.7,64399.8,64282.3,64296.7,626.4003
1786994100000,64296.8,64393.2,64296.2,64367.1,338.0099
1786995000000,64367.1,64384.9,64305,64338.8,274.6908
1786995900000,64338.7,64338.7,64253,64279.9,307.7966
1786996800000,64279.9,64281.8,64233.7,64281.8,321.5251
1786997700000,64281.8,64413,64259.2,64380.7,447.5431
1786998600000,64380.8,64380.8,64316.3,64356.6,244.1355
1786999500000,64356.6,64381.8,64293.7,64358.8,226.3034
1787000400000,64358.7,64403.8,64332.1,64342,194.046
1787001300000,64341.9,64378,64291.1,64295,200.3672
1787002200000,64295,64351.3,64262.6,64300.9,451.1344
1787003100000,64301,64360,64300,64345,118.6843
1787004000000,64345.1,64386.7,64273.3,64282.3,228.7032
1787004900000,64282.3,64309.7,64252.8,64261.3,318.1281
1787005800000,64261.2,64309.5,64243.9,64272,117.2245
1787006700000,64272,64286,64254,64256.3,122.4464
1787007600000,64256.4,64343.5,64251.9,64332.9,249.9129
1787008500000,64332.8,64458.6,64332.8,64458.6,367.751
1787009400000,64458.7,64541.9,64425.6,64445.3,901.5568
1787010300000,64445.3,64550,64444,64500,425.5069
1787011200000,64500.1,64531.4,64386.4,64412.4,495.9664
1787012100000,64412.5,64475.9,64412.4,64432,365.7294
1787013000000,64432,64432,64355,64366.5,486.4941
1787013900000,64366.4,64369.4,64327.4,64348.3,389.2212
1787014800000,64348.3,64348.3,64261.1,64315.6,598.8365
1787015700000,64315.6,64332.4,64270.7,64299.6,168.7824
1787016600000,64299.6,64320,64210,64248.4,316.8648
1787017500000,64248.4,64248.5,64121.4,64180,725.1392
1787018400000,64179.9,64251.3,64152,64152,535.7727
1787019300000,64152,64180,64121.6,64128.1,580.8935
1787020200000,64128.2,64183.1,64091.9,64093.5,564.8627
1787021100000,64093.4,64112.9,64022,64073.4,1081.9443
1787022000000,64073.4,64113,64054,64060,363.0781
1787022900000,64059.9,64120,64059.9,64083.1,541.3215
1787023800000,64083,64174.4,64009.5,64154.5,908.3889
1787024700000,64154.4,64157.3,64114.6,64147.6,381.5918
1787025600000,64147.6,64147.6,64057.1,64111.9,669.6936
1787026500000,64111.9,64124.7,64090,64120.8,178.4933
1787027400000,64120.8,64218.3,64120.8,64186.6,864.2071
1787028300000,64186.6,64198.8,64156,64185,160.3791
1787029200000,64185,64248.4,64144.8,64208.9,629.7547
1787030100000,64208.9,64231,64174.3,64225.1,380.3597
1787031000000,64225.1,64226,64107.8,64217.9,440.79
1787031900000,64218,64218,64170.8,64200.7,308.01
1787032800000,64200.7,64248,64120.9,64205,499.7614
1787033700000,64205,64329.2,64205,64316.1,681.5171
1787034600000,64316.2,64423.2,64316.2,64404.9,781.5562
1787035500000,64404.9,64410,64250,64294,1050.365
1787036400000,64294,64321.7,64257.1,64312.3,540.2986
1787037300000,64312.2,64329,64250.5,64250.5,350.9365
1787038200000,64250.5,64251,64205.7,64221.9,443.8889
1787039100000,64221.9,64222,64136,64174.4,509.5268
1787040000000,64174.4,64189.7,64058,64133,1066.2158
1787040900000,64132.9,64214.2,64132.9,64187.7,308.462
1787041800000,64187.7,64310,64174.1,64262.4,399.7754
1787042700000,64262.4,64262.5,64210,64261,220.8876
1787043600000,64260.9,64260.9,64200,64212.3,183.295
1787044500000,64212.3,64212.4,64123,64132.5,408.67
1787045400000,64132.5,64163.1,64108.8,64129.9,308.3574
1787046300000,64129.9,64158,64108.8,64144.6,182.647
1787047200000,64144.6,64186,64109.9,64133.7,657.1601
1787048100000,64133.7,64156.4,64105,64142,186.503
1787049000000,64142,64196,64141.9,64163.5,152.4169
1787049900000,64163.6,64184,64156.9,64179.7,108.9748
1787050800000,64179.8,64307.6,64168.6,64304.7,580.6183
1787051700000,64304.7,64353.2,64304.7,64339.1,591.3354
1787052600000,64339.1,64368,64308.6,64361.4,241.3573
1787053500000,64361.4,64378.5,64308.6,64322.2,322.1552
1787054400000,64322.2,64324.1,64253.6,64268.2,360.0178
1787055300000,64268.1,64304.8,64251.3,64270,213.0518
1787056200000,64270.1,64270.2,64220,64220,206.5189
1787057100000,64220,64224.3,64188.2,64192.3,355.7903
1787058000000,64192.3,64192.3,64128.2,64160.8,639.6237
1787058900000,64160.9,64160.9,64033.5,64045.8,985.0307
1787059800000,64045.7,64224,64016.3,64162.4,1730.9537
1787060700000,64162.5,64258,64086.2,64194.1,806.4172
1787061600000,64194,64350,64188.9,64229.3,1151.7449
1787062500000,64229.3,65016.6,64220.5,64967.7,8398.7092
1787063400000,64967.7,65036.9,64703.5,64758.4,4547.3934
1787064300000,64758.4,64816.3,64633,64688.3,1472.8232
1787065200000,64688.3,64787.3,64618.6,64711.9,956.4864
1787066100000,64711.9,64812.6,64690,64772.1,699.966
1787067000000,64772,64846.7,64762.8,64786.3,543.836
1787067900000,64786.4,64863.3,64770.5,64828,540.347
1787068800000,64828,64865,64713,64718,821.1899
1787069700000,64718.1,64723.8,64665.5,64675.9,507.8077
1787070600000,64675.9,64791.4,64640.7,64759.1,639.9951
1787071500000,64759.1,64852.6,64751.1,64807,443.1484
1787072400000,64807.1,64812.9,64741,64774.1,307.664
1787073300000,64774.1,64800,64728.3,64800,149.8128
1787074200000,64799.9,64800,64683.5,64693.5,339.0398
1787075100000,64693.5,64703.4,64641,64641.1,348.0703
1787076000000,64641,64715.3,64631.4,64708.9,388.4205
1787076900000,64709,64779,64700,64765.5,254.0043
1787077800000,64765.5,64796.9,64728.7,64732.7,262.5634
1787078700000,64732.7,64774.2,64726,64746.5,106.9872
1787079600000,64746.4,64746.4,64685,64688.1,167.2305
1787080500000,64688.1,64768,64675.2,64747.4,152.5068
1787081400000,64747.3,64752.2,64646.3,64646.3,302.6511
1787082300000,64646.4,64662.2,64612.9,64620.6,498.0548
1787083200000,64620.6,64635,64561.5,64632.2,420.4885
1787084100000,64632.2,64632.9,64586.8,64586.8,144.5217
1787085000000,64586.9,64629.3,64578.9,64581,114.0665
1787085900000,64581.1,64592.5,64539.7,64552.8,258.0884
1787086800000,64552.9,64630.2,64552.8,64603.9,173.2068
1787087700000,64603.8,64608.1,64580,64603.5,70.4263
1787088600000,64603.5,64603.6,64540,64558.4,234.3369
1787089500000,64558.4,64589,64553.6,64583.5,151.6716
1787090400000,64583.4,64588,64542.9,64546.3,139.4368
1787091300000,64546.2,64585,64530,64571.8,202.3936
1787092200000,64571.8,64632.6,64568.6,64612.6,326.772
1787093100000,64612.7,64615,64575.1,64615,142.2464
1787094000000,64614.9,64688,64603.5,64671.4,397.603
1787094900000,64671.5,64710,64671.4,64695.1,208.4918
1787095800000,64695.1,64755.4,64695,64750,298.2396
1787096700000,64750,64789.1,64700.4,64700.6,673.4347
1787097600000,64700.6,64712.8,64557,64557,847.7824
1787098500000,64557,64642.8,64518.7,64576.6,482.5157
1787099400000,64576.7,64630,64520,64535.1,330.0256
1787100300000,64535.1,64555,64456.2,64462.9,821.7777
1787101200000,64462.9,64529.9,64409,64500.4,1437.6734
1787102100000,64500.4,64510,64421.9,64464.4,576.2354
1787103000000,64464.8,64471.3,64368,64397.6,489.7559
1787103900000,64397.6,64425.2,64367.9,64379.6,387.0265
1787104800000,64379.5,64388.8,64328,64372.4,638.7292
1787105700000,64372.5,64392.9,64322.2,64370.6,502.166
1787106600000,64370.5,64395,64351.6,64370,370.0195
1787107500000,64370.1,64399.8,64325,64330,301.5044
1787108400000,64330.1,64345,64251.2,64329.1,929.9122
1787109300000,64329,64398.5,64326.9,64335.3,566.251
1787110200000,64335.3,64343.8,64297.3,64313.7,294.0649
1787111100000,64313.6,64355.1,64304.3,64304.4,216.774
1787112000000,64304.3,64305,64269.9,64289.3,290.207
1787112900000,64289.4,64370,64289.3,64336.1,215.5618
1787113800000,64336,64347.7,64303.2,64318.3,298.0193
1787114700000,64318.3,64348.6,64280,64293,198.7419
1787115600000,64292.9,64391.4,64286,64375.3,388.1788
1787116500000,64375.3,64375.3,64285,64330,192.3563
1787117400000,64329.9,64332,64290,64290.1,158.1888
1787118300000,64290.1,64290.1,64200,64213.5,839.2787
1787119200000,64213.5,64224.1,64141.9,64153.5,811.6553
1787120100000,64153.6,64281.4,64153.5,64246,536.1703
1787121000000,64246,64267.4,64225.7,64243.4,306.5248
1787121900000,64243.4,64321.5,64225,64319.6,641.092
1787122800000,64319.5,64358.2,64245.4,64352.4,925.5491
1787123700000,64352.4,64352.6,64280.1,64317.3,408.6633
1787124600000,64317.3,64375,64311.3,64334.6,382.5804
1787125500000,64334.5,64353.5,64265.6,64266.1,314.7453
1787126400000,64266.1,64303.3,64222.8,64227.8,595.1186
1787127300000,64227.8,64267.1,64220,64267.1,303.4287
1787128200000,64267.1,64486.4,64261.6,64416.8,1230.5041
1787129100000,64416.7,64448.1,64382.4,64382.4,434.2287
1787130000000,64382.4,64444,64355.9,64356,333.7828
1787130900000,64355.9,64390,64337.7,64357.3,301.3912
1787131800000,64357.3,64369.8,64326,64342.1,197.3629
1787132700000,64342.1,64396,64338,64392.3,212.6667
1787133600000,64392.3,64392.4,64340,64361.5,184.7063
1787134500000,64361.4,64370.8,64336.7,64370.8,151.0259
1787135400000,64370.7,64392.4,64348.2,64376.1,278.9318
1787136300000,64376.1,64435.2,64370.1,64425,321.0127
1787137200000,64425.1,64518.9,64420,64467.9,673.2493
1787138100000,64467.9,64494.6,64445,64473,257.23
1787139000000,64472.9,64495,64428.6,64432.7,337.4495
1787139900000,64432.6,64499.9,64432.6,64477.6,335.1309
1787140800000,64477.6,64481.6,64435.8,64475,155.1979
1787141700000,64474.9,64475,64450.7,64459.6,129.5973
1787142600000,64459.7,64924.3,64450.4,64910,5538.8885
1787143500000,64910,64957,64790.3,64852.9,3226.6709
1787144400000,64853,64969.9,64764.9,64886.7,1646.1488
1787145300000,64886.7,65005,64886.7,64977.1,1354.8961
1787146200000,64977.2,65188,64766.5,65014.6,6465.2835
1787147100000,65014.6,65154.3,64950.4,64982.9,2250.7615
1787148000000,64983,65410.9,64983,65368.9,5665.5148
1787148900000,65368.9,65444,65270.7,65374.2,2827.6969
1787149800000,65374.2,65477.3,65310.2,65428,2239.8576
1787150700000,65427.9,65980,65412.4,65894.6,9596.2071
1787151600000,65894.6,66794.4,65856.4,66620.8,13948.8741
1787152500000,66620.7,70099.2,66542.8,68331.7,32518.3852
1787153400000,68331.7,68854.1,67753.6,68656.4,12182.1566
1787154300000,68656.4,68673.3,68214.3,68530.1,5249.8831
1787155200000,68530,68994,68509.5,68541.4,4282.2961
1787156100000,68541.4,68910,68541.4,68878.2,1701.67
1787157000000,68878.3,68881.3,68535.8,68569.7,1376.424
1787157900000,68569.6,68682.9,68388.4,68444.1,1594.0495
1787158800000,68444,68520,68198.6,68224,2599.6255
1787159700000,68224.1,68301.1,67819.5,67990,3801.407
1787160600000,67990,68039.6,67802,68031.2,1621.3017
1787161500000,68031.2,68245,68020.4,68176.3,1403.6206
1787162400000,68176.4,68236.1,68010.2,68165.6,1336.179
1787163300000,68165.5,68299,68150.1,68250.2,755.3908
1787164200000,68250.1,68419.8,68202.1,68403.5,617.5366
1787165100000,68403.5,68440.5,68296.7,68362.3,540.8303
1787166000000,68362.2,68429.1,68068.7,68093,958.1263
1787166900000,68093,68365.2,68092.9,68153,779.9661
1787167800000,68153,68375.7,68101.3,68372.6,701.758
1787168700000,68372.7,68456,68327.5,68405,823.4229
1787169600000,68405,68686.1,68355.9,68649.9,1578.0587
1787170500000,68649.9,68791.8,68530.5,68673.7,1299.4593
1787171400000,68673.7,68766.3,68614.8,68641.5,491.705
1787172300000,68641.6,69576.6,68591.8,69025.2,6332.4164
1787173200000,69025.2,69918.7,68958.6,69416.6,4899.0094
1787174100000,69416.6,69753.2,69232.2,69612.1,1869.0369
1787175000000,69612.1,69820,69345.6,69649.9,1744.0943
1787175900000,69650,70054,69480,69698.9,2461.7393
1787176800000,69698.9,69824,69269.6,69271.8,1593.3269
1787177700000,69271.8,69386.7,69121.6,69122.6,1214.0551
1787178600000,69122.6,69458.3,68942.6,69322.9,1878.9777
1787179500000,69322.8,69326,69086.5,69236.2,778.1597
1787180400000,69236.2,69388,69188.3,69326.2,682.592
1787181300000,69326.2,69438,69240.6,69352,768.9435
1787182200000,69352,69371.8,69220.8,69297.4,493.0332
1787183100000,69297.4,69318.9,69130.8,69307.8,616.4875
1787184000000,69307.9,69647.2,69285.4,69544.7,1434.5978
1787184900000,69544.7,69769.1,69528.9,69600,1155.9255
1787185800000,69599.9,69666,69452.8,69544.7,840.2597
1787186700000,69544.7,69689,69345.5,69395.7,1456.5673
1787187600000,69395.7,69489.9,69255.7,69348.9,948.3452
1787188500000,69348.9,69417.9,69250,69303.3,664.4656
1787189400000,69303.3,69619,69267.2,69610.7,1152.1874
1787190300000,69610.7,69859,69608.8,69694.8,1596.5199
1787191200000,69694.8,69796.4,69555.3,69662.8,957.9761
1787192100000,69662.7,69696.8,69465,69489.6,763.6917
1787193000000,69489.6,69529.5,69300,69301.2,1008.3654
1787193900000,69301.3,69356,69238.9,69292.3,906.6576
1787194800000,69292.2,69295,68878.4,68975.6,2188.7114
1787195700000,68975.5,69198.4,68932.6,68958.7,972.5656
1787196600000,68958.6,69200,68955.3,69179,638.7714
1787197500000,69179.1,69339.6,69145.7,69180.1,842.0035
1787198400000,69180.1,69373,69149.2,69362.6,511.1177
1787199300000,69362.6,69392.7,69274.1,69345.9,618.8332
1787200200000,69345.9,69371.3,69212.6,69336,335.7609
1787201100000,69336.1,69600,69331.9,69480,895.7184
1787202000000,69480.1,69549.8,69441.7,69444.9,417.4058
1787202900000,69445,69650,69432.5,69565.3,643.733
1787203800000,69565.4,69612.7,69498.3,69544.5,556.0547
1787204700000,69544.5,69544.5,69343.1,69402.1,776.801
1787205600000,69402.2,69430,69334.6,69363.8,468.6741
1787206500000,69363.8,69689,69334,69583.9,1036.6823
1787207400000,69584,69768,69575.2,69754.8,1051.2802
1787208300000,69754.8,69915,69752.1,69828.4,1840.7983
1787209200000,69828.5,70030.3,69733.3,69769.3,2486.1278
1787210100000,69769.2,69772.7,69568,69663.9,946.9561
1787211000000,69664,69664,69483,69606,1086.4872
1787211900000,69605.9,69820,69555,69819.9,836.5764
1787212800000,69820,71360,69776.9,71279.9,12288.1247
1787213700000,71279.9,71579.5,71000,71327.7,6325.6874
1787214600000,71327.8,71672.4,71154.5,71470,3418.7776
1787215500000,71469.9,71794.9,71410.6,71549.9,3716.5365
1787216400000,71550,71946.8,71456,71904.5,3762.0158
1787217300000,71904.6,72059.3,71718,71795,2989.4844
1787218200000,71795,72022.2,71704.9,71965.1,1735.1689
1787219100000,71965,72000,71651.9,71778.9,1876.3863
1787220000000,71778.9,72169.9,71680.1,72119.9,2176.8155
1787220900000,72119.9,72492.9,71927.2,72010.3,5448.553
1787221800000,72010.4,72017.7,71726.4,71782.3,1650.3832
1787222700000,71782.4,71969.9,71782.4,71969.8,804.4753
1787223600000,71969.9,72119.1,71803.3,71957.7,1271.0923
1787224500000,71957.7,72019.9,71836.5,71860.2,611.934
1787225400000,71860.2,72299.4,71833,72117.6,2084.6234
1787226300000,72117.5,72240,71777,71891.3,1558.3982
1787227200000,71891.3,71962.7,71452.7,71767,3354.7993
1787228100000,71767,71867.4,71658,71812.8,1095.9904
1787229000000,71812.8,72003,71621,71647.2,1807.0037
1787229900000,71647.1,71929.7,71472.2,71917.9,1677.1597
1787230800000,71917.9,72082.3,71866.1,72027.6,1482.5565
1787231700000,72027.6,72027.6,71811.5,71928.9,1062.8737
1787232600000,71928.9,71935.9,71068.5,71643,6513.6945
1787233500000,71643,71824.5,71400.5,71659.9,2052.4657
1787234400000,71659.9,71958.9,71575,71781.1,1428.9322
1787235300000,71781.1,71792.6,71317.7,71416.7,1659.1616
1787236200000,71416.7,71689,71375,71517.6,889.3567
1787237100000,71517.6,71799.2,71382.4,71790.4,1062.1651
1787238000000,71790.3,72559.3,71754.4,72209.9,6084.0649
1787238900000,72209.9,72390,71936.7,72389.9,2198.7916
1787239800000,72390,72845,72146.8,72212.6,4623.0104
1787240700000,72212.7,72536.1,72125.6,72438.2,1632.8872
1787241600000,72438.3,72488,72243.3,72280,1381.8665
1787242500000,72279.9,72403.3,72180,72381.7,714.8059
1787243400000,72381.7,72675.3,72250.1,72600.1,1297.5478
1787244300000,72600,72888,72484.7,72817.3,1954.6885
1787245200000,72817.3,72852.1,72486,72662.3,1775.5654
1787246100000,72662.4,72833.9,72525,72773.1,913.0097
1787247000000,72773.1,72829.5,72629.5,72720.6,996.2388
1787247900000,72720.6,72939,72673.5,72700.4,1202.4317
1787248800000,72700.4,72775,72423.4,72578.8,1443.5352
1787249700000,72578.8,72720,72457.4,72654.4,796.8381
1787250600000,72654.4,72668.6,72345.3,72468.7,870.5892
1787251500000,72468.8,72590,72379,72393,387.458
1787252400000,72392.9,72477.2,72284.8,72450.1,493.4258
1787253300000,72450.1,72604.6,72441.3,72565.3,441.3521
1787254200000,72565.3,72737.2,72503.6,72676.1,474.624
1787255100000,72676,72731,72545.6,72649.9,394.6412
1787256000000,72649.9,72752.3,72592.3,72656.7,328.9719
1787256900000,72656.7,72883.8,72589.2,72792.7,556.9834
1787257800000,72792.7,73070,72665.1,72738.6,1727.3794
1787258700000,72738.5,72746.5,72551,72634.3,488.4719
1787259600000,72634.3,72665.3,72520.1,72665.3,319.2487
1787260500000,72665.2,72816.2,72614.6,72626.3,312.1785
1787261400000,72626.2,72796.1,72617.7,72709,260.603
1787262300000,72709,72741,72670,72700.8,242.9262
1787263200000,72700.9,72719.6,72456,72570.7,515.3609
1787264100000,72570.7,72795.9,72520.1,72755.6,395.3464
1787265000000,72755.7,72770,72635.5,72651.9,236.4943
1787265900000,72652,72846.5,72635.5,72641.8,441.1706
1787266800000,72641.8,72896.7,72624.1,72896.6,346.8492
1787267700000,72896.6,73414.8,72868.6,73183.2,4028.3149
1787268600000,73183.2,73360,73039.9,73073.1,1042.7381
1787269500000,73073.1,73120.7,72952.4,72996.6,555.4861
1787270400000,72996.6,73482.9,72984.5,73461.6,2220.494
1787271300000,73461.5,73880,73319.6,73689.9,4079.9234
1787272200000,73690,73970,73490,73660,2391.7718
1787273100000,73660,73826.7,73541.6,73672.4,878.5707
1787274000000,73672.4,73970,73630,73955,1256.0512
1787274900000,73954.9,74888,73915.9,74690,10712.7084
1787275800000,74690.1,75053.1,74510.6,74706.2,4760.3029
1787276700000,74706.3,75770,74671.5,75101.5,9214.1653
1787277600000,75101.5,75164.6,74635.8,74851.9,3570.4297
1787278500000,74851.8,74957.7,74630,74945.7,1648.3965
1787279400000,74945.7,75079.6,74527.6,74698.6,1838.53
1787280300000,74698.8,74698.8,74350,74411.1,2091.4673
1787281200000,74411.2,74476.2,74209.5,74428.1,1463.0372
1787282100000,74428.1,74614.1,74284.9,74579.5,991.0661
1787283000000,74579.5,74717.8,74410,74647.1,1390.3531
1787283900000,74647,74866.1,74464.1,74487.8,1447.244
1787284800000,74487.7,74870,74487.7,74842.8,969.1966
1787285700000,74842.8,74919,74736.1,74790,737.4626
1787286600000,74789.9,74967.1,74750,74929.8,734.8877
1787287500000,74929.9,75029.7,74890,74999.9,973.2721
1787288400000,75000,75369.1,74881.4,75290.1,2548.2317
1787289300000,75290.2,75494.9,75009.7,75172.2,3377.9529
1787290200000,75172.3,75360,75070,75255.6,864.7341
1787291100000,75255.5,75444.4,75181,75442.7,1117.8766
1787292000000,75442.7,75513.3,75234.2,75259.2,1476.4987
1787292900000,75259.2,75500,75068.1,75306,1596.6398
1787293800000,75306.1,75707.9,75275.4,75360.1,2366.2738
1787294700000,75360.1,75612.7,75247.3,75609.8,1223.5667
1787295600000,75609.9,75988.9,75580,75931.3,3881.6996
1787296500000,75931.2,76880.6,75904.2,76372.6,10380.678
1787297400000,76372.7,76804.4,76250.6,76560.8,3522.8024
1787298300000,76560.9,76620,76205,76303.3,2330.6278
1787299200000,76303.3,77252.5,76251.1,76881.3,6307.4989
1787300100000,76881.4,77420,76827.4,77217.7,5806.3236
1787301000000,77217.7,77796,77144,77633.7,6813.8165
1787301900000,77633.7,79603.1,77555.2,79275.8,18943.0742
1787302800000,79275.9,79386.9,77250,77875,17696.9447
1787303700000,77874.9,77962.6,77433,77715.5,4243.3736
1787304600000,77715.6,78355.3,77614.3,78183.5,3273.0556
1787305500000,78183.4,78361.9,77570,77907.6,3164.7079
1787306400000,77907.6,78107.6,77611,78039.2,1858.0706
1787307300000,78039.2,78252.3,77651.5,77918.4,2162.5644
1787308200000,77918.4,77965,77605,77843,1275.7016
1787309100000,77843,78000,77735.4,77814.7,787.1221
1787310000000,77814.6,77866.8,77320.1,77559.7,2406.8095
1787310900000,77559.8,77688,77200,77424.7,2494.9862
1787311800000,77424.7,77453.2,76392.8,76840,6956.9833
1787312700000,76840.1,77050.4,76615.2,76759.7,1952.5701
1787313600000,76759.7,77029.6,76545.6,76950.3,1797.1522
1787314500000,76950.3,76950.3,76661.2,76708.2,1056.7065
1787315400000,76708.2,77513,76649.9,77437.7,3043.2088
1787316300000,77437.7,77486.1,77117.3,77233.3,1243.0555
1787317200000,77233.3,77408.8,77044.4,77203.1,1089.6149
1787318100000,77203.1,77233.3,76848.6,77107.5,1615.6461
1787319000000,77107.4,77358,76228.4,77314.5,5778.5458
1787319900000,77314.4,77720,77088.2,77250.1,3765.5171
1787320800000,77250.2,77265,76666.1,76764.8,2747.4738
1787321700000,76764.8,77222.2,76539.5,77058.1,2978.6479
1787322600000,77058.1,77249.6,76859.5,77156,1139.8902
1787323500000,77156,77463.4,77125,77388.3,1439.3403
1787324400000,77388.3,77813.6,77324.5,77710,2565.965
1787325300000,77709.9,77888,77516,77613.9,1776.5573
1787326200000,77613.9,77750,77472.8,77504.2,924.1918
1787327100000,77504.1,77549.9,77157,77222.8,1132.443
1787328000000,77222.7,77321.4,76844.4,76849.6,2003.052
1787328900000,76849.6,77388,76755,77388,1814.9384
1787329800000,77388,77395,77222.2,77343.9,703.5698
1787330700000,77343.9,77571.2,77293.8,77463.1,1070.9232
1787331600000,77463.1,77720.2,77445.9,77547.8,1428.6379
1787332500000,77547.9,77550.2,77166.7,77549.9,1319.6955
1787333400000,77550,77646.2,77325,77363.9,898.3343
1787334300000,77364,77500,77300.1,77378.1,513.9192
1787335200000,77378,77527.3,77257.2,77306.6,693.381
1787336100000,77306.7,77481.3,77237.5,77377.3,367.0397
1787337000000,77377.3,77432,76831.2,76921.2,1049.2193
1787337900000,76921.2,77125.9,76611,77117,2447.9017
1787338800000,77117.1,77178.4,76829.2,77110.3,840.0033
1787339700000,77110.4,77314,76929.1,77293.1,826.1764
1787340600000,77293,77330.1,77062.6,77139.9,626.9037
1787341500000,77140,77214.2,76958.7,76999,588.2607
1787342400000,76999,77272.1,76802.7,77239.1,1043.3001
1787343300000,77239.1,77497.5,77239.1,77457.5,1056.5646
1787344200000,77457.4,77494.9,77310,77436.2,445.369
1787345100000,77436.2,77515.9,77262.8,77489.9,414.1957
1787346000000,77489.9,77793.1,77349.7,77657.6,851.3122
1787346900000,77657.5,78194.1,77545.9,78074.9,2331.1843
1787347800000,78075,78499.9,77967.1,78224.9,2137.5023
1787348700000,78225,78696.6,78200.8,78499.8,1950.3922
1787349600000,78499.8,78769.9,78160.1,78743,1683.2013
1787350500000,78741.8,78741.8,78325.4,78495.4,994.2815
1787351400000,78495.3,78570,78054.1,78500,1213.0783
1787352300000,78500,78623.1,78230.2,78449.9,1025.8171
1787353200000,78450,78615.5,78320,78529.3,729.5206
1787354100000,78529.3,78720,78332.5,78395.2,1020.7459
1787355000000,78395.2,78500,78101.7,78361.9,895.4463
1787355900000,78361.8,78393.3,78104.6,78317.5,552.8302
1787356800000,78317.4,78491.8,77705.3,77901,1844.879
1787357700000,77901,78089.9,77844.4,77900.6,627.2013
1787358600000,77900.6,78049.5,77731.8,77824.1,722.3748
1787359500000,77824.2,77977.8,77666.7,77933.3,888.5993
1787360400000,77933.3,78190,77890.3,78094.7,611.6566
1787361300000,78094.6,78160,77877.6,77997.2,390.3098
1787362200000,77997.3,78234.7,77880.3,77900.3,640.5671
1787363100000,77900.3,78000,77800.6,77813,481.1692
1787364000000,77812.9,78097.7,77777,78041.1,357.1697
1787364900000,78041,78460,78026.2,78368.5,839.3596
1787365800000,78368.5,78499.9,78142.9,78494.5,757.4156
1787366700000,78494.5,78550,78300,78479.6,909.2008
1787367600000,78479.7,78699.8,78360.2,78389.1,868.8582
1787368500000,78389.1,78796,78352.6,78751.9,1023.4356
1787369400000,78751.8,78819.9,78545,78639.9,712.4168
1787370300000,78640,78694.3,78370.3,78402.1,740.2776
1787371200000,78402,78464.5,78222,78391.8,944.8132
1787372100000,78391.8,78586,78194,78578.5,651.9935
1787373000000,78578.5,78812.1,78507.9,78649.1,1085.4457
1787373900000,78649,78685.9,78450,78455.5,639.9908
1787374800000,78455.4,78580,76438.5,77306.3,8206.1765
1787375700000,77306.4,77527.6,76701.9,77290,4067.6628
1787376600000,77290,77568,76893,77170,2246.7624
1787377500000,77170,77491.4,77051.9,77371.9,1337.1374
1787378400000,77371.9,77433,77136.1,77166.9,833.0823
1787379300000,77166.8,77380,77166.8,77238.5,623.2065
1787380200000,77238.4,77550,76966.7,77379.9,1330.5198
1787381100000,77380,77529.9,77373.8,77480.1,992.6609
1787382000000,77480,77661.3,77266.3,77364.3,1278.4061
1787382900000,77364.3,77486.4,77201.9,77473,592.937
1787383800000,77473,77497.5,77280,77397.6,480.7283
1787384700000,77397.6,77429.1,77256.9,77282,381.7104
1787385600000,77282,77418.9,77153.5,77412.7,670.6659
1787386500000,77412.8,77425,77086.1,77200.2,532.693
1787387400000,77200.2,77305.1,77000.4,77272.2,898.6027
1787388300000,77272.2,77272.3,77099,77191.2,334.2011
1787389200000,77191.3,77360,77039.9,77359.9,782.6202
1787390100000,77360,77374.6,77150,77193.3,362.3959
1787391000000,77193.2,77237.5,77135,77179.2,238.7737
1787391900000,77179.3,77179.3,76812,77051.8,1607.1836
1787392800000,77051.7,77061.1,76666.4,76708.2,1370.2402
1787393700000,76708.1,76955.6,76501.8,76945.3,2359.799
1787394600000,76945.3,77176,76855.1,77163.7,1159.0235
1787395500000,77163.7,77200,76888.4,76981.7,725.0747
1787396400000,76981.8,77084.5,76810.2,76871.4,573.6455
1787397300000,76871.4,77000,76815,76986.4,398.2765
1787398200000,76986.4,77229,76948.3,77183.9,658.833
1787399100000,77183.8,77220,77072,77133.5,272.3205
1787400000000,77133.6,77299.9,77079.2,77249.3,645.133
1787400900000,77249.2,77349.8,77207.5,77329.9,420.1664
1787401800000,77329.9,77348.2,77202.1,77347,356.5088
1787402700000,77347,77400,77250.1,77297,327.7786
1787403600000,77297,77315,77180.8,77222.1,288.1284
1787404500000,77222.1,77254.8,77120,77176.2,400.1912
1787405400000,77176.3,77202,77108.6,77165.4,178.1032
1787406300000,77165.5,77400,77149.1,77293.9,649.7493
1787407200000,77293.9,77333.3,76925.6,77042,800.1159
1787408100000,77042,77109.3,76969.7,77109.3,323.6644
1787409000000,77109.3,77180.3,76962.5,76975.4,529.7253
1787409900000,76975.5,77100,76932.6,77019.9,309.1512
1787410800000,77020,77107,76955.6,76955.7,267.8734
1787411700000,76955.7,77042,76871.4,77000.1,311.1971
1787412600000,77000.1,77122.8,76990.5,77068.7,246.6806
1787413500000,77068.7,77106.5,76920,76987.9,405.1905
1787414400000,76987.9,77087.9,76963.1,77068,372.9534
1787415300000,77068,77255,77057.8,77206.1,578.92
1787416200000,77206,77511.4,77184.5,77408.3,1434.469
1787417100000,77408.3,77584.8,77286.5,77294,947.1103
1787418000000,77294.1,77348.3,77255,77301.5,485.1496
1787418900000,77301.4,77362.9,77057.1,77102.8,856.6996
1787419800000,77102.7,77235.2,77102.7,77233.7,263.8725
1787420700000,77233.7,77385.2,77233.7,77287,299.478
1787421600000,77287.1,77365.6,77222.6,77251.7,192.7292
1787422500000,77251.8,77360,77251.7,77309.8,110.5561
1787423400000,77309.9,77337.9,77230,77230,126.6071
1787424300000,77230,77269.5,77141.4,77269.4,198.3245
1787425200000,77269.5,77353.8,77210.9,77339.1,156.6625
1787426100000,77339.2,77347.4,77261.7,77289.6,116.6224
1787427000000,77289.6,77432.6,77289.6,77432.6,289.2598
1787427900000,77432.5,77480.1,77406.9,77419,247.453
1787428800000,77419.1,77467.1,77367.4,77411.9,186.7732
1787429700000,77412,77439.4,77300.4,77300.5,147.76
1787430600000,77300.5,77419,77260,77371.4,258.8542
1787431500000,77371.5,77394.2,77278.7,77321.9,100.3268
1787432400000,77321.8,77329.2,77030.9,77058.8,565.3504
1787433300000,77058.9,77219.9,77058.8,77184,144.9687
1787434200000,77184,77205.6,76934.4,77049.9,528.1044
1787435100000,77050,77050,76828.7,76864.9,363.7763
1787436000000,76864.9,77166.7,76763.7,77111.9,928.355
1787436900000,77111.9,77162.3,77050.1,77058.1,277.171
1787437800000,77058.1,77085.1,76882.3,77061.7,362.2646
1787438700000,77061.7,77150,76970.6,77010.6,266.5937
1787439600000,77010.7,77100,76958,76993,154.6721
1787440500000,76992.9,77035.8,76961,76963.4,122.9923
1787441400000,76963.4,77049.8,76910.8,77031.9,171.9753
1787442300000,77031.9,77150,77017.2,77086.7,238.9084
1787443200000,77086.7,77166,77062.1,77096.2,175.5854
1787444100000,77096.3,77267.1,77064.3,77240.4,310.6798
1787445000000,77240.4,77369.9,77239.4,77288.1,414.3617
1787445900000,77288.1,77366.7,77260.6,77310,278.0907
1787446800000,77310.1,77417.3,77179.9,77416.2,624.7647
1787447700000,77416.3,77416.3,77266,77280,387.4823
1787448600000,77280,77330.7,77180,77263.4,227.3936
1787449500000,77263.4,77339.7,77163.7,77195.9,302.1624
1787450400000,77196,77219,77050,77059.7,378.4684
1787451300000,77059.7,77139.9,77019,77120,377.2053
1787452200000,77119.9,77213.9,77119.9,77187.7,278.0771
1787453100000,77187.7,77237.5,77070.1,77087.6,326.6553
1787454000000,77087.6,77128.9,77011.2,77096.4,307.0515
1787454900000,77096.4,77162.4,77000,77000,262.981
1787455800000,77000.1,77005.9,76850,76864.7,716.0994
1787456700000,76864.6,77015.5,76864.6,76950.1,495.6878
1787457600000,76950.1,77050,76701,77021.1,1122.8382
1787458500000,77021.1,77057,76810.4,76978.5,495.1314
1787459400000,76978.6,76988.9,76825,76837.5,364.8854
1787460300000,76837.6,76839.2,76470.6,76624,2822.682
1787461200000,76624,76763.9,75802.6,75892.7,6087.5789
1787462100000,75891.4,76350,75513.2,76232.5,5492.5679
1787463000000,76232.4,76347.1,76105.9,76180,943.5427
1787463900000,76179.9,76266,76033,76071.4,576.9785
1787464800000,76071.4,76175,75880,76100,982.8661
1787465700000,76100,76318.9,76081.5,76241.2,805.1341
1787466600000,76241.1,76368,76180,76265.9,659.7715
1787467500000,76265.8,76281.4,76016.5,76108.6,477.1852
1787468400000,76108.7,76333,76030,76304,477.5915
1787469300000,76304.1,76360,76233.3,76233.4,288.1961
1787470200000,76233.4,76239,76060,76071.5,389.0599
1787471100000,76071.5,76162.6,75921.5,76030,762.4275
1787472000000,76030,76314.9,75979,76209.9,1035.7233
1787472900000,76210,76304.2,76207,76241.5,571.7293
1787473800000,76241.6,76691.7,76241.6,76534.1,2052.0293
1787474700000,76534.2,76631.7,76457.8,76498.1,663.548
1787475600000,76498.1,76647.4,76480,76591.1,530.3976
1787476500000,76591.1,76616.6,76483.3,76556.6,243.3076
1787477400000,76556.6,76583.9,76468.9,76570.6,318.7874
1787478300000,76570.6,76649.9,76510,76550,262.0238
1787479200000,76550,76737.9,76537.7,76653,639.4656
1787480100000,76653,76939.8,76637.7,76756.9,1494.1892
1787481000000,76756.9,76930,76743.1,76851.3,490.6277
1787481900000,76851.3,76889.5,76768.7,76779.6,236.8867
1787482800000,76779.7,76881.4,76732.1,76881.4,278.4995
1787483700000,76881.4,77315,76813.7,77152.8,2185.6614
1787484600000,77152.9,77380,77115,77261.9,992.9059
1787485500000,77261.9,77379.4,77164.3,77299.1,768.4054
1787486400000,77299.1,77304,77003.3,77077.7,1014.8809
1787487300000,77077.6,77127.9,77005.6,77035.4,278.6974
1787488200000,77035.4,77246.8,77035.4,77228.2,358.9124
1787489100000,77228.3,77259,77150.5,77200.1,248.9573
1787490000000,77200.1,77330,77185.1,77322.1,337.1158
1787490900000,77322.1,77777,77322,77427.9,3334.4146
1787491800000,77427.9,77625,77335.6,77507.9,713.3197
1787492700000,77507.9,77555.2,77363,77479.4,526.4351
1787493600000,77479.4,77611.6,77302.9,77536.5,621.8454
1787494500000,77536.5,77633.1,77394.6,77437,480.6279
1787495400000,77437,77476.3,76770,76999.9,2384.5152
1787496300000,77000,77296,76999.9,77174.9,1312.0008
1787497200000,77175,77320,77058,77146.2,596.9007
1787498100000,77146.3,77229.9,76855,77187,1019.2599
1787499000000,77187.1,77300,77112.8,77251.2,421.7754
1787499900000,77251.2,77251.2,77117.1,77137.8,222.5431
1787500800000,77137.8,77283.3,77137.7,77256.9,260.7514
1787501700000,77256.9,77319.5,77189.5,77307.3,318.1025
1787502600000,77307.3,77432.6,77295.9,77367,570.6953
1787503500000,77367,77471.8,77333.5,77400.1,225.0245
1787504400000,77400.1,77432.4,77130,77274,654.8713
1787505300000,77274,77370,77168.8,77244.5,286.8048
1787506200000,77244.5,77316,77140,77223.6,342.6447
1787507100000,77223.7,77311.9,77166.3,77166.3,211.298
1787508000000,77166.2,77388,77088.4,77326.4,624.5226
1787508900000,77326.4,77388,77244.1,77330,279.9085
1787509800000,77330.1,77350.5,77280,77319.7,100.1553
1787510700000,77319.7,77326.6,77230,77326.6,110.9954
1787511600000,77326.7,77390.8,77225.9,77302.7,165.3385
1787512500000,77302.6,77370,77266.8,77334.7,147.4107
1787513400000,77334.8,77427.1,77230.1,77413.2,246.4027
1787514300000,77413.2,77480.7,77310,77320.8,181.7299
1787515200000,77320.8,77320.8,77177.3,77257,297.4372
1787516100000,77256.9,77399.4,77255.7,77354.7,132.023
1787517000000,77354.7,77439.9,77354.6,77400.1,84.2968
1787517900000,77400.1,77420,77371.6,77381.9,83.9655
1787518800000,77382,77699.9,77382,77676.3,702.6048
1787519700000,77676.3,78054.2,77676.2,78014.7,1919.399
1787520600000,78014.6,78048.5,77514.9,77619.8,1168.5932
1787521500000,77619.9,77863.9,77619.8,77826,589.4263
1787522400000,77826,77976.4,77553.4,77683.2,1016.1257
1787523300000,77683.2,77800,77624,77650.6,413.6117
1787524200000,77650.6,77720,77589.7,77638.8,334.4643
1787525100000,77638.9,77700,77550.1,77592.5,281.9396
1787526000000,77592.5,77615.6,77275.1,77469.8,770.2301
1787526900000,77469.8,77665.7,77433.4,77655.8,314.5195
1787527800000,77655.8,77825.1,77366,77478.5,683.5
1787528700000,77478.5,77785.9,77470,77725.7,450.5616
1787529600000,77725.8,77737.2,77490,77615,374.2806
1787530500000,77615,77635.8,77229.9,77423.3,865.5943
1787531400000,77423.3,77578.4,77192,77220.6,547.8919
1787532300000,77220.7,77670,77136.9,77669.9,919.5228
1787533200000,77669.9,77721.7,77420,77425.1,628.2869
1787534100000,77425.1,77459.3,77203.2,77223.1,797.1765
1787535000000,77223,77360,77150,77200,553.7923
1787535900000,77200,77259.1,76855.1,76903.4,1369.7417
1787536800000,76903.4,77414.3,76855.7,77352.3,1320.7394
1787537700000,77352.2,77498.9,77352.2,77424.9,639.7985
1787538600000,77424.9,77547.9,77385.7,77427.7,477.7857
1787539500000,77427.7,77520,77218,77465.4,484.6044
1787540400000,77465.5,77518,77184.1,77202.5,456.6505
1787541300000,77202.4,77266,77099.6,77111.4,490.6883
1787542200000,77111.3,77160,76950.3,76980,885.0161
1787543100000,76980,77153.1,76920,76934.3,480.7694
1787544000000,76934.4,77094.3,76934.4,77025.9,403.645
1787544900000,77025.7,77257.3,77024.3,77219.5,407.2142
1787545800000,77219.5,77237.6,77052,77115.3,440.0399
1787546700000,77115.3,77135.9,76663.6,76905.5,1693.9758
1787547600000,76905.5,77217.4,76843.6,77216.1,869.946
1787548500000,77216.1,77236.2,76942.2,77057.7,796.6575
1787549400000,77057.6,77185.5,76841.6,77087.7,492.7934
1787550300000,77087.7,77176,76990,77143.2,266.0758
1787551200000,77143.2,77427.3,77057.5,77388.8,829.1916
1787552100000,77388.8,77456,77285.8,77345.7,468.228
1787553000000,77345.7,77381.2,77216.1,77345.2,427.4686
1787553900000,77345.2,77520,77328.3,77459.1,819.3436
1787554800000,77459.2,77777.7,77450,77736.2,1082.9036
1787555700000,77736.2,77736.3,77533.1,77579.1,671.5615
1787556600000,77579.2,77580,77331,77331,552.5046
1787557500000,77330.9,77420,77264.6,77303.7,559.2627
1787558400000,77303.7,77409.2,77168,77240.1,578.8632
1787559300000,77240.1,77242.8,76827.3,76915.7,1923.2388
1787560200000,76915.6,77130.4,76893.4,77130.4,667.8084
1787561100000,77130.4,77142,77006.2,77036.5,336.1049
1787562000000,77036.5,77299,77016.2,77278.6,574.3216
1787562900000,77278.6,77414,77196.1,77409.9,1053.2552
1787563800000,77410,77500,77382,77461,563.6291
1787564700000,77461.1,77584,77425.5,77536.7,611.8902
1787565600000,77536.8,77874.9,77520.2,77827.5,2241.8652
1787566500000,77827.5,77931,77753.8,77838.9,1431.4837
1787567400000,77839,78006,77689.5,77715.9,1772.6927
1787568300000,77715.9,77816.7,77520,77608.1,746.7397
1787569200000,77608.1,77844.1,77429,77804.3,891.1931
1787570100000,77804.3,77880,77705.2,77822.9,535.8932
1787571000000,77823,78565.5,77803.3,78554.6,4306.0162
1787571900000,78554.6,78589,78076.4,78420.7,1913.0086
1787572800000,78420.7,78420.8,78080,78119.2,864.7183
1787573700000,78119.3,78479.8,77936.7,78427.5,1213.0785
1787574600000,78427.6,78880,78340,78702.7,3168.19
1787575500000,78702.7,79327,78690,79136.6,4225.7035
1787576400000,79136.6,79436.9,78923,79198,2473.1307
1787577300000,79198,79218.4,78849.9,78984.3,1642.3835
1787578200000,78984.3,79009.9,78166.7,78243.7,4717.3372
1787579100000,78243.7,78580,77742,78560.7,4179.5784
1787580000000,78560.6,79200.1,78545.2,79165.1,3185.967
1787580900000,79165.1,79636.9,78825.5,79355.6,5251.5545
1787581800000,79355.5,79810,79292.8,79618.1,4787.9204
1787582700000,79618.1,79733,79234.2,79470,2150.4319
1787583600000,79470,79695.1,79311.9,79506.6,1356.046
1787584500000,79506.6,79948.3,79488,79842,3362.9681
1787585400000,79842,79998.9,78950.7,79249.9,4526.3158
1787586300000,79250,79516.9,78737.4,79055.5,3161.8071
1787587200000,79055.5,79495.5,79052.4,79444.9,2050.3564
1787588100000,79445,79840.4,79440.9,79628.4,2917.0791
1787589000000,79628.4,79741.9,79333.3,79333.4,1391.8542
1787589900000,79333.3,79368.2,78853,79023.6,1993.1155
1787590800000,79023.7,79168,78547.9,79064,3702.3996
1787591700000,79064,79139.9,78400.1,78512.1,3196.3297
1787592600000,78512.1,78827.6,78448.5,78597.8,1441.7537
1787593500000,78597.8,78788.4,78520.1,78730,642.2826
1787594400000,78730,78988,78700,78979.5,973.4164
1787595300000,78979.5,79038,78900,78979.5,677.3018
1787596200000,78979.6,79058.8,78678.3,78938.8,694.0775
1787597100000,78938.8,79045.4,78822.2,78898.1,585.4315
1787598000000,78898,79100,78745.7,78988,1065.2603
1787598900000,78988.1,79004.1,78571.9,78845.4,1078.6916
1787599800000,78845.5,78930,78721.3,78842.5,460.3605
1787600700000,78842.5,78857.3,78555.6,78720.8,646.6305
1787601600000,78720.7,78792.1,78520.5,78650.5,699.2525
1787602500000,78650.5,78765.1,78585.8,78665.8,304.5504
1787603400000,78665.8,78963,78610,78877.9,730.6358
1787604300000,78877.8,78908.7,78783.3,78906,189.1173
1787605200000,78906.1,79015.3,78906.1,78999.9,270.4896
1787606100000,79000,79013.2,78823.5,78898.4,225.0688
1787607000000,78898.5,78995.2,78887.5,78955.7,188.4972
1787607900000,78955.8,79017.5,78886.2,78952.1,145.7759
1787608800000,78952.1,78958.9,78791.6,78843,332.4318
1787609700000,78842.9,78900,78717.6,78748.8,168.2272
1787610600000,78748.8,78886.8,78694.7,78730.3,289.1275
1787611500000,78730.3,78810,78649.3,78711.4,189.1101
1787612400000,78711.3,78787,78586,78714.5,466.3814
1787613300000,78714.5,78945.9,78703.2,78862.1,344.5046
1787614200000,78862.2,78957.6,78828.2,78923.4,245.2242
1787615100000,78923.4,78975.1,78800,78954,262.2707
1787616000000,78954,79044,78861,78922.9,650.8067
1787616900000,78922.9,78922.9,78680,78764,464.2786
1787617800000,78763.9,79357.9,78712.9,79356.2,1754.0546
1787618700000,79356.2,79867,79306.2,79712,3384.0764
1787619600000,79712,79966,79582,79627.7,1785.0545
1787620500000,79627.7,79949.8,79436.1,79802.3,1423.9021
1787621400000,79802.3,79888,79636.4,79667,632.1172
1787622300000,79667,79830.6,79483.6,79808.8,795.6903
1787623200000,79808.9,79918.3,79706,79838.9,867.5799
1787624100000,79838.9,81084.2,79787.1,80976,10075.6764
1787625000000,80975.9,81266.4,80745,80788.9,3980.902
1787625900000,80788.9,80833.1,80390.5,80618.2,2570.1844
1787626800000,80618.2,80928.7,80559.5,80771.6,1155.4097
1787627700000,80771.5,80791.4,80480,80619,1059.7241
1787628600000,80619,80850,80510,80559.9,1035.0134
1787629500000,80560,80650,80276,80447.3,1701.6156
1787630400000,80447.3,80580.3,80250,80469.4,804.9598
1787631300000,80469.5,80469.5,80220,80237.7,888.3241
1787632200000,80237.8,80376.5,80126.9,80225.2,891.6559
1787633100000,80225.1,80364.3,80206,80357,455.7575
1787634000000,80357,80568.3,80302.5,80522,1020.6599
1787634900000,80521.9,80733.1,80461.1,80627.2,695.4488
1787635800000,80627.2,80808.1,80575.3,80684.8,716.1736
1787636700000,80684.9,80783.6,80608.7,80706.4,527.083
1787637600000,80706.5,80840.8,80648.7,80813.7,589.3696
1787638500000,80813.7,80888,80716,80718.7,671.7704
1787639400000,80718.7,80721,80479.6,80506.6,659.9226
1787640300000,80506.6,80547,80371.7,80546.9,640.2403
1787641200000,80547,80788,80517.6,80691.5,835.5116
1787642100000,80691.4,80716,80561.4,80631.1,317.949
1787643000000,80631,80668.5,80447.1,80476.6,493.3398
1787643900000,80476.5,80498.2,79320,79665.4,6319.0476
1787644800000,79665.4,79944.2,79572.5,79891.1,1412.3038
1787645700000,79891.1,80220.4,79888,80164.2,1298.3633
1787646600000,80164.2,80190.3,79866,80079.9,930.4061
1787647500000,80080,80088,79800.1,79897.6,703.5108
1787648400000,79897.7,79931.3,79674.1,79810,956.7894
1787649300000,79810,79931.5,79739.7,79785.3,420.2206
1787650200000,79785.3,79918,79704.9,79710.5,483.9154
1787651100000,79710.5,79754.7,78843.2,79158.4,5159.8712
1787652000000,79158.4,79322.4,78960,79286.9,1300.9053
1787652900000,79287,79400,79186.2,79247.9,613.1123
1787653800000,79248,79300,79203,79293.7,436.2284
1787654700000,79293.8,79455.9,79268.3,79278,589.8172
1787655600000,79278,79372,79061,79069.1,724.1546
1787656500000,79069.1,79276.1,79022.8,79225,626.269
1787657400000,79225,79436.8,79122.2,79127.1,615.798
1787658300000,79127.1,79159.8,79000.2,79095.8,894.2916
1787659200000,79095.7,79151.9,78647.2,79060.7,2710.2015
1787660100000,79060.8,79060.8,78588,78861.3,2011.4235
1787661000000,78861.3,78981,78737.5,78903,665.2496
1787661900000,78903,79068.5,78857.7,78955.2,919.7361
1787662800000,78955.1,79058.5,78680.6,78777.2,1267.3355
1787663700000,78777.2,78795.3,78521.3,78615,1615.0246
1787664600000,78615,79210,78572.8,78612,2779.3733
1787665500000,78611.9,78640,78050,78619.9,4716.5034
1787666400000,78620,79018.2,78491.4,78965.1,2304.3488
1787667300000,78965.2,79276.8,78860.4,79169,2564.5967
1787668200000,79169.1,79333,78989.1,79133.9,1615.968
1787669100000,79133.9,79333,79116.2,79201,1059.4246
1787670000000,79201,79320,79020,79069.9,907.8798
1787670900000,79070,79252.1,78950.4,79196.8,1052.5548
1787671800000,79196.8,79438,79139.6,79360,1195.5458
1787672700000,79359.9,79486,79220.6,79462.2,786.5717
1787673600000,79462.1,79542.5,79110,79127.2,1404.2344
1787674500000,79127.1,79240,79022.4,79103.7,707.5697
1787675400000,79103.8,79330,79100,79194.1,627.519
1787676300000,79194.1,79322.6,79055,79117,563.2678
1787677200000,79117,79117.1,78813.6,78936.8,1128.9514
1787678100000,78936.8,78990,78699.7,78769.5,787.8601
1787679000000,78769.6,79158.6,78769.5,79100,812.9048
1787679900000,79100,79218.2,79100,79202.7,402.4074
1787680800000,79202.7,79336.4,79176.3,79282.2,725.9741
1787681700000,79282.2,79299,79200.3,79231.1,306.9485
1787682600000,79231,79231.1,79060,79127.1,324.5291
1787683500000,79127.2,79199,79001.6,79082.8,234.9125
1787684400000,79082.8,79151.8,78975,79120.1,289.8443
1787685300000,79120,79189.3,78866.3,78882.1,471.3413
1787686200000,78882,78903.3,78680,78710.3,600.1639
1787687100000,78710.3,78908,78695.3,78889.7,551.0896
1787688000000,78889.7,78940,78629.1,78843.5,534.5945
1787688900000,78843.5,78928,78728.5,78733,270.4841
1787689800000,78733,78753,78310.3,78432.4,1335.8316
1787690700000,78432.4,78509.3,78128,78162.8,1753.7708
1787691600000,78162.8,78275,77810,78256.4,2736.627
1787692500000,78256.5,78452.6,78175,78429,966.5844
1787693400000,78428.9,78625.2,78335.7,78556.8,1182.2146
1787694300000,78556.7,78640.8,78509.3,78538.5,357.3755
1787695200000,78538.6,78927.7,78538.5,78902.1,1506.2146
1787696100000,78902.1,78980,78575,78620,1056.9269
1787697000000,78620.1,78841.7,78563.7,78750,600.7078
1787697900000,78750,78930,78745,78858.9,278.3776
1787698800000,78858.9,78947.3,78771.5,78923.6,397.4473
1787699700000,78923.6,78933.6,78598,78700.4,714.595
1787700600000,78700.5,78770,78485.5,78562.4,462.3863
1787701500000,78562.4,78572.4,78362.1,78506.1,610.7943
1787702400000,78506.1,78606.2,78263.4,78329.8,753.2794
1787703300000,78329.9,78579,78310,78564.5,437.534
1787704200000,78564.5,78643.3,78333.2,78360.1,459.6394
1787705100000,78360,78684.4,78340,78603.3,541.0514
1787706000000,78603.3,78880,78577.3,78720,880.6529
1787706900000,78720,78840.9,78660,78680,434.2083
1787707800000,78680.1,78930.9,78680.1,78841.7,453.483
1787708700000,78841.7,78843,78732.1,78787,295.3179
1787709600000,78787.1,78849.9,78714.6,78750,290.4819
1787710500000,78750,79234.3,78721.3,79196.5,1105.7622
1787711400000,79196.5,79208.9,79087.5,79113.6,488.4662
1787712300000,79113.6,79146.3,79012.2,79072.4,392.8101
1787713200000,79072.3,79156.8,79011.8,79013.7,284.1111
1787714100000,79013.7,79086.3,78956,79015,339.1628
1787715000000,79015,79088,78860,79021.7,326.8111
1787715900000,79021.6,79088.2,78911.8,79056.9,218.3182
1787716800000,79057,79167.9,78929.8,79010.7,413.0195
1787717700000,79010.7,79117.7,78946.4,78984.4,318.6623
1787718600000,78984.4,79025,78851.4,78934.6,367.5185
1787719500000,78934.6,78934.6,78757,78798.2,469.7306
1787720400000,78798.2,78921.6,78603.8,78868.4,838.1413
1787721300000,78868.3,79043.4,78716.7,78990.2,540.1713
1787722200000,78990.2,79107.5,78950,79080.4,451.5276
1787723100000,79080.4,79080.5,78907.4,79049.8,405.4196
1787724000000,79049.7,79176.5,78930.4,78970.1,610.6221
1787724900000,78970,79017.9,78791.9,78870.7,460.6192
1787725800000,78870.8,78930,78760.3,78899.4,358.7351
1787726700000,78899.4,78934.9,78827,78904.9,236.4066
1787727600000,78904.8,79068.4,78830,78954.1,438.6719
1787728500000,78954.1,78996.3,78863.5,78902.4,270.8561
1787729400000,78902.5,79007.7,78850,78956.2,278.9734
1787730300000,78956.2,79020,78876.5,78884.7,280.2563
1787731200000,78884.8,79080.3,78783.9,79002.6,686.805
1787732100000,79002.6,79072.4,78859.9,78945.9,244.881
1787733000000,78945.9,78995.2,78860.5,78976.9,275.4065
1787733900000,78976.9,78985.8,78556.1,78675.5,1468.2763
1787734800000,78675.5,78847,78640,78737.8,738.0182
1787735700000,78737.9,78737.9,78369.4,78505.5,1807.6102
1787736600000,78505.5,78569,78300.1,78300.2,700.9088
1787737500000,78300.2,78470,78209.7,78415.3,894.6703
1787738400000,78415.2,78449.9,78258.9,78400.8,820.7653
1787739300000,78400.8,78610.7,78400.8,78600.3,656.9759
1787740200000,78600.3,78783.3,78535.9,78698.3,868.317
1787741100000,78698.4,78858,78660,78689.7,640.9289
1787742000000,78689.7,78750,78621.3,78674.9,363.1825
1787742900000,78674.9,78705.7,78581.1,78587.1,378.3409
1787743800000,78587,78593.5,78276,78442,900.1396
1787744700000,78442,78544.4,78340.6,78447.4,527.4779
1787745600000,78447.3,78532.9,78318,78364.8,596.8827
1787746500000,78364.9,78693,78247.7,78672.6,1060.5402
1787747400000,78672.5,78672.6,77822.9,78230,4404.5943
1787748300000,78230.1,78412,78160.2,78279.5,745.22
1787749200000,78279.5,78410,77921.7,78091.1,2211.9845
1787750100000,78091.2,78142,77867.4,78014.7,1151.9738
1787751000000,78014.8,78470.6,78014.8,78455.1,1917.6081
1787751900000,78455.1,78519.6,78074.7,78404.5,1284.1308
1787752800000,78404.6,78573.1,78250.1,78419.1,1437.2488
1787753700000,78419,78535,78160,78204.1,1002.0376
1787754600000,78204,78250.7,77903.2,77943.9,1426.6159
1787755500000,77943.9,78012.7,77725,77759.3,3043.8865
1787756400000,77759.3,77935.6,77554.5,77813.7,2667.2128
1787757300000,77813.7,78136,77682.9,78121,1732.3971
1787758200000,78121,78135.9,77884.6,78003.1,1019.5006
1787759100000,78003.2,78111,77932.3,77979.9,606.7247
1787760000000,77979.9,78133,77941.5,78042,615.9981
1787760900000,78042.1,78100,77947.2,78024,589.366
1787761800000,78023.9,78120,77820.4,77840.2,715.7657
1787762700000,77840.2,78143.3,77840.2,77961.6,717.4617
1787763600000,77961.7,78108.2,77961.7,78098.9,363.9643
1787764500000,78098.9,78486.7,78098.9,78482,1596.5643
1787765400000,78482,78588,78451.1,78475.7,1182.0386
1787766300000,78475.7,78483.2,78328.2,78406.3,448.8675
1787767200000,78406.3,78643.8,78361.7,78526.7,536.0187
1787768100000,78526.8,78570.2,78405.1,78434,598.3981
1787769000000,78433.9,78460,78245,78267.8,727.2174
1787769900000,78267.9,78468,78250,78437.9,261.1859
1787770800000,78437.9,78470.6,78336.3,78338.4,208.0997
1787771700000,78338.4,78533,78250,78492,393.5176
1787772600000,78492,78509.2,78335.4,78398.9,326.9215
1787773500000,78399,78500,78394.1,78431.7,238.2975
1787774400000,78431.8,78487.3,78354.7,78370,211.658
1787775300000,78370,78421.1,78150.9,78355,369.2044
1787776200000,78354.9,78390,78247.6,78357,171.9244
1787777100000,78356.9,78415.2,78337.3,78414.3,91.193
1787778000000,78414.3,78771.7,78342.5,78748.9,675.8971
1787778900000,78749,78820.8,78670,78715.3,595.1911
1787779800000,78715.2,78798,78614.3,78678.4,314.1513
1787780700000,78678.5,78771.8,78638,78683.7,178.0597
1787781600000,78683.8,78846.6,78643.4,78750.1,678.1536
1787782500000,78750,78954,78730,78791.5,897.3651
1787783400000,78791.4,78791.4,78562.7,78663.7,483.7917
1787784300000,78663.8,78700,78521.9,78661.9,438.2717
1787785200000,78661.8,78720.1,78617.1,78670.3,214.8423
1787786100000,78670.2,78860,78640.1,78824.1,591.0384
1787787000000,78824.1,79023.9,78824,79015.9,1287.9001
1787787900000,79015.9,79150.2,78970.9,78993.2,904.8842
1787788800000,78993.3,79000,78784.6,78810.6,556.1614
1787789700000,78810.5,78920,78788,78869.5,426.2488
1787790600000,78869.4,78880,78760.5,78849.2,381.8474
1787791500000,78849.3,78865.2,78660,78660.1,511.7963
1787792400000,78660,78757,78560.3,78627.1,750.8209
1787793300000,78627.1,78933.3,78504.4,78899.9,882.571
1787794200000,78899.9,78957.2,78688,78688,567.0754
1787795100000,78688,78988,78666.8,78869.5,725.1035
1787796000000,78869.6,78950,78819,78839.2,311.3876
1787796900000,78839.3,78851.2,78691.4,78729.2,274.2409
1787797800000,78729.2,78772.8,78673.3,78706,198.3877
1787798700000,78706,78765,78677.3,78694.1,306.7792
1787799600000,78694.1,78752.4,78633.1,78643.3,260.3038
1787800500000,78643.4,78957.5,78607.1,78863.1,861.1358
1787801400000,78863.2,78886.1,78795.2,78837.6,309.5417
1787802300000,78837.5,78888,78736.5,78797.6,450.274
1787803200000,78797.5,78858.3,78760,78822.8,176.331
1787804100000,78822.9,78862,78743.6,78743.7,170.0755
1787805000000,78743.6,78785.1,78650,78773.2,393.135
1787805900000,78773.2,78786.8,78661.7,78739.6,233.2807
1787806800000,78739.6,78739.6,78610,78610.1,280.4045
1787807700000,78610,78767.9,78585,78630.9,262.0607
1787808600000,78630.9,78761.5,78561.2,78676.6,436.4724
1787809500000,78676.7,78899,78673.1,78876.9,585.1001
1787810400000,78877,78877,78607.6,78652.7,344.1704
1787811300000,78652.8,78757.4,78575.7,78622,726.4689
1787812200000,78621.9,78757.4,78621.9,78720.8,264.6046
1787813100000,78720.9,78819.1,78717.6,78782.4,456.8839
1787814000000,78782.3,78833.4,78725.4,78792.3,334.5275
1787814900000,78792.3,78808.3,78706.1,78757.2,220.2589
1787815800000,78757.2,78846.9,78757.1,78804.8,270.2463
1787816700000,78804.8,79063.1,78804.8,79040.1,1044.308
1787817600000,79040,79860,79001.8,79599.9,5802.8109
1787818500000,79599.9,79712.9,79411.1,79707,1642.0779
1787819400000,79707,79964.9,79672,79878.8,1926.2326
1787820300000,79878.7,79999,79648.2,79720,1336.6796
1787821200000,79720,79840.2,79635.8,79837.9,899.8448
1787822100000,79837.9,80488.8,79750,80455,3940.254
1787823000000,80455.1,80499.9,80170,80220.1,1527.3664
1787823900000,80220.1,80247.3,79849.4,79955.6,1552.9674
1787824800000,79955.5,80129.6,79773,79904.4,1326.4484
1787825700000,79904.5,79992.2,79302.9,79630.7,2876.4512
1787826600000,79630.7,79649.6,79323.2,79577.6,1522.3775
1787827500000,79577.6,79600,79455.4,79600,776.7898
1787828400000,79599.9,79728,79525,79722.6,660.4063
1787829300000,79722.5,79744.9,79461.3,79494.3,685.2441
1787830200000,79494.3,79535.8,79340.1,79400.1,840.4805
1787831100000,79400.2,79470,79100,79445.9,1346.335
1787832000000,79446,79519.6,79337.1,79460.8,545.7588
1787832900000,79460.7,79571.8,79360,79512.8,413.1948
1787833800000,79512.9,79517.4,79216,79235.7,797.6992
1787834700000,79235.8,79325,79225,79241.2,347.0604
1787835600000,79241.2,79348,79227,79334.1,527.4815
1787836500000,79334.1,79453,79268.1,79311.7,661.6344
1787837400000,79311.7,79328,79062,79205.7,1487.5527
1787838300000,79205.7,79541,78853.4,79494,2474.1806
1787839200000,79494.1,79779.5,79312.8,79419.9,2387.3712
1787840100000,79419.9,79875,79355,79873.9,1589.2489
1787841000000,79873.9,80351.2,79753.9,80320.1,2895.6772
1787841900000,80320.2,80320.2,79955.3,80162.4,2050.3776
1787842800000,80162.3,80776.7,80045.2,80628.4,3139.7607
1787843700000,80628.3,80691,80364.2,80559.9,1794.8691
1787844600000,80560,80570,80300,80447.5,1242.2784
1787845500000,80447.5,80468.4,80251.2,80258.8,928.9803
1787846400000,80258.9,80497.1,80136.7,80364.7,1257.9715
1787847300000,80364.7,80494,80350,80362.5,684.1012
1787848200000,80362.6,80592.4,80219.9,80522,1236.1877
1787849100000,80522.1,80555.1,80296,80322.2,570.8672
1787850000000,80322.3,80625.3,80173.8,80579.7,1134.3498
1787850900000,80579.8,80799.9,80545.8,80672.6,1709.9266
1787851800000,80672.6,80764.7,80413.1,80447.8,976.5955
1787852700000,80447.9,80525.5,80378.8,80395.6,496.6452
1787853600000,80395.7,80395.7,79920.7,80040.3,1403.3503
1787854500000,80040.3,80157.6,79706.3,79880.8,1598.3736
1787855400000,79880.8,79976,79774.8,79924.1,467.0936
1787856300000,79924.1,80117,79861.9,80116.7,423.6003
1787857200000,80116.7,80259,80072.2,80120.3,517.2862
1787858100000,80120.4,80196.2,80000,80144.4,412.1123
1787859000000,80144.5,80196.6,79926.1,79964.9,403.9261
1787859900000,79965,80014.8,79831.7,79870,408.7137
1787860800000,79870,80009.9,79838,79915.4,307.0815
1787861700000,79915.3,80093.2,79910,79955.2,169.6541
1787862600000,79955.2,80023.3,79940.1,79987.6,176.5907
1787863500000,79987.7,80067.5,79923,80067.5,199.1079
1787864400000,80067.5,80126.3,79982.6,80060.4,222.0688
1787865300000,80060.5,80090,79952.3,79996.9,158.6583
1787866200000,79996.9,80100,79939.3,79994.8,178.8249
1787867100000,79994.8,80156.9,79962.1,80140.5,149.3275
1787868000000,80140.5,80291,80140.5,80210,361.6275
1787868900000,80210.1,80409.9,80168.3,80202.6,570.712
1787869800000,80202.5,80263.6,80111.1,80250,294.9947
1787870700000,80250,80267,80180.1,80267,123.6031
1787871600000,80267,80267,80112.7,80133.5,190.4043
1787872500000,80133.5,80371,80100,80280.6,430.6614
1787873400000,80280.6,80290.7,80202.4,80220.7,197.0886
1787874300000,80220.7,80285.2,80150,80211.9,189.7837
1787875200000,80212,80237.7,80111.7,80179.8,394.4859
1787876100000,80179.8,80436.2,80179.8,80390,791.3755
1787877000000,80390,80473,80329.4,80391.7,593.985
1787877900000,80391.8,80676.5,80310.6,80544.2,1191.5119
1787878800000,80544.2,80859.7,80538.7,80722.5,1992.6644
1787879700000,80722.4,81158,80655.4,81100.5,2407.4204
1787880600000,81100.5,81520,80777,80808,4658.594
1787881500000,80808,80859,80407,80476.8,1854.3936
1787882400000,80476.8,80476.8,80200,80205.2,1315.7737
1787883300000,80205.2,80273.8,79877.5,79883.2,1954.2118
1787884200000,79883.3,80128.1,79779.3,80000,1411.8931
1787885100000,80000,80000,79675.1,79889.3,1471.7611
1787886000000,79889.4,79948.1,79739.5,79831.5,686.6765
1787886900000,79831.5,80017.4,79831.5,79867.4,582.2799
1787887800000,79867.3,79957,79776,79787.3,449.9457
1787888700000,79787.2,79833.6,79746.5,79780,252.6965
1787889600000,79780,79829.9,79564,79829.1,1821.4036
1787890500000,79829.1,79942.8,79780.1,79780.4,651.2135
1787891400000,79780.4,79811,79600,79677.8,562.2724
1787892300000,79677.7,79713.1,79585.1,79607.6,345.6764
1787893200000,79607.6,79690.5,79523.3,79615,601.4685
1787894100000,79615,79700,79540,79694.5,452.9699
1787895000000,79694.4,79833.3,79673.8,79786.4,701.1024
1787895900000,79786.3,79845.4,79616.2,79658.5,518.6034
1787896800000,79658.6,79882.4,79658.5,79870.8,552.5546
1787897700000,79870.8,79870.8,79769,79793,340.2735
1787898600000,79792.9,79856.7,79760,79829.9,314.5088
1787899500000,79830,79970.5,79829.9,79863.4,531.017
1787900400000,79863.5,79863.5,79625,79655.2,579.1882
1787901300000,79655.3,79781,79637.2,79763.9,359.114
1787902200000,79763.9,79769.9,79519.6,79560.1,822.6124
1787903100000,79560,79650.9,79557.4,79647.4,854.0765
1787904000000,79647.3,79843.4,79647.3,79706.5,865.595
1787904900000,79706.6,79812,79706.5,79752.5,297.3665
1787905800000,79752.5,79798.4,79683.4,79683.4,294.0004
1787906700000,79683.5,79700.6,79439.6,79490,1373.8008
1787907600000,79489.9,79493.8,79218.4,79358.5,1622.8472
1787908500000,79358.6,79440.4,79343,79358.4,395.3205
1787909400000,79358.3,79422.9,79250,79250,513.3356
1787910300000,79250,79330,79248.5,79258.2,429.3765
1787911200000,79258.2,79287.3,78950.8,79193.7,1919.1083
1787912100000,79193.8,79307.7,79119.5,79276,786.7915
1787913000000,79276,79360,79262.8,79301.6,461.9739
1787913900000,79301.6,79544.9,79290,79540.3,1015.5119
1787914800000,79540.3,79695.7,79530,79672.3,1093.4267
1787915700000,79672.3,79749.2,79607.6,79644.7,804.3786
1787916600000,79644.7,79721.9,79550.4,79588.3,561.9203
1787917500000,79588.4,79617.7,79519.3,79570.1,283.0518
1787918400000,79570,79647.2,79478.6,79500.5,368.55
1787919300000,79500.5,79691.6,79488.4,79488.4,390.0437
1787920200000,79488.4,79500,79269,79382.9,988.2385
1787921100000,79382.9,79416.6,79317.5,79390.8,369.1305
1787922000000,79390.7,79454.7,79250.1,79349.8,502.4391
1787922900000,79349.8,79355.6,79028.1,79171.3,995.9178
1787923800000,79171.2,79333,79000,79056.2,1214.2551
1787924700000,79056.3,79538,79042.7,79284.3,1805.2554
1787925600000,79284.1,79701.1,78388,78605,7678.2596
1787926500000,78605,79008.5,78470.6,78908.4,3191.1986
1787927400000,78908.4,79675.9,78801.3,79387.4,4879.4258
1787928300000,79387.4,79573.2,79065.3,79509.9,2034.3888
1787929200000,79510,79860,79253,79272.5,2131.4936
1787930100000,79272.5,79486.3,79176.5,79308.6,1023.4926
1787931000000,79308.6,79320.2,78738.5,78767.5,2269.3706
1787931900000,78767.5,78893.1,78246.7,78294.1,3475.7105
1787932800000,78294.1,78372,77800,77800,5738.0336
1787933700000,77800.1,77833,76847.3,77507.8,11561.7771
1787934600000,77507.9,77939.7,77478.8,77771.1,3922.0706
1787935500000,77771.2,77973.1,77740.1,77761.2,1814.1357
1787936400000,77761.2,77998,77629.9,77968.9,1648.2572
1787937300000,77968.9,78150,77804.8,77913.4,1556.278
1787938200000,77913.4,77976.9,77663.3,77752.9,604.2879
1787939100000,77752.8,77960,77752.8,77877.4,613.1151
1787940000000,77877.4,77915,77710,77710.1,664.5606
1787940900000,77710.1,77770.9,77470.4,77559.7,1217.5809
1787941800000,77559.8,77600,77313.3,77383.2,1155.6574
1787942700000,77383.2,77533.6,77238.2,77533.6,1687.2625
1787943600000,77533.6,77722.9,77490,77639.5,1019.7449
1787944500000,77639.5,77787.4,77594.4,77670.1,619.1644
1787945400000,77670,77675.8,77503.1,77503.2,480.3425
1787946300000,77503.1,77569.1,77341.6,77549.9,770.3879
1787947200000,77549.9,77587.9,77450,77530.8,544.977
1787948100000,77530.8,77530.8,77364,77482,527.7078
1787949000000,77482,77482,77280,77375.1,479.4632
1787949900000,77375,77446.2,77310,77385.3,183.8847
1787950800000,77385.3,77414.9,77303.5,77382.1,207.0954
1787951700000,77382,77411.5,77300,77385.1,147.7575
1787952600000,77385.1,77508,77385.1,77455,273.2288
1787953500000,77454.9,77455,77217,77346.7,284.1115
1787954400000,77346.7,77433.4,77311.5,77429.6,190.0235
1787955300000,77429.6,77568.8,77375,77546.3,308.3226
1787956200000,77546.2,77715.4,77538,77712.1,527.2615
1787957100000,77712,77745,77652.3,77728.1,394.8638
1787958000000,77728,77749.9,77650,77734.7,237.4504
1787958900000,77734.7,77734.7,77630.1,77653.6,259.2749
1787959800000,77653.7,77685.2,77645.1,77664.9,130.5278
1787960700000,77664.8,77820.7,77612.3,77813,313.8162
1787961600000,77812.9,77871.1,77757.8,77782.9,394.2072
1787962500000,77782.8,77918.2,77782.8,77865.1,681.5781
1787963400000,77865.1,77865.1,77728.8,77745.6,597.7908
1787964300000,77745.5,77778,77682,77695,535.1192
1787965200000,77694.9,77694.9,77563.2,77597.8,637.9231
1787966100000,77597.8,77761.5,77597.7,77758.6,244.7069
1787967000000,77758.6,77789.6,77720.3,77788.8,147.1747
1787967900000,77788.8,77807.6,77720.3,77760.5,203.2581
1787968800000,77760.6,77791.6,77701.8,77701.8,198.7595
1787969700000,77701.9,77710.7,77540,77598.5,457.2702
1787970600000,77598.4,77645.5,77552.3,77583.7,256.4728
1787971500000,77583.8,77679.9,77583.8,77635.1,164.9046
1787972400000,77635.1,77696.1,77635.1,77650.8,118.4961
1787973300000,77650.8,77679,77606.2,77656,209.8575
1787974200000,77656,77674.9,77548.4,77588.1,231.6559
1787975100000,77588.2,77588.2,77470,77475,277.4471
1787976000000,77475,77575.4,77475,77555.1,261.3842
1787976900000,77555.1,77591,77554.7,77576.3,118.7152
1787977800000,77576.4,77610.1,77548.9,77581.1,186.7217
1787978700000,77581.1,77649.8,77581,77615.6,226.5884
1787979600000,77615.6,77676.6,77590.2,77668.1,208.9815
1787980500000,77668.1,77672.2,77600,77625.5,161.3947
1787981400000,77625.4,77683.7,77598,77652.8,176.2966
1787982300000,77652.8,77665.7,77566.7,77600,179.5976
1787983200000,77600,77606.3,77439.1,77450.9,363.1504
1787984100000,77451,77485,77350,77383.8,772.6229
1787985000000,77383.8,77466,77383.7,77415.5,381.9538
1787985900000,77415.5,77445.7,77397.5,77430.1,154.8318
1787986800000,77430,77499.8,77403.4,77430.7,286.9093
1787987700000,77430.6,77497.6,77416.1,77487.4,106.4295
1787988600000,77487.3,77613.4,77477.1,77613.3,344.5649
1787989500000,77613.4,77633.6,77581.3,77581.3,288.0089
1787990400000,77581.4,77582.7,77439.4,77489.6,302.4262
1787991300000,77489.5,77565.6,77472.2,77559,138.0226
1787992200000,77559,77559,77474.2,77545.1,157.9461
1787993100000,77545,77597.4,77501,77597.3,211.345
1787994000000,77597.4,77650,77487.7,77604.9,921.7059
1787994900000,77604.9,77627.3,77564.9,77589.9,139.1181
1787995800000,77589.9,77717.8,77589.9,77619.5,488.7084
1787996700000,77619.6,77637.8,77608.2,77612.1,133.682
1787997600000,77612,77612.1,77476,77546.3,252.8168
1787998500000,77546.4,77684.3,77546.3,77629.4,274.9819
1787999400000,77629.4,77687.4,77627.6,77643,179.2035
1788000300000,77643.1,77687.3,77600,77600,147.1668
1788001200000,77600.1,77686.9,77581.1,77686.9,96.2229
1788002100000,77686.9,77690,77639.3,77658.8,69.1293
1788003000000,77658.8,77667.5,77600,77602.6,106.2201
1788003900000,77602.6,77630,77530,77554.7,144.6269
1788004800000,77554.7,77589,77532,77571.7,95.3979
1788005700000,77571.7,77626.8,77505.5,77555,139.3951
1788006600000,77554.9,77564.6,77476.8,77550.7,151.2642
1788007500000,77550.7,77568.1,77512,77555.8,164.0622
1788008400000,77555.7,77630.6,77533.4,77617.8,144.1125
1788009300000,77617.8,77699.8,77605.3,77615.3,406.8874
1788010200000,77615.3,77680,77601.3,77628.2,122.9704
1788011100000,77628.3,77686.9,77620,77662.5,77.9522
1788012000000,77662.4,77688.8,77621.1,77647.2,168.5916
1788012900000,77647.2,77725.5,77630.3,77662.1,321.1075
1788013800000,77662.1,77992.8,77648.8,77886.1,1468.5356
1788014700000,77886.1,78125,77886.1,77975.2,1405.8688
1788015600000,77975.2,77982.7,77817.6,77910,679.7452
1788016500000,77910,77962,77823.6,77862.6,258.7127
1788017400000,77862.5,77862.5,77762.1,77795.3,349.5179
1788018300000,77795.3,77901.1,77765.1,77821.7,271.1496
1788019200000,77821.7,77953.8,77814.8,77953.7,353.4121
1788020100000,77953.7,78080,77867.7,77911.2,594.6707
1788021000000,77911.2,77997.8,77850,77979.8,262.1435
1788021900000,77980,78055,77951.2,77981,285.3855
1788022800000,77981,78044.9,77971.1,78011.7,166.0368
1788023700000,78011.7,78063.9,77945.2,77947.4,201.5163
1788024600000,77947.3,77995.1,77858,77976.3,183.6504
1788025500000,77976.3,78062.8,77950.9,78062.7,156.3085
1788026400000,78062.7,78119.9,78025.7,78029,242.5593
1788027300000,78029,78062.7,77982.8,78012.1,165.7
1788028200000,78012.1,78176.9,77975,78105.4,523.4577
1788029100000,78105.5,78239.8,78100,78117.6,492.7421
1788030000000,78117.6,78276.5,78117.5,78276.5,270.1284
1788030900000,78276.4,78299,78198.2,78212.5,366.1069
1788031800000,78212.5,78234.6,78151.6,78220,202.0903
1788032700000,78220,78232,78099.4,78152.4,180.92
1788033600000,78152.3,78264.9,78128.9,78194.3,169.3126
1788034500000,78194.2,78229.1,78136.8,78136.9,131.1016
1788035400000,78136.8,78136.8,78075.1,78093.4,190.0279
1788036300000,78093.3,78116.8,78071.4,78086.4,83.5401
1788037200000,78086.3,78155.9,78020,78110.5,320.1421
1788038100000,78110.5,78138.5,78061.1,78070.7,51.6242
1788039000000,78070.8,78091.9,78035,78066,82.0813
1788039900000,78065.9,78163.8,78065.9,78127.8,88.2357
1788040800000,78127.8,78183.4,78075.9,78103.2,164.3263
1788041700000,78103.1,78120,78050,78114.9,136.0757
1788042600000,78114.8,78143.8,78107.3,78138.5,80.6465
1788043500000,78138.5,78206.2,78138.5,78192.3,99.7265
1788044400000,78192.4,78217.9,78165.2,78204,135.1751
1788045300000,78204.1,78227,78158.2,78223.3,156.5821
1788046200000,78223.2,78236.7,78185,78185.1,148.8225
1788047100000,78185,78245,78185,78194.6,247.5517
1788048000000,78194.5,78194.6,78107.5,78137.5,192.4419
1788048900000,78137.4,78299,78137.4,78180.1,298.324
1788049800000,78180,78267.8,78150.9,78165.2,159.4464
1788050700000,78165.3,78217.6,78137.7,78138.6,97.2793
1788051600000,78138.6,78149.9,78019.1,78038.5,232.0052
1788052500000,78038.4,78039.6,77937,77979.7,481.3237
1788053400000,77979.8,78035.8,77950.3,78022.9,265.2945
1788054300000,78022.8,78098.9,78005.3,78041.7,197.2219
1788055200000,78041.7,78095.8,78028.6,78047.5,148.4649
1788056100000,78047.5,78058.8,77975,78003.7,252.2891
1788057000000,78003.8,78090,77971.8,78068.1,169.658
1788057900000,78068.1,78141.4,78045.7,78069.8,227.9714
1788058800000,78069.7,78095,78033.3,78045.1,141.8702
1788059700000,78045.2,78137.3,78025,78136,119.3559
1788060600000,78136,78198.7,78107,78155.8,298.6869
1788061500000,78155.7,78155.8,78104.3,78104.4,90.6579
1788062400000,78104.4,78188,78104.3,78128.6,134.8972
1788063300000,78128.6,78146.6,78059.1,78087.1,148.8573
1788064200000,78087.1,78087.1,77972.7,77984.6,214.8351
1788065100000,77984.7,78083.3,77950,78083.3,291.3674
1788066000000,78083.3,78191.1,78083.3,78122.8,245.8342
1788066900000,78122.7,78122.8,78101.3,78114,36.7353
1788067800000,78114,78114,78085.2,78093.3,54.6214
1788068700000,78093.3,78106.8,78088,78103.2,56.9796
1788069600000,78103.2,78119.9,78084.2,78097.8,69.8387
1788070500000,78097.8,78166,78097.7,78153,112.9407
1788071400000,78152.9,78267.5,78152.9,78208.9,361.9238
1788072300000,78208.8,78288,78195.5,78249.9,331.4758
1788073200000,78249.9,78263.9,78217.3,78223.7,150.0098
1788074100000,78223.7,78223.7,78188.9,78189.3,79.1049
1788075000000,78189.3,78189.3,78108.3,78110.5,230.773
1788075900000,78110.5,78127.7,78077.1,78083.5,203.6977
1788076800000,78083.6,78166.7,78083.5,78120.7,240.8111
1788077700000,78120.6,78172.2,78120,78124.3,95.8527
1788078600000,78124.3,78124.3,78005.1,78039.1,358.7252
1788079500000,78039,78061.6,78001.6,78047.6,159.3526
1788080400000,78047.5,78081,78040,78077.1,106.7068
1788081300000,78077.2,78096.8,77952,77964.8,374.7617
1788082200000,77964.7,78030.4,77960,78010.3,319.8804
1788083100000,78010.3,78034.3,77965.6,77972,128.9325
1788084000000,77972,78048.3,77916,77985.1,291.4613
1788084900000,77985,78095,77960,78015.3,396.1484
1788085800000,78015.4,78088.6,78012.5,78080.1,131.9674
1788086700000,78080.1,78120,78080,78110.4,139.3546
1788087600000,78110.5,78165.3,78110.4,78137.7,185.1681
1788088500000,78137.7,78188,78115.6,78188,130.1095
1788089400000,78188,78200,78108.9,78147.3,402.5162
1788090300000,78147.2,78151,78084,78137.4,192.6698
1788091200000,78137.4,78686.5,78137.4,78622.2,3843.9466
1788092100000,78622.2,78622.3,78451.1,78592.3,909.9212
1788093000000,78592.2,78819.8,78505.1,78616,1564.415
1788093900000,78616,78762.5,78550,78756.2,811.2428
1788094800000,78756.2,78800,78597.4,78600,567.8303
1788095700000,78600.1,78692.4,78550,78691.9,416.7879
1788096600000,78692,78782.1,78640.3,78755.2,371.6845
1788097500000,78755.1,78935.3,78755.1,78818.9,1353.4759
1788098400000,78818.9,78915,78732.8,78887.9,703.765
1788099300000,78887.9,78901.9,78760,78823.3,338.8649
1788100200000,78823.3,78902,78680.3,78725.8,373.6059
1788101100000,78725.8,78793.4,78681.8,78744.4,237.204
1788102000000,78744.4,78838.9,78611.7,78634.9,630.6616
1788102900000,78634.8,78800.5,78585,78745,551.8185
1788103800000,78745.1,78822,78741.2,78821.2,258.0856
1788104700000,78821.1,78860,78746.7,78786.4,363.3566
1788105600000,78786.4,79170,78700,79091.1,1928.0675
1788106500000,79091.2,79254.6,78968.9,78999.7,1516.5164
1788107400000,78999.8,79230,78980,79161.3,1100.2103
1788108300000,79161.2,79387.8,79103.6,79307.7,1557.6413
1788109200000,79307.7,79309.4,79100,79142.2,1090.7321
1788110100000,79142.2,79142.3,78726.7,78900.2,1569.9778
1788111000000,78900.2,79025.6,78842.2,79017.3,554.7797
1788111900000,79017.2,79049.3,78917.5,78989.4,341.4555
1788112800000,78989.4,79041.8,78730.8,78810,495.4057
1788113700000,78810,78980.3,78809.9,78977.6,210.1512
1788114600000,78977.6,79149.4,78977.6,79059.5,590.7671
1788115500000,79059.5,79059.6,78980.7,79006,188.5188
1788116400000,79005.9,79015.9,78905,78995,164.6416
1788117300000,78995,79000.5,78870.7,78880.1,199.7417
1788118200000,78880.1,78912,78741.4,78751.4,375.4471
1788119100000,78751.4,78839.5,78678.3,78828.7,282.6548
1788120000000,78828.6,78894.7,78810,78828.5,144.0384
1788120900000,78828.5,78902.3,78810,78810,115.4883
1788121800000,78810.1,78858.7,78368.8,78441.2,1131.9068
1788122700000,78441.2,78716,78441.2,78560,416.332
1788123600000,78560,78560.1,78178,78472,1749.6111
1788124500000,78472,78633.8,78437.5,78601.8,349.452
1788125400000,78601.8,78700,78555,78607.9,278.0642
1788126300000,78607.9,78654.1,78508.3,78616.5,248.6773
1788127200000,78616.6,78780,78488.1,78532.6,425.811
1788128100000,78532.6,78532.6,78268,78350.6,965.3578
1788129000000,78350.6,78516.9,78236.1,78426.8,405.3997
1788129900000,78426.9,78480,78342,78396.1,289.4272
1788130800000,78396,78425,78275,78334.3,495.8484
1788131700000,78334.2,78375.1,77603.2,77648.9,3579.5932
1788132600000,77649,77856,77306.4,77441.8,2212.6389
1788133500000,77441.8,77696.6,76916.6,77640.2,3191.4011
1788134400000,77640.3,77814,77398.1,77729.5,1701.9842
1788135300000,77729.6,77948.6,77681.3,77874.3,1026.5137
1788136200000,77874.3,78160,77848.4,77999.7,1057.4497
1788137100000,77999.8,78005,77879,77901.5,435.3607
1788138000000,77901.5,77968.8,77525.5,77619.3,1057.7649
1788138900000,77619.3,77819.9,77539.9,77744.7,593.9609
1788139800000,77744.6,77924.9,77616.1,77712.6,638.587
1788140700000,77712.5,77824.6,77585,77605.8,412.7242
1788141600000,77605.7,77977.7,77481.6,77916.8,1070.5812
1788142500000,77916.8,77927.6,77786,77838.8,573.2158
1788143400000,77838.9,77906.7,77669.4,77669.5,285.3159
1788144300000,77669.5,77732,77350,77438.1,1137.559
1788145200000,77438.1,77654.6,77355.5,77616.4,810.2726
1788146100000,77616.5,77720.4,77550,77688.9,346.8433
1788147000000,77688.9,77800,77632.4,77780.5,429.0657
1788147900000,77780.5,77831,77708.7,77718,473.1126
1788148800000,77718.1,77734.8,77533.9,77562.8,639.6308
1788149700000,77562.8,77570.4,77461.4,77485.3,610.9734
1788150600000,77485.2,77563,77424.8,77542.5,600.7747
1788151500000,77542.6,77637.5,77440.6,77590.1,537.8333
1788152400000,77590,77770.7,77477.5,77727.4,499.966
1788153300000,77727.5,78133.2,77725,77968.7,2114.3621
1788154200000,77968.7,78030,77830.7,77935.6,670.1412
1788155100000,77935.6,78031.3,77914.9,77980.1,308.2547
1788156000000,77980.1,78050,77826.1,77998.8,775.4449
1788156900000,77998.9,78085,77933.7,77988.1,501.3934
1788157800000,77988.2,78130,77887,78050.1,549.1281
1788158700000,78050,78098.8,77980,78050.5,556.1259
1788159600000,78050.4,78144.5,78000,78100,439.6126
1788160500000,78099.9,78290,78099.9,78179.8,951.8232
1788161400000,78179.9,78257.9,78091.1,78237.4,472.1418
1788162300000,78237.5,78254,78162.1,78164.4,271.9598
1788163200000,78164.5,78333.5,78012,78122.9,734.1689
1788164100000,78122.9,78128.8,77953,78061.2,698.5319
1788165000000,78061.3,78433.9,78037.7,78286.3,911.906
1788165900000,78286.4,78475.8,78275.6,78436.8,737.7197
1788166800000,78436.9,78790.9,78351.9,78611.3,1960.1593
1788167700000,78611.3,78765.6,78551.1,78615.9,949.9114
1788168600000,78615.9,78683.9,78559.9,78669.8,516.7545
1788169500000,78669.8,78778.9,78478,78483,779.8321
1788170400000,78483.1,78495.7,78266.2,78495.7,969.1389
1788171300000,78495.6,78495.6,78366.4,78413.1,432.6542
1788172200000,78413.1,78515.3,78343.5,78493.1,335.6114
1788173100000,78493,78721,78467.2,78681.6,700.4617
1788174000000,78681.6,78681.6,78526.3,78591.5,391.7928
1788174900000,78591.5,78609.1,78432.8,78452.4,430.026
1788175800000,78452.4,78452.4,78328,78357.8,477.2043
1788176700000,78357.8,78387.5,78260.8,78281.5,402.5171
1788177600000,78281.6,78510,78229.5,78381.1,1026.8218
1788178500000,78381.1,78448.1,78022.2,78055.2,1296.6316
1788179400000,78055.2,78137.4,77634.5,77854.9,2367.068
1788180300000,77855,77904,77740,77904,948.7892
1788181200000,77904,78178.9,77904,78052.1,1192.5566
1788182100000,78052.1,78062.9,77850.1,78019.9,637.1833
1788183000000,78019.9,78265.2,77803.1,77968.7,1923.0364
1788183900000,77968.7,78029.3,77689.9,77830,1790.4462
1788184800000,77830,78040.8,77771.1,77860.1,835.5275
1788185700000,77860.1,78068,77714.9,77997.9,973.6127
1788186600000,77997.9,78650,77940,78481.4,2930.0088
1788187500000,78481.4,78617.2,78337.9,78570.8,1451.1968
1788188400000,78571.1,78658.7,78273.5,78288.3,1274.2415
1788189300000,78288.2,78514.4,78168,78427.9,980.468
1788190200000,78427.9,78744.8,78366.8,78678.4,1184.8311
1788191100000,78678.4,78731.9,78494.6,78542.2,671.9906
1788192000000,78542.2,78765.1,78490.8,78632.6,732.8574
1788192900000,78632.5,78720,78470.3,78615.5,557.361
1788193800000,78615.5,78740,78529.9,78684,446.6107
1788194700000,78684.1,78855.1,78596,78596,980.7925
1788195600000,78595.9,78785,78575.3,78704,481.703
1788196500000,78704.1,78709.9,78459.5,78509.3,807.6554
1788197400000,78509.3,78999,78500,78872.1,1420.9714
1788198300000,78872,78929.8,78803.3,78863.8,590.4914
1788199200000,78863.8,78939.5,78738.6,78929.3,470.2274
1788200100000,78929.4,79064.8,78803,78872.9,922.349
1788201000000,78872.9,79200,78850.9,79147.8,844.7152
1788201900000,79147.8,79147.9,78950.1,78976.3,495.3631
1788202800000,78976.4,79238.9,78976.4,79143.9,502.6352
1788203700000,79143.9,79143.9,78990,79057.5,365.0838
1788204600000,79057.5,79110,78894.6,78944,375.1639
1788205500000,78944,79068.4,78814.4,78863.6,444.5287
1788206400000,78863.7,78940,78831,78938.8,234.7565
1788207300000,78938.8,79138.4,78884.5,78884.5,369.622
1788208200000,78884.6,78926.6,78751.6,78847.5,273.5311
1788209100000,78847.4,78890,78793.6,78823.3,270.9704
1788210000000,78823.3,78859.8,78692.7,78804.1,328.2854
1788210900000,78804,78940.4,78775.4,78921.8,384.2278
1788211800000,78921.8,79034.9,78921.8,79018.3,418.1158
1788212700000,79018.4,79038.8,78914,78920,209.363
1788213600000,78920,78975,78850,78850,258.1831
1788214500000,78850,78850.1,78700.2,78721.4,268.2518
1788215400000,78721.4,78727.1,78606.5,78620.1,368.099
1788216300000,78620.1,78620.1,78534.2,78552.2,300.911
1788217200000,78552.1,78552.2,78355,78416.6,633.3952
1788218100000,78416.6,78547.1,78416.5,78539.2,246.6877
1788219000000,78539.2,78555,78463.3,78526.2,208.0169
1788219900000,78526.2,78550,78510,78549.9,112.6535
